2030-01-01 00:00:00+00:00,35195.63718913848
2030-01-01 01:00:00+00:00,33865.54981928194
2030-01-01 02:00:00+00:00,33632.63662864191
2030-01-01 03:00:00+00:00,34531.42730155815
2030-01-01 04:00:00+00:00,38233.99930751002
2030-01-01 05:00:00+00:00,52725.67893109614
2030-01-01 06:00:00+00:00,77009.98015991642
2030-01-01 07:00:00+00:00,92818.49324149053
2030-01-01 08:00:00+00:00,87539.59045071124
2030-01-01 09:00:00+00:00,79785.40092609503
2030-01-01 10:00:00+00:00,75600.09703079882
2030-01-01 11:00:00+00:00,75018.5651326582
2030-01-01 12:00:00+00:00,76591.72038374406
2030-01-01 13:00:00+00:00,79529.10671048133
2030-01-01 14:00:00+00:00,82654.91422509619
2030-01-01 15:00:00+00:00,88217.82807660535
2030-01-01 16:00:00+00:00,95779.9412968457
2030-01-01 17:00:00+00:00,93821.58738564097
2030-01-01 18:00:00+00:00,83012.42062241094
2030-01-01 19:00:00+00:00,66875.346298935
2030-01-01 20:00:00+00:00,55223.63027894834
2030-01-01 21:00:00+00:00,48670.99214967935
2030-01-01 22:00:00+00:00,44710.03276825656
2030-01-01 23:00:00+00:00,39138.05540317517
2030-01-02 00:00:00+00:00,35513.677520951154
2030-01-02 01:00:00+00:00,33915.70932578631
2030-01-02 02:00:00+00:00,33555.56477663307
2030-01-02 03:00:00+00:00,34333.74091518021
2030-01-02 04:00:00+00:00,37849.14616281491
2030-01-02 05:00:00+00:00,51915.21977144839
2030-01-02 06:00:00+00:00,75712.8209361234
2030-01-02 07:00:00+00:00,91446.06206626019
2030-01-02 08:00:00+00:00,86402.97880398895
2030-01-02 09:00:00+00:00,79196.97151275704
2030-01-02 10:00:00+00:00,75672.85112558342
2030-01-02 11:00:00+00:00,75617.58653128392
2030-01-02 12:00:00+00:00,77580.46443048686
2030-01-02 13:00:00+00:00,80854.18900970936
2030-01-02 14:00:00+00:00,83761.58940665123
2030-01-02 15:00:00+00:00,88566.29906713672
2030-01-02 16:00:00+00:00,95224.23388319538
2030-01-02 17:00:00+00:00,93150.16921453817
2030-01-02 18:00:00+00:00,82724.35954705428
2030-01-02 19:00:00+00:00,67623.41465527703
2030-01-02 20:00:00+00:00,56136.95654849723
2030-01-02 21:00:00+00:00,49293.79849200956
2030-01-02 22:00:00+00:00,45235.14001975998
2030-01-02 23:00:00+00:00,39635.81089418125
2030-01-03 00:00:00+00:00,35732.27003173575
2030-01-03 01:00:00+00:00,33966.38308365276
2030-01-03 02:00:00+00:00,33489.21339021002
2030-01-03 03:00:00+00:00,34157.69790970199
2030-01-03 04:00:00+00:00,37419.148244928474
2030-01-03 05:00:00+00:00,50414.00304692046
2030-01-03 06:00:00+00:00,72442.2766068598
2030-01-03 07:00:00+00:00,87421.91751474055
2030-01-03 08:00:00+00:00,83496.51309582045
2030-01-03 09:00:00+00:00,77627.84196156407
2030-01-03 10:00:00+00:00,75365.49433440204
2030-01-03 11:00:00+00:00,75922.47222321735
2030-01-03 12:00:00+00:00,77864.57860401427
2030-01-03 13:00:00+00:00,81112.98694460445
2030-01-03 14:00:00+00:00,84477.36706539142
2030-01-03 15:00:00+00:00,89413.31187648694
2030-01-03 16:00:00+00:00,95417.5532927735
2030-01-03 17:00:00+00:00,93492.94173180198
2030-01-03 18:00:00+00:00,84755.35061313132
2030-01-03 19:00:00+00:00,70130.67401545815
2030-01-03 20:00:00+00:00,58299.94721416194
2030-01-03 21:00:00+00:00,51003.36026754348
2030-01-03 22:00:00+00:00,46505.24571915191
2030-01-03 23:00:00+00:00,40491.758901977235
2030-01-04 00:00:00+00:00,36296.10079168911
2030-01-04 01:00:00+00:00,34362.10291813003
2030-01-04 02:00:00+00:00,33799.12434364465
2030-01-04 03:00:00+00:00,34426.00814429986
2030-01-04 04:00:00+00:00,37559.25131680883
2030-01-04 05:00:00+00:00,49759.12033995367
2030-01-04 06:00:00+00:00,69911.8217089607
2030-01-04 07:00:00+00:00,83825.65046751942
2030-01-04 08:00:00+00:00,79407.170523207
2030-01-04 09:00:00+00:00,76245.9895397479
2030-01-04 10:00:00+00:00,78175.352032904
2030-01-04 11:00:00+00:00,82234.6869567802
2030-01-04 12:00:00+00:00,89040.17262306684
2030-01-04 13:00:00+00:00,94447.31785491364
2030-01-04 14:00:00+00:00,97157.25958448474
2030-01-04 15:00:00+00:00,97838.89979253817
2030-01-04 16:00:00+00:00,97112.8596684243
2030-01-04 17:00:00+00:00,93580.31348186282
2030-01-04 18:00:00+00:00,86136.98286956108
2030-01-04 19:00:00+00:00,73741.45352160196
2030-01-04 20:00:00+00:00,62378.49815616856
2030-01-04 21:00:00+00:00,54105.66173199344
2030-01-04 22:00:00+00:00,49720.53655221809
2030-01-04 23:00:00+00:00,44661.290950058865
2030-01-05 00:00:00+00:00,40159.84212135436
2030-01-05 01:00:00+00:00,37092.615002752726
2030-01-05 02:00:00+00:00,35468.42958333046
2030-01-05 03:00:00+00:00,35247.552787338835
2030-01-05 04:00:00+00:00,36596.00896892366
2030-01-05 05:00:00+00:00,40813.90865221259
2030-01-05 06:00:00+00:00,45011.93204529907
2030-01-05 07:00:00+00:00,51901.26990874735
2030-01-05 08:00:00+00:00,61827.27473677652
2030-01-05 09:00:00+00:00,73298.9155483833
2030-01-05 10:00:00+00:00,80772.57932208962
2030-01-05 11:00:00+00:00,82880.6650661563
2030-01-05 12:00:00+00:00,82114.29363152815
2030-01-05 13:00:00+00:00,82663.42314014384
2030-01-05 14:00:00+00:00,82314.39200158206
2030-01-05 15:00:00+00:00,77952.46248781783
2030-01-05 16:00:00+00:00,75156.01103729907
2030-01-05 17:00:00+00:00,74015.24197813025
2030-01-05 18:00:00+00:00,70218.76034818967
2030-01-05 19:00:00+00:00,61122.17094525328
2030-01-05 20:00:00+00:00,53810.232540033314
2030-01-05 21:00:00+00:00,47973.56714561294
2030-01-05 22:00:00+00:00,45317.190437167366
2030-01-05 23:00:00+00:00,42796.56945154473
2030-01-06 00:00:00+00:00,39488.66347126308
2030-01-06 01:00:00+00:00,36429.35041102228
2030-01-06 02:00:00+00:00,33858.134283321466
2030-01-06 03:00:00+00:00,33008.261245125876
2030-01-06 04:00:00+00:00,33117.97647273331
2030-01-06 05:00:00+00:00,34686.75484220016
2030-01-06 06:00:00+00:00,35950.24103801814
2030-01-06 07:00:00+00:00,38764.5428822348
2030-01-06 08:00:00+00:00,45351.39257818189
2030-01-06 09:00:00+00:00,56127.789430305995
2030-01-06 10:00:00+00:00,67348.82746304726
2030-01-06 11:00:00+00:00,74875.02974464462
2030-01-06 12:00:00+00:00,76956.14695112965
2030-01-06 13:00:00+00:00,79419.26128443323
2030-01-06 14:00:00+00:00,82126.35883141233
2030-01-06 15:00:00+00:00,80427.18402367966
2030-01-06 16:00:00+00:00,80664.72324522196
2030-01-06 17:00:00+00:00,82249.92279655888
2030-01-06 18:00:00+00:00,77825.49698704974
2030-01-06 19:00:00+00:00,69415.13184817616
2030-01-06 20:00:00+00:00,60461.21491625551
2030-01-06 21:00:00+00:00,52010.050646387586
2030-01-06 22:00:00+00:00,45313.04235185373
2030-01-06 23:00:00+00:00,39713.37782246105
2030-01-07 00:00:00+00:00,35910.758075401245
2030-01-07 01:00:00+00:00,34175.2665104053
2030-01-07 02:00:00+00:00,33837.54850891669
2030-01-07 03:00:00+00:00,35307.98876717086
2030-01-07 04:00:00+00:00,40319.073267390246
2030-01-07 05:00:00+00:00,55902.56795567794
2030-01-07 06:00:00+00:00,78280.16299914799
2030-01-07 07:00:00+00:00,91080.55769369774
2030-01-07 08:00:00+00:00,85340.66880325206
2030-01-07 09:00:00+00:00,78773.8892358878
2030-01-07 10:00:00+00:00,76335.32397689461
2030-01-07 11:00:00+00:00,76206.19845409419
2030-01-07 12:00:00+00:00,76776.37941480942
2030-01-07 13:00:00+00:00,78655.44686240914
2030-01-07 14:00:00+00:00,80883.81158351529
2030-01-07 15:00:00+00:00,85320.69884139307
2030-01-07 16:00:00+00:00,91898.32357714584
2030-01-07 17:00:00+00:00,89808.50827676075
2030-01-07 18:00:00+00:00,78868.79373893364
2030-01-07 19:00:00+00:00,63999.21102667334
2030-01-07 20:00:00+00:00,53658.702678407506
2030-01-07 21:00:00+00:00,47419.1395893122
2030-01-07 22:00:00+00:00,43441.672952700916
2030-01-07 23:00:00+00:00,38169.78327045361
2030-01-08 00:00:00+00:00,34997.70298304742
2030-01-08 01:00:00+00:00,33693.90483641909
2030-01-08 02:00:00+00:00,33453.506814237495
2030-01-08 03:00:00+00:00,34302.28984548798
2030-01-08 04:00:00+00:00,37853.306713947015
2030-01-08 05:00:00+00:00,51717.11439984803
2030-01-08 06:00:00+00:00,74901.3094149274
2030-01-08 07:00:00+00:00,89918.7063339593
2030-01-08 08:00:00+00:00,84838.82951930739
2030-01-08 09:00:00+00:00,77444.97204224762
2030-01-08 10:00:00+00:00,73620.74203441308
2030-01-08 11:00:00+00:00,73294.50903431555
2030-01-08 12:00:00+00:00,74936.25748828262
2030-01-08 13:00:00+00:00,77929.63810068171
2030-01-08 14:00:00+00:00,81053.08401272871
2030-01-08 15:00:00+00:00,86515.69930850143
2030-01-08 16:00:00+00:00,93861.43208572755
2030-01-08 17:00:00+00:00,92077.2728769766
2030-01-08 18:00:00+00:00,81665.0704206545
2030-01-08 19:00:00+00:00,65973.50569059598
2030-01-08 20:00:00+00:00,54660.0532878161
2030-01-08 21:00:00+00:00,48294.15575629463
2030-01-08 22:00:00+00:00,44432.51479391031
2030-01-08 23:00:00+00:00,38973.06346172023
2030-01-09 00:00:00+00:00,35415.48260374041
2030-01-09 01:00:00+00:00,33859.051784119256
2030-01-09 02:00:00+00:00,33515.8982987699
2030-01-09 03:00:00+00:00,34305.52390910267
2030-01-09 04:00:00+00:00,37843.22974668804
2030-01-09 05:00:00+00:00,51966.99239285016
2030-01-09 06:00:00+00:00,75949.01832001893
2030-01-09 07:00:00+00:00,91945.70605897547
2030-01-09 08:00:00+00:00,87135.51709047463
2030-01-09 09:00:00+00:00,80049.34958364967
2030-01-09 10:00:00+00:00,76499.47082077283
2030-01-09 11:00:00+00:00,76407.11984550058
2030-01-09 12:00:00+00:00,78386.2970461588
2030-01-09 13:00:00+00:00,81799.61328351969
2030-01-09 14:00:00+00:00,84940.90827410197
2030-01-09 15:00:00+00:00,90225.15923870396
2030-01-09 16:00:00+00:00,97583.81203856725
2030-01-09 17:00:00+00:00,96075.32333622084
2030-01-09 18:00:00+00:00,85563.69902995553
2030-01-09 19:00:00+00:00,69861.70617666155
2030-01-09 20:00:00+00:00,57809.343405543805
2030-01-09 21:00:00+00:00,50637.4051408765
2030-01-09 22:00:00+00:00,46348.4293556802
2030-01-09 23:00:00+00:00,40402.7038790325
2030-01-10 00:00:00+00:00,36240.43627767204
2030-01-10 01:00:00+00:00,34355.689157768546
2030-01-10 02:00:00+00:00,33848.883311986065
2030-01-10 03:00:00+00:00,34567.53518708086
2030-01-10 04:00:00+00:00,38067.68026192832
2030-01-10 05:00:00+00:00,51990.44727676187
2030-01-10 06:00:00+00:00,75568.82243808746
2030-01-10 07:00:00+00:00,91577.75755689341
2030-01-10 08:00:00+00:00,87293.43309537235
2030-01-10 09:00:00+00:00,80901.92410767358
2030-01-10 10:00:00+00:00,78364.75966121598
2030-01-10 11:00:00+00:00,78858.57011913188
2030-01-10 12:00:00+00:00,80783.23363019324
2030-01-10 13:00:00+00:00,84129.81811559976
2030-01-10 14:00:00+00:00,87583.33576908911
2030-01-10 15:00:00+00:00,92724.32321836158
2030-01-10 16:00:00+00:00,99058.1572009323
2030-01-10 17:00:00+00:00,97085.6114225526
2030-01-10 18:00:00+00:00,87913.37221131971
2030-01-10 19:00:00+00:00,72502.5674787548
2030-01-10 20:00:00+00:00,60046.200708801385
2030-01-10 21:00:00+00:00,52355.53635666373
2030-01-10 22:00:00+00:00,47593.103269063
2030-01-10 23:00:00+00:00,41224.85264460931
2030-01-11 00:00:00+00:00,36773.44133482211
2030-01-11 01:00:00+00:00,34730.56653958498
2030-01-11 02:00:00+00:00,34136.26600857273
2030-01-11 03:00:00+00:00,34802.966464574434
2030-01-11 04:00:00+00:00,38136.159322770654
2030-01-11 05:00:00+00:00,51060.27427776135
2030-01-11 06:00:00+00:00,72438.5017101847
2030-01-11 07:00:00+00:00,87203.87252611913
2030-01-11 08:00:00+00:00,82486.35755688719
2030-01-11 09:00:00+00:00,79092.04198962558
2030-01-11 10:00:00+00:00,80947.77566787414
2030-01-11 11:00:00+00:00,84960.25544579046
2030-01-11 12:00:00+00:00,91845.42761198059
2030-01-11 13:00:00+00:00,97260.77092444795
2030-01-11 14:00:00+00:00,99870.32740299436
2030-01-11 15:00:00+00:00,100505.41111842687
2030-01-11 16:00:00+00:00,99833.0633306191
2030-01-11 17:00:00+00:00,96351.09090829494
2030-01-11 18:00:00+00:00,88700.25422096283
2030-01-11 19:00:00+00:00,75803.75242066424
2030-01-11 20:00:00+00:00,63947.566813785925
2030-01-11 21:00:00+00:00,55328.88592400852
2030-01-11 22:00:00+00:00,50750.64616620373
2030-01-11 23:00:00+00:00,45460.16022767311
2030-01-12 00:00:00+00:00,40733.93852587526
2030-01-12 01:00:00+00:00,37514.77691024503
2030-01-12 02:00:00+00:00,35817.327807052476
2030-01-12 03:00:00+00:00,35585.899325855964
2030-01-12 04:00:00+00:00,37019.68718333063
2030-01-12 05:00:00+00:00,41461.312660511656
2030-01-12 06:00:00+00:00,45885.821419532025
2030-01-12 07:00:00+00:00,53143.35849075614
2030-01-12 08:00:00+00:00,63559.225740443646
2030-01-12 09:00:00+00:00,75666.18349466365
2030-01-12 10:00:00+00:00,83658.6979275787
2030-01-12 11:00:00+00:00,85817.51042092546
2030-01-12 12:00:00+00:00,84977.12362273816
2030-01-12 13:00:00+00:00,85550.55993728357
2030-01-12 14:00:00+00:00,85217.02832609128
2030-01-12 15:00:00+00:00,80657.4731845121
2030-01-12 16:00:00+00:00,77781.30046969402
2030-01-12 17:00:00+00:00,76695.73845683153
2030-01-12 18:00:00+00:00,72742.57314681303
2030-01-12 19:00:00+00:00,63098.2243813015
2030-01-12 20:00:00+00:00,55342.129755530455
2030-01-12 21:00:00+00:00,49165.24434656328
2030-01-12 22:00:00+00:00,46326.146400720456
2030-01-12 23:00:00+00:00,43623.56530722689
2030-01-13 00:00:00+00:00,40126.262789027925
2030-01-13 01:00:00+00:00,36878.003317121395
2030-01-13 02:00:00+00:00,34153.40624397183
2030-01-13 03:00:00+00:00,33249.604045323525
2030-01-13 04:00:00+00:00,33362.51393044382
2030-01-13 05:00:00+00:00,35022.05177354311
2030-01-13 06:00:00+00:00,36351.38612078039
2030-01-13 07:00:00+00:00,39303.162034787165
2030-01-13 08:00:00+00:00,46235.93662019616
2030-01-13 09:00:00+00:00,57546.73979467743
2030-01-13 10:00:00+00:00,69305.15874404387
2030-01-13 11:00:00+00:00,77237.83052508195
2030-01-13 12:00:00+00:00,79430.15173352529
2030-01-13 13:00:00+00:00,82122.78668668089
2030-01-13 14:00:00+00:00,85013.48223760149
2030-01-13 15:00:00+00:00,83273.08321495423
2030-01-13 16:00:00+00:00,83602.53394937002
2030-01-13 17:00:00+00:00,85462.80447573905
2030-01-13 18:00:00+00:00,80837.74902127591
2030-01-13 19:00:00+00:00,71953.50286725581
2030-01-13 20:00:00+00:00,62486.65205879212
2030-01-13 21:00:00+00:00,53492.37163920464
2030-01-13 22:00:00+00:00,46384.96380997987
2030-01-13 23:00:00+00:00,40435.8252269435
2030-01-14 00:00:00+00:00,36389.98190213623
2030-01-14 01:00:00+00:00,34541.47549692233
2030-01-14 02:00:00+00:00,34183.530364200684
2030-01-14 03:00:00+00:00,35743.52545250604
2030-01-14 04:00:00+00:00,41046.71473933156
2030-01-14 05:00:00+00:00,57572.15660445742
2030-01-14 06:00:00+00:00,81254.17683674119
2030-01-14 07:00:00+00:00,94796.1689134633
2030-01-14 08:00:00+00:00,88686.18685129841
2030-01-14 09:00:00+00:00,81728.98042727247
2030-01-14 10:00:00+00:00,79191.75105916601
2030-01-14 11:00:00+00:00,79013.54124233911
2030-01-14 12:00:00+00:00,79542.96018102077
2030-01-14 13:00:00+00:00,81465.02980272275
2030-01-14 14:00:00+00:00,83798.12027957017
2030-01-14 15:00:00+00:00,88486.67449875426
2030-01-14 16:00:00+00:00,95522.28363562119
2030-01-14 17:00:00+00:00,93467.60585621251
2030-01-14 18:00:00+00:00,81898.660876448
2030-01-14 19:00:00+00:00,66127.90669240055
2030-01-14 20:00:00+00:00,55192.1766299875
2030-01-14 21:00:00+00:00,48591.27029073096
2030-01-14 22:00:00+00:00,44355.132230967334
2030-01-14 23:00:00+00:00,38755.97419727221
2030-01-15 00:00:00+00:00,35400.150095111036
2030-01-15 01:00:00+00:00,34024.3622714392
2030-01-15 02:00:00+00:00,33777.24495667569
2030-01-15 03:00:00+00:00,34693.215572341425
2030-01-15 04:00:00+00:00,38504.583250073156
2030-01-15 05:00:00+00:00,53412.55333807412
2030-01-15 06:00:00+00:00,78457.75103118156
2030-01-15 07:00:00+00:00,94828.77990158078
2030-01-15 08:00:00+00:00,89476.31609885093
2030-01-15 09:00:00+00:00,81553.12389960565
2030-01-15 10:00:00+00:00,77292.2936716053
2030-01-15 11:00:00+00:00,76758.43504697154
2030-01-15 12:00:00+00:00,78387.40975404865
2030-01-15 13:00:00+00:00,81439.57243415317
2030-01-15 14:00:00+00:00,84718.53090686875
2030-01-15 15:00:00+00:00,90555.6176559057
2030-01-15 16:00:00+00:00,98603.7978609442
2030-01-15 17:00:00+00:00,96916.76218816939
2030-01-15 18:00:00+00:00,85848.44303493327
2030-01-15 19:00:00+00:00,69059.79731092227
2030-01-15 20:00:00+00:00,56828.61741026726
2030-01-15 21:00:00+00:00,49929.05343126265
2030-01-15 22:00:00+00:00,45712.78539090611
2030-01-15 23:00:00+00:00,39802.02878711966
2030-01-16 00:00:00+00:00,35962.43940943483
2030-01-16 01:00:00+00:00,34277.47810189281
2030-01-16 02:00:00+00:00,33897.25770630468
2030-01-16 03:00:00+00:00,34728.22936386467
2030-01-16 04:00:00+00:00,38480.92939150999
2030-01-16 05:00:00+00:00,53487.34801336722
2030-01-16 06:00:00+00:00,78949.23611690577
2030-01-16 07:00:00+00:00,95847.8308624106
2030-01-16 08:00:00+00:00,90612.5623460973
2030-01-16 09:00:00+00:00,82974.64541901938
2030-01-16 10:00:00+00:00,79236.82984499208
2030-01-16 11:00:00+00:00,79274.83034941772
2030-01-16 12:00:00+00:00,81448.78364446433
2030-01-16 13:00:00+00:00,85129.56949102951
2030-01-16 14:00:00+00:00,88399.8908542433
2030-01-16 15:00:00+00:00,93879.44184460456
2030-01-16 16:00:00+00:00,101335.30880127598
2030-01-16 17:00:00+00:00,99290.69847519905
2030-01-16 18:00:00+00:00,88059.29295529395
2030-01-16 19:00:00+00:00,71560.34940135152
2030-01-16 20:00:00+00:00,58984.53879791243
2030-01-16 21:00:00+00:00,51477.947903100816
2030-01-16 22:00:00+00:00,47013.3948557373
2030-01-16 23:00:00+00:00,40822.09290254212
2030-01-17 00:00:00+00:00,36500.6119448518
2030-01-17 01:00:00+00:00,34542.48417899532
2030-01-17 02:00:00+00:00,34010.539767907794
2030-01-17 03:00:00+00:00,34745.31845018615
2030-01-17 04:00:00+00:00,38336.18240459301
2030-01-17 05:00:00+00:00,52654.723215385115
2030-01-17 06:00:00+00:00,76840.85859001745
2030-01-17 07:00:00+00:00,93257.6979326283
2030-01-17 08:00:00+00:00,88844.25563588305
2030-01-17 09:00:00+00:00,82190.63571406595
2030-01-17 10:00:00+00:00,79536.34699235678
2030-01-17 11:00:00+00:00,79983.67608669178
2030-01-17 12:00:00+00:00,81972.78720898613
2030-01-17 13:00:00+00:00,85360.74292582687
2030-01-17 14:00:00+00:00,88950.79997166441
2030-01-17 15:00:00+00:00,94190.15820488104
2030-01-17 16:00:00+00:00,100719.1574118752
2030-01-17 17:00:00+00:00,98686.61734617723
2030-01-17 18:00:00+00:00,89295.18789291171
2030-01-17 19:00:00+00:00,73476.01626396383
2030-01-17 20:00:00+00:00,60705.79165356089
2030-01-17 21:00:00+00:00,52816.81502274356
2030-01-17 22:00:00+00:00,47949.59949760642
2030-01-17 23:00:00+00:00,41446.12430148005
2030-01-18 00:00:00+00:00,36910.39205474888
2030-01-18 01:00:00+00:00,34821.78528576337
2030-01-18 02:00:00+00:00,34218.214005590555
2030-01-18 03:00:00+00:00,34902.36919803021
2030-01-18 04:00:00+00:00,38292.10138804731
2030-01-18 05:00:00+00:00,51486.076582617025
2030-01-18 06:00:00+00:00,73315.67914556291
2030-01-18 07:00:00+00:00,88437.05089189029
2030-01-18 08:00:00+00:00,83702.06497486345
2030-01-18 09:00:00+00:00,80316.37839161625
2030-01-18 10:00:00+00:00,82464.90558588725
2030-01-18 11:00:00+00:00,86922.7541203677
2030-01-18 12:00:00+00:00,94479.18784361209
2030-01-18 13:00:00+00:00,100391.67224639507
2030-01-18 14:00:00+00:00,103370.13376393207
2030-01-18 15:00:00+00:00,104014.54653546582
2030-01-18 16:00:00+00:00,102999.39959718083
2030-01-18 17:00:00+00:00,99009.4934021693
2030-01-18 18:00:00+00:00,90855.43777704358
2030-01-18 19:00:00+00:00,77341.74158425815
2030-01-18 20:00:00+00:00,65005.74577384661
2030-01-18 21:00:00+00:00,56061.58738377604
2030-01-18 22:00:00+00:00,51320.38388315294
2030-01-18 23:00:00+00:00,45867.05396102484
2030-01-19 00:00:00+00:00,41023.490410705104
2030-01-19 01:00:00+00:00,37732.27491305919
2030-01-19 02:00:00+00:00,35990.42147848992
2030-01-19 03:00:00+00:00,35745.71653755381
2030-01-19 04:00:00+00:00,37188.06535228085
2030-01-19 05:00:00+00:00,41705.75699203418
2030-01-19 06:00:00+00:00,46206.98132532229
2030-01-19 07:00:00+00:00,53601.820935388976
2030-01-19 08:00:00+00:00,64223.26540599847
2030-01-19 09:00:00+00:00,76574.40522059592
2030-01-19 10:00:00+00:00,84744.81158701448
2030-01-19 11:00:00+00:00,87058.27400212713
2030-01-19 12:00:00+00:00,86336.42736030107
2030-01-19 13:00:00+00:00,86967.15510346543
2030-01-19 14:00:00+00:00,86598.21121112227
2030-01-19 15:00:00+00:00,81880.13982376624
2030-01-19 16:00:00+00:00,78824.35645923126
2030-01-19 17:00:00+00:00,77584.00389437651
2030-01-19 18:00:00+00:00,73464.5813199851
2030-01-19 19:00:00+00:00,63620.045483315254
2030-01-19 20:00:00+00:00,55720.42812130569
2030-01-19 21:00:00+00:00,49442.697531177684
2030-01-19 22:00:00+00:00,46564.681729038995
2030-01-19 23:00:00+00:00,43816.973615687435
2030-01-20 00:00:00+00:00,40259.55449185715
2030-01-20 01:00:00+00:00,36965.99923546747
2030-01-20 02:00:00+00:00,34205.24159672485
2030-01-20 03:00:00+00:00,33290.20648863183
2030-01-20 04:00:00+00:00,33400.28740958661
2030-01-20 05:00:00+00:00,35065.67350734874
2030-01-20 06:00:00+00:00,36400.923235654474
2030-01-20 07:00:00+00:00,39371.564091689375
2030-01-20 08:00:00+00:00,46325.45122337095
2030-01-20 09:00:00+00:00,57696.91425579311
2030-01-20 10:00:00+00:00,69695.81553068374
2030-01-20 11:00:00+00:00,77867.13241133091
2030-01-20 12:00:00+00:00,80265.0401913247
2030-01-20 13:00:00+00:00,83060.28627446828
2030-01-20 14:00:00+00:00,85985.62072745661
2030-01-20 15:00:00+00:00,84165.18069240828
2030-01-20 16:00:00+00:00,84403.12654985796
2030-01-20 17:00:00+00:00,86173.71897326178
2030-01-20 18:00:00+00:00,81459.68903724362
2030-01-20 19:00:00+00:00,72447.49827245547
2030-01-20 20:00:00+00:00,62855.85392772055
2030-01-20 21:00:00+00:00,53759.20361728321
2030-01-20 22:00:00+00:00,46560.28892831226
2030-01-20 23:00:00+00:00,40551.77009243139
2030-01-21 00:00:00+00:00,36460.694691154604
2030-01-21 01:00:00+00:00,34594.101782377205
2030-01-21 02:00:00+00:00,34236.36602935121
2030-01-21 03:00:00+00:00,35812.402089833224
2030-01-21 04:00:00+00:00,41174.77928392952
2030-01-21 05:00:00+00:00,57864.52779830414
2030-01-21 06:00:00+00:00,81828.45532777002
2030-01-21 07:00:00+00:00,95557.10817573412
2030-01-21 08:00:00+00:00,89352.13382580526
2030-01-21 09:00:00+00:00,82307.21394574059
2030-01-21 10:00:00+00:00,79714.85858739588
2030-01-21 11:00:00+00:00,79621.07690719685
2030-01-21 12:00:00+00:00,80265.94674063407
2030-01-21 13:00:00+00:00,82305.26048085748
2030-01-21 14:00:00+00:00,84722.63684242086
2030-01-21 15:00:00+00:00,89527.68439354305
2030-01-21 16:00:00+00:00,96628.53092351368
2030-01-21 17:00:00+00:00,94373.38932171933
2030-01-21 18:00:00+00:00,82677.07978657034
2030-01-21 19:00:00+00:00,66689.97231737262
2030-01-21 20:00:00+00:00,55569.93335615869
2030-01-21 21:00:00+00:00,48859.299842774366
2030-01-21 22:00:00+00:00,44602.76256109253
2030-01-21 23:00:00+00:00,38916.24221552591
2030-01-22 00:00:00+00:00,35504.35388758443
2030-01-22 01:00:00+00:00,34102.21453860114
2030-01-22 02:00:00+00:00,33850.63951224347
2030-01-22 03:00:00+00:00,34770.10035740325
2030-01-22 04:00:00+00:00,38600.742644215294
2030-01-22 05:00:00+00:00,53601.86863092872
2030-01-22 06:00:00+00:00,78734.33821540637
2030-01-22 07:00:00+00:00,95052.42848768651
2030-01-22 08:00:00+00:00,89588.02591181756
2030-01-22 09:00:00+00:00,81615.48530267745
2030-01-22 10:00:00+00:00,77429.12928876893
2030-01-22 11:00:00+00:00,76970.2664373236
2030-01-22 12:00:00+00:00,78714.72694717333
2030-01-22 13:00:00+00:00,81865.5548672537
2030-01-22 14:00:00+00:00,85131.32913379803
2030-01-22 15:00:00+00:00,90885.3090585415
2030-01-22 16:00:00+00:00,98604.48880126873
2030-01-22 17:00:00+00:00,96499.50327472448
2030-01-22 18:00:00+00:00,85201.2863868765
2030-01-22 19:00:00+00:00,68383.71773606687
2030-01-22 20:00:00+00:00,56276.32462832564
2030-01-22 21:00:00+00:00,49443.80198707727
2030-01-22 22:00:00+00:00,45310.943936740594
2030-01-22 23:00:00+00:00,39525.516741554864
2030-01-23 00:00:00+00:00,35769.793530560055
2030-01-23 01:00:00+00:00,34124.91262304704
2030-01-23 02:00:00+00:00,33752.32803427866
2030-01-23 03:00:00+00:00,34566.19948228433
2030-01-23 04:00:00+00:00,38234.31451169884
2030-01-23 05:00:00+00:00,52916.44451186127
2030-01-23 06:00:00+00:00,77876.07231725009
2030-01-23 07:00:00+00:00,94493.58258548754
2030-01-23 08:00:00+00:00,89418.04787505812
2030-01-23 09:00:00+00:00,82008.22468536677
2030-01-23 10:00:00+00:00,78414.7679140388
2030-01-23 11:00:00+00:00,78557.16835355668
2030-01-23 12:00:00+00:00,80829.07434431171
2030-01-23 13:00:00+00:00,84515.27466773507
2030-01-23 14:00:00+00:00,87825.53503998193
2030-01-23 15:00:00+00:00,93303.68028541454
2030-01-23 16:00:00+00:00,100695.72618527018
2030-01-23 17:00:00+00:00,98745.614190757
2030-01-23 18:00:00+00:00,87566.89919949044
2030-01-23 19:00:00+00:00,71161.96537408809
2030-01-23 20:00:00+00:00,58682.908476291115
2030-01-23 21:00:00+00:00,51235.61468019781
2030-01-23 22:00:00+00:00,46786.78823576282
2030-01-23 23:00:00+00:00,40665.49495332018
2030-01-24 00:00:00+00:00,36400.635367473544
2030-01-24 01:00:00+00:00,34469.85666069777
2030-01-24 02:00:00+00:00,33943.205773920796
2030-01-24 03:00:00+00:00,34667.02493781657
2030-01-24 04:00:00+00:00,38220.65164013643
2030-01-24 05:00:00+00:00,52372.90978373415
2030-01-24 06:00:00+00:00,76360.77044431843
2030-01-24 07:00:00+00:00,92696.10019271792
2030-01-24 08:00:00+00:00,88395.47575202653
2030-01-24 09:00:00+00:00,81935.32682017106
2030-01-24 10:00:00+00:00,79423.98814124617
2030-01-24 11:00:00+00:00,79840.9070521299
2030-01-24 12:00:00+00:00,81854.16147040218
2030-01-24 13:00:00+00:00,85291.74025761068
2030-01-24 14:00:00+00:00,88871.63988878614
2030-01-24 15:00:00+00:00,94136.41363750244
2030-01-24 16:00:00+00:00,100686.75747263661
2030-01-24 17:00:00+00:00,98777.28488350048
2030-01-24 18:00:00+00:00,89424.4628230601
2030-01-24 19:00:00+00:00,73681.7148890973
2030-01-24 20:00:00+00:00,60900.66286344082
2030-01-24 21:00:00+00:00,53041.72337075951
2030-01-24 22:00:00+00:00,48103.71537498557
2030-01-24 23:00:00+00:00,41552.428183203876
2030-01-25 00:00:00+00:00,36984.1378736078
2030-01-25 01:00:00+00:00,34876.33638860257
2030-01-25 02:00:00+00:00,34259.66810858694
2030-01-25 03:00:00+00:00,34941.465489056354
2030-01-25 04:00:00+00:00,38336.95659686414
2030-01-25 05:00:00+00:00,51543.20549969725
2030-01-25 06:00:00+00:00,73338.24068804934
2030-01-25 07:00:00+00:00,88333.24005680229
2030-01-25 08:00:00+00:00,83410.88275732698
2030-01-25 09:00:00+00:00,79871.05058776935
2030-01-25 10:00:00+00:00,81836.41511475331
2030-01-25 11:00:00+00:00,86137.52771922386
2030-01-25 12:00:00+00:00,93461.1367864307
2030-01-25 13:00:00+00:00,99212.41579569947
2030-01-25 14:00:00+00:00,102070.08403623148
2030-01-25 15:00:00+00:00,102644.58386324767
2030-01-25 16:00:00+00:00,101627.96562470557
2030-01-25 17:00:00+00:00,97703.47329048529
2030-01-25 18:00:00+00:00,89720.84521391366
2030-01-25 19:00:00+00:00,76460.99487249613
2030-01-25 20:00:00+00:00,64339.82145992919
2030-01-25 21:00:00+00:00,55567.51183952184
2030-01-25 22:00:00+00:00,50891.98012557864
2030-01-25 23:00:00+00:00,45534.62705862556
2030-01-26 00:00:00+00:00,40763.909055118136
2030-01-26 01:00:00+00:00,37534.254480494026
2030-01-26 02:00:00+00:00,35823.728290935
2030-01-26 03:00:00+00:00,35576.37659931753
2030-01-26 04:00:00+00:00,36984.898026025425
2030-01-26 05:00:00+00:00,41398.65303159045
2030-01-26 06:00:00+00:00,45810.496641774975
2030-01-26 07:00:00+00:00,53072.475543189394
2030-01-26 08:00:00+00:00,63514.62365951682
2030-01-26 09:00:00+00:00,75559.9793664583
2030-01-26 10:00:00+00:00,83308.5990299367
2030-01-26 11:00:00+00:00,85304.98055063319
2030-01-26 12:00:00+00:00,84343.64734013712
2030-01-26 13:00:00+00:00,84858.75297749213
2030-01-26 14:00:00+00:00,84442.00572537488
2030-01-26 15:00:00+00:00,79891.7487205228
2030-01-26 16:00:00+00:00,76926.19522599639
2030-01-26 17:00:00+00:00,75696.51893191155
2030-01-26 18:00:00+00:00,71662.7998781458
2030-01-26 19:00:00+00:00,62146.65963885695
2030-01-26 20:00:00+00:00,54500.61656926531
2030-01-26 21:00:00+00:00,48441.01548726737
2030-01-26 22:00:00+00:00,45624.558141100635
2030-01-26 23:00:00+00:00,42975.37197853067
2030-01-27 00:00:00+00:00,39577.41777906282
2030-01-27 01:00:00+00:00,36455.113718595705
2030-01-27 02:00:00+00:00,33852.91886378279
2030-01-27 03:00:00+00:00,32982.58990246909
2030-01-27 04:00:00+00:00,33082.399821551204
2030-01-27 05:00:00+00:00,34646.70723107335
2030-01-27 06:00:00+00:00,35913.88005029042
2030-01-27 07:00:00+00:00,38730.18567444372
2030-01-27 08:00:00+00:00,45346.7484292752
2030-01-27 09:00:00+00:00,56214.41473599381
2030-01-27 10:00:00+00:00,67664.42098999779
2030-01-27 11:00:00+00:00,75433.61061801035
2030-01-27 12:00:00+00:00,77629.10620179622
2030-01-27 13:00:00+00:00,80241.04657962798
2030-01-27 14:00:00+00:00,83178.466171527
2030-01-27 15:00:00+00:00,81582.32633112125
2030-01-27 16:00:00+00:00,81964.77634226628
2030-01-27 17:00:00+00:00,83815.96718109763
2030-01-27 18:00:00+00:00,79441.37064794566
2030-01-27 19:00:00+00:00,70818.01801706981
2030-01-27 20:00:00+00:00,61637.761758471686
2030-01-27 21:00:00+00:00,52898.387300673974
2030-01-27 22:00:00+00:00,45971.48173608953
2030-01-27 23:00:00+00:00,40165.172029062385
2030-01-28 00:00:00+00:00,36214.22638813404
2030-01-28 01:00:00+00:00,34406.5688180315
2030-01-28 02:00:00+00:00,34057.50130283717
2030-01-28 03:00:00+00:00,35590.78214458547
2030-01-28 04:00:00+00:00,40793.53187977925
2030-01-28 05:00:00+00:00,56982.74646457293
2030-01-28 06:00:00+00:00,80220.0878717187
2030-01-28 07:00:00+00:00,93516.31124046446
2030-01-28 08:00:00+00:00,87510.4795005226
2030-01-28 09:00:00+00:00,80540.50203866554
2030-01-28 10:00:00+00:00,77807.43940873024
2030-01-28 11:00:00+00:00,77549.84724110796
2030-01-28 12:00:00+00:00,78081.4164240525
2030-01-28 13:00:00+00:00,79976.02559460016
2030-01-28 14:00:00+00:00,82215.8383160486
2030-01-28 15:00:00+00:00,86574.03890666293
2030-01-28 16:00:00+00:00,92959.274738682
2030-01-28 17:00:00+00:00,90516.27239369683
2030-01-28 18:00:00+00:00,79282.87306417088
2030-01-28 19:00:00+00:00,64193.23808798481
2030-01-28 20:00:00+00:00,53741.510497014686
2030-01-28 21:00:00+00:00,47433.82600447932
2030-01-28 22:00:00+00:00,43438.93347397673
2030-01-28 23:00:00+00:00,38157.37945504756
2030-01-29 00:00:00+00:00,34987.09106386383
2030-01-29 01:00:00+00:00,33687.3907730276
2030-01-29 02:00:00+00:00,33453.66994851319
2030-01-29 03:00:00+00:00,34318.83544715054
2030-01-29 04:00:00+00:00,37904.29706800244
2030-01-29 05:00:00+00:00,51887.77304653512
2030-01-29 06:00:00+00:00,75368.52745224856
2030-01-29 07:00:00+00:00,90620.17408173671
2030-01-29 08:00:00+00:00,85524.00846081114
2030-01-29 09:00:00+00:00,78090.0997213761
2030-01-29 10:00:00+00:00,74099.05979783439
2030-01-29 11:00:00+00:00,73655.06719244616
2030-01-29 12:00:00+00:00,75227.4048122626
2030-01-29 13:00:00+00:00,78144.22152204624
2030-01-29 14:00:00+00:00,81061.2071997245
2030-01-29 15:00:00+00:00,86159.52980253466
2030-01-29 16:00:00+00:00,92960.7247933968
2030-01-29 17:00:00+00:00,90817.83265840118
2030-01-29 18:00:00+00:00,80516.20446102823
2030-01-29 19:00:00+00:00,65193.909399445365
2030-01-29 20:00:00+00:00,54158.93823643528
2030-01-29 21:00:00+00:00,47903.04972495448
2030-01-29 22:00:00+00:00,44127.37785016317
2030-01-29 23:00:00+00:00,38768.38747964074
2030-01-30 00:00:00+00:00,35281.95555525961
2030-01-30 01:00:00+00:00,33751.027240313226
2030-01-30 02:00:00+00:00,33411.19329344873
2030-01-30 03:00:00+00:00,34175.80138693461
2030-01-30 04:00:00+00:00,37627.663145336934
2030-01-30 05:00:00+00:00,51423.13664101828
2030-01-30 06:00:00+00:00,74804.21766814603
2030-01-30 07:00:00+00:00,90378.39243870416
2030-01-30 08:00:00+00:00,85689.82707842205
2030-01-30 09:00:00+00:00,78719.87306894523
2030-01-30 10:00:00+00:00,75368.5503254407
2030-01-30 11:00:00+00:00,75454.22142227553
2030-01-30 12:00:00+00:00,77624.28782097694
2030-01-30 13:00:00+00:00,81178.20871462899
2030-01-30 14:00:00+00:00,84317.70100748744
2030-01-30 15:00:00+00:00,89446.67388685937
2030-01-30 16:00:00+00:00,96424.2953696968
2030-01-30 17:00:00+00:00,94631.49344119073
2030-01-30 18:00:00+00:00,84218.49274844109
2030-01-30 19:00:00+00:00,68817.30506865385
2030-01-30 20:00:00+00:00,57071.696288404295
2030-01-30 21:00:00+00:00,50064.599976657286
2030-01-30 22:00:00+00:00,45890.65673808332
2030-01-30 23:00:00+00:00,40077.595616231134
2030-01-31 00:00:00+00:00,36020.55193400365
2030-01-31 01:00:00+00:00,34183.0474878171
2030-01-31 02:00:00+00:00,33681.12054635944
2030-01-31 03:00:00+00:00,34368.00681136681
2030-01-31 04:00:00+00:00,37742.54948776576
2030-01-31 05:00:00+00:00,51166.51084232593
2030-01-31 06:00:00+00:00,73897.59616309092
2030-01-31 07:00:00+00:00,89319.28788849698
2030-01-31 08:00:00+00:00,85247.57692632246
2030-01-31 09:00:00+00:00,79099.31894996007
2030-01-31 10:00:00+00:00,76743.60211236821
2030-01-31 11:00:00+00:00,77282.3893985726
2030-01-31 12:00:00+00:00,79200.3783604133
2030-01-31 13:00:00+00:00,82463.71009240202
2030-01-31 14:00:00+00:00,85827.94479713053
2030-01-31 15:00:00+00:00,90831.12905765817
2030-01-31 16:00:00+00:00,97077.85665649828
2030-01-31 17:00:00+00:00,95306.32530139058
2030-01-31 18:00:00+00:00,86463.02906450618
2030-01-31 19:00:00+00:00,71413.03257626877
2030-01-31 20:00:00+00:00,59252.79202783362
2030-01-31 21:00:00+00:00,51758.43029885902
2030-01-31 22:00:00+00:00,47131.699978952645
2030-01-31 23:00:00+00:00,40920.523028086434
2030-02-01 00:00:00+00:00,36579.87899329704
2030-02-01 01:00:00+00:00,34582.826743260346
2030-02-01 02:00:00+00:00,34002.00532015844
2030-02-01 03:00:00+00:00,34660.161886508504
2030-02-01 04:00:00+00:00,37927.63416221438
2030-02-01 05:00:00+00:00,50635.35629032968
2030-02-01 06:00:00+00:00,71662.67625447763
2030-02-01 07:00:00+00:00,86215.21147188148
2030-02-01 08:00:00+00:00,81661.02420068128
2030-02-01 09:00:00+00:00,78326.30480281505
2030-02-01 10:00:00+00:00,80270.11536366754
2030-02-01 11:00:00+00:00,84341.13072346065
2030-02-01 12:00:00+00:00,91328.84192931012
2030-02-01 13:00:00+00:00,96842.39494770611
2030-02-01 14:00:00+00:00,99622.39886776087
2030-02-01 15:00:00+00:00,100332.42726689242
2030-02-01 16:00:00+00:00,99533.73611496655
2030-02-01 17:00:00+00:00,96089.47461022773
2030-02-01 18:00:00+00:00,88500.25967160308
2030-02-01 19:00:00+00:00,75647.63980447431
2030-02-01 20:00:00+00:00,63818.11475394268
2030-02-01 21:00:00+00:00,55250.81189133219
2030-02-01 22:00:00+00:00,50700.076522499534
2030-02-01 23:00:00+00:00,45431.966418736156
2030-02-02 00:00:00+00:00,40731.01658785505
2030-02-02 01:00:00+00:00,37524.93496598355
2030-02-02 02:00:00+00:00,35833.54442929451
2030-02-02 03:00:00+00:00,35611.38978717824
2030-02-02 04:00:00+00:00,37051.970521026225
2030-02-02 05:00:00+00:00,41533.584673169426
2030-02-02 06:00:00+00:00,46006.944193871415
2030-02-02 07:00:00+00:00,53373.563618694934
2030-02-02 08:00:00+00:00,63932.954896660616
2030-02-02 09:00:00+00:00,76038.0655313619
2030-02-02 10:00:00+00:00,83752.64886294762
2030-02-02 11:00:00+00:00,85759.25123500342
2030-02-02 12:00:00+00:00,84846.80908196028
2030-02-02 13:00:00+00:00,85302.99076351647
2030-02-02 14:00:00+00:00,84885.34554626355
2030-02-02 15:00:00+00:00,80310.44251580937
2030-02-02 16:00:00+00:00,77482.13445491175
2030-02-02 17:00:00+00:00,76578.77953893601
2030-02-02 18:00:00+00:00,72782.57312359007
2030-02-02 19:00:00+00:00,63189.359741147586
2030-02-02 20:00:00+00:00,55439.243962287466
2030-02-02 21:00:00+00:00,49265.27675069658
2030-02-02 22:00:00+00:00,46433.312293602816
2030-02-02 23:00:00+00:00,43688.9862296361
2030-02-03 00:00:00+00:00,40141.50334262645
2030-02-03 01:00:00+00:00,36862.32305108682
2030-02-03 02:00:00+00:00,34117.35042351473
2030-02-03 03:00:00+00:00,33195.60597289838
2030-02-03 04:00:00+00:00,33271.3992159981
2030-02-03 05:00:00+00:00,34862.29600563132
2030-02-03 06:00:00+00:00,36121.50475323836
2030-02-03 07:00:00+00:00,38944.75079362681
2030-02-03 08:00:00+00:00,45549.04804210413
2030-02-03 09:00:00+00:00,56294.347332718884
2030-02-03 10:00:00+00:00,67530.47856178957
2030-02-03 11:00:00+00:00,75090.00405774738
2030-02-03 12:00:00+00:00,77125.46944285765
2030-02-03 13:00:00+00:00,79615.43754811221
2030-02-03 14:00:00+00:00,82265.56956480749
2030-02-03 15:00:00+00:00,80544.13790809308
2030-02-03 16:00:00+00:00,80745.02832715068
2030-02-03 17:00:00+00:00,82421.9383526505
2030-02-03 18:00:00+00:00,78039.96737319903
2030-02-03 19:00:00+00:00,69568.57323249312
2030-02-03 20:00:00+00:00,60558.934564021656
2030-02-03 21:00:00+00:00,52040.36206186802
2030-02-03 22:00:00+00:00,45314.892805769094
2030-02-03 23:00:00+00:00,39716.338461543375
2030-02-04 00:00:00+00:00,35922.95924190039
2030-02-04 01:00:00+00:00,34182.09823171772
2030-02-04 02:00:00+00:00,33858.82765537845
2030-02-04 03:00:00+00:00,35351.40258846171
2030-02-04 04:00:00+00:00,40420.008113525335
2030-02-04 05:00:00+00:00,56194.62466043427
2030-02-04 06:00:00+00:00,78957.39551381371
2030-02-04 07:00:00+00:00,92142.80315618511
2030-02-04 08:00:00+00:00,86453.58884517502
2030-02-04 09:00:00+00:00,79801.21243994984
2030-02-04 10:00:00+00:00,77328.65473463821
2030-02-04 11:00:00+00:00,77251.03594762195
2030-02-04 12:00:00+00:00,77832.32965320762
2030-02-04 13:00:00+00:00,79798.74701807511
2030-02-04 14:00:00+00:00,82254.74865310213
2030-02-04 15:00:00+00:00,86995.11828292997
2030-02-04 16:00:00+00:00,93892.06071511217
2030-02-04 17:00:00+00:00,91959.39512533083
2030-02-04 18:00:00+00:00,80792.03029365539
2030-02-04 19:00:00+00:00,65402.64469400113
2030-02-04 20:00:00+00:00,54715.734998561944
2030-02-04 21:00:00+00:00,48232.381701663784
2030-02-04 22:00:00+00:00,44107.6419026053
2030-02-04 23:00:00+00:00,38611.91079235181
2030-02-05 00:00:00+00:00,35325.58027110924
2030-02-05 01:00:00+00:00,33966.49102152091
2030-02-05 02:00:00+00:00,33734.198842024285
2030-02-05 03:00:00+00:00,34647.306312156405
2030-02-05 04:00:00+00:00,38435.56034642982
2030-02-05 05:00:00+00:00,53200.23204515358
2030-02-05 06:00:00+00:00,77939.50747942243
2030-02-05 07:00:00+00:00,94064.57550480751
2030-02-05 08:00:00+00:00,88660.86582586191
2030-02-05 09:00:00+00:00,80693.41961940598
2030-02-05 10:00:00+00:00,76473.67808093922
2030-02-05 11:00:00+00:00,75951.94846926155
2030-02-05 12:00:00+00:00,77559.73032345592
2030-02-05 13:00:00+00:00,80619.40953624801
2030-02-05 14:00:00+00:00,83732.10075285217
2030-02-05 15:00:00+00:00,89178.33378143546
2030-02-05 16:00:00+00:00,96591.41858896166
2030-02-05 17:00:00+00:00,94493.82329621949
2030-02-05 18:00:00+00:00,83510.08633424804
2030-02-05 19:00:00+00:00,67162.71225425477
2030-02-05 20:00:00+00:00,55406.40616038768
2030-02-05 21:00:00+00:00,48748.054826718435
2030-02-05 22:00:00+00:00,44745.2006319885
2030-02-05 23:00:00+00:00,39157.366280686445
2030-02-06 00:00:00+00:00,35530.18241024503
2030-02-06 01:00:00+00:00,33946.97593978047
2030-02-06 02:00:00+00:00,33594.29140125813
2030-02-06 03:00:00+00:00,34387.2253796842
2030-02-06 04:00:00+00:00,37961.97294656719
2030-02-06 05:00:00+00:00,52242.29486925733
2030-02-06 06:00:00+00:00,76530.1243040867
2030-02-06 07:00:00+00:00,92742.59015405073
2030-02-06 08:00:00+00:00,87863.95902918321
2030-02-06 09:00:00+00:00,80580.50641530124
2030-02-06 10:00:00+00:00,77093.74573236625
2030-02-06 11:00:00+00:00,77165.71290107962
2030-02-06 12:00:00+00:00,79308.89577222349
2030-02-06 13:00:00+00:00,82924.04819630255
2030-02-06 14:00:00+00:00,86174.51135156438
2030-02-06 15:00:00+00:00,91463.82884083243
2030-02-06 16:00:00+00:00,98681.97254620308
2030-02-06 17:00:00+00:00,96890.25630361086
2030-02-06 18:00:00+00:00,86141.52378076257
2030-02-06 19:00:00+00:00,70241.28885615338
2030-02-06 20:00:00+00:00,58087.07181760786
2030-02-06 21:00:00+00:00,50837.83903425043
2030-02-06 22:00:00+00:00,46517.52864975864
2030-02-06 23:00:00+00:00,40499.75298697685
2030-02-07 00:00:00+00:00,36307.7222519876
2030-02-07 01:00:00+00:00,34405.91676756918
2030-02-07 02:00:00+00:00,33887.82152257319
2030-02-07 03:00:00+00:00,34611.86911322346
2030-02-07 04:00:00+00:00,38134.36175075392
2030-02-07 05:00:00+00:00,52176.06340202402
2030-02-07 06:00:00+00:00,75906.32987310586
2030-02-07 07:00:00+00:00,92074.25709092413
2030-02-07 08:00:00+00:00,87798.15667611737
2030-02-07 09:00:00+00:00,81208.28819100455
2030-02-07 10:00:00+00:00,78500.50976739045
2030-02-07 11:00:00+00:00,78887.37032563979
2030-02-07 12:00:00+00:00,80830.60450475894
2030-02-07 13:00:00+00:00,84205.9771510296
2030-02-07 14:00:00+00:00,87764.29451582221
2030-02-07 15:00:00+00:00,92972.12636308045
2030-02-07 16:00:00+00:00,99387.19787626849
2030-02-07 17:00:00+00:00,97555.07075041409
2030-02-07 18:00:00+00:00,88444.18858776537
2030-02-07 19:00:00+00:00,72946.80751981695
2030-02-07 20:00:00+00:00,60357.33162835094
2030-02-07 21:00:00+00:00,52598.53919325125
2030-02-07 22:00:00+00:00,47786.1166867668
2030-02-07 23:00:00+00:00,41349.48005429163
2030-02-08 00:00:00+00:00,36856.31408955337
2030-02-08 01:00:00+00:00,34785.54629859762
2030-02-08 02:00:00+00:00,34176.33515537705
2030-02-08 03:00:00+00:00,34839.853085873554
2030-02-08 04:00:00+00:00,38175.168850214286
2030-02-08 05:00:00+00:00,51162.360344553235
2030-02-08 06:00:00+00:00,72618.29716031706
2030-02-08 07:00:00+00:00,87384.91047291472
2030-02-08 08:00:00+00:00,82588.40381205949
2030-02-08 09:00:00+00:00,79005.568580066
2030-02-08 10:00:00+00:00,80744.98290739262
2030-02-08 11:00:00+00:00,84730.01765450057
2030-02-08 12:00:00+00:00,91665.61769257509
2030-02-08 13:00:00+00:00,97143.73262579262
2030-02-08 14:00:00+00:00,99788.12021562515
2030-02-08 15:00:00+00:00,100381.06011796396
2030-02-08 16:00:00+00:00,99496.21056136495
2030-02-08 17:00:00+00:00,95964.0534570718
2030-02-08 18:00:00+00:00,88450.87129953822
2030-02-08 19:00:00+00:00,75598.24299132467
2030-02-08 20:00:00+00:00,63811.914408865014
2030-02-08 21:00:00+00:00,55245.91585301191
2030-02-08 22:00:00+00:00,50679.18584897212
2030-02-08 23:00:00+00:00,45399.62033527553
2030-02-09 00:00:00+00:00,40698.209622267575
2030-02-09 01:00:00+00:00,37501.367115002635
2030-02-09 02:00:00+00:00,35807.55229752448
2030-02-09 03:00:00+00:00,35576.58324511916
2030-02-09 04:00:00+00:00,36997.7889062115
2030-02-09 05:00:00+00:00,41423.4935194137
2030-02-09 06:00:00+00:00,45828.221419181114
2030-02-09 07:00:00+00:00,53068.42476859406
2030-02-09 08:00:00+00:00,63487.86562108303
2030-02-09 09:00:00+00:00,75475.8842323526
2030-02-09 10:00:00+00:00,83328.2373334145
2030-02-09 11:00:00+00:00,85497.96044389653
2030-02-09 12:00:00+00:00,84634.22316106765
2030-02-09 13:00:00+00:00,85122.45787619773
2030-02-09 14:00:00+00:00,84713.31335272017
2030-02-09 15:00:00+00:00,80151.1672149265
2030-02-09 16:00:00+00:00,77181.62891502582
2030-02-09 17:00:00+00:00,76054.25378010927
2030-02-09 18:00:00+00:00,72158.98275133315
2030-02-09 19:00:00+00:00,62645.714688696076
2030-02-09 20:00:00+00:00,54981.70865243285
2030-02-09 21:00:00+00:00,48883.26327294735
2030-02-09 22:00:00+00:00,46092.06970754818
2030-02-09 23:00:00+00:00,43417.97725904309
2030-02-10 00:00:00+00:00,39945.94960481136
2030-02-10 01:00:00+00:00,36739.51186683144
2030-02-10 02:00:00+00:00,34054.473979169554
2030-02-10 03:00:00+00:00,33164.507792486824
2030-02-10 04:00:00+00:00,33270.22171985851
2030-02-10 05:00:00+00:00,34892.470978602054
2030-02-10 06:00:00+00:00,36189.59102183028
2030-02-10 07:00:00+00:00,39081.484233888936
2030-02-10 08:00:00+00:00,45846.327303568694
2030-02-10 09:00:00+00:00,56890.82029407842
2030-02-10 10:00:00+00:00,68523.07856453503
2030-02-10 11:00:00+00:00,76470.6914724316
2030-02-10 12:00:00+00:00,78779.6432709727
2030-02-10 13:00:00+00:00,81534.71739571617
2030-02-10 14:00:00+00:00,84469.82945872638
2030-02-10 15:00:00+00:00,82698.37619573911
2030-02-10 16:00:00+00:00,82993.99957304524
2030-02-10 17:00:00+00:00,84779.4968828674
2030-02-10 18:00:00+00:00,80232.78570308891
2030-02-10 19:00:00+00:00,71497.46372029217
2030-02-10 20:00:00+00:00,62139.92698124884
2030-02-10 21:00:00+00:00,53257.53112675573
2030-02-10 22:00:00+00:00,46220.21987059152
2030-02-10 23:00:00+00:00,40331.39255411879
2030-02-11 00:00:00+00:00,36323.81774420882
2030-02-11 01:00:00+00:00,34494.54337995067
2030-02-11 02:00:00+00:00,34144.77267663463
2030-02-11 03:00:00+00:00,35702.617246083595
2030-02-11 04:00:00+00:00,40999.51522247631
2030-02-11 05:00:00+00:00,57486.37504220551
2030-02-11 06:00:00+00:00,81151.11940385684
2030-02-11 07:00:00+00:00,94704.04455180038
2030-02-11 08:00:00+00:00,88619.51371387861
2030-02-11 09:00:00+00:00,81626.65849062323
2030-02-11 10:00:00+00:00,78987.22967823566
2030-02-11 11:00:00+00:00,78845.66090960827
2030-02-11 12:00:00+00:00,79458.22472063654
2030-02-11 13:00:00+00:00,81446.65977034699
2030-02-11 14:00:00+00:00,83853.4544257377
2030-02-11 15:00:00+00:00,88590.85465953161
2030-02-11 16:00:00+00:00,95622.72505466046
2030-02-11 17:00:00+00:00,93547.4549476296
2030-02-11 18:00:00+00:00,82036.47945963065
2030-02-11 19:00:00+00:00,66270.34773846649
2030-02-11 20:00:00+00:00,55287.31632527922
2030-02-11 21:00:00+00:00,48641.99737999466
2030-02-11 22:00:00+00:00,44411.83699808109
2030-02-11 23:00:00+00:00,38789.21359402676
2030-02-12 00:00:00+00:00,35419.49093293058
2030-02-12 01:00:00+00:00,34033.77617971697
2030-02-12 02:00:00+00:00,33779.74268050355
2030-02-12 03:00:00+00:00,34692.078351936034
2030-02-12 04:00:00+00:00,38485.7984482863
2030-02-12 05:00:00+00:00,53310.93319333308
2030-02-12 06:00:00+00:00,78169.97585816616
2030-02-12 07:00:00+00:00,94362.72473764917
2030-02-12 08:00:00+00:00,88974.1572023708
2030-02-12 09:00:00+00:00,81048.4289316561
2030-02-12 10:00:00+00:00,76870.02867017011
2030-02-12 11:00:00+00:00,76445.73986274115
2030-02-12 12:00:00+00:00,78185.63246839558
2030-02-12 13:00:00+00:00,81372.88970323485
2030-02-12 14:00:00+00:00,84633.67559308573
2030-02-12 15:00:00+00:00,90338.47226647471
2030-02-12 16:00:00+00:00,98041.40899719117
2030-02-12 17:00:00+00:00,96029.04281399748
2030-02-12 18:00:00+00:00,84956.29906331212
2030-02-12 19:00:00+00:00,68266.37196201932
2030-02-12 20:00:00+00:00,56221.061137765464
2030-02-12 21:00:00+00:00,49416.222518949275
2030-02-12 22:00:00+00:00,45287.76783126325
2030-02-12 23:00:00+00:00,39514.72659747168
2030-02-13 00:00:00+00:00,35759.631373991855
2030-02-13 01:00:00+00:00,34117.471679841714
2030-02-13 02:00:00+00:00,33743.626365262695
2030-02-13 03:00:00+00:00,34549.874916044006
2030-02-13 04:00:00+00:00,38198.01625897595
2030-02-13 05:00:00+00:00,52806.284388821594
2030-02-13 06:00:00+00:00,77613.59074136065
2030-02-13 07:00:00+00:00,94085.52365412819
2030-02-13 08:00:00+00:00,88958.2462455775
2030-02-13 09:00:00+00:00,81501.48551320645
2030-02-13 10:00:00+00:00,78028.81740232681
2030-02-13 11:00:00+00:00,78190.94899072271
2030-02-13 12:00:00+00:00,80450.31350389626
2030-02-13 13:00:00+00:00,84117.08133857699
2030-02-13 14:00:00+00:00,87373.91864010599
2030-02-13 15:00:00+00:00,92678.28005175543
2030-02-13 16:00:00+00:00,99752.92131420872
2030-02-13 17:00:00+00:00,97493.89125383424
2030-02-13 18:00:00+00:00,86333.5216769939
2030-02-13 19:00:00+00:00,70130.11967313432
2030-02-13 20:00:00+00:00,57861.930728611114
2030-02-13 21:00:00+00:00,50545.159387595624
2030-02-13 22:00:00+00:00,46193.94950445768
2030-02-13 23:00:00+00:00,40247.34079687941
2030-02-14 00:00:00+00:00,36115.63986073795
2030-02-14 01:00:00+00:00,34241.75958937957
2030-02-14 02:00:00+00:00,33725.77291995443
2030-02-14 03:00:00+00:00,34409.444977702544
2030-02-14 04:00:00+00:00,37801.73967152759
2030-02-14 05:00:00+00:00,51322.84761618307
2030-02-14 06:00:00+00:00,74222.6655867355
2030-02-14 07:00:00+00:00,89831.12718731746
2030-02-14 08:00:00+00:00,85685.71735122128
2030-02-14 09:00:00+00:00,79403.71508681348
2030-02-14 10:00:00+00:00,76850.20362803822
2030-02-14 11:00:00+00:00,77190.34342682977
2030-02-14 12:00:00+00:00,79045.36405163092
2030-02-14 13:00:00+00:00,82239.68118612531
2030-02-14 14:00:00+00:00,85636.26089502203
2030-02-14 15:00:00+00:00,90696.79708196262
2030-02-14 16:00:00+00:00,96885.8343167441
2030-02-14 17:00:00+00:00,95126.18403749354
2030-02-14 18:00:00+00:00,86487.74470123302
2030-02-14 19:00:00+00:00,71515.61294816916
2030-02-14 20:00:00+00:00,59365.557838719345
2030-02-14 21:00:00+00:00,51884.61071942705
2030-02-14 22:00:00+00:00,47246.89861777478
2030-02-14 23:00:00+00:00,41001.71773979635
2030-02-15 00:00:00+00:00,36643.58817975148
2030-02-15 01:00:00+00:00,34623.92759831779
2030-02-15 02:00:00+00:00,34043.01828642509
2030-02-15 03:00:00+00:00,34705.91828561339
2030-02-15 04:00:00+00:00,37988.62552678283
2030-02-15 05:00:00+00:00,50778.85032636429
2030-02-15 06:00:00+00:00,71943.12431189147
2030-02-15 07:00:00+00:00,86605.89178985465
2030-02-15 08:00:00+00:00,81951.59539790804
2030-02-15 09:00:00+00:00,78260.49065118497
2030-02-15 10:00:00+00:00,79684.69984742599
2030-02-15 11:00:00+00:00,83460.72898830457
2030-02-15 12:00:00+00:00,90134.4186778367
2030-02-15 13:00:00+00:00,95445.14878108892
2030-02-15 14:00:00+00:00,98118.48029732544
2030-02-15 15:00:00+00:00,98774.08843802112
2030-02-15 16:00:00+00:00,97977.57486193204
2030-02-15 17:00:00+00:00,94640.73098606362
2030-02-15 18:00:00+00:00,87559.76745120018
2030-02-15 19:00:00+00:00,75076.2291562767
2030-02-15 20:00:00+00:00,63476.41747555305
2030-02-15 21:00:00+00:00,55032.512004270284
2030-02-15 22:00:00+00:00,50545.2504275031
2030-02-15 23:00:00+00:00,45344.029868448226
2030-02-16 00:00:00+00:00,40682.16001140536
2030-02-16 01:00:00+00:00,37478.911047448455
2030-02-16 02:00:00+00:00,35789.055872754754
2030-02-16 03:00:00+00:00,35559.75185090359
2030-02-16 04:00:00+00:00,36970.480358668756
2030-02-16 05:00:00+00:00,41370.12747767901
2030-02-16 06:00:00+00:00,45749.18926503284
2030-02-16 07:00:00+00:00,52945.89739481169
2030-02-16 08:00:00+00:00,63297.13542372171
2030-02-16 09:00:00+00:00,75054.0914901143
2030-02-16 10:00:00+00:00,82436.56723134614
2030-02-16 11:00:00+00:00,84271.09266557923
2030-02-16 12:00:00+00:00,83211.82797404409
2030-02-16 13:00:00+00:00,83561.2744776929
2030-02-16 14:00:00+00:00,83047.08779947713
2030-02-16 15:00:00+00:00,78575.88027147124
2030-02-16 16:00:00+00:00,75740.71506596768
2030-02-16 17:00:00+00:00,74731.8423300327
2030-02-16 18:00:00+00:00,71141.89733718096
2030-02-16 19:00:00+00:00,61930.128236418364
2030-02-16 20:00:00+00:00,54450.45532566105
2030-02-16 21:00:00+00:00,48496.06326687431
2030-02-16 22:00:00+00:00,45755.10931964433
2030-02-16 23:00:00+00:00,43167.99051982579
2030-02-17 00:00:00+00:00,39783.12378606217
2030-02-17 01:00:00+00:00,36641.79928371291
2030-02-17 02:00:00+00:00,34000.29910432668
2030-02-17 03:00:00+00:00,33123.2551473693
2030-02-17 04:00:00+00:00,33237.93478568126
2030-02-17 05:00:00+00:00,34861.20871915203
2030-02-17 06:00:00+00:00,36162.44105318994
2030-02-17 07:00:00+00:00,39066.21359622716
2030-02-17 08:00:00+00:00,45826.51380413812
2030-02-17 09:00:00+00:00,56669.74735972656
2030-02-17 10:00:00+00:00,67801.12379873941
2030-02-17 11:00:00+00:00,75204.68700982293
2030-02-17 12:00:00+00:00,77125.73861908124
2030-02-17 13:00:00+00:00,79499.59164607749
2030-02-17 14:00:00+00:00,82215.06094725642
2030-02-17 15:00:00+00:00,80599.9364225467
2030-02-17 16:00:00+00:00,80989.39139755921
2030-02-17 17:00:00+00:00,83149.87402355431
2030-02-17 18:00:00+00:00,79295.53638210037
2030-02-17 19:00:00+00:00,70935.89081866734
2030-02-17 20:00:00+00:00,61823.674625747495
2030-02-17 21:00:00+00:00,53086.07834629084
2030-02-17 22:00:00+00:00,46126.48000532153
2030-02-17 23:00:00+00:00,40295.11643631471
2030-02-18 00:00:00+00:00,36303.59655786081
2030-02-18 01:00:00+00:00,34483.0717227242
2030-02-18 02:00:00+00:00,34134.68481528708
2030-02-18 03:00:00+00:00,35697.671403420216
2030-02-18 04:00:00+00:00,41015.359715569095
2030-02-18 05:00:00+00:00,57556.264240032964
2030-02-18 06:00:00+00:00,81314.58552313581
2030-02-18 07:00:00+00:00,94933.78940855317
2030-02-18 08:00:00+00:00,88845.66809292392
2030-02-18 09:00:00+00:00,81524.51069037656
2030-02-18 10:00:00+00:00,78361.00110522479
2030-02-18 11:00:00+00:00,77809.6951049138
2030-02-18 12:00:00+00:00,78017.8238079132
2030-02-18 13:00:00+00:00,79630.22953896486
2030-02-18 14:00:00+00:00,81707.65844308073
2030-02-18 15:00:00+00:00,86177.18120226906
2030-02-18 16:00:00+00:00,93030.25389787483
2030-02-18 17:00:00+00:00,91558.07823654742
2030-02-18 18:00:00+00:00,81145.68528130735
2030-02-18 19:00:00+00:00,65909.6705183831
2030-02-18 20:00:00+00:00,55177.992731834944
2030-02-18 21:00:00+00:00,48619.77454612938
2030-02-18 22:00:00+00:00,44448.475550502764
2030-02-18 23:00:00+00:00,38843.34442012974
2030-02-19 00:00:00+00:00,35473.825931215244
2030-02-19 01:00:00+00:00,34093.367544910725
2030-02-19 02:00:00+00:00,33852.10729112797
2030-02-19 03:00:00+00:00,34788.19570789834
2030-02-19 04:00:00+00:00,38670.12507190898
2030-02-19 05:00:00+00:00,53811.251352861844
2030-02-19 06:00:00+00:00,79250.78978319038
2030-02-19 07:00:00+00:00,95938.14333849015
2030-02-19 08:00:00+00:00,90368.13664555651
2030-02-19 09:00:00+00:00,81619.94629454559
2030-02-19 10:00:00+00:00,76606.48555921226
2030-02-19 11:00:00+00:00,75547.90454259541
2030-02-19 12:00:00+00:00,76639.43465366568
2030-02-19 13:00:00+00:00,79298.67377377304
2030-02-19 14:00:00+00:00,82154.93506685137
2030-02-19 15:00:00+00:00,87468.29253090595
2030-02-19 16:00:00+00:00,94953.30121665665
2030-02-19 17:00:00+00:00,93697.11249064663
2030-02-19 18:00:00+00:00,83629.86947983227
2030-02-19 19:00:00+00:00,67552.9599038909
2030-02-19 20:00:00+00:00,55817.97773715892
2030-02-19 21:00:00+00:00,49152.23226472272
2030-02-19 22:00:00+00:00,45109.69650506134
2030-02-19 23:00:00+00:00,39404.63981136742
2030-02-20 00:00:00+00:00,35691.40142699593
2030-02-20 01:00:00+00:00,34065.900751311005
2030-02-20 02:00:00+00:00,33690.20412227475
2030-02-20 03:00:00+00:00,34486.61620785215
2030-02-20 04:00:00+00:00,38083.07505639358
2030-02-20 05:00:00+00:00,52495.88202241133
2030-02-20 06:00:00+00:00,76947.25800182183
2030-02-20 07:00:00+00:00,93193.0894902757
2030-02-20 08:00:00+00:00,88137.7948363765
2030-02-20 09:00:00+00:00,80687.50467592524
2030-02-20 10:00:00+00:00,77119.33637947225
2030-02-20 11:00:00+00:00,77194.64439559852
2030-02-20 12:00:00+00:00,79363.04221239912
2030-02-20 13:00:00+00:00,82957.43828997269
2030-02-20 14:00:00+00:00,86156.80571987927
2030-02-20 15:00:00+00:00,91476.58206705279
2030-02-20 16:00:00+00:00,98752.19620924882
2030-02-20 17:00:00+00:00,97039.23044295338
2030-02-20 18:00:00+00:00,86444.70560647822
2030-02-20 19:00:00+00:00,70506.70942853238
2030-02-20 20:00:00+00:00,58313.98570278323
2030-02-20 21:00:00+00:00,51016.198969012046
2030-02-20 22:00:00+00:00,46658.3030428625
2030-02-20 23:00:00+00:00,40607.37383153853
2030-02-21 00:00:00+00:00,36369.107344612414
2030-02-21 01:00:00+00:00,34450.417572670056
2030-02-21 02:00:00+00:00,33929.70391463358
2030-02-21 03:00:00+00:00,34656.059460089855
2030-02-21 04:00:00+00:00,38209.95706408084
2030-02-21 05:00:00+00:00,52370.959868165686
2030-02-21 06:00:00+00:00,76359.70719243064
2030-02-21 07:00:00+00:00,92730.33089558066
2030-02-21 08:00:00+00:00,88365.13878567805
2030-02-21 09:00:00+00:00,81627.75361321302
2030-02-21 10:00:00+00:00,78954.42790414562
2030-02-21 11:00:00+00:00,79438.06533992018
2030-02-21 12:00:00+00:00,81479.88018392828
2030-02-21 13:00:00+00:00,84862.70005971387
2030-02-21 14:00:00+00:00,88425.89687828055
2030-02-21 15:00:00+00:00,93706.9653590443
2030-02-21 16:00:00+00:00,100229.54293106729
2030-02-21 17:00:00+00:00,98377.90314670649
2030-02-21 18:00:00+00:00,89319.4094521331
2030-02-21 19:00:00+00:00,73666.10458365666
2030-02-21 20:00:00+00:00,60876.46806196798
2030-02-21 21:00:00+00:00,53002.806062903044
2030-02-21 22:00:00+00:00,48129.19585941858
2030-02-21 23:00:00+00:00,41579.94375409039
2030-02-22 00:00:00+00:00,37007.933858564444
2030-02-22 01:00:00+00:00,34901.53557773858
2030-02-22 02:00:00+00:00,34288.56658596139
2030-02-22 03:00:00+00:00,34972.92111380707
2030-02-22 04:00:00+00:00,38399.13264733664
2030-02-22 05:00:00+00:00,51710.96476592536
2030-02-22 06:00:00+00:00,73694.68209359725
2030-02-22 07:00:00+00:00,88813.76806184661
2030-02-22 08:00:00+00:00,83903.37867431699
2030-02-22 09:00:00+00:00,80187.95622999914
2030-02-22 10:00:00+00:00,82112.13962105542
2030-02-22 11:00:00+00:00,86354.01749027414
2030-02-22 12:00:00+00:00,93658.06383004611
2030-02-22 13:00:00+00:00,99442.15857584956
2030-02-22 14:00:00+00:00,102275.42742005807
2030-02-22 15:00:00+00:00,102914.5957999926
2030-02-22 16:00:00+00:00,101912.92313070904
2030-02-22 17:00:00+00:00,98009.89924529096
2030-02-22 18:00:00+00:00,90134.8844294526
2030-02-22 19:00:00+00:00,76866.60354803813
2030-02-22 20:00:00+00:00,64712.17591991742
2030-02-22 21:00:00+00:00,55898.601830660344
2030-02-22 22:00:00+00:00,51191.67846293668
2030-02-22 23:00:00+00:00,45795.83442715458
2030-02-23 00:00:00+00:00,40983.29732417797
2030-02-23 01:00:00+00:00,37712.9331091309
2030-02-23 02:00:00+00:00,35982.56560879518
2030-02-23 03:00:00+00:00,35742.34879622902
2030-02-23 04:00:00+00:00,37194.65260377143
2030-02-23 05:00:00+00:00,41717.53223441172
2030-02-23 06:00:00+00:00,46217.3690219545
2030-02-23 07:00:00+00:00,53629.23483663735
2030-02-23 08:00:00+00:00,64263.764371764955
2030-02-23 09:00:00+00:00,76498.65342105956
2030-02-23 10:00:00+00:00,84482.68374961505
2030-02-23 11:00:00+00:00,86648.11038119695
2030-02-23 12:00:00+00:00,85828.60217254437
2030-02-23 13:00:00+00:00,86330.1521861112
2030-02-23 14:00:00+00:00,85893.42048528562
2030-02-23 15:00:00+00:00,81202.7750457076
2030-02-23 16:00:00+00:00,78182.16438138633
2030-02-23 17:00:00+00:00,77019.28148075582
2030-02-23 18:00:00+00:00,73178.07729744977
2030-02-23 19:00:00+00:00,63492.66008759758
2030-02-23 20:00:00+00:00,55667.23437459206
2030-02-23 21:00:00+00:00,49422.783737059435
2030-02-23 22:00:00+00:00,46541.34222378408
2030-02-23 23:00:00+00:00,43800.556017164105
2030-02-24 00:00:00+00:00,40248.49766700183
2030-02-24 01:00:00+00:00,36965.863154542276
2030-02-24 02:00:00+00:00,34207.49639142892
2030-02-24 03:00:00+00:00,33290.95540820177
2030-02-24 04:00:00+00:00,33398.996914302414
2030-02-24 05:00:00+00:00,35066.66742912545
2030-02-24 06:00:00+00:00,36402.911392832146
2030-02-24 07:00:00+00:00,39377.37626801679
2030-02-24 08:00:00+00:00,46316.79175333279
2030-02-24 09:00:00+00:00,57543.2767652972
2030-02-24 10:00:00+00:00,69226.62135336104
2030-02-24 11:00:00+00:00,77077.76293993159
2030-02-24 12:00:00+00:00,79233.6370560983
2030-02-24 13:00:00+00:00,81823.37715032285
2030-02-24 14:00:00+00:00,84598.50242779797
2030-02-24 15:00:00+00:00,82791.06006006614
2030-02-24 16:00:00+00:00,83100.00222838424
2030-02-24 17:00:00+00:00,84958.83047626223
2030-02-24 18:00:00+00:00,80588.38732540031
2030-02-24 19:00:00+00:00,71849.49116283483
2030-02-24 20:00:00+00:00,62445.89072472706
2030-02-24 21:00:00+00:00,53501.08350428334
2030-02-24 22:00:00+00:00,46428.18459291121
2030-02-24 23:00:00+00:00,40479.160060563314
2030-02-25 00:00:00+00:00,36423.948909664534
2030-02-25 01:00:00+00:00,34570.23642318185
2030-02-25 02:00:00+00:00,34212.326357175676
2030-02-25 03:00:00+00:00,35784.01641157118
2030-02-25 04:00:00+00:00,41112.36218190388
2030-02-25 05:00:00+00:00,57685.37378032175
2030-02-25 06:00:00+00:00,81497.19021602662
2030-02-25 07:00:00+00:00,95092.79848585716
2030-02-25 08:00:00+00:00,88883.2104462501
2030-02-25 09:00:00+00:00,81533.44734020275
2030-02-25 10:00:00+00:00,78651.57576447276
2030-02-25 11:00:00+00:00,78302.05277519628
2030-02-25 12:00:00+00:00,78695.1248985242
2030-02-25 13:00:00+00:00,80514.9668412068
2030-02-25 14:00:00+00:00,82764.9665706054
2030-02-25 15:00:00+00:00,87351.40750155027
2030-02-25 16:00:00+00:00,94149.65466456137
2030-02-25 17:00:00+00:00,92161.17689723891
2030-02-25 18:00:00+00:00,81156.21899651035
2030-02-25 19:00:00+00:00,65824.29978295238
2030-02-25 20:00:00+00:00,55038.80292573079
2030-02-25 21:00:00+00:00,48484.661610855845
2030-02-25 22:00:00+00:00,44295.63893155937
2030-02-25 23:00:00+00:00,38724.41856050876
2030-02-26 00:00:00+00:00,35381.68184413511
2030-02-26 01:00:00+00:00,34005.70600593697
2030-02-26 02:00:00+00:00,33756.40004629142
2030-02-26 03:00:00+00:00,34666.69429470284
2030-02-26 04:00:00+00:00,38454.571048922015
2030-02-26 05:00:00+00:00,53250.6454614731
2030-02-26 06:00:00+00:00,78071.29517269944
2030-02-26 07:00:00+00:00,94203.17776572701
2030-02-26 08:00:00+00:00,88707.93725847622
2030-02-26 09:00:00+00:00,80565.90880266066
2030-02-26 10:00:00+00:00,76188.05504651986
2030-02-26 11:00:00+00:00,75584.93470139113
2030-02-26 12:00:00+00:00,77132.82573009505
2030-02-26 13:00:00+00:00,80069.04849533518
2030-02-26 14:00:00+00:00,83137.8690413137
2030-02-26 15:00:00+00:00,88649.42697173846
2030-02-26 16:00:00+00:00,96114.7535363789
2030-02-26 17:00:00+00:00,94331.9892427373
2030-02-26 18:00:00+00:00,83802.68701628597
2030-02-26 19:00:00+00:00,67649.66772808084
2030-02-26 20:00:00+00:00,55875.75474939549
2030-02-26 21:00:00+00:00,49212.48672776414
2030-02-26 22:00:00+00:00,45169.946248186105
2030-02-26 23:00:00+00:00,39454.93813340487
2030-02-27 00:00:00+00:00,35734.37108285869
2030-02-27 01:00:00+00:00,34103.29821055235
2030-02-27 02:00:00+00:00,33736.963448853385
2030-02-27 03:00:00+00:00,34548.710418659764
2030-02-27 04:00:00+00:00,38195.096548076006
2030-02-27 05:00:00+00:00,52810.7065347433
2030-02-27 06:00:00+00:00,77609.24459243978
2030-02-27 07:00:00+00:00,94135.84715744772
2030-02-27 08:00:00+00:00,88987.74598516786
2030-02-27 09:00:00+00:00,81158.47850877246
2030-02-27 10:00:00+00:00,77347.46776021746
2030-02-27 11:00:00+00:00,77217.00943467369
2030-02-27 12:00:00+00:00,79075.2429274768
2030-02-27 13:00:00+00:00,82361.6386651672
2030-02-27 14:00:00+00:00,85271.64823326307
2030-02-27 15:00:00+00:00,90295.62428455512
2030-02-27 16:00:00+00:00,97297.21751040366
2030-02-27 17:00:00+00:00,95638.76520963988
2030-02-27 18:00:00+00:00,85696.1132529343
2030-02-27 19:00:00+00:00,70190.78475102634
2030-02-27 20:00:00+00:00,58175.62011069367
2030-02-27 21:00:00+00:00,50937.87589204516
2030-02-27 22:00:00+00:00,46603.9363780693
2030-02-27 23:00:00+00:00,40567.66623602633
2030-02-28 00:00:00+00:00,36344.12726451185
2030-02-28 01:00:00+00:00,34436.68164931491
2030-02-28 02:00:00+00:00,33916.01377293282
2030-02-28 03:00:00+00:00,34643.4222623517
2030-02-28 04:00:00+00:00,38184.27580826199
2030-02-28 05:00:00+00:00,52264.964984671366
2030-02-28 06:00:00+00:00,76019.57592501356
2030-02-28 07:00:00+00:00,92136.34081918914
2030-02-28 08:00:00+00:00,87568.9904004033
2030-02-28 09:00:00+00:00,80650.58085795815
2030-02-28 10:00:00+00:00,77755.02735503405
2030-02-28 11:00:00+00:00,77914.58265828255
2030-02-28 12:00:00+00:00,79571.75378513009
2030-02-28 13:00:00+00:00,82638.43627799662
2030-02-28 14:00:00+00:00,85888.12509581694
2030-02-28 15:00:00+00:00,90826.3746849073
2030-02-28 16:00:00+00:00,97021.47157136642
2030-02-28 17:00:00+00:00,95413.55231080235
2030-02-28 18:00:00+00:00,86905.16965160272
2030-02-28 19:00:00+00:00,71993.73686206776
2030-02-28 20:00:00+00:00,59681.15523651541
2030-02-28 21:00:00+00:00,52098.71791750294
2030-02-28 22:00:00+00:00,47405.1795530342
2030-02-28 23:00:00+00:00,41096.91731100032
2030-03-01 00:00:00+00:00,36696.90729718646
2030-03-01 01:00:00+00:00,34669.94196526061
2030-03-01 02:00:00+00:00,34079.4934559827
2030-03-01 03:00:00+00:00,34737.612576027765
2030-03-01 04:00:00+00:00,38036.264302855285
2030-03-01 05:00:00+00:00,50868.873393819595
2030-03-01 06:00:00+00:00,72071.88295609098
2030-03-01 07:00:00+00:00,86756.86673967591
2030-03-01 08:00:00+00:00,81967.4321905794
2030-03-01 09:00:00+00:00,78323.3365781355
2030-03-01 10:00:00+00:00,79946.06181367973
2030-03-01 11:00:00+00:00,83900.57832469787
2030-03-01 12:00:00+00:00,90795.09183401313
2030-03-01 13:00:00+00:00,96251.39957495366
2030-03-01 14:00:00+00:00,98928.2098390305
2030-03-01 15:00:00+00:00,99509.12030568672
2030-03-01 16:00:00+00:00,98646.99714819119
2030-03-01 17:00:00+00:00,95119.67730029226
2030-03-01 18:00:00+00:00,87901.95587361726
2030-03-01 19:00:00+00:00,75340.20622035541
2030-03-01 20:00:00+00:00,63718.75849709678
2030-03-01 21:00:00+00:00,55206.37155267721
2030-03-01 22:00:00+00:00,50683.81772229146
2030-03-01 23:00:00+00:00,45434.43904390526
2030-03-02 00:00:00+00:00,40732.92110018015
2030-03-02 01:00:00+00:00,37540.51289601286
2030-03-02 02:00:00+00:00,35846.055873745434
2030-03-02 03:00:00+00:00,35612.85120553528
2030-03-02 04:00:00+00:00,37038.68950467139
2030-03-02 05:00:00+00:00,41484.405001868356
2030-03-02 06:00:00+00:00,45903.092850226814
2030-03-02 07:00:00+00:00,53144.15599790282
2030-03-02 08:00:00+00:00,63495.37249791677
2030-03-02 09:00:00+00:00,75193.98114399044
2030-03-02 10:00:00+00:00,82707.79236844981
2030-03-02 11:00:00+00:00,84666.72255086
2030-03-02 12:00:00+00:00,83676.0585339724
2030-03-02 13:00:00+00:00,84065.50261600959
2030-03-02 14:00:00+00:00,83545.45327697942
2030-03-02 15:00:00+00:00,78953.75948016418
2030-03-02 16:00:00+00:00,76063.73698145578
2030-03-02 17:00:00+00:00,75037.8380008775
2030-03-02 18:00:00+00:00,71536.79771826752
2030-03-02 19:00:00+00:00,62351.81067075903
2030-03-02 20:00:00+00:00,54854.14829395468
2030-03-02 21:00:00+00:00,48850.055324104884
2030-03-02 22:00:00+00:00,46114.235769089144
2030-03-02 23:00:00+00:00,43481.2102964292
2030-03-03 00:00:00+00:00,40012.34204403334
2030-03-03 01:00:00+00:00,36796.238258419304
2030-03-03 02:00:00+00:00,34099.48757037599
2030-03-03 03:00:00+00:00,33203.51589401281
2030-03-03 04:00:00+00:00,33308.591017596635
2030-03-03 05:00:00+00:00,34941.5997793813
2030-03-03 06:00:00+00:00,36244.46678021238
2030-03-03 07:00:00+00:00,39141.59344158573
2030-03-03 08:00:00+00:00,45903.22611031732
2030-03-03 09:00:00+00:00,56801.54014927263
2030-03-03 10:00:00+00:00,68051.72237066105
2030-03-03 11:00:00+00:00,75598.89830053237
2030-03-03 12:00:00+00:00,77630.43999523614
2030-03-03 13:00:00+00:00,80109.96387533941
2030-03-03 14:00:00+00:00,82802.39800422818
2030-03-03 15:00:00+00:00,81102.84158595146
2030-03-03 16:00:00+00:00,81381.62728320397
2030-03-03 17:00:00+00:00,83188.51546430528
2030-03-03 18:00:00+00:00,78981.13869655866
2030-03-03 19:00:00+00:00,70593.6390392279
2030-03-03 20:00:00+00:00,61521.80532725025
2030-03-03 21:00:00+00:00,52874.439483452625
2030-03-03 22:00:00+00:00,45960.197319438215
2030-03-03 23:00:00+00:00,40166.27364011984
2030-03-04 00:00:00+00:00,36233.20942187215
2030-03-04 01:00:00+00:00,34430.440332896236
2030-03-04 02:00:00+00:00,34087.69853624014
2030-03-04 03:00:00+00:00,35629.801098988784
2030-03-04 04:00:00+00:00,40876.23035863168
2030-03-04 05:00:00+00:00,57197.82228318465
2030-03-04 06:00:00+00:00,80681.54137018207
2030-03-04 07:00:00+00:00,94133.57263761775
2030-03-04 08:00:00+00:00,87914.04835353977
2030-03-04 09:00:00+00:00,80791.74421920029
2030-03-04 10:00:00+00:00,78092.70368461437
2030-03-04 11:00:00+00:00,77787.6748035529
2030-03-04 12:00:00+00:00,78180.41573024706
2030-03-04 13:00:00+00:00,79906.66964647318
2030-03-04 14:00:00+00:00,82035.4226025957
2030-03-04 15:00:00+00:00,86481.58775485923
2030-03-04 16:00:00+00:00,93218.46844682447
2030-03-04 17:00:00+00:00,91400.68746079842
2030-03-04 18:00:00+00:00,80727.30387465708
2030-03-04 19:00:00+00:00,65600.01185482157
2030-03-04 20:00:00+00:00,54929.63854404359
2030-03-04 21:00:00+00:00,48446.72872827825
2030-03-04 22:00:00+00:00,44285.23008853726
2030-03-04 23:00:00+00:00,38736.76035594195
2030-03-05 00:00:00+00:00,35401.81833822415
2030-03-05 01:00:00+00:00,34038.0413425791
2030-03-05 02:00:00+00:00,33796.661018998755
2030-03-05 03:00:00+00:00,34721.44024407298
2030-03-05 04:00:00+00:00,38540.016008174214
2030-03-05 05:00:00+00:00,53458.900537908434
2030-03-05 06:00:00+00:00,78534.86615603627
2030-03-05 07:00:00+00:00,94818.62195964431
2030-03-05 08:00:00+00:00,89093.71461725242
2030-03-05 09:00:00+00:00,80533.34109951057
2030-03-05 10:00:00+00:00,75696.89257108382
2030-03-05 11:00:00+00:00,74710.58246308753
2030-03-05 12:00:00+00:00,75930.62624967644
2030-03-05 13:00:00+00:00,78561.54899437324
2030-03-05 14:00:00+00:00,81358.89677947103
2030-03-05 15:00:00+00:00,86578.12094308784
2030-03-05 16:00:00+00:00,93782.16744523817
2030-03-05 17:00:00+00:00,92195.67222783012
2030-03-05 18:00:00+00:00,82357.85063422562
2030-03-05 19:00:00+00:00,66718.70047583364
2030-03-05 20:00:00+00:00,55250.58892221322
2030-03-05 21:00:00+00:00,48725.28117656811
2030-03-05 22:00:00+00:00,44788.08182925868
2030-03-05 23:00:00+00:00,39192.127513247455
2030-03-06 00:00:00+00:00,35560.26870395041
2030-03-06 01:00:00+00:00,33969.50884423986
2030-03-06 02:00:00+00:00,33604.36363246397
2030-03-06 03:00:00+00:00,34391.089609481
2030-03-06 04:00:00+00:00,37935.02889907539
2030-03-06 05:00:00+00:00,52121.488357875096
2030-03-06 06:00:00+00:00,76188.16629769675
2030-03-06 07:00:00+00:00,92125.98476159318
2030-03-06 08:00:00+00:00,87087.45870232835
2030-03-06 09:00:00+00:00,79764.11357713238
2030-03-06 10:00:00+00:00,76250.56386611029
2030-03-06 11:00:00+00:00,76243.131659975
2030-03-06 12:00:00+00:00,78232.51891742174
2030-03-06 13:00:00+00:00,81615.52617294365
2030-03-06 14:00:00+00:00,84646.85474652932
2030-03-06 15:00:00+00:00,89751.7690383221
2030-03-06 16:00:00+00:00,96725.58073873365
2030-03-06 17:00:00+00:00,94904.85338196238
2030-03-06 18:00:00+00:00,84489.6838310936
2030-03-06 19:00:00+00:00,69009.89643152784
2030-03-06 20:00:00+00:00,57212.94649413114
2030-03-06 21:00:00+00:00,50147.03622175693
2030-03-06 22:00:00+00:00,45952.32407421801
2030-03-06 23:00:00+00:00,40118.25360976063
2030-03-07 00:00:00+00:00,36054.487587893906
2030-03-07 01:00:00+00:00,34210.550342980234
2030-03-07 02:00:00+00:00,33708.96051986009
2030-03-07 03:00:00+00:00,34402.24024535834
2030-03-07 04:00:00+00:00,37794.82128008915
2030-03-07 05:00:00+00:00,51317.3972603962
2030-03-07 06:00:00+00:00,74171.75618839716
2030-03-07 07:00:00+00:00,89669.59322144475
2030-03-07 08:00:00+00:00,85449.00769660238
2030-03-07 09:00:00+00:00,79131.390109918
2030-03-07 10:00:00+00:00,76723.6848642279
2030-03-07 11:00:00+00:00,77233.62514596796
2030-03-07 12:00:00+00:00,79139.74055526262
2030-03-07 13:00:00+00:00,82392.92233751556
2030-03-07 14:00:00+00:00,85793.34015561729
2030-03-07 15:00:00+00:00,90799.06108810687
2030-03-07 16:00:00+00:00,96981.95369244322
2030-03-07 17:00:00+00:00,95164.01718193499
2030-03-07 18:00:00+00:00,86359.20694125706
2030-03-07 19:00:00+00:00,71396.72377069216
2030-03-07 20:00:00+00:00,59260.80092467406
2030-03-07 21:00:00+00:00,51772.85412446717
2030-03-07 22:00:00+00:00,47130.74555077773
2030-03-07 23:00:00+00:00,40910.76952866928
2030-03-08 00:00:00+00:00,36572.59184011815
2030-03-08 01:00:00+00:00,34568.222269416256
2030-03-08 02:00:00+00:00,33985.08931523906
2030-03-08 03:00:00+00:00,34634.94945437176
2030-03-08 04:00:00+00:00,37872.16380487855
2030-03-08 05:00:00+00:00,50465.8499960523
2030-03-08 06:00:00+00:00,71277.75632933444
2030-03-08 07:00:00+00:00,85625.60190408574
2030-03-08 08:00:00+00:00,80973.86926602185
2030-03-08 09:00:00+00:00,77620.31305731875
2030-03-08 10:00:00+00:00,79595.16371258924
2030-03-08 11:00:00+00:00,83762.37690434032
2030-03-08 12:00:00+00:00,90757.90796912363
2030-03-08 13:00:00+00:00,96319.23451402916
2030-03-08 14:00:00+00:00,99050.63804942422
2030-03-08 15:00:00+00:00,99692.69785195093
2030-03-08 16:00:00+00:00,98757.04517826004
2030-03-08 17:00:00+00:00,95095.15391046119
2030-03-08 18:00:00+00:00,87608.75448278456
2030-03-08 19:00:00+00:00,74927.41437885223
2030-03-08 20:00:00+00:00,63279.70615588911
2030-03-08 21:00:00+00:00,54826.9156489486
2030-03-08 22:00:00+00:00,50335.72093476496
2030-03-08 23:00:00+00:00,45144.851338447384
2030-03-09 00:00:00+00:00,40515.62408902347
2030-03-09 01:00:00+00:00,37367.08836970026
2030-03-09 02:00:00+00:00,35699.361153181526
2030-03-09 03:00:00+00:00,35472.500489326274
2030-03-09 04:00:00+00:00,36876.76708489871
2030-03-09 05:00:00+00:00,41243.28132933436
2030-03-09 06:00:00+00:00,45589.71153913474
2030-03-09 07:00:00+00:00,52750.060487749484
2030-03-09 08:00:00+00:00,62994.50198103036
2030-03-09 09:00:00+00:00,74859.3515138159
2030-03-09 10:00:00+00:00,82744.94541033279
2030-03-09 11:00:00+00:00,85025.95873061115
2030-03-09 12:00:00+00:00,84307.04804019138
2030-03-09 13:00:00+00:00,84957.08059488055
2030-03-09 14:00:00+00:00,84596.0942614013
2030-03-09 15:00:00+00:00,80071.99603234348
2030-03-09 16:00:00+00:00,77151.77948356952
2030-03-09 17:00:00+00:00,76029.166338403
2030-03-09 18:00:00+00:00,72164.99586398112
2030-03-09 19:00:00+00:00,62695.184878570035
2030-03-09 20:00:00+00:00,55054.47424045871
2030-03-09 21:00:00+00:00,48966.88522082511
2030-03-09 22:00:00+00:00,46170.77895885138
2030-03-09 23:00:00+00:00,43498.9597987942
2030-03-10 00:00:00+00:00,40023.36178599432
2030-03-10 01:00:00+00:00,36807.226581423485
2030-03-10 02:00:00+00:00,34106.13700915566
2030-03-10 03:00:00+00:00,33212.26080611165
2030-03-10 04:00:00+00:00,33324.25534004778
2030-03-10 05:00:00+00:00,34971.0636771188
2030-03-10 06:00:00+00:00,36295.89123803653
2030-03-10 07:00:00+00:00,39242.03776026611
2030-03-10 08:00:00+00:00,46102.987637130434
2030-03-10 09:00:00+00:00,57284.05081008167
2030-03-10 10:00:00+00:00,69056.43878400803
2030-03-10 11:00:00+00:00,77085.70127088425
2030-03-10 12:00:00+00:00,79428.21704757237
2030-03-10 13:00:00+00:00,82202.90939940268
2030-03-10 14:00:00+00:00,85210.79520361147
2030-03-10 15:00:00+00:00,83507.59358281357
2030-03-10 16:00:00+00:00,83827.81402869144
2030-03-10 17:00:00+00:00,85805.34735219306
2030-03-10 18:00:00+00:00,81388.17795252017
2030-03-10 19:00:00+00:00,72556.29506417445
2030-03-10 20:00:00+00:00,63052.160735048055
2030-03-10 21:00:00+00:00,53963.106023659406
2030-03-10 22:00:00+00:00,46750.82118080387
2030-03-10 23:00:00+00:00,40692.27715035133
2030-03-11 00:00:00+00:00,36565.69570035773
2030-03-11 01:00:00+00:00,34689.684629352916
2030-03-11 02:00:00+00:00,34330.515671805355
2030-03-11 03:00:00+00:00,35950.763279440245
2030-03-11 04:00:00+00:00,41439.828650651645
2030-03-11 05:00:00+00:00,58505.2889908787
2030-03-11 06:00:00+00:00,83078.18611997715
2030-03-11 07:00:00+00:00,97150.8490043996
2030-03-11 08:00:00+00:00,90642.56791377213
2030-03-11 09:00:00+00:00,83106.16580181134
2030-03-11 10:00:00+00:00,80223.0502161527
2030-03-11 11:00:00+00:00,80015.98829546387
2030-03-11 12:00:00+00:00,80569.78314651058
2030-03-11 13:00:00+00:00,82533.73886061291
2030-03-11 14:00:00+00:00,84940.16368793546
2030-03-11 15:00:00+00:00,89698.94651195325
2030-03-11 16:00:00+00:00,96872.14196832877
2030-03-11 17:00:00+00:00,94790.14356626292
2030-03-11 18:00:00+00:00,83261.8838532706
2030-03-11 19:00:00+00:00,67324.87962880547
2030-03-11 20:00:00+00:00,56092.79027866094
2030-03-11 21:00:00+00:00,49275.46925429897
2030-03-11 22:00:00+00:00,44916.08102973807
2030-03-11 23:00:00+00:00,39118.32518343278
2030-03-12 00:00:00+00:00,35632.615575639495
2030-03-12 01:00:00+00:00,34201.41327034202
2030-03-12 02:00:00+00:00,33944.76890747623
2030-03-12 03:00:00+00:00,34878.04161706154
2030-03-12 04:00:00+00:00,38775.50576600829
2030-03-12 05:00:00+00:00,54001.41918273575
2030-03-12 06:00:00+00:00,79471.96097558517
2030-03-12 07:00:00+00:00,95960.53176356977
2030-03-12 08:00:00+00:00,90045.37447584147
2030-03-12 09:00:00+00:00,81542.1222930457
2030-03-12 10:00:00+00:00,77039.87481302129
2030-03-12 11:00:00+00:00,76429.7278678964
2030-03-12 12:00:00+00:00,77978.22938533955
2030-03-12 13:00:00+00:00,80926.179125295
2030-03-12 14:00:00+00:00,84047.00760035872
2030-03-12 15:00:00+00:00,89651.37011805132
2030-03-12 16:00:00+00:00,97176.85009923403
2030-03-12 17:00:00+00:00,95227.29760930044
2030-03-12 18:00:00+00:00,84391.232515996
2030-03-12 19:00:00+00:00,67983.12284908856
2030-03-12 20:00:00+00:00,56050.74966734145
2030-03-12 21:00:00+00:00,49298.918209424686
2030-03-12 22:00:00+00:00,45224.67186222542
2030-03-12 23:00:00+00:00,39479.327548209505
2030-03-13 00:00:00+00:00,35744.94161077486
2030-03-13 01:00:00+00:00,34109.129793205146
2030-03-13 02:00:00+00:00,33743.183880801975
2030-03-13 03:00:00+00:00,34557.96646665243
2030-03-13 04:00:00+00:00,38224.80381335154
2030-03-13 05:00:00+00:00,52887.0948428348
2030-03-13 06:00:00+00:00,77807.05997922207
2030-03-13 07:00:00+00:00,94351.95676761198
2030-03-13 08:00:00+00:00,88839.43779326105
2030-03-13 09:00:00+00:00,80985.98233169358
2030-03-13 10:00:00+00:00,77233.07126738902
2030-03-13 11:00:00+00:00,77210.26045723802
2030-03-13 12:00:00+00:00,79342.04523346544
2030-03-13 13:00:00+00:00,82879.28700980147
2030-03-13 14:00:00+00:00,86144.94170889098
2030-03-13 15:00:00+00:00,91520.88590723158
2030-03-13 16:00:00+00:00,98712.7070986775
2030-03-13 17:00:00+00:00,97025.59228910069
2030-03-13 18:00:00+00:00,86574.21965526091
2030-03-13 19:00:00+00:00,70795.05016878624
2030-03-13 20:00:00+00:00,58583.726992226984
2030-03-13 21:00:00+00:00,51275.926690751476
2030-03-13 22:00:00+00:00,46900.04049586651
2030-03-13 23:00:00+00:00,40791.322075112155
2030-03-14 00:00:00+00:00,36506.758071228054
2030-03-14 01:00:00+00:00,34561.74723903459
2030-03-14 02:00:00+00:00,34035.60758275606
2030-03-14 03:00:00+00:00,34777.37987106342
2030-03-14 04:00:00+00:00,38386.07093130595
2030-03-14 05:00:00+00:00,52768.708969347754
2030-03-14 06:00:00+00:00,77046.03650472
2030-03-14 07:00:00+00:00,93510.63136503083
2030-03-14 08:00:00+00:00,88470.73406959257
2030-03-14 09:00:00+00:00,81328.16361318697
2030-03-14 10:00:00+00:00,78334.85512639383
2030-03-14 11:00:00+00:00,78522.18396968319
2030-03-14 12:00:00+00:00,80319.37262926315
2030-03-14 13:00:00+00:00,83575.30300919546
2030-03-14 14:00:00+00:00,86941.35064261852
2030-03-14 15:00:00+00:00,91945.80320190094
2030-03-14 16:00:00+00:00,98219.21721157814
2030-03-14 17:00:00+00:00,96354.89840638732
2030-03-14 18:00:00+00:00,87505.90821770846
2030-03-14 19:00:00+00:00,72347.94595336766
2030-03-14 20:00:00+00:00,59942.67704768027
2030-03-14 21:00:00+00:00,52290.65402749663
2030-03-14 22:00:00+00:00,47554.944078255416
2030-03-14 23:00:00+00:00,41188.47589620683
2030-03-15 00:00:00+00:00,36744.97704055146
2030-03-15 01:00:00+00:00,34694.841907382885
2030-03-15 02:00:00+00:00,34094.82322349958
2030-03-15 03:00:00+00:00,34751.88819054265
2030-03-15 04:00:00+00:00,38041.39935385979
2030-03-15 05:00:00+00:00,50851.19831233284
2030-03-15 06:00:00+00:00,71991.83302930587
2030-03-15 07:00:00+00:00,86498.56578053869
2030-03-15 08:00:00+00:00,81626.7906334994
2030-03-15 09:00:00+00:00,78001.15942488828
2030-03-15 10:00:00+00:00,79743.21801352542
2030-03-15 11:00:00+00:00,83773.12135115382
2030-03-15 12:00:00+00:00,90713.0228766327
2030-03-15 13:00:00+00:00,96215.94592887498
2030-03-15 14:00:00+00:00,98967.66425544623
2030-03-15 15:00:00+00:00,99505.8160276085
2030-03-15 16:00:00+00:00,98558.55489387612
2030-03-15 17:00:00+00:00,94948.21684980555
2030-03-15 18:00:00+00:00,87666.84659991255
2030-03-15 19:00:00+00:00,75275.12516988761
2030-03-15 20:00:00+00:00,63637.90747166552
2030-03-15 21:00:00+00:00,55134.15963227646
2030-03-15 22:00:00+00:00,50591.5724077298
2030-03-15 23:00:00+00:00,45339.4812616553
2030-03-16 00:00:00+00:00,40664.18425648685
2030-03-16 01:00:00+00:00,37492.78613976825
2030-03-16 02:00:00+00:00,35805.47588637891
2030-03-16 03:00:00+00:00,35574.34724387289
2030-03-16 04:00:00+00:00,37003.97975080042
2030-03-16 05:00:00+00:00,41445.082024609444
2030-03-16 06:00:00+00:00,45861.07594664136
2030-03-16 07:00:00+00:00,53114.14150970989
2030-03-16 08:00:00+00:00,63413.71317941389
2030-03-16 09:00:00+00:00,75267.44841648013
2030-03-16 10:00:00+00:00,83033.26973912459
2030-03-16 11:00:00+00:00,85155.33433489248
2030-03-16 12:00:00+00:00,84337.16875255837
2030-03-16 13:00:00+00:00,84788.77229316102
2030-03-16 14:00:00+00:00,84360.29247066169
2030-03-16 15:00:00+00:00,79810.54596177509
2030-03-16 16:00:00+00:00,76913.73254216189
2030-03-16 17:00:00+00:00,75793.75047191799
2030-03-16 18:00:00+00:00,71997.73959221753
2030-03-16 19:00:00+00:00,62594.187737745895
2030-03-16 20:00:00+00:00,54981.31023687611
2030-03-16 21:00:00+00:00,48888.16715374827
2030-03-16 22:00:00+00:00,46094.98444269351
2030-03-16 23:00:00+00:00,43438.254671739625
2030-03-17 00:00:00+00:00,39984.38417058614
2030-03-17 01:00:00+00:00,36773.81215427773
2030-03-17 02:00:00+00:00,34087.915082285006
2030-03-17 03:00:00+00:00,33202.61802130086
2030-03-17 04:00:00+00:00,33312.02174006118
2030-03-17 05:00:00+00:00,34950.670237315026
2030-03-17 06:00:00+00:00,36269.9021595329
2030-03-17 07:00:00+00:00,39188.94568330495
2030-03-17 08:00:00+00:00,45956.66422093147
2030-03-17 09:00:00+00:00,56935.093861945665
2030-03-17 10:00:00+00:00,68427.8141009253
2030-03-17 11:00:00+00:00,76175.28049300794
2030-03-17 12:00:00+00:00,78388.02144368926
2030-03-17 13:00:00+00:00,81021.66189751701
2030-03-17 14:00:00+00:00,83804.10322205168
2030-03-17 15:00:00+00:00,82089.61600884916
2030-03-17 16:00:00+00:00,82357.36593836542
2030-03-17 17:00:00+00:00,84176.9236809958
2030-03-17 18:00:00+00:00,79841.26977147035
2030-03-17 19:00:00+00:00,71347.2325480829
2030-03-17 20:00:00+00:00,62113.566801859364
2030-03-17 21:00:00+00:00,53281.37276005011
2030-03-17 22:00:00+00:00,46272.216710295856
2030-03-17 23:00:00+00:00,40373.09932485371
2030-03-18 00:00:00+00:00,36347.15114549611
2030-03-18 01:00:00+00:00,34513.7509354264
2030-03-18 02:00:00+00:00,34157.84647058777
2030-03-18 03:00:00+00:00,35727.93065125879
2030-03-18 04:00:00+00:00,41037.15741085718
2030-03-18 05:00:00+00:00,57549.07697279386
2030-03-18 06:00:00+00:00,81241.44911879662
2030-03-18 07:00:00+00:00,94724.45874667392
2030-03-18 08:00:00+00:00,88376.15970258195
2030-03-18 09:00:00+00:00,81195.68772971314
2030-03-18 10:00:00+00:00,78422.66060149942
2030-03-18 11:00:00+00:00,78206.75519922154
2030-03-18 12:00:00+00:00,78744.18888195591
2030-03-18 13:00:00+00:00,80701.54674872037
2030-03-18 14:00:00+00:00,83109.95359080262
2030-03-18 15:00:00+00:00,87758.18505757788
2030-03-18 16:00:00+00:00,94697.81626223834
2030-03-18 17:00:00+00:00,92635.99489636773
2030-03-18 18:00:00+00:00,81457.95297610934
2030-03-18 19:00:00+00:00,65981.65187894584
2030-03-18 20:00:00+00:00,55131.72328096243
2030-03-18 21:00:00+00:00,48562.96155256833
2030-03-18 22:00:00+00:00,44352.199524388634
2030-03-18 23:00:00+00:00,38760.70634333084
2030-03-19 00:00:00+00:00,35406.74674229092
2030-03-19 01:00:00+00:00,34026.03085912729
2030-03-19 02:00:00+00:00,33780.042507065395
2030-03-19 03:00:00+00:00,34697.281359149754
2030-03-19 04:00:00+00:00,38500.47418363159
2030-03-19 05:00:00+00:00,53368.45527244299
2030-03-19 06:00:00+00:00,78310.96038653742
2030-03-19 07:00:00+00:00,94483.17215928297
2030-03-19 08:00:00+00:00,88801.47273929241
2030-03-19 09:00:00+00:00,80662.47364059545
2030-03-19 10:00:00+00:00,76408.89406969394
2030-03-19 11:00:00+00:00,75898.48223411416
2030-03-19 12:00:00+00:00,77533.72975115184
2030-03-19 13:00:00+00:00,80578.67482678645
2030-03-19 14:00:00+00:00,83704.05224584963
2030-03-19 15:00:00+00:00,89250.18663505258
2030-03-19 16:00:00+00:00,96761.89958156589
2030-03-19 17:00:00+00:00,94764.20147664656
2030-03-19 18:00:00+00:00,84045.47305021416
2030-03-19 19:00:00+00:00,67773.51303707386
2030-03-19 20:00:00+00:00,55923.239164936844
2030-03-19 21:00:00+00:00,49227.509067872634
2030-03-19 22:00:00+00:00,45155.99611336666
2030-03-19 23:00:00+00:00,39433.03777222936
2030-03-20 00:00:00+00:00,35708.09175650406
2030-03-20 01:00:00+00:00,34074.89342039221
2030-03-20 02:00:00+00:00,33707.01339735416
2030-03-20 03:00:00+00:00,34513.57134264688
2030-03-20 04:00:00+00:00,38144.089063196385
2030-03-20 05:00:00+00:00,52668.08733000741
2030-03-20 06:00:00+00:00,77291.59978544986
2030-03-20 07:00:00+00:00,93623.15056054047
2030-03-20 08:00:00+00:00,88390.01557394344
2030-03-20 09:00:00+00:00,80873.75796286362
2030-03-20 10:00:00+00:00,77329.0258964682
2030-03-20 11:00:00+00:00,77439.5593715449
2030-03-20 12:00:00+00:00,79649.70928528084
2030-03-20 13:00:00+00:00,83257.17998390598
2030-03-20 14:00:00+00:00,86521.33292083933
2030-03-20 15:00:00+00:00,91822.35820067604
2030-03-20 16:00:00+00:00,98975.74676908198
2030-03-20 17:00:00+00:00,97079.81353098767
2030-03-20 18:00:00+00:00,86363.30003029814
2030-03-20 19:00:00+00:00,70461.4489226411
2030-03-20 20:00:00+00:00,58273.46272046173
2030-03-20 21:00:00+00:00,50991.521626032416
2030-03-20 22:00:00+00:00,46635.80915418354
2030-03-20 23:00:00+00:00,40593.05702118272
2030-03-21 00:00:00+00:00,36374.84469792809
2030-03-21 01:00:00+00:00,34460.17383725061
2030-03-21 02:00:00+00:00,33947.20871734568
2030-03-21 03:00:00+00:00,34689.28678504589
2030-03-21 04:00:00+00:00,38257.06297331989
2030-03-21 05:00:00+00:00,52462.5234525849
2030-03-21 06:00:00+00:00,76489.88307217362
2030-03-21 07:00:00+00:00,92651.49116183087
2030-03-21 08:00:00+00:00,87896.19971732056
2030-03-21 09:00:00+00:00,81060.3702590311
2030-03-21 10:00:00+00:00,78377.72432237814
2030-03-21 11:00:00+00:00,78819.60164900374
2030-03-21 12:00:00+00:00,80780.39634587857
2030-03-21 13:00:00+00:00,84113.24545758353
2030-03-21 14:00:00+00:00,87685.38074967546
2030-03-21 15:00:00+00:00,92884.85484236186
2030-03-21 16:00:00+00:00,99247.36746349293
2030-03-21 17:00:00+00:00,97382.01749045534
2030-03-21 18:00:00+00:00,88320.55079623409
2030-03-21 19:00:00+00:00,72879.329145592
2030-03-21 20:00:00+00:00,60319.36878588115
2030-03-21 21:00:00+00:00,52588.534311029965
2030-03-21 22:00:00+00:00,47779.52692274977
2030-03-21 23:00:00+00:00,41341.05048712207
2030-03-22 00:00:00+00:00,36846.02361865985
2030-03-22 01:00:00+00:00,34774.22161039581
2030-03-22 02:00:00+00:00,34167.713773141106
2030-03-22 03:00:00+00:00,34834.76128497043
2030-03-22 04:00:00+00:00,38181.18380216971
2030-03-22 05:00:00+00:00,51194.08208598236
2030-03-22 06:00:00+00:00,72723.07265789661
2030-03-22 07:00:00+00:00,87586.20890812461
2030-03-22 08:00:00+00:00,82777.96678486801
2030-03-22 09:00:00+00:00,79350.44209836084
2030-03-22 10:00:00+00:00,81382.26298591703
2030-03-22 11:00:00+00:00,85626.33357177075
2030-03-22 12:00:00+00:00,92878.32854875106
2030-03-22 13:00:00+00:00,98576.89883710632
2030-03-22 14:00:00+00:00,101419.27920490423
2030-03-22 15:00:00+00:00,102067.7098439692
2030-03-22 16:00:00+00:00,101110.09852647621
2030-03-22 17:00:00+00:00,97295.1462488348
2030-03-22 18:00:00+00:00,89477.26191556233
2030-03-22 19:00:00+00:00,76367.3529101546
2030-03-22 20:00:00+00:00,64339.21210483995
2030-03-22 21:00:00+00:00,55633.69891743419
2030-03-22 22:00:00+00:00,50997.139131261305
2030-03-22 23:00:00+00:00,45638.06378896713
2030-03-23 00:00:00+00:00,40866.8363206535
2030-03-23 01:00:00+00:00,37622.16137457941
2030-03-23 02:00:00+00:00,35906.576290474426
2030-03-23 03:00:00+00:00,35673.31558659472
2030-03-23 04:00:00+00:00,37116.06294711078
2030-03-23 05:00:00+00:00,41609.20360245528
2030-03-23 06:00:00+00:00,46089.36810943606
2030-03-23 07:00:00+00:00,53453.603934876846
2030-03-23 08:00:00+00:00,64013.54378878429
2030-03-23 09:00:00+00:00,76303.28687656145
2030-03-23 10:00:00+00:00,84476.60112648073
2030-03-23 11:00:00+00:00,86880.9970488358
2030-03-23 12:00:00+00:00,86213.96886060326
2030-03-23 13:00:00+00:00,86882.09069174058
2030-03-23 14:00:00+00:00,86540.00736652303
2030-03-23 15:00:00+00:00,81841.9031401944
2030-03-23 16:00:00+00:00,78738.85889399031
2030-03-23 17:00:00+00:00,77493.51785869071
2030-03-23 18:00:00+00:00,73413.38225500805
2030-03-23 19:00:00+00:00,63592.71389272778
2030-03-23 20:00:00+00:00,55684.9700098463
2030-03-23 21:00:00+00:00,49413.753242887185
2030-03-23 22:00:00+00:00,46527.332302046714
2030-03-23 23:00:00+00:00,43782.85212880406
2030-03-24 00:00:00+00:00,40228.929527788765
2030-03-24 01:00:00+00:00,36945.853503458704
2030-03-24 02:00:00+00:00,34194.84137777472
2030-03-24 03:00:00+00:00,33285.872607419595
2030-03-24 04:00:00+00:00,33396.46422889437
2030-03-24 05:00:00+00:00,35065.06205091877
2030-03-24 06:00:00+00:00,36404.580642066234
2030-03-24 07:00:00+00:00,39378.61690157008
2030-03-24 08:00:00+00:00,46324.7528023282
2030-03-24 09:00:00+00:00,57641.17121269628
2030-03-24 10:00:00+00:00,69564.65957772026
2030-03-24 11:00:00+00:00,77675.80315882324
2030-03-24 12:00:00+00:00,80026.41431559382
2030-03-24 13:00:00+00:00,82778.3832420131
2030-03-24 14:00:00+00:00,85702.29944441158
2030-03-24 15:00:00+00:00,83882.8095926098
2030-03-24 16:00:00+00:00,84124.50463253183
2030-03-24 17:00:00+00:00,85893.8649329948
2030-03-24 18:00:00+00:00,81241.22347812186
2030-03-24 19:00:00+00:00,72335.99984774066
2030-03-24 20:00:00+00:00,62769.9894640457
2030-03-24 21:00:00+00:00,53684.58449745218
2030-03-24 22:00:00+00:00,46504.324915676385
2030-03-24 23:00:00+00:00,40513.70497778629
2030-03-25 00:00:00+00:00,36439.90113928846
2030-03-25 01:00:00+00:00,34580.97454851715
2030-03-25 02:00:00+00:00,34221.027529002386
2030-03-25 03:00:00+00:00,35798.453791815475
2030-03-25 04:00:00+00:00,41167.21615738011
2030-03-25 05:00:00+00:00,57862.4634432392
2030-03-25 06:00:00+00:00,81850.34169209156
2030-03-25 07:00:00+00:00,95533.87786060607
2030-03-25 08:00:00+00:00,89176.88679879124
2030-03-25 09:00:00+00:00,82019.57356640976
2030-03-25 10:00:00+00:00,79370.95090060336
2030-03-25 11:00:00+00:00,79223.54809872086
2030-03-25 12:00:00+00:00,79873.8924710986
2030-03-25 13:00:00+00:00,81835.09998462349
2030-03-25 14:00:00+00:00,84279.13649380131
2030-03-25 15:00:00+00:00,88968.14620901637
2030-03-25 16:00:00+00:00,96003.49148531171
2030-03-25 17:00:00+00:00,93845.35041681914
2030-03-25 18:00:00+00:00,82332.79985392482
2030-03-25 19:00:00+00:00,66528.36121738286
2030-03-25 20:00:00+00:00,55510.90240297971
2030-03-25 21:00:00+00:00,48830.00262221161
2030-03-25 22:00:00+00:00,44567.269786478464
2030-03-25 23:00:00+00:00,38899.70831767313
2030-03-26 00:00:00+00:00,35494.32962286691
2030-03-26 01:00:00+00:00,34096.07757521857
2030-03-26 02:00:00+00:00,33842.78001210899
2030-03-26 03:00:00+00:00,34764.6542837193
2030-03-26 04:00:00+00:00,38604.04420202764
2030-03-26 05:00:00+00:00,53612.021218826514
2030-03-26 06:00:00+00:00,78722.69131769147
2030-03-26 07:00:00+00:00,95051.20161418647
2030-03-26 08:00:00+00:00,89378.76171978546
2030-03-26 09:00:00+00:00,81276.22198973266
2030-03-26 10:00:00+00:00,77040.10175732613
2030-03-26 11:00:00+00:00,76625.35056941165
2030-03-26 12:00:00+00:00,78378.6225973024
2030-03-26 13:00:00+00:00,81528.39575397746
2030-03-26 14:00:00+00:00,84776.41401488466
2030-03-26 15:00:00+00:00,90511.52159370348
2030-03-26 16:00:00+00:00,98178.99947818831
2030-03-26 17:00:00+00:00,96140.44619078313
2030-03-26 18:00:00+00:00,85065.2256262376
2030-03-26 19:00:00+00:00,68475.80666433249
2030-03-26 20:00:00+00:00,56422.606679605
2030-03-26 21:00:00+00:00,49587.67410743201
2030-03-26 22:00:00+00:00,45470.033229855944
2030-03-26 23:00:00+00:00,39641.16979462678
2030-03-27 00:00:00+00:00,35844.09208784351
2030-03-27 01:00:00+00:00,34189.53125275378
2030-03-27 02:00:00+00:00,33813.34582934485
2030-03-27 03:00:00+00:00,34633.97154287389
2030-03-27 04:00:00+00:00,38327.19073618409
2030-03-27 05:00:00+00:00,53121.46221938398
2030-03-27 06:00:00+00:00,78174.18674897873
2030-03-27 07:00:00+00:00,94682.62826192459
2030-03-27 08:00:00+00:00,89222.44503321641
2030-03-27 09:00:00+00:00,81479.95973728328
2030-03-27 10:00:00+00:00,77896.29744902304
2030-03-27 11:00:00+00:00,77985.94370139681
2030-03-27 12:00:00+00:00,80190.93080848485
2030-03-27 13:00:00+00:00,83823.15831655785
2030-03-27 14:00:00+00:00,87092.19765707571
2030-03-27 15:00:00+00:00,92469.81841015998
2030-03-27 16:00:00+00:00,99687.41944529714
2030-03-27 17:00:00+00:00,97731.46690278096
2030-03-27 18:00:00+00:00,86959.4136932778
2030-03-27 19:00:00+00:00,70958.9367965925
2030-03-27 20:00:00+00:00,58658.7128562535
2030-03-27 21:00:00+00:00,51288.44349198139
2030-03-27 22:00:00+00:00,46877.67926331603
2030-03-27 23:00:00+00:00,40748.10875516493
2030-03-28 00:00:00+00:00,36471.10908981327
2030-03-28 01:00:00+00:00,34531.924099604614
2030-03-28 02:00:00+00:00,34006.27265175488
2030-03-28 03:00:00+00:00,34742.33106894952
2030-03-28 04:00:00+00:00,38338.935992219616
2030-03-28 05:00:00+00:00,52656.46631097409
2030-03-28 06:00:00+00:00,76899.75982444352
2030-03-28 07:00:00+00:00,93164.37530984153
2030-03-28 08:00:00+00:00,88228.59205149418
2030-03-28 09:00:00+00:00,81288.70766718069
2030-03-28 10:00:00+00:00,78541.61651331407
2030-03-28 11:00:00+00:00,79011.23810485436
2030-03-28 12:00:00+00:00,80945.93733675714
2030-03-28 13:00:00+00:00,84361.14314520713
2030-03-28 14:00:00+00:00,87871.74749692166
2030-03-28 15:00:00+00:00,93059.71838257721
2030-03-28 16:00:00+00:00,99356.76720938443
2030-03-28 17:00:00+00:00,97456.83741607491
2030-03-28 18:00:00+00:00,88488.7722407552
2030-03-28 19:00:00+00:00,73197.04913083433
2030-03-28 20:00:00+00:00,60692.5683989895
2030-03-28 21:00:00+00:00,52914.96033778274
2030-03-28 22:00:00+00:00,48102.44644240164
2030-03-28 23:00:00+00:00,41593.999468030546
2030-03-29 00:00:00+00:00,37028.28860337786
2030-03-29 01:00:00+00:00,34938.47490639809
2030-03-29 02:00:00+00:00,34335.343846820295
2030-03-29 03:00:00+00:00,35043.837118736745
2030-03-29 04:00:00+00:00,38504.745946966235
2030-03-29 05:00:00+00:00,51963.99325731961
2030-03-29 06:00:00+00:00,74195.63855373501
2030-03-29 07:00:00+00:00,89192.23785129095
2030-03-29 08:00:00+00:00,83632.14167981027
2030-03-29 09:00:00+00:00,79585.24101584035
2030-03-29 10:00:00+00:00,81258.9696682983
2030-03-29 11:00:00+00:00,85382.30417026136
2030-03-29 12:00:00+00:00,92439.458234989
2030-03-29 13:00:00+00:00,98023.49840787778
2030-03-29 14:00:00+00:00,100709.51902770429
2030-03-29 15:00:00+00:00,101307.19946763318
2030-03-29 16:00:00+00:00,100410.3826520619
2030-03-29 17:00:00+00:00,96694.9762244155
2030-03-29 18:00:00+00:00,89225.5359400474
2030-03-29 19:00:00+00:00,76529.74392241058
2030-03-29 20:00:00+00:00,64630.263885964385
2030-03-29 21:00:00+00:00,55943.12748348305
2030-03-29 22:00:00+00:00,51333.39098964534
2030-03-29 23:00:00+00:00,45940.93468475959
2030-03-30 00:00:00+00:00,41116.34760150084
2030-03-30 01:00:00+00:00,37820.11620824194
2030-03-30 02:00:00+00:00,36075.892288301155
2030-03-30 03:00:00+00:00,35845.351293821506
2030-03-30 04:00:00+00:00,37324.07096186522
2030-03-30 05:00:00+00:00,41914.78459443807
2030-03-30 06:00:00+00:00,46475.81805991606
2030-03-30 07:00:00+00:00,53866.91342286964
2030-03-30 08:00:00+00:00,64213.380069176645
2030-03-30 09:00:00+00:00,76030.27461440345
2030-03-30 10:00:00+00:00,83684.76658490067
2030-03-30 11:00:00+00:00,85823.2098021597
2030-03-30 12:00:00+00:00,84955.615895947
2030-03-30 13:00:00+00:00,85465.08170311438
2030-03-30 14:00:00+00:00,85063.41127858122
2030-03-30 15:00:00+00:00,80368.46828597318
2030-03-30 16:00:00+00:00,77354.2068565163
2030-03-30 17:00:00+00:00,76216.7845440848
2030-03-30 18:00:00+00:00,72429.91181665716
2030-03-30 19:00:00+00:00,63162.42949689735
2030-03-30 20:00:00+00:00,55570.340850731176
2030-03-30 21:00:00+00:00,49425.864758246964
2030-03-30 22:00:00+00:00,46642.99802087282
2030-03-30 23:00:00+00:00,43938.16126374227
2030-03-31 00:00:00+00:00,40401.383932733115
2030-03-31 01:00:00+00:00,34290.709698009356
2030-03-31 02:00:00+00:00,33373.64387346641
2030-03-31 03:00:00+00:00,33497.07660356433
2030-03-31 04:00:00+00:00,35200.107560187374
2030-03-31 05:00:00+00:00,36573.560568231376
2030-03-31 06:00:00+00:00,39610.298037199
2030-03-31 07:00:00+00:00,46570.479140934316
2030-03-31 08:00:00+00:00,57642.821929296675
2030-03-31 09:00:00+00:00,69099.39347376305
2030-03-31 10:00:00+00:00,76710.0598783667
2030-03-31 11:00:00+00:00,78790.30318263518
2030-03-31 12:00:00+00:00,81356.71542272641
2030-03-31 13:00:00+00:00,84079.99749264299
2030-03-31 14:00:00+00:00,82267.52252295801
2030-03-31 15:00:00+00:00,82487.32158154533
2030-03-31 16:00:00+00:00,84268.74108719685
2030-03-31 17:00:00+00:00,79870.87414183943
2030-03-31 18:00:00+00:00,71389.25107296175
2030-03-31 19:00:00+00:00,62272.70021528801
2030-03-31 20:00:00+00:00,53472.97334917619
2030-03-31 21:00:00+00:00,46418.44383030329
2030-03-31 22:00:00+00:00,40511.18160328369
2030-03-31 23:00:00+00:00,36460.620710990595
2030-04-01 00:00:00+00:00,34600.79517985702
2030-04-01 01:00:00+00:00,34246.83365178172
2030-04-01 02:00:00+00:00,35836.54070768116
2030-04-01 03:00:00+00:00,41222.26050614385
2030-04-01 04:00:00+00:00,58000.335426329104
2030-04-01 05:00:00+00:00,82069.63399274224
2030-04-01 06:00:00+00:00,95766.52181027872
2030-04-01 07:00:00+00:00,89275.49963275193
2030-04-01 08:00:00+00:00,81811.79903592274
2030-04-01 09:00:00+00:00,78959.73572416941
2030-04-01 10:00:00+00:00,78713.58023554047
2030-04-01 11:00:00+00:00,79160.37138737991
2030-04-01 12:00:00+00:00,81010.96140925337
2030-04-01 13:00:00+00:00,83197.14150367635
2030-04-01 14:00:00+00:00,87697.38112441542
2030-04-01 15:00:00+00:00,94423.7066231722
2030-04-01 16:00:00+00:00,92210.51203609972
2030-04-01 17:00:00+00:00,81016.00810003208
2030-04-01 18:00:00+00:00,65753.0216772518
2030-04-01 19:00:00+00:00,55134.94504586551
2030-04-01 20:00:00+00:00,48643.2192614296
2030-04-01 21:00:00+00:00,44469.142869255054
2030-04-01 22:00:00+00:00,38868.12925890895
2030-04-01 23:00:00+00:00,35485.242007370805
2030-04-02 00:00:00+00:00,34099.04269754614
2030-04-02 01:00:00+00:00,33855.236546486514
2030-04-02 02:00:00+00:00,34787.76846514659
2030-04-02 03:00:00+00:00,38678.82995111393
2030-04-02 04:00:00+00:00,53796.24368991241
2030-04-02 05:00:00+00:00,79173.16965694583
2030-04-02 06:00:00+00:00,95678.70393107155
2030-04-02 07:00:00+00:00,89606.68844924976
2030-04-02 08:00:00+00:00,80937.0530776364
2030-04-02 09:00:00+00:00,76296.74997151458
2030-04-02 10:00:00+00:00,75618.71701734584
2030-04-02 11:00:00+00:00,77119.1407547312
2030-04-02 12:00:00+00:00,79977.82130974626
2030-04-02 13:00:00+00:00,82963.72948732073
2030-04-02 14:00:00+00:00,88306.10617688825
2030-04-02 15:00:00+00:00,95564.3402936348
2030-04-02 16:00:00+00:00,93550.9835252285
2030-04-02 17:00:00+00:00,82926.5408072314
2030-04-02 18:00:00+00:00,67062.35381142305
2030-04-02 19:00:00+00:00,55700.40273248853
2030-04-02 20:00:00+00:00,49203.881993371564
2030-04-02 21:00:00+00:00,45223.68763891205
2030-04-02 22:00:00+00:00,39525.73231583907
2030-04-02 23:00:00+00:00,35802.47147196307
2030-04-03 00:00:00+00:00,34157.34677255689
2030-04-03 01:00:00+00:00,33796.54058692542
2030-04-03 02:00:00+00:00,34619.83416336708
2030-04-03 03:00:00+00:00,38327.18318136918
2030-04-03 04:00:00+00:00,53135.34316805358
2030-04-03 05:00:00+00:00,78243.15863852568
2030-04-03 06:00:00+00:00,94854.29262695479
2030-04-03 07:00:00+00:00,89200.20542809322
2030-04-03 08:00:00+00:00,81096.32106724789
2030-04-03 09:00:00+00:00,77161.77753234087
2030-04-03 10:00:00+00:00,76891.45952458469
2030-04-03 11:00:00+00:00,78848.15238764531
2030-04-03 12:00:00+00:00,82206.77795489952
2030-04-03 13:00:00+00:00,85211.00129122571
2030-04-03 14:00:00+00:00,90226.0891008573
2030-04-03 15:00:00+00:00,97149.16695232202
2030-04-03 16:00:00+00:00,95230.95240715472
2030-04-03 17:00:00+00:00,84861.00979104979
2030-04-03 18:00:00+00:00,69453.54042716745
2030-04-03 19:00:00+00:00,57759.267943429455
2030-04-03 20:00:00+00:00,50722.32395918989
2030-04-03 21:00:00+00:00,46482.561918429616
2030-04-03 22:00:00+00:00,40533.90936176739
2030-04-03 23:00:00+00:00,36335.07474327152
2030-04-04 00:00:00+00:00,34431.21998265127
2030-04-04 01:00:00+00:00,33918.7126122763
2030-04-04 02:00:00+00:00,34647.96030040861
2030-04-04 03:00:00+00:00,38185.49247123249
2030-04-04 04:00:00+00:00,52279.318716216265
2030-04-04 05:00:00+00:00,76123.42495357961
2030-04-04 06:00:00+00:00,92277.29847383994
2030-04-04 07:00:00+00:00,87630.31534179489
2030-04-04 08:00:00+00:00,80786.0415800699
2030-04-04 09:00:00+00:00,78093.86468179563
2030-04-04 10:00:00+00:00,78484.95882444666
2030-04-04 11:00:00+00:00,80398.3966491807
2030-04-04 12:00:00+00:00,83686.75146395007
2030-04-04 13:00:00+00:00,87036.27944160736
2030-04-04 14:00:00+00:00,92010.29236646189
2030-04-04 15:00:00+00:00,98125.60474922006
2030-04-04 16:00:00+00:00,96133.93078940161
2030-04-04 17:00:00+00:00,87164.09704682018
2030-04-04 18:00:00+00:00,72110.31724952292
2030-04-04 19:00:00+00:00,59935.961464873624
2030-04-04 20:00:00+00:00,52418.56091430335
2030-04-04 21:00:00+00:00,47708.338888068356
2030-04-04 22:00:00+00:00,41326.94580507727
2030-04-04 23:00:00+00:00,36859.78726214368
2030-04-05 00:00:00+00:00,34797.91345290699
2030-04-05 01:00:00+00:00,34206.83966434221
2030-04-05 02:00:00+00:00,34887.04436402915
2030-04-05 03:00:00+00:00,38270.24636586333
2030-04-05 04:00:00+00:00,51406.303154346555
2030-04-05 05:00:00+00:00,73092.52556347373
2030-04-05 06:00:00+00:00,88037.0814594868
2030-04-05 07:00:00+00:00,82937.38068749689
2030-04-05 08:00:00+00:00,79073.14061167976
2030-04-05 09:00:00+00:00,80719.83086967542
2030-04-05 10:00:00+00:00,84648.96789874333
2030-04-05 11:00:00+00:00,91469.14246579264
2030-04-05 12:00:00+00:00,96760.78367103738
2030-04-05 13:00:00+00:00,99243.62866105448
2030-04-05 14:00:00+00:00,99579.9206296316
2030-04-05 15:00:00+00:00,98509.86739970172
2030-04-05 16:00:00+00:00,94739.16249869506
2030-04-05 17:00:00+00:00,87290.53562123961
2030-04-05 18:00:00+00:00,74862.49601441094
2030-04-05 19:00:00+00:00,63552.06331299077
2030-04-05 20:00:00+00:00,55296.082827110724
2030-04-05 21:00:00+00:00,50853.54081766882
2030-04-05 22:00:00+00:00,45643.5704408192
2030-04-05 23:00:00+00:00,40926.31437545725
2030-04-06 00:00:00+00:00,37699.535315536
2030-04-06 01:00:00+00:00,35989.14325312691
2030-04-06 02:00:00+00:00,35766.61006628186
2030-04-06 03:00:00+00:00,37246.05111237353
2030-04-06 04:00:00+00:00,41811.58073888877
2030-04-06 05:00:00+00:00,46351.87837869232
2030-04-06 06:00:00+00:00,53812.75932253678
2030-04-06 07:00:00+00:00,64208.73593104282
2030-04-06 08:00:00+00:00,75690.89028459178
2030-04-06 09:00:00+00:00,82963.01124710424
2030-04-06 10:00:00+00:00,84757.42279243928
2030-04-06 11:00:00+00:00,83679.37259484093
2030-04-06 12:00:00+00:00,84045.41613027244
2030-04-06 13:00:00+00:00,83441.69727237077
2030-04-06 14:00:00+00:00,78826.61852970225
2030-04-06 15:00:00+00:00,75845.42011787718
2030-04-06 16:00:00+00:00,74616.39405929124
2030-04-06 17:00:00+00:00,70884.50511807745
2030-04-06 18:00:00+00:00,61838.32279800322
2030-04-06 19:00:00+00:00,54692.48691101933
2030-04-06 20:00:00+00:00,48897.285456483216
2030-04-06 21:00:00+00:00,46224.627835301646
2030-04-06 22:00:00+00:00,43598.30787816446
2030-04-06 23:00:00+00:00,40127.09839446187
2030-04-07 00:00:00+00:00,36898.50421631814
2030-04-07 01:00:00+00:00,34177.83505559406
2030-04-07 02:00:00+00:00,33282.37135045656
2030-04-07 03:00:00+00:00,33401.026066675564
2030-04-07 04:00:00+00:00,35072.41358955416
2030-04-07 05:00:00+00:00,36414.97938665568
2030-04-07 06:00:00+00:00,39396.31459397064
2030-04-07 07:00:00+00:00,46198.080713385374
2030-04-07 08:00:00+00:00,57101.50465835496
2030-04-07 09:00:00+00:00,68359.71318630419
2030-04-07 10:00:00+00:00,75739.68126305327
2030-04-07 11:00:00+00:00,77702.91315053767
2030-04-07 12:00:00+00:00,80150.36595959692
2030-04-07 13:00:00+00:00,82791.6448991548
2030-04-07 14:00:00+00:00,81052.19132397945
2030-04-07 15:00:00+00:00,81301.31950906888
2030-04-07 16:00:00+00:00,83093.54808331002
2030-04-07 17:00:00+00:00,78850.74728859583
2030-04-07 18:00:00+00:00,70528.02286316898
2030-04-07 19:00:00+00:00,61606.62874692723
2030-04-07 20:00:00+00:00,52969.07395467777
2030-04-07 21:00:00+00:00,46064.999164314904
2030-04-07 22:00:00+00:00,40257.7891107939
2030-04-07 23:00:00+00:00,36288.13629770482
2030-04-08 00:00:00+00:00,34472.74108241149
2030-04-08 01:00:00+00:00,34130.968204453886
2030-04-08 02:00:00+00:00,35689.87715986493
2030-04-08 03:00:00+00:00,40979.98928679667
2030-04-08 04:00:00+00:00,57435.06533388449
2030-04-08 05:00:00+00:00,81061.83904653769
2030-04-08 06:00:00+00:00,94514.18439283229
2030-04-08 07:00:00+00:00,88229.747100516
2030-04-08 08:00:00+00:00,80987.625002633
2030-04-08 09:00:00+00:00,78138.00062695934
2030-04-08 10:00:00+00:00,77738.88403347219
2030-04-08 11:00:00+00:00,78167.91551205156
2030-04-08 12:00:00+00:00,79904.23349367735
2030-04-08 13:00:00+00:00,82082.62697608661
2030-04-08 14:00:00+00:00,86588.8241914652
2030-04-08 15:00:00+00:00,93349.95365087899
2030-04-08 16:00:00+00:00,91299.54570710017
2030-04-08 17:00:00+00:00,80269.03783866616
2030-04-08 18:00:00+00:00,65184.32339671783
2030-04-08 19:00:00+00:00,54678.0092269985
2030-04-08 20:00:00+00:00,48303.30005569567
2030-04-08 21:00:00+00:00,44193.58772721252
2030-04-08 22:00:00+00:00,38686.19745739373
2030-04-08 23:00:00+00:00,35367.03567758725
2030-04-09 00:00:00+00:00,34001.37436474654
2030-04-09 01:00:00+00:00,33760.877533244515
2030-04-09 02:00:00+00:00,34674.71319327799
2030-04-09 03:00:00+00:00,38459.53914856857
2030-04-09 04:00:00+00:00,53241.00915317274
2030-04-09 05:00:00+00:00,78000.91818001764
2030-04-09 06:00:00+00:00,94047.82149660055
2030-04-09 07:00:00+00:00,88332.70056461854
2030-04-09 08:00:00+00:00,80142.83034291922
2030-04-09 09:00:00+00:00,75761.754931182
2030-04-09 10:00:00+00:00,75093.87050213279
2030-04-09 11:00:00+00:00,76548.60711322221
2030-04-09 12:00:00+00:00,79419.14287830818
2030-04-09 13:00:00+00:00,82385.15615257654
2030-04-09 14:00:00+00:00,87739.34198137805
2030-04-09 15:00:00+00:00,95065.90864068146
2030-04-09 16:00:00+00:00,93072.69058361417
2030-04-09 17:00:00+00:00,82528.49915386224
2030-04-09 18:00:00+00:00,66681.67095617409
2030-04-09 19:00:00+00:00,55270.853453949654
2030-04-09 20:00:00+00:00,48806.53709304495
2030-04-09 21:00:00+00:00,44852.41428302648
2030-04-09 22:00:00+00:00,39259.7745923093
2030-04-09 23:00:00+00:00,35611.73500935917
2030-04-10 00:00:00+00:00,34014.448424954135
2030-04-10 01:00:00+00:00,33657.975478012544
2030-04-10 02:00:00+00:00,34464.266721265514
2030-04-10 03:00:00+00:00,38077.233164769124
2030-04-10 04:00:00+00:00,52535.5871118634
2030-04-10 05:00:00+00:00,77021.89090612101
2030-04-10 06:00:00+00:00,93314.16741080982
2030-04-10 07:00:00+00:00,88011.61097585944
2030-04-10 08:00:00+00:00,80345.1043875484
2030-04-10 09:00:00+00:00,76614.05852568678
2030-04-10 10:00:00+00:00,76448.30056094164
2030-04-10 11:00:00+00:00,78356.15718635621
2030-04-10 12:00:00+00:00,81643.98114537625
2030-04-10 13:00:00+00:00,84528.05912270032
2030-04-10 14:00:00+00:00,89444.92407921782
2030-04-10 15:00:00+00:00,96209.60010697065
2030-04-10 16:00:00+00:00,94285.2953261086
2030-04-10 17:00:00+00:00,83968.7158190565
2030-04-10 18:00:00+00:00,68794.89159292448
2030-04-10 19:00:00+00:00,57207.43398539021
2030-04-10 20:00:00+00:00,50236.234632413834
2030-04-10 21:00:00+00:00,46032.821584143974
2030-04-10 22:00:00+00:00,40194.45291907067
2030-04-10 23:00:00+00:00,36120.065379741434
2030-04-11 00:00:00+00:00,34266.45439068228
2030-04-11 01:00:00+00:00,33763.62216401575
2030-04-11 02:00:00+00:00,34470.389424646004
2030-04-11 03:00:00+00:00,37911.088115799306
2030-04-11 04:00:00+00:00,51617.34655995269
2030-04-11 05:00:00+00:00,74845.51728540003
2030-04-11 06:00:00+00:00,90625.35064727304
2030-04-11 07:00:00+00:00,86307.42971927606
2030-04-11 08:00:00+00:00,79863.68107271453
2030-04-11 09:00:00+00:00,77333.21605977984
2030-04-11 10:00:00+00:00,77722.15312009536
2030-04-11 11:00:00+00:00,79605.05312048523
2030-04-11 12:00:00+00:00,82837.04093396725
2030-04-11 13:00:00+00:00,86141.51618471011
2030-04-11 14:00:00+00:00,91038.86042124103
2030-04-11 15:00:00+00:00,97052.74642372876
2030-04-11 16:00:00+00:00,95087.00205420428
2030-04-11 17:00:00+00:00,86261.14412581037
2030-04-11 18:00:00+00:00,71392.93051838313
2030-04-11 19:00:00+00:00,59343.04315725144
2030-04-11 20:00:00+00:00,51895.66251523219
2030-04-11 21:00:00+00:00,47262.501440627406
2030-04-11 22:00:00+00:00,41027.32956171208
2030-04-11 23:00:00+00:00,36656.277532392785
2030-04-12 00:00:00+00:00,34636.70878322024
2030-04-12 01:00:00+00:00,34053.4049659302
2030-04-12 02:00:00+00:00,34711.53574798138
2030-04-12 03:00:00+00:00,37988.391913690226
2030-04-12 04:00:00+00:00,50730.29762374514
2030-04-12 05:00:00+00:00,71790.67988176698
2030-04-12 06:00:00+00:00,86273.41308009159
2030-04-12 07:00:00+00:00,81376.92765930333
2030-04-12 08:00:00+00:00,77821.64236155065
2030-04-12 09:00:00+00:00,79535.95325227172
2030-04-12 10:00:00+00:00,83465.9190631427
2030-04-12 11:00:00+00:00,90346.4758307586
2030-04-12 12:00:00+00:00,95576.31578372866
2030-04-12 13:00:00+00:00,98145.70126793325
2030-04-12 14:00:00+00:00,98598.2912798044
2030-04-12 15:00:00+00:00,97615.61098783714
2030-04-12 16:00:00+00:00,93881.6894880282
2030-04-12 17:00:00+00:00,86440.31493005564
2030-04-12 18:00:00+00:00,74128.59671876807
2030-04-12 19:00:00+00:00,62867.73414762875
2030-04-12 20:00:00+00:00,54634.76486058002
2030-04-12 21:00:00+00:00,50256.49505113117
2030-04-12 22:00:00+00:00,45153.23636291386
2030-04-12 23:00:00+00:00,40538.64830333827
2030-04-13 00:00:00+00:00,37396.053470583334
2030-04-13 01:00:00+00:00,35735.24620752786
2030-04-13 02:00:00+00:00,35508.92136495871
2030-04-13 03:00:00+00:00,36934.73574490841
2030-04-13 04:00:00+00:00,41342.846967182464
2030-04-13 05:00:00+00:00,45737.62874806552
2030-04-13 06:00:00+00:00,52903.23174769302
2030-04-13 07:00:00+00:00,62921.02921002762
2030-04-13 08:00:00+00:00,74268.32579948426
2030-04-13 09:00:00+00:00,81434.3355133271
2030-04-13 10:00:00+00:00,83088.62953323331
2030-04-13 11:00:00+00:00,82141.69827547605
2030-04-13 12:00:00+00:00,82563.50618529596
2030-04-13 13:00:00+00:00,82039.58037276908
2030-04-13 14:00:00+00:00,77653.42024741956
2030-04-13 15:00:00+00:00,74791.82273848781
2030-04-13 16:00:00+00:00,73645.27602790824
2030-04-13 17:00:00+00:00,69918.97665303001
2030-04-13 18:00:00+00:00,60922.195281569024
2030-04-13 19:00:00+00:00,53625.60259926406
2030-04-13 20:00:00+00:00,47810.125169044324
2030-04-13 21:00:00+00:00,45116.91683739976
2030-04-13 22:00:00+00:00,42551.66485744128
2030-04-13 23:00:00+00:00,39248.54790932953
2030-04-14 00:00:00+00:00,36217.581967289334
2030-04-14 01:00:00+00:00,33685.6551924735
2030-04-14 02:00:00+00:00,32846.23591005053
2030-04-14 03:00:00+00:00,32938.95943882541
2030-04-14 04:00:00+00:00,34447.659461118215
2030-04-14 05:00:00+00:00,35659.90298147748
2030-04-14 06:00:00+00:00,38348.37207457863
2030-04-14 07:00:00+00:00,44624.259952838845
2030-04-14 08:00:00+00:00,54816.50587262799
2030-04-14 09:00:00+00:00,65491.60197907178
2030-04-14 10:00:00+00:00,72640.92288638168
2030-04-14 11:00:00+00:00,74666.64795890203
2030-04-14 12:00:00+00:00,77073.36286476294
2030-04-14 13:00:00+00:00,79496.86265536828
2030-04-14 14:00:00+00:00,77796.58149720423
2030-04-14 15:00:00+00:00,78036.15281786524
2030-04-14 16:00:00+00:00,79727.35128774375
2030-04-14 17:00:00+00:00,75688.88940657079
2030-04-14 18:00:00+00:00,67877.13952306766
2030-04-14 19:00:00+00:00,59433.05952243999
2030-04-14 20:00:00+00:00,51329.734383598145
2030-04-14 21:00:00+00:00,44868.29988846931
2030-04-14 22:00:00+00:00,39452.13781741071
2030-04-14 23:00:00+00:00,35755.822651688155
2030-04-15 00:00:00+00:00,34068.18811926089
2030-04-15 01:00:00+00:00,33747.158986526905
2030-04-15 02:00:00+00:00,35204.46274640195
2030-04-15 03:00:00+00:00,40148.24558929666
2030-04-15 04:00:00+00:00,55538.14714998697
2030-04-15 05:00:00+00:00,77674.06661598272
2030-04-15 06:00:00+00:00,90353.58708725373
2030-04-15 07:00:00+00:00,84426.20444813608
2030-04-15 08:00:00+00:00,77694.72320764953
2030-04-15 09:00:00+00:00,75108.20233751286
2030-04-15 10:00:00+00:00,74839.54974912644
2030-04-15 11:00:00+00:00,75253.76589007235
2030-04-15 12:00:00+00:00,76909.06672795324
2030-04-15 13:00:00+00:00,78936.21608296239
2030-04-15 14:00:00+00:00,83111.94760915345
2030-04-15 15:00:00+00:00,89402.47311300393
2030-04-15 16:00:00+00:00,87478.13173849555
2030-04-15 17:00:00+00:00,77149.41938097749
2030-04-15 18:00:00+00:00,62962.494898442346
2030-04-15 19:00:00+00:00,53141.66254794048
2030-04-15 20:00:00+00:00,47126.52529822246
2030-04-15 21:00:00+00:00,43248.858230684615
2030-04-15 22:00:00+00:00,38063.8419855737
2030-04-15 23:00:00+00:00,34937.626098920264
2030-04-16 00:00:00+00:00,33650.72481716776
2030-04-16 01:00:00+00:00,33416.749430433934
2030-04-16 02:00:00+00:00,34268.34873815421
2030-04-16 03:00:00+00:00,37800.94478323038
2030-04-16 04:00:00+00:00,51609.511681838114
2030-04-16 05:00:00+00:00,74770.88682660773
2030-04-16 06:00:00+00:00,89813.18095707733
2030-04-16 07:00:00+00:00,84621.32539675721
2030-04-16 08:00:00+00:00,77135.64836035567
2030-04-16 09:00:00+00:00,73202.9287239304
2030-04-16 10:00:00+00:00,72735.51450155265
2030-04-16 11:00:00+00:00,74239.26815440175
2030-04-16 12:00:00+00:00,77037.96138443961
2030-04-16 13:00:00+00:00,79908.43060769631
2030-04-16 14:00:00+00:00,84991.01906578465
2030-04-16 15:00:00+00:00,91921.43384116435
2030-04-16 16:00:00+00:00,90076.74320658085
2030-04-16 17:00:00+00:00,80023.78152653959
2030-04-16 18:00:00+00:00,64983.6046174251
2030-04-16 19:00:00+00:00,54142.85319409957
2030-04-16 20:00:00+00:00,47997.89749809227
2030-04-16 21:00:00+00:00,44222.88169990798
2030-04-16 22:00:00+00:00,38857.47144934478
2030-04-16 23:00:00+00:00,35354.66265290179
2030-04-17 00:00:00+00:00,33812.27303108573
2030-04-17 01:00:00+00:00,33471.1458084385
2030-04-17 02:00:00+00:00,34242.77884808585
2030-04-17 03:00:00+00:00,37688.03859110729
2030-04-17 04:00:00+00:00,51456.50620309433
2030-04-17 05:00:00+00:00,74766.91910730624
2030-04-17 06:00:00+00:00,90042.51479909639
2030-04-17 07:00:00+00:00,84999.8361832984
2030-04-17 08:00:00+00:00,77934.80277048906
2030-04-17 09:00:00+00:00,74643.52229101636
2030-04-17 10:00:00+00:00,74652.47934923106
2030-04-17 11:00:00+00:00,76551.63167629893
2030-04-17 12:00:00+00:00,79695.73123838681
2030-04-17 13:00:00+00:00,82417.31915121178
2030-04-17 14:00:00+00:00,87086.32865534
2030-04-17 15:00:00+00:00,93356.77607424543
2030-04-17 16:00:00+00:00,91332.14168436638
2030-04-17 17:00:00+00:00,81318.1998070397
2030-04-17 18:00:00+00:00,66733.22588763227
2030-04-17 19:00:00+00:00,55695.5530796615
2030-04-17 20:00:00+00:00,49102.09165363192
2030-04-17 21:00:00+00:00,45197.85421442401
2030-04-17 22:00:00+00:00,39687.853658344364
2030-04-17 23:00:00+00:00,35797.06413493585
2030-04-18 00:00:00+00:00,34031.85484497823
2030-04-18 01:00:00+00:00,33555.65368606969
2030-04-18 02:00:00+00:00,34242.65646701042
2030-04-18 03:00:00+00:00,37565.32288142422
2030-04-18 04:00:00+00:00,50775.30998684052
2030-04-18 05:00:00+00:00,73143.39384250507
2030-04-18 06:00:00+00:00,88370.44053637735
2030-04-18 07:00:00+00:00,84227.31491648931
2030-04-18 08:00:00+00:00,78015.88099176977
2030-04-18 09:00:00+00:00,75591.4463942774
2030-04-18 10:00:00+00:00,75978.83670774958
2030-04-18 11:00:00+00:00,77820.09337695997
2030-04-18 12:00:00+00:00,81053.14449963368
2030-04-18 13:00:00+00:00,84313.29707635715
2030-04-18 14:00:00+00:00,89304.12947473481
2030-04-18 15:00:00+00:00,95277.25258169351
2030-04-18 16:00:00+00:00,93507.45994031189
2030-04-18 17:00:00+00:00,84933.25132682208
2030-04-18 18:00:00+00:00,70435.8190895709
2030-04-18 19:00:00+00:00,58720.397025433165
2030-04-18 20:00:00+00:00,51467.47959053611
2030-04-18 21:00:00+00:00,46946.05456911667
2030-04-18 22:00:00+00:00,40826.05237373335
2030-04-18 23:00:00+00:00,36525.51095183907
2030-04-19 00:00:00+00:00,34543.66263064811
2030-04-19 01:00:00+00:00,33969.70381911359
2030-04-19 02:00:00+00:00,34624.851226861945
2030-04-19 03:00:00+00:00,37871.781729563525
2030-04-19 04:00:00+00:00,50509.16312839241
2030-04-19 05:00:00+00:00,71418.79744166734
2030-04-19 06:00:00+00:00,85765.75133733226
2030-04-19 07:00:00+00:00,80829.52438115726
2030-04-19 08:00:00+00:00,77188.73184323711
2030-04-19 09:00:00+00:00,78850.41833853598
2030-04-19 10:00:00+00:00,82716.97157312513
2030-04-19 11:00:00+00:00,89395.24634062921
2030-04-19 12:00:00+00:00,94528.04795107518
2030-04-19 13:00:00+00:00,96934.89316876282
2030-04-19 14:00:00+00:00,97232.75524759361
2030-04-19 15:00:00+00:00,96175.0710920197
2030-04-19 16:00:00+00:00,92490.28189506954
2030-04-19 17:00:00+00:00,85360.39989939907
2030-04-19 18:00:00+00:00,73344.625780735
2030-04-19 19:00:00+00:00,62434.57515068437
2030-04-19 20:00:00+00:00,54510.85216605868
2030-04-19 21:00:00+00:00,50217.448883645695
2030-04-19 22:00:00+00:00,45153.52729435949
2030-04-19 23:00:00+00:00,40550.60092234833
2030-04-20 00:00:00+00:00,37418.32708492059
2030-04-20 01:00:00+00:00,35758.907864306035
2030-04-20 02:00:00+00:00,35538.74983067934
2030-04-20 03:00:00+00:00,36969.106836313826
2030-04-20 04:00:00+00:00,41386.51294734857
2030-04-20 05:00:00+00:00,45755.2195235944
2030-04-20 06:00:00+00:00,52857.260354164
2030-04-20 07:00:00+00:00,62620.00552741651
2030-04-20 08:00:00+00:00,73735.95715788161
2030-04-20 09:00:00+00:00,80808.67755866321
2030-04-20 10:00:00+00:00,82495.68968844955
2030-04-20 11:00:00+00:00,81510.15223357802
2030-04-20 12:00:00+00:00,81868.34230174217
2030-04-20 13:00:00+00:00,81360.20864086923
2030-04-20 14:00:00+00:00,76898.94487136905
2030-04-20 15:00:00+00:00,74001.19822841797
2030-04-20 16:00:00+00:00,72897.34185697173
2030-04-20 17:00:00+00:00,69301.60609490612
2030-04-20 18:00:00+00:00,60591.62428218915
2030-04-20 19:00:00+00:00,53648.62655735189
2030-04-20 20:00:00+00:00,48061.33319795172
2030-04-20 21:00:00+00:00,45471.83521359768
2030-04-20 22:00:00+00:00,42972.331471903526
2030-04-20 23:00:00+00:00,39641.88135382186
2030-04-21 00:00:00+00:00,36547.737688399466
2030-04-21 01:00:00+00:00,33947.487401222534
2030-04-21 02:00:00+00:00,33091.90755318833
2030-04-21 03:00:00+00:00,33208.5160762277
2030-04-21 04:00:00+00:00,34818.92010955834
2030-04-21 05:00:00+00:00,36108.003049496416
2030-04-21 06:00:00+00:00,38946.543739353314
2030-04-21 07:00:00+00:00,45474.22503808197
2030-04-21 08:00:00+00:00,56010.84717208468
2030-04-21 09:00:00+00:00,66994.49412241556
2030-04-21 10:00:00+00:00,74352.98228438605
2030-04-21 11:00:00+00:00,76367.0335612526
2030-04-21 12:00:00+00:00,78771.90080257496
2030-04-21 13:00:00+00:00,81343.91357297066
2030-04-21 14:00:00+00:00,79556.83193749918
2030-04-21 15:00:00+00:00,79894.75031619408
2030-04-21 16:00:00+00:00,81505.47895436203
2030-04-21 17:00:00+00:00,77359.61755919419
2030-04-21 18:00:00+00:00,69236.39311990465
2030-04-21 19:00:00+00:00,60549.96886596067
2030-04-21 20:00:00+00:00,52238.929544527076
2030-04-21 21:00:00+00:00,45560.867772151214
2030-04-21 22:00:00+00:00,39924.44010416312
2030-04-21 23:00:00+00:00,36073.2793189929
2030-04-22 00:00:00+00:00,34308.113506559464
2030-04-22 01:00:00+00:00,33971.17131129915
2030-04-22 02:00:00+00:00,35482.39695271986
2030-04-22 03:00:00+00:00,40624.56045640486
2030-04-22 04:00:00+00:00,56630.571252802605
2030-04-22 05:00:00+00:00,79512.59798179066
2030-04-22 06:00:00+00:00,92274.24493754622
2030-04-22 07:00:00+00:00,85869.18595312904
2030-04-22 08:00:00+00:00,78777.3401263952
2030-04-22 09:00:00+00:00,76038.01916449044
2030-04-22 10:00:00+00:00,75648.32066495204
2030-04-22 11:00:00+00:00,76047.4602153606
2030-04-22 12:00:00+00:00,77739.36678590802
2030-04-22 13:00:00+00:00,79871.47970036759
2030-04-22 14:00:00+00:00,84118.58353018746
2030-04-22 15:00:00+00:00,90495.6023327846
2030-04-22 16:00:00+00:00,88451.67286279291
2030-04-22 17:00:00+00:00,77872.69731507695
2030-04-22 18:00:00+00:00,63370.45590713966
2030-04-22 19:00:00+00:00,53310.2482004306
2030-04-22 20:00:00+00:00,47214.33929496204
2030-04-22 21:00:00+00:00,43295.89221180163
2030-04-22 22:00:00+00:00,38097.11366084806
2030-04-22 23:00:00+00:00,34970.82462113608
2030-04-23 00:00:00+00:00,33685.60761232333
2030-04-23 01:00:00+00:00,33456.33524765854
2030-04-23 02:00:00+00:00,34320.39678265708
2030-04-23 03:00:00+00:00,37909.82580524997
2030-04-23 04:00:00+00:00,51921.04991649885
2030-04-23 05:00:00+00:00,75423.45912361435
2030-04-23 06:00:00+00:00,90573.97497776896
2030-04-23 07:00:00+00:00,85027.51370104108
2030-04-23 08:00:00+00:00,77305.47367186936
2030-04-23 09:00:00+00:00,73215.57433438668
2030-04-23 10:00:00+00:00,72679.53318203331
2030-04-23 11:00:00+00:00,74030.47832088418
2030-04-23 12:00:00+00:00,76738.25147310643
2030-04-23 13:00:00+00:00,79504.1951783436
2030-04-23 14:00:00+00:00,84537.38097515325
2030-04-23 15:00:00+00:00,91358.29513029767
2030-04-23 16:00:00+00:00,89467.88654944832
2030-04-23 17:00:00+00:00,79490.93606619285
2030-04-23 18:00:00+00:00,64582.115437901746
2030-04-23 19:00:00+00:00,53838.003628942664
2030-04-23 20:00:00+00:00,47789.32730288285
2030-04-23 21:00:00+00:00,44074.6377031027
2030-04-23 22:00:00+00:00,38769.96998585934
2030-04-23 23:00:00+00:00,35285.27953311653
2030-04-24 00:00:00+00:00,33754.58617537221
2030-04-24 01:00:00+00:00,33414.7794189936
2030-04-24 02:00:00+00:00,34179.63611247383
2030-04-24 03:00:00+00:00,37607.98727358714
2030-04-24 04:00:00+00:00,51310.4732319571
2030-04-24 05:00:00+00:00,74541.12398531169
2030-04-24 06:00:00+00:00,89757.18108300935
2030-04-24 07:00:00+00:00,84647.50098941814
2030-04-24 08:00:00+00:00,77511.5297902801
2030-04-24 09:00:00+00:00,74115.90264662716
2030-04-24 10:00:00+00:00,74098.05978491485
2030-04-24 11:00:00+00:00,76026.40732023693
2030-04-24 12:00:00+00:00,79246.85073329746
2030-04-24 13:00:00+00:00,82022.08502062314
2030-04-24 14:00:00+00:00,86752.54390324054
2030-04-24 15:00:00+00:00,93345.16518686671
2030-04-24 16:00:00+00:00,91553.81497881767
2030-04-24 17:00:00+00:00,81685.94447110855
2030-04-24 18:00:00+00:00,67091.45380131573
2030-04-24 19:00:00+00:00,56027.13185354681
2030-04-24 20:00:00+00:00,49380.32847339482
2030-04-24 21:00:00+00:00,45392.47782174401
2030-04-24 22:00:00+00:00,39787.94897285516
2030-04-24 23:00:00+00:00,35851.838988745985
2030-04-25 00:00:00+00:00,34066.16893263101
2030-04-25 01:00:00+00:00,33588.21022639143
2030-04-25 02:00:00+00:00,34277.22767634524
2030-04-25 03:00:00+00:00,37611.26653674461
2030-04-25 04:00:00+00:00,50885.48951441803
2030-04-25 05:00:00+00:00,73370.81955393191
2030-04-25 06:00:00+00:00,88542.66267188336
2030-04-25 07:00:00+00:00,84263.36683838547
2030-04-25 08:00:00+00:00,77971.94533699597
2030-04-25 09:00:00+00:00,75472.31778142751
2030-04-25 10:00:00+00:00,75741.84177062406
2030-04-25 11:00:00+00:00,77422.37998218504
2030-04-25 12:00:00+00:00,80455.40016915763
2030-04-25 13:00:00+00:00,83604.81481969573
2030-04-25 14:00:00+00:00,88434.17831613687
2030-04-25 15:00:00+00:00,94309.70616462099
2030-04-25 16:00:00+00:00,92419.93904198121
2030-04-25 17:00:00+00:00,84055.06710242755
2030-04-25 18:00:00+00:00,69923.02660262206
2030-04-25 19:00:00+00:00,58430.772240121536
2030-04-25 20:00:00+00:00,51341.140807636126
2030-04-25 21:00:00+00:00,46884.56678311069
2030-04-25 22:00:00+00:00,40818.17243947116
2030-04-25 23:00:00+00:00,36537.805018372266
2030-04-26 00:00:00+00:00,34564.68167449218
2030-04-26 01:00:00+00:00,33996.2866505069
2030-04-26 02:00:00+00:00,34665.80021952901
2030-04-26 03:00:00+00:00,37949.948391080776
2030-04-26 04:00:00+00:00,50675.68224191141
2030-04-26 05:00:00+00:00,71746.42324472238
2030-04-26 06:00:00+00:00,86110.66785406927
2030-04-26 07:00:00+00:00,81094.15180506876
2030-04-26 08:00:00+00:00,77418.7653089013
2030-04-26 09:00:00+00:00,79143.29987316753
2030-04-26 10:00:00+00:00,83081.46468250167
2030-04-26 11:00:00+00:00,89904.86606283794
2030-04-26 12:00:00+00:00,95358.5197108033
2030-04-26 13:00:00+00:00,97810.31893017059
2030-04-26 14:00:00+00:00,98468.05147784122
2030-04-26 15:00:00+00:00,97468.11492084258
2030-04-26 16:00:00+00:00,93871.20534081137
2030-04-26 17:00:00+00:00,86514.95774224836
2030-04-26 18:00:00+00:00,74235.15762154688
2030-04-26 19:00:00+00:00,62987.586675113074
2030-04-26 20:00:00+00:00,54777.31568526376
2030-04-26 21:00:00+00:00,50368.973313968105
2030-04-26 22:00:00+00:00,45239.377332955264
2030-04-26 23:00:00+00:00,40595.10417858127
2030-04-27 00:00:00+00:00,37440.17222745732
2030-04-27 01:00:00+00:00,35771.165859440625
2030-04-27 02:00:00+00:00,35550.04406166978
2030-04-27 03:00:00+00:00,36969.175029916136
2030-04-27 04:00:00+00:00,41381.107470865696
2030-04-27 05:00:00+00:00,45774.19962855913
2030-04-27 06:00:00+00:00,52881.03060247131
2030-04-27 07:00:00+00:00,62937.276041430225
2030-04-27 08:00:00+00:00,74470.16225395654
2030-04-27 09:00:00+00:00,82056.93278146433
2030-04-27 10:00:00+00:00,84040.60302769051
2030-04-27 11:00:00+00:00,83174.47503722819
2030-04-27 12:00:00+00:00,83566.86492252188
2030-04-27 13:00:00+00:00,82986.92819094512
2030-04-27 14:00:00+00:00,78429.84793491256
2030-04-27 15:00:00+00:00,75392.76032248624
2030-04-27 16:00:00+00:00,74186.4037041374
2030-04-27 17:00:00+00:00,70474.48797373108
2030-04-27 18:00:00+00:00,61454.06777040983
2030-04-27 19:00:00+00:00,54214.02597512827
2030-04-27 20:00:00+00:00,48482.886612067356
2030-04-27 21:00:00+00:00,45837.05209627329
2030-04-27 22:00:00+00:00,43265.28729949392
2030-04-27 23:00:00+00:00,39859.25222587037
2030-04-28 00:00:00+00:00,36687.441342384
2030-04-28 01:00:00+00:00,34022.00709855615
2030-04-28 02:00:00+00:00,33135.74759045232
2030-04-28 03:00:00+00:00,33229.80753540517
2030-04-28 04:00:00+00:00,34821.94164749018
2030-04-28 05:00:00+00:00,36085.74439197397
2030-04-28 06:00:00+00:00,38898.95641538368
2030-04-28 07:00:00+00:00,45427.90693240456
2030-04-28 08:00:00+00:00,55991.314177738794
2030-04-28 09:00:00+00:00,67002.09938479905
2030-04-28 10:00:00+00:00,74327.2086583685
2030-04-28 11:00:00+00:00,76348.91412870726
2030-04-28 12:00:00+00:00,78806.2075869908
2030-04-28 13:00:00+00:00,81539.16438936531
2030-04-28 14:00:00+00:00,79920.73176737006
2030-04-28 15:00:00+00:00,80177.6208673755
2030-04-28 16:00:00+00:00,81943.56893738119
2030-04-28 17:00:00+00:00,77712.13588106175
2030-04-28 18:00:00+00:00,69563.06204440135
2030-04-28 19:00:00+00:00,60740.66911949033
2030-04-28 20:00:00+00:00,52349.410278257776
2030-04-28 21:00:00+00:00,45594.60618866686
2030-04-28 22:00:00+00:00,39936.001226332766
2030-04-28 23:00:00+00:00,36069.832702808366
2030-04-29 00:00:00+00:00,34300.090110311074
2030-04-29 01:00:00+00:00,33961.64914505163
2030-04-29 02:00:00+00:00,35468.8069644943
2030-04-29 03:00:00+00:00,40595.03810519055
2030-04-29 04:00:00+00:00,56557.19974352331
2030-04-29 05:00:00+00:00,79468.88149249725
2030-04-29 06:00:00+00:00,92355.3838505434
2030-04-29 07:00:00+00:00,86045.2440362843
2030-04-29 08:00:00+00:00,79036.13934824745
2030-04-29 09:00:00+00:00,76355.69086237423
2030-04-29 10:00:00+00:00,76050.85002065863
2030-04-29 11:00:00+00:00,76463.4911343156
2030-04-29 12:00:00+00:00,78195.53732374981
2030-04-29 13:00:00+00:00,80286.42006872795
2030-04-29 14:00:00+00:00,84528.06675332008
2030-04-29 15:00:00+00:00,90928.37777697484
2030-04-29 16:00:00+00:00,88840.0098922329
2030-04-29 17:00:00+00:00,78192.3881559029
2030-04-29 18:00:00+00:00,63735.33068086857
2030-04-29 19:00:00+00:00,53649.46925142676
2030-04-29 20:00:00+00:00,47595.86326648153
2030-04-29 21:00:00+00:00,43678.979536551604
2030-04-29 22:00:00+00:00,38398.80113013046
2030-04-29 23:00:00+00:00,35186.97231879264
2030-04-30 00:00:00+00:00,33863.185830505245
2030-04-30 01:00:00+00:00,33634.6475283115
2030-04-30 02:00:00+00:00,34535.97766007679
2030-04-30 03:00:00+00:00,38261.14188172345
2030-04-30 04:00:00+00:00,52857.39506500259
2030-04-30 05:00:00+00:00,77315.02814107062
2030-04-30 06:00:00+00:00,92717.54234029389
2030-04-30 07:00:00+00:00,86491.36832430153
2030-04-30 08:00:00+00:00,78356.84867562003
2030-04-30 09:00:00+00:00,74098.97313614194
2030-04-30 10:00:00+00:00,73535.37835116162
2030-04-30 11:00:00+00:00,75004.38178739953
2030-04-30 12:00:00+00:00,77720.77426285285
2030-04-30 13:00:00+00:00,80616.88182796745
2030-04-30 14:00:00+00:00,85732.3161947121
2030-04-30 15:00:00+00:00,92777.07949574778
2030-04-30 16:00:00+00:00,90870.93645083698
2030-04-30 17:00:00+00:00,80651.05383887261
2030-04-30 18:00:00+00:00,65398.30886843993
2030-04-30 19:00:00+00:00,54419.29110864667
2030-04-30 20:00:00+00:00,48278.94120991943
2030-04-30 21:00:00+00:00,44497.14541873501
2030-04-30 22:00:00+00:00,39064.354311970026
2030-04-30 23:00:00+00:00,35485.85374488923
2030-05-01 00:00:00+00:00,33919.675535629765
2030-05-01 01:00:00+00:00,33574.37251655533
2030-05-01 02:00:00+00:00,34366.06811700585
2030-05-01 03:00:00+00:00,37919.858721995464
2030-05-01 04:00:00+00:00,52102.56065326103
2030-05-01 05:00:00+00:00,76129.7802011612
2030-05-01 06:00:00+00:00,91729.31558862464
2030-05-01 07:00:00+00:00,86185.75788105042
2030-05-01 08:00:00+00:00,78520.15009544049
2030-05-01 09:00:00+00:00,74845.08960297277
2030-05-01 10:00:00+00:00,74652.89485228989
2030-05-01 11:00:00+00:00,76544.86917285103
2030-05-01 12:00:00+00:00,79761.48324616496
2030-05-01 13:00:00+00:00,82654.26589875312
2030-05-01 14:00:00+00:00,87334.65738776952
2030-05-01 15:00:00+00:00,93886.60371414052
2030-05-01 16:00:00+00:00,91999.30525034112
2030-05-01 17:00:00+00:00,82031.28598041163
2030-05-01 18:00:00+00:00,67398.28926677055
2030-05-01 19:00:00+00:00,56277.74280958142
2030-05-01 20:00:00+00:00,49757.35393810647
2030-05-01 21:00:00+00:00,45820.833065356645
2030-05-01 22:00:00+00:00,40127.22557416866
2030-05-01 23:00:00+00:00,36094.709692087396
2030-05-02 00:00:00+00:00,34267.66717114376
2030-05-02 01:00:00+00:00,33783.15535596726
2030-05-02 02:00:00+00:00,34508.729303751854
2030-05-02 03:00:00+00:00,38005.182711788795
2030-05-02 04:00:00+00:00,51829.57764335287
2030-05-02 05:00:00+00:00,75202.07452305469
2030-05-02 06:00:00+00:00,90501.76980790873
2030-05-02 07:00:00+00:00,85373.99662463633
2030-05-02 08:00:00+00:00,78459.85052171566
2030-05-02 09:00:00+00:00,75666.70633185303
2030-05-02 10:00:00+00:00,75873.67194050545
2030-05-02 11:00:00+00:00,77608.42005787388
2030-05-02 12:00:00+00:00,80612.70948025331
2030-05-02 13:00:00+00:00,83688.29380038787
2030-05-02 14:00:00+00:00,88325.32076099813
2030-05-02 15:00:00+00:00,94076.7971813577
2030-05-02 16:00:00+00:00,92137.35850277428
2030-05-02 17:00:00+00:00,83686.4852168833
2030-05-02 18:00:00+00:00,69514.37049507728
2030-05-02 19:00:00+00:00,58126.30430958313
2030-05-02 20:00:00+00:00,51145.76887060419
2030-05-02 21:00:00+00:00,46756.331917357675
2030-05-02 22:00:00+00:00,40726.517763746335
2030-05-02 23:00:00+00:00,36484.50725653475
2030-05-03 00:00:00+00:00,34519.50670904325
2030-05-03 01:00:00+00:00,33956.99054181284
2030-05-03 02:00:00+00:00,34616.30292113987
2030-05-03 03:00:00+00:00,37850.346602982085
2030-05-03 04:00:00+00:00,50393.9643202137
2030-05-03 05:00:00+00:00,71129.2084593977
2030-05-03 06:00:00+00:00,85058.87304175654
2030-05-03 07:00:00+00:00,79882.60668479453
2030-05-03 08:00:00+00:00,76195.51820203388
2030-05-03 09:00:00+00:00,77705.79639874215
2030-05-03 10:00:00+00:00,81419.08531323382
2030-05-03 11:00:00+00:00,88007.77634920384
2030-05-03 12:00:00+00:00,93248.46819938156
2030-05-03 13:00:00+00:00,95774.11828342358
2030-05-03 14:00:00+00:00,96275.44113528366
2030-05-03 15:00:00+00:00,95423.5803262998
2030-05-03 16:00:00+00:00,91907.90961154457
2030-05-03 17:00:00+00:00,84814.15537034353
2030-05-03 18:00:00+00:00,72833.32752942611
2030-05-03 19:00:00+00:00,61865.85793343852
2030-05-03 20:00:00+00:00,53876.998784634234
2030-05-03 21:00:00+00:00,49597.11772987361
2030-05-03 22:00:00+00:00,44654.30818551977
2030-05-03 23:00:00+00:00,40192.72470924718
2030-05-04 00:00:00+00:00,37154.413024481844
2030-05-04 01:00:00+00:00,35541.29836638022
2030-05-04 02:00:00+00:00,35325.83436107949
2030-05-04 03:00:00+00:00,36706.23326447818
2030-05-04 04:00:00+00:00,40992.41611999397
2030-05-04 05:00:00+00:00,45237.92141216821
2030-05-04 06:00:00+00:00,52118.119284691515
2030-05-04 07:00:00+00:00,61894.81713421539
2030-05-04 08:00:00+00:00,73191.68578688418
2030-05-04 09:00:00+00:00,80535.4702827139
2030-05-04 10:00:00+00:00,82494.52035248099
2030-05-04 11:00:00+00:00,81634.78019225216
2030-05-04 12:00:00+00:00,82005.89631789445
2030-05-04 13:00:00+00:00,81458.47508321416
2030-05-04 14:00:00+00:00,77051.0026535533
2030-05-04 15:00:00+00:00,74114.33529194907
2030-05-04 16:00:00+00:00,72935.26371728971
2030-05-04 17:00:00+00:00,69223.58241635059
2030-05-04 18:00:00+00:00,60429.316134254135
2030-05-04 19:00:00+00:00,53355.30020466622
2030-05-04 20:00:00+00:00,47738.95330198855
2030-05-04 21:00:00+00:00,45143.69117864858
2030-05-04 22:00:00+00:00,42658.960129570216
2030-05-04 23:00:00+00:00,39393.09550080409
2030-05-05 00:00:00+00:00,36351.584772138456
2030-05-05 01:00:00+00:00,33796.21863882943
2030-05-05 02:00:00+00:00,32948.824749371925
2030-05-05 03:00:00+00:00,33051.904678969055
2030-05-05 04:00:00+00:00,34598.71805230171
2030-05-05 05:00:00+00:00,35829.894752463486
2030-05-05 06:00:00+00:00,38524.17924617638
2030-05-05 07:00:00+00:00,44785.376386634714
2030-05-05 08:00:00+00:00,54892.5388470142
2030-05-05 09:00:00+00:00,65493.113454952174
2030-05-05 10:00:00+00:00,72503.08119943738
2030-05-05 11:00:00+00:00,74338.95317436679
2030-05-05 12:00:00+00:00,76586.23608289903
2030-05-05 13:00:00+00:00,79018.36599572416
2030-05-05 14:00:00+00:00,77356.73522864877
2030-05-05 15:00:00+00:00,77578.97279039875
2030-05-05 16:00:00+00:00,79120.60307917514
2030-05-05 17:00:00+00:00,75151.21668034843
2030-05-05 18:00:00+00:00,67397.88662183126
2030-05-05 19:00:00+00:00,59122.184893446116
2030-05-05 20:00:00+00:00,51264.25748560305
2030-05-05 21:00:00+00:00,44915.044008846766
2030-05-05 22:00:00+00:00,39520.68550984543
2030-05-05 23:00:00+00:00,35819.9053592109
2030-05-06 00:00:00+00:00,34128.87801501964
2030-05-06 01:00:00+00:00,33819.164321575205
2030-05-06 02:00:00+00:00,35307.13759032026
2030-05-06 03:00:00+00:00,40338.60174736205
2030-05-06 04:00:00+00:00,55993.47290007235
2030-05-06 05:00:00+00:00,78411.07342532628
2030-05-06 06:00:00+00:00,90736.76556728395
2030-05-06 07:00:00+00:00,84379.08202685336
2030-05-06 08:00:00+00:00,77467.52129709357
2030-05-06 09:00:00+00:00,74767.0285391632
2030-05-06 10:00:00+00:00,74328.97244892581
2030-05-06 11:00:00+00:00,74641.63077867277
2030-05-06 12:00:00+00:00,76159.48278187944
2030-05-06 13:00:00+00:00,78042.79829771892
2030-05-06 14:00:00+00:00,82043.99251951148
2030-05-06 15:00:00+00:00,88176.83152425798
2030-05-06 16:00:00+00:00,86154.25020644515
2030-05-06 17:00:00+00:00,75923.3055524139
2030-05-06 18:00:00+00:00,62103.883229080886
2030-05-06 19:00:00+00:00,52533.434368128124
2030-05-06 20:00:00+00:00,46835.24501056075
2030-05-06 21:00:00+00:00,43112.971585404375
2030-05-06 22:00:00+00:00,38016.365743951996
2030-05-06 23:00:00+00:00,34939.01366589663
2030-05-07 00:00:00+00:00,33682.49231741821
2030-05-07 01:00:00+00:00,33469.812736138425
2030-05-07 02:00:00+00:00,34352.836398863736
2030-05-07 03:00:00+00:00,37968.07774188127
2030-05-07 04:00:00+00:00,52048.08019333777
2030-05-07 05:00:00+00:00,75676.31694206006
2030-05-07 06:00:00+00:00,90191.39684868875
2030-05-07 07:00:00+00:00,84077.39540703973
2030-05-07 08:00:00+00:00,75881.45523126282
2030-05-07 09:00:00+00:00,71509.67365549435
2030-05-07 10:00:00+00:00,70982.03566391226
2030-05-07 11:00:00+00:00,72620.93608397845
2030-05-07 12:00:00+00:00,75487.71660069592
2030-05-07 13:00:00+00:00,78401.73961142081
2030-05-07 14:00:00+00:00,83452.74125321957
2030-05-07 15:00:00+00:00,90167.55154178421
2030-05-07 16:00:00+00:00,88217.4524863522
2030-05-07 17:00:00+00:00,78288.12434787172
2030-05-07 18:00:00+00:00,63526.39997878852
2030-05-07 19:00:00+00:00,52897.71865785009
2030-05-07 20:00:00+00:00,47151.17342858259
2030-05-07 21:00:00+00:00,43635.37591775097
2030-05-07 22:00:00+00:00,38465.543488139265
2030-05-07 23:00:00+00:00,35100.81061780911
2030-05-08 00:00:00+00:00,33618.21482866765
2030-05-08 01:00:00+00:00,33296.387306645775
2030-05-08 02:00:00+00:00,34050.2394046356
2030-05-08 03:00:00+00:00,37415.76463822528
2030-05-08 04:00:00+00:00,50854.50592814196
2030-05-08 05:00:00+00:00,73542.09000917777
2030-05-08 06:00:00+00:00,88455.2798234231
2030-05-08 07:00:00+00:00,83494.2384392814
2030-05-08 08:00:00+00:00,76468.05334656032
2030-05-08 09:00:00+00:00,73189.20978514422
2030-05-08 10:00:00+00:00,73149.21926932759
2030-05-08 11:00:00+00:00,75136.10246218907
2030-05-08 12:00:00+00:00,78433.95554121137
2030-05-08 13:00:00+00:00,81332.99413674304
2030-05-08 14:00:00+00:00,86194.88349172837
2030-05-08 15:00:00+00:00,92733.13512547167
2030-05-08 16:00:00+00:00,90990.31849402518
2030-05-08 17:00:00+00:00,81208.57586798751
2030-05-08 18:00:00+00:00,66808.78397213396
2030-05-08 19:00:00+00:00,55804.39401794991
2030-05-08 20:00:00+00:00,49253.83753432465
2030-05-08 21:00:00+00:00,45310.77571073044
2030-05-08 22:00:00+00:00,39762.954822889566
2030-05-08 23:00:00+00:00,35856.513021256986
2030-05-09 00:00:00+00:00,34082.36216176049
2030-05-09 01:00:00+00:00,33613.003479304345
2030-05-09 02:00:00+00:00,34311.04518230241
2030-05-09 03:00:00+00:00,37678.07835254924
2030-05-09 04:00:00+00:00,51061.66504163298
2030-05-09 05:00:00+00:00,73601.79548774393
2030-05-09 06:00:00+00:00,88494.16966239536
2030-05-09 07:00:00+00:00,83974.56511258424
2030-05-09 08:00:00+00:00,77580.38709517822
2030-05-09 09:00:00+00:00,75073.12182459985
2030-05-09 10:00:00+00:00,75532.7814510769
2030-05-09 11:00:00+00:00,77394.0547712737
2030-05-09 12:00:00+00:00,80643.59050661816
2030-05-09 13:00:00+00:00,83981.56328465011
2030-05-09 14:00:00+00:00,88983.25528153058
2030-05-09 15:00:00+00:00,94967.70826091191
2030-05-09 16:00:00+00:00,93152.32676315807
2030-05-09 17:00:00+00:00,84546.92515428788
2030-05-09 18:00:00+00:00,70086.76146633542
2030-05-09 19:00:00+00:00,58354.17953472051
2030-05-09 20:00:00+00:00,51151.876309293344
2030-05-09 21:00:00+00:00,46680.08367802656
2030-05-09 22:00:00+00:00,40647.78666820987
2030-05-09 23:00:00+00:00,36406.28722228616
2030-05-10 00:00:00+00:00,34450.023426011714
2030-05-10 01:00:00+00:00,33874.95055840648
2030-05-10 02:00:00+00:00,34511.937481736495
2030-05-10 03:00:00+00:00,37687.19783083281
2030-05-10 04:00:00+00:00,50058.08555181666
2030-05-10 05:00:00+00:00,70451.53481730899
2030-05-10 06:00:00+00:00,84252.41931721367
2030-05-10 07:00:00+00:00,79406.11452541554
2030-05-10 08:00:00+00:00,75898.07363904054
2030-05-10 09:00:00+00:00,77539.03039731218
2030-05-10 10:00:00+00:00,81394.30421419369
2030-05-10 11:00:00+00:00,87945.89827512413
2030-05-10 12:00:00+00:00,93117.54368710847
2030-05-10 13:00:00+00:00,95656.1680356784
2030-05-10 14:00:00+00:00,96013.48196721396
2030-05-10 15:00:00+00:00,95034.58824698153
2030-05-10 16:00:00+00:00,91620.49312008657
2030-05-10 17:00:00+00:00,84608.94893607522
2030-05-10 18:00:00+00:00,72699.57295934424
2030-05-10 19:00:00+00:00,61816.86838911112
2030-05-10 20:00:00+00:00,53893.63495705173
2030-05-10 21:00:00+00:00,49632.35828430541
2030-05-10 22:00:00+00:00,44672.121505107025
2030-05-10 23:00:00+00:00,40218.06249218071
2030-05-11 00:00:00+00:00,37167.160419436135
2030-05-11 01:00:00+00:00,35555.724630830904
2030-05-11 02:00:00+00:00,35342.34157957633
2030-05-11 03:00:00+00:00,36723.38075742025
2030-05-11 04:00:00+00:00,41007.67587383784
2030-05-11 05:00:00+00:00,45223.07877843739
2030-05-11 06:00:00+00:00,52105.05910112525
2030-05-11 07:00:00+00:00,61902.74890305794
2030-05-11 08:00:00+00:00,73175.65298732503
2030-05-11 09:00:00+00:00,80577.38307776423
2030-05-11 10:00:00+00:00,82586.43534351919
2030-05-11 11:00:00+00:00,81833.75255441079
2030-05-11 12:00:00+00:00,82343.35240910912
2030-05-11 13:00:00+00:00,81953.85992578852
2030-05-11 14:00:00+00:00,77666.89086206871
2030-05-11 15:00:00+00:00,74688.40346499969
2030-05-11 16:00:00+00:00,73590.80384356363
2030-05-11 17:00:00+00:00,69913.01788099064
2030-05-11 18:00:00+00:00,60976.2241608955
2030-05-11 19:00:00+00:00,53779.08502148075
2030-05-11 20:00:00+00:00,48061.18307745208
2030-05-11 21:00:00+00:00,45427.15441518228
2030-05-11 22:00:00+00:00,42907.21681479604
2030-05-11 23:00:00+00:00,39574.29988361889
2030-05-12 00:00:00+00:00,36476.35544663549
2030-05-12 01:00:00+00:00,33883.505546902095
2030-05-12 02:00:00+00:00,33015.903984626246
2030-05-12 03:00:00+00:00,33117.73789461561
2030-05-12 04:00:00+00:00,34693.87898173229
2030-05-12 05:00:00+00:00,35942.74583149791
2030-05-12 06:00:00+00:00,38683.532284752924
2030-05-12 07:00:00+00:00,45087.52549861246
2030-05-12 08:00:00+00:00,55476.29893018913
2030-05-12 09:00:00+00:00,66386.922511854
2030-05-12 10:00:00+00:00,73795.39570391088
2030-05-12 11:00:00+00:00,75942.17422469358
2030-05-12 12:00:00+00:00,78458.97642984235
2030-05-12 13:00:00+00:00,81180.25703954621
2030-05-12 14:00:00+00:00,79483.80921952451
2030-05-12 15:00:00+00:00,79675.25102698513
2030-05-12 16:00:00+00:00,81251.82160765777
2030-05-12 17:00:00+00:00,76964.7722604465
2030-05-12 18:00:00+00:00,68760.57149805166
2030-05-12 19:00:00+00:00,60052.16126160119
2030-05-12 20:00:00+00:00,51778.8071569892
2030-05-12 21:00:00+00:00,45207.52768807347
2030-05-12 22:00:00+00:00,39686.44807984145
2030-05-12 23:00:00+00:00,35917.78556579887
2030-05-13 00:00:00+00:00,34197.15403820339
2030-05-13 01:00:00+00:00,33875.69768187246
2030-05-13 02:00:00+00:00,35378.17055547821
2030-05-13 03:00:00+00:00,40460.28967435537
2030-05-13 04:00:00+00:00,56270.66047210918
2030-05-13 05:00:00+00:00,78973.39944030547
2030-05-13 06:00:00+00:00,91813.84864403002
2030-05-13 07:00:00+00:00,85674.45637883789
2030-05-13 08:00:00+00:00,78834.61890269043
2030-05-13 09:00:00+00:00,76231.54127831079
2030-05-13 10:00:00+00:00,76020.96715612883
2030-05-13 11:00:00+00:00,76500.06599330885
2030-05-13 12:00:00+00:00,78311.79102494413
2030-05-13 13:00:00+00:00,80466.58177639268
2030-05-13 14:00:00+00:00,84859.06435199137
2030-05-13 15:00:00+00:00,91495.75278743796
2030-05-13 16:00:00+00:00,89363.52182297624
2030-05-13 17:00:00+00:00,78691.09360887289
2030-05-13 18:00:00+00:00,64026.633025761264
2030-05-13 19:00:00+00:00,53796.25297798754
2030-05-13 20:00:00+00:00,47632.13128181126
2030-05-13 21:00:00+00:00,43671.892433171066
2030-05-13 22:00:00+00:00,38347.054027798054
2030-05-13 23:00:00+00:00,35127.59314147969
2030-05-14 00:00:00+00:00,33805.32685267144
2030-05-14 01:00:00+00:00,33564.692055892374
2030-05-14 02:00:00+00:00,34447.819710909105
2030-05-14 03:00:00+00:00,38102.86089229543
2030-05-14 04:00:00+00:00,52377.32702437438
2030-05-14 05:00:00+00:00,76246.97738082413
2030-05-14 06:00:00+00:00,91495.10682850002
2030-05-14 07:00:00+00:00,85876.22269311945
2030-05-14 08:00:00+00:00,78084.25070033895
2030-05-14 09:00:00+00:00,74039.31191087367
2030-05-14 10:00:00+00:00,73703.16575662467
2030-05-14 11:00:00+00:00,75266.35684807002
2030-05-14 12:00:00+00:00,78292.02981331015
2030-05-14 13:00:00+00:00,81266.60598442228
2030-05-14 14:00:00+00:00,86589.13025971116
2030-05-14 15:00:00+00:00,93816.39821557062
2030-05-14 16:00:00+00:00,91888.68602059814
2030-05-14 17:00:00+00:00,81475.0728626759
2030-05-14 18:00:00+00:00,65854.89780355238
2030-05-14 19:00:00+00:00,54625.54552499278
2030-05-14 20:00:00+00:00,48286.4462694736
2030-05-14 21:00:00+00:00,44448.73519889929
2030-05-14 22:00:00+00:00,38995.707126373825
2030-05-14 23:00:00+00:00,35433.86937673702
2030-05-15 00:00:00+00:00,33873.281060023466
2030-05-15 01:00:00+00:00,33526.29008966272
2030-05-15 02:00:00+00:00,34304.784805589436
2030-05-15 03:00:00+00:00,37814.55420043009
2030-05-15 04:00:00+00:00,51825.32562356958
2030-05-15 05:00:00+00:00,75555.97204964828
2030-05-15 06:00:00+00:00,91114.7675940435
2030-05-15 07:00:00+00:00,86019.28055247494
2030-05-15 08:00:00+00:00,78739.68193168176
2030-05-15 09:00:00+00:00,75342.93255492387
2030-05-15 10:00:00+00:00,75451.10097607513
2030-05-15 11:00:00+00:00,77529.1382720488
2030-05-15 12:00:00+00:00,80819.52609625751
2030-05-15 13:00:00+00:00,83740.1473003093
2030-05-15 14:00:00+00:00,88650.31135402303
2030-05-15 15:00:00+00:00,95238.26102462369
2030-05-15 16:00:00+00:00,93092.74516276411
2030-05-15 17:00:00+00:00,82862.26427407104
2030-05-15 18:00:00+00:00,67854.36285868275
2030-05-15 19:00:00+00:00,56500.89967764932
2030-05-15 20:00:00+00:00,49789.803499890106
2030-05-15 21:00:00+00:00,45772.729582575084
2030-05-15 22:00:00+00:00,40077.655382374556
2030-05-15 23:00:00+00:00,36056.09093321366
2030-05-16 00:00:00+00:00,34230.4927882224
2030-05-16 01:00:00+00:00,33749.196837794036
2030-05-16 02:00:00+00:00,34467.42489411365
2030-05-16 03:00:00+00:00,37917.42361761125
2030-05-16 04:00:00+00:00,51650.763864453525
2030-05-16 05:00:00+00:00,74718.63607860432
2030-05-16 06:00:00+00:00,89845.1457621582
2030-05-16 07:00:00+00:00,84967.10617365332
2030-05-16 08:00:00+00:00,78240.23275067312
2030-05-16 09:00:00+00:00,75523.92275495444
2030-05-16 10:00:00+00:00,75844.09637651067
2030-05-16 11:00:00+00:00,77593.60273201267
2030-05-16 12:00:00+00:00,80713.8192025736
2030-05-16 13:00:00+00:00,83903.79501262162
2030-05-16 14:00:00+00:00,88664.10201769006
2030-05-16 15:00:00+00:00,94403.6032221428
2030-05-16 16:00:00+00:00,92593.19565641336
2030-05-16 17:00:00+00:00,84131.56538520711
2030-05-16 18:00:00+00:00,69875.32529864273
2030-05-16 19:00:00+00:00,58333.38785747064
2030-05-16 20:00:00+00:00,51259.55625353597
2030-05-16 21:00:00+00:00,46880.27731496454
2030-05-16 22:00:00+00:00,40823.260971729454
2030-05-16 23:00:00+00:00,36560.93510582826
2030-05-17 00:00:00+00:00,34581.94466414006
2030-05-17 01:00:00+00:00,34012.18136855531
2030-05-17 02:00:00+00:00,34671.80551817259
2030-05-17 03:00:00+00:00,37927.84844527933
2030-05-17 04:00:00+00:00,50590.86187479497
2030-05-17 05:00:00+00:00,71446.55209612896
2030-05-17 06:00:00+00:00,85345.20351318372
2030-05-17 07:00:00+00:00,80114.5464216441
2030-05-17 08:00:00+00:00,76380.02840744029
2030-05-17 09:00:00+00:00,77943.13310119284
2030-05-17 10:00:00+00:00,81651.14649465331
2030-05-17 11:00:00+00:00,88160.42716727455
2030-05-17 12:00:00+00:00,93275.71686491185
2030-05-17 13:00:00+00:00,95778.13574109219
2030-05-17 14:00:00+00:00,96239.48981969792
2030-05-17 15:00:00+00:00,95236.2997710622
2030-05-17 16:00:00+00:00,91680.60782409992
2030-05-17 17:00:00+00:00,84566.34677911279
2030-05-17 18:00:00+00:00,72661.96086372843
2030-05-17 19:00:00+00:00,61717.44499015516
2030-05-17 20:00:00+00:00,53777.67652500073
2030-05-17 21:00:00+00:00,49552.72161792399
2030-05-17 22:00:00+00:00,44585.21293433623
2030-05-17 23:00:00+00:00,40123.019847457974
2030-05-18 00:00:00+00:00,37088.49479147054
2030-05-18 01:00:00+00:00,35480.71975114903
2030-05-18 02:00:00+00:00,35262.014992609904
2030-05-18 03:00:00+00:00,36621.586194788695
2030-05-18 04:00:00+00:00,40838.072357575555
2030-05-18 05:00:00+00:00,45012.771064606175
2030-05-18 06:00:00+00:00,51834.721456239786
2030-05-18 07:00:00+00:00,61553.37956461716
2030-05-18 08:00:00+00:00,72728.74767846988
2030-05-18 09:00:00+00:00,80063.73599436574
2030-05-18 10:00:00+00:00,82095.5124164471
2030-05-18 11:00:00+00:00,81362.84506869373
2030-05-18 12:00:00+00:00,81848.73048259983
2030-05-18 13:00:00+00:00,81434.21618633177
2030-05-18 14:00:00+00:00,77009.24148555008
2030-05-18 15:00:00+00:00,74118.89168059749
2030-05-18 16:00:00+00:00,72904.78446655448
2030-05-18 17:00:00+00:00,69228.74033907331
2030-05-18 18:00:00+00:00,60373.31507756176
2030-05-18 19:00:00+00:00,53279.78437622071
2030-05-18 20:00:00+00:00,47648.286631254196
2030-05-18 21:00:00+00:00,45049.188310721634
2030-05-18 22:00:00+00:00,42582.733605853784
2030-05-18 23:00:00+00:00,39328.444962079484
2030-05-19 00:00:00+00:00,36308.31847472071
2030-05-19 01:00:00+00:00,33771.10050390203
2030-05-19 02:00:00+00:00,32933.61394477834
2030-05-19 03:00:00+00:00,33042.24826245799
2030-05-19 04:00:00+00:00,34595.84668267092
2030-05-19 05:00:00+00:00,35813.73345134474
2030-05-19 06:00:00+00:00,38507.66974854156
2030-05-19 07:00:00+00:00,44788.09046329655
2030-05-19 08:00:00+00:00,54978.76303259983
2030-05-19 09:00:00+00:00,65583.91508276327
2030-05-19 10:00:00+00:00,72718.31385223709
2030-05-19 11:00:00+00:00,74602.32204736474
2030-05-19 12:00:00+00:00,76883.59709799463
2030-05-19 13:00:00+00:00,79235.22476999238
2030-05-19 14:00:00+00:00,77412.17908971795
2030-05-19 15:00:00+00:00,77397.51469513249
2030-05-19 16:00:00+00:00,78885.04602921476
2030-05-19 17:00:00+00:00,74780.71561471962
2030-05-19 18:00:00+00:00,67134.00203043029
2030-05-19 19:00:00+00:00,58936.53493042898
2030-05-19 20:00:00+00:00,51122.27864557076
2030-05-19 21:00:00+00:00,44802.95392516526
2030-05-19 22:00:00+00:00,39419.91105431948
2030-05-19 23:00:00+00:00,35738.2953023081
2030-05-20 00:00:00+00:00,34050.26219022695
2030-05-20 01:00:00+00:00,33727.336401476794
2030-05-20 02:00:00+00:00,35168.714335852084
2030-05-20 03:00:00+00:00,40055.55554151805
2030-05-20 04:00:00+00:00,55274.447426454804
2030-05-20 05:00:00+00:00,77049.0296932797
2030-05-20 06:00:00+00:00,89301.49601986165
2030-05-20 07:00:00+00:00,83463.41239795517
2030-05-20 08:00:00+00:00,76822.13601807282
2030-05-20 09:00:00+00:00,74357.12185929142
2030-05-20 10:00:00+00:00,74127.76677744125
2030-05-20 11:00:00+00:00,74492.56078321917
2030-05-20 12:00:00+00:00,76125.70032462412
2030-05-20 13:00:00+00:00,78108.92372139123
2030-05-20 14:00:00+00:00,82200.50207858463
2030-05-20 15:00:00+00:00,88365.50886970482
2030-05-20 16:00:00+00:00,86389.34547398923
2030-05-20 17:00:00+00:00,76116.12894254153
2030-05-20 18:00:00+00:00,62217.02228902073
2030-05-20 19:00:00+00:00,52537.21394562732
2030-05-20 20:00:00+00:00,46673.23490312804
2030-05-20 21:00:00+00:00,42914.37316451288
2030-05-20 22:00:00+00:00,37860.48611522284
2030-05-20 23:00:00+00:00,34814.74412243165
2030-05-21 00:00:00+00:00,33565.259080377626
2030-05-21 01:00:00+00:00,33347.59459052184
2030-05-21 02:00:00+00:00,34200.675151716474
2030-05-21 03:00:00+00:00,37717.380739247
2030-05-21 04:00:00+00:00,51458.824586666924
2030-05-21 05:00:00+00:00,74482.39730738824
2030-05-21 06:00:00+00:00,89387.99240708639
2030-05-21 07:00:00+00:00,84300.96798613261
2030-05-21 08:00:00+00:00,76923.6986158446
2030-05-21 09:00:00+00:00,73089.66668446391
2030-05-21 10:00:00+00:00,72696.33764740273
2030-05-21 11:00:00+00:00,74196.47578445754
2030-05-21 12:00:00+00:00,77017.35371647625
2030-05-21 13:00:00+00:00,79914.44973273379
2030-05-21 14:00:00+00:00,84982.4992959738
2030-05-21 15:00:00+00:00,91895.93925038958
2030-05-21 16:00:00+00:00,89935.88606089179
2030-05-21 17:00:00+00:00,79827.916566819
2030-05-21 18:00:00+00:00,64740.32332616975
2030-05-21 19:00:00+00:00,53876.34853874565
2030-05-21 20:00:00+00:00,47768.871514376595
2030-05-21 21:00:00+00:00,44043.62163844039
2030-05-21 22:00:00+00:00,38728.345898530475
2030-05-21 23:00:00+00:00,35258.98659257025
2030-05-22 00:00:00+00:00,33733.73984472734
2030-05-22 01:00:00+00:00,33394.739162996535
2030-05-22 02:00:00+00:00,34157.15072336056
2030-05-22 03:00:00+00:00,37583.51934895585
2030-05-22 04:00:00+00:00,51273.103367050375
2030-05-22 05:00:00+00:00,74431.3462143391
2030-05-22 06:00:00+00:00,89587.42578602376
2030-05-22 07:00:00+00:00,84618.30066529335
2030-05-22 08:00:00+00:00,77535.37606460972
2030-05-22 09:00:00+00:00,74170.0845330212
2030-05-22 10:00:00+00:00,74274.53834495149
2030-05-22 11:00:00+00:00,76217.5310935212
2030-05-22 12:00:00+00:00,79475.45490079846
2030-05-22 13:00:00+00:00,82363.0965727392
2030-05-22 14:00:00+00:00,87338.87284267101
2030-05-22 15:00:00+00:00,93909.67662611781
2030-05-22 16:00:00+00:00,92226.53153461142
2030-05-22 17:00:00+00:00,82319.2649559142
2030-05-22 18:00:00+00:00,67612.34603473777
2030-05-22 19:00:00+00:00,56370.3975120757
2030-05-22 20:00:00+00:00,49713.47082612829
2030-05-22 21:00:00+00:00,45693.77978519964
2030-05-22 22:00:00+00:00,40016.173139565675
2030-05-22 23:00:00+00:00,36005.81324061044
2030-05-23 00:00:00+00:00,34185.612422479
2030-05-23 01:00:00+00:00,33700.12884698948
2030-05-23 02:00:00+00:00,34409.096040722136
2030-05-23 03:00:00+00:00,37823.27339057491
2030-05-23 04:00:00+00:00,51410.188102776636
2030-05-23 05:00:00+00:00,74368.89027351086
2030-05-23 06:00:00+00:00,89699.30998116705
2030-05-23 07:00:00+00:00,85293.14489460345
2030-05-23 08:00:00+00:00,78965.06841636574
2030-05-23 09:00:00+00:00,76529.96263383683
2030-05-23 10:00:00+00:00,77014.71022172816
2030-05-23 11:00:00+00:00,79038.67508706408
2030-05-23 12:00:00+00:00,82292.44074274792
2030-05-23 13:00:00+00:00,85626.36583958702
2030-05-23 14:00:00+00:00,90482.2265891072
2030-05-23 15:00:00+00:00,96460.67513296827
2030-05-23 16:00:00+00:00,94553.69916065823
2030-05-23 17:00:00+00:00,85759.45846742782
2030-05-23 18:00:00+00:00,71055.10131176084
2030-05-23 19:00:00+00:00,59070.729435508074
2030-05-23 20:00:00+00:00,51704.46256740782
2030-05-23 21:00:00+00:00,47133.24483332996
2030-05-23 22:00:00+00:00,40939.01077354994
2030-05-23 23:00:00+00:00,36597.35326138022
2030-05-24 00:00:00+00:00,34592.91332242805
2030-05-24 01:00:00+00:00,34006.852389826854
2030-05-24 02:00:00+00:00,34654.031830924876
2030-05-24 03:00:00+00:00,37893.94262120056
2030-05-24 04:00:00+00:00,50491.16382201422
2030-05-24 05:00:00+00:00,71250.84109935291
2030-05-24 06:00:00+00:00,85416.8802726763
2030-05-24 07:00:00+00:00,80546.23436175773
2030-05-24 08:00:00+00:00,77020.18428778194
2030-05-24 09:00:00+00:00,78754.71795257076
2030-05-24 10:00:00+00:00,82683.50309362588
2030-05-24 11:00:00+00:00,89356.87256840518
2030-05-24 12:00:00+00:00,94632.26596875385
2030-05-24 13:00:00+00:00,97078.58252472099
2030-05-24 14:00:00+00:00,97412.59816049814
2030-05-24 15:00:00+00:00,96374.64999313558
2030-05-24 16:00:00+00:00,92702.97697348325
2030-05-24 17:00:00+00:00,85387.01193145289
2030-05-24 18:00:00+00:00,73182.62476237683
2030-05-24 19:00:00+00:00,62120.12654339485
2030-05-24 20:00:00+00:00,54130.64985432903
2030-05-24 21:00:00+00:00,49913.917679809674
2030-05-24 22:00:00+00:00,44915.954744738054
2030-05-24 23:00:00+00:00,40410.23798496635
2030-05-25 00:00:00+00:00,37317.03516450222
2030-05-25 01:00:00+00:00,35674.517960968056
2030-05-25 02:00:00+00:00,35467.05817030079
2030-05-25 03:00:00+00:00,36885.56786069525
2030-05-25 04:00:00+00:00,41279.69687917524
2030-05-25 05:00:00+00:00,45547.79539766328
2030-05-25 06:00:00+00:00,52328.45630442627
2030-05-25 07:00:00+00:00,61863.00607594649
2030-05-25 08:00:00+00:00,72777.88559798885
2030-05-25 09:00:00+00:00,79799.15316547839
2030-05-25 10:00:00+00:00,81546.72488489373
2030-05-25 11:00:00+00:00,80584.38870139055
2030-05-25 12:00:00+00:00,80868.20115744435
2030-05-25 13:00:00+00:00,80270.7146431331
2030-05-25 14:00:00+00:00,75887.12668523242
2030-05-25 15:00:00+00:00,73002.69625613905
2030-05-25 16:00:00+00:00,71906.33806213811
2030-05-25 17:00:00+00:00,68326.05634473861
2030-05-25 18:00:00+00:00,59750.473044859784
2030-05-25 19:00:00+00:00,52924.811283672156
2030-05-25 20:00:00+00:00,47580.45565256899
2030-05-25 21:00:00+00:00,45202.325542428494
2030-05-25 22:00:00+00:00,42783.49520209165
2030-05-25 23:00:00+00:00,39516.19694706618
2030-05-26 00:00:00+00:00,36476.347265469616
2030-05-26 01:00:00+00:00,33892.72588355553
2030-05-26 02:00:00+00:00,33036.64204067685
2030-05-26 03:00:00+00:00,33151.61016901787
2030-05-26 04:00:00+00:00,34735.56715481697
2030-05-26 05:00:00+00:00,35971.17043468551
2030-05-26 06:00:00+00:00,38648.50238927426
2030-05-26 07:00:00+00:00,44894.279038762936
2030-05-26 08:00:00+00:00,55002.180073161166
2030-05-26 09:00:00+00:00,65457.92182706776
2030-05-26 10:00:00+00:00,72413.88523288479
2030-05-26 11:00:00+00:00,74279.12162605292
2030-05-26 12:00:00+00:00,76516.7113211539
2030-05-26 13:00:00+00:00,78986.61719153848
2030-05-26 14:00:00+00:00,77267.27754612938
2030-05-26 15:00:00+00:00,77413.30529260838
2030-05-26 16:00:00+00:00,78976.47386473007
2030-05-26 17:00:00+00:00,74942.71169476851
2030-05-26 18:00:00+00:00,67212.93273151128
2030-05-26 19:00:00+00:00,59036.83242515175
2030-05-26 20:00:00+00:00,51249.89065778233
2030-05-26 21:00:00+00:00,44964.412036810296
2030-05-26 22:00:00+00:00,39574.89930350578
2030-05-26 23:00:00+00:00,35866.67436137062
2030-05-27 00:00:00+00:00,34165.01072175584
2030-05-27 01:00:00+00:00,33855.58481066748
2030-05-27 02:00:00+00:00,35347.912235799005
2030-05-27 03:00:00+00:00,40395.95142391539
2030-05-27 04:00:00+00:00,56098.73002473399
2030-05-27 05:00:00+00:00,78434.8309927196
2030-05-27 06:00:00+00:00,90820.45486355085
2030-05-27 07:00:00+00:00,84700.51817389569
2030-05-27 08:00:00+00:00,77828.45410943773
2030-05-27 09:00:00+00:00,75208.92669718179
2030-05-27 10:00:00+00:00,74878.34260940152
2030-05-27 11:00:00+00:00,75276.82782393081
2030-05-27 12:00:00+00:00,76968.29818988481
2030-05-27 13:00:00+00:00,79111.80123208025
2030-05-27 14:00:00+00:00,83306.42634557807
2030-05-27 15:00:00+00:00,89579.37841385284
2030-05-27 16:00:00+00:00,87645.1907596353
2030-05-27 17:00:00+00:00,77292.35214599402
2030-05-27 18:00:00+00:00,62999.33375428132
2030-05-27 19:00:00+00:00,53083.68531139797
2030-05-27 20:00:00+00:00,47083.12157782085
2030-05-27 21:00:00+00:00,43243.67820658895
2030-05-27 22:00:00+00:00,38079.04195239999
2030-05-27 23:00:00+00:00,34955.33059212645
2030-05-28 00:00:00+00:00,33667.7498235142
2030-05-28 01:00:00+00:00,33437.935676986104
2030-05-28 02:00:00+00:00,34299.56538221745
2030-05-28 03:00:00+00:00,37869.32805407692
2030-05-28 04:00:00+00:00,51801.23465503166
2030-05-28 05:00:00+00:00,75081.47288782323
2030-05-28 06:00:00+00:00,90060.18077465694
2030-05-28 07:00:00+00:00,84722.63413257465
2030-05-28 08:00:00+00:00,77140.90506176371
2030-05-28 09:00:00+00:00,73157.39795930013
2030-05-28 10:00:00+00:00,72686.39691476646
2030-05-28 11:00:00+00:00,74206.2149411375
2030-05-28 12:00:00+00:00,77094.92183297264
2030-05-28 13:00:00+00:00,80028.38514396627
2030-05-28 14:00:00+00:00,85190.74290275002
2030-05-28 15:00:00+00:00,92154.50664120475
2030-05-28 16:00:00+00:00,90224.4667402311
2030-05-28 17:00:00+00:00,79988.56908157434
2030-05-28 18:00:00+00:00,64799.343528344405
2030-05-28 19:00:00+00:00,53873.54158891172
2030-05-28 20:00:00+00:00,47721.667649101895
2030-05-28 21:00:00+00:00,44029.93094828787
2030-05-28 22:00:00+00:00,38742.92566445393
2030-05-28 23:00:00+00:00,35279.894433756956
2030-05-29 00:00:00+00:00,33766.19312521445
2030-05-29 01:00:00+00:00,33426.69698219399
2030-05-29 02:00:00+00:00,34192.056101248876
2030-05-29 03:00:00+00:00,37633.958710818246
2030-05-29 04:00:00+00:00,51388.56953798846
2030-05-29 05:00:00+00:00,74602.54577193789
2030-05-29 06:00:00+00:00,89618.32057173316
2030-05-29 07:00:00+00:00,84413.44306418551
2030-05-29 08:00:00+00:00,77146.19895089236
2030-05-29 09:00:00+00:00,73652.44002210724
2030-05-29 10:00:00+00:00,73580.53113233807
2030-05-29 11:00:00+00:00,75521.44909468315
2030-05-29 12:00:00+00:00,78778.06339076781
2030-05-29 13:00:00+00:00,81696.47413872925
2030-05-29 14:00:00+00:00,86432.96455648993
2030-05-29 15:00:00+00:00,92949.493864223
2030-05-29 16:00:00+00:00,91124.71461296466
2030-05-29 17:00:00+00:00,81156.75702004453
2030-05-29 18:00:00+00:00,66560.1836775999
2030-05-29 19:00:00+00:00,55508.60737612291
2030-05-29 20:00:00+00:00,48892.82303001482
2030-05-29 21:00:00+00:00,44967.478104231785
2030-05-29 22:00:00+00:00,39483.09088409867
2030-05-29 23:00:00+00:00,35655.09441824001
2030-05-30 00:00:00+00:00,33915.509988925456
2030-05-30 01:00:00+00:00,33450.495713344135
2030-05-30 02:00:00+00:00,34115.605163382774
2030-05-30 03:00:00+00:00,37349.15093528075
2030-05-30 04:00:00+00:00,50243.597437778226
2030-05-30 05:00:00+00:00,72010.35761029484
2030-05-30 06:00:00+00:00,86651.80076420796
2030-05-30 07:00:00+00:00,82551.07472496547
2030-05-30 08:00:00+00:00,76552.91601680148
2030-05-30 09:00:00+00:00,74196.06639136368
2030-05-30 10:00:00+00:00,74622.74487263073
2030-05-30 11:00:00+00:00,76373.70099667297
2030-05-30 12:00:00+00:00,79368.59763034049
2030-05-30 13:00:00+00:00,82457.10812857572
2030-05-30 14:00:00+00:00,86996.74877186945
2030-05-30 15:00:00+00:00,92521.5765668872
2030-05-30 16:00:00+00:00,90704.44904220977
2030-05-30 17:00:00+00:00,82341.4888657399
2030-05-30 18:00:00+00:00,68477.9204187647
2030-05-30 19:00:00+00:00,57267.08020788473
2030-05-30 20:00:00+00:00,50410.711803193546
2030-05-30 21:00:00+00:00,46198.87006511137
2030-05-30 22:00:00+00:00,40381.55120802949
2030-05-30 23:00:00+00:00,36250.645083958254
2030-05-31 00:00:00+00:00,34347.94586928433
2030-05-31 01:00:00+00:00,33808.0315379229
2030-05-31 02:00:00+00:00,34448.01076586651
2030-05-31 03:00:00+00:00,37610.30686170434
2030-05-31 04:00:00+00:00,49824.496001948595
2030-05-31 05:00:00+00:00,69884.68323474696
2030-05-31 06:00:00+00:00,83288.8360739136
2030-05-31 07:00:00+00:00,78344.99572075102
2030-05-31 08:00:00+00:00,74701.68428865116
2030-05-31 09:00:00+00:00,76035.3309539196
2030-05-31 10:00:00+00:00,79529.37621122762
2030-05-31 11:00:00+00:00,85926.1148119677
2030-05-31 12:00:00+00:00,91095.31828799444
2030-05-31 13:00:00+00:00,93648.22311686944
2030-05-31 14:00:00+00:00,94173.89752935871
2030-05-31 15:00:00+00:00,93222.27281208674
2030-05-31 16:00:00+00:00,89701.26565360531
2030-05-31 17:00:00+00:00,82657.44790110496
2030-05-31 18:00:00+00:00,71116.90475358744
2030-05-31 19:00:00+00:00,60660.13621675679
2030-05-31 20:00:00+00:00,53080.393079679234
2030-05-31 21:00:00+00:00,49056.17489552724
2030-05-31 22:00:00+00:00,44278.565068840806
2030-05-31 23:00:00+00:00,39953.251400104076
2030-06-01 00:00:00+00:00,36992.741366197355
2030-06-01 01:00:00+00:00,35426.7091157805
2030-06-01 02:00:00+00:00,35236.42951261698
2030-06-01 03:00:00+00:00,36608.09615540761
2030-06-01 04:00:00+00:00,40860.12078029077
2030-06-01 05:00:00+00:00,45024.26727423112
2030-06-01 06:00:00+00:00,51729.847153056915
2030-06-01 07:00:00+00:00,61290.47515320514
2030-06-01 08:00:00+00:00,72323.04146609575
2030-06-01 09:00:00+00:00,79437.53964462341
2030-06-01 10:00:00+00:00,81324.65408183094
2030-06-01 11:00:00+00:00,80431.68532004167
2030-06-01 12:00:00+00:00,80851.88340268769
2030-06-01 13:00:00+00:00,80409.26455518168
2030-06-01 14:00:00+00:00,76051.17378941782
2030-06-01 15:00:00+00:00,73235.43076264835
2030-06-01 16:00:00+00:00,72139.1036004288
2030-06-01 17:00:00+00:00,68556.0346060163
2030-06-01 18:00:00+00:00,59873.91684866226
2030-06-01 19:00:00+00:00,52937.05391862189
2030-06-01 20:00:00+00:00,47465.65924846006
2030-06-01 21:00:00+00:00,44997.60431105185
2030-06-01 22:00:00+00:00,42599.90360247017
2030-06-01 23:00:00+00:00,39389.49669256176
2030-06-02 00:00:00+00:00,36368.77390311193
2030-06-02 01:00:00+00:00,33822.159644699794
2030-06-02 02:00:00+00:00,32981.05928456745
2030-06-02 03:00:00+00:00,33094.42094318347
2030-06-02 04:00:00+00:00,34667.36405575269
2030-06-02 05:00:00+00:00,35881.68540477002
2030-06-02 06:00:00+00:00,38541.230191963485
2030-06-02 07:00:00+00:00,44770.99005633778
2030-06-02 08:00:00+00:00,54902.75922802762
2030-06-02 09:00:00+00:00,65504.08916565235
2030-06-02 10:00:00+00:00,72589.79520975637
2030-06-02 11:00:00+00:00,74517.78053859077
2030-06-02 12:00:00+00:00,76832.85492580355
2030-06-02 13:00:00+00:00,79240.27657456491
2030-06-02 14:00:00+00:00,77468.5877599956
2030-06-02 15:00:00+00:00,77569.87613213128
2030-06-02 16:00:00+00:00,79078.85225595855
2030-06-02 17:00:00+00:00,74960.96525484386
2030-06-02 18:00:00+00:00,67216.65437139633
2030-06-02 19:00:00+00:00,58965.97856457494
2030-06-02 20:00:00+00:00,51184.11329788434
2030-06-02 21:00:00+00:00,44965.72962359786
2030-06-02 22:00:00+00:00,39586.36288047728
2030-06-02 23:00:00+00:00,35863.521372258445
2030-06-03 00:00:00+00:00,34166.58886633981
2030-06-03 01:00:00+00:00,33858.49651558084
2030-06-03 02:00:00+00:00,35351.980004799625
2030-06-03 03:00:00+00:00,40394.53342220033
2030-06-03 04:00:00+00:00,56038.32216021198
2030-06-03 05:00:00+00:00,78161.86158261176
2030-06-03 06:00:00+00:00,90023.55492737163
2030-06-03 07:00:00+00:00,83503.42878612202
2030-06-03 08:00:00+00:00,76533.78255882175
2030-06-03 09:00:00+00:00,73806.1313183996
2030-06-03 10:00:00+00:00,73403.37098850962
2030-06-03 11:00:00+00:00,73873.11023167874
2030-06-03 12:00:00+00:00,75694.88328426144
2030-06-03 13:00:00+00:00,77849.56966814196
2030-06-03 14:00:00+00:00,82028.51477617265
2030-06-03 15:00:00+00:00,88162.81893628914
2030-06-03 16:00:00+00:00,86140.41855610767
2030-06-03 17:00:00+00:00,75843.22944407852
2030-06-03 18:00:00+00:00,61859.134114782624
2030-06-03 19:00:00+00:00,52136.57952039656
2030-06-03 20:00:00+00:00,46495.712330665316
2030-06-03 21:00:00+00:00,42890.48211243727
2030-06-03 22:00:00+00:00,37897.41820455897
2030-06-03 23:00:00+00:00,34857.55192270645
2030-06-04 00:00:00+00:00,33611.330612448604
2030-06-04 01:00:00+00:00,33400.99839799617
2030-06-04 02:00:00+00:00,34269.36760454465
2030-06-04 03:00:00+00:00,37854.67318572926
2030-06-04 04:00:00+00:00,51756.678950006186
2030-06-04 05:00:00+00:00,74755.40795315075
2030-06-04 06:00:00+00:00,88969.19806895037
2030-06-04 07:00:00+00:00,83236.08073860886
2030-06-04 08:00:00+00:00,75547.6695890462
2030-06-04 09:00:00+00:00,71492.60261150102
2030-06-04 10:00:00+00:00,70964.13665751481
2030-06-04 11:00:00+00:00,72615.72100410714
2030-06-04 12:00:00+00:00,75487.71660069592
2030-06-04 13:00:00+00:00,78401.73961142081
2030-06-04 14:00:00+00:00,83452.74125321957
2030-06-04 15:00:00+00:00,90167.55154178421
2030-06-04 16:00:00+00:00,88217.4524863522
2030-06-04 17:00:00+00:00,78288.12434787172
2030-06-04 18:00:00+00:00,63524.625546646705
2030-06-04 19:00:00+00:00,52892.08169627819
2030-06-04 20:00:00+00:00,47093.16578134
2030-06-04 21:00:00+00:00,43617.97925986333
2030-06-04 22:00:00+00:00,38520.592565286635
2030-06-04 23:00:00+00:00,35150.11082161863
2030-06-05 00:00:00+00:00,33667.8359094113
2030-06-05 01:00:00+00:00,33340.215251796
2030-06-05 02:00:00+00:00,34105.87319600001
2030-06-05 03:00:00+00:00,37497.27268849359
2030-06-05 04:00:00+00:00,51051.651753619066
2030-06-05 05:00:00+00:00,73895.7374223513
2030-06-05 06:00:00+00:00,88640.7252381424
2030-06-05 07:00:00+00:00,83618.20520305746
2030-06-05 08:00:00+00:00,76552.53900013954
2030-06-05 09:00:00+00:00,73124.64510525244
2030-06-05 10:00:00+00:00,73017.02160308725
2030-06-05 11:00:00+00:00,74846.0078744924
2030-06-05 12:00:00+00:00,77973.11085095872
2030-06-05 13:00:00+00:00,80747.07247300445
2030-06-05 14:00:00+00:00,85404.06494193593
2030-06-05 15:00:00+00:00,91784.7707982961
2030-06-05 16:00:00+00:00,89911.29600522577
2030-06-05 17:00:00+00:00,80177.38703839623
2030-06-05 18:00:00+00:00,65984.2183997883
2030-06-05 19:00:00+00:00,55202.35393206805
2030-06-05 20:00:00+00:00,48807.5777757729
2030-06-05 21:00:00+00:00,45012.851518063355
2030-06-05 22:00:00+00:00,39595.91012578678
2030-06-05 23:00:00+00:00,35751.62872012174
2030-06-06 00:00:00+00:00,34004.29374264267
2030-06-06 01:00:00+00:00,33532.27110236351
2030-06-06 02:00:00+00:00,34218.54677665861
2030-06-06 03:00:00+00:00,37515.47427080615
2030-06-06 04:00:00+00:00,50664.30820894101
2030-06-06 05:00:00+00:00,72747.47177181314
2030-06-06 06:00:00+00:00,87372.10641175612
2030-06-06 07:00:00+00:00,82975.611705428
2030-06-06 08:00:00+00:00,76659.01736334863
2030-06-06 09:00:00+00:00,74079.59015345281
2030-06-06 10:00:00+00:00,74197.04075961404
2030-06-06 11:00:00+00:00,75696.82593637644
2030-06-06 12:00:00+00:00,78635.13270829586
2030-06-06 13:00:00+00:00,81851.68382242249
2030-06-06 14:00:00+00:00,86496.55744663705
2030-06-06 15:00:00+00:00,92108.1706098033
2030-06-06 16:00:00+00:00,90221.70790891543
2030-06-06 17:00:00+00:00,81921.76412629362
2030-06-06 18:00:00+00:00,68034.65916558159
2030-06-06 19:00:00+00:00,56801.48186359711
2030-06-06 20:00:00+00:00,50092.41336411388
2030-06-06 21:00:00+00:00,46014.57122421885
2030-06-06 22:00:00+00:00,40308.18490585924
2030-06-06 23:00:00+00:00,36225.13919597654
2030-06-07 00:00:00+00:00,34346.343331845674
2030-06-07 01:00:00+00:00,33810.04815934073
2030-06-07 02:00:00+00:00,34466.442287480924
2030-06-07 03:00:00+00:00,37647.838553203845
2030-06-07 04:00:00+00:00,49945.582299616006
2030-06-07 05:00:00+00:00,69991.13992423171
2030-06-07 06:00:00+00:00,83182.53822189898
2030-06-07 07:00:00+00:00,78101.6806287994
2030-06-07 08:00:00+00:00,74425.06785161178
2030-06-07 09:00:00+00:00,75821.24796741118
2030-06-07 10:00:00+00:00,79310.50915155538
2030-06-07 11:00:00+00:00,85874.11011884906
2030-06-07 12:00:00+00:00,91044.47742338467
2030-06-07 13:00:00+00:00,93600.77474428856
2030-06-07 14:00:00+00:00,94127.62352961898
2030-06-07 15:00:00+00:00,93178.05580675516
2030-06-07 16:00:00+00:00,89655.72884591857
2030-06-07 17:00:00+00:00,82614.81006853541
2030-06-07 18:00:00+00:00,70920.73133934528
2030-06-07 19:00:00+00:00,60233.69846045752
2030-06-07 20:00:00+00:00,52772.405201513706
2030-06-07 21:00:00+00:00,48848.759546576686
2030-06-07 22:00:00+00:00,44163.260667602975
2030-06-07 23:00:00+00:00,39884.1974838858
2030-06-08 00:00:00+00:00,36942.78675510777
2030-06-08 01:00:00+00:00,35386.209790980225
2030-06-08 02:00:00+00:00,35191.93943316455
2030-06-08 03:00:00+00:00,36556.149547752735
2030-06-08 04:00:00+00:00,40746.92753609891
2030-06-08 05:00:00+00:00,44857.21682553637
2030-06-08 06:00:00+00:00,51456.37072083045
2030-06-08 07:00:00+00:00,60702.54869660947
2030-06-08 08:00:00+00:00,71509.15902367946
2030-06-08 09:00:00+00:00,78371.85803268339
2030-06-08 10:00:00+00:00,80101.9402034719
2030-06-08 11:00:00+00:00,79236.48193430965
2030-06-08 12:00:00+00:00,79838.5463599558
2030-06-08 13:00:00+00:00,79528.1403955076
2030-06-08 14:00:00+00:00,75362.14443056748
2030-06-08 15:00:00+00:00,72600.11063377462
2030-06-08 16:00:00+00:00,71447.99325320707
2030-06-08 17:00:00+00:00,67823.48726189396
2030-06-08 18:00:00+00:00,59199.383253261585
2030-06-08 19:00:00+00:00,52458.47544141009
2030-06-08 20:00:00+00:00,47119.38954877103
2030-06-08 21:00:00+00:00,44744.86543794617
2030-06-08 22:00:00+00:00,42383.173157511555
2030-06-08 23:00:00+00:00,39221.17370643615
2030-06-09 00:00:00+00:00,36253.668547166984
2030-06-09 01:00:00+00:00,33739.20500418368
2030-06-09 02:00:00+00:00,32910.53436774476
2030-06-09 03:00:00+00:00,33016.436268791935
2030-06-09 04:00:00+00:00,34551.70005737903
2030-06-09 05:00:00+00:00,35770.5385491432
2030-06-09 06:00:00+00:00,38437.79328907744
2030-06-09 07:00:00+00:00,44686.92671715977
2030-06-09 08:00:00+00:00,54823.866282547046
2030-06-09 09:00:00+00:00,65378.74292317297
2030-06-09 10:00:00+00:00,72369.77013863734
2030-06-09 11:00:00+00:00,74193.73015934016
2030-06-09 12:00:00+00:00,76609.96935305333
2030-06-09 13:00:00+00:00,78744.09039309743
2030-06-09 14:00:00+00:00,77163.8785505157
2030-06-09 15:00:00+00:00,77351.45078221717
2030-06-09 16:00:00+00:00,78863.0765830049
2030-06-09 17:00:00+00:00,74721.12873471726
2030-06-09 18:00:00+00:00,66911.9419511554
2030-06-09 19:00:00+00:00,58739.834400772925
2030-06-09 20:00:00+00:00,50969.300932401915
2030-06-09 21:00:00+00:00,44743.38133894753
2030-06-09 22:00:00+00:00,39445.51545143252
2030-06-09 23:00:00+00:00,35768.93724203472
2030-06-10 00:00:00+00:00,34086.22479562298
2030-06-10 01:00:00+00:00,33772.08228795154
2030-06-10 02:00:00+00:00,35241.18291395489
2030-06-10 03:00:00+00:00,40193.7870220415
2030-06-10 04:00:00+00:00,55590.62154387865
2030-06-10 05:00:00+00:00,77589.4831065899
2030-06-10 06:00:00+00:00,89885.70161536583
2030-06-10 07:00:00+00:00,83841.35104087631
2030-06-10 08:00:00+00:00,77137.70955875274
2030-06-10 09:00:00+00:00,74651.45996401976
2030-06-10 10:00:00+00:00,74401.53808958593
2030-06-10 11:00:00+00:00,74778.34648587117
2030-06-10 12:00:00+00:00,76379.30503145863
2030-06-10 13:00:00+00:00,78367.64982266206
2030-06-10 14:00:00+00:00,82384.30633329185
2030-06-10 15:00:00+00:00,88423.50316155395
2030-06-10 16:00:00+00:00,86370.43206113536
2030-06-10 17:00:00+00:00,76085.03631208913
2030-06-10 18:00:00+00:00,62147.91076814224
2030-06-10 19:00:00+00:00,52493.8159815553
2030-06-10 20:00:00+00:00,46702.55460076924
2030-06-10 21:00:00+00:00,43002.94825519584
2030-06-10 22:00:00+00:00,37957.270459009495
2030-06-10 23:00:00+00:00,34898.28721133507
2030-06-11 00:00:00+00:00,33637.125975694646
2030-06-11 01:00:00+00:00,33415.78535243026
2030-06-11 02:00:00+00:00,34274.89084894624
2030-06-11 03:00:00+00:00,37821.31856434296
2030-06-11 04:00:00+00:00,51617.24130215765
2030-06-11 05:00:00+00:00,74531.47757552126
2030-06-11 06:00:00+00:00,89036.21287137149
2030-06-11 07:00:00+00:00,83641.4806697831
2030-06-11 08:00:00+00:00,76086.99909037582
2030-06-11 09:00:00+00:00,72140.00032819102
2030-06-11 10:00:00+00:00,71622.45771703684
2030-06-11 11:00:00+00:00,73037.14583638936
2030-06-11 12:00:00+00:00,75714.26852245531
2030-06-11 13:00:00+00:00,78500.94412763207
2030-06-11 14:00:00+00:00,83508.02863162948
2030-06-11 15:00:00+00:00,90185.34837014577
2030-06-11 16:00:00+00:00,88228.1394445803
2030-06-11 17:00:00+00:00,78297.78438461723
2030-06-11 18:00:00+00:00,63536.918508145136
2030-06-11 19:00:00+00:00,52977.72216874282
2030-06-11 20:00:00+00:00,47040.23518175411
2030-06-11 21:00:00+00:00,43454.92450951758
2030-06-11 22:00:00+00:00,38354.51847095299
2030-06-11 23:00:00+00:00,35005.70631138838
2030-06-12 00:00:00+00:00,33530.92542180931
2030-06-12 01:00:00+00:00,33199.33912539917
2030-06-12 02:00:00+00:00,33924.99025606229
2030-06-12 03:00:00+00:00,37201.11807532412
2030-06-12 04:00:00+00:00,50303.09143162246
2030-06-12 05:00:00+00:00,72467.20178611846
2030-06-12 06:00:00+00:00,87108.44980319843
2030-06-12 07:00:00+00:00,82398.66285633658
2030-06-12 08:00:00+00:00,75610.3932390713
2030-06-12 09:00:00+00:00,72388.47086727023
2030-06-12 10:00:00+00:00,72445.36843699565
2030-06-12 11:00:00+00:00,74391.5366710793
2030-06-12 12:00:00+00:00,77719.86370989188
2030-06-12 13:00:00+00:00,80657.64959113729
2030-06-12 14:00:00+00:00,85406.09486691901
2030-06-12 15:00:00+00:00,91790.6357178723
2030-06-12 16:00:00+00:00,89925.49185222886
2030-06-12 17:00:00+00:00,80195.34335573496
2030-06-12 18:00:00+00:00,65912.6137917985
2030-06-12 19:00:00+00:00,55068.368900586844
2030-06-12 20:00:00+00:00,48599.54986674604
2030-06-12 21:00:00+00:00,44738.59927206101
2030-06-12 22:00:00+00:00,39351.90659926267
2030-06-12 23:00:00+00:00,35574.035838360505
2030-06-13 00:00:00+00:00,33863.77841823061
2030-06-13 01:00:00+00:00,33404.445643872976
2030-06-13 02:00:00+00:00,34068.53904889896
2030-06-13 03:00:00+00:00,37288.49544568527
2030-06-13 04:00:00+00:00,50086.731013919554
2030-06-13 05:00:00+00:00,71669.90297088842
2030-06-13 06:00:00+00:00,86181.8083242732
2030-06-13 07:00:00+00:00,82008.59353993609
2030-06-13 08:00:00+00:00,76018.51594327464
2030-06-13 09:00:00+00:00,73634.65022790515
2030-06-13 10:00:00+00:00,74088.32484252243
2030-06-13 11:00:00+00:00,75992.95977696725
2030-06-13 12:00:00+00:00,79109.07071976158
2030-06-13 13:00:00+00:00,82358.18380202133
2030-06-13 14:00:00+00:00,87114.28016915589
2030-06-13 15:00:00+00:00,92821.53147552411
2030-06-13 16:00:00+00:00,90921.77951281781
2030-06-13 17:00:00+00:00,82684.86035838007
2030-06-13 18:00:00+00:00,68698.61558337242
2030-06-13 19:00:00+00:00,57369.07613400425
2030-06-13 20:00:00+00:00,50463.75871869278
2030-06-13 21:00:00+00:00,46210.90727838546
2030-06-13 22:00:00+00:00,40364.39646940847
2030-06-13 23:00:00+00:00,36240.484542587124
2030-06-14 00:00:00+00:00,34342.912091829545
2030-06-14 01:00:00+00:00,33793.71271875425
2030-06-14 02:00:00+00:00,34432.246731077175
2030-06-14 03:00:00+00:00,37573.63301415698
2030-06-14 04:00:00+00:00,49746.42779679456
2030-06-14 05:00:00+00:00,69655.15185997111
2030-06-14 06:00:00+00:00,82966.10004839012
2030-06-14 07:00:00+00:00,78101.22526887794
2030-06-14 08:00:00+00:00,74642.4891675824
2030-06-14 09:00:00+00:00,76215.51200700519
2030-06-14 10:00:00+00:00,79875.53096988708
2030-06-14 11:00:00+00:00,86203.27143663203
2030-06-14 12:00:00+00:00,91118.49100120108
2030-06-14 13:00:00+00:00,93606.49223530699
2030-06-14 14:00:00+00:00,94146.35563389013
2030-06-14 15:00:00+00:00,93209.60242986144
2030-06-14 16:00:00+00:00,89691.85042053252
2030-06-14 17:00:00+00:00,82781.78996885412
2030-06-14 18:00:00+00:00,71256.49619545726
2030-06-14 19:00:00+00:00,60701.09840172899
2030-06-14 20:00:00+00:00,53015.06131772353
2030-06-14 21:00:00+00:00,48904.52271315517
2030-06-14 22:00:00+00:00,44120.96314588707
2030-06-14 23:00:00+00:00,39802.125355151176
2030-06-15 00:00:00+00:00,36851.613313935944
2030-06-15 01:00:00+00:00,35291.11314320329
2030-06-15 02:00:00+00:00,35090.05876912702
2030-06-15 03:00:00+00:00,36434.59746381298
2030-06-15 04:00:00+00:00,40597.325954716434
2030-06-15 05:00:00+00:00,44726.43735279239
2030-06-15 06:00:00+00:00,51444.26567352353
2030-06-15 07:00:00+00:00,61005.35511256622
2030-06-15 08:00:00+00:00,72053.21046246174
2030-06-15 09:00:00+00:00,79310.16663368543
2030-06-15 10:00:00+00:00,81179.76746772883
2030-06-15 11:00:00+00:00,80324.18737302795
2030-06-15 12:00:00+00:00,80843.6644586101
2030-06-15 13:00:00+00:00,80474.54859060436
2030-06-15 14:00:00+00:00,76218.7296397369
2030-06-15 15:00:00+00:00,73322.33906946625
2030-06-15 16:00:00+00:00,72124.1675044427
2030-06-15 17:00:00+00:00,68479.10072595906
2030-06-15 18:00:00+00:00,59798.659837724896
2030-06-15 19:00:00+00:00,52818.81553284037
2030-06-15 20:00:00+00:00,47294.999574265144
2030-06-15 21:00:00+00:00,44799.4606701122
2030-06-15 22:00:00+00:00,42378.22511178291
2030-06-15 23:00:00+00:00,39170.804196880206
2030-06-16 00:00:00+00:00,36188.527380082225
2030-06-16 01:00:00+00:00,33688.78642656718
2030-06-16 02:00:00+00:00,32860.551331004164
2030-06-16 03:00:00+00:00,32962.40323639901
2030-06-16 04:00:00+00:00,34476.80633711688
2030-06-16 05:00:00+00:00,35668.19131278475
2030-06-16 06:00:00+00:00,38309.02549256124
2030-06-16 07:00:00+00:00,44486.67445480115
2030-06-16 08:00:00+00:00,54499.56804962057
2030-06-16 09:00:00+00:00,64974.24787941074
2030-06-16 10:00:00+00:00,72010.254990955
2030-06-16 11:00:00+00:00,74082.47564048936
2030-06-16 12:00:00+00:00,76451.95809634558
2030-06-16 13:00:00+00:00,79011.19117894495
2030-06-16 14:00:00+00:00,77406.34302644999
2030-06-16 15:00:00+00:00,77505.99522817935
2030-06-16 16:00:00+00:00,79020.2888679693
2030-06-16 17:00:00+00:00,74912.09879548618
2030-06-16 18:00:00+00:00,67083.63806740673
2030-06-16 19:00:00+00:00,58777.5584280255
2030-06-16 20:00:00+00:00,50914.27486632602
2030-06-16 21:00:00+00:00,44637.267068706824
2030-06-16 22:00:00+00:00,39315.22094603079
2030-06-16 23:00:00+00:00,35672.553853236226
2030-06-17 00:00:00+00:00,34005.088078304834
2030-06-17 01:00:00+00:00,33688.718608569245
2030-06-17 02:00:00+00:00,35128.01015483742
2030-06-17 03:00:00+00:00,39989.1856323003
2030-06-17 04:00:00+00:00,55112.403935791626
2030-06-17 05:00:00+00:00,76710.0321141314
2030-06-17 06:00:00+00:00,88809.35249296114
2030-06-17 07:00:00+00:00,82934.3144096637
2030-06-17 08:00:00+00:00,76312.17998329746
2030-06-17 09:00:00+00:00,73734.99145383172
2030-06-17 10:00:00+00:00,73391.50399357628
2030-06-17 11:00:00+00:00,73886.5782884554
2030-06-17 12:00:00+00:00,75700.10282747954
2030-06-17 13:00:00+00:00,77849.56966814196
2030-06-17 14:00:00+00:00,82028.51477617265
2030-06-17 15:00:00+00:00,88162.81893628914
2030-06-17 16:00:00+00:00,86140.41855610767
2030-06-17 17:00:00+00:00,75843.29045003586
2030-06-17 18:00:00+00:00,61859.134114782624
2030-06-17 19:00:00+00:00,52137.38366238536
2030-06-17 20:00:00+00:00,46315.67654542434
2030-06-17 21:00:00+00:00,42681.2663519603
2030-06-17 22:00:00+00:00,37737.502591277
2030-06-17 23:00:00+00:00,34744.72093921316
2030-06-18 00:00:00+00:00,33510.70806657369
2030-06-18 01:00:00+00:00,33297.72254414025
2030-06-18 02:00:00+00:00,34137.37801326843
2030-06-18 03:00:00+00:00,37603.47684971135
2030-06-18 04:00:00+00:00,51099.93238930293
2030-06-18 05:00:00+00:00,73594.97992719233
2030-06-18 06:00:00+00:00,87942.21455553161
2030-06-18 07:00:00+00:00,82662.90528974829
2030-06-18 08:00:00+00:00,75231.94243734733
2030-06-18 09:00:00+00:00,71340.14209530922
2030-06-18 10:00:00+00:00,70964.13665751481
2030-06-18 11:00:00+00:00,72615.72100410714
2030-06-18 12:00:00+00:00,75487.71660069592
2030-06-18 13:00:00+00:00,78401.73961142081
2030-06-18 14:00:00+00:00,83452.74125321957
2030-06-18 15:00:00+00:00,90167.55154178421
2030-06-18 16:00:00+00:00,88217.4524863522
2030-06-18 17:00:00+00:00,78288.12434787172
2030-06-18 18:00:00+00:00,63524.625546646705
2030-06-18 19:00:00+00:00,52892.865011873866
2030-06-18 20:00:00+00:00,46891.08549286254
2030-06-18 21:00:00+00:00,43322.387128476475
2030-06-18 22:00:00+00:00,38301.78149833756
2030-06-18 23:00:00+00:00,34993.03387884884
2030-06-19 00:00:00+00:00,33532.92768185182
2030-06-19 01:00:00+00:00,33208.65551908645
2030-06-19 02:00:00+00:00,33940.983117698146
2030-06-19 03:00:00+00:00,37231.39783429734
2030-06-19 04:00:00+00:00,50389.986430191595
2030-06-19 05:00:00+00:00,72600.03716244342
2030-06-19 06:00:00+00:00,87050.76001936715
2030-06-19 07:00:00+00:00,82048.22905469338
2030-06-19 08:00:00+00:00,75048.91059557677
2030-06-19 09:00:00+00:00,72081.55619043949
2030-06-19 10:00:00+00:00,72315.3511733432
2030-06-19 11:00:00+00:00,74383.03837900318
2030-06-19 12:00:00+00:00,77715.34376766322
2030-06-19 13:00:00+00:00,80655.96608665746
2030-06-19 14:00:00+00:00,85404.06494193593
2030-06-19 15:00:00+00:00,91784.7707982961
2030-06-19 16:00:00+00:00,89911.29600522577
2030-06-19 17:00:00+00:00,80109.81361684644
2030-06-19 18:00:00+00:00,65763.1372997158
2030-06-19 19:00:00+00:00,54858.58040253725
2030-06-19 20:00:00+00:00,48351.99673048079
2030-06-19 21:00:00+00:00,44609.005619759795
2030-06-19 22:00:00+00:00,39336.62655196499
2030-06-19 23:00:00+00:00,35582.67065589242
2030-06-20 00:00:00+00:00,33875.29603175261
2030-06-20 01:00:00+00:00,33419.01699083824
2030-06-20 02:00:00+00:00,34080.57750354097
2030-06-20 03:00:00+00:00,37295.70673493094
2030-06-20 04:00:00+00:00,50087.66553797134
2030-06-20 05:00:00+00:00,71603.42531534887
2030-06-20 06:00:00+00:00,85895.65351591144
2030-06-20 07:00:00+00:00,81599.13959516522
2030-06-20 08:00:00+00:00,75522.51397360706
2030-06-20 09:00:00+00:00,73044.34948365387
2030-06-20 10:00:00+00:00,73552.3351446256
2030-06-20 11:00:00+00:00,75493.30331949634
2030-06-20 12:00:00+00:00,78635.13270829586
2030-06-20 13:00:00+00:00,81851.68382242249
2030-06-20 14:00:00+00:00,86496.55744663705
2030-06-20 15:00:00+00:00,92108.1706098033
2030-06-20 16:00:00+00:00,90221.70790891543
2030-06-20 17:00:00+00:00,81921.76412629362
2030-06-20 18:00:00+00:00,68034.65916558159
2030-06-20 19:00:00+00:00,56801.48186359711
2030-06-20 20:00:00+00:00,49955.418568075955
2030-06-20 21:00:00+00:00,45755.901680408904
2030-06-20 22:00:00+00:00,40051.455358040024
2030-06-20 23:00:00+00:00,36031.379908626586
2030-06-21 00:00:00+00:00,34173.883134718
2030-06-21 01:00:00+00:00,33633.826852726444
2030-06-21 02:00:00+00:00,34242.93700436989
2030-06-21 03:00:00+00:00,37278.33167804288
2030-06-21 04:00:00+00:00,49086.08938783153
2030-06-21 05:00:00+00:00,68552.39845306157
2030-06-21 06:00:00+00:00,81896.49225006667
2030-06-21 07:00:00+00:00,77391.30415387757
2030-06-21 08:00:00+00:00,74124.98378613677
2030-06-21 09:00:00+00:00,75771.69528143234
2030-06-21 10:00:00+00:00,79483.7269757293
2030-06-21 11:00:00+00:00,85888.88310434652
2030-06-21 12:00:00+00:00,91052.13136825123
2030-06-21 13:00:00+00:00,93600.77474428856
2030-06-21 14:00:00+00:00,94127.62352961898
2030-06-21 15:00:00+00:00,93178.05580675516
2030-06-21 16:00:00+00:00,89655.72884591857
2030-06-21 17:00:00+00:00,82618.11835086886
2030-06-21 18:00:00+00:00,70929.06945613462
2030-06-21 19:00:00+00:00,60246.0705022752
2030-06-21 20:00:00+00:00,52589.457044402036
2030-06-21 21:00:00+00:00,48621.16980299469
2030-06-21 22:00:00+00:00,43926.724316643995
2030-06-21 23:00:00+00:00,39676.87953233203
2030-06-22 00:00:00+00:00,36774.05516158124
2030-06-22 01:00:00+00:00,35238.48570483479
2030-06-22 02:00:00+00:00,35036.249881412165
2030-06-22 03:00:00+00:00,36353.96620242809
2030-06-22 04:00:00+00:00,40440.19536099644
2030-06-22 05:00:00+00:00,44467.85342687708
2030-06-22 06:00:00+00:00,51058.643404715316
2030-06-22 07:00:00+00:00,60417.26304634238
2030-06-22 08:00:00+00:00,71301.44139102961
2030-06-22 09:00:00+00:00,78452.78292603801
2030-06-22 10:00:00+00:00,80372.3175478589
2030-06-22 11:00:00+00:00,79691.35815872974
2030-06-22 12:00:00+00:00,80202.66230978868
2030-06-22 13:00:00+00:00,79770.62528494485
2030-06-22 14:00:00+00:00,75619.2923370492
2030-06-22 15:00:00+00:00,72920.79313843786
2030-06-22 16:00:00+00:00,71750.45731445352
2030-06-22 17:00:00+00:00,68189.4594212808
2030-06-22 18:00:00+00:00,59602.20495148525
2030-06-22 19:00:00+00:00,52690.8243379975
2030-06-22 20:00:00+00:00,47197.18061639387
2030-06-22 21:00:00+00:00,44666.79628486148
2030-06-22 22:00:00+00:00,42254.51967085172
2030-06-22 23:00:00+00:00,39071.54720109466
2030-06-23 00:00:00+00:00,36116.873525869174
2030-06-23 01:00:00+00:00,33636.32021922636
2030-06-23 02:00:00+00:00,32816.149221100204
2030-06-23 03:00:00+00:00,32912.48615202875
2030-06-23 04:00:00+00:00,34407.69850086551
2030-06-23 05:00:00+00:00,35594.16935509244
2030-06-23 06:00:00+00:00,38228.72091016198
2030-06-23 07:00:00+00:00,44404.69006566881
2030-06-23 08:00:00+00:00,54456.558491152166
2030-06-23 09:00:00+00:00,65051.33783695612
2030-06-23 10:00:00+00:00,72276.89825143329
2030-06-23 11:00:00+00:00,74370.39631739908
2030-06-23 12:00:00+00:00,76830.99905199019
2030-06-23 13:00:00+00:00,79435.45328117609
2030-06-23 14:00:00+00:00,77880.33871355797
2030-06-23 15:00:00+00:00,78073.02154115518
2030-06-23 16:00:00+00:00,79666.20567139199
2030-06-23 17:00:00+00:00,75606.34548075697
2030-06-23 18:00:00+00:00,67735.14732650068
2030-06-23 19:00:00+00:00,59257.64907727427
2030-06-23 20:00:00+00:00,51209.805743837074
2030-06-23 21:00:00+00:00,44799.892531999656
2030-06-23 22:00:00+00:00,39418.43040197787
2030-06-23 23:00:00+00:00,35730.48414066091
2030-06-24 00:00:00+00:00,34048.23243009829
2030-06-24 01:00:00+00:00,33732.47259963216
2030-06-24 02:00:00+00:00,35183.06801391222
2030-06-24 03:00:00+00:00,40101.5590564994
2030-06-24 04:00:00+00:00,55405.829970401144
2030-06-24 05:00:00+00:00,77357.79108369237
2030-06-24 06:00:00+00:00,89703.36847383485
2030-06-24 07:00:00+00:00,83756.88508550053
2030-06-24 08:00:00+00:00,77156.30147999957
2030-06-24 09:00:00+00:00,74689.09127569619
2030-06-24 10:00:00+00:00,74516.94240347881
2030-06-24 11:00:00+00:00,74944.12279406369
2030-06-24 12:00:00+00:00,76578.62492607349
2030-06-24 13:00:00+00:00,78600.40842855409
2030-06-24 14:00:00+00:00,82697.5087591689
2030-06-24 15:00:00+00:00,88889.13003081013
2030-06-24 16:00:00+00:00,86791.190253616
2030-06-24 17:00:00+00:00,76443.08048179378
2030-06-24 18:00:00+00:00,62363.97857422765
2030-06-24 19:00:00+00:00,52590.92940469465
2030-06-24 20:00:00+00:00,46751.14002163579
2030-06-24 21:00:00+00:00,43056.83955642761
2030-06-24 22:00:00+00:00,38003.43502286837
2030-06-24 23:00:00+00:00,34930.563053561884
2030-06-25 00:00:00+00:00,33669.30222675903
2030-06-25 01:00:00+00:00,33453.62478509236
2030-06-25 02:00:00+00:00,34323.8791471233
2030-06-25 03:00:00+00:00,37918.26470162293
2030-06-25 04:00:00+00:00,51908.461284187266
2030-06-25 05:00:00+00:00,75035.5555373454
2030-06-25 06:00:00+00:00,89493.53446168949
2030-06-25 07:00:00+00:00,83789.01877956263
2030-06-25 08:00:00+00:00,75994.86858886253
2030-06-25 09:00:00+00:00,71854.20108533763
2030-06-25 10:00:00+00:00,71237.92908919338
2030-06-25 11:00:00+00:00,72685.17590123454
2030-06-25 12:00:00+00:00,75487.71660069592
2030-06-25 13:00:00+00:00,78401.73961142081
2030-06-25 14:00:00+00:00,83452.74125321957
2030-06-25 15:00:00+00:00,90167.55154178421
2030-06-25 16:00:00+00:00,88217.4524863522
2030-06-25 17:00:00+00:00,78288.12434787172
2030-06-25 18:00:00+00:00,63524.625546646705
2030-06-25 19:00:00+00:00,52939.983775431116
2030-06-25 20:00:00+00:00,47095.77772957872
2030-06-25 21:00:00+00:00,43616.05755451386
2030-06-25 22:00:00+00:00,38495.29571190591
2030-06-25 23:00:00+00:00,35123.015959358156
2030-06-26 00:00:00+00:00,33639.71932704553
2030-06-26 01:00:00+00:00,33313.132310467874
2030-06-26 02:00:00+00:00,34058.246310080765
2030-06-26 03:00:00+00:00,37432.53542161653
2030-06-26 04:00:00+00:00,50867.759251301526
2030-06-26 05:00:00+00:00,73521.30894964287
2030-06-26 06:00:00+00:00,88123.13273604974
2030-06-26 07:00:00+00:00,82953.13402360062
2030-06-26 08:00:00+00:00,75810.13693010359
2030-06-26 09:00:00+00:00,72400.0631967667
2030-06-26 10:00:00+00:00,72329.04680164735
2030-06-26 11:00:00+00:00,74388.8900803817
2030-06-26 12:00:00+00:00,77716.96667381498
2030-06-26 13:00:00+00:00,80655.96608665746
2030-06-26 14:00:00+00:00,85404.06494193593
2030-06-26 15:00:00+00:00,91784.7707982961
2030-06-26 16:00:00+00:00,89911.29600522577
2030-06-26 17:00:00+00:00,80109.81361684644
2030-06-26 18:00:00+00:00,65763.83630892017
2030-06-26 19:00:00+00:00,54984.568568527866
2030-06-26 20:00:00+00:00,48656.69342106603
2030-06-26 21:00:00+00:00,44888.03011297801
2030-06-26 22:00:00+00:00,39500.98240356881
2030-06-26 23:00:00+00:00,35680.1096894362
2030-06-27 00:00:00+00:00,33937.15767858521
2030-06-27 01:00:00+00:00,33470.6819170541
2030-06-27 02:00:00+00:00,34145.65406768897
2030-06-27 03:00:00+00:00,37401.70009072287
2030-06-27 04:00:00+00:00,50341.88614381015
2030-06-27 05:00:00+00:00,72116.23606688593
2030-06-27 06:00:00+00:00,86615.93355804661
2030-06-27 07:00:00+00:00,82300.72019413597
2030-06-27 08:00:00+00:00,76158.62955468909
2030-06-27 09:00:00+00:00,73699.9693287102
2030-06-27 10:00:00+00:00,74004.63464242395
2030-06-27 11:00:00+00:00,75736.41414664786
2030-06-27 12:00:00+00:00,78692.44857355041
2030-06-27 13:00:00+00:00,81863.9464313458
2030-06-27 14:00:00+00:00,86563.31453386563
2030-06-27 15:00:00+00:00,92418.59002994047
2030-06-27 16:00:00+00:00,90810.66468658397
2030-06-27 17:00:00+00:00,82622.07883530862
2030-06-27 18:00:00+00:00,68705.85966997723
2030-06-27 19:00:00+00:00,57325.03308636791
2030-06-27 20:00:00+00:00,50306.72617838432
2030-06-27 21:00:00+00:00,45986.04563840017
2030-06-27 22:00:00+00:00,40166.42281724893
2030-06-27 23:00:00+00:00,36080.02023788892
2030-06-28 00:00:00+00:00,34193.248609795766
2030-06-28 01:00:00+00:00,33640.97270308973
2030-06-28 02:00:00+00:00,34248.08061336143
2030-06-28 03:00:00+00:00,37267.751537563665
2030-06-28 04:00:00+00:00,49019.73506079098
2030-06-28 05:00:00+00:00,68380.13381544479
2030-06-28 06:00:00+00:00,81605.70109782436
2030-06-28 07:00:00+00:00,77176.81024751376
2030-06-28 08:00:00+00:00,74001.56788470935
2030-06-28 09:00:00+00:00,75708.70958939705
2030-06-28 10:00:00+00:00,79420.91136813973
2030-06-28 11:00:00+00:00,85879.4883468321
2030-06-28 12:00:00+00:00,91046.55411700367
2030-06-28 13:00:00+00:00,93600.98109170054
2030-06-28 14:00:00+00:00,94127.62352961898
2030-06-28 15:00:00+00:00,93182.26491699067
2030-06-28 16:00:00+00:00,89660.12021124386
2030-06-28 17:00:00+00:00,82621.66675795372
2030-06-28 18:00:00+00:00,70947.06687840953
2030-06-28 19:00:00+00:00,60397.24206403216
2030-06-28 20:00:00+00:00,52769.11431032826
2030-06-28 21:00:00+00:00,48720.94988238911
2030-06-28 22:00:00+00:00,43982.11362401265
2030-06-28 23:00:00+00:00,39714.33160294738
2030-06-29 00:00:00+00:00,36798.44298301195
2030-06-29 01:00:00+00:00,35253.79151275725
2030-06-29 02:00:00+00:00,35059.83656606911
2030-06-29 03:00:00+00:00,36392.51137550655
2030-06-29 04:00:00+00:00,40511.51278782383
2030-06-29 05:00:00+00:00,44571.871930907226
2030-06-29 06:00:00+00:00,51167.01169458996
2030-06-29 07:00:00+00:00,60583.21961354494
2030-06-29 08:00:00+00:00,71418.83434498378
2030-06-29 09:00:00+00:00,78443.37828052095
2030-06-29 10:00:00+00:00,80291.59017117448
2030-06-29 11:00:00+00:00,79454.7239543893
2030-06-29 12:00:00+00:00,79855.71675547116
2030-06-29 13:00:00+00:00,79534.27132251037
2030-06-29 14:00:00+00:00,75362.14443056748
2030-06-29 15:00:00+00:00,72600.11063377462
2030-06-29 16:00:00+00:00,71447.99325320707
2030-06-29 17:00:00+00:00,67823.48726189396
2030-06-29 18:00:00+00:00,59199.383253261585
2030-06-29 19:00:00+00:00,52268.63466002999
2030-06-29 20:00:00+00:00,46800.80966629223
2030-06-29 21:00:00+00:00,44328.28104715567
2030-06-29 22:00:00+00:00,41947.19528009996
2030-06-29 23:00:00+00:00,38832.7725168884
2030-06-30 00:00:00+00:00,35952.83445751442
2030-06-30 01:00:00+00:00,33534.20455087544
2030-06-30 02:00:00+00:00,32737.260098625924
2030-06-30 03:00:00+00:00,32846.4574160341
2030-06-30 04:00:00+00:00,34333.631097170066
2030-06-30 05:00:00+00:00,35500.74769094404
2030-06-30 06:00:00+00:00,38071.07430432904
2030-06-30 07:00:00+00:00,44105.84306608367
2030-06-30 08:00:00+00:00,53904.91962825021
2030-06-30 09:00:00+00:00,64368.76406247263
2030-06-30 10:00:00+00:00,71540.47669564768
2030-06-30 11:00:00+00:00,73663.2733497156
2030-06-30 12:00:00+00:00,76138.53559653988
2030-06-30 13:00:00+00:00,78750.55222241601
2030-06-30 14:00:00+00:00,77173.19622374875
2030-06-30 15:00:00+00:00,77359.03668108335
2030-06-30 16:00:00+00:00,78870.80367301225
2030-06-30 17:00:00+00:00,74731.59429066854
2030-06-30 18:00:00+00:00,66863.88385683142
2030-06-30 19:00:00+00:00,58519.78280994793
2030-06-30 20:00:00+00:00,50743.05682098091
2030-06-30 21:00:00+00:00,44512.15171224931
2030-06-30 22:00:00+00:00,39245.952017466225
2030-06-30 23:00:00+00:00,35626.89495452299
2030-07-01 00:00:00+00:00,33979.6237665484
2030-07-01 01:00:00+00:00,33672.78036965358
2030-07-01 02:00:00+00:00,35117.07064597215
2030-07-01 03:00:00+00:00,40006.409059444915
2030-07-01 04:00:00+00:00,55220.100746036274
2030-07-01 05:00:00+00:00,76961.39118118041
2030-07-01 06:00:00+00:00,89085.02708145962
2030-07-01 07:00:00+00:00,83111.27986080585
2030-07-01 08:00:00+00:00,76495.13029315535
2030-07-01 09:00:00+00:00,74041.54476681908
2030-07-01 10:00:00+00:00,73866.4130891759
2030-07-01 11:00:00+00:00,74312.5649181897
2030-07-01 12:00:00+00:00,75985.61308794617
2030-07-01 13:00:00+00:00,77963.59434187794
2030-07-01 14:00:00+00:00,82067.88902298838
2030-07-01 15:00:00+00:00,88168.81389025817
2030-07-01 16:00:00+00:00,86146.59781700629
2030-07-01 17:00:00+00:00,75850.4120172473
2030-07-01 18:00:00+00:00,61941.48334256351
2030-07-01 19:00:00+00:00,52332.67692061092
2030-07-01 20:00:00+00:00,46602.96078059717
2030-07-01 21:00:00+00:00,42950.003953094725
2030-07-01 22:00:00+00:00,37930.523455219336
2030-07-01 23:00:00+00:00,34864.3672510286
2030-07-02 00:00:00+00:00,33600.16072629067
2030-07-02 01:00:00+00:00,33369.49908314279
2030-07-02 02:00:00+00:00,34215.33700282351
2030-07-02 03:00:00+00:00,37721.28139464402
2030-07-02 04:00:00+00:00,51393.60000811422
2030-07-02 05:00:00+00:00,74176.84696474171
2030-07-02 06:00:00+00:00,88648.71325204932
2030-07-02 07:00:00+00:00,83328.14349802838
2030-07-02 08:00:00+00:00,75934.766940401
2030-07-02 09:00:00+00:00,72094.83803611697
2030-07-02 10:00:00+00:00,71600.79632084172
2030-07-02 11:00:00+00:00,73106.77174607576
2030-07-02 12:00:00+00:00,75948.94541648455
2030-07-02 13:00:00+00:00,78878.75423086774
2030-07-02 14:00:00+00:00,83986.4675538688
2030-07-02 15:00:00+00:00,90825.68333466133
2030-07-02 16:00:00+00:00,88940.78487320278
2030-07-02 17:00:00+00:00,78932.02922961031
2030-07-02 18:00:00+00:00,64015.13370299538
2030-07-02 19:00:00+00:00,53268.458667547304
2030-07-02 20:00:00+00:00,47188.08860195386
2030-07-02 21:00:00+00:00,43508.71849969946
2030-07-02 22:00:00+00:00,38349.71435795018
2030-07-02 23:00:00+00:00,34994.438312024016
2030-07-03 00:00:00+00:00,33521.23502296642
2030-07-03 01:00:00+00:00,33187.18827799844
2030-07-03 02:00:00+00:00,33910.21567289827
2030-07-03 03:00:00+00:00,37174.3570566167
2030-07-03 04:00:00+00:00,50235.21591156262
2030-07-03 05:00:00+00:00,72350.49517926369
2030-07-03 06:00:00+00:00,86920.6907387832
2030-07-03 07:00:00+00:00,82178.94606671245
2030-07-03 08:00:00+00:00,75423.98588586046
2030-07-03 09:00:00+00:00,72238.6786955523
2030-07-03 10:00:00+00:00,72321.0332898307
2030-07-03 11:00:00+00:00,74392.85394915863
2030-07-03 12:00:00+00:00,77721.9792935638
2030-07-03 13:00:00+00:00,80656.49874049264
2030-07-03 14:00:00+00:00,85404.06494193593
2030-07-03 15:00:00+00:00,91784.7707982961
2030-07-03 16:00:00+00:00,89911.29600522577
2030-07-03 17:00:00+00:00,80109.81361684644
2030-07-03 18:00:00+00:00,65763.1372997158
2030-07-03 19:00:00+00:00,54858.58040253725
2030-07-03 20:00:00+00:00,48434.2687824565
2030-07-03 21:00:00+00:00,44651.730568080755
2030-07-03 22:00:00+00:00,39299.96817481493
2030-07-03 23:00:00+00:00,35535.00533903046
2030-07-04 00:00:00+00:00,33816.066305586726
2030-07-04 01:00:00+00:00,33346.55466369568
2030-07-04 02:00:00+00:00,33989.37212244198
2030-07-04 03:00:00+00:00,37132.377615521465
2030-07-04 04:00:00+00:00,49647.30920444405
2030-07-04 05:00:00+00:00,70732.23295437066
2030-07-04 06:00:00+00:00,84900.8212736192
2030-07-04 07:00:00+00:00,80876.1661372455
2030-07-04 08:00:00+00:00,75016.2938650695
2030-07-04 09:00:00+00:00,72953.2534259572
2030-07-04 10:00:00+00:00,73553.12796136111
2030-07-04 11:00:00+00:00,75493.30331949634
2030-07-04 12:00:00+00:00,78635.13270829586
2030-07-04 13:00:00+00:00,81851.68382242249
2030-07-04 14:00:00+00:00,86496.55744663705
2030-07-04 15:00:00+00:00,92108.1706098033
2030-07-04 16:00:00+00:00,90221.70790891543
2030-07-04 17:00:00+00:00,81922.32005744347
2030-07-04 18:00:00+00:00,68037.31824572234
2030-07-04 19:00:00+00:00,56806.335350059024
2030-07-04 20:00:00+00:00,49892.97558610331
2030-07-04 21:00:00+00:00,45802.170629669265
2030-07-04 22:00:00+00:00,40110.52437331989
2030-07-04 23:00:00+00:00,36079.79830260963
2030-07-05 00:00:00+00:00,34219.653470068915
2030-07-05 01:00:00+00:00,33685.37166792362
2030-07-05 02:00:00+00:00,34316.501891184926
2030-07-05 03:00:00+00:00,37394.46487278558
2030-07-05 04:00:00+00:00,49356.75772941307
2030-07-05 05:00:00+00:00,69030.00634255641
2030-07-05 06:00:00+00:00,82172.98661979494
2030-07-05 07:00:00+00:00,77309.6661391098
2030-07-05 08:00:00+00:00,73711.50594583228
2030-07-05 09:00:00+00:00,75408.58861375268
2030-07-05 10:00:00+00:00,79311.43083336113
2030-07-05 11:00:00+00:00,85874.11011884906
2030-07-05 12:00:00+00:00,91044.47742338467
2030-07-05 13:00:00+00:00,93600.77474428856
2030-07-05 14:00:00+00:00,94127.62352961898
2030-07-05 15:00:00+00:00,93178.05580675516
2030-07-05 16:00:00+00:00,89655.72884591857
2030-07-05 17:00:00+00:00,82614.81006853541
2030-07-05 18:00:00+00:00,70920.73133934528
2030-07-05 19:00:00+00:00,60233.69846045752
2030-07-05 20:00:00+00:00,52495.8588008469
2030-07-05 21:00:00+00:00,48369.766875404275
2030-07-05 22:00:00+00:00,43752.690734957294
2030-07-05 23:00:00+00:00,39583.39388758479
2030-07-06 00:00:00+00:00,36721.30271160487
2030-07-06 01:00:00+00:00,35202.804871015964
2030-07-06 02:00:00+00:00,35000.67209131567
2030-07-06 03:00:00+00:00,36325.30928378127
2030-07-06 04:00:00+00:00,40430.43779825029
2030-07-06 05:00:00+00:00,44410.62824877544
2030-07-06 06:00:00+00:00,50751.91385324149
2030-07-06 07:00:00+00:00,59698.39818430249
2030-07-06 08:00:00+00:00,70440.92375372851
2030-07-06 09:00:00+00:00,77637.2157915284
2030-07-06 10:00:00+00:00,79798.5914217971
2030-07-06 11:00:00+00:00,79236.48193430965
2030-07-06 12:00:00+00:00,79838.5463599558
2030-07-06 13:00:00+00:00,79642.81754706509
2030-07-06 14:00:00+00:00,75547.96996225428
2030-07-06 15:00:00+00:00,72789.40109527441
2030-07-06 16:00:00+00:00,71600.30869123546
2030-07-06 17:00:00+00:00,67866.33170830447
2030-07-06 18:00:00+00:00,59199.383253261585
2030-07-06 19:00:00+00:00,52268.63466002999
2030-07-06 20:00:00+00:00,46778.478219656434
2030-07-06 21:00:00+00:00,44247.72825878129
2030-07-06 22:00:00+00:00,41852.69065313267
2030-07-06 23:00:00+00:00,38813.97104040267
2030-07-07 00:00:00+00:00,35962.06626227233
2030-07-07 01:00:00+00:00,33548.09356647052
2030-07-07 02:00:00+00:00,32756.733983960195
2030-07-07 03:00:00+00:00,32866.139840529315
2030-07-07 04:00:00+00:00,34359.50888524799
2030-07-07 05:00:00+00:00,35523.24809819794
2030-07-07 06:00:00+00:00,38051.49253191254
2030-07-07 07:00:00+00:00,44005.52024181821
2030-07-07 08:00:00+00:00,53899.02594084655
2030-07-07 09:00:00+00:00,64363.84458879918
2030-07-07 10:00:00+00:00,71538.13452678423
2030-07-07 11:00:00+00:00,73781.38759614357
2030-07-07 12:00:00+00:00,76454.96282495203
2030-07-07 13:00:00+00:00,79243.86513561972
2030-07-07 14:00:00+00:00,77736.3840550735
2030-07-07 15:00:00+00:00,77972.20876958373
2030-07-07 16:00:00+00:00,79419.19251110815
2030-07-07 17:00:00+00:00,75115.46348284038
2030-07-07 18:00:00+00:00,67004.0782948694
2030-07-07 19:00:00+00:00,58469.35231293662
2030-07-07 20:00:00+00:00,50535.23892189071
2030-07-07 21:00:00+00:00,44252.948915942885
2030-07-07 22:00:00+00:00,39007.04678475684
2030-07-07 23:00:00+00:00,35447.496305454435
2030-07-08 00:00:00+00:00,33847.22437605639
2030-07-08 01:00:00+00:00,33552.27768281151
2030-07-08 02:00:00+00:00,34962.01063398552
2030-07-08 03:00:00+00:00,39722.57472204885
2030-07-08 04:00:00+00:00,54550.23688283175
2030-07-08 05:00:00+00:00,75630.5421251727
2030-07-08 06:00:00+00:00,87206.83455018738
2030-07-08 07:00:00+00:00,81544.85615519778
2030-07-08 08:00:00+00:00,75427.67802153282
2030-07-08 09:00:00+00:00,73240.58624182316
2030-07-08 10:00:00+00:00,73244.772754715
2030-07-08 11:00:00+00:00,74003.04591277591
2030-07-08 12:00:00+00:00,76046.40594619191
2030-07-08 13:00:00+00:00,78389.1812953973
2030-07-08 14:00:00+00:00,82723.25673883664
2030-07-08 15:00:00+00:00,88967.492092083
2030-07-08 16:00:00+00:00,86889.98389023737
2030-07-08 17:00:00+00:00,76379.66242986706
2030-07-08 18:00:00+00:00,62056.67327789905
2030-07-08 19:00:00+00:00,52143.16695324735
2030-07-08 20:00:00+00:00,46264.01439072389
2030-07-08 21:00:00+00:00,42516.21787858011
2030-07-08 22:00:00+00:00,37562.242879442485
2030-07-08 23:00:00+00:00,34592.130931051084
2030-07-09 00:00:00+00:00,33401.01707734195
2030-07-09 01:00:00+00:00,33200.137712466785
2030-07-09 02:00:00+00:00,34034.71155881293
2030-07-09 03:00:00+00:00,37461.17698615729
2030-07-09 04:00:00+00:00,50796.85836815759
2030-07-09 05:00:00+00:00,72944.97497177402
2030-07-09 06:00:00+00:00,86847.15571091378
2030-07-09 07:00:00+00:00,81624.25180815227
2030-07-09 08:00:00+00:00,74731.448518109
2030-07-09 09:00:00+00:00,71209.75454436183
2030-07-09 10:00:00+00:00,70981.71175224168
2030-07-09 11:00:00+00:00,72891.99668158918
2030-07-09 12:00:00+00:00,75976.24735254247
2030-07-09 13:00:00+00:00,79098.7648971409
2030-07-09 14:00:00+00:00,84330.93297177891
2030-07-09 15:00:00+00:00,91234.87782270873
2030-07-09 16:00:00+00:00,89173.40316000216
2030-07-09 17:00:00+00:00,78999.62207631987
2030-07-09 18:00:00+00:00,63868.86246400052
2030-07-09 19:00:00+00:00,52965.3606353126
2030-07-09 20:00:00+00:00,46886.88662041129
2030-07-09 21:00:00+00:00,43255.511353442926
2030-07-09 22:00:00+00:00,38174.78821435529
2030-07-09 23:00:00+00:00,34876.02937606999
2030-07-10 00:00:00+00:00,33444.037637958805
2030-07-10 01:00:00+00:00,33132.84050311683
2030-07-10 02:00:00+00:00,33861.91356084098
2030-07-10 03:00:00+00:00,37122.9131762015
2030-07-10 04:00:00+00:00,50138.457364763126
2030-07-10 05:00:00+00:00,72129.09902832242
2030-07-10 06:00:00+00:00,86284.33319462505
2030-07-10 07:00:00+00:00,81499.99618310975
2030-07-10 08:00:00+00:00,75021.45618947763
2030-07-10 09:00:00+00:00,72065.64569720153
2030-07-10 10:00:00+00:00,72305.88335482364
2030-07-10 11:00:00+00:00,74381.7647528986
2030-07-10 12:00:00+00:00,77715.34376766322
2030-07-10 13:00:00+00:00,80661.99993289958
2030-07-10 14:00:00+00:00,85416.74186712415
2030-07-10 15:00:00+00:00,91803.563942938
2030-07-10 16:00:00+00:00,89931.34366240421
2030-07-10 17:00:00+00:00,80124.35559146272
2030-07-10 18:00:00+00:00,65770.92306876883
2030-07-10 19:00:00+00:00,54859.93503076905
2030-07-10 20:00:00+00:00,48350.5495973085
2030-07-10 21:00:00+00:00,44472.65155020476
2030-07-10 22:00:00+00:00,39218.35527917463
2030-07-10 23:00:00+00:00,35508.245518586016
2030-07-11 00:00:00+00:00,33820.68695939651
2030-07-11 01:00:00+00:00,33375.322655764714
2030-07-11 02:00:00+00:00,34041.51537369667
2030-07-11 03:00:00+00:00,37254.523263827046
2030-07-11 04:00:00+00:00,50026.02742310885
2030-07-11 05:00:00+00:00,71503.96318596002
2030-07-11 06:00:00+00:00,85778.80638859796
2030-07-11 07:00:00+00:00,81536.79747817905
2030-07-11 08:00:00+00:00,75349.84774732728
2030-07-11 09:00:00+00:00,72944.14400896091
2030-07-11 10:00:00+00:00,73551.03954277349
2030-07-11 11:00:00+00:00,75503.40238790543
2030-07-11 12:00:00+00:00,78653.65931663799
2030-07-11 13:00:00+00:00,81875.79109046653
2030-07-11 14:00:00+00:00,86526.37664525864
2030-07-11 15:00:00+00:00,92244.75145309995
2030-07-11 16:00:00+00:00,90330.8923848534
2030-07-11 17:00:00+00:00,81949.62766114691
2030-07-11 18:00:00+00:00,68051.85668977561
2030-07-11 19:00:00+00:00,56809.64588460948
2030-07-11 20:00:00+00:00,49886.779593022184
2030-07-11 21:00:00+00:00,45607.33035971841
2030-07-11 22:00:00+00:00,39961.598195916275
2030-07-11 23:00:00+00:00,36010.77844140825
2030-07-12 00:00:00+00:00,34176.52393592846
2030-07-12 01:00:00+00:00,33649.36389940527
2030-07-12 02:00:00+00:00,34272.25776900954
2030-07-12 03:00:00+00:00,37324.88968524343
2030-07-12 04:00:00+00:00,49184.342997137945
2030-07-12 05:00:00+00:00,68598.14452662643
2030-07-12 06:00:00+00:00,81577.65411498291
2030-07-12 07:00:00+00:00,76696.53193163041
2030-07-12 08:00:00+00:00,73528.67055688048
2030-07-12 09:00:00+00:00,75399.64056043238
2030-07-12 10:00:00+00:00,79326.07323202121
2030-07-12 11:00:00+00:00,85970.18071966845
2030-07-12 12:00:00+00:00,91522.38126569368
2030-07-12 13:00:00+00:00,94404.41300516622
2030-07-12 14:00:00+00:00,95113.5358283338
2030-07-12 15:00:00+00:00,94287.5540258512
2030-07-12 16:00:00+00:00,90712.55044848207
2030-07-12 17:00:00+00:00,83474.37172953955
2030-07-12 18:00:00+00:00,71404.75018165338
2030-07-12 19:00:00+00:00,60404.06348085861
2030-07-12 20:00:00+00:00,52496.2402232205
2030-07-12 21:00:00+00:00,48369.766875404275
2030-07-12 22:00:00+00:00,43630.036539157314
2030-07-12 23:00:00+00:00,39412.309461237426
2030-07-13 00:00:00+00:00,36545.679043353935
2030-07-13 01:00:00+00:00,35042.14243136435
2030-07-13 02:00:00+00:00,34851.57054787318
2030-07-13 03:00:00+00:00,36146.42457258088
2030-07-13 04:00:00+00:00,40143.10774539976
2030-07-13 05:00:00+00:00,44073.31332626589
2030-07-13 06:00:00+00:00,50383.37973264415
2030-07-13 07:00:00+00:00,59649.85805459087
2030-07-13 08:00:00+00:00,70434.11191067696
2030-07-13 09:00:00+00:00,77637.2157915284
2030-07-13 10:00:00+00:00,79964.9776989821
2030-07-13 11:00:00+00:00,79627.37531369424
2030-07-13 12:00:00+00:00,80390.9241476632
2030-07-13 13:00:00+00:00,80143.5987289728
2030-07-13 14:00:00+00:00,75995.91860480489
2030-07-13 15:00:00+00:00,73146.39049671602
2030-07-13 16:00:00+00:00,71888.56334682007
2030-07-13 17:00:00+00:00,68073.14017052956
2030-07-13 18:00:00+00:00,59272.00065413788
2030-07-13 19:00:00+00:00,52268.63466002999
2030-07-13 20:00:00+00:00,46781.22761574139
2030-07-13 21:00:00+00:00,44256.01306406022
2030-07-13 22:00:00+00:00,41856.832421798325
2030-07-13 23:00:00+00:00,38770.207501195364
2030-07-14 00:00:00+00:00,35919.62033082188
2030-07-14 01:00:00+00:00,33521.12670623324
2030-07-14 02:00:00+00:00,32728.869523050624
2030-07-14 03:00:00+00:00,32833.581377174974
2030-07-14 04:00:00+00:00,34317.63165149872
2030-07-14 05:00:00+00:00,35488.996266603346
2030-07-14 06:00:00+00:00,38051.17502265802
2030-07-14 07:00:00+00:00,44015.29952247851
2030-07-14 08:00:00+00:00,53907.671854208085
2030-07-14 09:00:00+00:00,64364.55239398269
2030-07-14 10:00:00+00:00,71538.13452678423
2030-07-14 11:00:00+00:00,73660.18535326097
2030-07-14 12:00:00+00:00,76241.98377313554
2030-07-14 13:00:00+00:00,79018.54211307023
2030-07-14 14:00:00+00:00,77517.22841812471
2030-07-14 15:00:00+00:00,77753.33158541888
2030-07-14 16:00:00+00:00,79236.1147005112
2030-07-14 17:00:00+00:00,74978.86200296917
2030-07-14 18:00:00+00:00,66945.8634964615
2030-07-14 19:00:00+00:00,58469.35231293662
2030-07-14 20:00:00+00:00,50535.23892189071
2030-07-14 21:00:00+00:00,44253.73750017072
2030-07-14 22:00:00+00:00,39010.25350626646
2030-07-14 23:00:00+00:00,35461.71949750837
2030-07-15 00:00:00+00:00,33858.73548490366
2030-07-15 01:00:00+00:00,33560.666598342425
2030-07-15 02:00:00+00:00,34977.56050336828
2030-07-15 03:00:00+00:00,39753.55134293001
2030-07-15 04:00:00+00:00,54624.12103339169
2030-07-15 05:00:00+00:00,75725.56500433755
2030-07-15 06:00:00+00:00,87198.30188797899
2030-07-15 07:00:00+00:00,81551.46039827843
2030-07-15 08:00:00+00:00,75427.67802153282
2030-07-15 09:00:00+00:00,73240.58624182316
2030-07-15 10:00:00+00:00,73244.09486471853
2030-07-15 11:00:00+00:00,73923.76211168116
2030-07-15 12:00:00+00:00,75949.44113147253
2030-07-15 13:00:00+00:00,78238.68936172356
2030-07-15 14:00:00+00:00,82533.09200391616
2030-07-15 15:00:00+00:00,88752.02328710734
2030-07-15 16:00:00+00:00,86705.59164410597
2030-07-15 17:00:00+00:00,76184.94857226392
2030-07-15 18:00:00+00:00,61963.19437545482
2030-07-15 19:00:00+00:00,52136.57952039656
2030-07-15 20:00:00+00:00,46262.80133921919
2030-07-15 21:00:00+00:00,42516.21787858011
2030-07-15 22:00:00+00:00,37562.242879442485
2030-07-15 23:00:00+00:00,34591.23629489575
2030-07-16 00:00:00+00:00,33371.045752419035
2030-07-16 01:00:00+00:00,33159.59583909083
2030-07-16 02:00:00+00:00,33978.679805474356
2030-07-16 03:00:00+00:00,37351.907893189
2030-07-16 04:00:00+00:00,50513.419140075544
2030-07-16 05:00:00+00:00,72558.84535712654
2030-07-16 06:00:00+00:00,86397.97228945958
2030-07-16 07:00:00+00:00,81624.25180815227
2030-07-16 08:00:00+00:00,74731.448518109
2030-07-16 09:00:00+00:00,71203.49185879952
2030-07-16 10:00:00+00:00,70971.15520519431
2030-07-16 11:00:00+00:00,72858.52343108883
2030-07-16 12:00:00+00:00,75943.21025059272
2030-07-16 13:00:00+00:00,79021.56067949496
2030-07-16 14:00:00+00:00,84265.87695114731
2030-07-16 15:00:00+00:00,91096.41275980047
2030-07-16 16:00:00+00:00,89116.63309752315
2030-07-16 17:00:00+00:00,78926.50881556992
2030-07-16 18:00:00+00:00,63823.55040457671
2030-07-16 19:00:00+00:00,52958.31026412329
2030-07-16 20:00:00+00:00,46886.88662041129
2030-07-16 21:00:00+00:00,43255.511353442926
2030-07-16 22:00:00+00:00,38174.78821435529
2030-07-16 23:00:00+00:00,34876.02937606999
2030-07-17 00:00:00+00:00,33429.269608273025
2030-07-17 01:00:00+00:00,33109.800284053985
2030-07-17 02:00:00+00:00,33844.63132890112
2030-07-17 03:00:00+00:00,37091.096677532296
2030-07-17 04:00:00+00:00,50071.83174022518
2030-07-17 05:00:00+00:00,71960.49869899615
2030-07-17 06:00:00+00:00,85920.45459521869
2030-07-17 07:00:00+00:00,81482.57017981495
2030-07-17 08:00:00+00:00,75021.45618947763
2030-07-17 09:00:00+00:00,72065.64569720153
2030-07-17 10:00:00+00:00,72521.81172442315
2030-07-17 11:00:00+00:00,74843.86271916899
2030-07-17 12:00:00+00:00,78382.42120111249
2030-07-17 13:00:00+00:00,81494.69130790385
2030-07-17 14:00:00+00:00,86452.78641329973
2030-07-17 15:00:00+00:00,92988.37355632891
2030-07-17 16:00:00+00:00,91007.67167550053
2030-07-17 17:00:00+00:00,80883.89920044232
2030-07-17 18:00:00+00:00,66183.9375843044
2030-07-17 19:00:00+00:00,55008.84990677916
2030-07-17 20:00:00+00:00,48350.5495973085
2030-07-17 21:00:00+00:00,44472.65155020476
2030-07-17 22:00:00+00:00,39127.79533282633
2030-07-17 23:00:00+00:00,35403.58825200794
2030-07-18 00:00:00+00:00,33715.09292433168
2030-07-18 01:00:00+00:00,33255.26362050415
2030-07-18 02:00:00+00:00,33887.534402146666
2030-07-18 03:00:00+00:00,37009.219502609856
2030-07-18 04:00:00+00:00,49425.741838423746
2030-07-18 05:00:00+00:00,70278.31777341943
2030-07-18 06:00:00+00:00,84396.23504788979
2030-07-18 07:00:00+00:00,80628.69168460165
2030-07-18 08:00:00+00:00,75008.45269913408
2030-07-18 09:00:00+00:00,73057.6636055206
2030-07-18 10:00:00+00:00,74061.57433942244
2030-07-18 11:00:00+00:00,76277.63505791982
2030-07-18 12:00:00+00:00,79677.84693948827
2030-07-18 13:00:00+00:00,83107.74525018447
2030-07-18 14:00:00+00:00,87908.95151916031
2030-07-18 15:00:00+00:00,93769.90126557963
2030-07-18 16:00:00+00:00,91789.26530970633
2030-07-18 17:00:00+00:00,83177.02553328285
2030-07-18 18:00:00+00:00,68788.88300330305
2030-07-18 19:00:00+00:00,57160.33072968698
2030-07-18 20:00:00+00:00,49946.552968272874
2030-07-18 21:00:00+00:00,45607.33035971841
2030-07-18 22:00:00+00:00,39891.22007372287
2030-07-18 23:00:00+00:00,35903.53374208368
2030-07-19 00:00:00+00:00,34064.49741746486
2030-07-19 01:00:00+00:00,33530.10539006306
2030-07-19 02:00:00+00:00,34157.48639569687
2030-07-19 03:00:00+00:00,37188.66400774577
2030-07-19 04:00:00+00:00,48906.926727358084
2030-07-19 05:00:00+00:00,68097.48734098574
2030-07-19 06:00:00+00:00,80768.36561892909
2030-07-19 07:00:00+00:00,76532.88369623381
2030-07-19 08:00:00+00:00,73528.67055688048
2030-07-19 09:00:00+00:00,75545.23995450458
2030-07-19 10:00:00+00:00,79848.84370470759
2030-07-19 11:00:00+00:00,86791.1228848166
2030-07-19 12:00:00+00:00,92329.15185703895
2030-07-19 13:00:00+00:00,95162.74085810619
2030-07-19 14:00:00+00:00,95817.47834190674
2030-07-19 15:00:00+00:00,94905.37853013673
2030-07-19 16:00:00+00:00,91212.71753033245
2030-07-19 17:00:00+00:00,83829.3100342578
2030-07-19 18:00:00+00:00,71664.72318550525
2030-07-19 19:00:00+00:00,60562.74254849475
2030-07-19 20:00:00+00:00,52506.24302764911
2030-07-19 21:00:00+00:00,48369.766875404275
2030-07-19 22:00:00+00:00,43630.036539157314
2030-07-19 23:00:00+00:00,39412.309461237426
2030-07-20 00:00:00+00:00,36545.679043353935
2030-07-20 01:00:00+00:00,35028.87058377789
2030-07-20 02:00:00+00:00,34828.06868377802
2030-07-20 03:00:00+00:00,36109.42372137157
2030-07-20 04:00:00+00:00,40082.51595864142
2030-07-20 05:00:00+00:00,44007.68650497446
2030-07-20 06:00:00+00:00,50383.37973264415
2030-07-20 07:00:00+00:00,59649.85805459087
2030-07-20 08:00:00+00:00,70434.11191067696
2030-07-20 09:00:00+00:00,77637.2157915284
2030-07-20 10:00:00+00:00,79803.71418168138
2030-07-20 11:00:00+00:00,79247.96554662425
2030-07-20 12:00:00+00:00,80002.54307653542
2030-07-20 13:00:00+00:00,79802.01433679216
2030-07-20 14:00:00+00:00,75673.33328965282
2030-07-20 15:00:00+00:00,72920.64902795799
2030-07-20 16:00:00+00:00,71732.198649635
2030-07-20 17:00:00+00:00,67994.7438488328
2030-07-20 18:00:00+00:00,59206.241895448366
2030-07-20 19:00:00+00:00,52270.17710726495
2030-07-20 20:00:00+00:00,46778.478219656434
2030-07-20 21:00:00+00:00,44247.72825878129
2030-07-20 22:00:00+00:00,41845.997080139474
2030-07-20 23:00:00+00:00,38738.799025483924
2030-07-21 00:00:00+00:00,35868.936893858176
2030-07-21 01:00:00+00:00,33477.3114030146
2030-07-21 02:00:00+00:00,32690.196212927298
2030-07-21 03:00:00+00:00,32793.82352251772
2030-07-21 04:00:00+00:00,34261.000287427094
2030-07-21 05:00:00+00:00,35428.27890292603
2030-07-21 06:00:00+00:00,37995.69404201798
2030-07-21 07:00:00+00:00,44005.52024181821
2030-07-21 08:00:00+00:00,53899.02594084655
2030-07-21 09:00:00+00:00,64363.84458879918
2030-07-21 10:00:00+00:00,71538.13452678423
2030-07-21 11:00:00+00:00,73660.18535326097
2030-07-21 12:00:00+00:00,76136.91408071523
2030-07-21 13:00:00+00:00,78789.26685138853
2030-07-21 14:00:00+00:00,77356.8320078117
2030-07-21 15:00:00+00:00,77611.40044333908
2030-07-21 16:00:00+00:00,79124.30224005251
2030-07-21 17:00:00+00:00,74878.46017339977
2030-07-21 18:00:00+00:00,66851.2362983973
2030-07-21 19:00:00+00:00,58469.35231293662
2030-07-21 20:00:00+00:00,50535.23892189071
2030-07-21 21:00:00+00:00,44252.948915942885
2030-07-21 22:00:00+00:00,39008.17473752244
2030-07-21 23:00:00+00:00,35442.5379371822
2030-07-22 00:00:00+00:00,33814.93811940125
2030-07-22 01:00:00+00:00,33500.48919117031
2030-07-22 02:00:00+00:00,34887.68851225831
2030-07-22 03:00:00+00:00,39588.2537355315
2030-07-22 04:00:00+00:00,54231.3466816458
2030-07-22 05:00:00+00:00,75169.06777585627
2030-07-22 06:00:00+00:00,86935.7133247459
2030-07-22 07:00:00+00:00,81544.85615519778
2030-07-22 08:00:00+00:00,75427.67802153282
2030-07-22 09:00:00+00:00,73240.58624182316
2030-07-22 10:00:00+00:00,73244.09486471853
2030-07-22 11:00:00+00:00,73978.58291399077
2030-07-22 12:00:00+00:00,76105.52057627993
2030-07-22 13:00:00+00:00,78581.38170840598
2030-07-22 14:00:00+00:00,83029.32654684297
2030-07-22 15:00:00+00:00,89391.9147920296
2030-07-22 16:00:00+00:00,87288.36200146713
2030-07-22 17:00:00+00:00,76614.21396536977
2030-07-22 18:00:00+00:00,62277.780739732894
2030-07-22 19:00:00+00:00,52274.568095308954
2030-07-22 20:00:00+00:00,46262.80133921919
2030-07-22 21:00:00+00:00,42516.21787858011
2030-07-22 22:00:00+00:00,37562.242879442485
2030-07-22 23:00:00+00:00,34591.23629489575
2030-07-23 00:00:00+00:00,33369.534313604505
2030-07-23 01:00:00+00:00,33145.4628243685
2030-07-23 02:00:00+00:00,33946.1738680955
2030-07-23 03:00:00+00:00,37281.2123397045
2030-07-23 04:00:00+00:00,50314.87690409415
2030-07-23 05:00:00+00:00,72162.99133460903
2030-07-23 06:00:00+00:00,86376.38245048278
2030-07-23 07:00:00+00:00,81624.25180815227
2030-07-23 08:00:00+00:00,74731.448518109
2030-07-23 09:00:00+00:00,71203.49185879952
2030-07-23 10:00:00+00:00,70964.13665751481
2030-07-23 11:00:00+00:00,72615.72100410714
2030-07-23 12:00:00+00:00,75487.71660069592
2030-07-23 13:00:00+00:00,78533.79312862211
2030-07-23 14:00:00+00:00,83787.14857763857
2030-07-23 15:00:00+00:00,90671.25462392264
2030-07-23 16:00:00+00:00,88659.2270489126
2030-07-23 17:00:00+00:00,78578.92975763702
2030-07-23 18:00:00+00:00,63604.33405522041
2030-07-23 19:00:00+00:00,52892.08169627819
2030-07-23 20:00:00+00:00,46886.88662041129
2030-07-23 21:00:00+00:00,43255.511353442926
2030-07-23 22:00:00+00:00,38174.78821435529
2030-07-23 23:00:00+00:00,34876.02937606999
2030-07-24 00:00:00+00:00,33429.269608273025
2030-07-24 01:00:00+00:00,33099.358280583794
2030-07-24 02:00:00+00:00,33805.84638682541
2030-07-24 03:00:00+00:00,37003.588178499835
2030-07-24 04:00:00+00:00,49799.97404093935
2030-07-24 05:00:00+00:00,71512.7430558798
2030-07-24 06:00:00+00:00,85920.45459521869
2030-07-24 07:00:00+00:00,81482.57017981495
2030-07-24 08:00:00+00:00,75021.45618947763
2030-07-24 09:00:00+00:00,72065.64569720153
2030-07-24 10:00:00+00:00,72305.88335482364
2030-07-24 11:00:00+00:00,74548.1629736712
2030-07-24 12:00:00+00:00,78046.70876440292
2030-07-24 13:00:00+00:00,81143.73836601195
2030-07-24 14:00:00+00:00,86032.46793309733
2030-07-24 15:00:00+00:00,92523.7551258579
2030-07-24 16:00:00+00:00,90534.65845515976
2030-07-24 17:00:00+00:00,80507.94640854035
2030-07-24 18:00:00+00:00,65936.6019912654
2030-07-24 19:00:00+00:00,54858.58040253725
2030-07-24 20:00:00+00:00,48350.5495973085
2030-07-24 21:00:00+00:00,44472.65155020476
2030-07-24 22:00:00+00:00,39127.79533282633
2030-07-24 23:00:00+00:00,35403.58825200794
2030-07-25 00:00:00+00:00,33715.09292433168
2030-07-25 01:00:00+00:00,33255.026056354174
2030-07-25 02:00:00+00:00,33886.73598254281
2030-07-25 03:00:00+00:00,36981.22578463493
2030-07-25 04:00:00+00:00,49319.94780898975
2030-07-25 05:00:00+00:00,70201.28195607875
2030-07-25 06:00:00+00:00,84396.23504788979
2030-07-25 07:00:00+00:00,80628.69168460165
2030-07-25 08:00:00+00:00,75008.45269913408
2030-07-25 09:00:00+00:00,72944.14400896091
2030-07-25 10:00:00+00:00,73549.89363817793
2030-07-25 11:00:00+00:00,75493.30331949634
2030-07-25 12:00:00+00:00,78635.13270829586
2030-07-25 13:00:00+00:00,81957.12675573249
2030-07-25 14:00:00+00:00,86698.44045755114
2030-07-25 15:00:00+00:00,92402.3215664194
2030-07-25 16:00:00+00:00,90414.69817359414
2030-07-25 17:00:00+00:00,82028.30169506172
2030-07-25 18:00:00+00:00,68034.65916558159
2030-07-25 19:00:00+00:00,56801.48186359711
2030-07-25 20:00:00+00:00,49885.55448792928
2030-07-25 21:00:00+00:00,45607.33035971841
2030-07-25 22:00:00+00:00,39891.22007372287
2030-07-25 23:00:00+00:00,35903.62113802767
2030-07-26 00:00:00+00:00,34064.998517316315
2030-07-26 01:00:00+00:00,33536.45863834618
2030-07-26 02:00:00+00:00,34146.52662835758
2030-07-26 03:00:00+00:00,37140.46482520633
2030-07-26 04:00:00+00:00,48788.2849671059
2030-07-26 05:00:00+00:00,68007.94030283894
2030-07-26 06:00:00+00:00,80906.18658487196
2030-07-26 07:00:00+00:00,76532.88369623381
2030-07-26 08:00:00+00:00,73528.67055688048
2030-07-26 09:00:00+00:00,75397.20575302518
2030-07-26 10:00:00+00:00,79310.50915155538
2030-07-26 11:00:00+00:00,85874.11011884906
2030-07-26 12:00:00+00:00,91187.03831921407
2030-07-26 13:00:00+00:00,93910.98580603366
2030-07-26 14:00:00+00:00,94505.60448041519
2030-07-26 15:00:00+00:00,93561.39367401696
2030-07-26 16:00:00+00:00,90016.48011140987
2030-07-26 17:00:00+00:00,82879.59385425052
2030-07-26 18:00:00+00:00,71005.47311668318
2030-07-26 19:00:00+00:00,60233.69846045752
2030-07-26 20:00:00+00:00,52495.8588008469
2030-07-26 21:00:00+00:00,48369.766875404275
2030-07-26 22:00:00+00:00,43630.23625219351
2030-07-26 23:00:00+00:00,39456.35918326034
2030-07-27 00:00:00+00:00,36628.196568325504
2030-07-27 01:00:00+00:00,35128.76017873348
2030-07-27 02:00:00+00:00,34945.59314765674
2030-07-27 03:00:00+00:00,36261.28403657277
2030-07-27 04:00:00+00:00,40323.75568666701
2030-07-27 05:00:00+00:00,44317.148559307716
2030-07-27 06:00:00+00:00,50673.22881435455
2030-07-27 07:00:00+00:00,59649.85805459087
2030-07-27 08:00:00+00:00,70434.11191067696
2030-07-27 09:00:00+00:00,77637.2157915284
2030-07-27 10:00:00+00:00,79798.5914217971
2030-07-27 11:00:00+00:00,79477.44754466474
2030-07-27 12:00:00+00:00,80232.5100350664
2030-07-27 13:00:00+00:00,79982.6078596567
2030-07-27 14:00:00+00:00,75763.61614992088
2030-07-27 15:00:00+00:00,72861.51680448551
2030-07-27 16:00:00+00:00,71593.46860356427
2030-07-27 17:00:00+00:00,67823.48726189396
2030-07-27 18:00:00+00:00,59199.383253261585
2030-07-27 19:00:00+00:00,52268.63466002999
2030-07-27 20:00:00+00:00,46778.478219656434
2030-07-27 21:00:00+00:00,44247.72825878129
2030-07-27 22:00:00+00:00,41845.997080139474
2030-07-27 23:00:00+00:00,38739.0267064442
2030-07-28 00:00:00+00:00,35870.30789004515
2030-07-28 01:00:00+00:00,33467.518174208395
2030-07-28 02:00:00+00:00,32671.04380067164
2030-07-28 03:00:00+00:00,32771.86228697793
2030-07-28 04:00:00+00:00,34234.02229173527
2030-07-28 05:00:00+00:00,35400.56542780178
2030-07-28 06:00:00+00:00,37981.80570693759
2030-07-28 07:00:00+00:00,44006.2497082393
2030-07-28 08:00:00+00:00,53899.02594084655
2030-07-28 09:00:00+00:00,64363.84458879918
2030-07-28 10:00:00+00:00,71538.13452678423
2030-07-28 11:00:00+00:00,73660.18535326097
2030-07-28 12:00:00+00:00,76136.91408071523
2030-07-28 13:00:00+00:00,78744.09039309743
2030-07-28 14:00:00+00:00,77163.8785505157
2030-07-28 15:00:00+00:00,77351.45078221717
2030-07-28 16:00:00+00:00,78863.0765830049
2030-07-28 17:00:00+00:00,74721.12873471726
2030-07-28 18:00:00+00:00,66851.2362983973
2030-07-28 19:00:00+00:00,58469.35231293662
2030-07-28 20:00:00+00:00,50535.23892189071
2030-07-28 21:00:00+00:00,44252.948915942885
2030-07-28 22:00:00+00:00,39007.04678475684
2030-07-28 23:00:00+00:00,35447.86521426071
2030-07-29 00:00:00+00:00,33834.96001117164
2030-07-29 01:00:00+00:00,33526.562625854276
2030-07-29 02:00:00+00:00,34924.35696123132
2030-07-29 03:00:00+00:00,39646.46748543933
2030-07-29 04:00:00+00:00,54340.18881701212
2030-07-29 05:00:00+00:00,75312.49287169056
2030-07-29 06:00:00+00:00,87038.37877215163
2030-07-29 07:00:00+00:00,81544.85615519778
2030-07-29 08:00:00+00:00,75427.67802153282
2030-07-29 09:00:00+00:00,73240.58624182316
2030-07-29 10:00:00+00:00,73244.09486471853
2030-07-29 11:00:00+00:00,73872.91627591697
2030-07-29 12:00:00+00:00,75694.88328426144
2030-07-29 13:00:00+00:00,77849.56966814196
2030-07-29 14:00:00+00:00,82028.51477617265
2030-07-29 15:00:00+00:00,88162.81893628914
2030-07-29 16:00:00+00:00,86140.41855610767
2030-07-29 17:00:00+00:00,75843.22944407852
2030-07-29 18:00:00+00:00,61859.134114782624
2030-07-29 19:00:00+00:00,52136.57952039656
2030-07-29 20:00:00+00:00,46262.80133921919
2030-07-29 21:00:00+00:00,42517.052722881774
2030-07-29 22:00:00+00:00,37582.257604348604
2030-07-29 23:00:00+00:00,34628.32497409533
2030-07-30 00:00:00+00:00,33410.73098615106
2030-07-30 01:00:00+00:00,33197.03054226392
2030-07-30 02:00:00+00:00,34019.326114675736
2030-07-30 03:00:00+00:00,37420.24707063133
2030-07-30 04:00:00+00:00,50680.960438031376
2030-07-30 05:00:00+00:00,72936.04064951476
2030-07-30 06:00:00+00:00,87098.06001550656
2030-07-30 07:00:00+00:00,81890.46585462516
2030-07-30 08:00:00+00:00,74736.07845687594
2030-07-30 09:00:00+00:00,71203.49185879952
2030-07-30 10:00:00+00:00,70964.13665751481
2030-07-30 11:00:00+00:00,72615.72100410714
2030-07-30 12:00:00+00:00,75487.71660069592
2030-07-30 13:00:00+00:00,78401.73961142081
2030-07-30 14:00:00+00:00,83452.74125321957
2030-07-30 15:00:00+00:00,90167.55154178421
2030-07-30 16:00:00+00:00,88217.4524863522
2030-07-30 17:00:00+00:00,78288.12434787172
2030-07-30 18:00:00+00:00,63524.625546646705
2030-07-30 19:00:00+00:00,52892.08169627819
2030-07-30 20:00:00+00:00,46886.88662041129
2030-07-30 21:00:00+00:00,43257.852298324164
2030-07-30 22:00:00+00:00,38193.886883509986
2030-07-30 23:00:00+00:00,34918.89898354608
2030-07-31 00:00:00+00:00,33475.0980897578
2030-07-31 01:00:00+00:00,33151.92107493349
2030-07-31 02:00:00+00:00,33874.13767135431
2030-07-31 03:00:00+00:00,37134.66000556422
2030-07-31 04:00:00+00:00,50135.624561419434
2030-07-31 05:00:00+00:00,72173.55637123877
2030-07-31 06:00:00+00:00,86433.44830382182
2030-07-31 07:00:00+00:00,81545.57239328859
2030-07-31 08:00:00+00:00,75032.26725169901
2030-07-31 09:00:00+00:00,72065.64569720153
2030-07-31 10:00:00+00:00,72305.88335482364
2030-07-31 11:00:00+00:00,74381.7647528986
2030-07-31 12:00:00+00:00,77715.34376766322
2030-07-31 13:00:00+00:00,80655.96608665746
2030-07-31 14:00:00+00:00,85404.06494193593
2030-07-31 15:00:00+00:00,91789.11432075355
2030-07-31 16:00:00+00:00,89923.06054756444
2030-07-31 17:00:00+00:00,80119.30453709672
2030-07-31 18:00:00+00:00,65774.390693639
2030-07-31 19:00:00+00:00,54867.64833173756
2030-07-31 20:00:00+00:00,48356.560245329936
2030-07-31 21:00:00+00:00,44475.99936968832
2030-07-31 22:00:00+00:00,39127.79533282633
2030-07-31 23:00:00+00:00,35403.58825200794
2030-08-01 00:00:00+00:00,33715.09292433168
2030-08-01 01:00:00+00:00,33255.026056354174
2030-08-01 02:00:00+00:00,33886.73598254281
2030-08-01 03:00:00+00:00,36981.22578463493
2030-08-01 04:00:00+00:00,49319.94780898975
2030-08-01 05:00:00+00:00,70201.28195607875
2030-08-01 06:00:00+00:00,84396.23504788979
2030-08-01 07:00:00+00:00,80628.69168460165
2030-08-01 08:00:00+00:00,75008.45269913408
2030-08-01 09:00:00+00:00,72944.14400896091
2030-08-01 10:00:00+00:00,73549.89363817793
2030-08-01 11:00:00+00:00,75682.32069179004
2030-08-01 12:00:00+00:00,79107.44274561627
2030-08-01 13:00:00+00:00,82592.70733733759
2030-08-01 14:00:00+00:00,87535.99044144535
2030-08-01 15:00:00+00:00,93421.4901029921
2030-08-01 16:00:00+00:00,91557.20451150133
2030-08-01 17:00:00+00:00,83022.83436608252
2030-08-01 18:00:00+00:00,68751.7988694132
2030-08-01 19:00:00+00:00,57149.22830292321
2030-08-01 20:00:00+00:00,49981.21212555328
2030-08-01 21:00:00+00:00,45607.33035971841
2030-08-01 22:00:00+00:00,39891.22007372287
2030-08-01 23:00:00+00:00,35903.53374208368
2030-08-02 00:00:00+00:00,34064.49741746486
2030-08-02 01:00:00+00:00,33527.635134789336
2030-08-02 02:00:00+00:00,34119.87445838609
2030-08-02 03:00:00+00:00,37080.468019835425
2030-08-02 04:00:00+00:00,48604.504156747884
2030-08-02 05:00:00+00:00,67642.84919046472
2030-08-02 06:00:00+00:00,80760.92002018153
2030-08-02 07:00:00+00:00,76532.88369623381
2030-08-02 08:00:00+00:00,73528.67055688048
2030-08-02 09:00:00+00:00,75397.20575302518
2030-08-02 10:00:00+00:00,79310.50915155538
2030-08-02 11:00:00+00:00,85926.74885692185
2030-08-02 12:00:00+00:00,91287.57042039828
2030-08-02 13:00:00+00:00,94052.73962409545
2030-08-02 14:00:00+00:00,94682.92769328569
2030-08-02 15:00:00+00:00,93833.05860875225
2030-08-02 16:00:00+00:00,90191.22177571587
2030-08-02 17:00:00+00:00,82874.66977310981
2030-08-02 18:00:00+00:00,70946.53282556208
2030-08-02 19:00:00+00:00,60233.69846045752
2030-08-02 20:00:00+00:00,52495.8588008469
2030-08-02 21:00:00+00:00,48369.766875404275
2030-08-02 22:00:00+00:00,43631.97903389588
2030-08-02 23:00:00+00:00,39414.95652712262
2030-08-03 00:00:00+00:00,36548.291490393574
2030-08-03 01:00:00+00:00,35042.40068420707
2030-08-03 02:00:00+00:00,34851.8434778117
2030-08-03 03:00:00+00:00,36143.71067901476
2030-08-03 04:00:00+00:00,40141.06739752207
2030-08-03 05:00:00+00:00,44117.03330160861
2030-08-03 06:00:00+00:00,50562.81674999357
2030-08-03 07:00:00+00:00,59686.362457127005
2030-08-03 08:00:00+00:00,70444.69946850008
2030-08-03 09:00:00+00:00,77637.78662741453
2030-08-03 10:00:00+00:00,79798.5914217971
2030-08-03 11:00:00+00:00,79236.48193430965
2030-08-03 12:00:00+00:00,79838.5463599558
2030-08-03 13:00:00+00:00,79528.1403955076
2030-08-03 14:00:00+00:00,75362.14443056748
2030-08-03 15:00:00+00:00,72600.11063377462
2030-08-03 16:00:00+00:00,71447.99325320707
2030-08-03 17:00:00+00:00,67823.48726189396
2030-08-03 18:00:00+00:00,59199.383253261585
2030-08-03 19:00:00+00:00,52268.63466002999
2030-08-03 20:00:00+00:00,46781.144694366194
2030-08-03 21:00:00+00:00,44259.23809803365
2030-08-03 22:00:00+00:00,41919.31181425261
2030-08-03 23:00:00+00:00,38825.162314946225
2030-08-04 00:00:00+00:00,35947.606159145624
2030-08-04 01:00:00+00:00,33529.29751853205
2030-08-04 02:00:00+00:00,32732.892554754373
2030-08-04 03:00:00+00:00,32831.45118236914
2030-08-04 04:00:00+00:00,34305.77545076743
2030-08-04 05:00:00+00:00,35475.10144423117
2030-08-04 06:00:00+00:00,38049.981602407475
2030-08-04 07:00:00+00:00,44045.62436736009
2030-08-04 08:00:00+00:00,53903.24914807807
2030-08-04 09:00:00+00:00,64363.84458879918
2030-08-04 10:00:00+00:00,71538.13452678423
2030-08-04 11:00:00+00:00,73660.18535326097
2030-08-04 12:00:00+00:00,76136.91408071523
2030-08-04 13:00:00+00:00,78744.09039309743
2030-08-04 14:00:00+00:00,77163.8785505157
2030-08-04 15:00:00+00:00,77351.45078221717
2030-08-04 16:00:00+00:00,78863.0765830049
2030-08-04 17:00:00+00:00,74721.12873471726
2030-08-04 18:00:00+00:00,66851.2362983973
2030-08-04 19:00:00+00:00,58469.35231293662
2030-08-04 20:00:00+00:00,50535.23892189071
2030-08-04 21:00:00+00:00,44254.77328454347
2030-08-04 22:00:00+00:00,39011.73536525782
2030-08-04 23:00:00+00:00,35458.85205921219
2030-08-05 00:00:00+00:00,33842.887224945116
2030-08-05 01:00:00+00:00,33542.44245944049
2030-08-05 02:00:00+00:00,34943.327016480485
2030-08-05 03:00:00+00:00,39683.96828279529
2030-08-05 04:00:00+00:00,54441.39987971639
2030-08-05 05:00:00+00:00,75601.80685453201
2030-08-05 06:00:00+00:00,87524.42538123205
2030-08-05 07:00:00+00:00,81784.40529936319
2030-08-05 08:00:00+00:00,75448.51728906397
2030-08-05 09:00:00+00:00,73249.04928019879
2030-08-05 10:00:00+00:00,73244.09486471853
2030-08-05 11:00:00+00:00,73872.91627591697
2030-08-05 12:00:00+00:00,75694.88328426144
2030-08-05 13:00:00+00:00,77849.56966814196
2030-08-05 14:00:00+00:00,82028.51477617265
2030-08-05 15:00:00+00:00,88162.81893628914
2030-08-05 16:00:00+00:00,86140.41855610767
2030-08-05 17:00:00+00:00,75843.22944407852
2030-08-05 18:00:00+00:00,61859.134114782624
2030-08-05 19:00:00+00:00,52136.57952039656
2030-08-05 20:00:00+00:00,46294.18820845105
2030-08-05 21:00:00+00:00,42651.81186395661
2030-08-05 22:00:00+00:00,37716.470571745456
2030-08-05 23:00:00+00:00,34723.76213940067
2030-08-06 00:00:00+00:00,33494.55949483682
2030-08-06 01:00:00+00:00,33285.87822330489
2030-08-06 02:00:00+00:00,34136.55469067149
2030-08-06 03:00:00+00:00,37620.126590535976
2030-08-06 04:00:00+00:00,51194.727590670496
2030-08-06 05:00:00+00:00,73900.4435020523
2030-08-06 06:00:00+00:00,88321.71999815431
2030-08-06 07:00:00+00:00,82821.82691531305
2030-08-06 08:00:00+00:00,75179.73832566274
2030-08-06 09:00:00+00:00,71211.24185617082
2030-08-06 10:00:00+00:00,70964.13665751481
2030-08-06 11:00:00+00:00,72615.72100410714
2030-08-06 12:00:00+00:00,75487.71660069592
2030-08-06 13:00:00+00:00,78401.73961142081
2030-08-06 14:00:00+00:00,83452.74125321957
2030-08-06 15:00:00+00:00,90167.55154178421
2030-08-06 16:00:00+00:00,88217.4524863522
2030-08-06 17:00:00+00:00,78288.12434787172
2030-08-06 18:00:00+00:00,63524.625546646705
2030-08-06 19:00:00+00:00,52892.08169627819
2030-08-06 20:00:00+00:00,46913.38390287221
2030-08-06 21:00:00+00:00,43441.98022709458
2030-08-06 22:00:00+00:00,38382.282104129314
2030-08-06 23:00:00+00:00,35041.81187224699
2030-08-07 00:00:00+00:00,33571.765453576285
2030-08-07 01:00:00+00:00,33249.08718337421
2030-08-07 02:00:00+00:00,33992.852594286516
2030-08-07 03:00:00+00:00,37325.13691039149
2030-08-07 04:00:00+00:00,50617.81067470559
2030-08-07 05:00:00+00:00,73139.24787794554
2030-08-07 06:00:00+00:00,87739.38753992411
2030-08-07 07:00:00+00:00,82597.1585031737
2030-08-07 08:00:00+00:00,75376.68899280693
2030-08-07 09:00:00+00:00,72065.64569720153
2030-08-07 10:00:00+00:00,72305.88335482364
2030-08-07 11:00:00+00:00,74381.7647528986
2030-08-07 12:00:00+00:00,77715.34376766322
2030-08-07 13:00:00+00:00,80655.96608665746
2030-08-07 14:00:00+00:00,85404.06494193593
2030-08-07 15:00:00+00:00,91784.7707982961
2030-08-07 16:00:00+00:00,89911.29600522577
2030-08-07 17:00:00+00:00,80109.81361684644
2030-08-07 18:00:00+00:00,65763.1372997158
2030-08-07 19:00:00+00:00,54858.58040253725
2030-08-07 20:00:00+00:00,48350.5495973085
2030-08-07 21:00:00+00:00,44616.96147075403
2030-08-07 22:00:00+00:00,39322.703112252435
2030-08-07 23:00:00+00:00,35568.45809904147
2030-08-08 00:00:00+00:00,33865.18961218483
2030-08-08 01:00:00+00:00,33411.397686470584
2030-08-08 02:00:00+00:00,34092.562327588734
2030-08-08 03:00:00+00:00,37331.98069666936
2030-08-08 04:00:00+00:00,50201.96606725142
2030-08-08 05:00:00+00:00,71923.2289352864
2030-08-08 06:00:00+00:00,86259.25340691481
2030-08-08 07:00:00+00:00,81542.21089780572
2030-08-08 08:00:00+00:00,75042.53856190918
2030-08-08 09:00:00+00:00,72944.14400896091
2030-08-08 10:00:00+00:00,73549.89363817793
2030-08-08 11:00:00+00:00,75493.30331949634
2030-08-08 12:00:00+00:00,78635.13270829586
2030-08-08 13:00:00+00:00,81851.68382242249
2030-08-08 14:00:00+00:00,86496.55744663705
2030-08-08 15:00:00+00:00,92108.1706098033
2030-08-08 16:00:00+00:00,90221.70790891543
2030-08-08 17:00:00+00:00,81921.76412629362
2030-08-08 18:00:00+00:00,68034.65916558159
2030-08-08 19:00:00+00:00,56801.48186359711
2030-08-08 20:00:00+00:00,49885.55448792928
2030-08-08 21:00:00+00:00,45607.33035971841
2030-08-08 22:00:00+00:00,39891.22007372287
2030-08-08 23:00:00+00:00,35904.2217002852
2030-08-09 00:00:00+00:00,34068.142782337716
2030-08-09 01:00:00+00:00,33542.10475227537
2030-08-09 02:00:00+00:00,34150.08153627621
2030-08-09 03:00:00+00:00,37143.05453404015
2030-08-09 04:00:00+00:00,48760.37690166362
2030-08-09 05:00:00+00:00,67915.29497912592
2030-08-09 06:00:00+00:00,81017.6748267264
2030-08-09 07:00:00+00:00,76566.16127822232
2030-08-09 08:00:00+00:00,73541.20439921171
2030-08-09 09:00:00+00:00,75402.28757886555
2030-08-09 10:00:00+00:00,79314.44430139093
2030-08-09 11:00:00+00:00,85874.11011884906
2030-08-09 12:00:00+00:00,91044.47742338467
2030-08-09 13:00:00+00:00,93600.77474428856
2030-08-09 14:00:00+00:00,94127.62352961898
2030-08-09 15:00:00+00:00,93178.05580675516
2030-08-09 16:00:00+00:00,89655.72884591857
2030-08-09 17:00:00+00:00,82614.81006853541
2030-08-09 18:00:00+00:00,70920.73133934528
2030-08-09 19:00:00+00:00,60237.95728650946
2030-08-09 20:00:00+00:00,52583.952505580535
2030-08-09 21:00:00+00:00,48586.028843218715
2030-08-09 22:00:00+00:00,43875.52404282199
2030-08-09 23:00:00+00:00,39628.17193398756
2030-08-10 00:00:00+00:00,36734.5391731501
2030-08-10 01:00:00+00:00,35207.73203996609
2030-08-10 02:00:00+00:00,35001.23513913048
2030-08-10 03:00:00+00:00,36310.81552852521
2030-08-10 04:00:00+00:00,40383.242500485365
2030-08-10 05:00:00+00:00,44408.060310790905
2030-08-10 06:00:00+00:00,50958.934450413144
2030-08-10 07:00:00+00:00,60222.47805519209
2030-08-10 08:00:00+00:00,70834.88882552815
2030-08-10 09:00:00+00:00,77685.14856643099
2030-08-10 10:00:00+00:00,79798.5914217971
2030-08-10 11:00:00+00:00,79236.48193430965
2030-08-10 12:00:00+00:00,79838.5463599558
2030-08-10 13:00:00+00:00,79528.1403955076
2030-08-10 14:00:00+00:00,75362.14443056748
2030-08-10 15:00:00+00:00,72600.11063377462
2030-08-10 16:00:00+00:00,71447.99325320707
2030-08-10 17:00:00+00:00,67823.48726189396
2030-08-10 18:00:00+00:00,59199.383253261585
2030-08-10 19:00:00+00:00,52271.6184501267
2030-08-10 20:00:00+00:00,46803.358917221165
2030-08-10 21:00:00+00:00,44380.90337642988
2030-08-10 22:00:00+00:00,42014.5638293465
2030-08-10 23:00:00+00:00,38886.864449830966
2030-08-11 00:00:00+00:00,35991.55741926653
2030-08-11 01:00:00+00:00,33557.769508704725
2030-08-11 02:00:00+00:00,32755.80154829061
2030-08-11 03:00:00+00:00,32856.4751099251
2030-08-11 04:00:00+00:00,34343.473288949244
2030-08-11 05:00:00+00:00,35533.483250192476
2030-08-11 06:00:00+00:00,38150.83885498275
2030-08-11 07:00:00+00:00,44215.804007353174
2030-08-11 08:00:00+00:00,54039.05403648684
2030-08-11 09:00:00+00:00,64376.98044694367
2030-08-11 10:00:00+00:00,71543.3168565361
2030-08-11 11:00:00+00:00,73660.18535326097
2030-08-11 12:00:00+00:00,76136.91408071523
2030-08-11 13:00:00+00:00,78744.09039309743
2030-08-11 14:00:00+00:00,77163.8785505157
2030-08-11 15:00:00+00:00,77351.45078221717
2030-08-11 16:00:00+00:00,78863.0765830049
2030-08-11 17:00:00+00:00,74726.20746733907
2030-08-11 18:00:00+00:00,66858.03226373164
2030-08-11 19:00:00+00:00,58495.65384379641
2030-08-11 20:00:00+00:00,50749.87919274608
2030-08-11 21:00:00+00:00,44507.322662031955
2030-08-11 22:00:00+00:00,39234.29212917807
2030-08-11 23:00:00+00:00,35614.4051076518
2030-08-12 00:00:00+00:00,33957.72194242368
2030-08-12 01:00:00+00:00,33644.640400652555
2030-08-12 02:00:00+00:00,35073.746441470576
2030-08-12 03:00:00+00:00,39912.2298415259
2030-08-12 04:00:00+00:00,54939.299282231346
2030-08-12 05:00:00+00:00,76522.7733548344
2030-08-12 06:00:00+00:00,88646.07874238324
2030-08-12 07:00:00+00:00,82716.40433345635
2030-08-12 08:00:00+00:00,76035.80742321737
2030-08-12 09:00:00+00:00,73480.82750746702
2030-08-12 10:00:00+00:00,73253.30126998237
2030-08-12 11:00:00+00:00,73880.76411232023
2030-08-12 12:00:00+00:00,75701.6760885095
2030-08-12 13:00:00+00:00,77854.55395908172
2030-08-12 14:00:00+00:00,82036.3802038393
2030-08-12 15:00:00+00:00,88167.69332825148
2030-08-12 16:00:00+00:00,86140.41855610767
2030-08-12 17:00:00+00:00,75846.74307555222
2030-08-12 18:00:00+00:00,61865.87143117704
2030-08-12 19:00:00+00:00,52269.065874097556
2030-08-12 20:00:00+00:00,46516.25400338071
2030-08-12 21:00:00+00:00,42807.20778600209
2030-08-12 22:00:00+00:00,37819.75043855329
2030-08-12 23:00:00+00:00,34786.125268443844
2030-08-13 00:00:00+00:00,33547.428205113785
2030-08-13 01:00:00+00:00,33332.5150760548
2030-08-13 02:00:00+00:00,34182.38913982856
2030-08-13 03:00:00+00:00,37690.18710662007
2030-08-13 04:00:00+00:00,51393.28313047527
2030-08-13 05:00:00+00:00,74313.30784455765
2030-08-13 06:00:00+00:00,88883.91661376753
2030-08-13 07:00:00+00:00,83307.47115035565
2030-08-13 08:00:00+00:00,75585.54760433926
2030-08-13 09:00:00+00:00,71524.38577308336
2030-08-13 10:00:00+00:00,70968.76212919565
2030-08-13 11:00:00+00:00,72615.72100410714
2030-08-13 12:00:00+00:00,75487.71660069592
2030-08-13 13:00:00+00:00,78401.73961142081
2030-08-13 14:00:00+00:00,83452.74125321957
2030-08-13 15:00:00+00:00,90167.55154178421
2030-08-13 16:00:00+00:00,88217.4524863522
2030-08-13 17:00:00+00:00,78288.12434787172
2030-08-13 18:00:00+00:00,63524.625546646705
2030-08-13 19:00:00+00:00,52900.92654483679
2030-08-13 20:00:00+00:00,47078.2758979799
2030-08-13 21:00:00+00:00,43522.53897487956
2030-08-13 22:00:00+00:00,38408.66021962098
2030-08-13 23:00:00+00:00,35048.96639538159
2030-08-14 00:00:00+00:00,33575.35711405683
2030-08-14 01:00:00+00:00,33239.93291203058
2030-08-14 02:00:00+00:00,33979.0046531678
2030-08-14 03:00:00+00:00,37298.79254811585
2030-08-14 04:00:00+00:00,50564.811826411715
2030-08-14 05:00:00+00:00,73078.18954471128
2030-08-14 06:00:00+00:00,87684.9664774605
2030-08-14 07:00:00+00:00,82378.06391155488
2030-08-14 08:00:00+00:00,75082.13286030432
2030-08-14 09:00:00+00:00,72065.64569720153
2030-08-14 10:00:00+00:00,72305.88335482364
2030-08-14 11:00:00+00:00,74381.7647528986
2030-08-14 12:00:00+00:00,77715.34376766322
2030-08-14 13:00:00+00:00,80655.96608665746
2030-08-14 14:00:00+00:00,85404.06494193593
2030-08-14 15:00:00+00:00,91784.7707982961
2030-08-14 16:00:00+00:00,89911.29600522577
2030-08-14 17:00:00+00:00,80109.81361684644
2030-08-14 18:00:00+00:00,65763.1372997158
2030-08-14 19:00:00+00:00,54858.58040253725
2030-08-14 20:00:00+00:00,48350.5495973085
2030-08-14 21:00:00+00:00,44472.65155020476
2030-08-14 22:00:00+00:00,39127.79533282633
2030-08-14 23:00:00+00:00,35403.58825200794
2030-08-15 00:00:00+00:00,33715.09292433168
2030-08-15 01:00:00+00:00,33255.026056354174
2030-08-15 02:00:00+00:00,33886.73598254281
2030-08-15 03:00:00+00:00,36981.22578463493
2030-08-15 04:00:00+00:00,49319.94780898975
2030-08-15 05:00:00+00:00,70201.28195607875
2030-08-15 06:00:00+00:00,84396.23504788979
2030-08-15 07:00:00+00:00,80628.69168460165
2030-08-15 08:00:00+00:00,75008.45269913408
2030-08-15 09:00:00+00:00,72944.14400896091
2030-08-15 10:00:00+00:00,73549.89363817793
2030-08-15 11:00:00+00:00,75493.30331949634
2030-08-15 12:00:00+00:00,78635.13270829586
2030-08-15 13:00:00+00:00,81851.68382242249
2030-08-15 14:00:00+00:00,86497.54046333545
2030-08-15 15:00:00+00:00,92108.1706098033
2030-08-15 16:00:00+00:00,90221.70790891543
2030-08-15 17:00:00+00:00,81921.76412629362
2030-08-15 18:00:00+00:00,68034.65916558159
2030-08-15 19:00:00+00:00,56801.48186359711
2030-08-15 20:00:00+00:00,49885.55448792928
2030-08-15 21:00:00+00:00,45607.33035971841
2030-08-15 22:00:00+00:00,39893.244828663715
2030-08-15 23:00:00+00:00,35906.098561796054
2030-08-16 00:00:00+00:00,34067.23502877617
2030-08-16 01:00:00+00:00,33530.57092279371
2030-08-16 02:00:00+00:00,34123.359367496
2030-08-16 03:00:00+00:00,37086.03788314331
2030-08-16 04:00:00+00:00,48659.250027257105
2030-08-16 05:00:00+00:00,67809.67036406865
2030-08-16 06:00:00+00:00,80975.8319906266
2030-08-16 07:00:00+00:00,76563.82284222408
2030-08-16 08:00:00+00:00,73535.2188264436
2030-08-16 09:00:00+00:00,75397.20575302518
2030-08-16 10:00:00+00:00,79310.50915155538
2030-08-16 11:00:00+00:00,85874.11011884906
2030-08-16 12:00:00+00:00,91044.47742338467
2030-08-16 13:00:00+00:00,93600.77474428856
2030-08-16 14:00:00+00:00,94127.62352961898
2030-08-16 15:00:00+00:00,93178.05580675516
2030-08-16 16:00:00+00:00,89655.72884591857
2030-08-16 17:00:00+00:00,82614.81006853541
2030-08-16 18:00:00+00:00,70920.73133934528
2030-08-16 19:00:00+00:00,60233.69846045752
2030-08-16 20:00:00+00:00,52495.8588008469
2030-08-16 21:00:00+00:00,48485.20709214687
2030-08-16 22:00:00+00:00,43793.769530180616
2030-08-16 23:00:00+00:00,39570.20803970748
2030-08-17 00:00:00+00:00,36690.18116885952
2030-08-17 01:00:00+00:00,35153.06755280169
2030-08-17 02:00:00+00:00,34941.17764617035
2030-08-17 03:00:00+00:00,36225.86525572176
2030-08-17 04:00:00+00:00,40227.926908779045
2030-08-17 05:00:00+00:00,44162.907717197566
2030-08-17 06:00:00+00:00,50622.997380734676
2030-08-17 07:00:00+00:00,59795.72305266288
2030-08-17 08:00:00+00:00,70434.11191067696
2030-08-17 09:00:00+00:00,77637.2157915284
2030-08-17 10:00:00+00:00,79798.5914217971
2030-08-17 11:00:00+00:00,79236.48193430965
2030-08-17 12:00:00+00:00,79838.5463599558
2030-08-17 13:00:00+00:00,79528.1403955076
2030-08-17 14:00:00+00:00,75362.14443056748
2030-08-17 15:00:00+00:00,72600.11063377462
2030-08-17 16:00:00+00:00,71447.99325320707
2030-08-17 17:00:00+00:00,67823.48726189396
2030-08-17 18:00:00+00:00,59199.383253261585
2030-08-17 19:00:00+00:00,52269.441666701176
2030-08-17 20:00:00+00:00,46782.96333673444
2030-08-17 21:00:00+00:00,44254.01386746266
2030-08-17 22:00:00+00:00,41859.462584794586
2030-08-17 23:00:00+00:00,38784.919963894674
2030-08-18 00:00:00+00:00,35921.760993805074
2030-08-18 01:00:00+00:00,33516.98457348529
2030-08-18 02:00:00+00:00,32726.395594176498
2030-08-18 03:00:00+00:00,32836.429228638575
2030-08-18 04:00:00+00:00,34323.08847120584
2030-08-18 05:00:00+00:00,35511.28266755878
2030-08-18 06:00:00+00:00,38132.929137020394
2030-08-18 07:00:00+00:00,44198.71672103049
2030-08-18 08:00:00+00:00,54012.01224355971
2030-08-18 09:00:00+00:00,64377.70540636728
2030-08-18 10:00:00+00:00,71552.07489206416
2030-08-18 11:00:00+00:00,73663.51044466373
2030-08-18 12:00:00+00:00,76140.43620298835
2030-08-18 13:00:00+00:00,78744.09039309743
2030-08-18 14:00:00+00:00,77163.8785505157
2030-08-18 15:00:00+00:00,77351.45078221717
2030-08-18 16:00:00+00:00,78863.0765830049
2030-08-18 17:00:00+00:00,74721.12873471726
2030-08-18 18:00:00+00:00,66855.53646228058
2030-08-18 19:00:00+00:00,58476.49589755975
2030-08-18 20:00:00+00:00,50708.17548854391
2030-08-18 21:00:00+00:00,44475.211526848034
2030-08-18 22:00:00+00:00,39203.866252397376
2030-08-18 23:00:00+00:00,35596.385458439654
2030-08-19 00:00:00+00:00,33939.16678989077
2030-08-19 01:00:00+00:00,33630.195777897665
2030-08-19 02:00:00+00:00,35054.97559340148
2030-08-19 03:00:00+00:00,39883.22699349005
2030-08-19 04:00:00+00:00,54907.05519233694
2030-08-19 05:00:00+00:00,76495.12179786978
2030-08-19 06:00:00+00:00,88622.63316996611
2030-08-19 07:00:00+00:00,82538.72150132204
2030-08-19 08:00:00+00:00,75739.88251790978
2030-08-19 09:00:00+00:00,73245.42657357297
2030-08-19 10:00:00+00:00,73244.09486471853
2030-08-19 11:00:00+00:00,73872.91627591697
2030-08-19 12:00:00+00:00,75694.88328426144
2030-08-19 13:00:00+00:00,77849.56966814196
2030-08-19 14:00:00+00:00,82028.51477617265
2030-08-19 15:00:00+00:00,88162.81893628914
2030-08-19 16:00:00+00:00,86140.41855610767
2030-08-19 17:00:00+00:00,75843.22944407852
2030-08-19 18:00:00+00:00,61859.134114782624
2030-08-19 19:00:00+00:00,52136.57952039656
2030-08-19 20:00:00+00:00,46325.98037188987
2030-08-19 21:00:00+00:00,42675.705946940565
2030-08-19 22:00:00+00:00,37716.10435740697
2030-08-19 23:00:00+00:00,34719.25467882589
2030-08-20 00:00:00+00:00,33490.58985487447
2030-08-20 01:00:00+00:00,33276.33188792818
2030-08-20 02:00:00+00:00,34113.37739695467
2030-08-20 03:00:00+00:00,37561.53379877061
2030-08-20 04:00:00+00:00,51009.66689892738
2030-08-20 05:00:00+00:00,73554.83496752218
2030-08-20 06:00:00+00:00,87980.52676338227
2030-08-20 07:00:00+00:00,82545.57857632813
2030-08-20 08:00:00+00:00,74882.8352993107
2030-08-20 09:00:00+00:00,71203.49185879952
2030-08-20 10:00:00+00:00,70964.13665751481
2030-08-20 11:00:00+00:00,72615.72100410714
2030-08-20 12:00:00+00:00,75487.71660069592
2030-08-20 13:00:00+00:00,78401.73961142081
2030-08-20 14:00:00+00:00,83452.74125321957
2030-08-20 15:00:00+00:00,90167.55154178421
2030-08-20 16:00:00+00:00,88217.4524863522
2030-08-20 17:00:00+00:00,78288.12434787172
2030-08-20 18:00:00+00:00,63524.625546646705
2030-08-20 19:00:00+00:00,52892.08169627819
2030-08-20 20:00:00+00:00,46886.88662041129
2030-08-20 21:00:00+00:00,43272.29021169742
2030-08-20 22:00:00+00:00,38232.66251188727
2030-08-20 23:00:00+00:00,34933.162335702065
2030-08-21 00:00:00+00:00,33486.30655752779
2030-08-21 01:00:00+00:00,33160.693700422016
2030-08-21 02:00:00+00:00,33888.66025462766
2030-08-21 03:00:00+00:00,37152.574869256816
2030-08-21 04:00:00+00:00,50182.97719595575
2030-08-21 05:00:00+00:00,72264.4636771149
2030-08-21 06:00:00+00:00,86804.4125847381
2030-08-21 07:00:00+00:00,81846.65543629734
2030-08-21 08:00:00+00:00,75021.45618947763
2030-08-21 09:00:00+00:00,72065.64569720153
2030-08-21 10:00:00+00:00,72305.88335482364
2030-08-21 11:00:00+00:00,74381.7647528986
2030-08-21 12:00:00+00:00,77715.34376766322
2030-08-21 13:00:00+00:00,80655.96608665746
2030-08-21 14:00:00+00:00,85404.06494193593
2030-08-21 15:00:00+00:00,91784.7707982961
2030-08-21 16:00:00+00:00,89911.29600522577
2030-08-21 17:00:00+00:00,80109.81361684644
2030-08-21 18:00:00+00:00,65763.1372997158
2030-08-21 19:00:00+00:00,54858.58040253725
2030-08-21 20:00:00+00:00,48350.5495973085
2030-08-21 21:00:00+00:00,44472.65155020476
2030-08-21 22:00:00+00:00,39127.79533282633
2030-08-21 23:00:00+00:00,35404.1418248984
2030-08-22 00:00:00+00:00,33715.94937354966
2030-08-22 01:00:00+00:00,33261.94609114716
2030-08-22 02:00:00+00:00,33900.33726076997
2030-08-22 03:00:00+00:00,37011.77388521255
2030-08-22 04:00:00+00:00,49437.20727509792
2030-08-22 05:00:00+00:00,70456.20086431173
2030-08-22 06:00:00+00:00,84745.67651366185
2030-08-22 07:00:00+00:00,80638.28434088567
2030-08-22 08:00:00+00:00,75014.0139895864
2030-08-22 09:00:00+00:00,72944.14536782083
2030-08-22 10:00:00+00:00,73549.89363817793
2030-08-22 11:00:00+00:00,75493.30331949634
2030-08-22 12:00:00+00:00,78635.13270829586
2030-08-22 13:00:00+00:00,81851.68382242249
2030-08-22 14:00:00+00:00,86616.16507225984
2030-08-22 15:00:00+00:00,92206.9151676563
2030-08-22 16:00:00+00:00,90230.30103881363
2030-08-22 17:00:00+00:00,81921.76412629362
2030-08-22 18:00:00+00:00,68034.65916558159
2030-08-22 19:00:00+00:00,56801.48186359711
2030-08-22 20:00:00+00:00,49887.65226540643
2030-08-22 21:00:00+00:00,45611.22049621249
2030-08-22 22:00:00+00:00,39895.17995291404
2030-08-22 23:00:00+00:00,35906.30717151755
2030-08-23 00:00:00+00:00,34066.571746264264
2030-08-23 01:00:00+00:00,33536.93019386005
2030-08-23 02:00:00+00:00,34136.01256519912
2030-08-23 03:00:00+00:00,37126.98996412135
2030-08-23 04:00:00+00:00,48750.43089342753
2030-08-23 05:00:00+00:00,67890.37609679422
2030-08-23 06:00:00+00:00,80862.50318658876
2030-08-23 07:00:00+00:00,76542.78319961787
2030-08-23 08:00:00+00:00,73534.09965356792
2030-08-23 09:00:00+00:00,75398.79435943303
2030-08-23 10:00:00+00:00,79310.50915155538
2030-08-23 11:00:00+00:00,85874.11011884906
2030-08-23 12:00:00+00:00,91134.42110500656
2030-08-23 13:00:00+00:00,93759.25633716346
2030-08-23 14:00:00+00:00,94289.26227352979
2030-08-23 15:00:00+00:00,93260.94395340016
2030-08-23 16:00:00+00:00,89655.72884591857
2030-08-23 17:00:00+00:00,82614.81006853541
2030-08-23 18:00:00+00:00,70920.73133934528
2030-08-23 19:00:00+00:00,60235.965784329404
2030-08-23 20:00:00+00:00,52501.65282667878
2030-08-23 21:00:00+00:00,48376.90935780655
2030-08-23 22:00:00+00:00,43637.40008813931
2030-08-23 23:00:00+00:00,39418.32067974863
2030-08-24 00:00:00+00:00,36550.61402405524
2030-08-24 01:00:00+00:00,35033.31376097359
2030-08-24 02:00:00+00:00,34834.063071132565
2030-08-24 03:00:00+00:00,36113.916222861786
2030-08-24 04:00:00+00:00,40090.58406456975
2030-08-24 05:00:00+00:00,44041.22327677134
2030-08-24 06:00:00+00:00,50531.80933624207
2030-08-24 07:00:00+00:00,59806.4825482122
2030-08-24 08:00:00+00:00,70526.47161517026
2030-08-24 09:00:00+00:00,77652.6517227413
2030-08-24 10:00:00+00:00,79807.00027623746
2030-08-24 11:00:00+00:00,79242.99795761576
2030-08-24 12:00:00+00:00,79844.10179369683
2030-08-24 13:00:00+00:00,79528.47355047658
2030-08-24 14:00:00+00:00,75362.14443056748
2030-08-24 15:00:00+00:00,72600.11063377462
2030-08-24 16:00:00+00:00,71447.99325320707
2030-08-24 17:00:00+00:00,67824.27395165876
2030-08-24 18:00:00+00:00,59202.06071317912
2030-08-24 19:00:00+00:00,52306.234261181904
2030-08-24 20:00:00+00:00,46917.709464653475
2030-08-24 21:00:00+00:00,44457.88261524995
2030-08-24 22:00:00+00:00,42073.12287140498
2030-08-24 23:00:00+00:00,38938.92087698664
2030-08-25 00:00:00+00:00,36027.70335699713
2030-08-25 01:00:00+00:00,33580.315725667
2030-08-25 02:00:00+00:00,32772.4977045911
2030-08-25 03:00:00+00:00,32876.68311048002
2030-08-25 04:00:00+00:00,34372.706006474655
2030-08-25 05:00:00+00:00,35552.294243871205
2030-08-25 06:00:00+00:00,38176.429012414075
2030-08-25 07:00:00+00:00,44234.7431517504
2030-08-25 08:00:00+00:00,54030.01514915408
2030-08-25 09:00:00+00:00,64365.85881946215
2030-08-25 10:00:00+00:00,71538.13452678423
2030-08-25 11:00:00+00:00,73660.18535326097
2030-08-25 12:00:00+00:00,76136.91408071523
2030-08-25 13:00:00+00:00,78744.09039309743
2030-08-25 14:00:00+00:00,77163.8785505157
2030-08-25 15:00:00+00:00,77351.45078221717
2030-08-25 16:00:00+00:00,78863.0765830049
2030-08-25 17:00:00+00:00,74721.12873471726
2030-08-25 18:00:00+00:00,66851.2362983973
2030-08-25 19:00:00+00:00,58469.35231293662
2030-08-25 20:00:00+00:00,50536.8910406216
2030-08-25 21:00:00+00:00,44257.11163056327
2030-08-25 22:00:00+00:00,39082.02792363608
2030-08-25 23:00:00+00:00,35492.52550541623
2030-08-26 00:00:00+00:00,33860.084004130185
2030-08-26 01:00:00+00:00,33550.43834312566
2030-08-26 02:00:00+00:00,34958.76599220112
2030-08-26 03:00:00+00:00,39714.8482302964
2030-08-26 04:00:00+00:00,54540.52628230412
2030-08-26 05:00:00+00:00,75793.06432330461
2030-08-26 06:00:00+00:00,87926.83645714118
2030-08-26 07:00:00+00:00,82036.45036087206
2030-08-26 08:00:00+00:00,75456.88460528951
2030-08-26 09:00:00+00:00,73261.41197805725
2030-08-26 10:00:00+00:00,73252.90840546477
2030-08-26 11:00:00+00:00,73875.44386156517
2030-08-26 12:00:00+00:00,75694.88328426144
2030-08-26 13:00:00+00:00,77974.22955334996
2030-08-26 14:00:00+00:00,82254.89286771695
2030-08-26 15:00:00+00:00,88456.78483578324
2030-08-26 16:00:00+00:00,86302.65435131617
2030-08-26 17:00:00+00:00,75843.22944407852
2030-08-26 18:00:00+00:00,61859.134114782624
2030-08-26 19:00:00+00:00,52136.57952039656
2030-08-26 20:00:00+00:00,46263.351343496084
2030-08-26 21:00:00+00:00,42538.090160445914
2030-08-26 22:00:00+00:00,37634.013237027255
2030-08-26 23:00:00+00:00,34672.23070278289
2030-08-27 00:00:00+00:00,33454.32086476374
2030-08-27 01:00:00+00:00,33244.18372069257
2030-08-27 02:00:00+00:00,34078.34851024252
2030-08-27 03:00:00+00:00,37508.04711203177
2030-08-27 04:00:00+00:00,50884.49251090154
2030-08-27 05:00:00+00:00,73344.51281793426
2030-08-27 06:00:00+00:00,87750.20435157411
2030-08-27 07:00:00+00:00,82503.54506562056
2030-08-27 08:00:00+00:00,75032.6993903991
2030-08-27 09:00:00+00:00,71203.49185879952
2030-08-27 10:00:00+00:00,70964.13665751481
2030-08-27 11:00:00+00:00,72615.72100410714
2030-08-27 12:00:00+00:00,75487.71660069592
2030-08-27 13:00:00+00:00,78401.73961142081
2030-08-27 14:00:00+00:00,83452.74125321957
2030-08-27 15:00:00+00:00,90167.55154178421
2030-08-27 16:00:00+00:00,88217.4524863522
2030-08-27 17:00:00+00:00,78289.98264677063
2030-08-27 18:00:00+00:00,63531.03926943466
2030-08-27 19:00:00+00:00,52901.02180181097
2030-08-27 20:00:00+00:00,46914.45731535918
2030-08-27 21:00:00+00:00,43371.30618284501
2030-08-27 22:00:00+00:00,38310.82193473622
2030-08-27 23:00:00+00:00,34993.59079594428
2030-08-28 00:00:00+00:00,33531.101101698194
2030-08-28 01:00:00+00:00,33209.48372754343
2030-08-28 02:00:00+00:00,33946.091639439044
2030-08-28 03:00:00+00:00,37250.5091622109
2030-08-28 04:00:00+00:00,50447.44252503692
2030-08-28 05:00:00+00:00,72846.78030846253
2030-08-28 06:00:00+00:00,87620.24422517455
2030-08-28 07:00:00+00:00,82679.24162014086
2030-08-28 08:00:00+00:00,75694.40310205256
2030-08-28 09:00:00+00:00,72269.47640194744
2030-08-28 10:00:00+00:00,72326.9010074312
2030-08-28 11:00:00+00:00,74396.86967815534
2030-08-28 12:00:00+00:00,77725.36411013667
2030-08-28 13:00:00+00:00,80657.86619712527
2030-08-28 14:00:00+00:00,85404.06494193593
2030-08-28 15:00:00+00:00,91784.7707982961
2030-08-28 16:00:00+00:00,89911.29600522577
2030-08-28 17:00:00+00:00,80109.81361684644
2030-08-28 18:00:00+00:00,65763.1372997158
2030-08-28 19:00:00+00:00,54859.34468051671
2030-08-28 20:00:00+00:00,48520.27418020178
2030-08-28 21:00:00+00:00,44717.229325885324
2030-08-28 22:00:00+00:00,39334.898361034946
2030-08-28 23:00:00+00:00,35553.49193395462
2030-08-29 00:00:00+00:00,33838.04554723528
2030-08-29 01:00:00+00:00,33369.758821416406
2030-08-29 02:00:00+00:00,34015.708344264385
2030-08-29 03:00:00+00:00,37186.525438731456
2030-08-29 04:00:00+00:00,49812.26554110861
2030-08-29 05:00:00+00:00,71171.53257902463
2030-08-29 06:00:00+00:00,85587.99390761758
2030-08-29 07:00:00+00:00,81245.87683833395
2030-08-29 08:00:00+00:00,75052.23625119748
2030-08-29 09:00:00+00:00,72944.14400896091
2030-08-29 10:00:00+00:00,73549.89363817793
2030-08-29 11:00:00+00:00,75493.30331949634
2030-08-29 12:00:00+00:00,78635.13270829586
2030-08-29 13:00:00+00:00,81851.68382242249
2030-08-29 14:00:00+00:00,86496.55744663705
2030-08-29 15:00:00+00:00,92108.1706098033
2030-08-29 16:00:00+00:00,90221.70790891543
2030-08-29 17:00:00+00:00,81921.76412629362
2030-08-29 18:00:00+00:00,68034.65916558159
2030-08-29 19:00:00+00:00,56801.48186359711
2030-08-29 20:00:00+00:00,49885.55448792928
2030-08-29 21:00:00+00:00,45607.917907658055
2030-08-29 22:00:00+00:00,39892.97913148923
2030-08-29 23:00:00+00:00,35912.52677485107
2030-08-30 00:00:00+00:00,34085.10665028375
2030-08-30 01:00:00+00:00,33553.968878230095
2030-08-30 02:00:00+00:00,34161.83642169799
2030-08-30 03:00:00+00:00,37161.234976812724
2030-08-30 04:00:00+00:00,48810.67300644071
2030-08-30 05:00:00+00:00,68068.78161787686
2030-08-30 06:00:00+00:00,81271.61011465847
2030-08-30 07:00:00+00:00,76647.56473621151
2030-08-30 08:00:00+00:00,73528.67055688048
2030-08-30 09:00:00+00:00,75397.20575302518
2030-08-30 10:00:00+00:00,79310.50915155538
2030-08-30 11:00:00+00:00,85874.11011884906
2030-08-30 12:00:00+00:00,91044.47742338467
2030-08-30 13:00:00+00:00,93600.77474428856
2030-08-30 14:00:00+00:00,94127.62352961898
2030-08-30 15:00:00+00:00,93178.05580675516
2030-08-30 16:00:00+00:00,89655.72884591857
2030-08-30 17:00:00+00:00,82615.75916155145
2030-08-30 18:00:00+00:00,70930.75326455697
2030-08-30 19:00:00+00:00,60251.29955542014
2030-08-30 20:00:00+00:00,52515.86371502255
2030-08-30 21:00:00+00:00,48417.094472549514
2030-08-30 22:00:00+00:00,43766.020842747974
2030-08-30 23:00:00+00:00,39582.01782504517
2030-08-31 00:00:00+00:00,36713.11061754995
2030-08-31 01:00:00+00:00,35195.41810273364
2030-08-31 02:00:00+00:00,35007.92369200498
2030-08-31 03:00:00+00:00,36333.168578349076
2030-08-31 04:00:00+00:00,40458.873503166506
2030-08-31 05:00:00+00:00,44595.412226660876
2030-08-31 06:00:00+00:00,51357.72243857875
2030-08-31 07:00:00+00:00,60787.770185122
2030-08-31 08:00:00+00:00,71531.06936653004
2030-08-31 09:00:00+00:00,78439.88418427388
2030-08-31 10:00:00+00:00,80293.98416828612
2030-08-31 11:00:00+00:00,79430.51913330756
2030-08-31 12:00:00+00:00,79846.16669508463
2030-08-31 13:00:00+00:00,79529.93623093462
2030-08-31 14:00:00+00:00,75362.14443056748
2030-08-31 15:00:00+00:00,72600.11063377462
2030-08-31 16:00:00+00:00,71448.33818891182
2030-08-31 17:00:00+00:00,67828.27111239641
2030-08-31 18:00:00+00:00,59375.00108897449
2030-08-31 19:00:00+00:00,52645.29087791281
2030-08-31 20:00:00+00:00,47237.79388682037
2030-08-31 21:00:00+00:00,44731.0080260986
2030-08-31 22:00:00+00:00,42314.43469300422
2030-08-31 23:00:00+00:00,39131.88174618468
2030-09-01 00:00:00+00:00,36166.4234612185
2030-09-01 01:00:00+00:00,33674.42345865421
2030-09-01 02:00:00+00:00,32848.94868180603
2030-09-01 03:00:00+00:00,32951.390419382195
2030-09-01 04:00:00+00:00,34468.072618090795
2030-09-01 05:00:00+00:00,35678.71487811813
2030-09-01 06:00:00+00:00,38370.98949773763
2030-09-01 07:00:00+00:00,44588.87408796997
2030-09-01 08:00:00+00:00,54603.065135378834
2030-09-01 09:00:00+00:00,64975.08034984796
2030-09-01 10:00:00+00:00,71890.42242610903
2030-09-01 11:00:00+00:00,73672.29751779676
2030-09-01 12:00:00+00:00,76136.91408071523
2030-09-01 13:00:00+00:00,78744.09039309743
2030-09-01 14:00:00+00:00,77163.8785505157
2030-09-01 15:00:00+00:00,77351.45078221717
2030-09-01 16:00:00+00:00,78863.0765830049
2030-09-01 17:00:00+00:00,74721.12873471726
2030-09-01 18:00:00+00:00,66851.2362983973
2030-09-01 19:00:00+00:00,58541.55813526926
2030-09-01 20:00:00+00:00,50658.36411858201
2030-09-01 21:00:00+00:00,44383.422732328545
2030-09-01 22:00:00+00:00,39115.095918622996
2030-09-01 23:00:00+00:00,35521.48813991751
2030-09-02 00:00:00+00:00,33879.36878885765
2030-09-02 01:00:00+00:00,33563.416983860196
2030-09-02 02:00:00+00:00,34962.15933702934
2030-09-02 03:00:00+00:00,39712.702915162336
2030-09-02 04:00:00+00:00,54476.767231348735
2030-09-02 05:00:00+00:00,75652.37005691213
2030-09-02 06:00:00+00:00,87708.32799463399
2030-09-02 07:00:00+00:00,81926.26836472798
2030-09-02 08:00:00+00:00,75427.67802153282
2030-09-02 09:00:00+00:00,73240.58624182316
2030-09-02 10:00:00+00:00,73244.09486471853
2030-09-02 11:00:00+00:00,73872.91627591697
2030-09-02 12:00:00+00:00,75694.88328426144
2030-09-02 13:00:00+00:00,77849.56966814196
2030-09-02 14:00:00+00:00,82028.51477617265
2030-09-02 15:00:00+00:00,88162.81893628914
2030-09-02 16:00:00+00:00,86140.41855610767
2030-09-02 17:00:00+00:00,75843.22944407852
2030-09-02 18:00:00+00:00,61859.134114782624
2030-09-02 19:00:00+00:00,52136.57952039656
2030-09-02 20:00:00+00:00,46262.80133921919
2030-09-02 21:00:00+00:00,42516.21787858011
2030-09-02 22:00:00+00:00,37562.242879442485
2030-09-02 23:00:00+00:00,34591.23629489575
2030-09-03 00:00:00+00:00,33383.12192283137
2030-09-03 01:00:00+00:00,33171.924274063786
2030-09-03 02:00:00+00:00,33990.28178578429
2030-09-03 03:00:00+00:00,37368.53646251582
2030-09-03 04:00:00+00:00,50566.64243652995
2030-09-03 05:00:00+00:00,72681.84683659424
2030-09-03 06:00:00+00:00,87001.0826655858
2030-09-03 07:00:00+00:00,81771.32208276654
2030-09-03 08:00:00+00:00,74731.448518109
2030-09-03 09:00:00+00:00,71203.49185879952
2030-09-03 10:00:00+00:00,70964.13665751481
2030-09-03 11:00:00+00:00,72615.72100410714
2030-09-03 12:00:00+00:00,75487.71660069592
2030-09-03 13:00:00+00:00,78416.9605057142
2030-09-03 14:00:00+00:00,83551.62660525697
2030-09-03 15:00:00+00:00,90293.40019762641
2030-09-03 16:00:00+00:00,88265.4380692739
2030-09-03 17:00:00+00:00,78288.12434787172
2030-09-03 18:00:00+00:00,63524.625546646705
2030-09-03 19:00:00+00:00,52892.08169627819
2030-09-03 20:00:00+00:00,46887.87368479046
2030-09-03 21:00:00+00:00,43259.19754592313
2030-09-03 22:00:00+00:00,38229.57404335151
2030-09-03 23:00:00+00:00,34941.25731673081
2030-09-04 00:00:00+00:00,33504.166911631946
2030-09-04 01:00:00+00:00,33187.678277227235
2030-09-04 02:00:00+00:00,33918.0238282774
2030-09-04 03:00:00+00:00,37219.990139363144
2030-09-04 04:00:00+00:00,50398.66207639692
2030-09-04 05:00:00+00:00,72812.94120043259
2030-09-04 06:00:00+00:00,87568.14974172054
2030-09-04 07:00:00+00:00,82327.71803531794
2030-09-04 08:00:00+00:00,75050.81603615845
2030-09-04 09:00:00+00:00,72078.72511572574
2030-09-04 10:00:00+00:00,72305.88335482364
2030-09-04 11:00:00+00:00,74381.7647528986
2030-09-04 12:00:00+00:00,77715.34376766322
2030-09-04 13:00:00+00:00,80896.67001724415
2030-09-04 14:00:00+00:00,85825.60584729513
2030-09-04 15:00:00+00:00,92310.6025793495
2030-09-04 16:00:00+00:00,90362.11380775887
2030-09-04 17:00:00+00:00,80316.50705666094
2030-09-04 18:00:00+00:00,65763.1372997158
2030-09-04 19:00:00+00:00,54858.58040253725
2030-09-04 20:00:00+00:00,48350.5495973085
2030-09-04 21:00:00+00:00,44474.70172585888
2030-09-04 22:00:00+00:00,39143.11547301969
2030-09-04 23:00:00+00:00,35454.38785239682
2030-09-05 00:00:00+00:00,33774.749312023225
2030-09-05 01:00:00+00:00,33333.32414919203
2030-09-05 02:00:00+00:00,34005.070486352546
2030-09-05 03:00:00+00:00,37206.47428775124
2030-09-05 04:00:00+00:00,49911.60269023354
2030-09-05 05:00:00+00:00,71435.0505042008
2030-09-05 06:00:00+00:00,86102.17734093107
2030-09-05 07:00:00+00:00,81820.91579163991
2030-09-05 08:00:00+00:00,75428.36437580276
2030-09-05 09:00:00+00:00,72975.73901511871
2030-09-05 10:00:00+00:00,73571.49753706512
2030-09-05 11:00:00+00:00,75509.54467077764
2030-09-05 12:00:00+00:00,78647.00009483694
2030-09-05 13:00:00+00:00,81860.23436277286
2030-09-05 14:00:00+00:00,86505.86573706922
2030-09-05 15:00:00+00:00,92119.41588103655
2030-09-05 16:00:00+00:00,90239.50874185842
2030-09-05 17:00:00+00:00,81943.17429623911
2030-09-05 18:00:00+00:00,68057.03671032537
2030-09-05 19:00:00+00:00,56896.388424471785
2030-09-05 20:00:00+00:00,50212.50611863341
2030-09-05 21:00:00+00:00,46002.885377238104
2030-09-05 22:00:00+00:00,40219.995521859266
2030-09-05 23:00:00+00:00,36142.40736281936
2030-09-06 00:00:00+00:00,34260.49045833644
2030-09-06 01:00:00+00:00,33716.524044192265
2030-09-06 02:00:00+00:00,34349.41299162263
2030-09-06 03:00:00+00:00,37447.33966158427
2030-09-06 04:00:00+00:00,49514.39470929515
2030-09-06 05:00:00+00:00,69476.28575376564
2030-09-06 06:00:00+00:00,83198.16207124195
2030-09-06 07:00:00+00:00,78637.8984980403
2030-09-06 08:00:00+00:00,75192.9717594286
2030-09-06 09:00:00+00:00,76787.40088914301
2030-09-06 10:00:00+00:00,80510.98840948257
2030-09-06 11:00:00+00:00,86969.70739666322
2030-09-06 12:00:00+00:00,92142.21494696193
2030-09-06 13:00:00+00:00,94578.2702933467
2030-09-06 14:00:00+00:00,95125.17343320852
2030-09-06 15:00:00+00:00,94221.31735249852
2030-09-06 16:00:00+00:00,90749.91464442796
2030-09-06 17:00:00+00:00,83764.52692775695
2030-09-06 18:00:00+00:00,72050.62331146645
2030-09-06 19:00:00+00:00,61330.55313810547
2030-09-06 20:00:00+00:00,53480.7728978998
2030-09-06 21:00:00+00:00,49261.70339719179
2030-09-06 22:00:00+00:00,44361.99749033271
2030-09-06 23:00:00+00:00,39955.58026345089
2030-09-07 00:00:00+00:00,36964.480117865955
2030-09-07 01:00:00+00:00,35378.199331500065
2030-09-07 02:00:00+00:00,35163.31865888984
2030-09-07 03:00:00+00:00,36502.53825885945
2030-09-07 04:00:00+00:00,40664.00730249103
2030-09-07 05:00:00+00:00,44789.17363976598
2030-09-07 06:00:00+00:00,51570.1575599106
2030-09-07 07:00:00+00:00,61152.03217366176
2030-09-07 08:00:00+00:00,72050.47630297214
2030-09-07 09:00:00+00:00,79072.97051275078
2030-09-07 10:00:00+00:00,80795.10008898865
2030-09-07 11:00:00+00:00,79929.79364826904
2030-09-07 12:00:00+00:00,80277.57995467605
2030-09-07 13:00:00+00:00,79807.48861508587
2030-09-07 14:00:00+00:00,75473.59112646297
2030-09-07 15:00:00+00:00,72782.61598565309
2030-09-07 16:00:00+00:00,71709.92234034554
2030-09-07 17:00:00+00:00,68286.80966782515
2030-09-07 18:00:00+00:00,59805.81144675175
2030-09-07 19:00:00+00:00,53011.21613460316
2030-09-07 20:00:00+00:00,47494.606275304795
2030-09-07 21:00:00+00:00,44977.31589942333
2030-09-07 22:00:00+00:00,42510.5848213765
2030-09-07 23:00:00+00:00,39302.04987673874
2030-09-08 00:00:00+00:00,36305.95999943752
2030-09-08 01:00:00+00:00,33777.36990292874
2030-09-08 02:00:00+00:00,32944.52910996472
2030-09-08 03:00:00+00:00,33050.68199023513
2030-09-08 04:00:00+00:00,34612.67608718552
2030-09-08 05:00:00+00:00,35874.89951680295
2030-09-08 06:00:00+00:00,38652.76461631822
2030-09-08 07:00:00+00:00,44957.238345427184
2030-09-08 08:00:00+00:00,54998.60519553769
2030-09-08 09:00:00+00:00,65365.517362274324
2030-09-08 10:00:00+00:00,72308.78513461298
2030-09-08 11:00:00+00:00,74198.22020037161
2030-09-08 12:00:00+00:00,76573.02279255913
2030-09-08 13:00:00+00:00,79069.91835111278
2030-09-08 14:00:00+00:00,77460.83520786483
2030-09-08 15:00:00+00:00,77712.76400671893
2030-09-08 16:00:00+00:00,79439.61823306381
2030-09-08 17:00:00+00:00,75407.96866976109
2030-09-08 18:00:00+00:00,67674.61323093166
2030-09-08 19:00:00+00:00,59428.18650856377
2030-09-08 20:00:00+00:00,51430.53415406438
2030-09-08 21:00:00+00:00,44998.10076280176
2030-09-08 22:00:00+00:00,39573.7988653669
2030-09-08 23:00:00+00:00,35842.26120572021
2030-09-09 00:00:00+00:00,34133.191563622946
2030-09-09 01:00:00+00:00,33808.12973611355
2030-09-09 02:00:00+00:00,35270.45352695241
2030-09-09 03:00:00+00:00,40241.90167152186
2030-09-09 04:00:00+00:00,55696.65081814344
2030-09-09 05:00:00+00:00,77859.69513550258
2030-09-09 06:00:00+00:00,90523.00844868146
2030-09-09 07:00:00+00:00,84397.68496801253
2030-09-09 08:00:00+00:00,77414.23517681802
2030-09-09 09:00:00+00:00,74587.08959649624
2030-09-09 10:00:00+00:00,74150.86184393636
2030-09-09 11:00:00+00:00,74451.493733336
2030-09-09 12:00:00+00:00,76075.61253532897
2030-09-09 13:00:00+00:00,78129.3327627112
2030-09-09 14:00:00+00:00,82236.1330227748
2030-09-09 15:00:00+00:00,88449.83257501334
2030-09-09 16:00:00+00:00,86707.90685071307
2030-09-09 17:00:00+00:00,76488.49999319899
2030-09-09 18:00:00+00:00,62553.51843011598
2030-09-09 19:00:00+00:00,52857.14036709395
2030-09-09 20:00:00+00:00,46931.39003343591
2030-09-09 21:00:00+00:00,43105.55157185875
2030-09-09 22:00:00+00:00,37972.1113278735
2030-09-09 23:00:00+00:00,34877.332112878285
2030-09-10 00:00:00+00:00,33600.74803587675
2030-09-10 01:00:00+00:00,33370.922428778686
2030-09-10 02:00:00+00:00,34211.78705102488
2030-09-10 03:00:00+00:00,37709.896230782295
2030-09-10 04:00:00+00:00,51394.66151054584
2030-09-10 05:00:00+00:00,74349.93581662908
2030-09-10 06:00:00+00:00,89155.39821632077
2030-09-10 07:00:00+00:00,83853.06031961004
2030-09-10 08:00:00+00:00,76274.42291880569
2030-09-10 09:00:00+00:00,72233.16130990206
2030-09-10 10:00:00+00:00,71681.0790783956
2030-09-10 11:00:00+00:00,73155.98063411874
2030-09-10 12:00:00+00:00,75880.38326479925
2030-09-10 13:00:00+00:00,78701.08922843292
2030-09-10 14:00:00+00:00,83762.90319732833
2030-09-10 15:00:00+00:00,90507.67059642688
2030-09-10 16:00:00+00:00,88622.65831325593
2030-09-10 17:00:00+00:00,78749.32296855141
2030-09-10 18:00:00+00:00,64022.22479726577
2030-09-10 19:00:00+00:00,53393.165120697515
2030-09-10 20:00:00+00:00,47345.30404219447
2030-09-10 21:00:00+00:00,43664.22983379213
2030-09-10 22:00:00+00:00,38464.03844579961
2030-09-10 23:00:00+00:00,35082.20434952255
2030-09-11 00:00:00+00:00,33598.52588048266
2030-09-11 01:00:00+00:00,33259.47142802055
2030-09-11 02:00:00+00:00,33997.487207076985
2030-09-11 03:00:00+00:00,37313.98287041771
2030-09-11 04:00:00+00:00,50586.0740365974
2030-09-11 05:00:00+00:00,73107.08112977291
2030-09-11 06:00:00+00:00,88018.62438054317
2030-09-11 07:00:00+00:00,83194.63101341082
2030-09-11 08:00:00+00:00,76286.44565290878
2030-09-11 09:00:00+00:00,73000.64701229207
2030-09-11 10:00:00+00:00,73031.67934212038
2030-09-11 11:00:00+00:00,75016.4135316434
2030-09-11 12:00:00+00:00,78275.17965945831
2030-09-11 13:00:00+00:00,81128.02948054015
2030-09-11 14:00:00+00:00,85851.40730292843
2030-09-11 15:00:00+00:00,92287.8648483263
2030-09-11 16:00:00+00:00,90473.84505144606
2030-09-11 17:00:00+00:00,80716.47323316564
2030-09-11 18:00:00+00:00,66290.2837899001
2030-09-11 19:00:00+00:00,55305.82282182533
2030-09-11 20:00:00+00:00,48740.44184248025
2030-09-11 21:00:00+00:00,44807.91980428949
2030-09-11 22:00:00+00:00,39365.437593684976
2030-09-11 23:00:00+00:00,35565.63384247586
2030-09-12 00:00:00+00:00,33841.50037688953
2030-09-12 01:00:00+00:00,33376.76236441566
2030-09-12 02:00:00+00:00,34028.67297217321
2030-09-12 03:00:00+00:00,37210.749481602244
2030-09-12 04:00:00+00:00,49908.25857496953
2030-09-12 05:00:00+00:00,71450.75676469685
2030-09-12 06:00:00+00:00,86079.36704713837
2030-09-12 07:00:00+00:00,82004.14537307502
2030-09-12 08:00:00+00:00,75882.82344218127
2030-09-12 09:00:00+00:00,73396.9130147966
2030-09-12 10:00:00+00:00,73622.20414098914
2030-09-12 11:00:00+00:00,75493.30331949634
2030-09-12 12:00:00+00:00,78635.13270829586
2030-09-12 13:00:00+00:00,81851.68382242249
2030-09-12 14:00:00+00:00,86496.55744663705
2030-09-12 15:00:00+00:00,92108.1706098033
2030-09-12 16:00:00+00:00,90221.70790891543
2030-09-12 17:00:00+00:00,81921.76412629362
2030-09-12 18:00:00+00:00,68038.93607113129
2030-09-12 19:00:00+00:00,56832.59821768486
2030-09-12 20:00:00+00:00,49965.69807149411
2030-09-12 21:00:00+00:00,45716.64925852976
2030-09-12 22:00:00+00:00,39988.62975822046
2030-09-12 23:00:00+00:00,35988.36919694834
2030-09-13 00:00:00+00:00,34144.7353229764
2030-09-13 01:00:00+00:00,33615.802539715754
2030-09-13 02:00:00+00:00,34242.23564596427
2030-09-13 03:00:00+00:00,37292.44849580491
2030-09-13 04:00:00+00:00,49147.15284128265
2030-09-13 05:00:00+00:00,68803.6109073853
2030-09-13 06:00:00+00:00,82409.46275253841
2030-09-13 07:00:00+00:00,77988.2431165375
2030-09-13 08:00:00+00:00,74740.21830849521
2030-09-13 09:00:00+00:00,76451.16859043045
2030-09-13 10:00:00+00:00,80200.31676610006
2030-09-13 11:00:00+00:00,86633.68672346734
2030-09-13 12:00:00+00:00,91748.31799096208
2030-09-13 13:00:00+00:00,94202.63497977168
2030-09-13 14:00:00+00:00,94738.75294309249
2030-09-13 15:00:00+00:00,94041.9929213639
2030-09-13 16:00:00+00:00,90720.94667592862
2030-09-13 17:00:00+00:00,83819.23322072728
2030-09-13 18:00:00+00:00,72111.14905131602
2030-09-13 19:00:00+00:00,61380.061935248516
2030-09-13 20:00:00+00:00,53503.002167104576
2030-09-13 21:00:00+00:00,49276.03254088664
2030-09-13 22:00:00+00:00,44380.493641784036
2030-09-13 23:00:00+00:00,39993.68377418035
2030-09-14 00:00:00+00:00,36998.67453830882
2030-09-14 01:00:00+00:00,35413.58405085385
2030-09-14 02:00:00+00:00,35200.486570406065
2030-09-14 03:00:00+00:00,36552.467810242146
2030-09-14 04:00:00+00:00,40749.95377384161
2030-09-14 05:00:00+00:00,44933.394516436056
2030-09-14 06:00:00+00:00,51821.385010851234
2030-09-14 07:00:00+00:00,61524.42867753081
2030-09-14 08:00:00+00:00,72516.77948702153
2030-09-14 09:00:00+00:00,79568.26176711111
2030-09-14 10:00:00+00:00,81366.81548396095
2030-09-14 11:00:00+00:00,80418.6327327853
2030-09-14 12:00:00+00:00,80804.2465605389
2030-09-14 13:00:00+00:00,80257.49546391566
2030-09-14 14:00:00+00:00,75938.53055766538
2030-09-14 15:00:00+00:00,73132.95068449504
2030-09-14 16:00:00+00:00,72009.39746171248
2030-09-14 17:00:00+00:00,68502.63374640944
2030-09-14 18:00:00+00:00,60020.92451296198
2030-09-14 19:00:00+00:00,53235.60115998116
2030-09-14 20:00:00+00:00,47677.186308049226
2030-09-14 21:00:00+00:00,45104.00757599029
2030-09-14 22:00:00+00:00,42629.46791225138
2030-09-14 23:00:00+00:00,39366.66203133118
2030-09-15 00:00:00+00:00,36335.694626461
2030-09-15 01:00:00+00:00,33784.70995923893
2030-09-15 02:00:00+00:00,32932.10731023159
2030-09-15 03:00:00+00:00,33029.3107458467
2030-09-15 04:00:00+00:00,34566.15301863194
2030-09-15 05:00:00+00:00,35775.51915859056
2030-09-15 06:00:00+00:00,38477.61418592078
2030-09-15 07:00:00+00:00,44748.05997580967
2030-09-15 08:00:00+00:00,54877.33991490899
2030-09-15 09:00:00+00:00,65421.8340504771
2030-09-15 10:00:00+00:00,72545.76875646198
2030-09-15 11:00:00+00:00,74536.64327653065
2030-09-15 12:00:00+00:00,76957.03655605938
2030-09-15 13:00:00+00:00,79675.13896093515
2030-09-15 14:00:00+00:00,78182.37122898264
2030-09-15 15:00:00+00:00,78456.6175894977
2030-09-15 16:00:00+00:00,80106.14453164741
2030-09-15 17:00:00+00:00,76047.89526670185
2030-09-15 18:00:00+00:00,68206.904062615
2030-09-15 19:00:00+00:00,59754.37580448728
2030-09-15 20:00:00+00:00,51612.14909961487
2030-09-15 21:00:00+00:00,45127.881357198705
2030-09-15 22:00:00+00:00,39644.07844536262
2030-09-15 23:00:00+00:00,35890.952949994
2030-09-16 00:00:00+00:00,34176.09511139228
2030-09-16 01:00:00+00:00,33853.10613534092
2030-09-16 02:00:00+00:00,35338.90341481033
2030-09-16 03:00:00+00:00,40379.507034266346
2030-09-16 04:00:00+00:00,56057.8025190804
2030-09-16 05:00:00+00:00,78541.60678624557
2030-09-16 06:00:00+00:00,91363.48760883856
2030-09-16 07:00:00+00:00,85294.95211145014
2030-09-16 08:00:00+00:00,78326.14362516245
2030-09-16 09:00:00+00:00,75583.77771002689
2030-09-16 10:00:00+00:00,75283.71061367787
2030-09-16 11:00:00+00:00,75666.56098263689
2030-09-16 12:00:00+00:00,77469.22052862369
2030-09-16 13:00:00+00:00,79564.07761362009
2030-09-16 14:00:00+00:00,83844.07213963423
2030-09-16 15:00:00+00:00,90199.1534941929
2030-09-16 16:00:00+00:00,88114.93351329042
2030-09-16 17:00:00+00:00,77700.07712238049
2030-09-16 18:00:00+00:00,63409.05363261693
2030-09-16 19:00:00+00:00,53386.03377946804
2030-09-16 20:00:00+00:00,47237.44972831792
2030-09-16 21:00:00+00:00,43307.492088161984
2030-09-16 22:00:00+00:00,38099.43957841948
2030-09-16 23:00:00+00:00,34956.8034495541
2030-09-17 00:00:00+00:00,33663.12696590594
2030-09-17 01:00:00+00:00,33425.80490164938
2030-09-17 02:00:00+00:00,34278.88565961953
2030-09-17 03:00:00+00:00,37822.19629195988
2030-09-17 04:00:00+00:00,51662.25351525093
2030-09-17 05:00:00+00:00,74828.63055710294
2030-09-17 06:00:00+00:00,89864.9371785269
2030-09-17 07:00:00+00:00,84640.14757821697
2030-09-17 08:00:00+00:00,77083.43627993143
2030-09-17 09:00:00+00:00,73190.25254623506
2030-09-17 10:00:00+00:00,72741.53619626319
2030-09-17 11:00:00+00:00,74393.43256230187
2030-09-17 12:00:00+00:00,77363.75051740593
2030-09-17 13:00:00+00:00,80358.01093820682
2030-09-17 14:00:00+00:00,85485.39676698268
2030-09-17 15:00:00+00:00,92368.84763309707
2030-09-17 16:00:00+00:00,90248.44092205736
2030-09-17 17:00:00+00:00,80027.14061608749
2030-09-17 18:00:00+00:00,64851.02008759195
2030-09-17 19:00:00+00:00,53954.43533661008
2030-09-17 20:00:00+00:00,47781.55428367642
2030-09-17 21:00:00+00:00,44009.34465754072
2030-09-17 22:00:00+00:00,38699.11358345587
2030-09-17 23:00:00+00:00,35237.50385217408
2030-09-18 00:00:00+00:00,33719.39262144382
2030-09-18 01:00:00+00:00,33372.938109887094
2030-09-18 02:00:00+00:00,34130.445272737146
2030-09-18 03:00:00+00:00,37547.71406351251
2030-09-18 04:00:00+00:00,51201.12982131661
2030-09-18 05:00:00+00:00,74392.06584416181
2030-09-18 06:00:00+00:00,89766.24121920625
2030-09-18 07:00:00+00:00,84825.8033157919
2030-09-18 08:00:00+00:00,77471.24950160443
2030-09-18 09:00:00+00:00,73942.81042389103
2030-09-18 10:00:00+00:00,73816.72540307877
2030-09-18 11:00:00+00:00,75726.57988068185
2030-09-18 12:00:00+00:00,78970.86796068106
2030-09-18 13:00:00+00:00,81874.92255453253
2030-09-18 14:00:00+00:00,86638.93418137051
2030-09-18 15:00:00+00:00,93200.48597007254
2030-09-18 16:00:00+00:00,91422.06906973077
2030-09-18 17:00:00+00:00,81543.15296747256
2030-09-18 18:00:00+00:00,67054.98863861349
2030-09-18 19:00:00+00:00,55963.8971587521
2030-09-18 20:00:00+00:00,49278.15216975736
2030-09-18 21:00:00+00:00,45287.666607047904
2030-09-18 22:00:00+00:00,39707.03447206132
2030-09-18 23:00:00+00:00,35808.62832844097
2030-09-19 00:00:00+00:00,34031.98913339531
2030-09-19 01:00:00+00:00,33550.90353778567
2030-09-19 02:00:00+00:00,34230.91905664123
2030-09-19 03:00:00+00:00,37527.719298154036
2030-09-19 04:00:00+00:00,50624.866231357046
2030-09-19 05:00:00+00:00,72763.24091870614
2030-09-19 06:00:00+00:00,87754.85818747726
2030-09-19 07:00:00+00:00,83662.9439987534
2030-09-19 08:00:00+00:00,77498.47241536765
2030-09-19 09:00:00+00:00,75036.78108765672
2030-09-19 10:00:00+00:00,75313.78182416197
2030-09-19 11:00:00+00:00,77017.6793981583
2030-09-19 12:00:00+00:00,79981.93781068042
2030-09-19 13:00:00+00:00,82974.90662578351
2030-09-19 14:00:00+00:00,87408.59363869314
2030-09-19 15:00:00+00:00,92857.72820400962
2030-09-19 16:00:00+00:00,90910.1725404321
2030-09-19 17:00:00+00:00,82645.76025800857
2030-09-19 18:00:00+00:00,68803.52809866093
2030-09-19 19:00:00+00:00,57520.25365332893
2030-09-19 20:00:00+00:00,50524.651140886555
2030-09-19 21:00:00+00:00,46158.68537232828
2030-09-19 22:00:00+00:00,40296.3689398044
2030-09-19 23:00:00+00:00,36185.78899509493
2030-09-20 00:00:00+00:00,34287.96722072368
2030-09-20 01:00:00+00:00,33746.56627101969
2030-09-20 02:00:00+00:00,34372.38414061237
2030-09-20 03:00:00+00:00,37485.93851114536
2030-09-20 04:00:00+00:00,49602.040627064336
2030-09-20 05:00:00+00:00,69666.14754106486
2030-09-20 06:00:00+00:00,83475.33773151305
2030-09-20 07:00:00+00:00,78848.39005522581
2030-09-20 08:00:00+00:00,75279.28822001442
2030-09-20 09:00:00+00:00,76690.69640517744
2030-09-20 10:00:00+00:00,80290.5712384013
2030-09-20 11:00:00+00:00,86664.8028041194
2030-09-20 12:00:00+00:00,91654.49489709997
2030-09-20 13:00:00+00:00,94025.81002287046
2030-09-20 14:00:00+00:00,94419.40937009708
2030-09-20 15:00:00+00:00,93449.82329104525
2030-09-20 16:00:00+00:00,89968.65195874606
2030-09-20 17:00:00+00:00,83153.19915018253
2030-09-20 18:00:00+00:00,71717.78610745064
2030-09-20 19:00:00+00:00,61084.2432669593
2030-09-20 20:00:00+00:00,53249.4193693669
2030-09-20 21:00:00+00:00,49049.21331842784
2030-09-20 22:00:00+00:00,44214.84892327246
2030-09-20 23:00:00+00:00,39846.35972322864
2030-09-21 00:00:00+00:00,36874.994859428174
2030-09-21 01:00:00+00:00,35300.836121387336
2030-09-21 02:00:00+00:00,35074.62767771222
2030-09-21 03:00:00+00:00,36391.3579630803
2030-09-21 04:00:00+00:00,40480.46406966258
2030-09-21 05:00:00+00:00,44542.96516176064
2030-09-21 06:00:00+00:00,51206.02961688641
2030-09-21 07:00:00+00:00,60737.729090920184
2030-09-21 08:00:00+00:00,71550.8838738195
2030-09-21 09:00:00+00:00,78472.05985406473
2030-09-21 10:00:00+00:00,80171.05526786661
2030-09-21 11:00:00+00:00,79243.63798080954
2030-09-21 12:00:00+00:00,79838.5463599558
2030-09-21 13:00:00+00:00,79528.1403955076
2030-09-21 14:00:00+00:00,75362.14443056748
2030-09-21 15:00:00+00:00,72600.11063377462
2030-09-21 16:00:00+00:00,71447.99325320707
2030-09-21 17:00:00+00:00,67823.48726189396
2030-09-21 18:00:00+00:00,59199.383253261585
2030-09-21 19:00:00+00:00,52268.63466002999
2030-09-21 20:00:00+00:00,46778.478219656434
2030-09-21 21:00:00+00:00,44247.72825878129
2030-09-21 22:00:00+00:00,41845.997080139474
2030-09-21 23:00:00+00:00,38738.799025483924
2030-09-22 00:00:00+00:00,35868.936893858176
2030-09-22 01:00:00+00:00,33466.19170148621
2030-09-22 02:00:00+00:00,32669.299079156026
2030-09-22 03:00:00+00:00,32762.6196989696
2030-09-22 04:00:00+00:00,34210.911982667945
2030-09-22 05:00:00+00:00,35372.12276946098
2030-09-22 06:00:00+00:00,37956.23341712013
2030-09-22 07:00:00+00:00,44005.85666493993
2030-09-22 08:00:00+00:00,53899.02594084655
2030-09-22 09:00:00+00:00,64363.84458879918
2030-09-22 10:00:00+00:00,71538.13452678423
2030-09-22 11:00:00+00:00,73660.18535326097
2030-09-22 12:00:00+00:00,76136.91408071523
2030-09-22 13:00:00+00:00,78744.09039309743
2030-09-22 14:00:00+00:00,77163.8785505157
2030-09-22 15:00:00+00:00,77351.45078221717
2030-09-22 16:00:00+00:00,78863.0765830049
2030-09-22 17:00:00+00:00,74721.12873471726
2030-09-22 18:00:00+00:00,66851.2362983973
2030-09-22 19:00:00+00:00,58469.35231293662
2030-09-22 20:00:00+00:00,50535.378131022015
2030-09-22 21:00:00+00:00,44351.17048512438
2030-09-22 22:00:00+00:00,39122.322994094735
2030-09-22 23:00:00+00:00,35547.217746022136
2030-09-23 00:00:00+00:00,33915.01148085558
2030-09-23 01:00:00+00:00,33606.44664631469
2030-09-23 02:00:00+00:00,35025.56163845473
2030-09-23 03:00:00+00:00,39823.99680768913
2030-09-23 04:00:00+00:00,54731.88650982515
2030-09-23 05:00:00+00:00,76183.96677411703
2030-09-23 06:00:00+00:00,88433.21783848442
2030-09-23 07:00:00+00:00,82723.67207406691
2030-09-23 08:00:00+00:00,76000.26418554242
2030-09-23 09:00:00+00:00,73353.54492159036
2030-09-23 10:00:00+00:00,73244.09486471853
2030-09-23 11:00:00+00:00,73872.91627591697
2030-09-23 12:00:00+00:00,75694.88328426144
2030-09-23 13:00:00+00:00,77849.56966814196
2030-09-23 14:00:00+00:00,82028.51477617265
2030-09-23 15:00:00+00:00,88162.81893628914
2030-09-23 16:00:00+00:00,86140.41855610767
2030-09-23 17:00:00+00:00,75843.22944407852
2030-09-23 18:00:00+00:00,61859.134114782624
2030-09-23 19:00:00+00:00,52171.279176909455
2030-09-23 20:00:00+00:00,46375.658704790556
2030-09-23 21:00:00+00:00,42669.83180917082
2030-09-23 22:00:00+00:00,37687.04184077503
2030-09-23 23:00:00+00:00,34688.305021284476
2030-09-24 00:00:00+00:00,33459.08672092115
2030-09-24 01:00:00+00:00,33241.94651509526
2030-09-24 02:00:00+00:00,34071.82944188295
2030-09-24 03:00:00+00:00,37493.9058888534
2030-09-24 04:00:00+00:00,50865.78445876004
2030-09-24 05:00:00+00:00,73307.33506867262
2030-09-24 06:00:00+00:00,87904.91832791435
2030-09-24 07:00:00+00:00,82962.32212027269
2030-09-24 08:00:00+00:00,75603.08512040715
2030-09-24 09:00:00+00:00,71731.31490237785
2030-09-24 10:00:00+00:00,71194.03070778701
2030-09-24 11:00:00+00:00,72615.72100410714
2030-09-24 12:00:00+00:00,75487.71660069592
2030-09-24 13:00:00+00:00,78401.73961142081
2030-09-24 14:00:00+00:00,83452.74125321957
2030-09-24 15:00:00+00:00,90167.55154178421
2030-09-24 16:00:00+00:00,88217.4524863522
2030-09-24 17:00:00+00:00,78288.12434787172
2030-09-24 18:00:00+00:00,63524.94684624377
2030-09-24 19:00:00+00:00,53071.24611670618
2030-09-24 20:00:00+00:00,47104.4709531298
2030-09-24 21:00:00+00:00,43481.131000296904
2030-09-24 22:00:00+00:00,38344.331633989335
2030-09-24 23:00:00+00:00,34995.11112185085
2030-09-25 00:00:00+00:00,33527.095177867064
2030-09-25 01:00:00+00:00,33196.0954244619
2030-09-25 02:00:00+00:00,33922.86828802779
2030-09-25 03:00:00+00:00,37204.727725589655
2030-09-25 04:00:00+00:00,50325.25247702633
2030-09-25 05:00:00+00:00,72602.36658570028
2030-09-25 06:00:00+00:00,87432.50102172153
2030-09-25 07:00:00+00:00,82868.72336483096
2030-09-25 08:00:00+00:00,76026.09653391111
2030-09-25 09:00:00+00:00,72784.17326028497
2030-09-25 10:00:00+00:00,72733.6935602965
2030-09-25 11:00:00+00:00,74547.38013289412
2030-09-25 12:00:00+00:00,77715.34376766322
2030-09-25 13:00:00+00:00,80655.96608665746
2030-09-25 14:00:00+00:00,85404.06494193593
2030-09-25 15:00:00+00:00,91784.7707982961
2030-09-25 16:00:00+00:00,89911.29600522577
2030-09-25 17:00:00+00:00,80320.064278091
2030-09-25 18:00:00+00:00,66206.45138479998
2030-09-25 19:00:00+00:00,55370.66397571969
2030-09-25 20:00:00+00:00,48803.18875011826
2030-09-25 21:00:00+00:00,44895.025723092396
2030-09-25 22:00:00+00:00,39462.7888377615
2030-09-25 23:00:00+00:00,35637.21467553845
2030-09-26 00:00:00+00:00,33907.961179864535
2030-09-26 01:00:00+00:00,33452.20063156922
2030-09-26 02:00:00+00:00,34128.15158374241
2030-09-26 03:00:00+00:00,37386.0919616596
2030-09-26 04:00:00+00:00,50397.32961525712
2030-09-26 05:00:00+00:00,72420.45629704461
2030-09-26 06:00:00+00:00,87449.88642027401
2030-09-26 07:00:00+00:00,83402.14598131472
2030-09-26 08:00:00+00:00,77078.08320353468
2030-09-26 09:00:00+00:00,74452.46822948505
2030-09-26 10:00:00+00:00,74640.51568287249
2030-09-26 11:00:00+00:00,76277.80281600484
2030-09-26 12:00:00+00:00,79201.42589073429
2030-09-26 13:00:00+00:00,82211.574621697
2030-09-26 14:00:00+00:00,86797.41744520952
2030-09-26 15:00:00+00:00,92477.79834732853
2030-09-26 16:00:00+00:00,90675.5024363701
2030-09-26 17:00:00+00:00,82556.26434554599
2030-09-26 18:00:00+00:00,68816.36809458058
2030-09-26 19:00:00+00:00,57534.551197814384
2030-09-26 20:00:00+00:00,50526.014362102105
2030-09-26 21:00:00+00:00,46165.09462746484
2030-09-26 22:00:00+00:00,40281.58784185749
2030-09-26 23:00:00+00:00,36162.37648941743
2030-09-27 00:00:00+00:00,34268.08124425273
2030-09-27 01:00:00+00:00,33717.37398949974
2030-09-27 02:00:00+00:00,34340.694437623606
2030-09-27 03:00:00+00:00,37416.08232645559
2030-09-27 04:00:00+00:00,49408.3596529444
2030-09-27 05:00:00+00:00,69222.36964220296
2030-09-27 06:00:00+00:00,82891.66274591505
2030-09-27 07:00:00+00:00,78393.59757898517
2030-09-27 08:00:00+00:00,74928.8881712504
2030-09-27 09:00:00+00:00,76383.64208670457
2030-09-27 10:00:00+00:00,79865.28053486743
2030-09-27 11:00:00+00:00,86100.02841737696
2030-09-27 12:00:00+00:00,91044.47742338467
2030-09-27 13:00:00+00:00,93600.77474428856
2030-09-27 14:00:00+00:00,94127.62352961898
2030-09-27 15:00:00+00:00,93178.05580675516
2030-09-27 16:00:00+00:00,89655.72884591857
2030-09-27 17:00:00+00:00,82614.81006853541
2030-09-27 18:00:00+00:00,71279.66728598038
2030-09-27 19:00:00+00:00,60784.52883857588
2030-09-27 20:00:00+00:00,53024.7115012738
2030-09-27 21:00:00+00:00,48905.31163151565
2030-09-27 22:00:00+00:00,44100.3563428172
2030-09-27 23:00:00+00:00,39782.631921276705
2030-09-28 00:00:00+00:00,36836.899711521386
2030-09-28 01:00:00+00:00,35277.37111772256
2030-09-28 02:00:00+00:00,35075.3645806014
2030-09-28 03:00:00+00:00,36402.01903334499
2030-09-28 04:00:00+00:00,40525.454152929415
2030-09-28 05:00:00+00:00,44637.77762987602
2030-09-28 06:00:00+00:00,51365.10949083327
2030-09-28 07:00:00+00:00,60951.5770375207
2030-09-28 08:00:00+00:00,71740.87218104478
2030-09-28 09:00:00+00:00,78562.45119313055
2030-09-28 10:00:00+00:00,80110.36011308919
2030-09-28 11:00:00+00:00,79236.48193430965
2030-09-28 12:00:00+00:00,79838.5463599558
2030-09-28 13:00:00+00:00,79528.1403955076
2030-09-28 14:00:00+00:00,75362.14443056748
2030-09-28 15:00:00+00:00,72600.11063377462
2030-09-28 16:00:00+00:00,71447.99325320707
2030-09-28 17:00:00+00:00,67823.48726189396
2030-09-28 18:00:00+00:00,59305.351047362296
2030-09-28 19:00:00+00:00,52534.88325398192
2030-09-28 20:00:00+00:00,47043.216948403824
2030-09-28 21:00:00+00:00,44569.21721424649
2030-09-28 22:00:00+00:00,42167.519478974544
2030-09-28 23:00:00+00:00,39024.925833817215
2030-09-29 00:00:00+00:00,36103.62690668944
2030-09-29 01:00:00+00:00,33629.05101571023
2030-09-29 02:00:00+00:00,32809.953713587165
2030-09-29 03:00:00+00:00,32916.30538941124
2030-09-29 04:00:00+00:00,34425.33783597544
2030-09-29 05:00:00+00:00,35634.177338610374
2030-09-29 06:00:00+00:00,38330.765033147385
2030-09-29 07:00:00+00:00,44599.70719133868
2030-09-29 08:00:00+00:00,54641.62455430108
2030-09-29 09:00:00+00:00,65038.50568570103
2030-09-29 10:00:00+00:00,71939.1767667463
2030-09-29 11:00:00+00:00,73710.60394696704
2030-09-29 12:00:00+00:00,76136.91408071523
2030-09-29 13:00:00+00:00,78744.09039309743
2030-09-29 14:00:00+00:00,77163.8785505157
2030-09-29 15:00:00+00:00,77351.45078221717
2030-09-29 16:00:00+00:00,78863.0765830049
2030-09-29 17:00:00+00:00,74894.76679961346
2030-09-29 18:00:00+00:00,67436.55644640002
2030-09-29 19:00:00+00:00,59127.32757542399
2030-09-29 20:00:00+00:00,51132.612272104474
2030-09-29 21:00:00+00:00,44723.90225873714
2030-09-29 22:00:00+00:00,39347.87642112118
2030-09-29 23:00:00+00:00,35675.56388694781
2030-09-30 00:00:00+00:00,33998.679734907055
2030-09-30 01:00:00+00:00,33679.04195349449
2030-09-30 02:00:00+00:00,35106.25818080836
2030-09-30 03:00:00+00:00,39956.71573008157
2030-09-30 04:00:00+00:00,55092.0233214872
2030-09-30 05:00:00+00:00,76788.30262154856
2030-09-30 06:00:00+00:00,89169.90576711611
2030-09-30 07:00:00+00:00,83361.49602438838
2030-09-30 08:00:00+00:00,76677.5212538528
2030-09-30 09:00:00+00:00,74096.08489261968
2030-09-30 10:00:00+00:00,73794.86468733424
2030-09-30 11:00:00+00:00,74151.00837776667
2030-09-30 12:00:00+00:00,75738.32805685852
2030-09-30 13:00:00+00:00,77863.33305620222
2030-09-30 14:00:00+00:00,82042.22020995634
2030-09-30 15:00:00+00:00,88177.1392413283
2030-09-30 16:00:00+00:00,86190.21299506782
2030-09-30 17:00:00+00:00,76164.15885515457
2030-09-30 18:00:00+00:00,62341.17075886249
2030-09-30 19:00:00+00:00,52608.81146149703
2030-09-30 20:00:00+00:00,46689.77535235974
2030-09-30 21:00:00+00:00,42903.94387439588
2030-09-30 22:00:00+00:00,37835.26341789222
2030-09-30 23:00:00+00:00,34786.37533954801
2030-10-01 00:00:00+00:00,33534.73405385886
2030-10-01 01:00:00+00:00,33311.77765320361
2030-10-01 02:00:00+00:00,34151.3157950764
2030-10-01 03:00:00+00:00,37630.496907062945
2030-10-01 04:00:00+00:00,51190.95117509008
2030-10-01 05:00:00+00:00,73921.21354898984
2030-10-01 06:00:00+00:00,88663.58507465347
2030-10-01 07:00:00+00:00,83675.89637687868
2030-10-01 08:00:00+00:00,76166.87215996021
2030-10-01 09:00:00+00:00,72154.68094106157
2030-10-01 10:00:00+00:00,71604.46795507106
2030-10-01 11:00:00+00:00,73004.48272101214
2030-10-01 12:00:00+00:00,75679.12220974699
2030-10-01 13:00:00+00:00,78517.55643077676
2030-10-01 14:00:00+00:00,83545.41806191209
2030-10-01 15:00:00+00:00,90300.95699967272
2030-10-01 16:00:00+00:00,88505.16340592955
2030-10-01 17:00:00+00:00,78731.58101919899
2030-10-01 18:00:00+00:00,64028.174847709386
2030-10-01 19:00:00+00:00,53317.6681871171
2030-10-01 20:00:00+00:00,47230.27286852145
2030-10-01 21:00:00+00:00,43538.33736294436
2030-10-01 22:00:00+00:00,38369.64149974768
2030-10-01 23:00:00+00:00,35011.195920947066
2030-10-02 00:00:00+00:00,33533.35153665388
2030-10-02 01:00:00+00:00,33198.027570602746
2030-10-02 02:00:00+00:00,33919.24642815902
2030-10-02 03:00:00+00:00,37184.461688083094
2030-10-02 04:00:00+00:00,50253.39226273943
2030-10-02 05:00:00+00:00,72432.41364838909
2030-10-02 06:00:00+00:00,87114.52541186442
2030-10-02 07:00:00+00:00,82542.81861476992
2030-10-02 08:00:00+00:00,75844.33529325944
2030-10-02 09:00:00+00:00,72674.3632094795
2030-10-02 10:00:00+00:00,72734.63587480795
2030-10-02 11:00:00+00:00,74634.0287321773
2030-10-02 12:00:00+00:00,77782.03104674652
2030-10-02 13:00:00+00:00,80655.96608665746
2030-10-02 14:00:00+00:00,85404.06494193593
2030-10-02 15:00:00+00:00,91784.7707982961
2030-10-02 16:00:00+00:00,89911.29600522577
2030-10-02 17:00:00+00:00,80109.81361684644
2030-10-02 18:00:00+00:00,65842.1170973347
2030-10-02 19:00:00+00:00,54946.13155805805
2030-10-02 20:00:00+00:00,48436.045026263404
2030-10-02 21:00:00+00:00,44548.16047110656
2030-10-02 22:00:00+00:00,39190.88487138103
2030-10-02 23:00:00+00:00,35447.84368743052
2030-10-03 00:00:00+00:00,33750.254430147725
2030-10-03 01:00:00+00:00,33288.30291408707
2030-10-03 02:00:00+00:00,33927.080937212406
2030-10-03 03:00:00+00:00,37046.05437967513
2030-10-03 04:00:00+00:00,49480.14030004265
2030-10-03 05:00:00+00:00,70487.49689434136
2030-10-03 06:00:00+00:00,84760.99972872018
2030-10-03 07:00:00+00:00,80924.62486813957
2030-10-03 08:00:00+00:00,75119.53543121688
2030-10-03 09:00:00+00:00,72944.14400896091
2030-10-03 10:00:00+00:00,73549.89363817793
2030-10-03 11:00:00+00:00,75493.30331949634
2030-10-03 12:00:00+00:00,78635.13270829586
2030-10-03 13:00:00+00:00,81851.68382242249
2030-10-03 14:00:00+00:00,86496.55744663705
2030-10-03 15:00:00+00:00,92108.1706098033
2030-10-03 16:00:00+00:00,90221.70790891543
2030-10-03 17:00:00+00:00,81921.76412629362
2030-10-03 18:00:00+00:00,68034.65916558159
2030-10-03 19:00:00+00:00,56801.724646430965
2030-10-03 20:00:00+00:00,49886.53319326667
2030-10-03 21:00:00+00:00,45608.72840865225
2030-10-03 22:00:00+00:00,39892.76993448944
2030-10-03 23:00:00+00:00,35904.54570890808
2030-10-04 00:00:00+00:00,34065.51574828646
2030-10-04 01:00:00+00:00,33528.6440707569
2030-10-04 02:00:00+00:00,34121.160611072315
2030-10-04 03:00:00+00:00,37082.73843422566
2030-10-04 04:00:00+00:00,48610.3422905963
2030-10-04 05:00:00+00:00,67655.66741069824
2030-10-04 06:00:00+00:00,80778.95772886946
2030-10-04 07:00:00+00:00,76552.45441409378
2030-10-04 08:00:00+00:00,73548.00143787375
2030-10-04 09:00:00+00:00,75413.56655549107
2030-10-04 10:00:00+00:00,79319.46790154408
2030-10-04 11:00:00+00:00,85879.19462996269
2030-10-04 12:00:00+00:00,91045.63242215267
2030-10-04 13:00:00+00:00,93600.77474428856
2030-10-04 14:00:00+00:00,94127.62352961898
2030-10-04 15:00:00+00:00,93178.13619933187
2030-10-04 16:00:00+00:00,89660.11496985496
2030-10-04 17:00:00+00:00,82625.53061060452
2030-10-04 18:00:00+00:00,71076.95334506995
2030-10-04 19:00:00+00:00,60533.64124366336
2030-10-04 20:00:00+00:00,52810.0871464
2030-10-04 21:00:00+00:00,48681.21648742728
2030-10-04 22:00:00+00:00,43901.74725631429
2030-10-04 23:00:00+00:00,39624.898464726015
2030-10-05 00:00:00+00:00,36715.0993190884
2030-10-05 01:00:00+00:00,35181.47838649065
2030-10-05 02:00:00+00:00,34973.193092859896
2030-10-05 03:00:00+00:00,36287.706873401105
2030-10-05 04:00:00+00:00,40364.07130445582
2030-10-05 05:00:00+00:00,44410.8976219979
2030-10-05 06:00:00+00:00,51087.787023746634
2030-10-05 07:00:00+00:00,60650.25037637626
2030-10-05 08:00:00+00:00,71542.81939614049
2030-10-05 09:00:00+00:00,78500.77407505858
2030-10-05 10:00:00+00:00,80238.34633002614
2030-10-05 11:00:00+00:00,79363.05881750671
2030-10-05 12:00:00+00:00,79838.5463599558
2030-10-05 13:00:00+00:00,79528.1403955076
2030-10-05 14:00:00+00:00,75362.14443056748
2030-10-05 15:00:00+00:00,72600.11063377462
2030-10-05 16:00:00+00:00,71447.99325320707
2030-10-05 17:00:00+00:00,67938.63101116836
2030-10-05 18:00:00+00:00,59587.30905114748
2030-10-05 19:00:00+00:00,52713.27588263536
2030-10-05 20:00:00+00:00,47197.91457577872
2030-10-05 21:00:00+00:00,44674.614532691536
2030-10-05 22:00:00+00:00,42229.775173663686
2030-10-05 23:00:00+00:00,39062.88394601707
2030-10-06 00:00:00+00:00,36112.653763554576
2030-10-06 01:00:00+00:00,33636.60739344155
2030-10-06 02:00:00+00:00,32816.19005252451
2030-10-06 03:00:00+00:00,32924.44318432646
2030-10-06 04:00:00+00:00,34435.09988156151
2030-10-06 05:00:00+00:00,35651.47316486294
2030-10-06 06:00:00+00:00,38349.4997394645
2030-10-06 07:00:00+00:00,44599.456640074626
2030-10-06 08:00:00+00:00,54606.70221911448
2030-10-06 09:00:00+00:00,64945.077793169876
2030-10-06 10:00:00+00:00,71660.88577926983
2030-10-06 11:00:00+00:00,73660.18535326097
2030-10-06 12:00:00+00:00,76136.91408071523
2030-10-06 13:00:00+00:00,78744.09039309743
2030-10-06 14:00:00+00:00,77163.8785505157
2030-10-06 15:00:00+00:00,77351.45078221717
2030-10-06 16:00:00+00:00,78863.0765830049
2030-10-06 17:00:00+00:00,74721.12873471726
2030-10-06 18:00:00+00:00,66925.48229612291
2030-10-06 19:00:00+00:00,58666.25169066742
2030-10-06 20:00:00+00:00,50726.44786023921
2030-10-06 21:00:00+00:00,44424.62138796769
2030-10-06 22:00:00+00:00,39137.95853017614
2030-10-06 23:00:00+00:00,35539.35245177609
2030-10-07 00:00:00+00:00,33896.58121785451
2030-10-07 01:00:00+00:00,33580.600783486654
2030-10-07 02:00:00+00:00,34973.97376659612
2030-10-07 03:00:00+00:00,39723.03043418394
2030-10-07 04:00:00+00:00,54470.10715137663
2030-10-07 05:00:00+00:00,75643.62575187853
2030-10-07 06:00:00+00:00,87684.0128452644
2030-10-07 07:00:00+00:00,82124.75816733288
2030-10-07 08:00:00+00:00,75739.83391495612
2030-10-07 09:00:00+00:00,73253.85475348915
2030-10-07 10:00:00+00:00,73244.09486471853
2030-10-07 11:00:00+00:00,73872.91627591697
2030-10-07 12:00:00+00:00,75694.88328426144
2030-10-07 13:00:00+00:00,77849.56966814196
2030-10-07 14:00:00+00:00,82028.51477617265
2030-10-07 15:00:00+00:00,88162.81893628914
2030-10-07 16:00:00+00:00,86140.41855610767
2030-10-07 17:00:00+00:00,75843.22944407852
2030-10-07 18:00:00+00:00,61859.134114782624
2030-10-07 19:00:00+00:00,52136.57952039656
2030-10-07 20:00:00+00:00,46306.61957158049
2030-10-07 21:00:00+00:00,42575.47186999891
2030-10-07 22:00:00+00:00,37614.9276964231
2030-10-07 23:00:00+00:00,34644.03970978053
2030-10-08 00:00:00+00:00,33421.35992757551
2030-10-08 01:00:00+00:00,33202.300575315574
2030-10-08 02:00:00+00:00,34020.13388146917
2030-10-08 03:00:00+00:00,37404.18003957658
2030-10-08 04:00:00+00:00,50661.42352763353
2030-10-08 05:00:00+00:00,72883.64924951553
2030-10-08 06:00:00+00:00,87401.18353334317
2030-10-08 07:00:00+00:00,82573.52618659525
2030-10-08 08:00:00+00:00,75305.69298977572
2030-10-08 09:00:00+00:00,71404.04710602209
2030-10-08 10:00:00+00:00,70983.73618414658
2030-10-08 11:00:00+00:00,72629.27379350386
2030-10-08 12:00:00+00:00,75499.58797233333
2030-10-08 13:00:00+00:00,78409.81637241393
2030-10-08 14:00:00+00:00,83462.01654239564
2030-10-08 15:00:00+00:00,90181.80489595763
2030-10-08 16:00:00+00:00,88237.79187884749
2030-10-08 17:00:00+00:00,78582.83823603413
2030-10-08 18:00:00+00:00,63990.503284877814
2030-10-08 19:00:00+00:00,53352.97982961691
2030-10-08 20:00:00+00:00,47306.70352005792
2030-10-08 21:00:00+00:00,43640.276307395055
2030-10-08 22:00:00+00:00,38457.16526225317
2030-10-08 23:00:00+00:00,35079.0445747259
2030-10-09 00:00:00+00:00,33600.512823101904
2030-10-09 01:00:00+00:00,33277.15103874172
2030-10-09 02:00:00+00:00,34021.31109060032
2030-10-09 03:00:00+00:00,37360.23048334244
2030-10-09 04:00:00+00:00,50737.055281635294
2030-10-09 05:00:00+00:00,73441.25362447287
2030-10-09 06:00:00+00:00,88570.96466833582
2030-10-09 07:00:00+00:00,83984.0618001373
2030-10-09 08:00:00+00:00,77100.39834598731
2030-10-09 09:00:00+00:00,73886.84096292515
2030-10-09 10:00:00+00:00,73952.09995456261
2030-10-09 11:00:00+00:00,75996.24131258414
2030-10-09 12:00:00+00:00,79414.75882813333
2030-10-09 13:00:00+00:00,82453.48993034236
2030-10-09 14:00:00+00:00,87507.67289721021
2030-10-09 15:00:00+00:00,94284.48987324529
2030-10-09 16:00:00+00:00,92627.55292842023
2030-10-09 17:00:00+00:00,82747.69251386457
2030-10-09 18:00:00+00:00,67928.77186742103
2030-10-09 19:00:00+00:00,56531.12614830704
2030-10-09 20:00:00+00:00,49706.656813904636
2030-10-09 21:00:00+00:00,45619.511261396765
2030-10-09 22:00:00+00:00,39910.30430658754
2030-10-09 23:00:00+00:00,35928.48290463577
2030-10-10 00:00:00+00:00,34119.738038585674
2030-10-10 01:00:00+00:00,33634.18258110536
2030-10-10 02:00:00+00:00,34320.30853505313
2030-10-10 03:00:00+00:00,37669.146058832426
2030-10-10 04:00:00+00:00,51038.7893907551
2030-10-10 05:00:00+00:00,73724.9251444748
2030-10-10 06:00:00+00:00,89151.8048695036
2030-10-10 07:00:00+00:00,85081.23889630791
2030-10-10 08:00:00+00:00,78654.6085378012
2030-10-10 09:00:00+00:00,76039.92116403105
2030-10-10 10:00:00+00:00,76321.21761358643
2030-10-10 11:00:00+00:00,78100.24931401173
2030-10-10 12:00:00+00:00,81208.75670075399
2030-10-10 13:00:00+00:00,84435.72107837499
2030-10-10 14:00:00+00:00,89289.09865497262
2030-10-10 15:00:00+00:00,95260.4228398279
2030-10-10 16:00:00+00:00,93479.48757121706
2030-10-10 17:00:00+00:00,85104.63199480412
2030-10-10 18:00:00+00:00,70660.01325616056
2030-10-10 19:00:00+00:00,58798.097480797194
2030-10-10 20:00:00+00:00,51456.80803359791
2030-10-10 21:00:00+00:00,46896.079004971405
2030-10-10 22:00:00+00:00,40774.75809704648
2030-10-10 23:00:00+00:00,36488.36737786014
2030-10-11 00:00:00+00:00,34505.088583111225
2030-10-11 01:00:00+00:00,33928.3307053092
2030-10-11 02:00:00+00:00,34568.8491123646
2030-10-11 03:00:00+00:00,37755.62481581706
2030-10-11 04:00:00+00:00,50163.746537871986
2030-10-11 05:00:00+00:00,70611.37766743271
2030-10-11 06:00:00+00:00,84591.60331542714
2030-10-11 07:00:00+00:00,79963.82016614095
2030-10-11 08:00:00+00:00,76416.66455623318
2030-10-11 09:00:00+00:00,77924.84928208007
2030-10-11 10:00:00+00:00,81590.7890855233
2030-10-11 11:00:00+00:00,88092.44455529968
2030-10-11 12:00:00+00:00,93235.87575866895
2030-10-11 13:00:00+00:00,95752.11860786135
2030-10-11 14:00:00+00:00,96200.04735406386
2030-10-11 15:00:00+00:00,95277.77673355643
2030-10-11 16:00:00+00:00,91797.12967750448
2030-10-11 17:00:00+00:00,84793.49917951364
2030-10-11 18:00:00+00:00,72920.66074814669
2030-10-11 19:00:00+00:00,61863.7936986529
2030-10-11 20:00:00+00:00,53813.09654780842
2030-10-11 21:00:00+00:00,49515.19519269965
2030-10-11 22:00:00+00:00,44534.142767108126
2030-10-11 23:00:00+00:00,40078.42746839652
2030-10-12 00:00:00+00:00,37036.75012729234
2030-10-12 01:00:00+00:00,35430.416889872584
2030-10-12 02:00:00+00:00,35200.67755548922
2030-10-12 03:00:00+00:00,36539.2941642329
2030-10-12 04:00:00+00:00,40715.98384654849
2030-10-12 05:00:00+00:00,44877.333204702765
2030-10-12 06:00:00+00:00,51713.0054513581
2030-10-12 07:00:00+00:00,61534.18552371936
2030-10-12 08:00:00+00:00,72823.83817303301
2030-10-12 09:00:00+00:00,80092.04639686304
2030-10-12 10:00:00+00:00,81994.55924000344
2030-10-12 11:00:00+00:00,81035.39220255938
2030-10-12 12:00:00+00:00,81407.91057667775
2030-10-12 13:00:00+00:00,80960.02551228898
2030-10-12 14:00:00+00:00,76632.56028009925
2030-10-12 15:00:00+00:00,73833.24477173471
2030-10-12 16:00:00+00:00,72784.05415510073
2030-10-12 17:00:00+00:00,69292.76190446771
2030-10-12 18:00:00+00:00,60555.316343104714
2030-10-12 19:00:00+00:00,53412.2727019478
2030-10-12 20:00:00+00:00,47704.72298813092
2030-10-12 21:00:00+00:00,45100.87782775076
2030-10-12 22:00:00+00:00,42597.30484650461
2030-10-12 23:00:00+00:00,39323.49541262227
2030-10-13 00:00:00+00:00,36292.42920195494
2030-10-13 01:00:00+00:00,33750.08442885304
2030-10-13 02:00:00+00:00,32908.21510191065
2030-10-13 03:00:00+00:00,33010.19706923839
2030-10-13 04:00:00+00:00,34543.62403345296
2030-10-13 05:00:00+00:00,35770.142629747425
2030-10-13 06:00:00+00:00,38514.83301321526
2030-10-13 07:00:00+00:00,44895.523849885176
2030-10-13 08:00:00+00:00,55278.16224262448
2030-10-13 09:00:00+00:00,66159.64033892365
2030-10-13 10:00:00+00:00,73542.506317753
2030-10-13 11:00:00+00:00,75627.03162192603
2030-10-13 12:00:00+00:00,78110.03725448839
2030-10-13 13:00:00+00:00,80750.74123462834
2030-10-13 14:00:00+00:00,79050.67260708909
2030-10-13 15:00:00+00:00,79298.91099890281
2030-10-13 16:00:00+00:00,80985.6657350891
2030-10-13 17:00:00+00:00,76840.69426917273
2030-10-13 18:00:00+00:00,68761.52286546337
2030-10-13 19:00:00+00:00,60022.16687883509
2030-10-13 20:00:00+00:00,51702.810874243354
2030-10-13 21:00:00+00:00,45111.0588944919
2030-10-13 22:00:00+00:00,39595.921541311676
2030-10-13 23:00:00+00:00,35834.978232440015
2030-10-14 00:00:00+00:00,34122.63618997422
2030-10-14 01:00:00+00:00,33796.999039981776
2030-10-14 02:00:00+00:00,35259.81897224517
2030-10-14 03:00:00+00:00,40228.900581546855
2030-10-14 04:00:00+00:00,55678.347103632805
2030-10-14 05:00:00+00:00,77858.21052319977
2030-10-14 06:00:00+00:00,90479.06566703675
2030-10-14 07:00:00+00:00,84724.69916960815
2030-10-14 08:00:00+00:00,78090.45616846855
2030-10-14 09:00:00+00:00,75514.52381514298
2030-10-14 10:00:00+00:00,75262.58254239822
2030-10-14 11:00:00+00:00,75725.43767609906
2030-10-14 12:00:00+00:00,77488.63665222962
2030-10-14 13:00:00+00:00,79678.93201497782
2030-10-14 14:00:00+00:00,84012.41062770395
2030-10-14 15:00:00+00:00,90386.5537916485
2030-10-14 16:00:00+00:00,88455.24019961306
2030-10-14 17:00:00+00:00,78016.61734869864
2030-10-14 18:00:00+00:00,63559.00169314819
2030-10-14 19:00:00+00:00,53411.4729607618
2030-10-14 20:00:00+00:00,47270.20965912518
2030-10-14 21:00:00+00:00,43347.0582967204
2030-10-14 22:00:00+00:00,38115.603923696144
2030-10-14 23:00:00+00:00,34977.92116329195
2030-10-15 00:00:00+00:00,33687.68556537376
2030-10-15 01:00:00+00:00,33461.46780239025
2030-10-15 02:00:00+00:00,34323.34237292934
2030-10-15 03:00:00+00:00,37900.18812333461
2030-10-15 04:00:00+00:00,51863.129111037975
2030-10-15 05:00:00+00:00,75265.78600225269
2030-10-15 06:00:00+00:00,90519.77260939713
2030-10-15 07:00:00+00:00,85439.72968756461
2030-10-15 08:00:00+00:00,77804.24147859498
2030-10-15 09:00:00+00:00,73623.46794031897
2030-10-15 10:00:00+00:00,72910.53855461975
2030-10-15 11:00:00+00:00,74300.02867651035
2030-10-15 12:00:00+00:00,76994.74700053685
2030-10-15 13:00:00+00:00,79786.49003597985
2030-10-15 14:00:00+00:00,84863.16079636935
2030-10-15 15:00:00+00:00,91753.15477731684
2030-10-15 16:00:00+00:00,89959.5504866574
2030-10-15 17:00:00+00:00,80313.40529900025
2030-10-15 18:00:00+00:00,65381.367604897336
2030-10-15 19:00:00+00:00,54394.57206411184
2030-10-15 20:00:00+00:00,48155.9023195962
2030-10-15 21:00:00+00:00,44334.166538165606
2030-10-15 22:00:00+00:00,38927.470325672875
2030-10-15 23:00:00+00:00,35396.07448850975
2030-10-16 00:00:00+00:00,33837.22487426997
2030-10-16 01:00:00+00:00,33484.6962731314
2030-10-16 02:00:00+00:00,34257.56101009002
2030-10-16 03:00:00+00:00,37718.07819186732
2030-10-16 04:00:00+00:00,51552.66335453969
2030-10-16 05:00:00+00:00,75069.99809535405
2030-10-16 06:00:00+00:00,90518.89647461372
2030-10-16 07:00:00+00:00,85567.94261336992
2030-10-16 08:00:00+00:00,78354.34176403713
2030-10-16 09:00:00+00:00,74845.24372255793
2030-10-16 10:00:00+00:00,74703.12629025057
2030-10-16 11:00:00+00:00,76524.97588247541
2030-10-16 12:00:00+00:00,79705.3657073168
2030-10-16 13:00:00+00:00,82522.78252713777
2030-10-16 14:00:00+00:00,87246.82987041368
2030-10-16 15:00:00+00:00,93737.1301364491
2030-10-16 16:00:00+00:00,91824.50367353416
2030-10-16 17:00:00+00:00,81871.15413739588
2030-10-16 18:00:00+00:00,67177.84933947893
2030-10-16 19:00:00+00:00,55908.47871472264
2030-10-16 20:00:00+00:00,49147.7212426534
2030-10-16 21:00:00+00:00,45123.55866519866
2030-10-16 22:00:00+00:00,39571.51278660038
2030-10-16 23:00:00+00:00,35699.25573116216
2030-10-17 00:00:00+00:00,33945.21913998218
2030-10-17 01:00:00+00:00,33469.252839714245
2030-10-17 02:00:00+00:00,34137.835625365915
2030-10-17 03:00:00+00:00,37399.03852127128
2030-10-17 04:00:00+00:00,50378.596063670666
2030-10-17 05:00:00+00:00,72332.32656055652
2030-10-17 06:00:00+00:00,87299.74375007437
2030-10-17 07:00:00+00:00,83348.91501488691
2030-10-17 08:00:00+00:00,77182.5401046369
2030-10-17 09:00:00+00:00,74611.2740069878
2030-10-17 10:00:00+00:00,74813.11238244452
2030-10-17 11:00:00+00:00,76446.42017491894
2030-10-17 12:00:00+00:00,79470.77297093348
2030-10-17 13:00:00+00:00,82545.03930594478
2030-10-17 14:00:00+00:00,87157.26456436604
2030-10-17 15:00:00+00:00,92943.73899390246
2030-10-17 16:00:00+00:00,91313.8957868817
2030-10-17 17:00:00+00:00,83374.66640943041
2030-10-17 18:00:00+00:00,69509.14516485255
2030-10-17 19:00:00+00:00,58001.76664814192
2030-10-17 20:00:00+00:00,50845.391288302686
2030-10-17 21:00:00+00:00,46424.83696897395
2030-10-17 22:00:00+00:00,40461.252546976626
2030-10-17 23:00:00+00:00,36288.02346588087
2030-10-18 00:00:00+00:00,34361.67979855975
2030-10-18 01:00:00+00:00,33798.195504522926
2030-10-18 02:00:00+00:00,34419.36858767377
2030-10-18 03:00:00+00:00,37541.41406093994
2030-10-18 04:00:00+00:00,49674.60456708015
2030-10-18 05:00:00+00:00,69711.70380311862
2030-10-18 06:00:00+00:00,83494.18675909868
2030-10-18 07:00:00+00:00,78967.46671102467
2030-10-18 08:00:00+00:00,75630.13513918167
2030-10-18 09:00:00+00:00,77316.27792231026
2030-10-18 10:00:00+00:00,81106.62145012234
2030-10-18 11:00:00+00:00,87632.27024153923
2030-10-18 12:00:00+00:00,92700.33436027684
2030-10-18 13:00:00+00:00,95160.56339060224
2030-10-18 14:00:00+00:00,95614.2213009508
2030-10-18 15:00:00+00:00,94637.7431967406
2030-10-18 16:00:00+00:00,91134.15965720886
2030-10-18 17:00:00+00:00,84051.4023816277
2030-10-18 18:00:00+00:00,72095.22772949142
2030-10-18 19:00:00+00:00,61125.52152768553
2030-10-18 20:00:00+00:00,53161.05107864994
2030-10-18 21:00:00+00:00,48922.6398084607
2030-10-18 22:00:00+00:00,44059.727787587944
2030-10-18 23:00:00+00:00,39720.364287797995
2030-10-19 00:00:00+00:00,36773.09840156767
2030-10-19 01:00:00+00:00,35214.4729918296
2030-10-19 02:00:00+00:00,34993.046837591864
2030-10-19 03:00:00+00:00,36287.99820442915
2030-10-19 04:00:00+00:00,40326.75959047097
2030-10-19 05:00:00+00:00,44333.227405260805
2030-10-19 06:00:00+00:00,50927.53262023549
2030-10-19 07:00:00+00:00,60402.25990460942
2030-10-19 08:00:00+00:00,71355.42373760618
2030-10-19 09:00:00+00:00,78534.49629610831
2030-10-19 10:00:00+00:00,80498.52006490737
2030-10-19 11:00:00+00:00,79701.00173136068
2030-10-19 12:00:00+00:00,80148.4994173049
2030-10-19 13:00:00+00:00,79700.7458066976
2030-10-19 14:00:00+00:00,75447.4102792273
2030-10-19 15:00:00+00:00,72723.7810430904
2030-10-19 16:00:00+00:00,71770.46364462092
2030-10-19 17:00:00+00:00,68414.92978251223
2030-10-19 18:00:00+00:00,59842.778433768515
2030-10-19 19:00:00+00:00,52888.831566499495
2030-10-19 20:00:00+00:00,47299.41816421462
2030-10-19 21:00:00+00:00,44732.59826231018
2030-10-19 22:00:00+00:00,42275.42748930666
2030-10-19 23:00:00+00:00,39079.33391558616
2030-10-20 00:00:00+00:00,36114.90536933555
2030-10-20 01:00:00+00:00,33633.576831058286
2030-10-20 02:00:00+00:00,32807.14251603041
2030-10-20 03:00:00+00:00,32903.9761916695
2030-10-20 04:00:00+00:00,34411.34069345723
2030-10-20 05:00:00+00:00,35618.13953629768
2030-10-20 06:00:00+00:00,38291.98379945418
2030-10-20 07:00:00+00:00,44568.736993225786
2030-10-20 08:00:00+00:00,54759.23965985013
2030-10-20 09:00:00+00:00,65357.54720423054
2030-10-20 10:00:00+00:00,72412.11362815552
2030-10-20 11:00:00+00:00,74348.95644034073
2030-10-20 12:00:00+00:00,76670.1303317917
2030-10-20 13:00:00+00:00,79217.75680568299
2030-10-20 14:00:00+00:00,77705.8246158596
2030-10-20 15:00:00+00:00,78041.25851919498
2030-10-20 16:00:00+00:00,79813.53807147719
2030-10-20 17:00:00+00:00,75860.82643931247
2030-10-20 18:00:00+00:00,67953.74759346024
2030-10-20 19:00:00+00:00,59372.049240188506
2030-10-20 20:00:00+00:00,51204.35169370895
2030-10-20 21:00:00+00:00,44745.9256727383
2030-10-20 22:00:00+00:00,39340.693680318436
2030-10-20 23:00:00+00:00,35664.16981086806
2030-10-21 00:00:00+00:00,33987.335542453744
2030-10-21 01:00:00+00:00,33664.42679906191
2030-10-21 02:00:00+00:00,35088.59900300743
2030-10-21 03:00:00+00:00,39923.294066556206
2030-10-21 04:00:00+00:00,54956.81252908499
2030-10-21 05:00:00+00:00,76547.9618269124
2030-10-21 06:00:00+00:00,88899.06548435561
2030-10-21 07:00:00+00:00,83322.19412402307
2030-10-21 08:00:00+00:00,76937.03356358518
2030-10-21 09:00:00+00:00,74416.66488891587
2030-10-21 10:00:00+00:00,74114.85799609245
2030-10-21 11:00:00+00:00,74496.23666974768
2030-10-21 12:00:00+00:00,76180.65851356542
2030-10-21 13:00:00+00:00,78259.2290368204
2030-10-21 14:00:00+00:00,82361.26631708379
2030-10-21 15:00:00+00:00,88489.97686176734
2030-10-21 16:00:00+00:00,86581.17708359362
2030-10-21 17:00:00+00:00,76299.33363489881
2030-10-21 18:00:00+00:00,62255.17466800524
2030-10-21 19:00:00+00:00,52445.48932638798
2030-10-21 20:00:00+00:00,46495.44609094409
2030-10-21 21:00:00+00:00,42700.3440680839
2030-10-21 22:00:00+00:00,37680.614639971456
2030-10-21 23:00:00+00:00,34665.33440532669
2030-10-22 00:00:00+00:00,33423.35784245701
2030-10-22 01:00:00+00:00,33194.20484616206
2030-10-22 02:00:00+00:00,34002.260990237184
2030-10-22 03:00:00+00:00,37375.496798146
2030-10-22 04:00:00+00:00,50570.82037078842
2030-10-22 05:00:00+00:00,72703.04432008561
2030-10-22 06:00:00+00:00,87128.58231709566
2030-10-22 07:00:00+00:00,82270.62338465203
2030-10-22 08:00:00+00:00,75264.19094116017
2030-10-22 09:00:00+00:00,71591.37594168482
2030-10-22 10:00:00+00:00,71279.03865404638
2030-10-22 11:00:00+00:00,72835.12414160802
2030-10-22 12:00:00+00:00,75601.36947561426
2030-10-22 13:00:00+00:00,78401.73961142081
2030-10-22 14:00:00+00:00,83452.74125321957
2030-10-22 15:00:00+00:00,90167.55154178421
2030-10-22 16:00:00+00:00,88222.81300345469
2030-10-22 17:00:00+00:00,78551.5788754469
2030-10-22 18:00:00+00:00,63824.934367324466
2030-10-22 19:00:00+00:00,53174.071430995806
2030-10-22 20:00:00+00:00,47131.61189485566
2030-10-22 21:00:00+00:00,43482.69012641487
2030-10-22 22:00:00+00:00,38337.68457046244
2030-10-22 23:00:00+00:00,34989.5286704106
2030-10-23 00:00:00+00:00,33520.394602911336
2030-10-23 01:00:00+00:00,33194.029007162695
2030-10-23 02:00:00+00:00,33915.18431952308
2030-10-23 03:00:00+00:00,37179.17053763351
2030-10-23 04:00:00+00:00,50260.95576527023
2030-10-23 05:00:00+00:00,72467.14624379782
2030-10-23 06:00:00+00:00,87242.28635932415
2030-10-23 07:00:00+00:00,82784.6059890317
2030-10-23 08:00:00+00:00,76203.83599585571
2030-10-23 09:00:00+00:00,73150.37538581794
2030-10-23 10:00:00+00:00,73263.8110154002
2030-10-23 11:00:00+00:00,75380.12604369693
2030-10-23 12:00:00+00:00,78830.79548354047
2030-10-23 13:00:00+00:00,81866.4961679798
2030-10-23 14:00:00+00:00,86924.60549933696
2030-10-23 15:00:00+00:00,93765.24819934538
2030-10-23 16:00:00+00:00,92207.33777952562
2030-10-23 17:00:00+00:00,82579.20749191611
2030-10-23 18:00:00+00:00,67798.97850467103
2030-10-23 19:00:00+00:00,56412.88977018229
2030-10-23 20:00:00+00:00,49599.630168265874
2030-10-23 21:00:00+00:00,45524.87353315093
2030-10-23 22:00:00+00:00,39850.449455207185
2030-10-23 23:00:00+00:00,35893.788647136935
2030-10-24 00:00:00+00:00,34098.22979942905
2030-10-24 01:00:00+00:00,33603.93400268043
2030-10-24 02:00:00+00:00,34286.98212877271
2030-10-24 03:00:00+00:00,37616.74095830134
2030-10-24 04:00:00+00:00,50896.99500237401
2030-10-24 05:00:00+00:00,73348.4747646659
2030-10-24 06:00:00+00:00,88671.20035681943
2030-10-24 07:00:00+00:00,84655.10231336397
2030-10-24 08:00:00+00:00,78235.74523629119
2030-10-24 09:00:00+00:00,75336.41503502794
2030-10-24 10:00:00+00:00,75327.24100236385
2030-10-24 11:00:00+00:00,76834.05985157202
2030-10-24 12:00:00+00:00,79747.32839572732
2030-10-24 13:00:00+00:00,82812.67551994332
2030-10-24 14:00:00+00:00,87520.22563625922
2030-10-24 15:00:00+00:00,93343.17109534405
2030-10-24 16:00:00+00:00,91839.89688261549
2030-10-24 17:00:00+00:00,83896.44612656088
2030-10-24 18:00:00+00:00,69702.14746577555
2030-10-24 19:00:00+00:00,58037.20962522952
2030-10-24 20:00:00+00:00,50843.7724922406
2030-10-24 21:00:00+00:00,46397.68184285955
2030-10-24 22:00:00+00:00,40425.77162883913
2030-10-24 23:00:00+00:00,36243.11287766763
2030-10-25 00:00:00+00:00,34313.858163808894
2030-10-25 01:00:00+00:00,33742.857980715045
2030-10-25 02:00:00+00:00,34353.576218022645
2030-10-25 03:00:00+00:00,37418.100364576676
2030-10-25 04:00:00+00:00,49345.7630920835
2030-10-25 05:00:00+00:00,68998.3843578632
2030-10-25 06:00:00+00:00,82462.12977256424
2030-10-25 07:00:00+00:00,77931.32121226439
2030-10-25 08:00:00+00:00,74697.9608457089
2030-10-25 09:00:00+00:00,76416.45812103988
2030-10-25 10:00:00+00:00,80121.92353683151
2030-10-25 11:00:00+00:00,86466.73375552076
2030-10-25 12:00:00+00:00,91334.99686704153
2030-10-25 13:00:00+00:00,93668.7519659882
2030-10-25 14:00:00+00:00,94170.27195771369
2030-10-25 15:00:00+00:00,93302.62756124196
2030-10-25 16:00:00+00:00,90051.48777714402
2030-10-25 17:00:00+00:00,83252.08875766271
2030-10-25 18:00:00+00:00,71567.92629903913
2030-10-25 19:00:00+00:00,60760.96980170094
2030-10-25 20:00:00+00:00,52918.86659431087
2030-10-25 21:00:00+00:00,48747.65268879101
2030-10-25 22:00:00+00:00,43939.79595015989
2030-10-25 23:00:00+00:00,39650.14911777535
2030-10-26 00:00:00+00:00,36731.61389741289
2030-10-26 01:00:00+00:00,35191.69081881439
2030-10-26 02:00:00+00:00,34985.53510372842
2030-10-26 03:00:00+00:00,36291.56369053031
2030-10-26 04:00:00+00:00,40369.3981120695
2030-10-26 05:00:00+00:00,44429.59898560449
2030-10-26 06:00:00+00:00,51121.16151797004
2030-10-26 07:00:00+00:00,60753.73272746703
2030-10-26 08:00:00+00:00,71847.05936742724
2030-10-26 09:00:00+00:00,79059.6532398214
2030-10-26 10:00:00+00:00,81007.55281992335
2030-10-26 11:00:00+00:00,80251.58241075993
2030-10-26 12:00:00+00:00,80773.30771588518
2030-10-26 13:00:00+00:00,80437.72784991164
2030-10-26 14:00:00+00:00,76171.05815189406
2030-10-26 15:00:00+00:00,73439.25995052465
2030-10-26 16:00:00+00:00,72336.19334688941
2030-10-26 17:00:00+00:00,68769.48113866564
2030-10-26 18:00:00+00:00,60015.09097248396
2030-10-26 19:00:00+00:00,53007.28832654929
2030-10-26 20:00:00+00:00,47419.09141994842
2030-10-26 21:00:00+00:00,44864.92274184258
2030-10-26 22:00:00+00:00,42422.808965611424
2030-10-26 23:00:00+00:00,39213.63810661662
2030-10-27 00:00:00+00:00,36219.03025446323
2030-10-27 01:00:00+00:00,36228.25671672937
2030-10-27 02:00:00+00:00,33711.5373836432
2030-10-27 03:00:00+00:00,32875.77037965404
2030-10-27 04:00:00+00:00,32972.90368882053
2030-10-27 05:00:00+00:00,34489.96574646328
2030-10-27 06:00:00+00:00,35710.021422642574
2030-10-27 07:00:00+00:00,38420.7528563846
2030-10-27 08:00:00+00:00,44757.47790663676
2030-10-27 09:00:00+00:00,54968.56131929608
2030-10-27 10:00:00+00:00,65648.2342759779
2030-10-27 11:00:00+00:00,72826.42518776214
2030-10-27 12:00:00+00:00,74853.23171302579
2030-10-27 13:00:00+00:00,77296.00318177855
2030-10-27 14:00:00+00:00,80000.25515536095
2030-10-27 15:00:00+00:00,78473.12143726028
2030-10-27 16:00:00+00:00,78831.7281769554
2030-10-27 17:00:00+00:00,80530.0868664945
2030-10-27 18:00:00+00:00,76311.180435488
2030-10-27 19:00:00+00:00,68262.57277320123
2030-10-27 20:00:00+00:00,59645.62750447775
2030-10-27 21:00:00+00:00,51442.436306216725
2030-10-27 22:00:00+00:00,44935.838637255045
2030-10-27 23:00:00+00:00,39474.980539225486
2030-10-28 00:00:00+00:00,35754.07708291856
2030-10-28 01:00:00+00:00,34052.09334311204
2030-10-28 02:00:00+00:00,33724.1916846218
2030-10-28 03:00:00+00:00,35159.95294400906
2030-10-28 04:00:00+00:00,40072.567293306776
2030-10-28 05:00:00+00:00,55389.19864834667
2030-10-28 06:00:00+00:00,77521.43970030702
2030-10-28 07:00:00+00:00,90296.80154513103
2030-10-28 08:00:00+00:00,84702.59027089606
2030-10-28 09:00:00+00:00,78106.30075076853
2030-10-28 10:00:00+00:00,75592.27962847803
2030-10-28 11:00:00+00:00,75336.58123653974
2030-10-28 12:00:00+00:00,75817.01275411622
2030-10-28 13:00:00+00:00,77603.3882516917
2030-10-28 14:00:00+00:00,79887.26687022707
2030-10-28 15:00:00+00:00,84392.73493596396
2030-10-28 16:00:00+00:00,91125.64215435783
2030-10-28 17:00:00+00:00,89411.59076896802
2030-10-28 18:00:00+00:00,78733.60895832042
2030-10-28 19:00:00+00:00,63983.66312882468
2030-10-28 20:00:00+00:00,53685.380959262875
2030-10-28 21:00:00+00:00,47442.25820533365
2030-10-28 22:00:00+00:00,43459.11761781061
2030-10-28 23:00:00+00:00,38175.90415167691
2030-10-29 00:00:00+00:00,35011.39189416189
2030-10-29 01:00:00+00:00,33708.70837848657
2030-10-29 02:00:00+00:00,33470.73641311087
2030-10-29 03:00:00+00:00,34339.04109188246
2030-10-29 04:00:00+00:00,37924.316867257934
2030-10-29 05:00:00+00:00,51960.586937943015
2030-10-29 06:00:00+00:00,75518.70073170096
2030-10-29 07:00:00+00:00,90897.03149702748
2030-10-29 08:00:00+00:00,85651.39292564822
2030-10-29 09:00:00+00:00,77890.69727022223
2030-10-29 10:00:00+00:00,73746.40271492013
2030-10-29 11:00:00+00:00,73239.78427236556
2030-10-29 12:00:00+00:00,74832.86676706244
2030-10-29 13:00:00+00:00,77757.22020996957
2030-10-29 14:00:00+00:00,80797.53833616091
2030-10-29 15:00:00+00:00,86202.24072110608
2030-10-29 16:00:00+00:00,93605.38074918174
2030-10-29 17:00:00+00:00,92067.6542988217
2030-10-29 18:00:00+00:00,81755.68990718419
2030-10-29 19:00:00+00:00,66061.67264314837
2030-10-29 20:00:00+00:00,54739.04341366895
2030-10-29 21:00:00+00:00,48308.062262220315
2030-10-29 22:00:00+00:00,44428.957236584705
2030-10-29 23:00:00+00:00,38981.211963506124
2030-10-30 00:00:00+00:00,35420.3740269974
2030-10-30 01:00:00+00:00,33866.050276264046
2030-10-30 02:00:00+00:00,33525.01719055142
2030-10-30 03:00:00+00:00,34311.94007209013
2030-10-30 04:00:00+00:00,37837.60630052436
2030-10-30 05:00:00+00:00,51929.707148579626
2030-10-30 06:00:00+00:00,75840.9760638179
2030-10-30 07:00:00+00:00,91675.78403686457
2030-10-30 08:00:00+00:00,86424.6886583882
2030-10-30 09:00:00+00:00,78603.20858302343
2030-10-30 10:00:00+00:00,74694.93909361128
2030-10-30 11:00:00+00:00,74423.63696814977
2030-10-30 12:00:00+00:00,76237.28406020535
2030-10-30 13:00:00+00:00,79435.27688688831
2030-10-30 14:00:00+00:00,82419.56021151794
2030-10-30 15:00:00+00:00,87301.68370891368
2030-10-30 16:00:00+00:00,94040.36743875357
2030-10-30 17:00:00+00:00,92350.67195386637
2030-10-30 18:00:00+00:00,82280.1247063939
2030-10-30 19:00:00+00:00,67393.80692324197
2030-10-30 20:00:00+00:00,56071.6595515223
2030-10-30 21:00:00+00:00,49301.92646049956
2030-10-30 22:00:00+00:00,45292.10370575342
2030-10-30 23:00:00+00:00,39698.4264352878
2030-10-31 00:00:00+00:00,35794.03997278891
2030-10-31 01:00:00+00:00,34021.59526959939
2030-10-31 02:00:00+00:00,33535.160932155784
2030-10-31 03:00:00+00:00,34213.249549146356
2030-10-31 04:00:00+00:00,37495.74121921152
2030-10-31 05:00:00+00:00,50589.02237136408
2030-10-31 06:00:00+00:00,72747.13610385181
2030-10-31 07:00:00+00:00,87790.4701140785
2030-10-31 08:00:00+00:00,83751.03691072295
2030-10-31 09:00:00+00:00,77581.3759619216
2030-10-31 10:00:00+00:00,75126.71441703016
2030-10-31 11:00:00+00:00,75525.00510718054
2030-10-31 12:00:00+00:00,77402.14789067117
2030-10-31 13:00:00+00:00,80634.15865434468
2030-10-31 14:00:00+00:00,84014.6460597565
2030-10-31 15:00:00+00:00,89027.07452674751
2030-10-31 16:00:00+00:00,95142.03234650007
2030-10-31 17:00:00+00:00,93492.63877398535
2030-10-31 18:00:00+00:00,84902.1323583878
2030-10-31 19:00:00+00:00,70281.02266772119
2030-10-31 20:00:00+00:00,58428.03098356697
2030-10-31 21:00:00+00:00,51131.489487252446
2030-10-31 22:00:00+00:00,46612.789060240335
2030-10-31 23:00:00+00:00,40556.5337368038
2030-11-01 00:00:00+00:00,36339.83568188107
2030-11-01 01:00:00+00:00,34398.72456786292
2030-11-01 02:00:00+00:00,33831.01916940664
2030-11-01 03:00:00+00:00,34468.631191426626
2030-11-01 04:00:00+00:00,37621.94392599355
2030-11-01 05:00:00+00:00,49888.53984417294
2030-11-01 06:00:00+00:00,70185.34062845743
2030-11-01 07:00:00+00:00,84168.62201194413
2030-11-01 08:00:00+00:00,79593.30780018616
2030-11-01 09:00:00+00:00,76170.37160704767
2030-11-01 10:00:00+00:00,77828.90055883683
2030-11-01 11:00:00+00:00,81714.81536398623
2030-11-01 12:00:00+00:00,88444.02363522415
2030-11-01 13:00:00+00:00,93827.31206972527
2030-11-01 14:00:00+00:00,96601.56052163092
2030-11-01 15:00:00+00:00,97206.80937040717
2030-11-01 16:00:00+00:00,96510.83885460078
2030-11-01 17:00:00+00:00,93211.82735613483
2030-11-01 18:00:00+00:00,85996.59392287885
2030-11-01 19:00:00+00:00,73691.64444612354
2030-11-01 20:00:00+00:00,62409.282272082455
2030-11-01 21:00:00+00:00,54192.69274331854
2030-11-01 22:00:00+00:00,49799.08817236459
2030-11-01 23:00:00+00:00,44757.230028469705
2030-11-02 00:00:00+00:00,40257.45700131466
2030-11-02 01:00:00+00:00,37184.752130936286
2030-11-02 02:00:00+00:00,35567.75416126742
2030-11-02 03:00:00+00:00,35364.052377485175
2030-11-02 04:00:00+00:00,36754.352171563856
2030-11-02 05:00:00+00:00,41062.738323672995
2030-11-02 06:00:00+00:00,45319.169534616834
2030-11-02 07:00:00+00:00,52328.01794763281
2030-11-02 08:00:00+00:00,62293.23918198424
2030-11-02 09:00:00+00:00,73705.87689865619
2030-11-02 10:00:00+00:00,81067.35213921023
2030-11-02 11:00:00+00:00,83008.59470370896
2030-11-02 12:00:00+00:00,82126.35241161248
2030-11-02 13:00:00+00:00,82575.017492181
2030-11-02 14:00:00+00:00,82196.48103966295
2030-11-02 15:00:00+00:00,77900.9337910483
2030-11-02 16:00:00+00:00,75182.57479112943
2030-11-02 17:00:00+00:00,74104.29413772744
2030-11-02 18:00:00+00:00,70439.23472819266
2030-11-02 19:00:00+00:00,61311.42398611431
2030-11-02 20:00:00+00:00,53944.26374333189
2030-11-02 21:00:00+00:00,48094.075658376714
2030-11-02 22:00:00+00:00,45395.747273648405
2030-11-02 23:00:00+00:00,42841.063132361676
2030-11-03 00:00:00+00:00,39519.249652120234
2030-11-03 01:00:00+00:00,36438.85774119025
2030-11-03 02:00:00+00:00,33853.232319104354
2030-11-03 03:00:00+00:00,32998.46130804328
2030-11-03 04:00:00+00:00,33104.36208148714
2030-11-03 05:00:00+00:00,34676.00796613159
2030-11-03 06:00:00+00:00,35931.82773403242
2030-11-03 07:00:00+00:00,38730.81599780383
2030-11-03 08:00:00+00:00,45258.419324833194
2030-11-03 09:00:00+00:00,55833.88475886436
2030-11-03 10:00:00+00:00,66876.63849356493
2030-11-03 11:00:00+00:00,74336.19729824143
2030-11-03 12:00:00+00:00,76437.56737444
2030-11-03 13:00:00+00:00,78995.30977542585
2030-11-03 14:00:00+00:00,81822.50075902544
2030-11-03 15:00:00+00:00,80333.91582861634
2030-11-03 16:00:00+00:00,80865.1844224875
2030-11-03 17:00:00+00:00,82949.79831229178
2030-11-03 18:00:00+00:00,78711.73023556519
2030-11-03 19:00:00+00:00,70263.61128719173
2030-11-03 20:00:00+00:00,61202.072078714256
2030-11-03 21:00:00+00:00,52601.236949559614
2030-11-03 22:00:00+00:00,45761.82274152885
2030-11-03 23:00:00+00:00,40030.87304088816
2030-11-04 00:00:00+00:00,36131.24890138203
2030-11-04 01:00:00+00:00,34348.62524262264
2030-11-04 02:00:00+00:00,34017.08103768446
2030-11-04 03:00:00+00:00,35546.51863678895
2030-11-04 04:00:00+00:00,40722.41318654789
2030-11-04 05:00:00+00:00,56840.97642079598
2030-11-04 06:00:00+00:00,80078.3180045638
2030-11-04 07:00:00+00:00,93373.49313662937
2030-11-04 08:00:00+00:00,87373.06134863457
2030-11-04 09:00:00+00:00,80127.37117304285
2030-11-04 10:00:00+00:00,77087.94374301718
2030-11-04 11:00:00+00:00,76619.10247744515
2030-11-04 12:00:00+00:00,76989.94567903283
2030-11-04 13:00:00+00:00,78710.34626736633
2030-11-04 14:00:00+00:00,80960.15929997778
2030-11-04 15:00:00+00:00,85510.1117619438
2030-11-04 16:00:00+00:00,92528.13858092188
2030-11-04 17:00:00+00:00,91235.64774305848
2030-11-04 18:00:00+00:00,80442.23127652158
2030-11-04 19:00:00+00:00,65323.613441844085
2030-11-04 20:00:00+00:00,54664.492655945556
2030-11-04 21:00:00+00:00,48226.51069629807
2030-11-04 22:00:00+00:00,44106.34864478977
2030-11-04 23:00:00+00:00,38598.18456904526
2030-11-05 00:00:00+00:00,35294.40810824416
2030-11-05 01:00:00+00:00,33935.93482030295
2030-11-05 02:00:00+00:00,33687.07692040751
2030-11-05 03:00:00+00:00,34570.67050283914
2030-11-05 04:00:00+00:00,38264.75345587198
2030-11-05 05:00:00+00:00,52712.42088123349
2030-11-05 06:00:00+00:00,76837.87366565502
2030-11-05 07:00:00+00:00,92494.58610589392
2030-11-05 08:00:00+00:00,87132.13380513903
2030-11-05 09:00:00+00:00,79214.0555709198
2030-11-05 10:00:00+00:00,74944.0733180179
2030-11-05 11:00:00+00:00,74371.05046733588
2030-11-05 12:00:00+00:00,75889.61724561705
2030-11-05 13:00:00+00:00,78787.14293377745
2030-11-05 14:00:00+00:00,81843.8941944858
2030-11-05 15:00:00+00:00,87330.71617977221
2030-11-05 16:00:00+00:00,94748.34459934942
2030-11-05 17:00:00+00:00,92871.63674474377
2030-11-05 18:00:00+00:00,82301.72759981878
2030-11-05 19:00:00+00:00,66382.99599973665
2030-11-05 20:00:00+00:00,54932.11056991142
2030-11-05 21:00:00+00:00,48449.72635099755
2030-11-05 22:00:00+00:00,44515.3643150268
2030-11-05 23:00:00+00:00,38998.84885194467
2030-11-06 00:00:00+00:00,35420.03115221936
2030-11-06 01:00:00+00:00,33850.68721496415
2030-11-06 02:00:00+00:00,33490.48683546337
2030-11-06 03:00:00+00:00,34255.0017332228
2030-11-06 04:00:00+00:00,37711.62335503401
2030-11-06 05:00:00+00:00,51535.1380756074
2030-11-06 06:00:00+00:00,74989.34129400883
2030-11-06 07:00:00+00:00,90520.26651982467
2030-11-06 08:00:00+00:00,85640.60471549694
2030-11-06 09:00:00+00:00,78452.51809237504
2030-11-06 10:00:00+00:00,75008.9696938112
2030-11-06 11:00:00+00:00,75006.71849867016
2030-11-06 12:00:00+00:00,77046.92966902256
2030-11-06 13:00:00+00:00,80447.27269115244
2030-11-06 14:00:00+00:00,83490.38474639613
2030-11-06 15:00:00+00:00,88524.4833820689
2030-11-06 16:00:00+00:00,95444.54083847482
2030-11-06 17:00:00+00:00,93572.57800406587
2030-11-06 18:00:00+00:00,83213.57240805848
2030-11-06 19:00:00+00:00,68028.4790345182
2030-11-06 20:00:00+00:00,56460.09276862886
2030-11-06 21:00:00+00:00,49591.439097924
2030-11-06 22:00:00+00:00,45509.91150689284
2030-11-06 23:00:00+00:00,39842.25195257472
2030-11-07 00:00:00+00:00,35892.412620390765
2030-11-07 01:00:00+00:00,34103.509433614134
2030-11-07 02:00:00+00:00,33629.19231497549
2030-11-07 03:00:00+00:00,34333.597634674654
2030-11-07 04:00:00+00:00,37711.28171572431
2030-11-07 05:00:00+00:00,51184.1563449931
2030-11-07 06:00:00+00:00,74045.60432695603
2030-11-07 07:00:00+00:00,89684.4664388975
2030-11-07 08:00:00+00:00,85555.07016600802
2030-11-07 09:00:00+00:00,79082.65854757377
2030-11-07 10:00:00+00:00,76414.8794780487
2030-11-07 11:00:00+00:00,76689.14553533932
2030-11-07 12:00:00+00:00,78492.31119458772
2030-11-07 13:00:00+00:00,81669.08933217103
2030-11-07 14:00:00+00:00,85069.02042905094
2030-11-07 15:00:00+00:00,90125.45362003686
2030-11-07 16:00:00+00:00,96411.40525449852
2030-11-07 17:00:00+00:00,94662.69743956467
2030-11-07 18:00:00+00:00,85882.7924566185
2030-11-07 19:00:00+00:00,70998.10866708934
2030-11-07 20:00:00+00:00,58954.59158873952
2030-11-07 21:00:00+00:00,51551.21609204873
2030-11-07 22:00:00+00:00,46980.276420706716
2030-11-07 23:00:00+00:00,40819.760976604666
2030-11-08 00:00:00+00:00,36521.051651522845
2030-11-08 01:00:00+00:00,34538.607912582054
2030-11-08 02:00:00+00:00,33962.76247297333
2030-11-08 03:00:00+00:00,34617.45212488772
2030-11-08 04:00:00+00:00,37843.377729747765
2030-11-08 05:00:00+00:00,50422.559591486504
2030-11-08 06:00:00+00:00,71267.93809968368
2030-11-08 07:00:00+00:00,85669.90393425796
2030-11-08 08:00:00+00:00,81039.81040224453
2030-11-08 09:00:00+00:00,77479.9596133536
2030-11-08 10:00:00+00:00,79135.84441174724
2030-11-08 11:00:00+00:00,83046.25594716881
2030-11-08 12:00:00+00:00,89877.70547610844
2030-11-08 13:00:00+00:00,95406.16194268422
2030-11-08 14:00:00+00:00,98238.0006104742
2030-11-08 15:00:00+00:00,99046.48757955838
2030-11-08 16:00:00+00:00,98379.742248354
2030-11-08 17:00:00+00:00,95032.72008961032
2030-11-08 18:00:00+00:00,87602.63268922718
2030-11-08 19:00:00+00:00,74957.14221259723
2030-11-08 20:00:00+00:00,63321.74842221074
2030-11-08 21:00:00+00:00,54889.16114659575
2030-11-08 22:00:00+00:00,50419.8094171816
2030-11-08 23:00:00+00:00,45229.32884587552
2030-11-09 00:00:00+00:00,40588.14197014028
2030-11-09 01:00:00+00:00,37420.52657719847
2030-11-09 02:00:00+00:00,35759.56289339619
2030-11-09 03:00:00+00:00,35535.31299673956
2030-11-09 04:00:00+00:00,36949.618187382075
2030-11-09 05:00:00+00:00,41360.95736977533
2030-11-09 06:00:00+00:00,45742.173628457866
2030-11-09 07:00:00+00:00,52971.76704936718
2030-11-09 08:00:00+00:00,63282.34495369231
2030-11-09 09:00:00+00:00,75074.31280049673
2030-11-09 10:00:00+00:00,82632.83233579654
2030-11-09 11:00:00+00:00,84591.28143271351
2030-11-09 12:00:00+00:00,83673.15877293528
2030-11-09 13:00:00+00:00,84224.10835690366
2030-11-09 14:00:00+00:00,83826.44667928133
2030-11-09 15:00:00+00:00,79401.86105078
2030-11-09 16:00:00+00:00,76698.70542029156
2030-11-09 17:00:00+00:00,75787.6894039772
2030-11-09 18:00:00+00:00,71999.48312969875
2030-11-09 19:00:00+00:00,62553.35033153228
2030-11-09 20:00:00+00:00,54892.84607441486
2030-11-09 21:00:00+00:00,48822.010349526194
2030-11-09 22:00:00+00:00,46022.53433909777
2030-11-09 23:00:00+00:00,43338.05141669012
2030-11-10 00:00:00+00:00,39891.94967901928
2030-11-10 01:00:00+00:00,36691.72692891411
2030-11-10 02:00:00+00:00,34019.38700946188
2030-11-10 03:00:00+00:00,33130.79748795425
2030-11-10 04:00:00+00:00,33236.076711662165
2030-11-10 05:00:00+00:00,34853.75990498884
2030-11-10 06:00:00+00:00,36150.73847866542
2030-11-10 07:00:00+00:00,39056.08542934862
2030-11-10 08:00:00+00:00,45843.106713491165
2030-11-10 09:00:00+00:00,56667.26231524683
2030-11-10 10:00:00+00:00,67815.31359703602
2030-11-10 11:00:00+00:00,75163.8047616611
2030-11-10 12:00:00+00:00,77116.02354208818
2030-11-10 13:00:00+00:00,79538.73320116872
2030-11-10 14:00:00+00:00,82244.44100185334
2030-11-10 15:00:00+00:00,80704.9202236972
2030-11-10 16:00:00+00:00,81602.25432453967
2030-11-10 17:00:00+00:00,84041.325014389
2030-11-10 18:00:00+00:00,79828.39231368282
2030-11-10 19:00:00+00:00,71236.98148432073
2030-11-10 20:00:00+00:00,61836.275675829056
2030-11-10 21:00:00+00:00,52953.43416392686
2030-11-10 22:00:00+00:00,45943.593710678455
2030-11-10 23:00:00+00:00,40110.075112568826
2030-11-11 00:00:00+00:00,36133.4641921915
2030-11-11 01:00:00+00:00,34323.36936974798
2030-11-11 02:00:00+00:00,33953.51537364531
2030-11-11 03:00:00+00:00,35422.96783443519
2030-11-11 04:00:00+00:00,40430.32252274817
2030-11-11 05:00:00+00:00,56015.797049422275
2030-11-11 06:00:00+00:00,78242.5823277113
2030-11-11 07:00:00+00:00,90714.21680291799
2030-11-11 08:00:00+00:00,84701.82894096398
2030-11-11 09:00:00+00:00,78009.35919941212
2030-11-11 10:00:00+00:00,75452.97201967365
2030-11-11 11:00:00+00:00,75279.76206579659
2030-11-11 12:00:00+00:00,75722.97365402739
2030-11-11 13:00:00+00:00,77409.74621395893
2030-11-11 14:00:00+00:00,79566.06966566478
2030-11-11 15:00:00+00:00,83962.27406064428
2030-11-11 16:00:00+00:00,90502.42609322991
2030-11-11 17:00:00+00:00,88562.77927845626
2030-11-11 18:00:00+00:00,77880.74311950442
2030-11-11 19:00:00+00:00,63323.5782868811
2030-11-11 20:00:00+00:00,53217.47479968395
2030-11-11 21:00:00+00:00,47102.29344134551
2030-11-11 22:00:00+00:00,43195.82067582104
2030-11-11 23:00:00+00:00,38019.104001945765
2030-11-12 00:00:00+00:00,34906.483629416536
2030-11-12 01:00:00+00:00,33635.52444804148
2030-11-12 02:00:00+00:00,33407.701844592375
2030-11-12 03:00:00+00:00,34271.375513203304
2030-11-12 04:00:00+00:00,37832.35566703425
2030-11-12 05:00:00+00:00,51772.018694107544
2030-11-12 06:00:00+00:00,75200.93128799504
2030-11-12 07:00:00+00:00,90653.94703251701
2030-11-12 08:00:00+00:00,85611.30865503769
2030-11-12 09:00:00+00:00,78047.65092499391
2030-11-12 10:00:00+00:00,73962.85235007192
2030-11-12 11:00:00+00:00,73440.87572561124
2030-11-12 12:00:00+00:00,75074.02414945311
2030-11-12 13:00:00+00:00,78062.21578066717
2030-11-12 14:00:00+00:00,81153.97689305933
2030-11-12 15:00:00+00:00,86676.7466472494
2030-11-12 16:00:00+00:00,94334.6311120279
2030-11-12 17:00:00+00:00,92776.16066188047
2030-11-12 18:00:00+00:00,82396.83523027685
2030-11-12 19:00:00+00:00,66502.53391956896
2030-11-12 20:00:00+00:00,55052.36939063831
2030-11-12 21:00:00+00:00,48573.83051758916
2030-11-12 22:00:00+00:00,44642.254289356104
2030-11-12 23:00:00+00:00,39106.51558008471
2030-11-13 00:00:00+00:00,35499.90035284883
2030-11-13 01:00:00+00:00,33919.68918644385
2030-11-13 02:00:00+00:00,33563.81546894116
2030-11-13 03:00:00+00:00,34349.596794223566
2030-11-13 04:00:00+00:00,37903.99201554462
2030-11-13 05:00:00+00:00,52056.368515518705
2030-11-13 06:00:00+00:00,76033.0739658608
2030-11-13 07:00:00+00:00,91997.25661208527
2030-11-13 08:00:00+00:00,87111.15245711156
2030-11-13 09:00:00+00:00,79494.14593498384
2030-11-13 10:00:00+00:00,75698.99085715081
2030-11-13 11:00:00+00:00,75519.17170575383
2030-11-13 12:00:00+00:00,77396.99124490094
2030-11-13 13:00:00+00:00,80757.87948122685
2030-11-13 14:00:00+00:00,83856.86826505302
2030-11-13 15:00:00+00:00,89031.94900974672
2030-11-13 16:00:00+00:00,96082.97376569935
2030-11-13 17:00:00+00:00,94266.61919554221
2030-11-13 18:00:00+00:00,83795.2716027174
2030-11-13 19:00:00+00:00,68410.3223409314
2030-11-13 20:00:00+00:00,56711.62109107001
2030-11-13 21:00:00+00:00,49719.30283093628
2030-11-13 22:00:00+00:00,45565.08240463689
2030-11-13 23:00:00+00:00,39849.56455691399
2030-11-14 00:00:00+00:00,35878.53351215377
2030-11-14 01:00:00+00:00,34079.22679235535
2030-11-14 02:00:00+00:00,33593.980107079704
2030-11-14 03:00:00+00:00,34277.72918530457
2030-11-14 04:00:00+00:00,37616.75542114187
2030-11-14 05:00:00+00:00,50938.53448737111
2030-11-14 06:00:00+00:00,73558.01970499147
2030-11-14 07:00:00+00:00,88973.56585046215
2030-11-14 08:00:00+00:00,85012.56659969586
2030-11-14 09:00:00+00:00,78779.43043165805
2030-11-14 10:00:00+00:00,76330.20843849302
2030-11-14 11:00:00+00:00,76802.86827726713
2030-11-14 12:00:00+00:00,78760.0838745519
2030-11-14 13:00:00+00:00,82075.64407448308
2030-11-14 14:00:00+00:00,85502.66354791666
2030-11-14 15:00:00+00:00,90658.45820121437
2030-11-14 16:00:00+00:00,97084.78572381422
2030-11-14 17:00:00+00:00,95409.82833468924
2030-11-14 18:00:00+00:00,86532.43445961794
2030-11-14 19:00:00+00:00,71546.17754906561
2030-11-14 20:00:00+00:00,59343.2743562246
2030-11-14 21:00:00+00:00,51876.653941087505
2030-11-14 22:00:00+00:00,47250.81065616548
2030-11-14 23:00:00+00:00,40992.07917831741
2030-11-15 00:00:00+00:00,36623.46038564423
2030-11-15 01:00:00+00:00,34613.62017023498
2030-11-15 02:00:00+00:00,34024.984576577706
2030-11-15 03:00:00+00:00,34681.12066384223
2030-11-15 04:00:00+00:00,37938.39260302891
2030-11-15 05:00:00+00:00,50594.54664908597
2030-11-15 06:00:00+00:00,71490.07797008997
2030-11-15 07:00:00+00:00,85817.65328613338
2030-11-15 08:00:00+00:00,81049.64144056443
2030-11-15 09:00:00+00:00,77417.99976966715
2030-11-15 10:00:00+00:00,78911.37860365314
2030-11-15 11:00:00+00:00,82677.46064153347
2030-11-15 12:00:00+00:00,89257.8551056072
2030-11-15 13:00:00+00:00,94474.54367194757
2030-11-15 14:00:00+00:00,97133.90598234818
2030-11-15 15:00:00+00:00,97817.20419836298
2030-11-15 16:00:00+00:00,97169.66508863855
2030-11-15 17:00:00+00:00,93817.7154449676
2030-11-15 18:00:00+00:00,86504.61830271121
2030-11-15 19:00:00+00:00,74027.43398535582
2030-11-15 20:00:00+00:00,62571.23058662212
2030-11-15 21:00:00+00:00,54285.38670823593
2030-11-15 22:00:00+00:00,49877.7145344496
2030-11-15 23:00:00+00:00,44796.573342183954
2030-11-16 00:00:00+00:00,40257.58236051375
2030-11-16 01:00:00+00:00,37170.88198833845
2030-11-16 02:00:00+00:00,35539.50114178166
2030-11-16 03:00:00+00:00,35311.607524024905
2030-11-16 04:00:00+00:00,36669.05069410668
2030-11-16 05:00:00+00:00,40921.73880771467
2030-11-16 06:00:00+00:00,45135.31219555741
2030-11-16 07:00:00+00:00,52071.4639391385
2030-11-16 08:00:00+00:00,62017.86187150234
2030-11-16 09:00:00+00:00,73401.86506891005
2030-11-16 10:00:00+00:00,80778.94373940855
2030-11-16 11:00:00+00:00,82708.5023681358
2030-11-16 12:00:00+00:00,81884.89539133063
2030-11-16 13:00:00+00:00,82390.95855317092
2030-11-16 14:00:00+00:00,82051.5698716846
2030-11-16 15:00:00+00:00,77817.79460924938
2030-11-16 16:00:00+00:00,75058.86635476678
2030-11-16 17:00:00+00:00,73996.72452910373
2030-11-16 18:00:00+00:00,70271.27596361504
2030-11-16 19:00:00+00:00,61201.06445109446
2030-11-16 20:00:00+00:00,53878.1955240779
2030-11-16 21:00:00+00:00,48076.78072596582
2030-11-16 22:00:00+00:00,45412.10779966485
2030-11-16 23:00:00+00:00,42880.19376697159
2030-11-17 00:00:00+00:00,39563.59498192954
2030-11-17 01:00:00+00:00,36484.36572026308
2030-11-17 02:00:00+00:00,33902.09961379562
2030-11-17 03:00:00+00:00,33048.62451147561
2030-11-17 04:00:00+00:00,33154.28507697464
2030-11-17 05:00:00+00:00,34740.67618482983
2030-11-17 06:00:00+00:00,36013.94085368013
2030-11-17 07:00:00+00:00,38845.461690947355
2030-11-17 08:00:00+00:00,45474.090765158886
2030-11-17 09:00:00+00:00,56207.10815054205
2030-11-17 10:00:00+00:00,67359.06176195602
2030-11-17 11:00:00+00:00,74776.6484395908
2030-11-17 12:00:00+00:00,76821.89244113672
2030-11-17 13:00:00+00:00,79315.3293528618
2030-11-17 14:00:00+00:00,82058.32403395933
2030-11-17 15:00:00+00:00,80423.1754150684
2030-11-17 16:00:00+00:00,80752.76368806124
2030-11-17 17:00:00+00:00,82462.66533663087
2030-11-17 18:00:00+00:00,78083.16169281073
2030-11-17 19:00:00+00:00,69628.2607281857
2030-11-17 20:00:00+00:00,60648.80175707325
2030-11-17 21:00:00+00:00,52140.31465690568
2030-11-17 22:00:00+00:00,45420.1449732301
2030-11-17 23:00:00+00:00,39794.64723032995
2030-11-18 00:00:00+00:00,35967.71273289738
2030-11-18 01:00:00+00:00,34226.02139227146
2030-11-18 02:00:00+00:00,33895.54178145962
2030-11-18 03:00:00+00:00,35389.55392440771
2030-11-18 04:00:00+00:00,40455.50386125119
2030-11-18 05:00:00+00:00,56237.969271205446
2030-11-18 06:00:00+00:00,78934.00678584217
2030-11-18 07:00:00+00:00,91924.57276719094
2030-11-18 08:00:00+00:00,86088.69972932043
2030-11-18 09:00:00+00:00,79415.68649123781
2030-11-18 10:00:00+00:00,76918.78918194423
2030-11-18 11:00:00+00:00,76785.16515510803
2030-11-18 12:00:00+00:00,77329.66634102032
2030-11-18 13:00:00+00:00,79250.61291357319
2030-11-18 14:00:00+00:00,81636.60724475607
2030-11-18 15:00:00+00:00,86317.85946554087
2030-11-18 16:00:00+00:00,93378.94044202114
2030-11-18 17:00:00+00:00,91567.23701741883
2030-11-18 18:00:00+00:00,80541.68430659517
2030-11-18 19:00:00+00:00,65279.670357444884
2030-11-18 20:00:00+00:00,54656.92669414518
2030-11-18 21:00:00+00:00,48225.61762938191
2030-11-18 22:00:00+00:00,44107.04554233583
2030-11-18 23:00:00+00:00,38618.33400119003
2030-11-19 00:00:00+00:00,35320.7216571739
2030-11-19 01:00:00+00:00,33966.88386471468
2030-11-19 02:00:00+00:00,33731.948280047094
2030-11-19 03:00:00+00:00,34647.86862637484
2030-11-19 04:00:00+00:00,38433.81108843859
2030-11-19 05:00:00+00:00,53235.1883545284
2030-11-19 06:00:00+00:00,78084.39833913243
2030-11-19 07:00:00+00:00,94344.25847932271
2030-11-19 08:00:00+00:00,89015.07415510752
2030-11-19 09:00:00+00:00,80959.49862147693
2030-11-19 10:00:00+00:00,76551.52043655384
2030-11-19 11:00:00+00:00,75966.02507620983
2030-11-19 12:00:00+00:00,77564.36491006115
2030-11-19 13:00:00+00:00,80606.20272296664
2030-11-19 14:00:00+00:00,83819.48088568497
2030-11-19 15:00:00+00:00,89503.10093386046
2030-11-19 16:00:00+00:00,97430.95072598911
2030-11-19 17:00:00+00:00,95621.71741870078
2030-11-19 18:00:00+00:00,84593.56006648728
2030-11-19 19:00:00+00:00,67983.6577791276
2030-11-19 20:00:00+00:00,56005.22193089422
2030-11-19 21:00:00+00:00,49201.426196600776
2030-11-19 22:00:00+00:00,45094.16120177468
2030-11-19 23:00:00+00:00,39371.763535760765
2030-11-20 00:00:00+00:00,35649.34255510756
2030-11-20 01:00:00+00:00,34010.342817020944
2030-11-20 02:00:00+00:00,33634.452388597805
2030-11-20 03:00:00+00:00,34399.557753315974
2030-11-20 04:00:00+00:00,37946.00518457501
2030-11-20 05:00:00+00:00,52089.98206913837
2030-11-20 06:00:00+00:00,76019.5882037275
2030-11-20 07:00:00+00:00,91802.59522798572
2030-11-20 08:00:00+00:00,86904.14649005978
2030-11-20 09:00:00+00:00,79647.5958841649
2030-11-20 10:00:00+00:00,76259.0844095305
2030-11-20 11:00:00+00:00,76400.59392339355
2030-11-20 12:00:00+00:00,78563.9401818865
2030-11-20 13:00:00+00:00,82248.81933435217
2030-11-20 14:00:00+00:00,85430.83346356558
2030-11-20 15:00:00+00:00,90780.95297399416
2030-11-20 16:00:00+00:00,98033.68636526924
2030-11-20 17:00:00+00:00,96170.8899919859
2030-11-20 18:00:00+00:00,85480.72148501173
2030-11-20 19:00:00+00:00,69722.40858007611
2030-11-20 20:00:00+00:00,57693.812118456364
2030-11-20 21:00:00+00:00,50491.491135220786
2030-11-20 22:00:00+00:00,46203.60396429753
2030-11-20 23:00:00+00:00,40286.23103524486
2030-11-21 00:00:00+00:00,36157.04234794627
2030-11-21 01:00:00+00:00,34283.44723051522
2030-11-21 02:00:00+00:00,33770.62558790947
2030-11-21 03:00:00+00:00,34463.36352574318
2030-11-21 04:00:00+00:00,37886.66304944195
2030-11-21 05:00:00+00:00,51545.9107720619
2030-11-21 06:00:00+00:00,74661.93652660481
2030-11-21 07:00:00+00:00,90405.37417523387
2030-11-21 08:00:00+00:00,86243.65712558749
2030-11-21 09:00:00+00:00,79899.76862527484
2030-11-21 10:00:00+00:00,77414.26863152834
2030-11-21 11:00:00+00:00,77883.34114784235
2030-11-21 12:00:00+00:00,79851.09220526673
2030-11-21 13:00:00+00:00,83182.23517258653
2030-11-21 14:00:00+00:00,86663.54166997662
2030-11-21 15:00:00+00:00,91938.51882783919
2030-11-21 16:00:00+00:00,98499.22893577298
2030-11-21 17:00:00+00:00,96771.11842882013
2030-11-21 18:00:00+00:00,87801.5241326678
2030-11-21 19:00:00+00:00,72509.46158769605
2030-11-21 20:00:00+00:00,60078.10933041284
2030-11-21 21:00:00+00:00,52416.93328393656
2030-11-21 22:00:00+00:00,47684.208320830396
2030-11-21 23:00:00+00:00,41306.35623536135
2030-11-22 00:00:00+00:00,36827.77328254791
2030-11-22 01:00:00+00:00,34777.42902127574
2030-11-22 02:00:00+00:00,34173.19150405074
2030-11-22 03:00:00+00:00,34849.81033649719
2030-11-22 04:00:00+00:00,38207.06073277044
2030-11-22 05:00:00+00:00,51256.51418397016
2030-11-22 06:00:00+00:00,72793.14911003113
2030-11-22 07:00:00+00:00,87621.75579369091
2030-11-22 08:00:00+00:00,82821.40799461787
2030-11-22 09:00:00+00:00,79228.77505066997
2030-11-22 10:00:00+00:00,80773.84143646262
2030-11-22 11:00:00+00:00,84579.06627593613
2030-11-22 12:00:00+00:00,91360.7742423708
2030-11-22 13:00:00+00:00,96675.50904954076
2030-11-22 14:00:00+00:00,99326.7961140322
2030-11-22 15:00:00+00:00,100063.27311167955
2030-11-22 16:00:00+00:00,99605.14721735741
2030-11-22 17:00:00+00:00,96253.57940458725
2030-11-22 18:00:00+00:00,88671.99647205858
2030-11-22 19:00:00+00:00,75784.05457435979
2030-11-22 20:00:00+00:00,63941.48385199939
2030-11-22 21:00:00+00:00,55348.764262879246
2030-11-22 22:00:00+00:00,50794.21222092398
2030-11-22 23:00:00+00:00,45503.98295878231
2030-11-23 00:00:00+00:00,40769.24182007963
2030-11-23 01:00:00+00:00,37546.87039258598
2030-11-23 02:00:00+00:00,35846.0314360326
2030-11-23 03:00:00+00:00,35614.560049333326
2030-11-23 04:00:00+00:00,37038.057339906016
2030-11-23 05:00:00+00:00,41488.07044892876
2030-11-23 06:00:00+00:00,45898.17847997429
2030-11-23 07:00:00+00:00,53161.303859562475
2030-11-23 08:00:00+00:00,63608.89862721717
2030-11-23 09:00:00+00:00,75520.48248559945
2030-11-23 10:00:00+00:00,83113.25029386854
2030-11-23 11:00:00+00:00,84941.35512328347
2030-11-23 12:00:00+00:00,83873.78756198558
2030-11-23 13:00:00+00:00,84252.69926950024
2030-11-23 14:00:00+00:00,83862.36574904232
2030-11-23 15:00:00+00:00,79462.26549733139
2030-11-23 16:00:00+00:00,76790.99923970259
2030-11-23 17:00:00+00:00,75801.75662187666
2030-11-23 18:00:00+00:00,71869.50523607265
2030-11-23 19:00:00+00:00,62402.9159761804
2030-11-23 20:00:00+00:00,54774.953243160075
2030-11-23 21:00:00+00:00,48740.14281764987
2030-11-23 22:00:00+00:00,45950.94359549498
2030-11-23 23:00:00+00:00,43297.1794937773
2030-11-24 00:00:00+00:00,39867.28713991595
2030-11-24 01:00:00+00:00,36675.4559554654
2030-11-24 02:00:00+00:00,34010.15166259773
2030-11-24 03:00:00+00:00,33129.96450496084
2030-11-24 04:00:00+00:00,33229.603900099595
2030-11-24 05:00:00+00:00,34835.207683605906
2030-11-24 06:00:00+00:00,36122.121222923
2030-11-24 07:00:00+00:00,38989.21247957647
2030-11-24 08:00:00+00:00,45711.7757917557
2030-11-24 09:00:00+00:00,56645.183843657345
2030-11-24 10:00:00+00:00,68024.5805611679
2030-11-24 11:00:00+00:00,75622.94308936296
2030-11-24 12:00:00+00:00,77680.02262508431
2030-11-24 13:00:00+00:00,80214.93284976704
2030-11-24 14:00:00+00:00,83016.16660601537
2030-11-24 15:00:00+00:00,81458.97497197277
2030-11-24 16:00:00+00:00,81989.77738550233
2030-11-24 17:00:00+00:00,83916.37426094034
2030-11-24 18:00:00+00:00,79577.66717108504
2030-11-24 19:00:00+00:00,71003.86960265016
2030-11-24 20:00:00+00:00,61851.46194498927
2030-11-24 21:00:00+00:00,53101.00618622083
2030-11-24 22:00:00+00:00,46113.70589127279
2030-11-24 23:00:00+00:00,40268.02998713784
2030-11-25 00:00:00+00:00,36292.30231605229
2030-11-25 01:00:00+00:00,34478.45420146411
2030-11-25 02:00:00+00:00,34129.45161876557
2030-11-25 03:00:00+00:00,35689.81745541994
2030-11-25 04:00:00+00:00,40977.887769513814
2030-11-25 05:00:00+00:00,57410.04481012039
2030-11-25 06:00:00+00:00,81054.90387040812
2030-11-25 07:00:00+00:00,94589.2267182644
2030-11-25 08:00:00+00:00,88477.86110964415
2030-11-25 09:00:00+00:00,81360.23977629648
2030-11-25 10:00:00+00:00,78446.15538858785
2030-11-25 11:00:00+00:00,78034.97463654594
2030-11-25 12:00:00+00:00,78363.7660606479
2030-11-25 13:00:00+00:00,80143.60543028123
2030-11-25 14:00:00+00:00,82410.6667479339
2030-11-25 15:00:00+00:00,87101.74572834879
2030-11-25 16:00:00+00:00,94198.61855237167
2030-11-25 17:00:00+00:00,92319.93267933559
2030-11-25 18:00:00+00:00,80947.1976551805
2030-11-25 19:00:00+00:00,65545.97634057069
2030-11-25 20:00:00+00:00,54784.55682706242
2030-11-25 21:00:00+00:00,48306.647265771295
2030-11-25 22:00:00+00:00,44161.77275123411
2030-11-25 23:00:00+00:00,38636.051304235705
2030-11-26 00:00:00+00:00,35313.21624572035
2030-11-26 01:00:00+00:00,33952.038702849466
2030-11-26 02:00:00+00:00,33700.53360835548
2030-11-26 03:00:00+00:00,34584.104612713185
2030-11-26 04:00:00+00:00,38309.582023407915
2030-11-26 05:00:00+00:00,52838.78388377137
2030-11-26 06:00:00+00:00,77168.57707269379
2030-11-26 07:00:00+00:00,92959.7912621089
2030-11-26 08:00:00+00:00,87588.51418652484
2030-11-26 09:00:00+00:00,79696.4042291343
2030-11-26 10:00:00+00:00,75379.51403163662
2030-11-26 11:00:00+00:00,74743.29535482975
2030-11-26 12:00:00+00:00,76236.07368388516
2030-11-26 13:00:00+00:00,79121.64877608174
2030-11-26 14:00:00+00:00,82102.9386593696
2030-11-26 15:00:00+00:00,87504.50575768379
2030-11-26 16:00:00+00:00,94871.95463049482
2030-11-26 17:00:00+00:00,92862.22499814289
2030-11-26 18:00:00+00:00,82138.98236505044
2030-11-26 19:00:00+00:00,66202.66397062436
2030-11-26 20:00:00+00:00,54736.319628718506
2030-11-26 21:00:00+00:00,48266.628250141344
2030-11-26 22:00:00+00:00,44361.65106220448
2030-11-26 23:00:00+00:00,38890.688299582456
2030-11-27 00:00:00+00:00,35338.73379548072
2030-11-27 01:00:00+00:00,33783.80735300118
2030-11-27 02:00:00+00:00,33426.87097438602
2030-11-27 03:00:00+00:00,34179.96174825026
2030-11-27 04:00:00+00:00,37597.61902444245
2030-11-27 05:00:00+00:00,51272.13053120571
2030-11-27 06:00:00+00:00,74467.95675841518
2030-11-27 07:00:00+00:00,89825.7513804415
2030-11-27 08:00:00+00:00,85023.18102754973
2030-11-27 09:00:00+00:00,78027.10910234213
2030-11-27 10:00:00+00:00,74657.60961006758
2030-11-27 11:00:00+00:00,74718.73847509774
2030-11-27 12:00:00+00:00,76769.7344956106
2030-11-27 13:00:00+00:00,80141.05939930011
2030-11-27 14:00:00+00:00,83221.43140387358
2030-11-27 15:00:00+00:00,88336.04220534702
2030-11-27 16:00:00+00:00,95335.75774698427
2030-11-27 17:00:00+00:00,93570.26386013321
2030-11-27 18:00:00+00:00,83328.69430492521
2030-11-27 19:00:00+00:00,68171.0152440089
2030-11-27 20:00:00+00:00,56620.889893408734
2030-11-27 21:00:00+00:00,49733.528231826414
2030-11-27 22:00:00+00:00,45596.552695719554
2030-11-27 23:00:00+00:00,39891.511985248755
2030-11-28 00:00:00+00:00,35913.64111949685
2030-11-28 01:00:00+00:00,34112.23363909786
2030-11-28 02:00:00+00:00,33624.52532247893
2030-11-28 03:00:00+00:00,34317.96414478179
2030-11-28 04:00:00+00:00,37684.099993521406
2030-11-28 05:00:00+00:00,51078.20836869427
2030-11-28 06:00:00+00:00,73765.15605574053
2030-11-28 07:00:00+00:00,89193.52131611646
2030-11-28 08:00:00+00:00,85154.15090835252
2030-11-28 09:00:00+00:00,79024.00156050391
2030-11-28 10:00:00+00:00,76537.05663012344
2030-11-28 11:00:00+00:00,76920.86982654629
2030-11-28 12:00:00+00:00,78789.18548718761
2030-11-28 13:00:00+00:00,82044.59951730211
2030-11-28 14:00:00+00:00,85475.40006329153
2030-11-28 15:00:00+00:00,90522.11028104473
2030-11-28 16:00:00+00:00,96808.91149707012
2030-11-28 17:00:00+00:00,95012.69161227923
2030-11-28 18:00:00+00:00,86109.29179614954
2030-11-28 19:00:00+00:00,71171.48479722886
2030-11-28 20:00:00+00:00,59049.92727527294
2030-11-28 21:00:00+00:00,51576.73942819244
2030-11-28 22:00:00+00:00,46951.04054715873
2030-11-28 23:00:00+00:00,40784.44418142592
2030-11-29 00:00:00+00:00,36476.93323387963
2030-11-29 01:00:00+00:00,34485.63052091382
2030-11-29 02:00:00+00:00,33899.81027560994
2030-11-29 03:00:00+00:00,34531.67924344447
2030-11-29 04:00:00+00:00,37715.534667318396
2030-11-29 05:00:00+00:00,50105.75393812877
2030-11-29 06:00:00+00:00,70585.29931175141
2030-11-29 07:00:00+00:00,84725.94908291183
2030-11-29 08:00:00+00:00,80232.76771795301
2030-11-29 09:00:00+00:00,77022.15229473794
2030-11-29 10:00:00+00:00,78943.2371345439
2030-11-29 11:00:00+00:00,83043.75683095501
2030-11-29 12:00:00+00:00,90007.0359789623
2030-11-29 13:00:00+00:00,95538.75768014597
2030-11-29 14:00:00+00:00,98327.84548003644
2030-11-29 15:00:00+00:00,99068.27091703637
2030-11-29 16:00:00+00:00,98280.0406446356
2030-11-29 17:00:00+00:00,94615.95698357075
2030-11-29 18:00:00+00:00,87079.22187572853
2030-11-29 19:00:00+00:00,74466.93135812005
2030-11-29 20:00:00+00:00,62923.94494182614
2030-11-29 21:00:00+00:00,54571.84793366982
2030-11-29 22:00:00+00:00,50111.09050661849
2030-11-29 23:00:00+00:00,44970.533988183866
2030-11-30 00:00:00+00:00,40395.88051708784
2030-11-30 01:00:00+00:00,37293.40860987277
2030-11-30 02:00:00+00:00,35649.58475433772
2030-11-30 03:00:00+00:00,35423.96302404726
2030-11-30 04:00:00+00:00,36812.9775922844
2030-11-30 05:00:00+00:00,41152.882970917264
2030-11-30 06:00:00+00:00,45490.93688460742
2030-11-30 07:00:00+00:00,52613.70549009568
2030-11-30 08:00:00+00:00,62919.714182223084
2030-11-30 09:00:00+00:00,74722.45680029674
2030-11-30 10:00:00+00:00,82180.90929949691
2030-11-30 11:00:00+00:00,84126.27006708906
2030-11-30 12:00:00+00:00,83230.13434346036
2030-11-30 13:00:00+00:00,83691.44081034802
2030-11-30 14:00:00+00:00,83240.25761381142
2030-11-30 15:00:00+00:00,78849.58463710471
2030-11-30 16:00:00+00:00,76143.6523158877
2030-11-30 17:00:00+00:00,75081.48184164913
2030-11-30 18:00:00+00:00,71241.45108361091
2030-11-30 19:00:00+00:00,61894.64084947407
2030-11-30 20:00:00+00:00,54384.48272782187
2030-11-30 21:00:00+00:00,48454.784232476406
2030-11-30 22:00:00+00:00,45716.482173239274
2030-11-30 23:00:00+00:00,43094.370534778405
2030-12-01 00:00:00+00:00,39694.15785480428
2030-12-01 01:00:00+00:00,36554.85629836643
2030-12-01 02:00:00+00:00,33928.26905642169
2030-12-01 03:00:00+00:00,33053.791403192525
2030-12-01 04:00:00+00:00,33151.320677537115
2030-12-01 05:00:00+00:00,34726.49401508943
2030-12-01 06:00:00+00:00,35990.84894031506
2030-12-01 07:00:00+00:00,38807.39217057825
2030-12-01 08:00:00+00:00,45406.11587153756
2030-12-01 09:00:00+00:00,56145.14302002872
2030-12-01 10:00:00+00:00,67253.83861051437
2030-12-01 11:00:00+00:00,74690.83679667718
2030-12-01 12:00:00+00:00,76659.59556256684
2030-12-01 13:00:00+00:00,79148.83553497992
2030-12-01 14:00:00+00:00,81922.9813534668
2030-12-01 15:00:00+00:00,80470.3938930342
2030-12-01 16:00:00+00:00,81150.18979295311
2030-12-01 17:00:00+00:00,83139.9449654382
2030-12-01 18:00:00+00:00,78789.44419161751
2030-12-01 19:00:00+00:00,70287.27467471875
2030-12-01 20:00:00+00:00,61209.369355061724
2030-12-01 21:00:00+00:00,52578.62388148275
2030-12-01 22:00:00+00:00,45735.43753751032
2030-12-01 23:00:00+00:00,39988.29509326635
2030-12-02 00:00:00+00:00,36087.946879521514
2030-12-02 01:00:00+00:00,34306.35273567923
2030-12-02 02:00:00+00:00,33962.57084813777
2030-12-02 03:00:00+00:00,35458.39853005893
2030-12-02 04:00:00+00:00,40552.71076390834
2030-12-02 05:00:00+00:00,56398.64591995679
2030-12-02 06:00:00+00:00,79161.76786950855
2030-12-02 07:00:00+00:00,92167.38702445565
2030-12-02 08:00:00+00:00,86265.25899973646
2030-12-02 09:00:00+00:00,79529.10137013093
2030-12-02 10:00:00+00:00,76906.9465358265
2030-12-02 11:00:00+00:00,76680.87670689363
2030-12-02 12:00:00+00:00,77210.49741672652
2030-12-02 13:00:00+00:00,79070.01713077958
2030-12-02 14:00:00+00:00,81416.51979355386
2030-12-02 15:00:00+00:00,86011.1020443366
2030-12-02 16:00:00+00:00,92799.03020405959
2030-12-02 17:00:00+00:00,90795.99572974449
2030-12-02 18:00:00+00:00,79723.80114655606
2030-12-02 19:00:00+00:00,64642.154464304615
2030-12-02 20:00:00+00:00,54124.30059329894
2030-12-02 21:00:00+00:00,47764.58249586069
2030-12-02 22:00:00+00:00,43694.11584380384
2030-12-02 23:00:00+00:00,38320.54103802468
2030-12-03 00:00:00+00:00,35098.966179669376
2030-12-03 01:00:00+00:00,33776.3309774137
2030-12-03 02:00:00+00:00,33529.260884237025
2030-12-03 03:00:00+00:00,34395.3133525268
2030-12-03 04:00:00+00:00,38007.07364583481
2030-12-03 05:00:00+00:00,52133.38467616714
2030-12-03 06:00:00+00:00,75821.99449023821
2030-12-03 07:00:00+00:00,91268.10145334931
2030-12-03 08:00:00+00:00,86169.9382065088
2030-12-03 09:00:00+00:00,78673.46157820588
2030-12-03 10:00:00+00:00,74773.05590805982
2030-12-03 11:00:00+00:00,74401.25940352601
2030-12-03 12:00:00+00:00,76065.65161173246
2030-12-03 13:00:00+00:00,79145.57251448536
2030-12-03 14:00:00+00:00,82309.0833551216
2030-12-03 15:00:00+00:00,87877.26757139979
2030-12-03 16:00:00+00:00,95302.96768537188
2030-12-03 17:00:00+00:00,93371.70546587108
2030-12-03 18:00:00+00:00,82686.89313275904
2030-12-03 19:00:00+00:00,66671.45157677835
2030-12-03 20:00:00+00:00,55147.35531050449
2030-12-03 21:00:00+00:00,48616.67677458689
2030-12-03 22:00:00+00:00,44661.179888882034
2030-12-03 23:00:00+00:00,39104.03955726048
2030-12-04 00:00:00+00:00,35488.738417662404
2030-12-04 01:00:00+00:00,33908.83840875826
2030-12-04 02:00:00+00:00,33544.175478708974
2030-12-04 03:00:00+00:00,34324.547400048614
2030-12-04 04:00:00+00:00,37834.51175957282
2030-12-04 05:00:00+00:00,51890.423194352894
2030-12-04 06:00:00+00:00,75753.29466136129
2030-12-04 07:00:00+00:00,91641.5082225308
2030-12-04 08:00:00+00:00,86798.43668201828
2030-12-04 09:00:00+00:00,79649.82607720631
2030-12-04 10:00:00+00:00,76246.72195283872
2030-12-04 11:00:00+00:00,76237.08000907225
2030-12-04 12:00:00+00:00,78303.51765833296
2030-12-04 13:00:00+00:00,81811.77690644051
2030-12-04 14:00:00+00:00,85030.08995459959
2030-12-04 15:00:00+00:00,90375.4305972956
2030-12-04 16:00:00+00:00,97786.98744852637
2030-12-04 17:00:00+00:00,96056.67837497879
2030-12-04 18:00:00+00:00,85417.04164582476
2030-12-04 19:00:00+00:00,69715.7276089746
2030-12-04 20:00:00+00:00,57683.32829682624
2030-12-04 21:00:00+00:00,50505.27074405614
2030-12-04 22:00:00+00:00,46224.41375134784
2030-12-04 23:00:00+00:00,40303.36272629928
2030-12-05 00:00:00+00:00,36156.124083138944
2030-12-05 01:00:00+00:00,34273.750504200914
2030-12-05 02:00:00+00:00,33756.53169518294
2030-12-05 03:00:00+00:00,34437.614807553626
2030-12-05 04:00:00+00:00,37817.17312574352
2030-12-05 05:00:00+00:00,51331.98096316694
2030-12-05 06:00:00+00:00,74115.7553992409
2030-12-05 07:00:00+00:00,89645.67328903111
2030-12-05 08:00:00+00:00,85363.58267259288
2030-12-05 09:00:00+00:00,79185.07041194601
2030-12-05 10:00:00+00:00,76801.94200053929
2030-12-05 11:00:00+00:00,77397.91091417524
2030-12-05 12:00:00+00:00,79482.14830444798
2030-12-05 13:00:00+00:00,82949.84193964291
2030-12-05 14:00:00+00:00,86596.07604146654
2030-12-05 15:00:00+00:00,91934.02802013188
2030-12-05 16:00:00+00:00,98509.59841705824
2030-12-05 17:00:00+00:00,96717.00533015153
2030-12-05 18:00:00+00:00,87802.251569848
2030-12-05 19:00:00+00:00,72493.38887898694
2030-12-05 20:00:00+00:00,60068.885360072694
2030-12-05 21:00:00+00:00,52384.67196926216
2030-12-05 22:00:00+00:00,47617.413058090104
2030-12-05 23:00:00+00:00,41237.47322926958
2030-12-06 00:00:00+00:00,36791.027825872094
2030-12-06 01:00:00+00:00,34738.46391011151
2030-12-06 02:00:00+00:00,34139.36685566548
2030-12-06 03:00:00+00:00,34812.17066712108
2030-12-06 04:00:00+00:00,38139.48290793872
2030-12-06 05:00:00+00:00,51115.129122409206
2030-12-06 06:00:00+00:00,72546.8953368493
2030-12-06 07:00:00+00:00,87362.17755811423
2030-12-06 08:00:00+00:00,82616.67800789529
2030-12-06 09:00:00+00:00,79158.78234197208
2030-12-06 10:00:00+00:00,80919.03985810345
2030-12-06 11:00:00+00:00,84968.07159188345
2030-12-06 12:00:00+00:00,91981.60690101077
2030-12-06 13:00:00+00:00,97561.58602473782
2030-12-06 14:00:00+00:00,100280.51860069184
2030-12-06 15:00:00+00:00,101004.9167767767
2030-12-06 16:00:00+00:00,100169.4193038238
2030-12-06 17:00:00+00:00,96399.70774016576
2030-12-06 18:00:00+00:00,88692.39847100133
2030-12-06 19:00:00+00:00,75745.91049076263
2030-12-06 20:00:00+00:00,63832.389446010384
2030-12-06 21:00:00+00:00,55233.98144290934
2030-12-06 22:00:00+00:00,50627.524212819444
2030-12-06 23:00:00+00:00,45337.82978005388
2030-12-07 00:00:00+00:00,40638.93518861558
2030-12-07 01:00:00+00:00,37435.623792428225
2030-12-07 02:00:00+00:00,35740.46372836194
2030-12-07 03:00:00+00:00,35491.87158879246
2030-12-07 04:00:00+00:00,36878.12443987258
2030-12-07 05:00:00+00:00,41220.15518439171
2030-12-07 06:00:00+00:00,45521.523332211706
2030-12-07 07:00:00+00:00,52583.33869630565
2030-12-07 08:00:00+00:00,62743.03917462355
2030-12-07 09:00:00+00:00,74505.26721969336
2030-12-07 10:00:00+00:00,82132.80377869662
2030-12-07 11:00:00+00:00,84194.0928083197
2030-12-07 12:00:00+00:00,83254.1879126048
2030-12-07 13:00:00+00:00,83718.83722255088
2030-12-07 14:00:00+00:00,83318.09027336379
2030-12-07 15:00:00+00:00,78872.13837673474
2030-12-07 16:00:00+00:00,75996.64384521848
2030-12-07 17:00:00+00:00,74838.09892176109
2030-12-07 18:00:00+00:00,70930.29102242333
2030-12-07 19:00:00+00:00,61590.813326201525
2030-12-07 20:00:00+00:00,54084.875398213975
2030-12-07 21:00:00+00:00,48136.27204741414
2030-12-07 22:00:00+00:00,45395.41543494469
2030-12-07 23:00:00+00:00,42809.27293174319
2030-12-08 00:00:00+00:00,39479.292804393684
2030-12-08 01:00:00+00:00,36405.006331768855
2030-12-08 02:00:00+00:00,33826.74775161874
2030-12-08 03:00:00+00:00,32974.42618343444
2030-12-08 04:00:00+00:00,33073.31783445262
2030-12-08 05:00:00+00:00,34622.99426906897
2030-12-08 06:00:00+00:00,35861.49728495202
2030-12-08 07:00:00+00:00,38616.29484141943
2030-12-08 08:00:00+00:00,45065.586409471354
2030-12-08 09:00:00+00:00,55546.593665589746
2030-12-08 10:00:00+00:00,66511.1003538686
2030-12-08 11:00:00+00:00,73894.18047359608
2030-12-08 12:00:00+00:00,75954.45881264783
2030-12-08 13:00:00+00:00,78456.44367794272
2030-12-08 14:00:00+00:00,81147.26465123524
2030-12-08 15:00:00+00:00,79517.58526547294
2030-12-08 16:00:00+00:00,79823.40703714456
2030-12-08 17:00:00+00:00,81517.99449277486
2030-12-08 18:00:00+00:00,77181.89797500128
2030-12-08 19:00:00+00:00,68901.72137438974
2030-12-08 20:00:00+00:00,60078.51463977114
2030-12-08 21:00:00+00:00,51719.87459178335
2030-12-08 22:00:00+00:00,45102.313721264974
2030-12-08 23:00:00+00:00,39579.086821481586
2030-12-09 00:00:00+00:00,35822.75155363385
2030-12-09 01:00:00+00:00,34108.75746113718
2030-12-09 02:00:00+00:00,33780.76368583446
2030-12-09 03:00:00+00:00,35239.229930177855
2030-12-09 04:00:00+00:00,40190.954332996305
2030-12-09 05:00:00+00:00,55615.42957754377
2030-12-09 06:00:00+00:00,77778.30361764648
2030-12-09 07:00:00+00:00,90478.27591849018
2030-12-09 08:00:00+00:00,84840.29545301195
2030-12-09 09:00:00+00:00,78330.36322804539
2030-12-09 10:00:00+00:00,75833.74361179674
2030-12-09 11:00:00+00:00,75606.30740222284
2030-12-09 12:00:00+00:00,76065.68434285508
2030-12-09 13:00:00+00:00,77880.89250776479
2030-12-09 14:00:00+00:00,80188.41404376963
2030-12-09 15:00:00+00:00,84769.83224896669
2030-12-09 16:00:00+00:00,91597.27108177257
2030-12-09 17:00:00+00:00,89865.36631679593
2030-12-09 18:00:00+00:00,79113.56650004684
2030-12-09 19:00:00+00:00,64270.58446499275
2030-12-09 20:00:00+00:00,53918.4330384166
2030-12-09 21:00:00+00:00,47656.99649894542
2030-12-09 22:00:00+00:00,43642.676724453944
2030-12-09 23:00:00+00:00,38308.38068864578
2030-12-10 00:00:00+00:00,35098.368340504174
2030-12-10 01:00:00+00:00,33782.731401632765
2030-12-10 02:00:00+00:00,33542.943048111076
2030-12-10 03:00:00+00:00,34414.28334161578
2030-12-10 04:00:00+00:00,38033.79697909159
2030-12-10 05:00:00+00:00,52178.26663508267
2030-12-10 06:00:00+00:00,75855.76815560092
2030-12-10 07:00:00+00:00,91141.24044097879
2030-12-10 08:00:00+00:00,85899.74047934855
2030-12-10 09:00:00+00:00,78310.7347100067
2030-12-10 10:00:00+00:00,74161.97459936386
2030-12-10 11:00:00+00:00,73640.1313904281
2030-12-10 12:00:00+00:00,75140.23726129901
2030-12-10 13:00:00+00:00,77983.13012437716
2030-12-10 14:00:00+00:00,81029.57585850779
2030-12-10 15:00:00+00:00,86471.39341620237
2030-12-10 16:00:00+00:00,93821.46655999875
2030-12-10 17:00:00+00:00,92002.86143545609
2030-12-10 18:00:00+00:00,81563.39673324127
2030-12-10 19:00:00+00:00,65901.3854607236
2030-12-10 20:00:00+00:00,54574.825947535806
2030-12-10 21:00:00+00:00,48198.890535176564
2030-12-10 22:00:00+00:00,44337.72493767464
2030-12-10 23:00:00+00:00,38888.95022439179
2030-12-11 00:00:00+00:00,35350.88527365971
2030-12-11 01:00:00+00:00,33801.3444753815
2030-12-11 02:00:00+00:00,33455.39286355967
2030-12-11 03:00:00+00:00,34223.89710267947
2030-12-11 04:00:00+00:00,37688.45892836472
2030-12-11 05:00:00+00:00,51571.18769067487
2030-12-11 06:00:00+00:00,75164.00773587378
2030-12-11 07:00:00+00:00,90834.41194937764
2030-12-11 08:00:00+00:00,86070.7913660191
2030-12-11 09:00:00+00:00,79024.50295256799
2030-12-11 10:00:00+00:00,75662.83066093775
2030-12-11 11:00:00+00:00,75658.31999090404
2030-12-11 12:00:00+00:00,77678.75125355776
2030-12-11 13:00:00+00:00,81163.61102543683
2030-12-11 14:00:00+00:00,84314.49459510148
2030-12-11 15:00:00+00:00,89659.55096809875
2030-12-11 16:00:00+00:00,96923.61887886579
2030-12-11 17:00:00+00:00,95208.8858686543
2030-12-11 18:00:00+00:00,84709.07154702136
2030-12-11 19:00:00+00:00,69129.23039386643
2030-12-11 20:00:00+00:00,57261.471363754514
2030-12-11 21:00:00+00:00,50165.905316487515
2030-12-11 22:00:00+00:00,45944.85194792382
2030-12-11 23:00:00+00:00,40119.063078407555
2030-12-12 00:00:00+00:00,36039.356992073976
2030-12-12 01:00:00+00:00,34190.56959767562
2030-12-12 02:00:00+00:00,33681.246668483895
2030-12-12 03:00:00+00:00,34355.77575762236
2030-12-12 04:00:00+00:00,37691.18810722808
2030-12-12 05:00:00+00:00,51011.586037032284
2030-12-12 06:00:00+00:00,73453.4011706863
2030-12-12 07:00:00+00:00,88565.68629958214
2030-12-12 08:00:00+00:00,84332.1007481814
2030-12-12 09:00:00+00:00,78213.10712757277
2030-12-12 10:00:00+00:00,75801.40404225362
2030-12-12 11:00:00+00:00,76189.30590697573
2030-12-12 12:00:00+00:00,78017.22941162597
2030-12-12 13:00:00+00:00,81136.57258831878
2030-12-12 14:00:00+00:00,84446.67350280414
2030-12-12 15:00:00+00:00,89277.87259152524
2030-12-12 16:00:00+00:00,95266.21428466291
2030-12-12 17:00:00+00:00,93333.34345203296
2030-12-12 18:00:00+00:00,84616.17498507506
2030-12-12 19:00:00+00:00,70016.97205012951
2030-12-12 20:00:00+00:00,58228.660549083834
2030-12-12 21:00:00+00:00,50955.00150254351
2030-12-12 22:00:00+00:00,46467.87967215705
2030-12-12 23:00:00+00:00,40459.7436296468
2030-12-13 00:00:00+00:00,36269.87725460563
2030-12-13 01:00:00+00:00,34337.71924716021
2030-12-13 02:00:00+00:00,33772.735285849936
2030-12-13 03:00:00+00:00,34387.90008934678
2030-12-13 04:00:00+00:00,37475.032833886034
2030-12-13 05:00:00+00:00,49513.28703326267
2030-12-13 06:00:00+00:00,69354.42827531892
2030-12-13 07:00:00+00:00,83063.58304391967
2030-12-13 08:00:00+00:00,78602.57027459325
2030-12-13 09:00:00+00:00,75441.29428541934
2030-12-13 10:00:00+00:00,77304.88170943235
2030-12-13 11:00:00+00:00,81330.64537831655
2030-12-13 12:00:00+00:00,88107.1073911493
2030-12-13 13:00:00+00:00,93486.4827080096
2030-12-13 14:00:00+00:00,96368.9734488043
2030-12-13 15:00:00+00:00,97317.36715718417
2030-12-13 16:00:00+00:00,96722.26749602023
2030-12-13 17:00:00+00:00,93324.81330422132
2030-12-13 18:00:00+00:00,86074.01154801618
2030-12-13 19:00:00+00:00,73795.96865895155
2030-12-13 20:00:00+00:00,62488.98941097354
2030-12-13 21:00:00+00:00,54305.78215654224
2030-12-13 22:00:00+00:00,49932.75761292886
2030-12-13 23:00:00+00:00,44891.3714371557
2030-12-14 00:00:00+00:00,40364.648373780474
2030-12-14 01:00:00+00:00,37279.35854098933
2030-12-14 02:00:00+00:00,35641.384366652645
2030-12-14 03:00:00+00:00,35429.84121778493
2030-12-14 04:00:00+00:00,36831.4937704536
2030-12-14 05:00:00+00:00,41180.483177202346
2030-12-14 06:00:00+00:00,45481.94088325837
2030-12-14 07:00:00+00:00,52549.958799889915
2030-12-14 08:00:00+00:00,62621.28815503189
2030-12-14 09:00:00+00:00,74070.76462043003
2030-12-14 10:00:00+00:00,81417.57094801919
2030-12-14 11:00:00+00:00,83133.01264586941
2030-12-14 12:00:00+00:00,82117.40468200172
2030-12-14 13:00:00+00:00,82472.9297558741
2030-12-14 14:00:00+00:00,82016.98943377631
2030-12-14 15:00:00+00:00,77619.29278170962
2030-12-14 16:00:00+00:00,74728.57913488631
2030-12-14 17:00:00+00:00,73584.16267495276
2030-12-14 18:00:00+00:00,69877.63681875398
2030-12-14 19:00:00+00:00,60829.33629441399
2030-12-14 20:00:00+00:00,53553.32748314598
2030-12-14 21:00:00+00:00,47795.86019695625
2030-12-14 22:00:00+00:00,45145.323753917604
2030-12-14 23:00:00+00:00,42619.51103727684
2030-12-15 00:00:00+00:00,39352.266282876306
2030-12-15 01:00:00+00:00,36344.44766191936
2030-12-15 02:00:00+00:00,33801.251997241954
2030-12-15 03:00:00+00:00,32963.41754057356
2030-12-15 04:00:00+00:00,33082.09693074433
2030-12-15 05:00:00+00:00,34676.9171027145
2030-12-15 06:00:00+00:00,35966.195657329816
2030-12-15 07:00:00+00:00,38800.46199660759
2030-12-15 08:00:00+00:00,45379.96947799419
2030-12-15 09:00:00+00:00,56082.32090932206
2030-12-15 10:00:00+00:00,67123.52930014586
2030-12-15 11:00:00+00:00,74416.41545869793
2030-12-15 12:00:00+00:00,76312.95411849822
2030-12-15 13:00:00+00:00,78702.53159359549
2030-12-15 14:00:00+00:00,81294.01172980499
2030-12-15 15:00:00+00:00,79573.52660032194
2030-12-15 16:00:00+00:00,79771.41238823958
2030-12-15 17:00:00+00:00,81414.96037947714
2030-12-15 18:00:00+00:00,77049.53555897834
2030-12-15 19:00:00+00:00,68813.41688148033
2030-12-15 20:00:00+00:00,60012.26814889119
2030-12-15 21:00:00+00:00,51674.438155438846
2030-12-15 22:00:00+00:00,45036.32472414766
2030-12-15 23:00:00+00:00,39520.73954732441
2030-12-16 00:00:00+00:00,35773.62226550151
2030-12-16 01:00:00+00:00,34067.60121102067
2030-12-16 02:00:00+00:00,33747.27163642459
2030-12-16 03:00:00+00:00,35201.14426856773
2030-12-16 04:00:00+00:00,40128.863187121235
2030-12-16 05:00:00+00:00,55456.122212693495
2030-12-16 06:00:00+00:00,77582.93972270418
2030-12-16 07:00:00+00:00,90299.37454085411
2030-12-16 08:00:00+00:00,84794.91324547234
2030-12-16 09:00:00+00:00,78523.73616837525
2030-12-16 10:00:00+00:00,76247.4618942778
2030-12-16 11:00:00+00:00,76324.85912520954
2030-12-16 12:00:00+00:00,77067.79229427152
2030-12-16 13:00:00+00:00,79070.96466391612
2030-12-16 14:00:00+00:00,81468.20086220068
2030-12-16 15:00:00+00:00,86137.49091202379
2030-12-16 16:00:00+00:00,92938.8862449689
2030-12-16 17:00:00+00:00,90930.9947896604
2030-12-16 18:00:00+00:00,79885.65950379173
2030-12-16 19:00:00+00:00,64762.072784457494
2030-12-16 20:00:00+00:00,54227.004162887235
2030-12-16 21:00:00+00:00,47843.36513669854
2030-12-16 22:00:00+00:00,43781.44385476938
2030-12-16 23:00:00+00:00,38401.28226182618
2030-12-17 00:00:00+00:00,35171.44158798692
2030-12-17 01:00:00+00:00,33847.7172110384
2030-12-17 02:00:00+00:00,33612.21907916757
2030-12-17 03:00:00+00:00,34509.83210513765
2030-12-17 04:00:00+00:00,38219.00231056949
2030-12-17 05:00:00+00:00,52722.54093208422
2030-12-17 06:00:00+00:00,77078.39785147147
2030-12-17 07:00:00+00:00,92988.80721515877
2030-12-17 08:00:00+00:00,87718.09061847175
2030-12-17 09:00:00+00:00,80048.95474215432
2030-12-17 10:00:00+00:00,75737.11960201412
2030-12-17 11:00:00+00:00,75068.06920044411
2030-12-17 12:00:00+00:00,76590.88117666995
2030-12-17 13:00:00+00:00,79565.06487420975
2030-12-17 14:00:00+00:00,82728.19610784657
2030-12-17 15:00:00+00:00,88428.15159086222
2030-12-17 16:00:00+00:00,96144.09994913272
2030-12-17 17:00:00+00:00,94185.17984096536
2030-12-17 18:00:00+00:00,83300.25282327896
2030-12-17 19:00:00+00:00,67028.30958064926
2030-12-17 20:00:00+00:00,55299.259829826195
2030-12-17 21:00:00+00:00,48686.36559921864
2030-12-17 22:00:00+00:00,44676.5836086008
2030-12-17 23:00:00+00:00,39095.27026993084
2030-12-18 00:00:00+00:00,35479.80263153075
2030-12-18 01:00:00+00:00,33893.77199115207
2030-12-18 02:00:00+00:00,33529.29168625364
2030-12-18 03:00:00+00:00,34296.832265857054
2030-12-18 04:00:00+00:00,37776.91832396608
2030-12-18 05:00:00+00:00,51681.757188904005
2030-12-18 06:00:00+00:00,75211.08463853707
2030-12-18 07:00:00+00:00,90673.62936813575
2030-12-18 08:00:00+00:00,85693.1796068808
2030-12-18 09:00:00+00:00,78526.48997059978
2030-12-18 10:00:00+00:00,75099.69885710049
2030-12-18 11:00:00+00:00,75109.42504381725
2030-12-18 12:00:00+00:00,77145.48027061476
2030-12-18 13:00:00+00:00,80536.3692876113
2030-12-18 14:00:00+00:00,83585.44359162875
2030-12-18 15:00:00+00:00,88545.31378844715
2030-12-18 16:00:00+00:00,95280.79860299043
2030-12-18 17:00:00+00:00,93286.32259748876
2030-12-18 18:00:00+00:00,82956.24453854417
2030-12-18 19:00:00+00:00,67828.04606154458
2030-12-18 20:00:00+00:00,56414.346053576046
2030-12-18 21:00:00+00:00,49618.671486779254
2030-12-18 22:00:00+00:00,45587.206628989195
2030-12-18 23:00:00+00:00,39918.2378391409
2030-12-19 00:00:00+00:00,35950.415887712756
2030-12-19 01:00:00+00:00,34150.49674251585
2030-12-19 02:00:00+00:00,33674.28775391544
2030-12-19 03:00:00+00:00,34390.70361619935
2030-12-19 04:00:00+00:00,37819.80456420568
2030-12-19 05:00:00+00:00,51481.494767163145
2030-12-19 06:00:00+00:00,74731.54139750621
2030-12-19 07:00:00+00:00,90568.88735336276
2030-12-19 08:00:00+00:00,86555.41062829272
2030-12-19 09:00:00+00:00,80341.82148815626
2030-12-19 10:00:00+00:00,77772.80943898708
2030-12-19 11:00:00+00:00,78166.45092235836
2030-12-19 12:00:00+00:00,80111.26626702845
2030-12-19 13:00:00+00:00,83533.96020790684
2030-12-19 14:00:00+00:00,87162.1332511427
2030-12-19 15:00:00+00:00,92511.05532833144
2030-12-19 16:00:00+00:00,98976.96199657062
2030-12-19 17:00:00+00:00,96934.92556980452
2030-12-19 18:00:00+00:00,87830.06737774194
2030-12-19 19:00:00+00:00,72492.02300559833
2030-12-19 20:00:00+00:00,60067.51642063387
2030-12-19 21:00:00+00:00,52378.97646968175
2030-12-19 22:00:00+00:00,47609.16339971066
2030-12-19 23:00:00+00:00,41229.002398586264
2030-12-20 00:00:00+00:00,36773.85629576276
2030-12-20 01:00:00+00:00,34715.220897112406
2030-12-20 02:00:00+00:00,34111.11210044954
2030-12-20 03:00:00+00:00,34767.76588686173
2030-12-20 04:00:00+00:00,38066.60623707962
2030-12-20 05:00:00+00:00,50896.88507028487
2030-12-20 06:00:00+00:00,72023.34666698518
2030-12-20 07:00:00+00:00,86537.09316837613
2030-12-20 08:00:00+00:00,81733.39065634533
2030-12-20 09:00:00+00:00,78238.9864437184
2030-12-20 10:00:00+00:00,79928.85341973914
2030-12-20 11:00:00+00:00,83787.06737453707
2030-12-20 12:00:00+00:00,90541.3087280469
2030-12-20 13:00:00+00:00,95830.04965001739
2030-12-20 14:00:00+00:00,98414.83980171752
2030-12-20 15:00:00+00:00,98915.10064778125
2030-12-20 16:00:00+00:00,97811.95191889626
2030-12-20 17:00:00+00:00,93865.14187590715
2030-12-20 18:00:00+00:00,86107.83823926955
2030-12-20 19:00:00+00:00,73515.16511815318
2030-12-20 20:00:00+00:00,62086.32778903028
2030-12-20 21:00:00+00:00,53836.265700415584
2030-12-20 22:00:00+00:00,49451.05414598977
2030-12-20 23:00:00+00:00,44460.907571558324
2030-12-21 00:00:00+00:00,40026.18324111034
2030-12-21 01:00:00+00:00,37007.063188398635
2030-12-21 02:00:00+00:00,35419.2279582508
2030-12-21 03:00:00+00:00,35202.52173835399
2030-12-21 04:00:00+00:00,36549.76057903254
2030-12-21 05:00:00+00:00,40739.77644717986
2030-12-21 06:00:00+00:00,44905.98917286921
2030-12-21 07:00:00+00:00,51754.24019740952
2030-12-21 08:00:00+00:00,61598.34543396535
2030-12-21 09:00:00+00:00,73040.94558277237
2030-12-21 10:00:00+00:00,80619.36182035213
2030-12-21 11:00:00+00:00,82870.77639914154
2030-12-21 12:00:00+00:00,82279.70641977293
2030-12-21 13:00:00+00:00,82866.16216230241
2030-12-21 14:00:00+00:00,82550.56111022054
2030-12-21 15:00:00+00:00,78252.88834758001
2030-12-21 16:00:00+00:00,75415.59082692167
2030-12-21 17:00:00+00:00,74296.2168699467
2030-12-21 18:00:00+00:00,70587.55761333476
2030-12-21 19:00:00+00:00,61480.20194560817
2030-12-21 20:00:00+00:00,54151.7537442994
2030-12-21 21:00:00+00:00,48300.86822338969
2030-12-21 22:00:00+00:00,45591.997589613624
2030-12-21 23:00:00+00:00,43023.87194609363
2030-12-22 00:00:00+00:00,39667.31432083531
2030-12-22 01:00:00+00:00,36548.595662511034
2030-12-22 02:00:00+00:00,33932.28359048263
2030-12-22 03:00:00+00:00,33065.521546369855
2030-12-22 04:00:00+00:00,33167.66832169544
2030-12-22 05:00:00+00:00,34751.46508845594
2030-12-22 06:00:00+00:00,36023.26514532063
2030-12-22 07:00:00+00:00,38860.88933028695
2030-12-22 08:00:00+00:00,45518.23255256174
2030-12-22 09:00:00+00:00,56397.964120532786
2030-12-22 10:00:00+00:00,67855.06150716433
2030-12-22 11:00:00+00:00,75640.8673177697
2030-12-22 12:00:00+00:00,77875.39350138867
2030-12-22 13:00:00+00:00,80522.92901333464
2030-12-22 14:00:00+00:00,83499.29404492148
2030-12-22 15:00:00+00:00,81974.48348043734
2030-12-22 16:00:00+00:00,82421.36604522716
2030-12-22 17:00:00+00:00,84291.26790061608
2030-12-22 18:00:00+00:00,79788.5690446768
2030-12-22 19:00:00+00:00,71091.28839749696
2030-12-22 20:00:00+00:00,61869.63430969034
2030-12-22 21:00:00+00:00,53033.74495803477
2030-12-22 22:00:00+00:00,46053.43467368688
2030-12-22 23:00:00+00:00,40216.45535208167
2030-12-23 00:00:00+00:00,36235.266676859246
2030-12-23 01:00:00+00:00,34417.52705403312
2030-12-23 02:00:00+00:00,34061.48783642908
2030-12-23 03:00:00+00:00,35578.298191466536
2030-12-23 04:00:00+00:00,40756.34378388609
2030-12-23 05:00:00+00:00,56862.21730741501
2030-12-23 06:00:00+00:00,79934.90182152229
2030-12-23 07:00:00+00:00,92996.6028377254
2030-12-23 08:00:00+00:00,86864.19060317476
2030-12-23 09:00:00+00:00,79875.3356515967
2030-12-23 10:00:00+00:00,77236.26993181664
2030-12-23 11:00:00+00:00,77014.45611756825
2030-12-23 12:00:00+00:00,77457.04506776933
2030-12-23 13:00:00+00:00,79162.31404371987
2030-12-23 14:00:00+00:00,81270.25406264068
2030-12-23 15:00:00+00:00,85485.47910343161
2030-12-23 16:00:00+00:00,91847.65780067867
2030-12-23 17:00:00+00:00,89584.19516343642
2030-12-23 18:00:00+00:00,78733.52684542765
2030-12-23 19:00:00+00:00,63843.549438711045
2030-12-23 20:00:00+00:00,53512.83520226577
2030-12-23 21:00:00+00:00,47293.306565429484
2030-12-23 22:00:00+00:00,43313.63162228653
2030-12-23 23:00:00+00:00,38065.68268083306
2030-12-24 00:00:00+00:00,34931.65509268425
2030-12-24 01:00:00+00:00,33658.6384917426
2030-12-24 02:00:00+00:00,33453.36178768422
2030-12-24 03:00:00+00:00,34350.250319959545
2030-12-24 04:00:00+00:00,38016.9595062504
2030-12-24 05:00:00+00:00,52293.546679702245
2030-12-24 06:00:00+00:00,76318.58974607121
2030-12-24 07:00:00+00:00,92018.71947555034
2030-12-24 08:00:00+00:00,86864.16958831188
2030-12-24 09:00:00+00:00,79321.28972937017
2030-12-24 10:00:00+00:00,75441.79075318405
2030-12-24 11:00:00+00:00,75067.74041367514
2030-12-24 12:00:00+00:00,76786.65785252383
2030-12-24 13:00:00+00:00,79940.59165420974
2030-12-24 14:00:00+00:00,83142.90541568231
2030-12-24 15:00:00+00:00,88766.84254900087
2030-12-24 16:00:00+00:00,96266.94908470417
2030-12-24 17:00:00+00:00,94211.81256117777
2030-12-24 18:00:00+00:00,83274.31898961225
2030-12-24 19:00:00+00:00,67015.3661979803
2030-12-24 20:00:00+00:00,55313.732595987974
2030-12-24 21:00:00+00:00,48721.30540805696
2030-12-24 22:00:00+00:00,44734.01292409878
2030-12-24 23:00:00+00:00,39156.4623600992
2030-12-25 00:00:00+00:00,35525.093599902575
2030-12-25 01:00:00+00:00,33941.15920114805
2030-12-25 02:00:00+00:00,33584.620858683884
2030-12-25 03:00:00+00:00,34376.41455493469
2030-12-25 04:00:00+00:00,37919.03173890777
2030-12-25 05:00:00+00:00,52111.525105088906
2030-12-25 06:00:00+00:00,76225.89483929041
2030-12-25 07:00:00+00:00,92255.55690761533
2030-12-25 08:00:00+00:00,87354.41723954905
2030-12-25 09:00:00+00:00,80170.6809392426
2030-12-25 10:00:00+00:00,76690.55681410655
2030-12-25 11:00:00+00:00,76691.96610891497
2030-12-25 12:00:00+00:00,78738.2684637498
2030-12-25 13:00:00+00:00,82223.3350530928
2030-12-25 14:00:00+00:00,85445.5113585991
2030-12-25 15:00:00+00:00,90775.78025379924
2030-12-25 16:00:00+00:00,98171.27738809655
2030-12-25 17:00:00+00:00,96436.99035019326
2030-12-25 18:00:00+00:00,85669.19729594336
2030-12-25 19:00:00+00:00,69865.67372998757
2030-12-25 20:00:00+00:00,57817.464471369865
2030-12-25 21:00:00+00:00,50601.43937758841
2030-12-25 22:00:00+00:00,46304.4205714524
2030-12-25 23:00:00+00:00,40369.21162990113
2030-12-26 00:00:00+00:00,36218.1369231032
2030-12-26 01:00:00+00:00,34338.54635278782
2030-12-26 02:00:00+00:00,33824.75347262621
2030-12-26 03:00:00+00:00,34534.77887150816
2030-12-26 04:00:00+00:00,38017.561572621315
2030-12-26 05:00:00+00:00,51874.84845771429
2030-12-26 06:00:00+00:00,75345.37048123401
2030-12-26 07:00:00+00:00,91264.75590785309
2030-12-26 08:00:00+00:00,87082.15561741639
2030-12-26 09:00:00+00:00,80747.68594596231
2030-12-26 10:00:00+00:00,78224.18043623409
2030-12-26 11:00:00+00:00,78505.38000893916
2030-12-26 12:00:00+00:00,80272.5776594117
2030-12-26 13:00:00+00:00,83499.08390422726
2030-12-26 14:00:00+00:00,86992.96936609711
2030-12-26 15:00:00+00:00,92322.40268768415
2030-12-26 16:00:00+00:00,99021.42123595554
2030-12-26 17:00:00+00:00,97119.3199070602
2030-12-26 18:00:00+00:00,87832.86599096128
2030-12-26 19:00:00+00:00,72337.82021455973
2030-12-26 20:00:00+00:00,59799.505038954194
2030-12-26 21:00:00+00:00,52111.53322083663
2030-12-26 22:00:00+00:00,47304.24631887822
2030-12-26 23:00:00+00:00,40978.91851836217
2030-12-27 00:00:00+00:00,36578.71309589647
2030-12-27 01:00:00+00:00,34543.253696376894
2030-12-27 02:00:00+00:00,33937.69282880544
2030-12-27 03:00:00+00:00,34553.82025381996
2030-12-27 04:00:00+00:00,37718.60628958658
2030-12-27 05:00:00+00:00,50060.66279289546
2030-12-27 06:00:00+00:00,70532.64954421169
2030-12-27 07:00:00+00:00,84617.64816532208
2030-12-27 08:00:00+00:00,80056.99078572386
2030-12-27 09:00:00+00:00,76870.21933786673
2030-12-27 10:00:00+00:00,78826.47825631087
2030-12-27 11:00:00+00:00,82967.06302554603
2030-12-27 12:00:00+00:00,90015.30872792339
2030-12-27 13:00:00+00:00,95516.18915583014
2030-12-27 14:00:00+00:00,98369.28941222931
2030-12-27 15:00:00+00:00,99093.46471831406
2030-12-27 16:00:00+00:00,98347.72691722107
2030-12-27 17:00:00+00:00,94725.89998274994
2030-12-27 18:00:00+00:00,87191.41269337558
2030-12-27 19:00:00+00:00,74583.64636930665
2030-12-27 20:00:00+00:00,63019.88801225747
2030-12-27 21:00:00+00:00,54633.774239936385
2030-12-27 22:00:00+00:00,50176.03776307725
2030-12-27 23:00:00+00:00,45024.273809192215
2030-12-28 00:00:00+00:00,40435.12705182722
2030-12-28 01:00:00+00:00,37323.46330020686
2030-12-28 02:00:00+00:00,35667.402848806065
2030-12-28 03:00:00+00:00,35449.924703389566
2030-12-28 04:00:00+00:00,36843.75442430541
2030-12-28 05:00:00+00:00,41201.244659994096
2030-12-28 06:00:00+00:00,45535.92202210398
2030-12-28 07:00:00+00:00,52667.22550693915
2030-12-28 08:00:00+00:00,62932.902468787324
2030-12-28 09:00:00+00:00,74865.35233600384
2030-12-28 10:00:00+00:00,82576.61632854158
2030-12-28 11:00:00+00:00,84665.51981355294
2030-12-28 12:00:00+00:00,83814.90700212409
2030-12-28 13:00:00+00:00,84400.67911880637
2030-12-28 14:00:00+00:00,84081.19357316669
2030-12-28 15:00:00+00:00,79690.62173913098
2030-12-28 16:00:00+00:00,76947.63998551143
2030-12-28 17:00:00+00:00,75930.99978732133
2030-12-28 18:00:00+00:00,72001.02932295906
2030-12-28 19:00:00+00:00,62546.17186276937
2030-12-28 20:00:00+00:00,54913.73158185427
2030-12-28 21:00:00+00:00,48852.965294021866
2030-12-28 22:00:00+00:00,46062.39503036165
2030-12-28 23:00:00+00:00,43387.263220975765
2030-12-29 00:00:00+00:00,39920.163079896716
2030-12-29 01:00:00+00:00,36720.968528454745
2030-12-29 02:00:00+00:00,34043.383560287744
2030-12-29 03:00:00+00:00,33157.82220089205
2030-12-29 04:00:00+00:00,33268.62701593869
2030-12-29 05:00:00+00:00,34886.74915796377
2030-12-29 06:00:00+00:00,36185.48175275597
2030-12-29 07:00:00+00:00,39089.94541623599
2030-12-29 08:00:00+00:00,45894.39082363848
2030-12-29 09:00:00+00:00,56981.68569422386
2030-12-29 10:00:00+00:00,68465.10769494878
2030-12-29 11:00:00+00:00,75978.14831109408
2030-12-29 12:00:00+00:00,77948.88408582732
2030-12-29 13:00:00+00:00,80376.11086967336
2030-12-29 14:00:00+00:00,83191.96837830664
2030-12-29 15:00:00+00:00,81667.87543413068
2030-12-29 16:00:00+00:00,82267.57317637966
2030-12-29 17:00:00+00:00,84006.08969018709
2030-12-29 18:00:00+00:00,79404.13422387985
2030-12-29 19:00:00+00:00,70624.8892318915
2030-12-29 20:00:00+00:00,61298.28555767265
2030-12-29 21:00:00+00:00,52531.54379523195
2030-12-29 22:00:00+00:00,45604.46217148409
2030-12-29 23:00:00+00:00,39862.904062100264
2030-12-30 00:00:00+00:00,35982.7836767271
2030-12-30 01:00:00+00:00,34208.362973595475
2030-12-30 02:00:00+00:00,33856.723120109724
2030-12-30 03:00:00+00:00,35314.528495222665
2030-12-30 04:00:00+00:00,40305.11485345575
2030-12-30 05:00:00+00:00,55863.407383192614
2030-12-30 06:00:00+00:00,78189.81118340905
2030-12-30 07:00:00+00:00,90940.4120487986
2030-12-30 08:00:00+00:00,85199.53981414188
2030-12-30 09:00:00+00:00,78662.66727530715
2030-12-30 10:00:00+00:00,76451.70309970631
2030-12-30 11:00:00+00:00,76513.9534086142
2030-12-30 12:00:00+00:00,77264.0608507593
2030-12-30 13:00:00+00:00,79317.08831163858
2030-12-30 14:00:00+00:00,81744.49247836252
2030-12-30 15:00:00+00:00,86318.92903156282
2030-12-30 16:00:00+00:00,93131.65498113685
2030-12-30 17:00:00+00:00,91078.5027936694
2030-12-30 18:00:00+00:00,80004.26016130338
2030-12-30 19:00:00+00:00,64909.616241737654
2030-12-30 20:00:00+00:00,54363.24051664753
2030-12-30 21:00:00+00:00,47988.74882047499
2030-12-30 22:00:00+00:00,43914.98053576773
2030-12-30 23:00:00+00:00,38471.09445093248
2030-12-31 00:00:00+00:00,35199.87538120181
2030-12-31 01:00:00+00:00,33848.456160125264
2030-12-31 02:00:00+00:00,33592.53950439739
2030-12-31 03:00:00+00:00,34449.89048125349
2030-12-31 04:00:00+00:00,38069.21945028911
2030-12-31 05:00:00+00:00,52198.43801307386
2030-12-31 06:00:00+00:00,75822.20428403122
2030-12-31 07:00:00+00:00,91126.26487992982
2030-12-31 08:00:00+00:00,85918.87689506356
2030-12-31 09:00:00+00:00,78450.05802775135
2030-12-31 10:00:00+00:00,74625.02880402228
2030-12-31 11:00:00+00:00,74360.57384694045
2030-12-31 12:00:00+00:00,76209.42818070322
2030-12-31 13:00:00+00:00,79386.00961159833
2030-12-31 14:00:00+00:00,82532.66897989128
2030-12-31 15:00:00+00:00,88047.87296185491
2030-12-31 16:00:00+00:00,95636.79678691496
2030-12-31 17:00:00+00:00,93770.77085792134
2030-12-31 18:00:00+00:00,82996.90664792426
2030-12-31 19:00:00+00:00,66876.52254741242
2030-12-31 20:00:00+00:00,55227.737900876025
2030-12-31 21:00:00+00:00,48633.34548923796
2030-12-31 22:00:00+00:00,44659.496133258035
2030-12-31 23:00:00+00:00,39096.55804320195
