2030-01-01 00:00:00+00:00,93774.44754046624
2030-01-01 01:00:00+00:00,94145.04793939056
2030-01-01 02:00:00+00:00,94373.58184959831
2030-01-01 03:00:00+00:00,95848.59792752613
2030-01-01 04:00:00+00:00,93848.56284536578
2030-01-01 05:00:00+00:00,87678.62482042263
2030-01-01 06:00:00+00:00,77980.22138348786
2030-01-01 07:00:00+00:00,75548.70519945186
2030-01-01 08:00:00+00:00,91288.96331420953
2030-01-01 09:00:00+00:00,105227.31279427999
2030-01-01 10:00:00+00:00,107727.18470227711
2030-01-01 11:00:00+00:00,109391.80961675418
2030-01-01 12:00:00+00:00,98466.19291104756
2030-01-01 13:00:00+00:00,88420.57441940733
2030-01-01 14:00:00+00:00,77173.23274929896
2030-01-01 15:00:00+00:00,70733.24185787755
2030-01-01 16:00:00+00:00,71777.46618097578
2030-01-01 17:00:00+00:00,72703.71545670951
2030-01-01 18:00:00+00:00,75480.59271191276
2030-01-01 19:00:00+00:00,79630.43655343378
2030-01-01 20:00:00+00:00,80521.97927817481
2030-01-01 21:00:00+00:00,76329.62855755351
2030-01-01 22:00:00+00:00,72531.85269523789
2030-01-01 23:00:00+00:00,68809.37481359739
2030-01-02 00:00:00+00:00,69951.08157544633
2030-01-02 01:00:00+00:00,72648.99881084991
2030-01-02 02:00:00+00:00,75272.01086643316
2030-01-02 03:00:00+00:00,77974.24261757935
2030-01-02 04:00:00+00:00,81739.4530511896
2030-01-02 05:00:00+00:00,84197.02113960707
2030-01-02 06:00:00+00:00,79680.4408295175
2030-01-02 07:00:00+00:00,77552.53931490661
2030-01-02 08:00:00+00:00,104308.68303252093
2030-01-02 09:00:00+00:00,123906.08562461872
2030-01-02 10:00:00+00:00,124999.47748278691
2030-01-02 11:00:00+00:00,125461.25151878569
2030-01-02 12:00:00+00:00,125023.073471621
2030-01-02 13:00:00+00:00,112036.97298272241
2030-01-02 14:00:00+00:00,86892.83234588562
2030-01-02 15:00:00+00:00,77885.20948592396
2030-01-02 16:00:00+00:00,77140.4882616465
2030-01-02 17:00:00+00:00,78401.5267210393
2030-01-02 18:00:00+00:00,81433.68605089275
2030-01-02 19:00:00+00:00,85406.28979471332
2030-01-02 20:00:00+00:00,87252.91386303505
2030-01-02 21:00:00+00:00,87303.38218578356
2030-01-02 22:00:00+00:00,84246.49723271333
2030-01-02 23:00:00+00:00,89207.5272749301
2030-01-03 00:00:00+00:00,92483.7235943399
2030-01-03 01:00:00+00:00,96896.22291416826
2030-01-03 02:00:00+00:00,102047.63718583676
2030-01-03 03:00:00+00:00,111831.52597206715
2030-01-03 04:00:00+00:00,114348.31347136908
2030-01-03 05:00:00+00:00,113185.88585977658
2030-01-03 06:00:00+00:00,109467.35854949152
2030-01-03 07:00:00+00:00,107745.8794188105
2030-01-03 08:00:00+00:00,114166.78588276143
2030-01-03 09:00:00+00:00,116316.54431836784
2030-01-03 10:00:00+00:00,115422.09602712894
2030-01-03 11:00:00+00:00,117368.15157420324
2030-01-03 12:00:00+00:00,115905.75684414592
2030-01-03 13:00:00+00:00,113420.17600587074
2030-01-03 14:00:00+00:00,108231.407100121
2030-01-03 15:00:00+00:00,99955.82379949417
2030-01-03 16:00:00+00:00,99275.4308221234
2030-01-03 17:00:00+00:00,98457.4467957662
2030-01-03 18:00:00+00:00,98048.61951498417
2030-01-03 19:00:00+00:00,98605.93837165719
2030-01-03 20:00:00+00:00,95189.21705542218
2030-01-03 21:00:00+00:00,93501.99783216414
2030-01-03 22:00:00+00:00,90382.4161885683
2030-01-03 23:00:00+00:00,94714.90087514542
2030-01-04 00:00:00+00:00,98754.0246321614
2030-01-04 01:00:00+00:00,99314.31769534387
2030-01-04 02:00:00+00:00,92259.1532350225
2030-01-04 03:00:00+00:00,90166.57459581483
2030-01-04 04:00:00+00:00,89582.73979295776
2030-01-04 05:00:00+00:00,87273.58028745162
2030-01-04 06:00:00+00:00,85543.84597093049
2030-01-04 07:00:00+00:00,84618.45401654906
2030-01-04 08:00:00+00:00,95229.69816406789
2030-01-04 09:00:00+00:00,102476.83260112602
2030-01-04 10:00:00+00:00,90451.01702811051
2030-01-04 11:00:00+00:00,99816.47275848356
2030-01-04 12:00:00+00:00,107746.30298650166
2030-01-04 13:00:00+00:00,110291.0517043045
2030-01-04 14:00:00+00:00,107213.142528824
2030-01-04 15:00:00+00:00,104791.74651722999
2030-01-04 16:00:00+00:00,106543.71833059368
2030-01-04 17:00:00+00:00,108256.0332775774
2030-01-04 18:00:00+00:00,111212.20424784317
2030-01-04 19:00:00+00:00,113585.91072768974
2030-01-04 20:00:00+00:00,114741.19845213777
2030-01-04 21:00:00+00:00,108710.96662373022
2030-01-04 22:00:00+00:00,99107.3405127023
2030-01-04 23:00:00+00:00,93537.59929696744
2030-01-05 00:00:00+00:00,96404.72468862661
2030-01-05 01:00:00+00:00,96108.52718395363
2030-01-05 02:00:00+00:00,92577.38491432085
2030-01-05 03:00:00+00:00,86726.42864712629
2030-01-05 04:00:00+00:00,81721.26971975388
2030-01-05 05:00:00+00:00,80322.55465379986
2030-01-05 06:00:00+00:00,70882.93613163596
2030-01-05 07:00:00+00:00,71020.1659246877
2030-01-05 08:00:00+00:00,72718.53217565152
2030-01-05 09:00:00+00:00,73804.48124192857
2030-01-05 10:00:00+00:00,74396.11167513934
2030-01-05 11:00:00+00:00,74139.61617383822
2030-01-05 12:00:00+00:00,73339.8069683967
2030-01-05 13:00:00+00:00,72138.44039903537
2030-01-05 14:00:00+00:00,71554.25359476512
2030-01-05 15:00:00+00:00,72086.0349932168
2030-01-05 16:00:00+00:00,74764.98404362818
2030-01-05 17:00:00+00:00,75279.71265070747
2030-01-05 18:00:00+00:00,74138.9389447533
2030-01-05 19:00:00+00:00,70843.76701590512
2030-01-05 20:00:00+00:00,67218.87994703402
2030-01-05 21:00:00+00:00,63799.32744383786
2030-01-05 22:00:00+00:00,59561.85246531339
2030-01-05 23:00:00+00:00,56226.62438776815
2030-01-06 00:00:00+00:00,53956.49520762169
2030-01-06 01:00:00+00:00,53471.57569880375
2030-01-06 02:00:00+00:00,52977.54837430188
2030-01-06 03:00:00+00:00,54149.43952125215
2030-01-06 04:00:00+00:00,54793.156023796975
2030-01-06 05:00:00+00:00,55171.156233101035
2030-01-06 06:00:00+00:00,56048.156370891564
2030-01-06 07:00:00+00:00,59269.156443565735
2030-01-06 08:00:00+00:00,63108.155673654415
2030-01-06 09:00:00+00:00,65660.15640988579
2030-01-06 10:00:00+00:00,67171.04408624083
2030-01-06 11:00:00+00:00,68247.08428507658
2030-01-06 12:00:00+00:00,67535.82624820685
2030-01-06 13:00:00+00:00,66520.09081541632
2030-01-06 14:00:00+00:00,66287.30410825371
2030-01-06 15:00:00+00:00,66813.26831696114
2030-01-06 16:00:00+00:00,68606.94274266991
2030-01-06 17:00:00+00:00,69704.43624783668
2030-01-06 18:00:00+00:00,68509.28192014863
2030-01-06 19:00:00+00:00,65854.51211994508
2030-01-06 20:00:00+00:00,62705.05341078328
2030-01-06 21:00:00+00:00,60794.71139857856
2030-01-06 22:00:00+00:00,57461.735569709985
2030-01-06 23:00:00+00:00,52915.609251872316
2030-01-07 00:00:00+00:00,51343.55951923127
2030-01-07 01:00:00+00:00,51308.36208860508
2030-01-07 02:00:00+00:00,48785.224096029015
2030-01-07 03:00:00+00:00,49054.874343737305
2030-01-07 04:00:00+00:00,49679.317789103494
2030-01-07 05:00:00+00:00,49648.29798035502
2030-01-07 06:00:00+00:00,50655.28172389043
2030-01-07 07:00:00+00:00,52873.273940185536
2030-01-07 08:00:00+00:00,56435.263921180645
2030-01-07 09:00:00+00:00,59603.27212306448
2030-01-07 10:00:00+00:00,61887.31712422311
2030-01-07 11:00:00+00:00,66833.88118026766
2030-01-07 12:00:00+00:00,66457.0148572178
2030-01-07 13:00:00+00:00,65137.39889351203
2030-01-07 14:00:00+00:00,63467.93925070601
2030-01-07 15:00:00+00:00,62277.73064622854
2030-01-07 16:00:00+00:00,66143.36143494151
2030-01-07 17:00:00+00:00,67605.29357547358
2030-01-07 18:00:00+00:00,67018.2713475703
2030-01-07 19:00:00+00:00,64422.058736643616
2030-01-07 20:00:00+00:00,62053.03362728629
2030-01-07 21:00:00+00:00,61837.94508662077
2030-01-07 22:00:00+00:00,60960.34491274249
2030-01-07 23:00:00+00:00,58525.49918756957
2030-01-08 00:00:00+00:00,57262.07853788599
2030-01-08 01:00:00+00:00,55978.15629145215
2030-01-08 02:00:00+00:00,55598.12566177493
2030-01-08 03:00:00+00:00,58200.97310641362
2030-01-08 04:00:00+00:00,61310.568646187996
2030-01-08 05:00:00+00:00,67864.41218262476
2030-01-08 06:00:00+00:00,71500.23498028023
2030-01-08 07:00:00+00:00,76107.23554910586
2030-01-08 08:00:00+00:00,79897.77828008088
2030-01-08 09:00:00+00:00,80009.77831226519
2030-01-08 10:00:00+00:00,79267.21540324058
2030-01-08 11:00:00+00:00,79638.79109851932
2030-01-08 12:00:00+00:00,79102.1074842
2030-01-08 13:00:00+00:00,77529.86927191699
2030-01-08 14:00:00+00:00,75188.38498266709
2030-01-08 15:00:00+00:00,74781.36812653016
2030-01-08 16:00:00+00:00,77255.33369301059
2030-01-08 17:00:00+00:00,77878.31119846154
2030-01-08 18:00:00+00:00,77115.30513827513
2030-01-08 19:00:00+00:00,74225.3010933912
2030-01-08 20:00:00+00:00,70569.12712964012
2030-01-08 21:00:00+00:00,67723.72423693362
2030-01-08 22:00:00+00:00,62777.59722661297
2030-01-08 23:00:00+00:00,60607.760075705875
2030-01-09 00:00:00+00:00,58600.39891539806
2030-01-09 01:00:00+00:00,58924.777715731594
2030-01-09 02:00:00+00:00,59977.12210838656
2030-01-09 03:00:00+00:00,58776.73196933333
2030-01-09 04:00:00+00:00,62086.65420010666
2030-01-09 05:00:00+00:00,66751.25307383767
2030-01-09 06:00:00+00:00,73724.24949125112
2030-01-09 07:00:00+00:00,77372.24627189114
2030-01-09 08:00:00+00:00,77836.23855659713
2030-01-09 09:00:00+00:00,81117.09877613015
2030-01-09 10:00:00+00:00,80798.09922094805
2030-01-09 11:00:00+00:00,80662.09935090739
2030-01-09 12:00:00+00:00,80106.09965415677
2030-01-09 13:00:00+00:00,78008.10009296212
2030-01-09 14:00:00+00:00,77594.1006278008
2030-01-09 15:00:00+00:00,77192.09090641951
2030-01-09 16:00:00+00:00,80542.36933690663
2030-01-09 17:00:00+00:00,81580.08782572523
2030-01-09 18:00:00+00:00,80639.08654836444
2030-01-09 19:00:00+00:00,77895.0965603752
2030-01-09 20:00:00+00:00,74520.35284408188
2030-01-09 21:00:00+00:00,71315.318703748
2030-01-09 22:00:00+00:00,67062.02249468052
2030-01-09 23:00:00+00:00,64179.85727563304
2030-01-10 00:00:00+00:00,62894.13654332121
2030-01-10 01:00:00+00:00,61766.02802294942
2030-01-10 02:00:00+00:00,62506.75188910278
2030-01-10 03:00:00+00:00,62783.09247412508
2030-01-10 04:00:00+00:00,65067.09434851271
2030-01-10 05:00:00+00:00,70069.09424940478
2030-01-10 06:00:00+00:00,76685.09397146502
2030-01-10 07:00:00+00:00,80035.09350578742
2030-01-10 08:00:00+00:00,81315.09228336548
2030-01-10 09:00:00+00:00,81242.09137169101
2030-01-10 10:00:00+00:00,81186.09145656464
2030-01-10 11:00:00+00:00,80843.09126654307
2030-01-10 12:00:00+00:00,79704.0917150104
2030-01-10 13:00:00+00:00,78132.09182832425
2030-01-10 14:00:00+00:00,77455.0919781926
2030-01-10 15:00:00+00:00,77845.0204762852
2030-01-10 16:00:00+00:00,80550.47980933193
2030-01-10 17:00:00+00:00,81233.69579597484
2030-01-10 18:00:00+00:00,80356.92922637888
2030-01-10 19:00:00+00:00,77610.8171351075
2030-01-10 20:00:00+00:00,74561.99074574265
2030-01-10 21:00:00+00:00,71831.78667923967
2030-01-10 22:00:00+00:00,67891.29525819786
2030-01-10 23:00:00+00:00,65310.66393171612
2030-01-11 00:00:00+00:00,64801.773535240114
2030-01-11 01:00:00+00:00,63490.804220704595
2030-01-11 02:00:00+00:00,63444.78193286669
2030-01-11 03:00:00+00:00,60832.86914998403
2030-01-11 04:00:00+00:00,64705.08843295634
2030-01-11 05:00:00+00:00,70832.20823442521
2030-01-11 06:00:00+00:00,76961.99723946107
2030-01-11 07:00:00+00:00,79379.45855633935
2030-01-11 08:00:00+00:00,79089.27288229886
2030-01-11 09:00:00+00:00,78817.33966088662
2030-01-11 10:00:00+00:00,78818.56705021136
2030-01-11 11:00:00+00:00,81504.50602688789
2030-01-11 12:00:00+00:00,81266.80351076818
2030-01-11 13:00:00+00:00,79368.68063971192
2030-01-11 14:00:00+00:00,75548.1849125643
2030-01-11 15:00:00+00:00,75906.18370064131
2030-01-11 16:00:00+00:00,77964.18071609778
2030-01-11 17:00:00+00:00,78194.18365847126
2030-01-11 18:00:00+00:00,77288.18188934177
2030-01-11 19:00:00+00:00,74595.17632107034
2030-01-11 20:00:00+00:00,70657.17528908477
2030-01-11 21:00:00+00:00,67924.17431986361
2030-01-11 22:00:00+00:00,64237.17307354804
2030-01-11 23:00:00+00:00,60988.06861485681
2030-01-12 00:00:00+00:00,59651.172159994385
2030-01-12 01:00:00+00:00,59057.17153708262
2030-01-12 02:00:00+00:00,58896.17033705484
2030-01-12 03:00:00+00:00,62364.33726245604
2030-01-12 04:00:00+00:00,64955.486060095
2030-01-12 05:00:00+00:00,70555.12181843653
2030-01-12 06:00:00+00:00,75798.59630469342
2030-01-12 07:00:00+00:00,78115.4732467604
2030-01-12 08:00:00+00:00,78854.60492629373
2030-01-12 09:00:00+00:00,80025.87895688743
2030-01-12 10:00:00+00:00,82498.90962459097
2030-01-12 11:00:00+00:00,82742.0503518993
2030-01-12 12:00:00+00:00,78516.18774134225
2030-01-12 13:00:00+00:00,76835.19219989626
2030-01-12 14:00:00+00:00,76141.19613273753
2030-01-12 15:00:00+00:00,76275.18092298912
2030-01-12 16:00:00+00:00,77689.17687877506
2030-01-12 17:00:00+00:00,77208.17439289311
2030-01-12 18:00:00+00:00,76346.17271932364
2030-01-12 19:00:00+00:00,73109.17181566553
2030-01-12 20:00:00+00:00,69415.1712994092
2030-01-12 21:00:00+00:00,66323.1669955009
2030-01-12 22:00:00+00:00,63320.16628049178
2030-01-12 23:00:00+00:00,60278.16706937282
2030-01-13 00:00:00+00:00,57996.17704517626
2030-01-13 01:00:00+00:00,56807.17684285017
2030-01-13 02:00:00+00:00,56594.33397664057
2030-01-13 03:00:00+00:00,59830.36582121314
2030-01-13 04:00:00+00:00,59339.434917366874
2030-01-13 05:00:00+00:00,63226.929391556776
2030-01-13 06:00:00+00:00,62677.505616554
2030-01-13 07:00:00+00:00,65051.83765105971
2030-01-13 08:00:00+00:00,67727.43926100012
2030-01-13 09:00:00+00:00,69731.41247680053
2030-01-13 10:00:00+00:00,70644.17542894898
2030-01-13 11:00:00+00:00,71734.1813219089
2030-01-13 12:00:00+00:00,71371.18701254441
2030-01-13 13:00:00+00:00,70417.19013840676
2030-01-13 14:00:00+00:00,70031.19104255275
2030-01-13 15:00:00+00:00,69644.14942192091
2030-01-13 16:00:00+00:00,72061.14834986876
2030-01-13 17:00:00+00:00,72751.1477531061
2030-01-13 18:00:00+00:00,71391.14746445544
2030-01-13 19:00:00+00:00,67770.14727640022
2030-01-13 20:00:00+00:00,64638.1544346982
2030-01-13 21:00:00+00:00,63256.151230874566
2030-01-13 22:00:00+00:00,60976.15076408761
2030-01-13 23:00:00+00:00,57141.15070887042
2030-01-14 00:00:00+00:00,55744.15057241003
2030-01-14 01:00:00+00:00,54817.1506150434
2030-01-14 02:00:00+00:00,53770.150542105715
2030-01-14 03:00:00+00:00,55622.383601170746
2030-01-14 04:00:00+00:00,61097.64731369418
2030-01-14 05:00:00+00:00,67538.48509944542
2030-01-14 06:00:00+00:00,64921.20046263038
2030-01-14 07:00:00+00:00,61220.202086572506
2030-01-14 08:00:00+00:00,63240.57009943461
2030-01-14 09:00:00+00:00,65823.58015010963
2030-01-14 10:00:00+00:00,67193.95598975464
2030-01-14 11:00:00+00:00,67490.15563572248
2030-01-14 12:00:00+00:00,66552.15278749663
2030-01-14 13:00:00+00:00,64513.154170701775
2030-01-14 14:00:00+00:00,64036.1473387659
2030-01-14 15:00:00+00:00,64497.148236493435
2030-01-14 16:00:00+00:00,67913.1487389207
2030-01-14 17:00:00+00:00,69737.14902575739
2030-01-14 18:00:00+00:00,68932.14865867599
2030-01-14 19:00:00+00:00,67041.14854725212
2030-01-14 20:00:00+00:00,65296.146716788644
2030-01-14 21:00:00+00:00,64543.14407873163
2030-01-14 22:00:00+00:00,61964.150146496846
2030-01-14 23:00:00+00:00,58978.14962830288
2030-01-15 00:00:00+00:00,58303.14930340022
2030-01-15 01:00:00+00:00,56929.14916484806
2030-01-15 02:00:00+00:00,57158.14942626946
2030-01-15 03:00:00+00:00,60978.84566205808
2030-01-15 04:00:00+00:00,73718.19701016658
2030-01-15 05:00:00+00:00,83164.90747900364
2030-01-15 06:00:00+00:00,87649.23996746042
2030-01-15 07:00:00+00:00,86019.94411388469
2030-01-15 08:00:00+00:00,84492.27252194485
2030-01-15 09:00:00+00:00,84062.21817882669
2030-01-15 10:00:00+00:00,83736.9961908731
2030-01-15 11:00:00+00:00,82478.6433928873
2030-01-15 12:00:00+00:00,81857.90746526122
2030-01-15 13:00:00+00:00,80635.25955737173
2030-01-15 14:00:00+00:00,76907.3329560993
2030-01-15 15:00:00+00:00,75732.05132030664
2030-01-15 16:00:00+00:00,77901.42294247725
2030-01-15 17:00:00+00:00,78716.17719811878
2030-01-15 18:00:00+00:00,77713.5394486685
2030-01-15 19:00:00+00:00,73804.25437286578
2030-01-15 20:00:00+00:00,69277.66473139805
2030-01-15 21:00:00+00:00,64231.92100781974
2030-01-15 22:00:00+00:00,57796.9833344878
2030-01-15 23:00:00+00:00,55471.274404088035
2030-01-16 00:00:00+00:00,53509.43634419758
2030-01-16 01:00:00+00:00,52695.1078777331
2030-01-16 02:00:00+00:00,53224.61614481214
2030-01-16 03:00:00+00:00,57356.18360183416
2030-01-16 04:00:00+00:00,68680.83605642323
2030-01-16 05:00:00+00:00,82109.89659221661
2030-01-16 06:00:00+00:00,84030.7326551327
2030-01-16 07:00:00+00:00,80986.55136455236
2030-01-16 08:00:00+00:00,79110.77101484839
2030-01-16 09:00:00+00:00,77619.82786614174
2030-01-16 10:00:00+00:00,76578.77596344585
2030-01-16 11:00:00+00:00,75572.19309068176
2030-01-16 12:00:00+00:00,74262.98283156309
2030-01-16 13:00:00+00:00,72523.06478788148
2030-01-16 14:00:00+00:00,72498.30079456665
2030-01-16 15:00:00+00:00,72906.08688886058
2030-01-16 16:00:00+00:00,75855.04391191264
2030-01-16 17:00:00+00:00,77033.90394397416
2030-01-16 18:00:00+00:00,76897.17363169363
2030-01-16 19:00:00+00:00,74833.2669030229
2030-01-16 20:00:00+00:00,70389.10987917954
2030-01-16 21:00:00+00:00,65571.39152299447
2030-01-16 22:00:00+00:00,61000.24512931648
2030-01-16 23:00:00+00:00,58586.11565375669
2030-01-17 00:00:00+00:00,57147.103005553305
2030-01-17 01:00:00+00:00,56052.75737944127
2030-01-17 02:00:00+00:00,56334.25032215589
2030-01-17 03:00:00+00:00,59192.652412688796
2030-01-17 04:00:00+00:00,67671.7167548874
2030-01-17 05:00:00+00:00,78021.51335519721
2030-01-17 06:00:00+00:00,81891.111739255
2030-01-17 07:00:00+00:00,82674.37385574322
2030-01-17 08:00:00+00:00,81484.13232050178
2030-01-17 09:00:00+00:00,79791.65662346905
2030-01-17 10:00:00+00:00,78653.88452817415
2030-01-17 11:00:00+00:00,78638.99417517328
2030-01-17 12:00:00+00:00,77348.19440007563
2030-01-17 13:00:00+00:00,76059.1115463433
2030-01-17 14:00:00+00:00,74618.54129934461
2030-01-17 15:00:00+00:00,74410.09932040617
2030-01-17 16:00:00+00:00,76023.58089243187
2030-01-17 17:00:00+00:00,76743.08710943387
2030-01-17 18:00:00+00:00,75981.72558583505
2030-01-17 19:00:00+00:00,71916.87516778856
2030-01-17 20:00:00+00:00,70466.15562501948
2030-01-17 21:00:00+00:00,68350.15322160094
2030-01-17 22:00:00+00:00,64138.15305081628
2030-01-17 23:00:00+00:00,61604.15262804418
2030-01-18 00:00:00+00:00,62444.347154974654
2030-01-18 01:00:00+00:00,61234.86182170367
2030-01-18 02:00:00+00:00,61493.76020952966
2030-01-18 03:00:00+00:00,62085.50161291937
2030-01-18 04:00:00+00:00,67723.8873359537
2030-01-18 05:00:00+00:00,77642.62622744168
2030-01-18 06:00:00+00:00,80986.09884574736
2030-01-18 07:00:00+00:00,81759.09654717888
2030-01-18 08:00:00+00:00,82045.09029807604
2030-01-18 09:00:00+00:00,82098.09594020832
2030-01-18 10:00:00+00:00,82314.10011402618
2030-01-18 11:00:00+00:00,82911.10486476714
2030-01-18 12:00:00+00:00,82123.10763487213
2030-01-18 13:00:00+00:00,80508.10799105336
2030-01-18 14:00:00+00:00,80177.06695646266
2030-01-18 15:00:00+00:00,79380.85529805392
2030-01-18 16:00:00+00:00,81690.12644638635
2030-01-18 17:00:00+00:00,83092.98694860938
2030-01-18 18:00:00+00:00,82768.02359308834
2030-01-18 19:00:00+00:00,80222.08592355635
2030-01-18 20:00:00+00:00,77449.14246773889
2030-01-18 21:00:00+00:00,74033.14065387718
2030-01-18 22:00:00+00:00,70856.13859628144
2030-01-18 23:00:00+00:00,67523.15521486742
2030-01-19 00:00:00+00:00,65662.153654642
2030-01-19 01:00:00+00:00,64744.155008430964
2030-01-19 02:00:00+00:00,65018.15439045354
2030-01-19 03:00:00+00:00,71358.58544804581
2030-01-19 04:00:00+00:00,80354.96308185303
2030-01-19 05:00:00+00:00,85513.96200887392
2030-01-19 06:00:00+00:00,91233.43216146751
2030-01-19 07:00:00+00:00,91908.95814864017
2030-01-19 08:00:00+00:00,86416.99467317444
2030-01-19 09:00:00+00:00,84853.1508862602
2030-01-19 10:00:00+00:00,84738.15364600277
2030-01-19 11:00:00+00:00,84141.15583698559
2030-01-19 12:00:00+00:00,82681.15704096
2030-01-19 13:00:00+00:00,80427.15846445708
2030-01-19 14:00:00+00:00,80066.15979313239
2030-01-19 15:00:00+00:00,79767.14170317714
2030-01-19 16:00:00+00:00,81824.31873733172
2030-01-19 17:00:00+00:00,85300.92921102012
2030-01-19 18:00:00+00:00,87848.06145158154
2030-01-19 19:00:00+00:00,83209.34262058554
2030-01-19 20:00:00+00:00,74255.13000528823
2030-01-19 21:00:00+00:00,71560.12787598262
2030-01-19 22:00:00+00:00,68777.12511147084
2030-01-19 23:00:00+00:00,65655.14567164626
2030-01-20 00:00:00+00:00,63454.144737203176
2030-01-20 01:00:00+00:00,62866.14539897329
2030-01-20 02:00:00+00:00,62537.14592921672
2030-01-20 03:00:00+00:00,66106.29463558842
2030-01-20 04:00:00+00:00,72536.59506858882
2030-01-20 05:00:00+00:00,75409.04615768432
2030-01-20 06:00:00+00:00,74075.25679474545
2030-01-20 07:00:00+00:00,71358.93668176715
2030-01-20 08:00:00+00:00,71824.15114715898
2030-01-20 09:00:00+00:00,73772.15449048339
2030-01-20 10:00:00+00:00,74780.15705926277
2030-01-20 11:00:00+00:00,74382.15990918019
2030-01-20 12:00:00+00:00,72849.16297291555
2030-01-20 13:00:00+00:00,69883.16568626891
2030-01-20 14:00:00+00:00,68340.16751775445
2030-01-20 15:00:00+00:00,68696.15561612546
2030-01-20 16:00:00+00:00,71039.1694950112
2030-01-20 17:00:00+00:00,73321.27142887602
2030-01-20 18:00:00+00:00,72718.33971400566
2030-01-20 19:00:00+00:00,71837.14298510233
2030-01-20 20:00:00+00:00,67995.16913188578
2030-01-20 21:00:00+00:00,67092.16886080592
2030-01-20 22:00:00+00:00,64589.16887913656
2030-01-20 23:00:00+00:00,61857.168489376556
2030-01-21 00:00:00+00:00,59672.16833555202
2030-01-21 01:00:00+00:00,58254.16821004018
2030-01-21 02:00:00+00:00,57737.16810999177
2030-01-21 03:00:00+00:00,57229.16837794889
2030-01-21 04:00:00+00:00,59844.11338488884
2030-01-21 05:00:00+00:00,64375.48128498836
2030-01-21 06:00:00+00:00,62390.66755813176
2030-01-21 07:00:00+00:00,62339.30412188514
2030-01-21 08:00:00+00:00,65976.15313096243
2030-01-21 09:00:00+00:00,69761.15380910992
2030-01-21 10:00:00+00:00,71450.1672921964
2030-01-21 11:00:00+00:00,72191.16818112385
2030-01-21 12:00:00+00:00,70658.16962289784
2030-01-21 13:00:00+00:00,68503.16989739324
2030-01-21 14:00:00+00:00,67567.17034259219
2030-01-21 15:00:00+00:00,67002.14264661877
2030-01-21 16:00:00+00:00,70284.14041822864
2030-01-21 17:00:00+00:00,72844.13839120574
2030-01-21 18:00:00+00:00,71377.13643268049
2030-01-21 19:00:00+00:00,69188.15342636776
2030-01-21 20:00:00+00:00,67423.15173929426
2030-01-21 21:00:00+00:00,66435.15045725531
2030-01-21 22:00:00+00:00,63987.113412855324
2030-01-21 23:00:00+00:00,62689.1256774338
2030-01-22 00:00:00+00:00,60643.1472372125
2030-01-22 01:00:00+00:00,59243.146849579956
2030-01-22 02:00:00+00:00,58932.14627102994
2030-01-22 03:00:00+00:00,59759.14613680781
2030-01-22 04:00:00+00:00,67738.74969286377
2030-01-22 05:00:00+00:00,79609.95328750277
2030-01-22 06:00:00+00:00,84181.93743342941
2030-01-22 07:00:00+00:00,82404.93080962091
2030-01-22 08:00:00+00:00,81540.07281064763
2030-01-22 09:00:00+00:00,82490.08397123887
2030-01-22 10:00:00+00:00,82440.09454727355
2030-01-22 11:00:00+00:00,82868.10104284271
2030-01-22 12:00:00+00:00,82726.10603279588
2030-01-22 13:00:00+00:00,80985.10853829277
2030-01-22 14:00:00+00:00,79384.5685586623
2030-01-22 15:00:00+00:00,77587.15218633339
2030-01-22 16:00:00+00:00,79224.1523268036
2030-01-22 17:00:00+00:00,79750.15234460334
2030-01-22 18:00:00+00:00,78029.15229353367
2030-01-22 19:00:00+00:00,75007.15264775515
2030-01-22 20:00:00+00:00,71497.15071240319
2030-01-22 21:00:00+00:00,68189.15482182358
2030-01-22 22:00:00+00:00,64697.15464869241
2030-01-22 23:00:00+00:00,61391.154347195
2030-01-23 00:00:00+00:00,58786.15445864619
2030-01-23 01:00:00+00:00,57527.15479808203
2030-01-23 02:00:00+00:00,57272.155016533994
2030-01-23 03:00:00+00:00,60586.889675046375
2030-01-23 04:00:00+00:00,70080.64296689832
2030-01-23 05:00:00+00:00,81545.62006848241
2030-01-23 06:00:00+00:00,85529.93890164365
2030-01-23 07:00:00+00:00,82474.47456122539
2030-01-23 08:00:00+00:00,80886.57135924802
2030-01-23 09:00:00+00:00,80136.59567022779
2030-01-23 10:00:00+00:00,79303.08122376846
2030-01-23 11:00:00+00:00,78533.5501465164
2030-01-23 12:00:00+00:00,77836.111835931
2030-01-23 13:00:00+00:00,76377.11237281075
2030-01-23 14:00:00+00:00,74134.21821628019
2030-01-23 15:00:00+00:00,73324.42758462507
2030-01-23 16:00:00+00:00,75872.77012918414
2030-01-23 17:00:00+00:00,77141.83930371069
2030-01-23 18:00:00+00:00,76754.41615657754
2030-01-23 19:00:00+00:00,73116.79048803652
2030-01-23 20:00:00+00:00,68382.43085564167
2030-01-23 21:00:00+00:00,63005.28039165844
2030-01-23 22:00:00+00:00,57898.837546529285
2030-01-23 23:00:00+00:00,54427.32737127297
2030-01-24 00:00:00+00:00,52857.84925845272
2030-01-24 01:00:00+00:00,51734.56973686228
2030-01-24 02:00:00+00:00,51785.04949320631
2030-01-24 03:00:00+00:00,56207.545167549084
2030-01-24 04:00:00+00:00,71087.74543387548
2030-01-24 05:00:00+00:00,81063.89576544963
2030-01-24 06:00:00+00:00,84306.46222588782
2030-01-24 07:00:00+00:00,81295.74370938461
2030-01-24 08:00:00+00:00,77715.06778495133
2030-01-24 09:00:00+00:00,75839.80999545744
2030-01-24 10:00:00+00:00,75526.06505664758
2030-01-24 11:00:00+00:00,74844.92886499604
2030-01-24 12:00:00+00:00,73271.7664001195
2030-01-24 13:00:00+00:00,71892.06976114635
2030-01-24 14:00:00+00:00,71044.6092518463
2030-01-24 15:00:00+00:00,72318.8355647155
2030-01-24 16:00:00+00:00,74386.57003137982
2030-01-24 17:00:00+00:00,75728.23659518348
2030-01-24 18:00:00+00:00,74491.62230493862
2030-01-24 19:00:00+00:00,71737.11472943668
2030-01-24 20:00:00+00:00,66011.26553268098
2030-01-24 21:00:00+00:00,60841.98205935785
2030-01-24 22:00:00+00:00,56025.512787248364
2030-01-24 23:00:00+00:00,52888.042493503104
2030-01-25 00:00:00+00:00,50083.42554772582
2030-01-25 01:00:00+00:00,48715.59289588923
2030-01-25 02:00:00+00:00,49758.82859753396
2030-01-25 03:00:00+00:00,56906.5908337219
2030-01-25 04:00:00+00:00,74614.89451396695
2030-01-25 05:00:00+00:00,80812.8960812553
2030-01-25 06:00:00+00:00,85894.88177527845
2030-01-25 07:00:00+00:00,83905.24537133839
2030-01-25 08:00:00+00:00,85375.9190004577
2030-01-25 09:00:00+00:00,78951.55444033431
2030-01-25 10:00:00+00:00,78309.62752389544
2030-01-25 11:00:00+00:00,76195.07990924355
2030-01-25 12:00:00+00:00,75896.43593972478
2030-01-25 13:00:00+00:00,75115.22446503093
2030-01-25 14:00:00+00:00,74409.07215324417
2030-01-25 15:00:00+00:00,74521.86865405853
2030-01-25 16:00:00+00:00,75168.2150586717
2030-01-25 17:00:00+00:00,77933.83339158617
2030-01-25 18:00:00+00:00,81091.25413825944
2030-01-25 19:00:00+00:00,78207.49780293494
2030-01-25 20:00:00+00:00,70657.75403699858
2030-01-25 21:00:00+00:00,67228.34388845378
2030-01-25 22:00:00+00:00,63292.520508416346
2030-01-25 23:00:00+00:00,59767.116023741175
2030-01-26 00:00:00+00:00,57486.16326098345
2030-01-26 01:00:00+00:00,56807.16276843103
2030-01-26 02:00:00+00:00,57091.162384235926
2030-01-26 03:00:00+00:00,63485.59386975326
2030-01-26 04:00:00+00:00,73312.9634889727
2030-01-26 05:00:00+00:00,78936.96341375593
2030-01-26 06:00:00+00:00,85095.80583846828
2030-01-26 07:00:00+00:00,86796.49154363199
2030-01-26 08:00:00+00:00,104009.00119143914
2030-01-26 09:00:00+00:00,101529.11291018609
2030-01-26 10:00:00+00:00,99688.49454406509
2030-01-26 11:00:00+00:00,99476.30339102689
2030-01-26 12:00:00+00:00,98602.16781534298
2030-01-26 13:00:00+00:00,97588.68764333084
2030-01-26 14:00:00+00:00,91476.72774628934
2030-01-26 15:00:00+00:00,86079.76565741895
2030-01-26 16:00:00+00:00,89526.71259036021
2030-01-26 17:00:00+00:00,90566.86755498938
2030-01-26 18:00:00+00:00,92900.44381699737
2030-01-26 19:00:00+00:00,93228.1318411274
2030-01-26 20:00:00+00:00,88894.41242688127
2030-01-26 21:00:00+00:00,86430.05011170637
2030-01-26 22:00:00+00:00,86029.48054759254
2030-01-26 23:00:00+00:00,82939.32451982364
2030-01-27 00:00:00+00:00,77721.10182246653
2030-01-27 01:00:00+00:00,77979.53912949066
2030-01-27 02:00:00+00:00,79620.21255618111
2030-01-27 03:00:00+00:00,82176.83578256235
2030-01-27 04:00:00+00:00,87025.11593606455
2030-01-27 05:00:00+00:00,89008.11178831084
2030-01-27 06:00:00+00:00,90458.32044332384
2030-01-27 07:00:00+00:00,94754.99578367687
2030-01-27 08:00:00+00:00,111639.88279051182
2030-01-27 09:00:00+00:00,120753.7670042932
2030-01-27 10:00:00+00:00,118009.20476399793
2030-01-27 11:00:00+00:00,117182.773395935
2030-01-27 12:00:00+00:00,112875.25789000849
2030-01-27 13:00:00+00:00,109394.79117986823
2030-01-27 14:00:00+00:00,106364.8671968705
2030-01-27 15:00:00+00:00,98015.43211658887
2030-01-27 16:00:00+00:00,97377.02116573314
2030-01-27 17:00:00+00:00,97328.96793976698
2030-01-27 18:00:00+00:00,93053.41496406173
2030-01-27 19:00:00+00:00,87819.70048885506
2030-01-27 20:00:00+00:00,84622.80324990663
2030-01-27 21:00:00+00:00,83797.27154011969
2030-01-27 22:00:00+00:00,78878.08559711151
2030-01-27 23:00:00+00:00,73213.10092221733
2030-01-28 00:00:00+00:00,69515.0306896464
2030-01-28 01:00:00+00:00,69140.86534548647
2030-01-28 02:00:00+00:00,68805.96366281359
2030-01-28 03:00:00+00:00,70689.81151195455
2030-01-28 04:00:00+00:00,75919.88870410196
2030-01-28 05:00:00+00:00,69432.6502787612
2030-01-28 06:00:00+00:00,60080.6964045334
2030-01-28 07:00:00+00:00,57532.097246467165
2030-01-28 08:00:00+00:00,82029.43925582634
2030-01-28 09:00:00+00:00,107478.7502644388
2030-01-28 10:00:00+00:00,115071.15594830351
2030-01-28 11:00:00+00:00,119370.52732547912
2030-01-28 12:00:00+00:00,112819.62861307562
2030-01-28 13:00:00+00:00,98116.31856516033
2030-01-28 14:00:00+00:00,78594.76570588062
2030-01-28 15:00:00+00:00,64148.64455709145
2030-01-28 16:00:00+00:00,62855.627714594644
2030-01-28 17:00:00+00:00,69368.97197716028
2030-01-28 18:00:00+00:00,80083.69344331029
2030-01-28 19:00:00+00:00,90268.64406537396
2030-01-28 20:00:00+00:00,99625.47227609594
2030-01-28 21:00:00+00:00,107439.62481466742
2030-01-28 22:00:00+00:00,112259.06707474188
2030-01-28 23:00:00+00:00,113761.65876284204
2030-01-29 00:00:00+00:00,113792.66276166339
2030-01-29 01:00:00+00:00,113918.65079815107
2030-01-29 02:00:00+00:00,114856.12842669363
2030-01-29 03:00:00+00:00,115045.69916297111
2030-01-29 04:00:00+00:00,114932.50229396782
2030-01-29 05:00:00+00:00,113519.22803376617
2030-01-29 06:00:00+00:00,110617.89641227537
2030-01-29 07:00:00+00:00,108605.92645520333
2030-01-29 08:00:00+00:00,114575.8669596077
2030-01-29 09:00:00+00:00,117628.71050989872
2030-01-29 10:00:00+00:00,118974.96136093084
2030-01-29 11:00:00+00:00,118259.99535026353
2030-01-29 12:00:00+00:00,116435.30316147191
2030-01-29 13:00:00+00:00,113729.93959531118
2030-01-29 14:00:00+00:00,109473.82062957315
2030-01-29 15:00:00+00:00,101673.42584188256
2030-01-29 16:00:00+00:00,101957.22323405008
2030-01-29 17:00:00+00:00,104993.82166449644
2030-01-29 18:00:00+00:00,108736.26617707606
2030-01-29 19:00:00+00:00,112473.93441064413
2030-01-29 20:00:00+00:00,114242.85973078193
2030-01-29 21:00:00+00:00,114129.15478691517
2030-01-29 22:00:00+00:00,114235.30155686832
2030-01-29 23:00:00+00:00,114622.95791718448
2030-01-30 00:00:00+00:00,110247.12547042755
2030-01-30 01:00:00+00:00,110175.17587296499
2030-01-30 02:00:00+00:00,111494.71816001578
2030-01-30 03:00:00+00:00,116095.22236363443
2030-01-30 04:00:00+00:00,115225.27267231923
2030-01-30 05:00:00+00:00,113037.96027386773
2030-01-30 06:00:00+00:00,110182.00289469247
2030-01-30 07:00:00+00:00,108680.55252746423
2030-01-30 08:00:00+00:00,114432.14968856587
2030-01-30 09:00:00+00:00,119301.02662794606
2030-01-30 10:00:00+00:00,122410.26108866776
2030-01-30 11:00:00+00:00,124021.93046843621
2030-01-30 12:00:00+00:00,124161.28718003139
2030-01-30 13:00:00+00:00,123989.58572338961
2030-01-30 14:00:00+00:00,116897.35745700229
2030-01-30 15:00:00+00:00,108147.5570247689
2030-01-30 16:00:00+00:00,105051.61936821992
2030-01-30 17:00:00+00:00,107911.0174659402
2030-01-30 18:00:00+00:00,111482.96493340685
2030-01-30 19:00:00+00:00,114937.25270695216
2030-01-30 20:00:00+00:00,117041.61177240255
2030-01-30 21:00:00+00:00,117305.70629597717
2030-01-30 22:00:00+00:00,119106.48111855426
2030-01-30 23:00:00+00:00,118754.89729888678
2030-01-31 00:00:00+00:00,120763.99307930196
2030-01-31 01:00:00+00:00,121016.8525198999
2030-01-31 02:00:00+00:00,120896.88432834862
2030-01-31 03:00:00+00:00,120642.73769009972
2030-01-31 04:00:00+00:00,120064.08111665027
2030-01-31 05:00:00+00:00,118051.21204690616
2030-01-31 06:00:00+00:00,114972.75731578967
2030-01-31 07:00:00+00:00,113403.49479515392
2030-01-31 08:00:00+00:00,133122.02196665888
2030-01-31 09:00:00+00:00,146803.98103099212
2030-01-31 10:00:00+00:00,148911.02387956684
2030-01-31 11:00:00+00:00,149437.6923063569
2030-01-31 12:00:00+00:00,147573.759395344
2030-01-31 13:00:00+00:00,135803.03473711302
2030-01-31 14:00:00+00:00,122790.1627997299
2030-01-31 15:00:00+00:00,111955.5590835801
2030-01-31 16:00:00+00:00,107839.86311200814
2030-01-31 17:00:00+00:00,109776.7782688455
2030-01-31 18:00:00+00:00,112682.51010531056
2030-01-31 19:00:00+00:00,115694.45204919524
2030-01-31 20:00:00+00:00,117276.27471806612
2030-01-31 21:00:00+00:00,117986.84956480234
2030-01-31 22:00:00+00:00,118803.32385892434
2030-01-31 23:00:00+00:00,120334.76057027772
2030-02-01 00:00:00+00:00,121072.01411546083
2030-02-01 01:00:00+00:00,120846.52608654325
2030-02-01 02:00:00+00:00,121192.12100906463
2030-02-01 03:00:00+00:00,121202.57218687682
2030-02-01 04:00:00+00:00,121290.80023451181
2030-02-01 05:00:00+00:00,116468.6693406912
2030-02-01 06:00:00+00:00,103150.43512183003
2030-02-01 07:00:00+00:00,91500.37264554747
2030-02-01 08:00:00+00:00,111647.64148689099
2030-02-01 09:00:00+00:00,115500.11951849007
2030-02-01 10:00:00+00:00,109178.92155899892
2030-02-01 11:00:00+00:00,105816.18238936357
2030-02-01 12:00:00+00:00,95911.7789859437
2030-02-01 13:00:00+00:00,79105.97553077404
2030-02-01 14:00:00+00:00,77088.05741521606
2030-02-01 15:00:00+00:00,76379.49019085348
2030-02-01 16:00:00+00:00,78019.10785200763
2030-02-01 17:00:00+00:00,80889.5584386412
2030-02-01 18:00:00+00:00,80261.49709205398
2030-02-01 19:00:00+00:00,77456.53673882957
2030-02-01 20:00:00+00:00,73879.42879357547
2030-02-01 21:00:00+00:00,70428.72581866119
2030-02-01 22:00:00+00:00,65247.26983696874
2030-02-01 23:00:00+00:00,61724.103468519126
2030-02-02 00:00:00+00:00,61103.76047269434
2030-02-02 01:00:00+00:00,62388.092553476316
2030-02-02 02:00:00+00:00,68893.29081007079
2030-02-02 03:00:00+00:00,74057.75487095004
2030-02-02 04:00:00+00:00,87757.0469056414
2030-02-02 05:00:00+00:00,93804.98681245753
2030-02-02 06:00:00+00:00,100079.47464132073
2030-02-02 07:00:00+00:00,102807.14236865181
2030-02-02 08:00:00+00:00,104889.5476890903
2030-02-02 09:00:00+00:00,104867.28259246438
2030-02-02 10:00:00+00:00,104623.79840693923
2030-02-02 11:00:00+00:00,104466.62651019706
2030-02-02 12:00:00+00:00,102147.69010962572
2030-02-02 13:00:00+00:00,99725.10870268242
2030-02-02 14:00:00+00:00,99184.81799209163
2030-02-02 15:00:00+00:00,94860.81544573602
2030-02-02 16:00:00+00:00,89609.2645797933
2030-02-02 17:00:00+00:00,90891.2916020515
2030-02-02 18:00:00+00:00,93025.46222238013
2030-02-02 19:00:00+00:00,92398.5362509044
2030-02-02 20:00:00+00:00,91749.35060494869
2030-02-02 21:00:00+00:00,86628.58575526389
2030-02-02 22:00:00+00:00,79928.99787085393
2030-02-02 23:00:00+00:00,75223.26720320835
2030-02-03 00:00:00+00:00,75354.66704897888
2030-02-03 01:00:00+00:00,74414.12835770097
2030-02-03 02:00:00+00:00,75415.93978362175
2030-02-03 03:00:00+00:00,79262.087940958
2030-02-03 04:00:00+00:00,84796.95928705171
2030-02-03 05:00:00+00:00,86800.88195009889
2030-02-03 06:00:00+00:00,86605.25261343805
2030-02-03 07:00:00+00:00,88990.28773119321
2030-02-03 08:00:00+00:00,98881.78978384117
2030-02-03 09:00:00+00:00,123394.96559877868
2030-02-03 10:00:00+00:00,131280.61755601052
2030-02-03 11:00:00+00:00,134455.4448538665
2030-02-03 12:00:00+00:00,130889.00878347993
2030-02-03 13:00:00+00:00,124536.6624391519
2030-02-03 14:00:00+00:00,118428.85518902777
2030-02-03 15:00:00+00:00,112074.3625525499
2030-02-03 16:00:00+00:00,107842.68180815892
2030-02-03 17:00:00+00:00,110907.35541344363
2030-02-03 18:00:00+00:00,111843.43208310619
2030-02-03 19:00:00+00:00,112594.98351859684
2030-02-03 20:00:00+00:00,113317.63374052854
2030-02-03 21:00:00+00:00,113907.06768702011
2030-02-03 22:00:00+00:00,114535.54884774447
2030-02-03 23:00:00+00:00,114991.32565874975
2030-02-04 00:00:00+00:00,114024.37394028352
2030-02-04 01:00:00+00:00,105946.29046490956
2030-02-04 02:00:00+00:00,102632.26772258877
2030-02-04 03:00:00+00:00,101768.05036282851
2030-02-04 04:00:00+00:00,102299.0276389225
2030-02-04 05:00:00+00:00,93764.58528654976
2030-02-04 06:00:00+00:00,86274.16824157588
2030-02-04 07:00:00+00:00,84845.97011528855
2030-02-04 08:00:00+00:00,97558.69526879612
2030-02-04 09:00:00+00:00,103207.13965203744
2030-02-04 10:00:00+00:00,108675.63698586277
2030-02-04 11:00:00+00:00,112410.84844860861
2030-02-04 12:00:00+00:00,113831.31414259772
2030-02-04 13:00:00+00:00,111657.00757690336
2030-02-04 14:00:00+00:00,106406.85050503435
2030-02-04 15:00:00+00:00,101008.50278383163
2030-02-04 16:00:00+00:00,96712.49509148028
2030-02-04 17:00:00+00:00,99825.13452305229
2030-02-04 18:00:00+00:00,103532.34260698761
2030-02-04 19:00:00+00:00,107745.78880609068
2030-02-04 20:00:00+00:00,110181.86714818889
2030-02-04 21:00:00+00:00,112937.30525413761
2030-02-04 22:00:00+00:00,114020.38638823947
2030-02-04 23:00:00+00:00,114404.26827825795
2030-02-05 00:00:00+00:00,115322.48477569355
2030-02-05 01:00:00+00:00,116005.58665083346
2030-02-05 02:00:00+00:00,116150.72075542895
2030-02-05 03:00:00+00:00,116503.77544020466
2030-02-05 04:00:00+00:00,117159.6412074294
2030-02-05 05:00:00+00:00,115204.50982442587
2030-02-05 06:00:00+00:00,111658.17864386132
2030-02-05 07:00:00+00:00,109319.80162728127
2030-02-05 08:00:00+00:00,127023.50221002553
2030-02-05 09:00:00+00:00,136586.61915852362
2030-02-05 10:00:00+00:00,143075.21571746806
2030-02-05 11:00:00+00:00,144514.26538517172
2030-02-05 12:00:00+00:00,142777.97630886466
2030-02-05 13:00:00+00:00,134128.597321092
2030-02-05 14:00:00+00:00,123533.06317661707
2030-02-05 15:00:00+00:00,111863.61053887785
2030-02-05 16:00:00+00:00,87518.34706053317
2030-02-05 17:00:00+00:00,79000.76426798926
2030-02-05 18:00:00+00:00,81961.34569697006
2030-02-05 19:00:00+00:00,83597.97787634355
2030-02-05 20:00:00+00:00,78538.60490808237
2030-02-05 21:00:00+00:00,73559.5647533021
2030-02-05 22:00:00+00:00,68447.19218129017
2030-02-05 23:00:00+00:00,62632.01555274708
2030-02-06 00:00:00+00:00,63648.04721742076
2030-02-06 01:00:00+00:00,63033.14147879401
2030-02-06 02:00:00+00:00,64893.8270810182
2030-02-06 03:00:00+00:00,69385.54751851055
2030-02-06 04:00:00+00:00,77585.45599055268
2030-02-06 05:00:00+00:00,84761.3804874162
2030-02-06 06:00:00+00:00,84605.67600886224
2030-02-06 07:00:00+00:00,85163.0656459636
2030-02-06 08:00:00+00:00,104669.22162211707
2030-02-06 09:00:00+00:00,104520.8102876813
2030-02-06 10:00:00+00:00,103445.50666869305
2030-02-06 11:00:00+00:00,103266.50469900404
2030-02-06 12:00:00+00:00,102919.32245106992
2030-02-06 13:00:00+00:00,101632.0503101809
2030-02-06 14:00:00+00:00,95079.02985695715
2030-02-06 15:00:00+00:00,77051.1279360675
2030-02-06 16:00:00+00:00,77888.28059359382
2030-02-06 17:00:00+00:00,79907.39676518738
2030-02-06 18:00:00+00:00,79091.1178486998
2030-02-06 19:00:00+00:00,75470.11696727059
2030-02-06 20:00:00+00:00,72140.11541986154
2030-02-06 21:00:00+00:00,69841.11333178353
2030-02-06 22:00:00+00:00,66372.11234237901
2030-02-06 23:00:00+00:00,63796.03976920941
2030-02-07 00:00:00+00:00,61410.040829856865
2030-02-07 01:00:00+00:00,59911.040842171475
2030-02-07 02:00:00+00:00,59449.142022997214
2030-02-07 03:00:00+00:00,60524.14229838467
2030-02-07 04:00:00+00:00,63216.156291946645
2030-02-07 05:00:00+00:00,69486.14194883565
2030-02-07 06:00:00+00:00,77090.14192251641
2030-02-07 07:00:00+00:00,80091.14112715037
2030-02-07 08:00:00+00:00,79554.13969536501
2030-02-07 09:00:00+00:00,79776.14300739818
2030-02-07 10:00:00+00:00,80402.14613572501
2030-02-07 11:00:00+00:00,80514.14692495628
2030-02-07 12:00:00+00:00,79454.15051451344
2030-02-07 13:00:00+00:00,77675.15155874226
2030-02-07 14:00:00+00:00,77269.12135441892
2030-02-07 15:00:00+00:00,72988.1635031625
2030-02-07 16:00:00+00:00,74327.16167036587
2030-02-07 17:00:00+00:00,75958.15924564881
2030-02-07 18:00:00+00:00,75231.15796749067
2030-02-07 19:00:00+00:00,72981.15700509412
2030-02-07 20:00:00+00:00,69691.1565982269
2030-02-07 21:00:00+00:00,65347.15589809454
2030-02-07 22:00:00+00:00,61679.15535964767
2030-02-07 23:00:00+00:00,57880.585640481775
2030-02-08 00:00:00+00:00,56276.155109023755
2030-02-08 01:00:00+00:00,55764.154816280745
2030-02-08 02:00:00+00:00,56119.16508834392
2030-02-08 03:00:00+00:00,57607.16427388276
2030-02-08 04:00:00+00:00,61675.955330492216
2030-02-08 05:00:00+00:00,67851.84894526246
2030-02-08 06:00:00+00:00,73917.4828031062
2030-02-08 07:00:00+00:00,76163.37053282352
2030-02-08 08:00:00+00:00,75700.02571378263
2030-02-08 09:00:00+00:00,75464.16815879646
2030-02-08 10:00:00+00:00,76137.16590634576
2030-02-08 11:00:00+00:00,76180.16697136215
2030-02-08 12:00:00+00:00,75451.16832457502
2030-02-08 13:00:00+00:00,73768.16889074832
2030-02-08 14:00:00+00:00,72654.16969411526
2030-02-08 15:00:00+00:00,71590.15680002896
2030-02-08 16:00:00+00:00,72988.15587067688
2030-02-08 17:00:00+00:00,75205.1598384458
2030-02-08 18:00:00+00:00,74232.15906643959
2030-02-08 19:00:00+00:00,71436.15865219821
2030-02-08 20:00:00+00:00,67363.15376026937
2030-02-08 21:00:00+00:00,64281.15364463731
2030-02-08 22:00:00+00:00,60233.1531205479
2030-02-08 23:00:00+00:00,55799.45080815196
2030-02-09 00:00:00+00:00,54174.15266633323
2030-02-09 01:00:00+00:00,54224.152457182376
2030-02-09 02:00:00+00:00,55426.56659953539
2030-02-09 03:00:00+00:00,59300.53327913034
2030-02-09 04:00:00+00:00,62026.86332332427
2030-02-09 05:00:00+00:00,67771.03060254379
2030-02-09 06:00:00+00:00,74386.41370870292
2030-02-09 07:00:00+00:00,76800.72174289469
2030-02-09 08:00:00+00:00,76738.73243142382
2030-02-09 09:00:00+00:00,76885.16133204146
2030-02-09 10:00:00+00:00,76652.16384969038
2030-02-09 11:00:00+00:00,76322.16201061333
2030-02-09 12:00:00+00:00,75509.16436390158
2030-02-09 13:00:00+00:00,72830.16473463233
2030-02-09 14:00:00+00:00,72107.15843520428
2030-02-09 15:00:00+00:00,71001.15938612788
2030-02-09 16:00:00+00:00,71804.15895387696
2030-02-09 17:00:00+00:00,73804.15666377297
2030-02-09 18:00:00+00:00,72322.15531171516
2030-02-09 19:00:00+00:00,69211.15450900214
2030-02-09 20:00:00+00:00,65602.15414130682
2030-02-09 21:00:00+00:00,62489.149570616144
2030-02-09 22:00:00+00:00,58863.14879757317
2030-02-09 23:00:00+00:00,55987.148508125545
2030-02-10 00:00:00+00:00,52969.14812295864
2030-02-10 01:00:00+00:00,51914.147771482116
2030-02-10 02:00:00+00:00,52876.38917847321
2030-02-10 03:00:00+00:00,56505.19991766026
2030-02-10 04:00:00+00:00,60503.82641624151
2030-02-10 05:00:00+00:00,66462.60025168156
2030-02-10 06:00:00+00:00,64535.97642021727
2030-02-10 07:00:00+00:00,61896.99440559013
2030-02-10 08:00:00+00:00,95183.48199729843
2030-02-10 09:00:00+00:00,95880.69527063522
2030-02-10 10:00:00+00:00,96425.20470037553
2030-02-10 11:00:00+00:00,95878.68537688398
2030-02-10 12:00:00+00:00,93645.15797793225
2030-02-10 13:00:00+00:00,91628.95164223875
2030-02-10 14:00:00+00:00,90863.73693135679
2030-02-10 15:00:00+00:00,92348.92007214957
2030-02-10 16:00:00+00:00,78592.38118495895
2030-02-10 17:00:00+00:00,80243.45746731453
2030-02-10 18:00:00+00:00,81450.75867430073
2030-02-10 19:00:00+00:00,82371.3825467336
2030-02-10 20:00:00+00:00,83012.0143644329
2030-02-10 21:00:00+00:00,83249.40601145296
2030-02-10 22:00:00+00:00,79141.26346704672
2030-02-10 23:00:00+00:00,73761.9124829187
2030-02-11 00:00:00+00:00,71501.67330994928
2030-02-11 01:00:00+00:00,71075.5226797781
2030-02-11 02:00:00+00:00,72504.1464769699
2030-02-11 03:00:00+00:00,76864.52369734942
2030-02-11 04:00:00+00:00,81777.01316144768
2030-02-11 05:00:00+00:00,73082.27786994429
2030-02-11 06:00:00+00:00,64709.862965045846
2030-02-11 07:00:00+00:00,66648.96467168936
2030-02-11 08:00:00+00:00,90121.88967079317
2030-02-11 09:00:00+00:00,97769.57881633738
2030-02-11 10:00:00+00:00,120435.7234214422
2030-02-11 11:00:00+00:00,122711.03293324038
2030-02-11 12:00:00+00:00,114628.55793273728
2030-02-11 13:00:00+00:00,90540.00370582422
2030-02-11 14:00:00+00:00,88761.45856529316
2030-02-11 15:00:00+00:00,75938.33630282602
2030-02-11 16:00:00+00:00,62504.1749115836
2030-02-11 17:00:00+00:00,66471.1775074292
2030-02-11 18:00:00+00:00,65690.18364346698
2030-02-11 19:00:00+00:00,63822.183298964286
2030-02-11 20:00:00+00:00,61496.182440212906
2030-02-11 21:00:00+00:00,60367.17966151983
2030-02-11 22:00:00+00:00,58410.17674675601
2030-02-11 23:00:00+00:00,55622.17523109449
2030-02-12 00:00:00+00:00,54312.166889330605
2030-02-12 01:00:00+00:00,53949.166058978815
2030-02-12 02:00:00+00:00,54209.16550095105
2030-02-12 03:00:00+00:00,55105.16622920573
2030-02-12 04:00:00+00:00,56743.577465258146
2030-02-12 05:00:00+00:00,64164.40225893805
2030-02-12 06:00:00+00:00,69698.67776337481
2030-02-12 07:00:00+00:00,71761.1648578861
2030-02-12 08:00:00+00:00,73313.17676608043
2030-02-12 09:00:00+00:00,73974.17690529338
2030-02-12 10:00:00+00:00,75025.17782163077
2030-02-12 11:00:00+00:00,75981.17895756417
2030-02-12 12:00:00+00:00,75406.1805257608
2030-02-12 13:00:00+00:00,73182.16874110009
2030-02-12 14:00:00+00:00,72719.51784317405
2030-02-12 15:00:00+00:00,69176.1590440261
2030-02-12 16:00:00+00:00,69255.15906272433
2030-02-12 17:00:00+00:00,72035.15816134388
2030-02-12 18:00:00+00:00,71395.15770035645
2030-02-12 19:00:00+00:00,68721.15750389347
2030-02-12 20:00:00+00:00,65937.15350882008
2030-02-12 21:00:00+00:00,63013.15258672856
2030-02-12 22:00:00+00:00,59972.15206603856
2030-02-12 23:00:00+00:00,56690.15191948973
2030-02-13 00:00:00+00:00,56088.151613744034
2030-02-13 01:00:00+00:00,55639.15143136526
2030-02-13 02:00:00+00:00,55217.15140248602
2030-02-13 03:00:00+00:00,56987.31289659458
2030-02-13 04:00:00+00:00,62133.091100932084
2030-02-13 05:00:00+00:00,70078.01107492362
2030-02-13 06:00:00+00:00,74694.94229012597
2030-02-13 07:00:00+00:00,75658.50649463953
2030-02-13 08:00:00+00:00,75446.89098059192
2030-02-13 09:00:00+00:00,74824.58156746502
2030-02-13 10:00:00+00:00,73839.16087192412
2030-02-13 11:00:00+00:00,73265.16582306105
2030-02-13 12:00:00+00:00,72021.17011685041
2030-02-13 13:00:00+00:00,70233.16534347089
2030-02-13 14:00:00+00:00,69722.15944450242
2030-02-13 15:00:00+00:00,70265.1609556703
2030-02-13 16:00:00+00:00,70743.16030358196
2030-02-13 17:00:00+00:00,74113.15813607731
2030-02-13 18:00:00+00:00,74099.15657009657
2030-02-13 19:00:00+00:00,71292.15496026761
2030-02-13 20:00:00+00:00,68064.15082203796
2030-02-13 21:00:00+00:00,65156.149554115145
2030-02-13 22:00:00+00:00,59980.2213151054
2030-02-13 23:00:00+00:00,59419.39841463452
2030-02-14 00:00:00+00:00,55649.07925404032
2030-02-14 01:00:00+00:00,56873.56328882661
2030-02-14 02:00:00+00:00,57286.04722571226
2030-02-14 03:00:00+00:00,57611.03809216626
2030-02-14 04:00:00+00:00,61299.24976347211
2030-02-14 05:00:00+00:00,68152.0841190719
2030-02-14 06:00:00+00:00,74417.70887119228
2030-02-14 07:00:00+00:00,75455.026605008
2030-02-14 08:00:00+00:00,76107.07211504667
2030-02-14 09:00:00+00:00,77234.1699747291
2030-02-14 10:00:00+00:00,90929.77554605351
2030-02-14 11:00:00+00:00,105794.03060156244
2030-02-14 12:00:00+00:00,96548.47938014964
2030-02-14 13:00:00+00:00,78253.1197329775
2030-02-14 14:00:00+00:00,74528.14422381466
2030-02-14 15:00:00+00:00,73329.14508606918
2030-02-14 16:00:00+00:00,74646.14130629905
2030-02-14 17:00:00+00:00,76428.88513036385
2030-02-14 18:00:00+00:00,76120.13207478514
2030-02-14 19:00:00+00:00,73424.12921656243
2030-02-14 20:00:00+00:00,70076.12628480626
2030-02-14 21:00:00+00:00,66261.09410319853
2030-02-14 22:00:00+00:00,62344.09315849886
2030-02-14 23:00:00+00:00,58637.04626884566
2030-02-15 00:00:00+00:00,56248.046127846384
2030-02-15 01:00:00+00:00,55580.99193100819
2030-02-15 02:00:00+00:00,55788.946232440474
2030-02-15 03:00:00+00:00,55702.03836361114
2030-02-15 04:00:00+00:00,57929.95543658223
2030-02-15 05:00:00+00:00,63996.60413440842
2030-02-15 06:00:00+00:00,70582.0979475287
2030-02-15 07:00:00+00:00,71800.88955606293
2030-02-15 08:00:00+00:00,71204.23082732863
2030-02-15 09:00:00+00:00,71785.24088381922
2030-02-15 10:00:00+00:00,72134.2767763445
2030-02-15 11:00:00+00:00,72445.37152066424
2030-02-15 12:00:00+00:00,75209.30945663268
2030-02-15 13:00:00+00:00,70623.43195309717
2030-02-15 14:00:00+00:00,69311.13404446648
2030-02-15 15:00:00+00:00,68811.1323228707
2030-02-15 16:00:00+00:00,69918.13283972339
2030-02-15 17:00:00+00:00,72463.13245984477
2030-02-15 18:00:00+00:00,72669.13290911165
2030-02-15 19:00:00+00:00,70798.13232476053
2030-02-15 20:00:00+00:00,66828.13235016585
2030-02-15 21:00:00+00:00,63310.13146678766
2030-02-15 22:00:00+00:00,59271.13069593844
2030-02-15 23:00:00+00:00,55446.66757346818
2030-02-16 00:00:00+00:00,53727.06711498494
2030-02-16 01:00:00+00:00,52469.44051093083
2030-02-16 02:00:00+00:00,52703.89542347611
2030-02-16 03:00:00+00:00,54099.132057345356
2030-02-16 04:00:00+00:00,57158.13294884541
2030-02-16 05:00:00+00:00,62801.13602038094
2030-02-16 06:00:00+00:00,69817.13298331796
2030-02-16 07:00:00+00:00,72210.13223097833
2030-02-16 08:00:00+00:00,72734.1439514243
2030-02-16 09:00:00+00:00,72663.14526316676
2030-02-16 10:00:00+00:00,72882.14665685411
2030-02-16 11:00:00+00:00,73429.14749979925
2030-02-16 12:00:00+00:00,72157.14923212882
2030-02-16 13:00:00+00:00,70075.14993724064
2030-02-16 14:00:00+00:00,69044.13642122089
2030-02-16 15:00:00+00:00,68402.13610975946
2030-02-16 16:00:00+00:00,70268.13664781091
2030-02-16 17:00:00+00:00,73311.1354431292
2030-02-16 18:00:00+00:00,71963.13483009122
2030-02-16 19:00:00+00:00,68712.1343718262
2030-02-16 20:00:00+00:00,65298.13386365124
2030-02-16 21:00:00+00:00,62090.13274530293
2030-02-16 22:00:00+00:00,57833.132270501046
2030-02-16 23:00:00+00:00,54009.37486897844
2030-02-17 00:00:00+00:00,52059.86551390668
2030-02-17 01:00:00+00:00,51100.396959533624
2030-02-17 02:00:00+00:00,51479.26520121265
2030-02-17 03:00:00+00:00,51884.14573303175
2030-02-17 04:00:00+00:00,52655.145845838306
2030-02-17 05:00:00+00:00,53571.14964243472
2030-02-17 06:00:00+00:00,55664.14520368554
2030-02-17 07:00:00+00:00,58092.144229087164
2030-02-17 08:00:00+00:00,60870.14298164311
2030-02-17 09:00:00+00:00,62573.143360954666
2030-02-17 10:00:00+00:00,63527.143735134065
2030-02-17 11:00:00+00:00,63250.14551628618
2030-02-17 12:00:00+00:00,61761.14766725635
2030-02-17 13:00:00+00:00,59935.14864801339
2030-02-17 14:00:00+00:00,59372.1478829381
2030-02-17 15:00:00+00:00,58991.134979958864
2030-02-17 16:00:00+00:00,60291.1353512791
2030-02-17 17:00:00+00:00,63440.134362292905
2030-02-17 18:00:00+00:00,62678.13351581016
2030-02-17 19:00:00+00:00,59105.13299277699
2030-02-17 20:00:00+00:00,56190.132422693576
2030-02-17 21:00:00+00:00,54557.13123602671
2030-02-17 22:00:00+00:00,52155.130248143105
2030-02-17 23:00:00+00:00,48430.25546244734
2030-02-18 00:00:00+00:00,47001.838146833514
2030-02-18 01:00:00+00:00,45708.069055216714
2030-02-18 02:00:00+00:00,45502.130026213716
2030-02-18 03:00:00+00:00,45904.1299702752
2030-02-18 04:00:00+00:00,47821.56824141982
2030-02-18 05:00:00+00:00,48853.12875713706
2030-02-18 06:00:00+00:00,49717.13147418268
2030-02-18 07:00:00+00:00,51604.12998122038
2030-02-18 08:00:00+00:00,54834.2132000691
2030-02-18 09:00:00+00:00,58013.22244946385
2030-02-18 10:00:00+00:00,60492.25264543755
2030-02-18 11:00:00+00:00,61975.306062204574
2030-02-18 12:00:00+00:00,60424.45541701847
2030-02-18 13:00:00+00:00,60317.7966292709
2030-02-18 14:00:00+00:00,60489.57060935768
2030-02-18 15:00:00+00:00,57297.23463305885
2030-02-18 16:00:00+00:00,58923.23162887132
2030-02-18 17:00:00+00:00,63040.21681484938
2030-02-18 18:00:00+00:00,62610.20557159404
2030-02-18 19:00:00+00:00,60787.19954761092
2030-02-18 20:00:00+00:00,58493.19604427668
2030-02-18 21:00:00+00:00,57795.19159866307
2030-02-18 22:00:00+00:00,58089.19378588011
2030-02-18 23:00:00+00:00,55883.00526234301
2030-02-19 00:00:00+00:00,53508.03766714765
2030-02-19 01:00:00+00:00,52706.03708482989
2030-02-19 02:00:00+00:00,52827.17317180139
2030-02-19 03:00:00+00:00,54297.17457983525
2030-02-19 04:00:00+00:00,57133.176814981234
2030-02-19 05:00:00+00:00,64229.17169751403
2030-02-19 06:00:00+00:00,72336.16561405454
2030-02-19 07:00:00+00:00,76139.16571141857
2030-02-19 08:00:00+00:00,76778.16380126066
2030-02-19 09:00:00+00:00,77439.18372210112
2030-02-19 10:00:00+00:00,78858.18453273522
2030-02-19 11:00:00+00:00,79043.18499583042
2030-02-19 12:00:00+00:00,78138.18634663564
2030-02-19 13:00:00+00:00,76505.18738836655
2030-02-19 14:00:00+00:00,75712.18812427846
2030-02-19 15:00:00+00:00,74562.17727656191
2030-02-19 16:00:00+00:00,74541.17736250108
2030-02-19 17:00:00+00:00,76570.17674813156
2030-02-19 18:00:00+00:00,77064.17617581002
2030-02-19 19:00:00+00:00,73865.17561168128
2030-02-19 20:00:00+00:00,70064.174998127
2030-02-19 21:00:00+00:00,67159.17386189941
2030-02-19 22:00:00+00:00,63270.17269748612
2030-02-19 23:00:00+00:00,59527.110296496205
2030-02-20 00:00:00+00:00,57359.1719823569
2030-02-20 01:00:00+00:00,57269.18177690392
2030-02-20 02:00:00+00:00,57076.180854966915
2030-02-20 03:00:00+00:00,58103.180805166805
2030-02-20 04:00:00+00:00,59932.18351957813
2030-02-20 05:00:00+00:00,66898.16699925602
2030-02-20 06:00:00+00:00,74275.16692615904
2030-02-20 07:00:00+00:00,76042.18095305306
2030-02-20 08:00:00+00:00,76485.1874603093
2030-02-20 09:00:00+00:00,77161.28486255358
2030-02-20 10:00:00+00:00,77813.18879509257
2030-02-20 11:00:00+00:00,77545.18995980003
2030-02-20 12:00:00+00:00,76713.19233537404
2030-02-20 13:00:00+00:00,75033.19257422068
2030-02-20 14:00:00+00:00,73740.19426204893
2030-02-20 15:00:00+00:00,73616.19418860762
2030-02-20 16:00:00+00:00,74931.18565682687
2030-02-20 17:00:00+00:00,77907.1848128068
2030-02-20 18:00:00+00:00,78013.183877609
2030-02-20 19:00:00+00:00,75065.18318711463
2030-02-20 20:00:00+00:00,71631.18228155906
2030-02-20 21:00:00+00:00,68360.1781621457
2030-02-20 22:00:00+00:00,64384.176320559454
2030-02-20 23:00:00+00:00,60863.17575984059
2030-02-21 00:00:00+00:00,59727.17508076037
2030-02-21 01:00:00+00:00,58524.17455754586
2030-02-21 02:00:00+00:00,59188.174574500554
2030-02-21 03:00:00+00:00,60224.17882757746
2030-02-21 04:00:00+00:00,64379.996056521995
2030-02-21 05:00:00+00:00,75216.17364640484
2030-02-21 06:00:00+00:00,78210.74048753762
2030-02-21 07:00:00+00:00,76834.17270754039
2030-02-21 08:00:00+00:00,77358.18440880785
2030-02-21 09:00:00+00:00,78003.18517000868
2030-02-21 10:00:00+00:00,79053.18599416668
2030-02-21 11:00:00+00:00,77783.18685411273
2030-02-21 12:00:00+00:00,77195.18964368195
2030-02-21 13:00:00+00:00,75216.19002949471
2030-02-21 14:00:00+00:00,74416.19167931273
2030-02-21 15:00:00+00:00,74045.18230525631
2030-02-21 16:00:00+00:00,75044.1828560642
2030-02-21 17:00:00+00:00,77534.9678500123
2030-02-21 18:00:00+00:00,78132.18055097944
2030-02-21 19:00:00+00:00,74116.17944557659
2030-02-21 20:00:00+00:00,70638.17865458972
2030-02-21 21:00:00+00:00,67842.1775600472
2030-02-21 22:00:00+00:00,64272.171808838444
2030-02-21 23:00:00+00:00,60885.169422991705
2030-02-22 00:00:00+00:00,58993.169104345725
2030-02-22 01:00:00+00:00,57901.168028479544
2030-02-22 02:00:00+00:00,58034.16764503511
2030-02-22 03:00:00+00:00,58663.17169945084
2030-02-22 04:00:00+00:00,69968.90246363751
2030-02-22 05:00:00+00:00,79148.97598769917
2030-02-22 06:00:00+00:00,84836.72352422233
2030-02-22 07:00:00+00:00,80850.38896107508
2030-02-22 08:00:00+00:00,90005.04669490061
2030-02-22 09:00:00+00:00,89391.97595695916
2030-02-22 10:00:00+00:00,88359.48867933892
2030-02-22 11:00:00+00:00,86961.1409127647
2030-02-22 12:00:00+00:00,86416.10489914624
2030-02-22 13:00:00+00:00,84522.82179542295
2030-02-22 14:00:00+00:00,84011.7154643112
2030-02-22 15:00:00+00:00,79449.3790655898
2030-02-22 16:00:00+00:00,75256.16619353472
2030-02-22 17:00:00+00:00,78284.2722572345
2030-02-22 18:00:00+00:00,79669.616113021
2030-02-22 19:00:00+00:00,75668.64209487585
2030-02-22 20:00:00+00:00,71845.90517733485
2030-02-22 21:00:00+00:00,69304.20489366379
2030-02-22 22:00:00+00:00,66173.60065901354
2030-02-22 23:00:00+00:00,62775.42454447264
2030-02-23 00:00:00+00:00,60962.42445295763
2030-02-23 01:00:00+00:00,60218.507222115106
2030-02-23 02:00:00+00:00,60325.57023295219
2030-02-23 03:00:00+00:00,62132.00383558593
2030-02-23 04:00:00+00:00,66394.0813738241
2030-02-23 05:00:00+00:00,77511.6859017758
2030-02-23 06:00:00+00:00,86126.22222188963
2030-02-23 07:00:00+00:00,89392.18485828037
2030-02-23 08:00:00+00:00,90465.40820289074
2030-02-23 09:00:00+00:00,91130.12703253582
2030-02-23 10:00:00+00:00,91129.81861282731
2030-02-23 11:00:00+00:00,90350.96013304984
2030-02-23 12:00:00+00:00,88454.1367316856
2030-02-23 13:00:00+00:00,86485.83536896225
2030-02-23 14:00:00+00:00,85334.09881354768
2030-02-23 15:00:00+00:00,85199.47566846489
2030-02-23 16:00:00+00:00,82801.82410491673
2030-02-23 17:00:00+00:00,86110.27414730802
2030-02-23 18:00:00+00:00,86830.07394082336
2030-02-23 19:00:00+00:00,83597.01826197971
2030-02-23 20:00:00+00:00,77728.31028174153
2030-02-23 21:00:00+00:00,72411.73990995681
2030-02-23 22:00:00+00:00,64387.11934626583
2030-02-23 23:00:00+00:00,61298.522476810234
2030-02-24 00:00:00+00:00,59846.93711577669
2030-02-24 01:00:00+00:00,58819.75244331096
2030-02-24 02:00:00+00:00,59108.92180491223
2030-02-24 03:00:00+00:00,60621.38093703554
2030-02-24 04:00:00+00:00,64764.47421354198
2030-02-24 05:00:00+00:00,66455.3926802242
2030-02-24 06:00:00+00:00,67065.53302838586
2030-02-24 07:00:00+00:00,72657.23862560514
2030-02-24 08:00:00+00:00,75556.90613602534
2030-02-24 09:00:00+00:00,75805.87330957016
2030-02-24 10:00:00+00:00,76173.42545816237
2030-02-24 11:00:00+00:00,75870.4107750559
2030-02-24 12:00:00+00:00,73921.22216302025
2030-02-24 13:00:00+00:00,72591.89511142424
2030-02-24 14:00:00+00:00,70309.76325220124
2030-02-24 15:00:00+00:00,68137.91548485926
2030-02-24 16:00:00+00:00,63898.19276348265
2030-02-24 17:00:00+00:00,67377.19250583956
2030-02-24 18:00:00+00:00,68896.19241202468
2030-02-24 19:00:00+00:00,65443.19237457179
2030-02-24 20:00:00+00:00,62751.1923911023
2030-02-24 21:00:00+00:00,61648.189684487246
2030-02-24 22:00:00+00:00,58264.18724420059
2030-02-24 23:00:00+00:00,55368.18721913133
2030-02-25 00:00:00+00:00,53582.129387925066
2030-02-25 01:00:00+00:00,52817.131556586646
2030-02-25 02:00:00+00:00,52055.186567470424
2030-02-25 03:00:00+00:00,52030.201642357104
2030-02-25 04:00:00+00:00,51803.2018024373
2030-02-25 05:00:00+00:00,51743.19209511933
2030-02-25 06:00:00+00:00,53062.191989666135
2030-02-25 07:00:00+00:00,55862.19105707065
2030-02-25 08:00:00+00:00,59183.199734730384
2030-02-25 09:00:00+00:00,61949.199310787604
2030-02-25 10:00:00+00:00,63886.19932868993
2030-02-25 11:00:00+00:00,65279.19969531364
2030-02-25 12:00:00+00:00,63222.20061646214
2030-02-25 13:00:00+00:00,61437.20077522822
2030-02-25 14:00:00+00:00,59363.20183918364
2030-02-25 15:00:00+00:00,58365.203129497124
2030-02-25 16:00:00+00:00,60347.12091041905
2030-02-25 17:00:00+00:00,64408.11843288323
2030-02-25 18:00:00+00:00,65996.11600786143
2030-02-25 19:00:00+00:00,63672.11453994781
2030-02-25 20:00:00+00:00,61222.11407302432
2030-02-25 21:00:00+00:00,60807.11206946175
2030-02-25 22:00:00+00:00,58346.10982494478
2030-02-25 23:00:00+00:00,55072.032978481424
2030-02-26 00:00:00+00:00,53845.035092763734
2030-02-26 01:00:00+00:00,52666.03815542263
2030-02-26 02:00:00+00:00,53108.10886423209
2030-02-26 03:00:00+00:00,54585.11053073012
2030-02-26 04:00:00+00:00,57958.144487786674
2030-02-26 05:00:00+00:00,64483.12787257465
2030-02-26 06:00:00+00:00,71962.12895274899
2030-02-26 07:00:00+00:00,74995.09115863904
2030-02-26 08:00:00+00:00,76231.11464894288
2030-02-26 09:00:00+00:00,76940.11761449641
2030-02-26 10:00:00+00:00,77025.1208952848
2030-02-26 11:00:00+00:00,76294.12297513695
2030-02-26 12:00:00+00:00,75886.08264791165
2030-02-26 13:00:00+00:00,74636.083566149
2030-02-26 14:00:00+00:00,73401.758885762
2030-02-26 15:00:00+00:00,69413.19104902344
2030-02-26 16:00:00+00:00,70393.19040538222
2030-02-26 17:00:00+00:00,73409.1874402861
2030-02-26 18:00:00+00:00,73889.18538095278
2030-02-26 19:00:00+00:00,70879.18340581852
2030-02-26 20:00:00+00:00,67262.18234577632
2030-02-26 21:00:00+00:00,63762.18071994059
2030-02-26 22:00:00+00:00,59348.17927632353
2030-02-26 23:00:00+00:00,55281.12752167843
2030-02-27 00:00:00+00:00,54482.233031548305
2030-02-27 01:00:00+00:00,53313.32427148041
2030-02-27 02:00:00+00:00,53546.17745573372
2030-02-27 03:00:00+00:00,54706.17737783662
2030-02-27 04:00:00+00:00,58085.17509627018
2030-02-27 05:00:00+00:00,65279.7581608513
2030-02-27 06:00:00+00:00,70823.90086709251
2030-02-27 07:00:00+00:00,72923.17311226277
2030-02-27 08:00:00+00:00,73670.17435266402
2030-02-27 09:00:00+00:00,74836.17568397886
2030-02-27 10:00:00+00:00,75057.20344121911
2030-02-27 11:00:00+00:00,74250.20959235221
2030-02-27 12:00:00+00:00,73015.2038658149
2030-02-27 13:00:00+00:00,71357.22358375699
2030-02-27 14:00:00+00:00,69810.18964666496
2030-02-27 15:00:00+00:00,69265.18909357881
2030-02-27 16:00:00+00:00,70168.1883890701
2030-02-27 17:00:00+00:00,73134.18387786743
2030-02-27 18:00:00+00:00,73953.18083019045
2030-02-27 19:00:00+00:00,70697.17896244694
2030-02-27 20:00:00+00:00,67314.17786211528
2030-02-27 21:00:00+00:00,63783.176535375795
2030-02-27 22:00:00+00:00,60326.17485308157
2030-02-27 23:00:00+00:00,56495.14701745611
2030-02-28 00:00:00+00:00,54893.99611747757
2030-02-28 01:00:00+00:00,54199.00054899874
2030-02-28 02:00:00+00:00,54682.598269934635
2030-02-28 03:00:00+00:00,55440.17440891182
2030-02-28 04:00:00+00:00,57781.173244400336
2030-02-28 05:00:00+00:00,64736.919730954556
2030-02-28 06:00:00+00:00,70304.17187334668
2030-02-28 07:00:00+00:00,73261.27469181234
2030-02-28 08:00:00+00:00,77175.48789532317
2030-02-28 09:00:00+00:00,77926.94079095584
2030-02-28 10:00:00+00:00,77477.00445391641
2030-02-28 11:00:00+00:00,76965.02905202532
2030-02-28 12:00:00+00:00,75646.04236621244
2030-02-28 13:00:00+00:00,73647.04810844117
2030-02-28 14:00:00+00:00,73576.04059354195
2030-02-28 15:00:00+00:00,73142.9677912783
2030-02-28 16:00:00+00:00,73916.91795252355
2030-02-28 17:00:00+00:00,76827.63410918877
2030-02-28 18:00:00+00:00,74126.4176621034
2030-02-28 19:00:00+00:00,74614.34351255298
2030-02-28 20:00:00+00:00,70867.06180697534
2030-02-28 21:00:00+00:00,67723.05939669796
2030-02-28 22:00:00+00:00,63991.057200891446
2030-02-28 23:00:00+00:00,60127.416730484605
2030-03-01 00:00:00+00:00,58530.59116362073
2030-03-01 01:00:00+00:00,57908.86902634303
2030-03-01 02:00:00+00:00,58138.925127744646
2030-03-01 03:00:00+00:00,58761.054168550916
2030-03-01 04:00:00+00:00,60878.05346925769
2030-03-01 05:00:00+00:00,66522.0712489756
2030-03-01 06:00:00+00:00,73018.96278275915
2030-03-01 07:00:00+00:00,76359.0497371078
2030-03-01 08:00:00+00:00,76790.0536117917
2030-03-01 09:00:00+00:00,76947.06003618674
2030-03-01 10:00:00+00:00,76565.06581896743
2030-03-01 11:00:00+00:00,76080.07038255928
2030-03-01 12:00:00+00:00,74866.07485048621
2030-03-01 13:00:00+00:00,71650.07673703361
2030-03-01 14:00:00+00:00,71179.07856078584
2030-03-01 15:00:00+00:00,71176.05762935875
2030-03-01 16:00:00+00:00,71546.05403163921
2030-03-01 17:00:00+00:00,72795.03788887634
2030-03-01 18:00:00+00:00,73397.01603906692
2030-03-01 19:00:00+00:00,70469.98764379871
2030-03-01 20:00:00+00:00,66905.90732629591
2030-03-01 21:00:00+00:00,63991.72160010897
2030-03-01 22:00:00+00:00,58858.76309650482
2030-03-01 23:00:00+00:00,53237.26624989881
2030-03-02 00:00:00+00:00,51482.54386068304
2030-03-02 01:00:00+00:00,50872.19425013694
2030-03-02 02:00:00+00:00,50679.305215889304
2030-03-02 03:00:00+00:00,51471.28837083723
2030-03-02 04:00:00+00:00,52288.27939913391
2030-03-02 05:00:00+00:00,52964.27527410031
2030-03-02 06:00:00+00:00,54723.27024142717
2030-03-02 07:00:00+00:00,60683.10534742079
2030-03-02 08:00:00+00:00,69814.57076964539
2030-03-02 09:00:00+00:00,71174.89043067658
2030-03-02 10:00:00+00:00,72356.99720365209
2030-03-02 11:00:00+00:00,84673.3502784349
2030-03-02 12:00:00+00:00,85077.43476622536
2030-03-02 13:00:00+00:00,81253.53814063886
2030-03-02 14:00:00+00:00,66371.43636037654
2030-03-02 15:00:00+00:00,66320.57335403
2030-03-02 16:00:00+00:00,61022.79985181097
2030-03-02 17:00:00+00:00,64303.80664298384
2030-03-02 18:00:00+00:00,66193.8066594991
2030-03-02 19:00:00+00:00,63817.80503760811
2030-03-02 20:00:00+00:00,60363.8067444874
2030-03-02 21:00:00+00:00,59430.791716189575
2030-03-02 22:00:00+00:00,56257.658021834686
2030-03-02 23:00:00+00:00,53308.78997987816
2030-03-03 00:00:00+00:00,51400.769043241125
2030-03-03 01:00:00+00:00,52482.91933614959
2030-03-03 02:00:00+00:00,51213.094089013786
2030-03-03 03:00:00+00:00,51387.76675180654
2030-03-03 04:00:00+00:00,54367.15732577605
2030-03-03 05:00:00+00:00,52871.52397175467
2030-03-03 06:00:00+00:00,51776.806795529934
2030-03-03 07:00:00+00:00,62873.44935488709
2030-03-03 08:00:00+00:00,65810.92882083448
2030-03-03 09:00:00+00:00,67720.82840326533
2030-03-03 10:00:00+00:00,67692.5486715064
2030-03-03 11:00:00+00:00,67585.91920286103
2030-03-03 12:00:00+00:00,74186.15370659527
2030-03-03 13:00:00+00:00,72956.4813968804
2030-03-03 14:00:00+00:00,68905.71263524344
2030-03-03 15:00:00+00:00,55612.17979963346
2030-03-03 16:00:00+00:00,58202.1025228986
2030-03-03 17:00:00+00:00,63425.098014229516
2030-03-03 18:00:00+00:00,65360.09159572909
2030-03-03 19:00:00+00:00,63410.08505234578
2030-03-03 20:00:00+00:00,60831.078135384494
2030-03-03 21:00:00+00:00,59857.06857043305
2030-03-03 22:00:00+00:00,57603.05402122558
2030-03-03 23:00:00+00:00,54083.46059203291
2030-03-04 00:00:00+00:00,52581.476753095565
2030-03-04 01:00:00+00:00,52733.82929829597
2030-03-04 02:00:00+00:00,52560.86485156594
2030-03-04 03:00:00+00:00,54012.94407364087
2030-03-04 04:00:00+00:00,57094.895534558
2030-03-04 05:00:00+00:00,64467.7496055968
2030-03-04 06:00:00+00:00,71509.65044310594
2030-03-04 07:00:00+00:00,75201.0894873725
2030-03-04 08:00:00+00:00,100763.71547679332
2030-03-04 09:00:00+00:00,107215.18055032889
2030-03-04 10:00:00+00:00,129017.91825463151
2030-03-04 11:00:00+00:00,138284.08938375668
2030-03-04 12:00:00+00:00,134744.22944903362
2030-03-04 13:00:00+00:00,125774.40154514654
2030-03-04 14:00:00+00:00,96776.85748222406
2030-03-04 15:00:00+00:00,96713.44069292233
2030-03-04 16:00:00+00:00,87191.978291367
2030-03-04 17:00:00+00:00,81491.98153921001
2030-03-04 18:00:00+00:00,84268.52272276509
2030-03-04 19:00:00+00:00,88024.4968004473
2030-03-04 20:00:00+00:00,89229.65615482998
2030-03-04 21:00:00+00:00,80085.76138728333
2030-03-04 22:00:00+00:00,73416.81915211849
2030-03-04 23:00:00+00:00,68091.97151417503
2030-03-05 00:00:00+00:00,64167.29559587438
2030-03-05 01:00:00+00:00,63526.00971934607
2030-03-05 02:00:00+00:00,65408.70195838297
2030-03-05 03:00:00+00:00,70164.25031225494
2030-03-05 04:00:00+00:00,82085.2071028829
2030-03-05 05:00:00+00:00,86778.46589676452
2030-03-05 06:00:00+00:00,84009.35822041688
2030-03-05 07:00:00+00:00,98205.95781557927
2030-03-05 08:00:00+00:00,102165.53763362105
2030-03-05 09:00:00+00:00,131907.6697272197
2030-03-05 10:00:00+00:00,147924.35986807733
2030-03-05 11:00:00+00:00,147349.50891532472
2030-03-05 12:00:00+00:00,145363.97115490632
2030-03-05 13:00:00+00:00,124263.64230447842
2030-03-05 14:00:00+00:00,94951.57244803758
2030-03-05 15:00:00+00:00,93692.13312609287
2030-03-05 16:00:00+00:00,75855.1280326933
2030-03-05 17:00:00+00:00,77390.1205539004
2030-03-05 18:00:00+00:00,78140.11324805126
2030-03-05 19:00:00+00:00,75209.10803302994
2030-03-05 20:00:00+00:00,71648.1047292229
2030-03-05 21:00:00+00:00,68019.51785960725
2030-03-05 22:00:00+00:00,63390.41498627653
2030-03-05 23:00:00+00:00,59833.69943049106
2030-03-06 00:00:00+00:00,57374.23438982325
2030-03-06 01:00:00+00:00,56330.16246866793
2030-03-06 02:00:00+00:00,57123.10114335292
2030-03-06 03:00:00+00:00,59152.87894865385
2030-03-06 04:00:00+00:00,61410.07540269855
2030-03-06 05:00:00+00:00,66736.07361509865
2030-03-06 06:00:00+00:00,72673.07280704417
2030-03-06 07:00:00+00:00,75441.08146133597
2030-03-06 08:00:00+00:00,75892.09833240809
2030-03-06 09:00:00+00:00,76426.1094346639
2030-03-06 10:00:00+00:00,82795.65032372215
2030-03-06 11:00:00+00:00,121946.6129274748
2030-03-06 12:00:00+00:00,116550.03394115623
2030-03-06 13:00:00+00:00,91193.45173619478
2030-03-06 14:00:00+00:00,80318.1283915514
2030-03-06 15:00:00+00:00,73166.85986974424
2030-03-06 16:00:00+00:00,74060.99241103684
2030-03-06 17:00:00+00:00,75804.98929383028
2030-03-06 18:00:00+00:00,77547.96976473271
2030-03-06 19:00:00+00:00,74674.97335928693
2030-03-06 20:00:00+00:00,70394.90097827424
2030-03-06 21:00:00+00:00,67445.9385716784
2030-03-06 22:00:00+00:00,63563.40171992649
2030-03-06 23:00:00+00:00,60617.05272827921
2030-03-07 00:00:00+00:00,58760.56936221397
2030-03-07 01:00:00+00:00,58007.65711304504
2030-03-07 02:00:00+00:00,60429.15664325058
2030-03-07 03:00:00+00:00,63521.33339668501
2030-03-07 04:00:00+00:00,64802.207171670954
2030-03-07 05:00:00+00:00,66762.99983143473
2030-03-07 06:00:00+00:00,72103.99121471311
2030-03-07 07:00:00+00:00,92159.92143824763
2030-03-07 08:00:00+00:00,116702.98893974049
2030-03-07 09:00:00+00:00,120365.43555432906
2030-03-07 10:00:00+00:00,119894.12465261167
2030-03-07 11:00:00+00:00,119397.10058942257
2030-03-07 12:00:00+00:00,117223.47801969072
2030-03-07 13:00:00+00:00,115041.78937216528
2030-03-07 14:00:00+00:00,111440.54855910342
2030-03-07 15:00:00+00:00,89305.63312085872
2030-03-07 16:00:00+00:00,79065.72541817937
2030-03-07 17:00:00+00:00,75868.98015665567
2030-03-07 18:00:00+00:00,81113.82755658095
2030-03-07 19:00:00+00:00,85118.06409923818
2030-03-07 20:00:00+00:00,85887.6472120183
2030-03-07 21:00:00+00:00,78999.81612842913
2030-03-07 22:00:00+00:00,73657.07603122618
2030-03-07 23:00:00+00:00,73184.44866537444
2030-03-08 00:00:00+00:00,72903.47745081346
2030-03-08 01:00:00+00:00,73000.32949257709
2030-03-08 02:00:00+00:00,73774.37921601227
2030-03-08 03:00:00+00:00,75192.40580797927
2030-03-08 04:00:00+00:00,81117.83732410774
2030-03-08 05:00:00+00:00,86869.28979175651
2030-03-08 06:00:00+00:00,83822.18087518678
2030-03-08 07:00:00+00:00,102186.55987085619
2030-03-08 08:00:00+00:00,117879.38021239275
2030-03-08 09:00:00+00:00,117680.56449605658
2030-03-08 10:00:00+00:00,118688.38707232558
2030-03-08 11:00:00+00:00,118533.05541313211
2030-03-08 12:00:00+00:00,114016.77676492542
2030-03-08 13:00:00+00:00,110568.63587616567
2030-03-08 14:00:00+00:00,107404.55682162769
2030-03-08 15:00:00+00:00,91347.59823118514
2030-03-08 16:00:00+00:00,76396.92351124038
2030-03-08 17:00:00+00:00,74827.62269527157
2030-03-08 18:00:00+00:00,80100.26733714929
2030-03-08 19:00:00+00:00,83299.9119280832
2030-03-08 20:00:00+00:00,84530.25404649513
2030-03-08 21:00:00+00:00,80073.6703333344
2030-03-08 22:00:00+00:00,73413.20373457257
2030-03-08 23:00:00+00:00,70046.97952161968
2030-03-09 00:00:00+00:00,69039.68628857945
2030-03-09 01:00:00+00:00,68053.06025770158
2030-03-09 02:00:00+00:00,69771.57249905098
2030-03-09 03:00:00+00:00,73155.17502266081
2030-03-09 04:00:00+00:00,78072.35726714152
2030-03-09 05:00:00+00:00,79883.92887332241
2030-03-09 06:00:00+00:00,80680.92448153377
2030-03-09 07:00:00+00:00,86291.23746861907
2030-03-09 08:00:00+00:00,91956.55683870455
2030-03-09 09:00:00+00:00,92971.4443723037
2030-03-09 10:00:00+00:00,91772.25695837487
2030-03-09 11:00:00+00:00,90171.30203923312
2030-03-09 12:00:00+00:00,86800.42839083375
2030-03-09 13:00:00+00:00,84951.61020947572
2030-03-09 14:00:00+00:00,82776.38377932904
2030-03-09 15:00:00+00:00,81256.47543083219
2030-03-09 16:00:00+00:00,81294.07003194976
2030-03-09 17:00:00+00:00,79881.34897637005
2030-03-09 18:00:00+00:00,83682.28595315332
2030-03-09 19:00:00+00:00,85326.26534250786
2030-03-09 20:00:00+00:00,81030.16457797543
2030-03-09 21:00:00+00:00,76621.07816304933
2030-03-09 22:00:00+00:00,70560.69073514777
2030-03-09 23:00:00+00:00,65915.49488302192
2030-03-10 00:00:00+00:00,67660.02060815968
2030-03-10 01:00:00+00:00,67307.12718396982
2030-03-10 02:00:00+00:00,68070.70522770849
2030-03-10 03:00:00+00:00,71978.04481396938
2030-03-10 04:00:00+00:00,77389.79276675588
2030-03-10 05:00:00+00:00,79110.95301587625
2030-03-10 06:00:00+00:00,79202.9894686249
2030-03-10 07:00:00+00:00,84096.49923015693
2030-03-10 08:00:00+00:00,86614.36407635556
2030-03-10 09:00:00+00:00,88265.97383759999
2030-03-10 10:00:00+00:00,89266.43994210564
2030-03-10 11:00:00+00:00,89452.01640227008
2030-03-10 12:00:00+00:00,87879.54653207175
2030-03-10 13:00:00+00:00,85337.79521664011
2030-03-10 14:00:00+00:00,85183.41223007234
2030-03-10 15:00:00+00:00,84580.4779646076
2030-03-10 16:00:00+00:00,78302.99465233777
2030-03-10 17:00:00+00:00,71328.17209278337
2030-03-10 18:00:00+00:00,78714.19570862537
2030-03-10 19:00:00+00:00,76078.98268487955
2030-03-10 20:00:00+00:00,74060.88392634169
2030-03-10 21:00:00+00:00,72697.67207273879
2030-03-10 22:00:00+00:00,67449.17236282809
2030-03-10 23:00:00+00:00,63320.80948042229
2030-03-11 00:00:00+00:00,67270.11504313018
2030-03-11 01:00:00+00:00,65703.31475164645
2030-03-11 02:00:00+00:00,65884.48702986623
2030-03-11 03:00:00+00:00,66167.28722190387
2030-03-11 04:00:00+00:00,66030.62444258168
2030-03-11 05:00:00+00:00,67152.46459950216
2030-03-11 06:00:00+00:00,72545.15633548312
2030-03-11 07:00:00+00:00,81714.60695359089
2030-03-11 08:00:00+00:00,93616.02915231466
2030-03-11 09:00:00+00:00,94306.63801043185
2030-03-11 10:00:00+00:00,93994.62700670863
2030-03-11 11:00:00+00:00,93271.34505398799
2030-03-11 12:00:00+00:00,91178.2248670597
2030-03-11 13:00:00+00:00,91033.21397185946
2030-03-11 14:00:00+00:00,89072.50490462115
2030-03-11 15:00:00+00:00,81415.13694681399
2030-03-11 16:00:00+00:00,74304.16920331643
2030-03-11 17:00:00+00:00,75985.15716974973
2030-03-11 18:00:00+00:00,76437.15483914288
2030-03-11 19:00:00+00:00,73200.1580388343
2030-03-11 20:00:00+00:00,69222.1636508793
2030-03-11 21:00:00+00:00,65993.1630190672
2030-03-11 22:00:00+00:00,62253.140645217645
2030-03-11 23:00:00+00:00,59165.13874986927
2030-03-12 00:00:00+00:00,57380.13773451036
2030-03-12 01:00:00+00:00,55763.13617153494
2030-03-12 02:00:00+00:00,56012.13410003558
2030-03-12 03:00:00+00:00,57051.13308698383
2030-03-12 04:00:00+00:00,60786.79247941605
2030-03-12 05:00:00+00:00,69746.69366698226
2030-03-12 06:00:00+00:00,73818.22470618472
2030-03-12 07:00:00+00:00,75172.13704582336
2030-03-12 08:00:00+00:00,75983.16137914768
2030-03-12 09:00:00+00:00,76730.16298237833
2030-03-12 10:00:00+00:00,77544.165109169
2030-03-12 11:00:00+00:00,77333.16652925275
2030-03-12 12:00:00+00:00,76668.16832724374
2030-03-12 13:00:00+00:00,74817.16940115354
2030-03-12 14:00:00+00:00,74166.17054510029
2030-03-12 15:00:00+00:00,72941.13770314689
2030-03-12 16:00:00+00:00,73493.09140456308
2030-03-12 17:00:00+00:00,75413.0767982338
2030-03-12 18:00:00+00:00,75607.04951519537
2030-03-12 19:00:00+00:00,72722.00483344149
2030-03-12 20:00:00+00:00,68871.92943988023
2030-03-12 21:00:00+00:00,65754.27092834201
2030-03-12 22:00:00+00:00,59149.43105996029
2030-03-12 23:00:00+00:00,56212.335799894165
2030-03-13 00:00:00+00:00,53836.29677458843
2030-03-13 01:00:00+00:00,52893.27275286595
2030-03-13 02:00:00+00:00,53480.25550575077
2030-03-13 03:00:00+00:00,57091.69027752604
2030-03-13 04:00:00+00:00,68993.98370187814
2030-03-13 05:00:00+00:00,78496.92664976894
2030-03-13 06:00:00+00:00,82756.13597865391
2030-03-13 07:00:00+00:00,78845.4187251805
2030-03-13 08:00:00+00:00,75552.94372059341
2030-03-13 09:00:00+00:00,76277.0583753949
2030-03-13 10:00:00+00:00,76983.08797889961
2030-03-13 11:00:00+00:00,77116.10116734417
2030-03-13 12:00:00+00:00,76426.11049962253
2030-03-13 13:00:00+00:00,74943.1159312114
2030-03-13 14:00:00+00:00,74808.11958825673
2030-03-13 15:00:00+00:00,73858.12113329006
2030-03-13 16:00:00+00:00,74243.08850728623
2030-03-13 17:00:00+00:00,76368.0675030768
2030-03-13 18:00:00+00:00,76872.006394766
2030-03-13 19:00:00+00:00,74315.37230111507
2030-03-13 20:00:00+00:00,67416.47336341749
2030-03-13 21:00:00+00:00,63687.33641108754
2030-03-13 22:00:00+00:00,59864.29628275932
2030-03-13 23:00:00+00:00,56605.27436169302
2030-03-14 00:00:00+00:00,54103.257068034225
2030-03-14 01:00:00+00:00,53231.24634546561
2030-03-14 02:00:00+00:00,53153.336296290945
2030-03-14 03:00:00+00:00,56827.65393082046
2030-03-14 04:00:00+00:00,67295.4218007961
2030-03-14 05:00:00+00:00,79287.92665116323
2030-03-14 06:00:00+00:00,82467.05718977054
2030-03-14 07:00:00+00:00,77598.95684133407
2030-03-14 08:00:00+00:00,75696.0033111959
2030-03-14 09:00:00+00:00,74938.07586509967
2030-03-14 10:00:00+00:00,75343.10192109075
2030-03-14 11:00:00+00:00,74019.1153131995
2030-03-14 12:00:00+00:00,72846.12089136628
2030-03-14 13:00:00+00:00,70719.12350904058
2030-03-14 14:00:00+00:00,70980.12476458753
2030-03-14 15:00:00+00:00,70180.1261798938
2030-03-14 16:00:00+00:00,71777.09703973056
2030-03-14 17:00:00+00:00,74751.08135477551
2030-03-14 18:00:00+00:00,76367.04618628242
2030-03-14 19:00:00+00:00,74250.98200790316
2030-03-14 20:00:00+00:00,70541.04717004884
2030-03-14 21:00:00+00:00,62944.433998969485
2030-03-14 22:00:00+00:00,59369.33368653785
2030-03-14 23:00:00+00:00,56113.28601553285
2030-03-15 00:00:00+00:00,54128.267700476994
2030-03-15 01:00:00+00:00,52545.25105194068
2030-03-15 02:00:00+00:00,53078.23849335987
2030-03-15 03:00:00+00:00,56236.476024580115
2030-03-15 04:00:00+00:00,65828.11662584939
2030-03-15 05:00:00+00:00,77910.70551286574
2030-03-15 06:00:00+00:00,80038.29357285197
2030-03-15 07:00:00+00:00,77174.9109087939
2030-03-15 08:00:00+00:00,102336.19715739285
2030-03-15 09:00:00+00:00,101017.59415713507
2030-03-15 10:00:00+00:00,101171.4384690254
2030-03-15 11:00:00+00:00,100133.48594718632
2030-03-15 12:00:00+00:00,98831.19144140143
2030-03-15 13:00:00+00:00,96402.86758361076
2030-03-15 14:00:00+00:00,95316.23855174024
2030-03-15 15:00:00+00:00,89520.3240014507
2030-03-15 16:00:00+00:00,81624.06659430743
2030-03-15 17:00:00+00:00,75717.67100648006
2030-03-15 18:00:00+00:00,78860.62504278986
2030-03-15 19:00:00+00:00,81216.24877675038
2030-03-15 20:00:00+00:00,75750.79252145355
2030-03-15 21:00:00+00:00,67774.35441334842
2030-03-15 22:00:00+00:00,60911.293849138485
2030-03-15 23:00:00+00:00,56614.69627306661
2030-03-16 00:00:00+00:00,54419.69120505864
2030-03-16 01:00:00+00:00,54535.183470726624
2030-03-16 02:00:00+00:00,59295.81606940145
2030-03-16 03:00:00+00:00,63159.75410168538
2030-03-16 04:00:00+00:00,66448.27514967557
2030-03-16 05:00:00+00:00,70072.06408487879
2030-03-16 06:00:00+00:00,80067.9501504513
2030-03-16 07:00:00+00:00,124001.36236505752
2030-03-16 08:00:00+00:00,125729.23637124318
2030-03-16 09:00:00+00:00,132877.38649961865
2030-03-16 10:00:00+00:00,135959.50873701382
2030-03-16 11:00:00+00:00,136701.5102393006
2030-03-16 12:00:00+00:00,135254.51048625447
2030-03-16 13:00:00+00:00,133519.4829391456
2030-03-16 14:00:00+00:00,125086.98905394625
2030-03-16 15:00:00+00:00,125237.93580699763
2030-03-16 16:00:00+00:00,115494.51020904697
2030-03-16 17:00:00+00:00,109872.05418181336
2030-03-16 18:00:00+00:00,111621.70487816224
2030-03-16 19:00:00+00:00,113874.17439406502
2030-03-16 20:00:00+00:00,114317.50515393396
2030-03-16 21:00:00+00:00,113880.92597955637
2030-03-16 22:00:00+00:00,112129.8579591272
2030-03-16 23:00:00+00:00,107727.12721768119
2030-03-17 00:00:00+00:00,104178.02022665902
2030-03-17 01:00:00+00:00,103729.3165409115
2030-03-17 02:00:00+00:00,104560.04840935812
2030-03-17 03:00:00+00:00,108014.86451942919
2030-03-17 04:00:00+00:00,109181.57715786208
2030-03-17 05:00:00+00:00,109140.20400310938
2030-03-17 06:00:00+00:00,109356.37538767919
2030-03-17 07:00:00+00:00,115630.53176966112
2030-03-17 08:00:00+00:00,118041.30440367328
2030-03-17 09:00:00+00:00,119096.77201430491
2030-03-17 10:00:00+00:00,119328.4356508376
2030-03-17 11:00:00+00:00,118978.64810504169
2030-03-17 12:00:00+00:00,125466.0283631013
2030-03-17 13:00:00+00:00,124270.2039418472
2030-03-17 14:00:00+00:00,119838.60340192902
2030-03-17 15:00:00+00:00,105771.20242330657
2030-03-17 16:00:00+00:00,95026.85024447691
2030-03-17 17:00:00+00:00,83842.72656563779
2030-03-17 18:00:00+00:00,88737.32372956633
2030-03-17 19:00:00+00:00,92557.38765139782
2030-03-17 20:00:00+00:00,93178.83875648514
2030-03-17 21:00:00+00:00,95654.80682881997
2030-03-17 22:00:00+00:00,98585.93212433628
2030-03-17 23:00:00+00:00,94220.48587355936
2030-03-18 00:00:00+00:00,91397.35319999079
2030-03-18 01:00:00+00:00,89670.51315448713
2030-03-18 02:00:00+00:00,87108.04035457107
2030-03-18 03:00:00+00:00,85398.05072765448
2030-03-18 04:00:00+00:00,82289.05639285423
2030-03-18 05:00:00+00:00,84761.51171234972
2030-03-18 06:00:00+00:00,82730.03880857104
2030-03-18 07:00:00+00:00,89847.72795872953
2030-03-18 08:00:00+00:00,110252.96060813806
2030-03-18 09:00:00+00:00,126182.98022121025
2030-03-18 10:00:00+00:00,126162.64922343803
2030-03-18 11:00:00+00:00,126018.59552996563
2030-03-18 12:00:00+00:00,118318.25525913165
2030-03-18 13:00:00+00:00,98027.96614444326
2030-03-18 14:00:00+00:00,85790.6735921962
2030-03-18 15:00:00+00:00,74019.53098087371
2030-03-18 16:00:00+00:00,74805.33447699052
2030-03-18 17:00:00+00:00,77614.57797908751
2030-03-18 18:00:00+00:00,79141.54928502205
2030-03-18 19:00:00+00:00,75778.41553574265
2030-03-18 20:00:00+00:00,70502.06692702897
2030-03-18 21:00:00+00:00,65307.662967616896
2030-03-18 22:00:00+00:00,62008.65162988703
2030-03-18 23:00:00+00:00,58511.77639798349
2030-03-19 00:00:00+00:00,57437.02027322346
2030-03-19 01:00:00+00:00,57337.87510638857
2030-03-19 02:00:00+00:00,56698.56867512149
2030-03-19 03:00:00+00:00,59249.75170924942
2030-03-19 04:00:00+00:00,66660.34347859016
2030-03-19 05:00:00+00:00,74537.43872223495
2030-03-19 06:00:00+00:00,79021.78452261633
2030-03-19 07:00:00+00:00,84279.24519209523
2030-03-19 08:00:00+00:00,92940.76480992603
2030-03-19 09:00:00+00:00,92360.29682301776
2030-03-19 10:00:00+00:00,90557.2154403288
2030-03-19 11:00:00+00:00,87792.81527826726
2030-03-19 12:00:00+00:00,85740.36975011528
2030-03-19 13:00:00+00:00,85047.98744401902
2030-03-19 14:00:00+00:00,85208.33219646153
2030-03-19 15:00:00+00:00,84486.0433896727
2030-03-19 16:00:00+00:00,70694.18531308863
2030-03-19 17:00:00+00:00,73668.18512993594
2030-03-19 18:00:00+00:00,75018.18345289372
2030-03-19 19:00:00+00:00,72411.18219127944
2030-03-19 20:00:00+00:00,69004.18020105321
2030-03-19 21:00:00+00:00,65056.17897399685
2030-03-19 22:00:00+00:00,60921.1781265154
2030-03-19 23:00:00+00:00,57548.432228790945
2030-03-20 00:00:00+00:00,56397.91684616397
2030-03-20 01:00:00+00:00,55648.023631104385
2030-03-20 02:00:00+00:00,55741.17600482881
2030-03-20 03:00:00+00:00,56603.17616889209
2030-03-20 04:00:00+00:00,59035.17746678736
2030-03-20 05:00:00+00:00,65173.17757573683
2030-03-20 06:00:00+00:00,70285.17741413278
2030-03-20 07:00:00+00:00,73291.18674435868
2030-03-20 08:00:00+00:00,73640.18516304126
2030-03-20 09:00:00+00:00,73124.18592981642
2030-03-20 10:00:00+00:00,72880.18718512647
2030-03-20 11:00:00+00:00,72283.18840861882
2030-03-20 12:00:00+00:00,71437.18944783945
2030-03-20 13:00:00+00:00,70217.19031739303
2030-03-20 14:00:00+00:00,69657.19206611377
2030-03-20 15:00:00+00:00,68673.19319974087
2030-03-20 16:00:00+00:00,69431.1351855316
2030-03-20 17:00:00+00:00,72458.13163608017
2030-03-20 18:00:00+00:00,73836.12709862637
2030-03-20 19:00:00+00:00,71217.12440224562
2030-03-20 20:00:00+00:00,67473.12201765226
2030-03-20 21:00:00+00:00,64134.11997132201
2030-03-20 22:00:00+00:00,60268.118272011896
2030-03-20 23:00:00+00:00,57955.03220759301
2030-03-21 00:00:00+00:00,55219.116121679035
2030-03-21 01:00:00+00:00,54193.04802818879
2030-03-21 02:00:00+00:00,54363.115414931235
2030-03-21 03:00:00+00:00,55482.11407790538
2030-03-21 04:00:00+00:00,58345.144128532134
2030-03-21 05:00:00+00:00,64550.14252276873
2030-03-21 06:00:00+00:00,69614.14105704139
2030-03-21 07:00:00+00:00,72674.14111166813
2030-03-21 08:00:00+00:00,73844.14147270122
2030-03-21 09:00:00+00:00,74749.14515423456
2030-03-21 10:00:00+00:00,74285.14903666358
2030-03-21 11:00:00+00:00,73812.11900619969
2030-03-21 12:00:00+00:00,73180.12272628376
2030-03-21 13:00:00+00:00,71831.12433491531
2030-03-21 14:00:00+00:00,71325.1260844513
2030-03-21 15:00:00+00:00,69765.1267702424
2030-03-21 16:00:00+00:00,71162.12632237011
2030-03-21 17:00:00+00:00,73768.12379486435
2030-03-21 18:00:00+00:00,74810.11725266754
2030-03-21 19:00:00+00:00,72807.11248754809
2030-03-21 20:00:00+00:00,68705.10920446737
2030-03-21 21:00:00+00:00,65521.10457897821
2030-03-21 22:00:00+00:00,61450.10093380264
2030-03-21 23:00:00+00:00,58165.02881279733
2030-03-22 00:00:00+00:00,56061.09846670633
2030-03-22 01:00:00+00:00,56147.09588906052
2030-03-22 02:00:00+00:00,55868.09358018655
2030-03-22 03:00:00+00:00,56904.1639528433
2030-03-22 04:00:00+00:00,59482.16378697303
2030-03-22 05:00:00+00:00,64716.14790328939
2030-03-22 06:00:00+00:00,69883.1702872614
2030-03-22 07:00:00+00:00,105792.78542261859
2030-03-22 08:00:00+00:00,141846.48047111908
2030-03-22 09:00:00+00:00,142137.48036677792
2030-03-22 10:00:00+00:00,143717.48055966594
2030-03-22 11:00:00+00:00,143022.48066111724
2030-03-22 12:00:00+00:00,142294.4799679263
2030-03-22 13:00:00+00:00,140701.48043786624
2030-03-22 14:00:00+00:00,137594.9968354257
2030-03-22 15:00:00+00:00,126581.15280648823
2030-03-22 16:00:00+00:00,112286.61106802699
2030-03-22 17:00:00+00:00,103974.04049890378
2030-03-22 18:00:00+00:00,106245.11730953844
2030-03-22 19:00:00+00:00,109604.08085405952
2030-03-22 20:00:00+00:00,110816.15632520129
2030-03-22 21:00:00+00:00,110834.02412872779
2030-03-22 22:00:00+00:00,110504.07864023806
2030-03-22 23:00:00+00:00,110249.7517879
2030-03-23 00:00:00+00:00,111176.49808233422
2030-03-23 01:00:00+00:00,111269.3192635527
2030-03-23 02:00:00+00:00,112307.19496417581
2030-03-23 03:00:00+00:00,112962.79853359264
2030-03-23 04:00:00+00:00,113623.25668482506
2030-03-23 05:00:00+00:00,113591.10966164214
2030-03-23 06:00:00+00:00,116456.34170446472
2030-03-23 07:00:00+00:00,126231.50743183993
2030-03-23 08:00:00+00:00,129074.50519635955
2030-03-23 09:00:00+00:00,131669.50630414684
2030-03-23 10:00:00+00:00,133466.50610441397
2030-03-23 11:00:00+00:00,134205.50608168446
2030-03-23 12:00:00+00:00,132157.50617851864
2030-03-23 13:00:00+00:00,130722.5067207669
2030-03-23 14:00:00+00:00,130206.50802751031
2030-03-23 15:00:00+00:00,122729.79398740236
2030-03-23 16:00:00+00:00,112820.499423332
2030-03-23 17:00:00+00:00,108122.92331778244
2030-03-23 18:00:00+00:00,109936.83379417664
2030-03-23 19:00:00+00:00,112378.14312203032
2030-03-23 20:00:00+00:00,112592.55303427474
2030-03-23 21:00:00+00:00,112418.119696314
2030-03-23 22:00:00+00:00,112112.13847515333
2030-03-23 23:00:00+00:00,111098.39728340082
2030-03-24 00:00:00+00:00,111871.41258277612
2030-03-24 01:00:00+00:00,112822.77351725684
2030-03-24 02:00:00+00:00,113936.99514115363
2030-03-24 03:00:00+00:00,115194.88626335966
2030-03-24 04:00:00+00:00,116826.11930598495
2030-03-24 05:00:00+00:00,117887.2261894329
2030-03-24 06:00:00+00:00,120172.50817585856
2030-03-24 07:00:00+00:00,122981.50531731741
2030-03-24 08:00:00+00:00,126634.50516392544
2030-03-24 09:00:00+00:00,128840.50744215079
2030-03-24 10:00:00+00:00,130785.50797591323
2030-03-24 11:00:00+00:00,131782.50783213915
2030-03-24 12:00:00+00:00,129783.50825281016
2030-03-24 13:00:00+00:00,128276.50851588763
2030-03-24 14:00:00+00:00,126810.50603456926
2030-03-24 15:00:00+00:00,126497.50796386173
2030-03-24 16:00:00+00:00,113168.3219821521
2030-03-24 17:00:00+00:00,105341.8145148358
2030-03-24 18:00:00+00:00,106456.47264187051
2030-03-24 19:00:00+00:00,108778.50982464093
2030-03-24 20:00:00+00:00,110695.81554399674
2030-03-24 21:00:00+00:00,111253.70945050914
2030-03-24 22:00:00+00:00,111691.28989814702
2030-03-24 23:00:00+00:00,112315.30281887272
2030-03-25 00:00:00+00:00,113113.15831228436
2030-03-25 01:00:00+00:00,113707.63487086554
2030-03-25 02:00:00+00:00,114216.30178043689
2030-03-25 03:00:00+00:00,114909.26163915024
2030-03-25 04:00:00+00:00,115295.42364819243
2030-03-25 05:00:00+00:00,113846.14179906416
2030-03-25 06:00:00+00:00,113571.43958554478
2030-03-25 07:00:00+00:00,124917.82728807504
2030-03-25 08:00:00+00:00,137135.16429388645
2030-03-25 09:00:00+00:00,140414.50506503085
2030-03-25 10:00:00+00:00,140366.50604968527
2030-03-25 11:00:00+00:00,139645.50603554718
2030-03-25 12:00:00+00:00,138582.50625347672
2030-03-25 13:00:00+00:00,136674.5054609601
2030-03-25 14:00:00+00:00,134276.39636899356
2030-03-25 15:00:00+00:00,123736.37509509173
2030-03-25 16:00:00+00:00,111330.54637848487
2030-03-25 17:00:00+00:00,103793.49783762518
2030-03-25 18:00:00+00:00,108694.33654455692
2030-03-25 19:00:00+00:00,112626.12490860512
2030-03-25 20:00:00+00:00,113898.51508450565
2030-03-25 21:00:00+00:00,114006.01388794018
2030-03-25 22:00:00+00:00,109008.43003586342
2030-03-25 23:00:00+00:00,103866.15619749416
2030-03-26 00:00:00+00:00,102645.62329588071
2030-03-26 01:00:00+00:00,101654.05487849112
2030-03-26 02:00:00+00:00,103609.37704787595
2030-03-26 03:00:00+00:00,109187.52610620146
2030-03-26 04:00:00+00:00,117891.91838280328
2030-03-26 05:00:00+00:00,115933.83126114195
2030-03-26 06:00:00+00:00,117069.7948890942
2030-03-26 07:00:00+00:00,130412.48931312367
2030-03-26 08:00:00+00:00,141064.81386438472
2030-03-26 09:00:00+00:00,139350.3410901764
2030-03-26 10:00:00+00:00,142376.40387680015
2030-03-26 11:00:00+00:00,142071.50692904246
2030-03-26 12:00:00+00:00,140856.4010310411
2030-03-26 13:00:00+00:00,133867.30670431932
2030-03-26 14:00:00+00:00,132778.90907458175
2030-03-26 15:00:00+00:00,126530.74304986361
2030-03-26 16:00:00+00:00,91020.05310734655
2030-03-26 17:00:00+00:00,77283.87568016638
2030-03-26 18:00:00+00:00,81771.39728058604
2030-03-26 19:00:00+00:00,86616.56564105715
2030-03-26 20:00:00+00:00,88358.31224888121
2030-03-26 21:00:00+00:00,87705.78979966386
2030-03-26 22:00:00+00:00,82297.91836457903
2030-03-26 23:00:00+00:00,78054.64068810023
2030-03-27 00:00:00+00:00,75091.71285374943
2030-03-27 01:00:00+00:00,73928.71286132526
2030-03-27 02:00:00+00:00,75220.19372306709
2030-03-27 03:00:00+00:00,80505.63424024038
2030-03-27 04:00:00+00:00,89655.12763375088
2030-03-27 05:00:00+00:00,86978.72293168139
2030-03-27 06:00:00+00:00,88734.390810452
2030-03-27 07:00:00+00:00,103186.98554230938
2030-03-27 08:00:00+00:00,103108.84689573651
2030-03-27 09:00:00+00:00,129126.18260951927
2030-03-27 10:00:00+00:00,139701.55807880283
2030-03-27 11:00:00+00:00,140782.37523060292
2030-03-27 12:00:00+00:00,140526.3799770036
2030-03-27 13:00:00+00:00,125653.65575001924
2030-03-27 14:00:00+00:00,97560.365504583
2030-03-27 15:00:00+00:00,97443.94095654898
2030-03-27 16:00:00+00:00,86175.00814164105
2030-03-27 17:00:00+00:00,77054.60722859806
2030-03-27 18:00:00+00:00,80115.2665810489
2030-03-27 19:00:00+00:00,78857.6562071965
2030-03-27 20:00:00+00:00,73245.44950978819
2030-03-27 21:00:00+00:00,66919.58133314791
2030-03-27 22:00:00+00:00,60713.669342264984
2030-03-27 23:00:00+00:00,57373.671440929706
2030-03-28 00:00:00+00:00,55284.683917594404
2030-03-28 01:00:00+00:00,54805.69259372897
2030-03-28 02:00:00+00:00,56609.68762292974
2030-03-28 03:00:00+00:00,59561.38848258002
2030-03-28 04:00:00+00:00,67243.30733330197
2030-03-28 05:00:00+00:00,74281.75261695859
2030-03-28 06:00:00+00:00,78024.2022341703
2030-03-28 07:00:00+00:00,91409.80496971094
2030-03-28 08:00:00+00:00,91500.92114197419
2030-03-28 09:00:00+00:00,90397.64250192276
2030-03-28 10:00:00+00:00,93290.94383010716
2030-03-28 11:00:00+00:00,90998.77068044686
2030-03-28 12:00:00+00:00,89666.28740071057
2030-03-28 13:00:00+00:00,88092.1173495701
2030-03-28 14:00:00+00:00,82421.51102260734
2030-03-28 15:00:00+00:00,70725.38528082543
2030-03-28 16:00:00+00:00,70181.16854961819
2030-03-28 17:00:00+00:00,69850.16748787016
2030-03-28 18:00:00+00:00,71943.16543116349
2030-03-28 19:00:00+00:00,69097.16348959699
2030-03-28 20:00:00+00:00,65369.16212947026
2030-03-28 21:00:00+00:00,62758.16068146339
2030-03-28 22:00:00+00:00,60333.158611530496
2030-03-28 23:00:00+00:00,56689.091239246714
2030-03-29 00:00:00+00:00,54521.157782979884
2030-03-29 01:00:00+00:00,52787.156957456216
2030-03-29 02:00:00+00:00,51710.155528571915
2030-03-29 03:00:00+00:00,51944.15521240983
2030-03-29 04:00:00+00:00,52645.161596524566
2030-03-29 05:00:00+00:00,52735.16061927375
2030-03-29 06:00:00+00:00,54341.166323613514
2030-03-29 07:00:00+00:00,56714.17012575906
2030-03-29 08:00:00+00:00,60187.168669658
2030-03-29 09:00:00+00:00,61742.170313042756
2030-03-29 10:00:00+00:00,63434.1719604784
2030-03-29 11:00:00+00:00,64837.17350392201
2030-03-29 12:00:00+00:00,61568.17470169306
2030-03-29 13:00:00+00:00,58541.17594994868
2030-03-29 14:00:00+00:00,56678.1771095999
2030-03-29 15:00:00+00:00,56255.154112495555
2030-03-29 16:00:00+00:00,57434.12754494282
2030-03-29 17:00:00+00:00,60444.125624827226
2030-03-29 18:00:00+00:00,61064.120592394305
2030-03-29 19:00:00+00:00,58718.1175884527
2030-03-29 20:00:00+00:00,56633.115323124905
2030-03-29 21:00:00+00:00,55177.11205060276
2030-03-29 22:00:00+00:00,52219.10895001674
2030-03-29 23:00:00+00:00,49515.03058779798
2030-03-30 00:00:00+00:00,47943.032433305474
2030-03-30 01:00:00+00:00,46092.03417721621
2030-03-30 02:00:00+00:00,45693.105617356414
2030-03-30 03:00:00+00:00,46231.10562848855
2030-03-30 04:00:00+00:00,46963.135898156455
2030-03-30 05:00:00+00:00,48190.134967195976
2030-03-30 06:00:00+00:00,51256.13594478804
2030-03-30 07:00:00+00:00,55172.13710137924
2030-03-30 08:00:00+00:00,58311.14035314219
2030-03-30 09:00:00+00:00,59407.14605249978
2030-03-30 10:00:00+00:00,59895.15163382482
2030-03-30 11:00:00+00:00,60411.15467976672
2030-03-30 12:00:00+00:00,60179.15733723899
2030-03-30 13:00:00+00:00,57594.15895158051
2030-03-30 14:00:00+00:00,57463.1609676419
2030-03-30 15:00:00+00:00,56841.161874012
2030-03-30 16:00:00+00:00,59132.13278482019
2030-03-30 17:00:00+00:00,62348.13018758156
2030-03-30 18:00:00+00:00,62492.12456189595
2030-03-30 19:00:00+00:00,60221.12060892166
2030-03-30 20:00:00+00:00,57684.1178866882
2030-03-30 21:00:00+00:00,55171.11557535712
2030-03-30 22:00:00+00:00,52011.11214203971
2030-03-30 23:00:00+00:00,48630.037906260884
2030-03-31 00:00:00+00:00,45610.108869699994
2030-03-31 01:00:00+00:00,45330.10712078013
2030-03-31 02:00:00+00:00,42610.106539295826
2030-03-31 03:00:00+00:00,43118.13655252128
2030-03-31 04:00:00+00:00,43897.13525790658
2030-03-31 05:00:00+00:00,44130.13373631761
2030-03-31 06:00:00+00:00,46340.13568741491
2030-03-31 07:00:00+00:00,50224.1345123376
2030-03-31 08:00:00+00:00,52577.13728456574
2030-03-31 09:00:00+00:00,54135.14192523205
2030-03-31 10:00:00+00:00,54284.14708770076
2030-03-31 11:00:00+00:00,51126.15038416037
2030-03-31 12:00:00+00:00,48633.15260535891
2030-03-31 13:00:00+00:00,46848.154034469524
2030-03-31 14:00:00+00:00,45034.1557992411
2030-03-31 15:00:00+00:00,46189.156025405806
2030-03-31 16:00:00+00:00,48680.12568379742
2030-03-31 17:00:00+00:00,48913.12347772784
2030-03-31 18:00:00+00:00,50294.11846919126
2030-03-31 19:00:00+00:00,49563.1143508887
2030-03-31 20:00:00+00:00,48363.11017975205
2030-03-31 21:00:00+00:00,46408.106324004184
2030-03-31 22:00:00+00:00,47543.102208746175
2030-03-31 23:00:00+00:00,45957.098732416336
2030-04-01 00:00:00+00:00,45065.09515552662
2030-04-01 01:00:00+00:00,44487.09045495257
2030-04-01 02:00:00+00:00,44772.08496338799
2030-04-01 03:00:00+00:00,45795.10733744779
2030-04-01 04:00:00+00:00,46592.099919528104
2030-04-01 05:00:00+00:00,46901.09399230334
2030-04-01 06:00:00+00:00,49173.10471464363
2030-04-01 07:00:00+00:00,63926.28483968031
2030-04-01 08:00:00+00:00,75944.7160453572
2030-04-01 09:00:00+00:00,83426.16757428847
2030-04-01 10:00:00+00:00,85544.9461608606
2030-04-01 11:00:00+00:00,88734.35095166232
2030-04-01 12:00:00+00:00,83326.77469740904
2030-04-01 13:00:00+00:00,81730.83599139498
2030-04-01 14:00:00+00:00,67990.41223420788
2030-04-01 15:00:00+00:00,67433.230321054
2030-04-01 16:00:00+00:00,58505.26675875902
2030-04-01 17:00:00+00:00,60329.27140673901
2030-04-01 18:00:00+00:00,60811.27142375624
2030-04-01 19:00:00+00:00,59441.270712272846
2030-04-01 20:00:00+00:00,57939.26983090202
2030-04-01 21:00:00+00:00,55768.263023890686
2030-04-01 22:00:00+00:00,52562.24135392584
2030-04-01 23:00:00+00:00,50918.26305320709
2030-04-02 00:00:00+00:00,50046.23893385622
2030-04-02 01:00:00+00:00,50345.26200858917
2030-04-02 02:00:00+00:00,52195.2680924794
2030-04-02 03:00:00+00:00,54616.26785815226
2030-04-02 04:00:00+00:00,61500.267650169146
2030-04-02 05:00:00+00:00,66317.2672083574
2030-04-02 06:00:00+00:00,70623.26520523216
2030-04-02 07:00:00+00:00,93893.59121853435
2030-04-02 08:00:00+00:00,99859.24897129342
2030-04-02 09:00:00+00:00,99227.40769851375
2030-04-02 10:00:00+00:00,99367.50238286181
2030-04-02 11:00:00+00:00,98048.39888727228
2030-04-02 12:00:00+00:00,95537.39198334809
2030-04-02 13:00:00+00:00,93578.93749088523
2030-04-02 14:00:00+00:00,93632.10376684874
2030-04-02 15:00:00+00:00,93414.47948973504
2030-04-02 16:00:00+00:00,83170.61681693533
2030-04-02 17:00:00+00:00,80001.73894713413
2030-04-02 18:00:00+00:00,82527.75914069016
2030-04-02 19:00:00+00:00,78348.35187333473
2030-04-02 20:00:00+00:00,72108.41176441916
2030-04-02 21:00:00+00:00,65661.78123649716
2030-04-02 22:00:00+00:00,61894.18387619759
2030-04-02 23:00:00+00:00,59986.86761240687
2030-04-03 00:00:00+00:00,58974.47561471832
2030-04-03 01:00:00+00:00,60160.080532355016
2030-04-03 02:00:00+00:00,64273.641242702324
2030-04-03 03:00:00+00:00,72140.57295844555
2030-04-03 04:00:00+00:00,78688.29216773441
2030-04-03 05:00:00+00:00,79120.98809744751
2030-04-03 06:00:00+00:00,84195.51413287787
2030-04-03 07:00:00+00:00,85160.85507581024
2030-04-03 08:00:00+00:00,97348.70013173063
2030-04-03 09:00:00+00:00,97417.15940711588
2030-04-03 10:00:00+00:00,96877.82807938525
2030-04-03 11:00:00+00:00,96052.59989271956
2030-04-03 12:00:00+00:00,94713.88731507899
2030-04-03 13:00:00+00:00,94105.91540595761
2030-04-03 14:00:00+00:00,93278.3543168024
2030-04-03 15:00:00+00:00,90596.77896803251
2030-04-03 16:00:00+00:00,82058.18426755846
2030-04-03 17:00:00+00:00,78235.40252267943
2030-04-03 18:00:00+00:00,82499.3595304059
2030-04-03 19:00:00+00:00,78185.47348705304
2030-04-03 20:00:00+00:00,72493.73874566559
2030-04-03 21:00:00+00:00,66594.74201741631
2030-04-03 22:00:00+00:00,62035.44468282888
2030-04-03 23:00:00+00:00,60244.896025682065
2030-04-04 00:00:00+00:00,58523.734330531435
2030-04-04 01:00:00+00:00,59402.49376509265
2030-04-04 02:00:00+00:00,63326.29943805845
2030-04-04 03:00:00+00:00,71218.1023758577
2030-04-04 04:00:00+00:00,78053.05416205544
2030-04-04 05:00:00+00:00,80003.10287940352
2030-04-04 06:00:00+00:00,84169.47109329939
2030-04-04 07:00:00+00:00,96268.01914351272
2030-04-04 08:00:00+00:00,96311.12154916194
2030-04-04 09:00:00+00:00,96783.05249648688
2030-04-04 10:00:00+00:00,96192.25405609095
2030-04-04 11:00:00+00:00,98381.50644574431
2030-04-04 12:00:00+00:00,99868.52082999516
2030-04-04 13:00:00+00:00,93247.6248146379
2030-04-04 14:00:00+00:00,92921.81515210657
2030-04-04 15:00:00+00:00,93455.09999881868
2030-04-04 16:00:00+00:00,78117.1603833747
2030-04-04 17:00:00+00:00,71579.17998890538
2030-04-04 18:00:00+00:00,70730.1781680783
2030-04-04 19:00:00+00:00,68599.180673406
2030-04-04 20:00:00+00:00,65666.1840997952
2030-04-04 21:00:00+00:00,61879.18310044857
2030-04-04 22:00:00+00:00,58413.885667734714
2030-04-04 23:00:00+00:00,55896.93577189617
2030-04-05 00:00:00+00:00,53917.025777790666
2030-04-05 01:00:00+00:00,54489.115061264034
2030-04-05 02:00:00+00:00,54860.11507960774
2030-04-05 03:00:00+00:00,57540.11480643801
2030-04-05 04:00:00+00:00,62337.1476680215
2030-04-05 05:00:00+00:00,67542.11451954728
2030-04-05 06:00:00+00:00,70425.1147105236
2030-04-05 07:00:00+00:00,70154.14844374185
2030-04-05 08:00:00+00:00,71170.1502203513
2030-04-05 09:00:00+00:00,71868.15266497896
2030-04-05 10:00:00+00:00,72417.15474831416
2030-04-05 11:00:00+00:00,72871.15714725209
2030-04-05 12:00:00+00:00,70446.12973025827
2030-04-05 13:00:00+00:00,70090.13204120137
2030-04-05 14:00:00+00:00,69144.13439770194
2030-04-05 15:00:00+00:00,68470.13375657855
2030-04-05 16:00:00+00:00,69036.10852895126
2030-04-05 17:00:00+00:00,69654.10861679431
2030-04-05 18:00:00+00:00,69305.1072290587
2030-04-05 19:00:00+00:00,66356.1055248856
2030-04-05 20:00:00+00:00,62519.10413533262
2030-04-05 21:00:00+00:00,58041.10289215493
2030-04-05 22:00:00+00:00,55215.50556585656
2030-04-05 23:00:00+00:00,53364.629862156675
2030-04-06 00:00:00+00:00,51976.91135178661
2030-04-06 01:00:00+00:00,51244.96545464121
2030-04-06 02:00:00+00:00,50979.099355321465
2030-04-06 03:00:00+00:00,51644.099219514144
2030-04-06 04:00:00+00:00,52452.0985066209
2030-04-06 05:00:00+00:00,53355.09791727532
2030-04-06 06:00:00+00:00,57071.09868931531
2030-04-06 07:00:00+00:00,59853.10703678628
2030-04-06 08:00:00+00:00,60974.126869606174
2030-04-06 09:00:00+00:00,61889.12821746596
2030-04-06 10:00:00+00:00,60965.132366662045
2030-04-06 11:00:00+00:00,59281.137001884475
2030-04-06 12:00:00+00:00,57870.14071325385
2030-04-06 13:00:00+00:00,56834.1446848113
2030-04-06 14:00:00+00:00,56828.14672252677
2030-04-06 15:00:00+00:00,57105.148229740094
2030-04-06 16:00:00+00:00,58306.11839798029
2030-04-06 17:00:00+00:00,59759.11788783065
2030-04-06 18:00:00+00:00,60680.11413220515
2030-04-06 19:00:00+00:00,59029.10858303032
2030-04-06 20:00:00+00:00,56782.104384086415
2030-04-06 21:00:00+00:00,54662.1006418709
2030-04-06 22:00:00+00:00,51162.059879605134
2030-04-06 23:00:00+00:00,48596.13606548302
2030-04-07 00:00:00+00:00,47763.8378107235
2030-04-07 01:00:00+00:00,47119.87833092475
2030-04-07 02:00:00+00:00,47304.08451236475
2030-04-07 03:00:00+00:00,47925.083088990235
2030-04-07 04:00:00+00:00,49787.0807119064
2030-04-07 05:00:00+00:00,50501.0792364566
2030-04-07 06:00:00+00:00,53946.17241335283
2030-04-07 07:00:00+00:00,65977.07384528988
2030-04-07 08:00:00+00:00,68852.91694537639
2030-04-07 09:00:00+00:00,92202.55526368806
2030-04-07 10:00:00+00:00,99403.03037677053
2030-04-07 11:00:00+00:00,97527.1804843575
2030-04-07 12:00:00+00:00,88361.04170417698
2030-04-07 13:00:00+00:00,78242.04432116616
2030-04-07 14:00:00+00:00,63552.03612337483
2030-04-07 15:00:00+00:00,64719.85775764135
2030-04-07 16:00:00+00:00,56679.18879620474
2030-04-07 17:00:00+00:00,58867.160329132996
2030-04-07 18:00:00+00:00,59511.15334437519
2030-04-07 19:00:00+00:00,57377.142860640684
2030-04-07 20:00:00+00:00,56000.133075984384
2030-04-07 21:00:00+00:00,53640.12760550418
2030-04-07 22:00:00+00:00,49670.40268766776
2030-04-07 23:00:00+00:00,49433.7316704937
2030-04-08 00:00:00+00:00,47859.43169956053
2030-04-08 01:00:00+00:00,48096.89923557023
2030-04-08 02:00:00+00:00,48664.10836970353
2030-04-08 03:00:00+00:00,51561.107568983214
2030-04-08 04:00:00+00:00,59254.106016181715
2030-04-08 05:00:00+00:00,65587.10549717775
2030-04-08 06:00:00+00:00,69275.1117091547
2030-04-08 07:00:00+00:00,79418.51328574216
2030-04-08 08:00:00+00:00,92478.89120527632
2030-04-08 09:00:00+00:00,91041.36436312829
2030-04-08 10:00:00+00:00,108342.4689593272
2030-04-08 11:00:00+00:00,112548.22042547433
2030-04-08 12:00:00+00:00,101568.67847985525
2030-04-08 13:00:00+00:00,88497.45465873522
2030-04-08 14:00:00+00:00,88276.05695955761
2030-04-08 15:00:00+00:00,88017.15038278972
2030-04-08 16:00:00+00:00,83400.20985739693
2030-04-08 17:00:00+00:00,78509.85529011762
2030-04-08 18:00:00+00:00,81268.16331841465
2030-04-08 19:00:00+00:00,84201.70257972434
2030-04-08 20:00:00+00:00,79194.66214961233
2030-04-08 21:00:00+00:00,71586.3599155103
2030-04-08 22:00:00+00:00,66110.19232852248
2030-04-08 23:00:00+00:00,65497.21278236971
2030-04-09 00:00:00+00:00,61895.54047122276
2030-04-09 01:00:00+00:00,65292.21245515179
2030-04-09 02:00:00+00:00,69284.06372697707
2030-04-09 03:00:00+00:00,75761.12488384053
2030-04-09 04:00:00+00:00,81642.4595308723
2030-04-09 05:00:00+00:00,77605.65274371569
2030-04-09 06:00:00+00:00,86492.22467020067
2030-04-09 07:00:00+00:00,91609.38731505981
2030-04-09 08:00:00+00:00,91965.1644770707
2030-04-09 09:00:00+00:00,103702.09131876845
2030-04-09 10:00:00+00:00,108209.19266892009
2030-04-09 11:00:00+00:00,101532.37434809207
2030-04-09 12:00:00+00:00,90312.81072157828
2030-04-09 13:00:00+00:00,89201.20482900819
2030-04-09 14:00:00+00:00,90275.76934661015
2030-04-09 15:00:00+00:00,88947.98345772253
2030-04-09 16:00:00+00:00,78663.32057147131
2030-04-09 17:00:00+00:00,79344.84497304948
2030-04-09 18:00:00+00:00,77790.92955087556
2030-04-09 19:00:00+00:00,74322.70523388688
2030-04-09 20:00:00+00:00,68134.84544681257
2030-04-09 21:00:00+00:00,66411.10316512366
2030-04-09 22:00:00+00:00,59482.092039817755
2030-04-09 23:00:00+00:00,60770.86216003132
2030-04-10 00:00:00+00:00,54743.52203593606
2030-04-10 01:00:00+00:00,57853.78822816843
2030-04-10 02:00:00+00:00,57249.25796614317
2030-04-10 03:00:00+00:00,63452.52169229909
2030-04-10 04:00:00+00:00,71061.1549204069
2030-04-10 05:00:00+00:00,76283.85956005173
2030-04-10 06:00:00+00:00,78784.78624633695
2030-04-10 07:00:00+00:00,79523.17072381891
2030-04-10 08:00:00+00:00,87282.1203414832
2030-04-10 09:00:00+00:00,87530.12375386541
2030-04-10 10:00:00+00:00,87080.51915776191
2030-04-10 11:00:00+00:00,85822.36475338043
2030-04-10 12:00:00+00:00,83198.57113856092
2030-04-10 13:00:00+00:00,83003.67252410582
2030-04-10 14:00:00+00:00,80674.55124926835
2030-04-10 15:00:00+00:00,68759.37251538728
2030-04-10 16:00:00+00:00,69335.16990982163
2030-04-10 17:00:00+00:00,70249.16927795313
2030-04-10 18:00:00+00:00,68982.70122667402
2030-04-10 19:00:00+00:00,67343.69966674282
2030-04-10 20:00:00+00:00,62675.279026904216
2030-04-10 21:00:00+00:00,58060.637089417265
2030-04-10 22:00:00+00:00,53976.099374061116
2030-04-10 23:00:00+00:00,52369.60584737922
2030-04-11 00:00:00+00:00,51435.13532025245
2030-04-11 01:00:00+00:00,51817.564310497415
2030-04-11 02:00:00+00:00,53544.11899309137
2030-04-11 03:00:00+00:00,58612.48932182034
2030-04-11 04:00:00+00:00,65142.70431356659
2030-04-11 05:00:00+00:00,70330.19646356304
2030-04-11 06:00:00+00:00,73656.90109946136
2030-04-11 07:00:00+00:00,73612.34714474107
2030-04-11 08:00:00+00:00,75893.82024227479
2030-04-11 09:00:00+00:00,75946.42731324317
2030-04-11 10:00:00+00:00,73993.06290325976
2030-04-11 11:00:00+00:00,72362.11335223277
2030-04-11 12:00:00+00:00,70570.52262384589
2030-04-11 13:00:00+00:00,69690.95849107167
2030-04-11 14:00:00+00:00,67648.65928157898
2030-04-11 15:00:00+00:00,67651.59943222174
2030-04-11 16:00:00+00:00,69061.46533005839
2030-04-11 17:00:00+00:00,69842.68812802955
2030-04-11 18:00:00+00:00,69170.81999718872
2030-04-11 19:00:00+00:00,66779.70197092312
2030-04-11 20:00:00+00:00,62598.08115329431
2030-04-11 21:00:00+00:00,57851.99749747797
2030-04-11 22:00:00+00:00,54212.242245023284
2030-04-11 23:00:00+00:00,52631.44609039444
2030-04-12 00:00:00+00:00,50843.75046408124
2030-04-12 01:00:00+00:00,51174.48179952316
2030-04-12 02:00:00+00:00,52326.5514629279
2030-04-12 03:00:00+00:00,56449.68981718697
2030-04-12 04:00:00+00:00,63113.58400074315
2030-04-12 05:00:00+00:00,68294.4088248133
2030-04-12 06:00:00+00:00,70980.34759437588
2030-04-12 07:00:00+00:00,78470.31634848715
2030-04-12 08:00:00+00:00,91676.83382237991
2030-04-12 09:00:00+00:00,90075.37447450987
2030-04-12 10:00:00+00:00,86677.41017156072
2030-04-12 11:00:00+00:00,83365.49050260615
2030-04-12 12:00:00+00:00,81538.64217927773
2030-04-12 13:00:00+00:00,78937.1088413758
2030-04-12 14:00:00+00:00,78126.2184872434
2030-04-12 15:00:00+00:00,76980.95042804106
2030-04-12 16:00:00+00:00,74728.94591169374
2030-04-12 17:00:00+00:00,75403.58688150965
2030-04-12 18:00:00+00:00,74780.94006983796
2030-04-12 19:00:00+00:00,71734.38742276811
2030-04-12 20:00:00+00:00,63143.47206019091
2030-04-12 21:00:00+00:00,55285.58938615055
2030-04-12 22:00:00+00:00,52531.46275502452
2030-04-12 23:00:00+00:00,50881.41472914903
2030-04-13 00:00:00+00:00,50726.71444191574
2030-04-13 01:00:00+00:00,52103.005637011964
2030-04-13 02:00:00+00:00,58099.35422902452
2030-04-13 03:00:00+00:00,65260.63993670591
2030-04-13 04:00:00+00:00,67611.13785384776
2030-04-13 05:00:00+00:00,68579.07741719355
2030-04-13 06:00:00+00:00,79132.08274238513
2030-04-13 07:00:00+00:00,109830.631807844
2030-04-13 08:00:00+00:00,83795.04569698847
2030-04-13 09:00:00+00:00,80742.77162960995
2030-04-13 10:00:00+00:00,78646.26122430841
2030-04-13 11:00:00+00:00,76003.11736994554
2030-04-13 12:00:00+00:00,74041.59415682658
2030-04-13 13:00:00+00:00,72829.27533682008
2030-04-13 14:00:00+00:00,73648.69463317751
2030-04-13 15:00:00+00:00,75483.34922415184
2030-04-13 16:00:00+00:00,75563.41889003654
2030-04-13 17:00:00+00:00,69428.53651777466
2030-04-13 18:00:00+00:00,66088.92128454684
2030-04-13 19:00:00+00:00,65847.18840711645
2030-04-13 20:00:00+00:00,62742.65239562899
2030-04-13 21:00:00+00:00,57742.05400361988
2030-04-13 22:00:00+00:00,55266.8296845079
2030-04-13 23:00:00+00:00,53720.97255102318
2030-04-14 00:00:00+00:00,46887.42499371516
2030-04-14 01:00:00+00:00,47096.36617361639
2030-04-14 02:00:00+00:00,48415.13878335099
2030-04-14 03:00:00+00:00,50451.63683708232
2030-04-14 04:00:00+00:00,50821.91330924374
2030-04-14 05:00:00+00:00,51010.16592236144
2030-04-14 06:00:00+00:00,76400.05711292743
2030-04-14 07:00:00+00:00,108734.95789245811
2030-04-14 08:00:00+00:00,109826.66494200606
2030-04-14 09:00:00+00:00,109609.78098752207
2030-04-14 10:00:00+00:00,109308.62376847892
2030-04-14 11:00:00+00:00,107415.14992575711
2030-04-14 12:00:00+00:00,105744.90526279126
2030-04-14 13:00:00+00:00,104769.70283977668
2030-04-14 14:00:00+00:00,104066.69722697562
2030-04-14 15:00:00+00:00,106392.3603164235
2030-04-14 16:00:00+00:00,87988.22989851116
2030-04-14 17:00:00+00:00,89765.61283102067
2030-04-14 18:00:00+00:00,99939.90923094473
2030-04-14 19:00:00+00:00,101267.23180606263
2030-04-14 20:00:00+00:00,107992.79076854925
2030-04-14 21:00:00+00:00,105238.8786350119
2030-04-14 22:00:00+00:00,101720.36530010251
2030-04-14 23:00:00+00:00,99974.00951352165
2030-04-15 00:00:00+00:00,97242.43515334073
2030-04-15 01:00:00+00:00,97413.47443679406
2030-04-15 02:00:00+00:00,98058.68636349283
2030-04-15 03:00:00+00:00,100445.30097141428
2030-04-15 04:00:00+00:00,107874.16387433598
2030-04-15 05:00:00+00:00,108721.90015793587
2030-04-15 06:00:00+00:00,117887.18655517125
2030-04-15 07:00:00+00:00,119504.17126836616
2030-04-15 08:00:00+00:00,119681.63476424551
2030-04-15 09:00:00+00:00,120416.2174512197
2030-04-15 10:00:00+00:00,119961.84982066546
2030-04-15 11:00:00+00:00,118372.02969579305
2030-04-15 12:00:00+00:00,118008.18101039568
2030-04-15 13:00:00+00:00,117712.40011918111
2030-04-15 14:00:00+00:00,116179.44500749846
2030-04-15 15:00:00+00:00,99010.38749514407
2030-04-15 16:00:00+00:00,68999.04348203
2030-04-15 17:00:00+00:00,66838.09895007744
2030-04-15 18:00:00+00:00,65971.67118035986
2030-04-15 19:00:00+00:00,63497.4161500661
2030-04-15 20:00:00+00:00,59979.44678422413
2030-04-15 21:00:00+00:00,56848.84685762258
2030-04-15 22:00:00+00:00,54673.35766790832
2030-04-15 23:00:00+00:00,53207.93306071196
2030-04-16 00:00:00+00:00,52884.59040644204
2030-04-16 01:00:00+00:00,51843.09809314561
2030-04-16 02:00:00+00:00,52897.79161866112
2030-04-16 03:00:00+00:00,54502.61112957212
2030-04-16 04:00:00+00:00,60901.00190198529
2030-04-16 05:00:00+00:00,66136.1514714048
2030-04-16 06:00:00+00:00,72135.23478448072
2030-04-16 07:00:00+00:00,95067.73129729397
2030-04-16 08:00:00+00:00,95051.1355662725
2030-04-16 09:00:00+00:00,119998.3056601693
2030-04-16 10:00:00+00:00,123265.47261828449
2030-04-16 11:00:00+00:00,124427.52698569128
2030-04-16 12:00:00+00:00,122905.02500641852
2030-04-16 13:00:00+00:00,109226.35356151033
2030-04-16 14:00:00+00:00,91138.55250567518
2030-04-16 15:00:00+00:00,91716.16161722265
2030-04-16 16:00:00+00:00,84892.63724238922
2030-04-16 17:00:00+00:00,80452.82511999516
2030-04-16 18:00:00+00:00,78891.7410008818
2030-04-16 19:00:00+00:00,76205.18261398969
2030-04-16 20:00:00+00:00,72183.96183094117
2030-04-16 21:00:00+00:00,68726.52516885436
2030-04-16 22:00:00+00:00,66274.27640913932
2030-04-16 23:00:00+00:00,64919.11598451818
2030-04-17 00:00:00+00:00,63671.184875239414
2030-04-17 01:00:00+00:00,63737.89405481779
2030-04-17 02:00:00+00:00,63595.82474780303
2030-04-17 03:00:00+00:00,64685.062504924594
2030-04-17 04:00:00+00:00,67181.93223313054
2030-04-17 05:00:00+00:00,68904.48464924541
2030-04-17 06:00:00+00:00,82648.3079010812
2030-04-17 07:00:00+00:00,96379.35690256389
2030-04-17 08:00:00+00:00,122776.18141492877
2030-04-17 09:00:00+00:00,122925.3347970678
2030-04-17 10:00:00+00:00,123283.09697542456
2030-04-17 11:00:00+00:00,122101.22836872528
2030-04-17 12:00:00+00:00,119729.48688168946
2030-04-17 13:00:00+00:00,118009.17092000334
2030-04-17 14:00:00+00:00,116970.39400105813
2030-04-17 15:00:00+00:00,112406.20941080856
2030-04-17 16:00:00+00:00,97833.53597878234
2030-04-17 17:00:00+00:00,104313.03425433964
2030-04-17 18:00:00+00:00,106077.05009285809
2030-04-17 19:00:00+00:00,115437.1792833592
2030-04-17 20:00:00+00:00,112243.50474069135
2030-04-17 21:00:00+00:00,108226.77639448212
2030-04-17 22:00:00+00:00,105602.40918487182
2030-04-17 23:00:00+00:00,103415.30156706538
2030-04-18 00:00:00+00:00,102402.01284882132
2030-04-18 01:00:00+00:00,102862.79022525612
2030-04-18 02:00:00+00:00,103633.4418126652
2030-04-18 03:00:00+00:00,105691.98737337705
2030-04-18 04:00:00+00:00,112039.12498963802
2030-04-18 05:00:00+00:00,114334.34151845191
2030-04-18 06:00:00+00:00,121463.49966246184
2030-04-18 07:00:00+00:00,121835.49858524103
2030-04-18 08:00:00+00:00,122585.28412818046
2030-04-18 09:00:00+00:00,122975.66266717225
2030-04-18 10:00:00+00:00,123107.78152384922
2030-04-18 11:00:00+00:00,122922.17765996291
2030-04-18 12:00:00+00:00,120172.66306232121
2030-04-18 13:00:00+00:00,118574.39856391381
2030-04-18 14:00:00+00:00,117341.30273194273
2030-04-18 15:00:00+00:00,118067.2130366055
2030-04-18 16:00:00+00:00,118325.83503405619
2030-04-18 17:00:00+00:00,90955.3518262378
2030-04-18 18:00:00+00:00,87508.95802742834
2030-04-18 19:00:00+00:00,85500.2538359885
2030-04-18 20:00:00+00:00,81340.18262849044
2030-04-18 21:00:00+00:00,77220.95021599543
2030-04-18 22:00:00+00:00,74113.15511867692
2030-04-18 23:00:00+00:00,73543.16370064754
2030-04-19 00:00:00+00:00,74175.19620833357
2030-04-19 01:00:00+00:00,73939.83553584272
2030-04-19 02:00:00+00:00,75265.13995988017
2030-04-19 03:00:00+00:00,83058.1016556085
2030-04-19 04:00:00+00:00,87054.51516765953
2030-04-19 05:00:00+00:00,91749.60645851253
2030-04-19 06:00:00+00:00,99053.09114091002
2030-04-19 07:00:00+00:00,110017.23015268156
2030-04-19 08:00:00+00:00,108983.3125032396
2030-04-19 09:00:00+00:00,107458.04843989969
2030-04-19 10:00:00+00:00,106495.30826476481
2030-04-19 11:00:00+00:00,104068.08053476669
2030-04-19 12:00:00+00:00,102466.03284539277
2030-04-19 13:00:00+00:00,100843.15439484216
2030-04-19 14:00:00+00:00,95933.40395754864
2030-04-19 15:00:00+00:00,74789.26801422561
2030-04-19 16:00:00+00:00,76298.79906754215
2030-04-19 17:00:00+00:00,76888.07409998208
2030-04-19 18:00:00+00:00,74936.25588564032
2030-04-19 19:00:00+00:00,70445.43508435802
2030-04-19 20:00:00+00:00,63323.26830284079
2030-04-19 21:00:00+00:00,57399.19151618614
2030-04-19 22:00:00+00:00,54754.34200900736
2030-04-19 23:00:00+00:00,52858.66850203353
2030-04-20 00:00:00+00:00,59431.34872059503
2030-04-20 01:00:00+00:00,61778.78260510425
2030-04-20 02:00:00+00:00,65396.7402877213
2030-04-20 03:00:00+00:00,66073.11786539556
2030-04-20 04:00:00+00:00,66815.11822644054
2030-04-20 05:00:00+00:00,67713.11780395586
2030-04-20 06:00:00+00:00,70862.11654263173
2030-04-20 07:00:00+00:00,73236.73856313044
2030-04-20 08:00:00+00:00,74642.0514353133
2030-04-20 09:00:00+00:00,81934.16937367179
2030-04-20 10:00:00+00:00,88024.95306048635
2030-04-20 11:00:00+00:00,92740.64784432264
2030-04-20 12:00:00+00:00,86211.44787318047
2030-04-20 13:00:00+00:00,70935.33015221963
2030-04-20 14:00:00+00:00,69878.96485654326
2030-04-20 15:00:00+00:00,70237.7879268977
2030-04-20 16:00:00+00:00,67221.76039624517
2030-04-20 17:00:00+00:00,67361.59397820642
2030-04-20 18:00:00+00:00,66867.8539609409
2030-04-20 19:00:00+00:00,64890.81946912029
2030-04-20 20:00:00+00:00,61929.16672044984
2030-04-20 21:00:00+00:00,55983.495243770805
2030-04-20 22:00:00+00:00,51715.24197569524
2030-04-20 23:00:00+00:00,49226.406932212005
2030-04-21 00:00:00+00:00,46120.005315217095
2030-04-21 01:00:00+00:00,47892.83877794355
2030-04-21 02:00:00+00:00,48832.35461605516
2030-04-21 03:00:00+00:00,54160.27450446585
2030-04-21 04:00:00+00:00,54417.88688086788
2030-04-21 05:00:00+00:00,54716.295879255296
2030-04-21 06:00:00+00:00,60241.096477234634
2030-04-21 07:00:00+00:00,61933.83694451093
2030-04-21 08:00:00+00:00,66972.30590393253
2030-04-21 09:00:00+00:00,87775.8463489881
2030-04-21 10:00:00+00:00,98855.40958355965
2030-04-21 11:00:00+00:00,100109.8806855105
2030-04-21 12:00:00+00:00,88933.34142986688
2030-04-21 13:00:00+00:00,58048.281923218754
2030-04-21 14:00:00+00:00,55177.7866678676
2030-04-21 15:00:00+00:00,55675.878461405526
2030-04-21 16:00:00+00:00,57099.49665204231
2030-04-21 17:00:00+00:00,57732.2117695198
2030-04-21 18:00:00+00:00,58122.528284312604
2030-04-21 19:00:00+00:00,57810.55311479491
2030-04-21 20:00:00+00:00,56693.78784239805
2030-04-21 21:00:00+00:00,53674.33802325568
2030-04-21 22:00:00+00:00,51471.028687653954
2030-04-21 23:00:00+00:00,50175.63103135588
2030-04-22 00:00:00+00:00,48751.38766900769
2030-04-22 01:00:00+00:00,49112.86806466164
2030-04-22 02:00:00+00:00,50658.771581366
2030-04-22 03:00:00+00:00,54236.467649407925
2030-04-22 04:00:00+00:00,60778.28216566408
2030-04-22 05:00:00+00:00,66952.83233987176
2030-04-22 06:00:00+00:00,70540.66293146313
2030-04-22 07:00:00+00:00,71777.74805099695
2030-04-22 08:00:00+00:00,86959.57406596703
2030-04-22 09:00:00+00:00,99751.5348822996
2030-04-22 10:00:00+00:00,99217.62969749581
2030-04-22 11:00:00+00:00,100337.66218666869
2030-04-22 12:00:00+00:00,102624.75224613692
2030-04-22 13:00:00+00:00,102234.74740748771
2030-04-22 14:00:00+00:00,100672.92693567144
2030-04-22 15:00:00+00:00,100881.66262237454
2030-04-22 16:00:00+00:00,69802.67667077677
2030-04-22 17:00:00+00:00,69824.13594610573
2030-04-22 18:00:00+00:00,68899.73933512424
2030-04-22 19:00:00+00:00,67649.02212742229
2030-04-22 20:00:00+00:00,63440.57348898951
2030-04-22 21:00:00+00:00,59216.170567890804
2030-04-22 22:00:00+00:00,57086.607305279125
2030-04-22 23:00:00+00:00,57296.60187839155
2030-04-23 00:00:00+00:00,63061.67213885102
2030-04-23 01:00:00+00:00,67835.18266975124
2030-04-23 02:00:00+00:00,69517.21920440144
2030-04-23 03:00:00+00:00,72907.29192905099
2030-04-23 04:00:00+00:00,75504.82257119333
2030-04-23 05:00:00+00:00,83052.55073875161
2030-04-23 06:00:00+00:00,99438.3529235885
2030-04-23 07:00:00+00:00,105547.28323681926
2030-04-23 08:00:00+00:00,104809.92818581461
2030-04-23 09:00:00+00:00,125324.16217811854
2030-04-23 10:00:00+00:00,114490.31977742909
2030-04-23 11:00:00+00:00,126066.10976731757
2030-04-23 12:00:00+00:00,123511.64491088354
2030-04-23 13:00:00+00:00,112606.25773084676
2030-04-23 14:00:00+00:00,99877.99957803352
2030-04-23 15:00:00+00:00,99872.66547025542
2030-04-23 16:00:00+00:00,94227.50789962828
2030-04-23 17:00:00+00:00,77648.88203379157
2030-04-23 18:00:00+00:00,73724.8763002848
2030-04-23 19:00:00+00:00,72362.01391454053
2030-04-23 20:00:00+00:00,68552.56822917816
2030-04-23 21:00:00+00:00,64957.21920109605
2030-04-23 22:00:00+00:00,61260.552541953
2030-04-23 23:00:00+00:00,60550.04509628264
2030-04-24 00:00:00+00:00,57809.32392172856
2030-04-24 01:00:00+00:00,58535.929471433206
2030-04-24 02:00:00+00:00,59661.96267932184
2030-04-24 03:00:00+00:00,61945.53055965762
2030-04-24 04:00:00+00:00,66300.7630715938
2030-04-24 05:00:00+00:00,71568.72754481819
2030-04-24 06:00:00+00:00,87903.07094705201
2030-04-24 07:00:00+00:00,119333.91991971774
2030-04-24 08:00:00+00:00,125431.615678891
2030-04-24 09:00:00+00:00,125813.29564029639
2030-04-24 10:00:00+00:00,124206.17972698514
2030-04-24 11:00:00+00:00,123395.10842912292
2030-04-24 12:00:00+00:00,122614.60700145678
2030-04-24 13:00:00+00:00,121803.09461215333
2030-04-24 14:00:00+00:00,120814.12793289489
2030-04-24 15:00:00+00:00,119967.45749025821
2030-04-24 16:00:00+00:00,96713.58502504145
2030-04-24 17:00:00+00:00,64208.903560130966
2030-04-24 18:00:00+00:00,63674.53632104877
2030-04-24 19:00:00+00:00,62273.3418693493
2030-04-24 20:00:00+00:00,58817.16363899228
2030-04-24 21:00:00+00:00,54769.71168091216
2030-04-24 22:00:00+00:00,51727.41426838281
2030-04-24 23:00:00+00:00,49216.85919301662
2030-04-25 00:00:00+00:00,47886.84416382299
2030-04-25 01:00:00+00:00,48539.344766910195
2030-04-25 02:00:00+00:00,49130.022134746665
2030-04-25 03:00:00+00:00,51624.04079410261
2030-04-25 04:00:00+00:00,56919.87201533457
2030-04-25 05:00:00+00:00,62827.06635414483
2030-04-25 06:00:00+00:00,66070.77390683204
2030-04-25 07:00:00+00:00,72803.09379839731
2030-04-25 08:00:00+00:00,86460.8745605888
2030-04-25 09:00:00+00:00,98122.01359134282
2030-04-25 10:00:00+00:00,117346.12498525395
2030-04-25 11:00:00+00:00,123278.44149787813
2030-04-25 12:00:00+00:00,122055.05128589159
2030-04-25 13:00:00+00:00,119026.72712574818
2030-04-25 14:00:00+00:00,89639.04347512388
2030-04-25 15:00:00+00:00,73106.91828718726
2030-04-25 16:00:00+00:00,62455.696544443024
2030-04-25 17:00:00+00:00,62705.59485954644
2030-04-25 18:00:00+00:00,61782.556839146055
2030-04-25 19:00:00+00:00,60106.683319927964
2030-04-25 20:00:00+00:00,57021.1109129013
2030-04-25 21:00:00+00:00,53452.25968401721
2030-04-25 22:00:00+00:00,50244.40933229424
2030-04-25 23:00:00+00:00,48304.17319846876
2030-04-26 00:00:00+00:00,48611.71835585568
2030-04-26 01:00:00+00:00,49215.9503051351
2030-04-26 02:00:00+00:00,50623.08917980792
2030-04-26 03:00:00+00:00,53485.30365156643
2030-04-26 04:00:00+00:00,59255.08328990753
2030-04-26 05:00:00+00:00,64591.69487734421
2030-04-26 06:00:00+00:00,67408.74629896211
2030-04-26 07:00:00+00:00,69260.63347551048
2030-04-26 08:00:00+00:00,67450.86542252165
2030-04-26 09:00:00+00:00,72837.69376732328
2030-04-26 10:00:00+00:00,67757.2230564252
2030-04-26 11:00:00+00:00,65384.17370856024
2030-04-26 12:00:00+00:00,63892.505489592164
2030-04-26 13:00:00+00:00,62511.6506760444
2030-04-26 14:00:00+00:00,62207.825063821045
2030-04-26 15:00:00+00:00,61759.78597893384
2030-04-26 16:00:00+00:00,61746.466235535634
2030-04-26 17:00:00+00:00,61652.99274497512
2030-04-26 18:00:00+00:00,60030.710401416814
2030-04-26 19:00:00+00:00,58482.94223687716
2030-04-26 20:00:00+00:00,55144.45486071248
2030-04-26 21:00:00+00:00,51480.06080268035
2030-04-26 22:00:00+00:00,48379.31877973066
2030-04-26 23:00:00+00:00,46229.50883755198
2030-04-27 00:00:00+00:00,49022.27185969336
2030-04-27 01:00:00+00:00,48427.30928791939
2030-04-27 02:00:00+00:00,49563.65758765711
2030-04-27 03:00:00+00:00,50880.12462445414
2030-04-27 04:00:00+00:00,51628.12422344992
2030-04-27 05:00:00+00:00,53705.1233142022
2030-04-27 06:00:00+00:00,56694.12250003567
2030-04-27 07:00:00+00:00,60070.12204157376
2030-04-27 08:00:00+00:00,60302.797693417655
2030-04-27 09:00:00+00:00,60850.317784766106
2030-04-27 10:00:00+00:00,60227.9197705323
2030-04-27 11:00:00+00:00,59340.39751281858
2030-04-27 12:00:00+00:00,57477.27843926917
2030-04-27 13:00:00+00:00,56439.08717952724
2030-04-27 14:00:00+00:00,56023.984803026906
2030-04-27 15:00:00+00:00,57108.80333063713
2030-04-27 16:00:00+00:00,58500.07818289919
2030-04-27 17:00:00+00:00,59306.985911665615
2030-04-27 18:00:00+00:00,58928.315580396615
2030-04-27 19:00:00+00:00,58475.608084714
2030-04-27 20:00:00+00:00,56364.92971952389
2030-04-27 21:00:00+00:00,52708.532975209615
2030-04-27 22:00:00+00:00,49857.54947379375
2030-04-27 23:00:00+00:00,47334.379473821726
2030-04-28 00:00:00+00:00,46182.269750972875
2030-04-28 01:00:00+00:00,43703.55855712215
2030-04-28 02:00:00+00:00,46481.008440274585
2030-04-28 03:00:00+00:00,47018.11533980942
2030-04-28 04:00:00+00:00,47353.115418140624
2030-04-28 05:00:00+00:00,49365.11553520564
2030-04-28 06:00:00+00:00,52545.231596834514
2030-04-28 07:00:00+00:00,67707.97204782764
2030-04-28 08:00:00+00:00,69069.22802917825
2030-04-28 09:00:00+00:00,69361.13782227837
2030-04-28 10:00:00+00:00,70831.89574648425
2030-04-28 11:00:00+00:00,73749.14427266971
2030-04-28 12:00:00+00:00,69869.16388564781
2030-04-28 13:00:00+00:00,66692.45288696353
2030-04-28 14:00:00+00:00,65754.72834617863
2030-04-28 15:00:00+00:00,66742.01890305358
2030-04-28 16:00:00+00:00,70032.97588656165
2030-04-28 17:00:00+00:00,70117.97477063321
2030-04-28 18:00:00+00:00,70542.43284962012
2030-04-28 19:00:00+00:00,68999.91119499152
2030-04-28 20:00:00+00:00,66631.79361173931
2030-04-28 21:00:00+00:00,59870.40031490303
2030-04-28 22:00:00+00:00,52876.020853040885
2030-04-28 23:00:00+00:00,52558.35222776193
2030-04-29 00:00:00+00:00,47489.21604003364
2030-04-29 01:00:00+00:00,48776.34180821317
2030-04-29 02:00:00+00:00,54099.77938420052
2030-04-29 03:00:00+00:00,64114.80006566005
2030-04-29 04:00:00+00:00,70856.22789316952
2030-04-29 05:00:00+00:00,76441.01631658153
2030-04-29 06:00:00+00:00,80062.32761684565
2030-04-29 07:00:00+00:00,86447.25399269085
2030-04-29 08:00:00+00:00,91096.10835366865
2030-04-29 09:00:00+00:00,99350.28787917961
2030-04-29 10:00:00+00:00,98218.78509957998
2030-04-29 11:00:00+00:00,107504.24497524272
2030-04-29 12:00:00+00:00,111616.19320836656
2030-04-29 13:00:00+00:00,104898.6764116798
2030-04-29 14:00:00+00:00,93848.197902793
2030-04-29 15:00:00+00:00,82382.13679821267
2030-04-29 16:00:00+00:00,78451.67535693666
2030-04-29 17:00:00+00:00,73041.02936945319
2030-04-29 18:00:00+00:00,72092.25039002669
2030-04-29 19:00:00+00:00,69650.46330424609
2030-04-29 20:00:00+00:00,62082.423037181994
2030-04-29 21:00:00+00:00,55073.29749963225
2030-04-29 22:00:00+00:00,51743.159150386215
2030-04-29 23:00:00+00:00,50138.64707166595
2030-04-30 00:00:00+00:00,50108.06800450591
2030-04-30 01:00:00+00:00,51611.21234521783
2030-04-30 02:00:00+00:00,58300.470167997286
2030-04-30 03:00:00+00:00,66076.73264474841
2030-04-30 04:00:00+00:00,72271.18025522464
2030-04-30 05:00:00+00:00,77739.90975377476
2030-04-30 06:00:00+00:00,80756.42244921908
2030-04-30 07:00:00+00:00,80231.420660201
2030-04-30 08:00:00+00:00,77474.0201012354
2030-04-30 09:00:00+00:00,75692.44745711473
2030-04-30 10:00:00+00:00,74201.21786480823
2030-04-30 11:00:00+00:00,72080.09008635946
2030-04-30 12:00:00+00:00,70616.22626994872
2030-04-30 13:00:00+00:00,69853.57408390653
2030-04-30 14:00:00+00:00,71074.47125127364
2030-04-30 15:00:00+00:00,64011.50593735743
2030-04-30 16:00:00+00:00,65705.4635049032
2030-04-30 17:00:00+00:00,65526.79885133709
2030-04-30 18:00:00+00:00,63882.030549539355
2030-04-30 19:00:00+00:00,62773.780101967364
2030-04-30 20:00:00+00:00,58637.00903833835
2030-04-30 21:00:00+00:00,54208.649285667205
2030-04-30 22:00:00+00:00,48293.3242069515
2030-04-30 23:00:00+00:00,45080.196011805136
2030-05-01 00:00:00+00:00,42579.63177098329
2030-05-01 01:00:00+00:00,42078.52374900811
2030-05-01 02:00:00+00:00,42199.31912952717
2030-05-01 03:00:00+00:00,43341.58040885704
2030-05-01 04:00:00+00:00,42792.358731723885
2030-05-01 05:00:00+00:00,44614.122964129485
2030-05-01 06:00:00+00:00,47833.69439482253
2030-05-01 07:00:00+00:00,51262.978615435124
2030-05-01 08:00:00+00:00,54236.84468285451
2030-05-01 09:00:00+00:00,66592.28521481104
2030-05-01 10:00:00+00:00,74915.45971331869
2030-05-01 11:00:00+00:00,73220.54811199413
2030-05-01 12:00:00+00:00,60353.44212540403
2030-05-01 13:00:00+00:00,47478.88619122158
2030-05-01 14:00:00+00:00,48089.127817592656
2030-05-01 15:00:00+00:00,49600.91639095878
2030-05-01 16:00:00+00:00,51926.94664670052
2030-05-01 17:00:00+00:00,52729.08088576268
2030-05-01 18:00:00+00:00,52303.223426685254
2030-05-01 19:00:00+00:00,52411.33348427946
2030-05-01 20:00:00+00:00,50418.06590810994
2030-05-01 21:00:00+00:00,47384.45819482507
2030-05-01 22:00:00+00:00,45858.93503164922
2030-05-01 23:00:00+00:00,44593.60591165963
2030-05-02 00:00:00+00:00,42831.96597317109
2030-05-02 01:00:00+00:00,43175.21989137232
2030-05-02 02:00:00+00:00,44940.7363976318
2030-05-02 03:00:00+00:00,48405.48363815267
2030-05-02 04:00:00+00:00,55338.81274277839
2030-05-02 05:00:00+00:00,61506.07185827555
2030-05-02 06:00:00+00:00,64933.98898298835
2030-05-02 07:00:00+00:00,66141.9372090538
2030-05-02 08:00:00+00:00,67244.92023639986
2030-05-02 09:00:00+00:00,66832.182712613
2030-05-02 10:00:00+00:00,65415.8212588404
2030-05-02 11:00:00+00:00,65114.5145119741
2030-05-02 12:00:00+00:00,63378.139009565406
2030-05-02 13:00:00+00:00,62307.44658285653
2030-05-02 14:00:00+00:00,63089.088169664574
2030-05-02 15:00:00+00:00,63395.796459213154
2030-05-02 16:00:00+00:00,64575.57492655721
2030-05-02 17:00:00+00:00,64629.10593676813
2030-05-02 18:00:00+00:00,62452.28653276
2030-05-02 19:00:00+00:00,60667.32664802256
2030-05-02 20:00:00+00:00,56677.91467763085
2030-05-02 21:00:00+00:00,52016.925367482574
2030-05-02 22:00:00+00:00,49981.25155027779
2030-05-02 23:00:00+00:00,49249.1985235503
2030-05-03 00:00:00+00:00,47957.52623512411
2030-05-03 01:00:00+00:00,47506.14129897843
2030-05-03 02:00:00+00:00,49449.306389308585
2030-05-03 03:00:00+00:00,52215.248856188446
2030-05-03 04:00:00+00:00,57401.476525402846
2030-05-03 05:00:00+00:00,62978.01280788391
2030-05-03 06:00:00+00:00,66218.3972916732
2030-05-03 07:00:00+00:00,67740.89922864537
2030-05-03 08:00:00+00:00,67944.429546415
2030-05-03 09:00:00+00:00,68723.12900786495
2030-05-03 10:00:00+00:00,69971.98111593864
2030-05-03 11:00:00+00:00,68635.41089191152
2030-05-03 12:00:00+00:00,65717.01180021938
2030-05-03 13:00:00+00:00,63956.245245182494
2030-05-03 14:00:00+00:00,63913.22898185247
2030-05-03 15:00:00+00:00,63410.230877075584
2030-05-03 16:00:00+00:00,63513.64858257916
2030-05-03 17:00:00+00:00,63177.9183478817
2030-05-03 18:00:00+00:00,60946.802793574636
2030-05-03 19:00:00+00:00,58478.30956089553
2030-05-03 20:00:00+00:00,54898.28196002093
2030-05-03 21:00:00+00:00,51065.28419788134
2030-05-03 22:00:00+00:00,47715.621570406736
2030-05-03 23:00:00+00:00,46135.15519192254
2030-05-04 00:00:00+00:00,43821.86381250822
2030-05-04 01:00:00+00:00,44362.18486945526
2030-05-04 02:00:00+00:00,45065.721401171875
2030-05-04 03:00:00+00:00,46279.25771209337
2030-05-04 04:00:00+00:00,47242.628615092726
2030-05-04 05:00:00+00:00,48995.25190252591
2030-05-04 06:00:00+00:00,67001.4213253067
2030-05-04 07:00:00+00:00,87635.75411110614
2030-05-04 08:00:00+00:00,88590.85193497757
2030-05-04 09:00:00+00:00,92067.89188903119
2030-05-04 10:00:00+00:00,99969.6895314201
2030-05-04 11:00:00+00:00,110835.88982564583
2030-05-04 12:00:00+00:00,108561.75895992821
2030-05-04 13:00:00+00:00,97393.84662045065
2030-05-04 14:00:00+00:00,84631.44444723078
2030-05-04 15:00:00+00:00,84908.08089042682
2030-05-04 16:00:00+00:00,83430.28827815634
2030-05-04 17:00:00+00:00,71062.16270984657
2030-05-04 18:00:00+00:00,67136.41880508527
2030-05-04 19:00:00+00:00,65758.01920291963
2030-05-04 20:00:00+00:00,63486.93444261137
2030-05-04 21:00:00+00:00,60467.82007126052
2030-05-04 22:00:00+00:00,57120.4381783221
2030-05-04 23:00:00+00:00,54976.675502651844
2030-05-05 00:00:00+00:00,51962.00567059136
2030-05-05 01:00:00+00:00,51983.94819711223
2030-05-05 02:00:00+00:00,52448.7333164476
2030-05-05 03:00:00+00:00,53510.843676430566
2030-05-05 04:00:00+00:00,54538.173200808225
2030-05-05 05:00:00+00:00,58757.78909013281
2030-05-05 06:00:00+00:00,77370.74919144313
2030-05-05 07:00:00+00:00,80878.70289608906
2030-05-05 08:00:00+00:00,106239.69644012467
2030-05-05 09:00:00+00:00,108756.48138841041
2030-05-05 10:00:00+00:00,110276.64026847007
2030-05-05 11:00:00+00:00,108612.66456409433
2030-05-05 12:00:00+00:00,105538.22226008917
2030-05-05 13:00:00+00:00,104022.46176118366
2030-05-05 14:00:00+00:00,79840.19671722333
2030-05-05 15:00:00+00:00,90440.20293003108
2030-05-05 16:00:00+00:00,57491.09896329083
2030-05-05 17:00:00+00:00,52532.19886744397
2030-05-05 18:00:00+00:00,52054.78701994745
2030-05-05 19:00:00+00:00,51362.44395900896
2030-05-05 20:00:00+00:00,50578.100854121774
2030-05-05 21:00:00+00:00,47594.787221129314
2030-05-05 22:00:00+00:00,44818.004642015294
2030-05-05 23:00:00+00:00,43495.851129648974
2030-05-06 00:00:00+00:00,42169.10722122698
2030-05-06 01:00:00+00:00,42173.537015919035
2030-05-06 02:00:00+00:00,43171.786941827166
2030-05-06 03:00:00+00:00,45682.39484992699
2030-05-06 04:00:00+00:00,52574.54927102117
2030-05-06 05:00:00+00:00,58593.45380923254
2030-05-06 06:00:00+00:00,66176.30873466913
2030-05-06 07:00:00+00:00,68989.92135489662
2030-05-06 08:00:00+00:00,94297.89493535546
2030-05-06 09:00:00+00:00,113967.82802262882
2030-05-06 10:00:00+00:00,116082.68095677826
2030-05-06 11:00:00+00:00,105072.72118495815
2030-05-06 12:00:00+00:00,93475.04341403815
2030-05-06 13:00:00+00:00,85633.51911057776
2030-05-06 14:00:00+00:00,66155.5681511722
2030-05-06 15:00:00+00:00,64442.98634401523
2030-05-06 16:00:00+00:00,60810.73999394273
2030-05-06 17:00:00+00:00,60998.82738120717
2030-05-06 18:00:00+00:00,59803.35468644501
2030-05-06 19:00:00+00:00,58239.7604121584
2030-05-06 20:00:00+00:00,55605.71816118521
2030-05-06 21:00:00+00:00,51857.67998780331
2030-05-06 22:00:00+00:00,48251.08592227452
2030-05-06 23:00:00+00:00,47241.50573197606
2030-05-07 00:00:00+00:00,46002.07813246487
2030-05-07 01:00:00+00:00,45925.68004717795
2030-05-07 02:00:00+00:00,46467.59407940853
2030-05-07 03:00:00+00:00,48985.426928447305
2030-05-07 04:00:00+00:00,55083.03871405267
2030-05-07 05:00:00+00:00,60800.47058553667
2030-05-07 06:00:00+00:00,64282.750475333705
2030-05-07 07:00:00+00:00,65479.681037296294
2030-05-07 08:00:00+00:00,65758.5455573597
2030-05-07 09:00:00+00:00,66158.97406341576
2030-05-07 10:00:00+00:00,65631.63365643368
2030-05-07 11:00:00+00:00,65156.789037194176
2030-05-07 12:00:00+00:00,63942.91153438366
2030-05-07 13:00:00+00:00,63085.616315426654
2030-05-07 14:00:00+00:00,62283.64041442022
2030-05-07 15:00:00+00:00,62096.251747470924
2030-05-07 16:00:00+00:00,61742.25966414965
2030-05-07 17:00:00+00:00,61921.523553849256
2030-05-07 18:00:00+00:00,60261.1671259765
2030-05-07 19:00:00+00:00,58246.43267279144
2030-05-07 20:00:00+00:00,55762.393078057445
2030-05-07 21:00:00+00:00,51689.923260620686
2030-05-07 22:00:00+00:00,47776.286664164705
2030-05-07 23:00:00+00:00,45952.98876433723
2030-05-08 00:00:00+00:00,44786.2196783621
2030-05-08 01:00:00+00:00,44904.69303414042
2030-05-08 02:00:00+00:00,45545.18693084734
2030-05-08 03:00:00+00:00,47730.266667080316
2030-05-08 04:00:00+00:00,53010.62550868547
2030-05-08 05:00:00+00:00,59129.99380211238
2030-05-08 06:00:00+00:00,65402.79758728762
2030-05-08 07:00:00+00:00,93270.55347846032
2030-05-08 08:00:00+00:00,93540.93840562564
2030-05-08 09:00:00+00:00,119232.81878698227
2030-05-08 10:00:00+00:00,119586.65227751268
2030-05-08 11:00:00+00:00,118813.81258463532
2030-05-08 12:00:00+00:00,116618.23471776638
2030-05-08 13:00:00+00:00,101543.7952487238
2030-05-08 14:00:00+00:00,88212.1574815888
2030-05-08 15:00:00+00:00,88095.0422135884
2030-05-08 16:00:00+00:00,72133.58334934918
2030-05-08 17:00:00+00:00,64748.66416926673
2030-05-08 18:00:00+00:00,62759.4761683705
2030-05-08 19:00:00+00:00,61651.960768340985
2030-05-08 20:00:00+00:00,59353.06288789523
2030-05-08 21:00:00+00:00,55580.648012645564
2030-05-08 22:00:00+00:00,51661.05612051371
2030-05-08 23:00:00+00:00,49722.817011902145
2030-05-09 00:00:00+00:00,48499.18666931912
2030-05-09 01:00:00+00:00,48164.876960549984
2030-05-09 02:00:00+00:00,48343.96069226765
2030-05-09 03:00:00+00:00,49006.87447914746
2030-05-09 04:00:00+00:00,48046.4394846708
2030-05-09 05:00:00+00:00,49340.18908625525
2030-05-09 06:00:00+00:00,65697.40094519364
2030-05-09 07:00:00+00:00,77261.29810396573
2030-05-09 08:00:00+00:00,78540.44982735027
2030-05-09 09:00:00+00:00,78701.37252991133
2030-05-09 10:00:00+00:00,78582.76353190104
2030-05-09 11:00:00+00:00,88294.01295701019
2030-05-09 12:00:00+00:00,81869.44215851871
2030-05-09 13:00:00+00:00,73213.24968234172
2030-05-09 14:00:00+00:00,73377.66012175786
2030-05-09 15:00:00+00:00,74619.911269774
2030-05-09 16:00:00+00:00,49888.569812517424
2030-05-09 17:00:00+00:00,49952.18855299688
2030-05-09 18:00:00+00:00,49937.293762567686
2030-05-09 19:00:00+00:00,50034.91183767471
2030-05-09 20:00:00+00:00,49122.3797169446
2030-05-09 21:00:00+00:00,46639.523261956456
2030-05-09 22:00:00+00:00,44001.386917265416
2030-05-09 23:00:00+00:00,42145.087115961906
2030-05-10 00:00:00+00:00,44152.297969593004
2030-05-10 01:00:00+00:00,44440.346385332414
2030-05-10 02:00:00+00:00,46083.764381084366
2030-05-10 03:00:00+00:00,49912.60256895042
2030-05-10 04:00:00+00:00,53750.00523157227
2030-05-10 05:00:00+00:00,57294.911894333345
2030-05-10 06:00:00+00:00,66493.66082815781
2030-05-10 07:00:00+00:00,85523.46961688697
2030-05-10 08:00:00+00:00,88078.0357803598
2030-05-10 09:00:00+00:00,93757.479530087
2030-05-10 10:00:00+00:00,88386.40881243025
2030-05-10 11:00:00+00:00,87796.0180507355
2030-05-10 12:00:00+00:00,85615.74750663477
2030-05-10 13:00:00+00:00,84480.23871149568
2030-05-10 14:00:00+00:00,84387.78710059836
2030-05-10 15:00:00+00:00,85533.70991353587
2030-05-10 16:00:00+00:00,71641.52967377147
2030-05-10 17:00:00+00:00,54771.98824300916
2030-05-10 18:00:00+00:00,53856.34942801847
2030-05-10 19:00:00+00:00,52464.448560386736
2030-05-10 20:00:00+00:00,50604.447925487155
2030-05-10 21:00:00+00:00,47308.67830060203
2030-05-10 22:00:00+00:00,44399.5982465336
2030-05-10 23:00:00+00:00,42637.80209301548
2030-05-11 00:00:00+00:00,42358.972285786
2030-05-11 01:00:00+00:00,42575.83724523832
2030-05-11 02:00:00+00:00,42795.10357168234
2030-05-11 03:00:00+00:00,45240.30015976018
2030-05-11 04:00:00+00:00,46663.89326253825
2030-05-11 05:00:00+00:00,48246.13901777584
2030-05-11 06:00:00+00:00,54661.120697899736
2030-05-11 07:00:00+00:00,71250.42804278407
2030-05-11 08:00:00+00:00,72874.68885761927
2030-05-11 09:00:00+00:00,72342.12295665509
2030-05-11 10:00:00+00:00,70228.59814592983
2030-05-11 11:00:00+00:00,69010.67549511799
2030-05-11 12:00:00+00:00,67153.59289831767
2030-05-11 13:00:00+00:00,66660.82778735855
2030-05-11 14:00:00+00:00,66276.09460757363
2030-05-11 15:00:00+00:00,65990.84468795208
2030-05-11 16:00:00+00:00,59829.96677725864
2030-05-11 17:00:00+00:00,58652.794412849114
2030-05-11 18:00:00+00:00,58658.7631661716
2030-05-11 19:00:00+00:00,56471.85982777787
2030-05-11 20:00:00+00:00,54232.479052687486
2030-05-11 21:00:00+00:00,49751.58012942623
2030-05-11 22:00:00+00:00,46525.96121473303
2030-05-11 23:00:00+00:00,45386.68818431358
2030-05-12 00:00:00+00:00,48641.93749534302
2030-05-12 01:00:00+00:00,50360.39286754317
2030-05-12 02:00:00+00:00,55950.14992075422
2030-05-12 03:00:00+00:00,64094.783804997714
2030-05-12 04:00:00+00:00,65257.120185549385
2030-05-12 05:00:00+00:00,66120.75124823421
2030-05-12 06:00:00+00:00,68120.7789032312
2030-05-12 07:00:00+00:00,79618.87900132756
2030-05-12 08:00:00+00:00,84228.13532245671
2030-05-12 09:00:00+00:00,84664.17930527806
2030-05-12 10:00:00+00:00,83727.18670582454
2030-05-12 11:00:00+00:00,83450.37590277978
2030-05-12 12:00:00+00:00,82844.99307775914
2030-05-12 13:00:00+00:00,81738.97021641358
2030-05-12 14:00:00+00:00,81873.38570897594
2030-05-12 15:00:00+00:00,81450.37931157248
2030-05-12 16:00:00+00:00,72578.1049584173
2030-05-12 17:00:00+00:00,71489.17318408392
2030-05-12 18:00:00+00:00,71370.97842645741
2030-05-12 19:00:00+00:00,69738.78170813386
2030-05-12 20:00:00+00:00,64862.6544708681
2030-05-12 21:00:00+00:00,56938.14951433601
2030-05-12 22:00:00+00:00,53557.844078483715
2030-05-12 23:00:00+00:00,53228.73972647857
2030-05-13 00:00:00+00:00,52480.04753038587
2030-05-13 01:00:00+00:00,53941.87939305607
2030-05-13 02:00:00+00:00,60642.4367183204
2030-05-13 03:00:00+00:00,71769.6135047295
2030-05-13 04:00:00+00:00,73226.981507679
2030-05-13 05:00:00+00:00,80358.53874390408
2030-05-13 06:00:00+00:00,89316.05229687123
2030-05-13 07:00:00+00:00,106383.63733746714
2030-05-13 08:00:00+00:00,106643.43804576813
2030-05-13 09:00:00+00:00,105876.47214211813
2030-05-13 10:00:00+00:00,103399.07469270876
2030-05-13 11:00:00+00:00,101941.94646735291
2030-05-13 12:00:00+00:00,101471.47013251364
2030-05-13 13:00:00+00:00,100047.47717323434
2030-05-13 14:00:00+00:00,99957.38967605529
2030-05-13 15:00:00+00:00,90499.38534397943
2030-05-13 16:00:00+00:00,81071.78160645967
2030-05-13 17:00:00+00:00,83206.52430872565
2030-05-13 18:00:00+00:00,81087.81133326529
2030-05-13 19:00:00+00:00,76290.30765475042
2030-05-13 20:00:00+00:00,69180.70274083449
2030-05-13 21:00:00+00:00,60982.25640882013
2030-05-13 22:00:00+00:00,56925.96236231156
2030-05-13 23:00:00+00:00,55832.650734500196
2030-05-14 00:00:00+00:00,58020.52039435512
2030-05-14 01:00:00+00:00,58312.08246713766
2030-05-14 02:00:00+00:00,56380.98357739947
2030-05-14 03:00:00+00:00,58198.03758460596
2030-05-14 04:00:00+00:00,64385.83625483377
2030-05-14 05:00:00+00:00,69886.17085009397
2030-05-14 06:00:00+00:00,100435.41809537681
2030-05-14 07:00:00+00:00,100361.48045604829
2030-05-14 08:00:00+00:00,99592.14572640558
2030-05-14 09:00:00+00:00,100360.45797665612
2030-05-14 10:00:00+00:00,98687.97874631074
2030-05-14 11:00:00+00:00,98542.68463416558
2030-05-14 12:00:00+00:00,96473.91664499592
2030-05-14 13:00:00+00:00,96460.69375751435
2030-05-14 14:00:00+00:00,96263.42492296048
2030-05-14 15:00:00+00:00,85128.83211585508
2030-05-14 16:00:00+00:00,75492.3869675657
2030-05-14 17:00:00+00:00,72622.50285121328
2030-05-14 18:00:00+00:00,69300.32308135497
2030-05-14 19:00:00+00:00,67735.34859209457
2030-05-14 20:00:00+00:00,69103.31974579328
2030-05-14 21:00:00+00:00,64780.55748454245
2030-05-14 22:00:00+00:00,60357.54689139697
2030-05-14 23:00:00+00:00,60220.92153009329
2030-05-15 00:00:00+00:00,60086.952778525054
2030-05-15 01:00:00+00:00,64269.127402777245
2030-05-15 02:00:00+00:00,68348.32818973316
2030-05-15 03:00:00+00:00,72161.56729967197
2030-05-15 04:00:00+00:00,75961.6353058506
2030-05-15 05:00:00+00:00,86227.31472789976
2030-05-15 06:00:00+00:00,91445.25763470924
2030-05-15 07:00:00+00:00,98993.98025336297
2030-05-15 08:00:00+00:00,116161.73812161553
2030-05-15 09:00:00+00:00,120083.55322113715
2030-05-15 10:00:00+00:00,118642.2864634463
2030-05-15 11:00:00+00:00,118462.43140900227
2030-05-15 12:00:00+00:00,117648.9563808026
2030-05-15 13:00:00+00:00,117128.68510279835
2030-05-15 14:00:00+00:00,115940.3273725028
2030-05-15 15:00:00+00:00,105301.66077676738
2030-05-15 16:00:00+00:00,76319.8593298016
2030-05-15 17:00:00+00:00,62336.00046601153
2030-05-15 18:00:00+00:00,60840.02476648194
2030-05-15 19:00:00+00:00,59742.94127453237
2030-05-15 20:00:00+00:00,56279.40350447021
2030-05-15 21:00:00+00:00,51211.336687415365
2030-05-15 22:00:00+00:00,48298.64512728889
2030-05-15 23:00:00+00:00,47678.175929205085
2030-05-16 00:00:00+00:00,46030.305434185066
2030-05-16 01:00:00+00:00,46086.636847824004
2030-05-16 02:00:00+00:00,46598.43082958198
2030-05-16 03:00:00+00:00,48598.60993137098
2030-05-16 04:00:00+00:00,53805.23307469221
2030-05-16 05:00:00+00:00,59515.96667742109
2030-05-16 06:00:00+00:00,62981.58692676177
2030-05-16 07:00:00+00:00,63047.149534891294
2030-05-16 08:00:00+00:00,63539.681500861785
2030-05-16 09:00:00+00:00,72907.95769718447
2030-05-16 10:00:00+00:00,89834.24610836795
2030-05-16 11:00:00+00:00,87870.81405904485
2030-05-16 12:00:00+00:00,72460.83581401115
2030-05-16 13:00:00+00:00,61592.954240171544
2030-05-16 14:00:00+00:00,61448.32492634912
2030-05-16 15:00:00+00:00,62437.473199544605
2030-05-16 16:00:00+00:00,63805.90005899148
2030-05-16 17:00:00+00:00,63626.13719373083
2030-05-16 18:00:00+00:00,61370.489022649854
2030-05-16 19:00:00+00:00,59691.67738783433
2030-05-16 20:00:00+00:00,56295.97509421937
2030-05-16 21:00:00+00:00,54578.429001087236
2030-05-16 22:00:00+00:00,47905.20757362133
2030-05-16 23:00:00+00:00,46027.877167932544
2030-05-17 00:00:00+00:00,46621.30264730262
2030-05-17 01:00:00+00:00,46173.1208916289
2030-05-17 02:00:00+00:00,46909.56459063836
2030-05-17 03:00:00+00:00,48940.74704189819
2030-05-17 04:00:00+00:00,54458.79083111832
2030-05-17 05:00:00+00:00,60562.25352136701
2030-05-17 06:00:00+00:00,64223.30784657863
2030-05-17 07:00:00+00:00,68732.44589422342
2030-05-17 08:00:00+00:00,69013.13581959244
2030-05-17 09:00:00+00:00,69986.4761120611
2030-05-17 10:00:00+00:00,70412.42415352145
2030-05-17 11:00:00+00:00,69424.94606552654
2030-05-17 12:00:00+00:00,67318.48565563357
2030-05-17 13:00:00+00:00,66688.23986870977
2030-05-17 14:00:00+00:00,64969.81110313545
2030-05-17 15:00:00+00:00,60415.690093510246
2030-05-17 16:00:00+00:00,61831.10239186262
2030-05-17 17:00:00+00:00,60981.91422005938
2030-05-17 18:00:00+00:00,58670.96136438989
2030-05-17 19:00:00+00:00,55778.671499659285
2030-05-17 20:00:00+00:00,52601.117814984405
2030-05-17 21:00:00+00:00,49067.51548703536
2030-05-17 22:00:00+00:00,47170.898296482344
2030-05-17 23:00:00+00:00,44764.017114737486
2030-05-18 00:00:00+00:00,44006.3116661963
2030-05-18 01:00:00+00:00,43670.7775950737
2030-05-18 02:00:00+00:00,44593.9452918068
2030-05-18 03:00:00+00:00,45534.47299274966
2030-05-18 04:00:00+00:00,45887.41567117553
2030-05-18 05:00:00+00:00,47981.23708555095
2030-05-18 06:00:00+00:00,52594.3176524521
2030-05-18 07:00:00+00:00,58711.81962125549
2030-05-18 08:00:00+00:00,59939.12276448867
2030-05-18 09:00:00+00:00,60504.88179113958
2030-05-18 10:00:00+00:00,59874.43339923513
2030-05-18 11:00:00+00:00,65902.81711513097
2030-05-18 12:00:00+00:00,67189.17188021794
2030-05-18 13:00:00+00:00,63461.606281886314
2030-05-18 14:00:00+00:00,55953.438611316145
2030-05-18 15:00:00+00:00,57291.78572205975
2030-05-18 16:00:00+00:00,57546.632300308105
2030-05-18 17:00:00+00:00,52846.04729754069
2030-05-18 18:00:00+00:00,51905.75324691205
2030-05-18 19:00:00+00:00,49493.983931725765
2030-05-18 20:00:00+00:00,48509.902552888336
2030-05-18 21:00:00+00:00,45369.88745446174
2030-05-18 22:00:00+00:00,42671.91803997877
2030-05-18 23:00:00+00:00,40631.171648912976
2030-05-19 00:00:00+00:00,39270.03433073018
2030-05-19 01:00:00+00:00,39527.02599880764
2030-05-19 02:00:00+00:00,39279.96762007119
2030-05-19 03:00:00+00:00,39714.67228942625
2030-05-19 04:00:00+00:00,40101.962420325035
2030-05-19 05:00:00+00:00,41326.06283812303
2030-05-19 06:00:00+00:00,44486.24569359764
2030-05-19 07:00:00+00:00,47640.53494422499
2030-05-19 08:00:00+00:00,53719.33074691366
2030-05-19 09:00:00+00:00,71400.31616390658
2030-05-19 10:00:00+00:00,70687.71964921195
2030-05-19 11:00:00+00:00,67889.95438327131
2030-05-19 12:00:00+00:00,53172.669722751096
2030-05-19 13:00:00+00:00,46575.956344612365
2030-05-19 14:00:00+00:00,46809.21809799425
2030-05-19 15:00:00+00:00,52120.45946823449
2030-05-19 16:00:00+00:00,47741.89376069608
2030-05-19 17:00:00+00:00,47692.22629969008
2030-05-19 18:00:00+00:00,47199.48621753802
2030-05-19 19:00:00+00:00,46277.11959272575
2030-05-19 20:00:00+00:00,45857.54555800422
2030-05-19 21:00:00+00:00,43170.592290470944
2030-05-19 22:00:00+00:00,40428.39631594192
2030-05-19 23:00:00+00:00,38589.43993923927
2030-05-20 00:00:00+00:00,37976.51029710798
2030-05-20 01:00:00+00:00,38350.27631860624
2030-05-20 02:00:00+00:00,39318.59436107393
2030-05-20 03:00:00+00:00,40820.786350205526
2030-05-20 04:00:00+00:00,41579.35656881435
2030-05-20 05:00:00+00:00,42566.01214226048
2030-05-20 06:00:00+00:00,45613.32144647951
2030-05-20 07:00:00+00:00,48634.137634345105
2030-05-20 08:00:00+00:00,50415.64555629672
2030-05-20 09:00:00+00:00,50568.72895181025
2030-05-20 10:00:00+00:00,50585.29981338774
2030-05-20 11:00:00+00:00,49502.23238484337
2030-05-20 12:00:00+00:00,48466.564049984394
2030-05-20 13:00:00+00:00,48112.750946879685
2030-05-20 14:00:00+00:00,47143.273346681555
2030-05-20 15:00:00+00:00,48767.443396199895
2030-05-20 16:00:00+00:00,49804.77068183036
2030-05-20 17:00:00+00:00,50651.64049397001
2030-05-20 18:00:00+00:00,50536.76829273461
2030-05-20 19:00:00+00:00,49817.781581596355
2030-05-20 20:00:00+00:00,49645.40995485714
2030-05-20 21:00:00+00:00,47528.83032219995
2030-05-20 22:00:00+00:00,45124.58274425636
2030-05-20 23:00:00+00:00,42813.23573088188
2030-05-21 00:00:00+00:00,42231.851195744064
2030-05-21 01:00:00+00:00,42780.74892105697
2030-05-21 02:00:00+00:00,44594.96232930101
2030-05-21 03:00:00+00:00,47627.4064647274
2030-05-21 04:00:00+00:00,54426.78022631514
2030-05-21 05:00:00+00:00,61227.35061381364
2030-05-21 06:00:00+00:00,64709.33992613382
2030-05-21 07:00:00+00:00,71216.94888091052
2030-05-21 08:00:00+00:00,71622.18348247388
2030-05-21 09:00:00+00:00,73034.05382075626
2030-05-21 10:00:00+00:00,71973.19503850694
2030-05-21 11:00:00+00:00,71643.77871594153
2030-05-21 12:00:00+00:00,71700.93222021617
2030-05-21 13:00:00+00:00,72321.3088268977
2030-05-21 14:00:00+00:00,70829.95196707716
2030-05-21 15:00:00+00:00,70065.06827767813
2030-05-21 16:00:00+00:00,70066.98155183555
2030-05-21 17:00:00+00:00,71169.1879115246
2030-05-21 18:00:00+00:00,69229.60436784355
2030-05-21 19:00:00+00:00,65992.85010152322
2030-05-21 20:00:00+00:00,62305.26254640389
2030-05-21 21:00:00+00:00,57550.329979647424
2030-05-21 22:00:00+00:00,53910.42710840971
2030-05-21 23:00:00+00:00,52853.0781913815
2030-05-22 00:00:00+00:00,57250.14440585687
2030-05-22 01:00:00+00:00,59761.12946883007
2030-05-22 02:00:00+00:00,67219.32906841408
2030-05-22 03:00:00+00:00,76650.47904079122
2030-05-22 04:00:00+00:00,81665.79700319856
2030-05-22 05:00:00+00:00,82456.4121571205
2030-05-22 06:00:00+00:00,85165.36684897127
2030-05-22 07:00:00+00:00,89762.65541409096
2030-05-22 08:00:00+00:00,92142.92556688993
2030-05-22 09:00:00+00:00,90961.64952179011
2030-05-22 10:00:00+00:00,90105.32791771965
2030-05-22 11:00:00+00:00,88944.0006046212
2030-05-22 12:00:00+00:00,88103.01172524267
2030-05-22 13:00:00+00:00,87274.60714067423
2030-05-22 14:00:00+00:00,85251.57518795418
2030-05-22 15:00:00+00:00,81888.73044369601
2030-05-22 16:00:00+00:00,80457.55508798572
2030-05-22 17:00:00+00:00,80834.42780276778
2030-05-22 18:00:00+00:00,80393.38887752716
2030-05-22 19:00:00+00:00,79123.418191428
2030-05-22 20:00:00+00:00,74079.50003419285
2030-05-22 21:00:00+00:00,62817.38631778379
2030-05-22 22:00:00+00:00,58027.69555046674
2030-05-22 23:00:00+00:00,58804.7444473535
2030-05-23 00:00:00+00:00,61283.60297812148
2030-05-23 01:00:00+00:00,60300.70309264703
2030-05-23 02:00:00+00:00,71169.02874050506
2030-05-23 03:00:00+00:00,77990.19480865487
2030-05-23 04:00:00+00:00,80443.58731051657
2030-05-23 05:00:00+00:00,83659.29168269265
2030-05-23 06:00:00+00:00,91871.85062126248
2030-05-23 07:00:00+00:00,92385.0248537449
2030-05-23 08:00:00+00:00,91616.85811237554
2030-05-23 09:00:00+00:00,91717.86445480312
2030-05-23 10:00:00+00:00,89760.74678882706
2030-05-23 11:00:00+00:00,89739.69133896651
2030-05-23 12:00:00+00:00,87584.88105812152
2030-05-23 13:00:00+00:00,87843.55301495825
2030-05-23 14:00:00+00:00,80293.14694229412
2030-05-23 15:00:00+00:00,66516.03948065818
2030-05-23 16:00:00+00:00,64301.5379028969
2030-05-23 17:00:00+00:00,64780.21012871953
2030-05-23 18:00:00+00:00,62741.73303217826
2030-05-23 19:00:00+00:00,59832.821369451514
2030-05-23 20:00:00+00:00,57289.24778961577
2030-05-23 21:00:00+00:00,52643.878263750245
2030-05-23 22:00:00+00:00,49350.30890205889
2030-05-23 23:00:00+00:00,47948.74639594899
2030-05-24 00:00:00+00:00,46756.1627069038
2030-05-24 01:00:00+00:00,47382.433226916015
2030-05-24 02:00:00+00:00,48865.867996216126
2030-05-24 03:00:00+00:00,52093.12391141158
2030-05-24 04:00:00+00:00,56737.1243669278
2030-05-24 05:00:00+00:00,62754.12628486937
2030-05-24 06:00:00+00:00,66632.98296965615
2030-05-24 07:00:00+00:00,67900.6630872542
2030-05-24 08:00:00+00:00,68499.58963429053
2030-05-24 09:00:00+00:00,68896.15099196209
2030-05-24 10:00:00+00:00,69449.7670274057
2030-05-24 11:00:00+00:00,68452.83537017899
2030-05-24 12:00:00+00:00,65732.61705026224
2030-05-24 13:00:00+00:00,64737.90795403079
2030-05-24 14:00:00+00:00,65308.77825980759
2030-05-24 15:00:00+00:00,64510.840772233336
2030-05-24 16:00:00+00:00,63761.36178254334
2030-05-24 17:00:00+00:00,63320.59011018179
2030-05-24 18:00:00+00:00,61278.08665983719
2030-05-24 19:00:00+00:00,58461.09566457906
2030-05-24 20:00:00+00:00,55148.997009930004
2030-05-24 21:00:00+00:00,51162.11695769748
2030-05-24 22:00:00+00:00,46460.473333688016
2030-05-24 23:00:00+00:00,44785.06712333638
2030-05-25 00:00:00+00:00,43241.36901453318
2030-05-25 01:00:00+00:00,42919.56449790047
2030-05-25 02:00:00+00:00,43741.29275676976
2030-05-25 03:00:00+00:00,45168.13432777418
2030-05-25 04:00:00+00:00,46600.379546337506
2030-05-25 05:00:00+00:00,48786.48377304303
2030-05-25 06:00:00+00:00,72458.72302225875
2030-05-25 07:00:00+00:00,80019.6831667946
2030-05-25 08:00:00+00:00,82431.03629694528
2030-05-25 09:00:00+00:00,82773.76481834165
2030-05-25 10:00:00+00:00,81625.47690838602
2030-05-25 11:00:00+00:00,80728.54826001654
2030-05-25 12:00:00+00:00,78138.44306098833
2030-05-25 13:00:00+00:00,76501.11082430644
2030-05-25 14:00:00+00:00,75490.82152861592
2030-05-25 15:00:00+00:00,71713.14941172986
2030-05-25 16:00:00+00:00,73462.70599626492
2030-05-25 17:00:00+00:00,74069.37471321048
2030-05-25 18:00:00+00:00,72910.7621907324
2030-05-25 19:00:00+00:00,69266.95935625191
2030-05-25 20:00:00+00:00,65767.3417574175
2030-05-25 21:00:00+00:00,55382.42926316799
2030-05-25 22:00:00+00:00,53111.69804334697
2030-05-25 23:00:00+00:00,51256.59157264849
2030-05-26 00:00:00+00:00,51821.433519207305
2030-05-26 01:00:00+00:00,53129.39770823308
2030-05-26 02:00:00+00:00,60677.86541136748
2030-05-26 03:00:00+00:00,65553.01419351595
2030-05-26 04:00:00+00:00,66080.94346548925
2030-05-26 05:00:00+00:00,71665.759237452
2030-05-26 06:00:00+00:00,75904.68600313453
2030-05-26 07:00:00+00:00,79193.52110684461
2030-05-26 08:00:00+00:00,79877.6829551336
2030-05-26 09:00:00+00:00,80715.73296581363
2030-05-26 10:00:00+00:00,79730.54298599617
2030-05-26 11:00:00+00:00,78311.29472366512
2030-05-26 12:00:00+00:00,76564.25255854386
2030-05-26 13:00:00+00:00,76131.77169380701
2030-05-26 14:00:00+00:00,76569.4467738378
2030-05-26 15:00:00+00:00,77910.93161420437
2030-05-26 16:00:00+00:00,78126.73246194576
2030-05-26 17:00:00+00:00,74387.88135551788
2030-05-26 18:00:00+00:00,73966.51916170272
2030-05-26 19:00:00+00:00,71561.62899673781
2030-05-26 20:00:00+00:00,68822.7173339192
2030-05-26 21:00:00+00:00,58397.22556910569
2030-05-26 22:00:00+00:00,55524.97738797034
2030-05-26 23:00:00+00:00,53813.662915705485
2030-05-27 00:00:00+00:00,49966.018838936114
2030-05-27 01:00:00+00:00,49659.22245890323
2030-05-27 02:00:00+00:00,54310.074980969745
2030-05-27 03:00:00+00:00,62776.80588673528
2030-05-27 04:00:00+00:00,72871.29073813903
2030-05-27 05:00:00+00:00,76832.81595620434
2030-05-27 06:00:00+00:00,78537.85545085068
2030-05-27 07:00:00+00:00,77661.48182634782
2030-05-27 08:00:00+00:00,78617.64005164031
2030-05-27 09:00:00+00:00,76925.69510101316
2030-05-27 10:00:00+00:00,75676.02805209786
2030-05-27 11:00:00+00:00,74957.3266545229
2030-05-27 12:00:00+00:00,72874.52051693726
2030-05-27 13:00:00+00:00,72325.87691307097
2030-05-27 14:00:00+00:00,71193.2406503298
2030-05-27 15:00:00+00:00,62880.87054157339
2030-05-27 16:00:00+00:00,61074.23159764234
2030-05-27 17:00:00+00:00,61495.642434771726
2030-05-27 18:00:00+00:00,59791.75276346084
2030-05-27 19:00:00+00:00,57465.405267224574
2030-05-27 20:00:00+00:00,54211.305314712146
2030-05-27 21:00:00+00:00,50244.23271007831
2030-05-27 22:00:00+00:00,46848.08386098272
2030-05-27 23:00:00+00:00,45441.61589968818
2030-05-28 00:00:00+00:00,43200.469647461076
2030-05-28 01:00:00+00:00,43406.07876902776
2030-05-28 02:00:00+00:00,43690.32862153739
2030-05-28 03:00:00+00:00,46506.21054495657
2030-05-28 04:00:00+00:00,52015.500767556165
2030-05-28 05:00:00+00:00,57489.42825274778
2030-05-28 06:00:00+00:00,60710.405330869966
2030-05-28 07:00:00+00:00,65662.30824158514
2030-05-28 08:00:00+00:00,87020.38746882587
2030-05-28 09:00:00+00:00,105859.3956997596
2030-05-28 10:00:00+00:00,115676.33948411277
2030-05-28 11:00:00+00:00,112905.29512705767
2030-05-28 12:00:00+00:00,102263.00529121708
2030-05-28 13:00:00+00:00,90575.63593851539
2030-05-28 14:00:00+00:00,78942.6687662104
2030-05-28 15:00:00+00:00,68192.09484190511
2030-05-28 16:00:00+00:00,62540.29004739197
2030-05-28 17:00:00+00:00,58079.99263301985
2030-05-28 18:00:00+00:00,56777.45681732614
2030-05-28 19:00:00+00:00,54979.59887538193
2030-05-28 20:00:00+00:00,53514.03379886893
2030-05-28 21:00:00+00:00,49407.772277977856
2030-05-28 22:00:00+00:00,47990.54135669345
2030-05-28 23:00:00+00:00,45973.055357138306
2030-05-29 00:00:00+00:00,46626.67471709818
2030-05-29 01:00:00+00:00,46735.175859698895
2030-05-29 02:00:00+00:00,48304.901615202885
2030-05-29 03:00:00+00:00,51708.83935934687
2030-05-29 04:00:00+00:00,56853.867047248736
2030-05-29 05:00:00+00:00,62103.79970196329
2030-05-29 06:00:00+00:00,65676.16505341588
2030-05-29 07:00:00+00:00,67811.1579295815
2030-05-29 08:00:00+00:00,68677.55104500652
2030-05-29 09:00:00+00:00,69315.62716106334
2030-05-29 10:00:00+00:00,69342.54627163132
2030-05-29 11:00:00+00:00,68362.00691889395
2030-05-29 12:00:00+00:00,67518.44147090359
2030-05-29 13:00:00+00:00,66734.16481613752
2030-05-29 14:00:00+00:00,66107.49186171168
2030-05-29 15:00:00+00:00,65384.07094714636
2030-05-29 16:00:00+00:00,64767.82677236875
2030-05-29 17:00:00+00:00,65170.27113401891
2030-05-29 18:00:00+00:00,62547.03099351186
2030-05-29 19:00:00+00:00,58004.52293553684
2030-05-29 20:00:00+00:00,55034.47381675299
2030-05-29 21:00:00+00:00,51350.54416782
2030-05-29 22:00:00+00:00,48525.364289509525
2030-05-29 23:00:00+00:00,46266.708272302996
2030-05-30 00:00:00+00:00,44524.74484916811
2030-05-30 01:00:00+00:00,44417.761393484674
2030-05-30 02:00:00+00:00,45248.061127730936
2030-05-30 03:00:00+00:00,46442.22743893641
2030-05-30 04:00:00+00:00,47983.59666393769
2030-05-30 05:00:00+00:00,50019.02747280164
2030-05-30 06:00:00+00:00,52209.642873567085
2030-05-30 07:00:00+00:00,53898.412131157536
2030-05-30 08:00:00+00:00,65288.83871796103
2030-05-30 09:00:00+00:00,67463.47807952209
2030-05-30 10:00:00+00:00,67616.7082264605
2030-05-30 11:00:00+00:00,68915.84284488599
2030-05-30 12:00:00+00:00,66238.51534997468
2030-05-30 13:00:00+00:00,65419.238357413604
2030-05-30 14:00:00+00:00,63851.224541499076
2030-05-30 15:00:00+00:00,55156.218530499
2030-05-30 16:00:00+00:00,55395.188190183595
2030-05-30 17:00:00+00:00,55596.31128970739
2030-05-30 18:00:00+00:00,54743.70462597197
2030-05-30 19:00:00+00:00,52569.76492622278
2030-05-30 20:00:00+00:00,53233.177078135566
2030-05-30 21:00:00+00:00,65149.72933024078
2030-05-30 22:00:00+00:00,71551.50339678927
2030-05-30 23:00:00+00:00,75622.82468648441
2030-05-31 00:00:00+00:00,73670.39197457221
2030-05-31 01:00:00+00:00,74799.62169147353
2030-05-31 02:00:00+00:00,76420.1384154809
2030-05-31 03:00:00+00:00,79472.22259481474
2030-05-31 04:00:00+00:00,84468.85839694654
2030-05-31 05:00:00+00:00,88721.72070488521
2030-05-31 06:00:00+00:00,91991.68703605539
2030-05-31 07:00:00+00:00,94164.42235691324
2030-05-31 08:00:00+00:00,94582.12235427558
2030-05-31 09:00:00+00:00,95111.59168054139
2030-05-31 10:00:00+00:00,96783.26117367289
2030-05-31 11:00:00+00:00,104832.10395952457
2030-05-31 12:00:00+00:00,102134.12511724551
2030-05-31 13:00:00+00:00,93280.9608365322
2030-05-31 14:00:00+00:00,90911.30508797619
2030-05-31 15:00:00+00:00,91243.21042237533
2030-05-31 16:00:00+00:00,98449.52106311839
2030-05-31 17:00:00+00:00,91881.37060067066
2030-05-31 18:00:00+00:00,89725.5096984382
2030-05-31 19:00:00+00:00,87035.1340718851
2030-05-31 20:00:00+00:00,84807.60233670817
2030-05-31 21:00:00+00:00,81328.76931992169
2030-05-31 22:00:00+00:00,78130.20624789104
2030-05-31 23:00:00+00:00,76038.05405229452
2030-06-01 00:00:00+00:00,75892.67002839578
2030-06-01 01:00:00+00:00,75878.76180686109
2030-06-01 02:00:00+00:00,76903.59447971432
2030-06-01 03:00:00+00:00,79023.60323864552
2030-06-01 04:00:00+00:00,80536.21225783636
2030-06-01 05:00:00+00:00,82079.48066506807
2030-06-01 06:00:00+00:00,84437.54041551118
2030-06-01 07:00:00+00:00,87831.76785549517
2030-06-01 08:00:00+00:00,95808.11555168434
2030-06-01 09:00:00+00:00,101328.57309792557
2030-06-01 10:00:00+00:00,98291.29320944875
2030-06-01 11:00:00+00:00,100543.92431115946
2030-06-01 12:00:00+00:00,101353.79480092131
2030-06-01 13:00:00+00:00,103630.50396147344
2030-06-01 14:00:00+00:00,108506.99727557547
2030-06-01 15:00:00+00:00,107398.38503511988
2030-06-01 16:00:00+00:00,97935.38816697223
2030-06-01 17:00:00+00:00,89089.82281974345
2030-06-01 18:00:00+00:00,87737.4981054508
2030-06-01 19:00:00+00:00,84925.97206143617
2030-06-01 20:00:00+00:00,83429.30277727384
2030-06-01 21:00:00+00:00,84299.47976699207
2030-06-01 22:00:00+00:00,87445.98161781147
2030-06-01 23:00:00+00:00,88615.90352022485
2030-06-02 00:00:00+00:00,87588.94354136834
2030-06-02 01:00:00+00:00,90366.87046822076
2030-06-02 02:00:00+00:00,89444.94794496964
2030-06-02 03:00:00+00:00,89688.13713897568
2030-06-02 04:00:00+00:00,87407.63091968324
2030-06-02 05:00:00+00:00,100220.08016723924
2030-06-02 06:00:00+00:00,106391.01536228553
2030-06-02 07:00:00+00:00,107741.32110480308
2030-06-02 08:00:00+00:00,109497.25164332216
2030-06-02 09:00:00+00:00,111209.67181386998
2030-06-02 10:00:00+00:00,113418.18845377832
2030-06-02 11:00:00+00:00,111987.32776735867
2030-06-02 12:00:00+00:00,109684.19032884232
2030-06-02 13:00:00+00:00,108743.10335532541
2030-06-02 14:00:00+00:00,108793.31032562772
2030-06-02 15:00:00+00:00,109591.98960972026
2030-06-02 16:00:00+00:00,110881.1027293573
2030-06-02 17:00:00+00:00,91537.73008293528
2030-06-02 18:00:00+00:00,90790.62313805919
2030-06-02 19:00:00+00:00,88865.59956356535
2030-06-02 20:00:00+00:00,87584.22490513543
2030-06-02 21:00:00+00:00,83817.36557704666
2030-06-02 22:00:00+00:00,81026.62289300704
2030-06-02 23:00:00+00:00,79625.46894398567
2030-06-03 00:00:00+00:00,79806.7005608863
2030-06-03 01:00:00+00:00,80107.16380438016
2030-06-03 02:00:00+00:00,83472.75008185822
2030-06-03 03:00:00+00:00,93605.06517816581
2030-06-03 04:00:00+00:00,104404.74290603201
2030-06-03 05:00:00+00:00,108685.93893403112
2030-06-03 06:00:00+00:00,110730.13417227844
2030-06-03 07:00:00+00:00,109881.55131979572
2030-06-03 08:00:00+00:00,108443.13633036012
2030-06-03 09:00:00+00:00,118477.44447392784
2030-06-03 10:00:00+00:00,122315.08356073443
2030-06-03 11:00:00+00:00,124206.37306225736
2030-06-03 12:00:00+00:00,123261.67459621454
2030-06-03 13:00:00+00:00,117469.60007306245
2030-06-03 14:00:00+00:00,101430.71989929455
2030-06-03 15:00:00+00:00,105304.29436118805
2030-06-03 16:00:00+00:00,102528.96438374247
2030-06-03 17:00:00+00:00,91908.23672811285
2030-06-03 18:00:00+00:00,90685.923348091
2030-06-03 19:00:00+00:00,87584.25859001689
2030-06-03 20:00:00+00:00,84783.30439046008
2030-06-03 21:00:00+00:00,80912.01251672237
2030-06-03 22:00:00+00:00,77728.89024496711
2030-06-03 23:00:00+00:00,76043.74836456837
2030-06-04 00:00:00+00:00,73736.75309890928
2030-06-04 01:00:00+00:00,73474.25310910113
2030-06-04 02:00:00+00:00,74424.96165475521
2030-06-04 03:00:00+00:00,76516.9368347316
2030-06-04 04:00:00+00:00,81830.1656674538
2030-06-04 05:00:00+00:00,87431.26533166318
2030-06-04 06:00:00+00:00,90706.2089302699
2030-06-04 07:00:00+00:00,91395.26471421702
2030-06-04 08:00:00+00:00,90962.32873009781
2030-06-04 09:00:00+00:00,115412.10653395538
2030-06-04 10:00:00+00:00,118524.31814296836
2030-06-04 11:00:00+00:00,119105.00035114153
2030-06-04 12:00:00+00:00,117464.28678769259
2030-06-04 13:00:00+00:00,109379.75609732204
2030-06-04 14:00:00+00:00,87764.94495521669
2030-06-04 15:00:00+00:00,87400.33125768289
2030-06-04 16:00:00+00:00,82337.63963673053
2030-06-04 17:00:00+00:00,59883.11800967551
2030-06-04 18:00:00+00:00,58873.752659625694
2030-06-04 19:00:00+00:00,57003.88761976678
2030-06-04 20:00:00+00:00,55072.67196053928
2030-06-04 21:00:00+00:00,50620.364687467016
2030-06-04 22:00:00+00:00,47987.8534119739
2030-06-04 23:00:00+00:00,45977.41463763981
2030-06-05 00:00:00+00:00,44961.411541689566
2030-06-05 01:00:00+00:00,44159.51581672146
2030-06-05 02:00:00+00:00,45422.65555281498
2030-06-05 03:00:00+00:00,47858.78869236426
2030-06-05 04:00:00+00:00,53852.29821732181
2030-06-05 05:00:00+00:00,60232.28271179251
2030-06-05 06:00:00+00:00,71633.4950004075
2030-06-05 07:00:00+00:00,91854.97940976606
2030-06-05 08:00:00+00:00,102215.69037835326
2030-06-05 09:00:00+00:00,120800.28028120396
2030-06-05 10:00:00+00:00,120729.53658667849
2030-06-05 11:00:00+00:00,120310.42819101246
2030-06-05 12:00:00+00:00,118307.63042555194
2030-06-05 13:00:00+00:00,100872.97550382782
2030-06-05 14:00:00+00:00,87140.60174709221
2030-06-05 15:00:00+00:00,87439.26245521287
2030-06-05 16:00:00+00:00,69432.96350408786
2030-06-05 17:00:00+00:00,59612.306699557754
2030-06-05 18:00:00+00:00,58465.400352538956
2030-06-05 19:00:00+00:00,55714.03126719497
2030-06-05 20:00:00+00:00,54158.73613438515
2030-06-05 21:00:00+00:00,50550.42288761827
2030-06-05 22:00:00+00:00,47102.317859967035
2030-06-05 23:00:00+00:00,45110.87303738972
2030-06-06 00:00:00+00:00,43807.28657737716
2030-06-06 01:00:00+00:00,43372.74635481048
2030-06-06 02:00:00+00:00,44172.96975820366
2030-06-06 03:00:00+00:00,46479.01192357644
2030-06-06 04:00:00+00:00,51599.77277532742
2030-06-06 05:00:00+00:00,57110.54654982266
2030-06-06 06:00:00+00:00,72312.84047823648
2030-06-06 07:00:00+00:00,89317.71853072403
2030-06-06 08:00:00+00:00,103060.97120735294
2030-06-06 09:00:00+00:00,118070.6690236816
2030-06-06 10:00:00+00:00,119728.59726926136
2030-06-06 11:00:00+00:00,117354.18120217884
2030-06-06 12:00:00+00:00,115614.25758488203
2030-06-06 13:00:00+00:00,104418.97103423835
2030-06-06 14:00:00+00:00,87983.1148253192
2030-06-06 15:00:00+00:00,89106.33708106357
2030-06-06 16:00:00+00:00,78296.83167651079
2030-06-06 17:00:00+00:00,58563.39174385864
2030-06-06 18:00:00+00:00,57536.6063054282
2030-06-06 19:00:00+00:00,54946.68545545306
2030-06-06 20:00:00+00:00,53439.77854167642
2030-06-06 21:00:00+00:00,49911.1182906668
2030-06-06 22:00:00+00:00,47087.45075528575
2030-06-06 23:00:00+00:00,45085.0116934602
2030-06-07 00:00:00+00:00,43611.84454740334
2030-06-07 01:00:00+00:00,43560.16970025067
2030-06-07 02:00:00+00:00,43976.0459200879
2030-06-07 03:00:00+00:00,45618.04474952031
2030-06-07 04:00:00+00:00,51353.02305718362
2030-06-07 05:00:00+00:00,56983.67256637071
2030-06-07 06:00:00+00:00,79663.98994439017
2030-06-07 07:00:00+00:00,88728.73897880383
2030-06-07 08:00:00+00:00,100949.38395416993
2030-06-07 09:00:00+00:00,116213.3967032648
2030-06-07 10:00:00+00:00,116481.95871754788
2030-06-07 11:00:00+00:00,114739.88480332732
2030-06-07 12:00:00+00:00,105789.25780060867
2030-06-07 13:00:00+00:00,85747.35312552992
2030-06-07 14:00:00+00:00,84706.69120106644
2030-06-07 15:00:00+00:00,84534.75038782592
2030-06-07 16:00:00+00:00,79700.36987091004
2030-06-07 17:00:00+00:00,62265.80476783031
2030-06-07 18:00:00+00:00,59932.119200421934
2030-06-07 19:00:00+00:00,57782.033685280636
2030-06-07 20:00:00+00:00,56430.13227974226
2030-06-07 21:00:00+00:00,52949.596446133124
2030-06-07 22:00:00+00:00,50330.95682521338
2030-06-07 23:00:00+00:00,48096.369741089766
2030-06-08 00:00:00+00:00,46109.09257826595
2030-06-08 01:00:00+00:00,45601.09946819792
2030-06-08 02:00:00+00:00,45713.03908530707
2030-06-08 03:00:00+00:00,45374.733981512334
2030-06-08 04:00:00+00:00,46454.869580357
2030-06-08 05:00:00+00:00,51416.23886592459
2030-06-08 06:00:00+00:00,74877.60194640086
2030-06-08 07:00:00+00:00,80659.44031994093
2030-06-08 08:00:00+00:00,91217.53683928301
2030-06-08 09:00:00+00:00,107129.72034098819
2030-06-08 10:00:00+00:00,106392.06696235371
2030-06-08 11:00:00+00:00,105275.28943102472
2030-06-08 12:00:00+00:00,103633.26248033394
2030-06-08 13:00:00+00:00,85073.16668402479
2030-06-08 14:00:00+00:00,79088.75809364032
2030-06-08 15:00:00+00:00,83379.51545178809
2030-06-08 16:00:00+00:00,76048.28255428122
2030-06-08 17:00:00+00:00,52608.24886072679
2030-06-08 18:00:00+00:00,50687.85447083529
2030-06-08 19:00:00+00:00,49128.33034167323
2030-06-08 20:00:00+00:00,47775.57395323388
2030-06-08 21:00:00+00:00,45042.48840474889
2030-06-08 22:00:00+00:00,43041.52631549165
2030-06-08 23:00:00+00:00,41340.847517202834
2030-06-09 00:00:00+00:00,40600.48798624848
2030-06-09 01:00:00+00:00,40317.77712699424
2030-06-09 02:00:00+00:00,40324.35057276413
2030-06-09 03:00:00+00:00,40266.30338197282
2030-06-09 04:00:00+00:00,40698.96750367013
2030-06-09 05:00:00+00:00,43095.74168305243
2030-06-09 06:00:00+00:00,64431.07813399156
2030-06-09 07:00:00+00:00,72721.97008983433
2030-06-09 08:00:00+00:00,73661.94715320253
2030-06-09 09:00:00+00:00,75709.21496653667
2030-06-09 10:00:00+00:00,75679.17464721831
2030-06-09 11:00:00+00:00,74815.8625055477
2030-06-09 12:00:00+00:00,73158.35614974215
2030-06-09 13:00:00+00:00,72766.22667331233
2030-06-09 14:00:00+00:00,72404.97027567476
2030-06-09 15:00:00+00:00,67243.99599808309
2030-06-09 16:00:00+00:00,47911.02527650005
2030-06-09 17:00:00+00:00,48409.96674266107
2030-06-09 18:00:00+00:00,48402.04813206172
2030-06-09 19:00:00+00:00,47525.55406325534
2030-06-09 20:00:00+00:00,47836.45732926761
2030-06-09 21:00:00+00:00,45251.99048381052
2030-06-09 22:00:00+00:00,42555.51814449988
2030-06-09 23:00:00+00:00,41929.873554174716
2030-06-10 00:00:00+00:00,41278.86933376799
2030-06-10 01:00:00+00:00,41554.93085003564
2030-06-10 02:00:00+00:00,42489.788170364794
2030-06-10 03:00:00+00:00,45342.86768588623
2030-06-10 04:00:00+00:00,51527.475562272964
2030-06-10 05:00:00+00:00,57265.778542692846
2030-06-10 06:00:00+00:00,60587.51410549777
2030-06-10 07:00:00+00:00,61918.072787048324
2030-06-10 08:00:00+00:00,61992.79501365842
2030-06-10 09:00:00+00:00,63836.38965642927
2030-06-10 10:00:00+00:00,62853.77491632769
2030-06-10 11:00:00+00:00,63310.38610259151
2030-06-10 12:00:00+00:00,62100.45275743565
2030-06-10 13:00:00+00:00,61443.15912511799
2030-06-10 14:00:00+00:00,59992.320659704084
2030-06-10 15:00:00+00:00,59818.37478472197
2030-06-10 16:00:00+00:00,60342.52542276146
2030-06-10 17:00:00+00:00,60304.95920414243
2030-06-10 18:00:00+00:00,58730.23126734218
2030-06-10 19:00:00+00:00,56163.562777233354
2030-06-10 20:00:00+00:00,53632.47628552441
2030-06-10 21:00:00+00:00,50547.40466667237
2030-06-10 22:00:00+00:00,47209.27555261585
2030-06-10 23:00:00+00:00,45669.907534521815
2030-06-11 00:00:00+00:00,44873.93104915178
2030-06-11 01:00:00+00:00,45078.23176598773
2030-06-11 02:00:00+00:00,45742.24812247012
2030-06-11 03:00:00+00:00,47779.99519016349
2030-06-11 04:00:00+00:00,53478.958486224255
2030-06-11 05:00:00+00:00,58352.29595704188
2030-06-11 06:00:00+00:00,61705.20464242621
2030-06-11 07:00:00+00:00,62610.37310225299
2030-06-11 08:00:00+00:00,64815.99146061268
2030-06-11 09:00:00+00:00,63770.337760391056
2030-06-11 10:00:00+00:00,64592.131054542995
2030-06-11 11:00:00+00:00,77543.47455800323
2030-06-11 12:00:00+00:00,69981.9619148095
2030-06-11 13:00:00+00:00,61097.502508836325
2030-06-11 14:00:00+00:00,60076.03460311672
2030-06-11 15:00:00+00:00,60828.38440884043
2030-06-11 16:00:00+00:00,60666.0657035729
2030-06-11 17:00:00+00:00,60351.4597741425
2030-06-11 18:00:00+00:00,59079.322116228155
2030-06-11 19:00:00+00:00,57016.08501898636
2030-06-11 20:00:00+00:00,54577.2423384557
2030-06-11 21:00:00+00:00,51367.21312665626
2030-06-11 22:00:00+00:00,48372.15438921174
2030-06-11 23:00:00+00:00,45985.5739839774
2030-06-12 00:00:00+00:00,44888.58263692823
2030-06-12 01:00:00+00:00,44797.21938680261
2030-06-12 02:00:00+00:00,45777.464202531715
2030-06-12 03:00:00+00:00,47895.721620103555
2030-06-12 04:00:00+00:00,53271.27334765054
2030-06-12 05:00:00+00:00,58988.25239749172
2030-06-12 06:00:00+00:00,85509.63009754002
2030-06-12 07:00:00+00:00,93967.5264843237
2030-06-12 08:00:00+00:00,96034.66211733391
2030-06-12 09:00:00+00:00,118181.54526738108
2030-06-12 10:00:00+00:00,110486.99694927939
2030-06-12 11:00:00+00:00,118411.18402273547
2030-06-12 12:00:00+00:00,109031.15494267362
2030-06-12 13:00:00+00:00,92599.13452307919
2030-06-12 14:00:00+00:00,88343.88680136291
2030-06-12 15:00:00+00:00,91123.77774361875
2030-06-12 16:00:00+00:00,87954.9229186915
2030-06-12 17:00:00+00:00,88237.86591737164
2030-06-12 18:00:00+00:00,86639.03835045462
2030-06-12 19:00:00+00:00,83794.9058527535
2030-06-12 20:00:00+00:00,81943.10256453947
2030-06-12 21:00:00+00:00,78784.14556100138
2030-06-12 22:00:00+00:00,75207.87159977335
2030-06-12 23:00:00+00:00,73441.694395169
2030-06-13 00:00:00+00:00,71854.35498284163
2030-06-13 01:00:00+00:00,71562.18497863392
2030-06-13 02:00:00+00:00,72360.68643436536
2030-06-13 03:00:00+00:00,74108.45922368238
2030-06-13 04:00:00+00:00,79561.81424272525
2030-06-13 05:00:00+00:00,85285.03018715615
2030-06-13 06:00:00+00:00,105901.17185380225
2030-06-13 07:00:00+00:00,117635.3917012363
2030-06-13 08:00:00+00:00,118084.44960855931
2030-06-13 09:00:00+00:00,92829.05842487718
2030-06-13 10:00:00+00:00,117419.81944906953
2030-06-13 11:00:00+00:00,117314.93525562587
2030-06-13 12:00:00+00:00,116592.08454957983
2030-06-13 13:00:00+00:00,114773.81059187696
2030-06-13 14:00:00+00:00,113406.84006526016
2030-06-13 15:00:00+00:00,113187.84014741187
2030-06-13 16:00:00+00:00,89733.9523695575
2030-06-13 17:00:00+00:00,90059.7254157835
2030-06-13 18:00:00+00:00,89011.07755574583
2030-06-13 19:00:00+00:00,86325.616466992
2030-06-13 20:00:00+00:00,84827.48174621598
2030-06-13 21:00:00+00:00,80600.5803029061
2030-06-13 22:00:00+00:00,77416.46001978876
2030-06-13 23:00:00+00:00,75322.67654893035
2030-06-14 00:00:00+00:00,76240.12122836371
2030-06-14 01:00:00+00:00,79832.2810778801
2030-06-14 02:00:00+00:00,88668.94116532845
2030-06-14 03:00:00+00:00,90590.90274612533
2030-06-14 04:00:00+00:00,96507.75359074728
2030-06-14 05:00:00+00:00,103043.29908420172
2030-06-14 06:00:00+00:00,117131.44772802455
2030-06-14 07:00:00+00:00,118277.68882302845
2030-06-14 08:00:00+00:00,119355.85730136136
2030-06-14 09:00:00+00:00,120469.75030856315
2030-06-14 10:00:00+00:00,120061.72409703783
2030-06-14 11:00:00+00:00,120595.93443280336
2030-06-14 12:00:00+00:00,117484.26400998831
2030-06-14 13:00:00+00:00,116349.53612544521
2030-06-14 14:00:00+00:00,115395.48233436438
2030-06-14 15:00:00+00:00,87516.25460713614
2030-06-14 16:00:00+00:00,80572.15642085904
2030-06-14 17:00:00+00:00,67757.7506564273
2030-06-14 18:00:00+00:00,60348.2710144102
2030-06-14 19:00:00+00:00,55724.870458637444
2030-06-14 20:00:00+00:00,55064.64023970829
2030-06-14 21:00:00+00:00,54779.25993063851
2030-06-14 22:00:00+00:00,52241.846694832435
2030-06-14 23:00:00+00:00,51296.22637952621
2030-06-15 00:00:00+00:00,50659.18737799058
2030-06-15 01:00:00+00:00,50730.35945013158
2030-06-15 02:00:00+00:00,51671.362629072784
2030-06-15 03:00:00+00:00,55162.46802148606
2030-06-15 04:00:00+00:00,60961.11786234156
2030-06-15 05:00:00+00:00,71716.89748592395
2030-06-15 06:00:00+00:00,101942.2671077726
2030-06-15 07:00:00+00:00,105791.26374147841
2030-06-15 08:00:00+00:00,106995.66190580073
2030-06-15 09:00:00+00:00,107790.57359542568
2030-06-15 10:00:00+00:00,108396.17837907738
2030-06-15 11:00:00+00:00,105596.49585899459
2030-06-15 12:00:00+00:00,104434.86082808633
2030-06-15 13:00:00+00:00,103381.4402002875
2030-06-15 14:00:00+00:00,103308.32936709
2030-06-15 15:00:00+00:00,103745.22847145946
2030-06-15 16:00:00+00:00,105416.92824571289
2030-06-15 17:00:00+00:00,80474.14674252551
2030-06-15 18:00:00+00:00,79169.92097271312
2030-06-15 19:00:00+00:00,89495.65975084476
2030-06-15 20:00:00+00:00,88804.90313776408
2030-06-15 21:00:00+00:00,86742.06683171116
2030-06-15 22:00:00+00:00,85389.45998430462
2030-06-15 23:00:00+00:00,83490.63125869363
2030-06-16 00:00:00+00:00,82327.2312682212
2030-06-16 01:00:00+00:00,81490.67799848225
2030-06-16 02:00:00+00:00,81355.12733267536
2030-06-16 03:00:00+00:00,81739.14465534229
2030-06-16 04:00:00+00:00,82506.07685272224
2030-06-16 05:00:00+00:00,83791.90175466072
2030-06-16 06:00:00+00:00,98035.02355358953
2030-06-16 07:00:00+00:00,100664.07943704767
2030-06-16 08:00:00+00:00,102176.67676125496
2030-06-16 09:00:00+00:00,103510.48005595159
2030-06-16 10:00:00+00:00,104546.34264262198
2030-06-16 11:00:00+00:00,104161.62876424994
2030-06-16 12:00:00+00:00,102140.2011217825
2030-06-16 13:00:00+00:00,101083.28082093956
2030-06-16 14:00:00+00:00,100789.79134273209
2030-06-16 15:00:00+00:00,102392.49174585579
2030-06-16 16:00:00+00:00,103511.45116919772
2030-06-16 17:00:00+00:00,59260.24873699162
2030-06-16 18:00:00+00:00,47364.391283412675
2030-06-16 19:00:00+00:00,46420.55024377336
2030-06-16 20:00:00+00:00,47069.41375809256
2030-06-16 21:00:00+00:00,44572.329578151905
2030-06-16 22:00:00+00:00,42600.40078203983
2030-06-16 23:00:00+00:00,41397.267726797756
2030-06-17 00:00:00+00:00,40330.599858601025
2030-06-17 01:00:00+00:00,40225.36690925179
2030-06-17 02:00:00+00:00,41335.5779654875
2030-06-17 03:00:00+00:00,43282.18182544529
2030-06-17 04:00:00+00:00,49379.24592838318
2030-06-17 05:00:00+00:00,55705.86865972745
2030-06-17 06:00:00+00:00,68803.59872860849
2030-06-17 07:00:00+00:00,89609.68049084954
2030-06-17 08:00:00+00:00,91418.52607503856
2030-06-17 09:00:00+00:00,118565.81926748576
2030-06-17 10:00:00+00:00,117930.78544951807
2030-06-17 11:00:00+00:00,117763.28400408267
2030-06-17 12:00:00+00:00,116712.88481852014
2030-06-17 13:00:00+00:00,102195.4571445202
2030-06-17 14:00:00+00:00,87711.33682407223
2030-06-17 15:00:00+00:00,86624.86308308505
2030-06-17 16:00:00+00:00,79888.28644566557
2030-06-17 17:00:00+00:00,65890.73588545063
2030-06-17 18:00:00+00:00,63725.51770783163
2030-06-17 19:00:00+00:00,60791.32298530097
2030-06-17 20:00:00+00:00,59293.98438684567
2030-06-17 21:00:00+00:00,56092.68797879688
2030-06-17 22:00:00+00:00,53118.55880513122
2030-06-17 23:00:00+00:00,51764.68455169421
2030-06-18 00:00:00+00:00,50359.30403541197
2030-06-18 01:00:00+00:00,50090.72530480199
2030-06-18 02:00:00+00:00,50452.421896837586
2030-06-18 03:00:00+00:00,52438.06567299745
2030-06-18 04:00:00+00:00,57726.67366881936
2030-06-18 05:00:00+00:00,64425.20657684248
2030-06-18 06:00:00+00:00,84613.99611328487
2030-06-18 07:00:00+00:00,90016.47902587007
2030-06-18 08:00:00+00:00,91535.32527504346
2030-06-18 09:00:00+00:00,118274.3566868876
2030-06-18 10:00:00+00:00,119340.58473559051
2030-06-18 11:00:00+00:00,119259.61028319674
2030-06-18 12:00:00+00:00,116641.66987362105
2030-06-18 13:00:00+00:00,115853.58928255009
2030-06-18 14:00:00+00:00,92840.32193101296
2030-06-18 15:00:00+00:00,90029.21734992447
2030-06-18 16:00:00+00:00,84595.9381028573
2030-06-18 17:00:00+00:00,66551.43044595837
2030-06-18 18:00:00+00:00,63663.17334040864
2030-06-18 19:00:00+00:00,61136.981662528895
2030-06-18 20:00:00+00:00,59787.221339935495
2030-06-18 21:00:00+00:00,56986.09433822727
2030-06-18 22:00:00+00:00,53735.720712014685
2030-06-18 23:00:00+00:00,52017.91934193531
2030-06-19 00:00:00+00:00,50629.08409410556
2030-06-19 01:00:00+00:00,50921.72606774596
2030-06-19 02:00:00+00:00,50366.28895526949
2030-06-19 03:00:00+00:00,51451.12516862505
2030-06-19 04:00:00+00:00,57165.57702592579
2030-06-19 05:00:00+00:00,63709.91032153875
2030-06-19 06:00:00+00:00,76091.01779463133
2030-06-19 07:00:00+00:00,91133.81804193
2030-06-19 08:00:00+00:00,92080.47594870336
2030-06-19 09:00:00+00:00,109739.28967593641
2030-06-19 10:00:00+00:00,120743.61640859641
2030-06-19 11:00:00+00:00,120039.91524075376
2030-06-19 12:00:00+00:00,118207.98782436078
2030-06-19 13:00:00+00:00,111366.47901249738
2030-06-19 14:00:00+00:00,88060.79453481309
2030-06-19 15:00:00+00:00,87835.81771932662
2030-06-19 16:00:00+00:00,59591.26445652432
2030-06-19 17:00:00+00:00,59331.622095043465
2030-06-19 18:00:00+00:00,57480.28299432745
2030-06-19 19:00:00+00:00,55582.80448112234
2030-06-19 20:00:00+00:00,54079.318227241536
2030-06-19 21:00:00+00:00,51311.8491790047
2030-06-19 22:00:00+00:00,47641.498841265566
2030-06-19 23:00:00+00:00,45674.415241461444
2030-06-20 00:00:00+00:00,44675.65127974027
2030-06-20 01:00:00+00:00,44148.81131451166
2030-06-20 02:00:00+00:00,44622.61618695627
2030-06-20 03:00:00+00:00,46582.8262907106
2030-06-20 04:00:00+00:00,51626.09753071011
2030-06-20 05:00:00+00:00,56396.05872339424
2030-06-20 06:00:00+00:00,64322.52897406045
2030-06-20 07:00:00+00:00,89730.57861477745
2030-06-20 08:00:00+00:00,90392.11464171062
2030-06-20 09:00:00+00:00,90106.97357824947
2030-06-20 10:00:00+00:00,111477.26580516057
2030-06-20 11:00:00+00:00,119200.83048595431
2030-06-20 12:00:00+00:00,104744.96689300417
2030-06-20 13:00:00+00:00,89213.18048173387
2030-06-20 14:00:00+00:00,87618.8693699231
2030-06-20 15:00:00+00:00,69723.417174404
2030-06-20 16:00:00+00:00,58837.2535304424
2030-06-20 17:00:00+00:00,59525.40959031041
2030-06-20 18:00:00+00:00,58090.82102739542
2030-06-20 19:00:00+00:00,54893.65678325688
2030-06-20 20:00:00+00:00,53213.264324586424
2030-06-20 21:00:00+00:00,49542.51963892694
2030-06-20 22:00:00+00:00,46113.15690684595
2030-06-20 23:00:00+00:00,44112.33125931959
2030-06-21 00:00:00+00:00,42869.71541846718
2030-06-21 01:00:00+00:00,42827.3211995792
2030-06-21 02:00:00+00:00,43405.257833104966
2030-06-21 03:00:00+00:00,45014.88005229763
2030-06-21 04:00:00+00:00,50205.760603555034
2030-06-21 05:00:00+00:00,55860.31113752061
2030-06-21 06:00:00+00:00,76368.55529641107
2030-06-21 07:00:00+00:00,116027.46326904281
2030-06-21 08:00:00+00:00,119864.85983391386
2030-06-21 09:00:00+00:00,120054.94329731332
2030-06-21 10:00:00+00:00,119165.75850095507
2030-06-21 11:00:00+00:00,119152.16376185723
2030-06-21 12:00:00+00:00,116927.30163994695
2030-06-21 13:00:00+00:00,114947.83825174117
2030-06-21 14:00:00+00:00,114954.6256682301
2030-06-21 15:00:00+00:00,114918.6582021296
2030-06-21 16:00:00+00:00,114834.6997236117
2030-06-21 17:00:00+00:00,101902.28304273622
2030-06-21 18:00:00+00:00,100228.8859459708
2030-06-21 19:00:00+00:00,97609.33341386844
2030-06-21 20:00:00+00:00,95561.19136476002
2030-06-21 21:00:00+00:00,93301.05347308959
2030-06-21 22:00:00+00:00,88986.19312177191
2030-06-21 23:00:00+00:00,87327.37660042502
2030-06-22 00:00:00+00:00,85846.62896110697
2030-06-22 01:00:00+00:00,84788.64488467592
2030-06-22 02:00:00+00:00,84430.66780914208
2030-06-22 03:00:00+00:00,84339.48971094577
2030-06-22 04:00:00+00:00,85804.04568108584
2030-06-22 05:00:00+00:00,90389.83157144363
2030-06-22 06:00:00+00:00,102964.34369574231
2030-06-22 07:00:00+00:00,106963.04231392502
2030-06-22 08:00:00+00:00,109499.89828121243
2030-06-22 09:00:00+00:00,110046.25212021096
2030-06-22 10:00:00+00:00,109579.21891965004
2030-06-22 11:00:00+00:00,107336.12234656865
2030-06-22 12:00:00+00:00,105062.80431478462
2030-06-22 13:00:00+00:00,104950.06816474916
2030-06-22 14:00:00+00:00,105443.38508277162
2030-06-22 15:00:00+00:00,105782.57987928993
2030-06-22 16:00:00+00:00,106571.32368673822
2030-06-22 17:00:00+00:00,106158.1261133752
2030-06-22 18:00:00+00:00,104040.5226556671
2030-06-22 19:00:00+00:00,102132.39780733705
2030-06-22 20:00:00+00:00,101824.2086040333
2030-06-22 21:00:00+00:00,99863.9050961638
2030-06-22 22:00:00+00:00,97479.15049023162
2030-06-22 23:00:00+00:00,95483.45636198696
2030-06-23 00:00:00+00:00,94348.37520166281
2030-06-23 01:00:00+00:00,93841.47163809747
2030-06-23 02:00:00+00:00,94045.88945859252
2030-06-23 03:00:00+00:00,93451.47349456485
2030-06-23 04:00:00+00:00,93390.14030932522
2030-06-23 05:00:00+00:00,95491.53876172114
2030-06-23 06:00:00+00:00,98783.2343869809
2030-06-23 07:00:00+00:00,100873.70256163586
2030-06-23 08:00:00+00:00,102451.06756095284
2030-06-23 09:00:00+00:00,103241.87500222471
2030-06-23 10:00:00+00:00,103914.0710993234
2030-06-23 11:00:00+00:00,102470.76078183373
2030-06-23 12:00:00+00:00,101195.3660464759
2030-06-23 13:00:00+00:00,100438.58959469732
2030-06-23 14:00:00+00:00,100584.36947672535
2030-06-23 15:00:00+00:00,102056.33827744031
2030-06-23 16:00:00+00:00,103512.60140924553
2030-06-23 17:00:00+00:00,83689.18394804669
2030-06-23 18:00:00+00:00,67581.13792903523
2030-06-23 19:00:00+00:00,57130.47492467568
2030-06-23 20:00:00+00:00,56862.682518806396
2030-06-23 21:00:00+00:00,56399.426016245736
2030-06-23 22:00:00+00:00,61282.449133681774
2030-06-23 23:00:00+00:00,59539.45773287065
2030-06-24 00:00:00+00:00,59536.44969766146
2030-06-24 01:00:00+00:00,58835.312245446636
2030-06-24 02:00:00+00:00,54621.62392937167
2030-06-24 03:00:00+00:00,51905.07037233791
2030-06-24 04:00:00+00:00,56609.787266822816
2030-06-24 05:00:00+00:00,63493.20815761054
2030-06-24 06:00:00+00:00,81217.35763209854
2030-06-24 07:00:00+00:00,89589.46141835114
2030-06-24 08:00:00+00:00,89995.46110990272
2030-06-24 09:00:00+00:00,73268.91747097325
2030-06-24 10:00:00+00:00,90090.7325698352
2030-06-24 11:00:00+00:00,90344.16510968434
2030-06-24 12:00:00+00:00,88205.0404006056
2030-06-24 13:00:00+00:00,87108.06096216616
2030-06-24 14:00:00+00:00,86750.42112464957
2030-06-24 15:00:00+00:00,74773.68138931989
2030-06-24 16:00:00+00:00,61183.16285867058
2030-06-24 17:00:00+00:00,61349.280134996945
2030-06-24 18:00:00+00:00,60242.90517407048
2030-06-24 19:00:00+00:00,58354.896179738476
2030-06-24 20:00:00+00:00,57061.03589531415
2030-06-24 21:00:00+00:00,53736.92200227047
2030-06-24 22:00:00+00:00,50092.83215670915
2030-06-24 23:00:00+00:00,48938.7800604837
2030-06-25 00:00:00+00:00,48874.62895599878
2030-06-25 01:00:00+00:00,48562.72641568483
2030-06-25 02:00:00+00:00,49992.90884788075
2030-06-25 03:00:00+00:00,52991.326899610125
2030-06-25 04:00:00+00:00,58239.809963781314
2030-06-25 05:00:00+00:00,64014.989444222665
2030-06-25 06:00:00+00:00,67543.58243706363
2030-06-25 07:00:00+00:00,74718.78716882366
2030-06-25 08:00:00+00:00,91626.2297477641
2030-06-25 09:00:00+00:00,92974.76034960523
2030-06-25 10:00:00+00:00,92365.1391132127
2030-06-25 11:00:00+00:00,92112.44258448403
2030-06-25 12:00:00+00:00,89913.18674725537
2030-06-25 13:00:00+00:00,89176.12266003437
2030-06-25 14:00:00+00:00,88475.23586634002
2030-06-25 15:00:00+00:00,89198.75971608929
2030-06-25 16:00:00+00:00,83404.47078207947
2030-06-25 17:00:00+00:00,74664.0463077843
2030-06-25 18:00:00+00:00,72649.00530743472
2030-06-25 19:00:00+00:00,73053.65800916203
2030-06-25 20:00:00+00:00,73747.7466295404
2030-06-25 21:00:00+00:00,73400.4627896572
2030-06-25 22:00:00+00:00,72898.39539145588
2030-06-25 23:00:00+00:00,72085.42387640245
2030-06-26 00:00:00+00:00,71981.20023562896
2030-06-26 01:00:00+00:00,72222.40633438926
2030-06-26 02:00:00+00:00,73331.90752326063
2030-06-26 03:00:00+00:00,74645.6792803648
2030-06-26 04:00:00+00:00,81323.63336785423
2030-06-26 05:00:00+00:00,87468.49989228838
2030-06-26 06:00:00+00:00,93158.34577581522
2030-06-26 07:00:00+00:00,94570.75561583073
2030-06-26 08:00:00+00:00,94559.43634297745
2030-06-26 09:00:00+00:00,94458.04033995896
2030-06-26 10:00:00+00:00,94442.34185295591
2030-06-26 11:00:00+00:00,95920.83192306568
2030-06-26 12:00:00+00:00,99566.81066452271
2030-06-26 13:00:00+00:00,92030.1893461064
2030-06-26 14:00:00+00:00,91300.97149774383
2030-06-26 15:00:00+00:00,90899.89128288557
2030-06-26 16:00:00+00:00,92094.73029596091
2030-06-26 17:00:00+00:00,87326.9117882054
2030-06-26 18:00:00+00:00,67318.05793447664
2030-06-26 19:00:00+00:00,63340.489515677764
2030-06-26 20:00:00+00:00,61213.711278485025
2030-06-26 21:00:00+00:00,57833.87627964912
2030-06-26 22:00:00+00:00,54037.200607285835
2030-06-26 23:00:00+00:00,52637.544870533544
2030-06-27 00:00:00+00:00,51640.357024853816
2030-06-27 01:00:00+00:00,51770.446597188304
2030-06-27 02:00:00+00:00,52382.796754957315
2030-06-27 03:00:00+00:00,54646.229815773724
2030-06-27 04:00:00+00:00,59839.95597604822
2030-06-27 05:00:00+00:00,65818.19972697354
2030-06-27 06:00:00+00:00,76097.41019077219
2030-06-27 07:00:00+00:00,95105.64217696135
2030-06-27 08:00:00+00:00,94967.92050838284
2030-06-27 09:00:00+00:00,95944.8119957054
2030-06-27 10:00:00+00:00,94898.60362357598
2030-06-27 11:00:00+00:00,95433.65975426385
2030-06-27 12:00:00+00:00,94076.7303995998
2030-06-27 13:00:00+00:00,92977.44259417085
2030-06-27 14:00:00+00:00,93029.933011761
2030-06-27 15:00:00+00:00,84820.17266019048
2030-06-27 16:00:00+00:00,67417.05412808369
2030-06-27 17:00:00+00:00,65867.2787665264
2030-06-27 18:00:00+00:00,63760.37094872564
2030-06-27 19:00:00+00:00,60907.38254299658
2030-06-27 20:00:00+00:00,58146.4796253876
2030-06-27 21:00:00+00:00,54299.34880273136
2030-06-27 22:00:00+00:00,51034.091241929294
2030-06-27 23:00:00+00:00,48683.76143039906
2030-06-28 00:00:00+00:00,47143.32368265376
2030-06-28 01:00:00+00:00,47592.98109810112
2030-06-28 02:00:00+00:00,47752.340531529575
2030-06-28 03:00:00+00:00,50475.458837741775
2030-06-28 04:00:00+00:00,56016.90013206262
2030-06-28 05:00:00+00:00,61742.20514646118
2030-06-28 06:00:00+00:00,73958.69637456755
2030-06-28 07:00:00+00:00,93169.24456297717
2030-06-28 08:00:00+00:00,93542.1126220825
2030-06-28 09:00:00+00:00,94346.25699860218
2030-06-28 10:00:00+00:00,93952.20886199731
2030-06-28 11:00:00+00:00,93246.95311133552
2030-06-28 12:00:00+00:00,90922.02105154457
2030-06-28 13:00:00+00:00,89652.54011529844
2030-06-28 14:00:00+00:00,88753.58913749892
2030-06-28 15:00:00+00:00,86630.93920669882
2030-06-28 16:00:00+00:00,67633.7415133308
2030-06-28 17:00:00+00:00,62339.302047166675
2030-06-28 18:00:00+00:00,60208.43281698431
2030-06-28 19:00:00+00:00,56803.041994143976
2030-06-28 20:00:00+00:00,54475.83238400873
2030-06-28 21:00:00+00:00,51832.044615503015
2030-06-28 22:00:00+00:00,48413.39386285523
2030-06-28 23:00:00+00:00,46008.65742217026
2030-06-29 00:00:00+00:00,43420.16674896451
2030-06-29 01:00:00+00:00,42841.5748451803
2030-06-29 02:00:00+00:00,42959.08050325021
2030-06-29 03:00:00+00:00,43150.02590648464
2030-06-29 04:00:00+00:00,44285.60537379372
2030-06-29 05:00:00+00:00,49344.233258997556
2030-06-29 06:00:00+00:00,70212.84278145972
2030-06-29 07:00:00+00:00,79719.42098269158
2030-06-29 08:00:00+00:00,81673.38545854815
2030-06-29 09:00:00+00:00,81195.40429666908
2030-06-29 10:00:00+00:00,80708.10047283875
2030-06-29 11:00:00+00:00,79540.68801105494
2030-06-29 12:00:00+00:00,78572.52455405056
2030-06-29 13:00:00+00:00,78194.35604175992
2030-06-29 14:00:00+00:00,78545.66589896927
2030-06-29 15:00:00+00:00,78630.06746537713
2030-06-29 16:00:00+00:00,80159.27379922007
2030-06-29 17:00:00+00:00,80493.20425685028
2030-06-29 18:00:00+00:00,78937.47861811328
2030-06-29 19:00:00+00:00,76242.4923848923
2030-06-29 20:00:00+00:00,76130.11481059695
2030-06-29 21:00:00+00:00,72386.80417300107
2030-06-29 22:00:00+00:00,71164.66643458966
2030-06-29 23:00:00+00:00,70730.29384353884
2030-06-30 00:00:00+00:00,69604.53499654643
2030-06-30 01:00:00+00:00,69959.48129477019
2030-06-30 02:00:00+00:00,70164.99061141208
2030-06-30 03:00:00+00:00,70511.98172906021
2030-06-30 04:00:00+00:00,69797.04756017425
2030-06-30 05:00:00+00:00,70451.66612473686
2030-06-30 06:00:00+00:00,78779.55536558756
2030-06-30 07:00:00+00:00,80826.29696686461
2030-06-30 08:00:00+00:00,85806.13867103218
2030-06-30 09:00:00+00:00,91824.81623783926
2030-06-30 10:00:00+00:00,87767.92951728802
2030-06-30 11:00:00+00:00,87411.05779952506
2030-06-30 12:00:00+00:00,89525.14586632734
2030-06-30 13:00:00+00:00,84672.61445634262
2030-06-30 14:00:00+00:00,84489.87042654434
2030-06-30 15:00:00+00:00,85340.44416916129
2030-06-30 16:00:00+00:00,82679.01655220546
2030-06-30 17:00:00+00:00,70388.92404728194
2030-06-30 18:00:00+00:00,63906.90371527895
2030-06-30 19:00:00+00:00,61051.80866574724
2030-06-30 20:00:00+00:00,61227.43719286008
2030-06-30 21:00:00+00:00,59964.04905496604
2030-06-30 22:00:00+00:00,58094.73001607387
2030-06-30 23:00:00+00:00,57934.53765601352
2030-07-01 00:00:00+00:00,56640.542506202924
2030-07-01 01:00:00+00:00,56918.87625657599
2030-07-01 02:00:00+00:00,58448.65519984173
2030-07-01 03:00:00+00:00,60868.55147867756
2030-07-01 04:00:00+00:00,67008.20057960946
2030-07-01 05:00:00+00:00,76974.574906913
2030-07-01 06:00:00+00:00,87427.94411150872
2030-07-01 07:00:00+00:00,92313.73151197049
2030-07-01 08:00:00+00:00,111263.84226473191
2030-07-01 09:00:00+00:00,118849.01009896582
2030-07-01 10:00:00+00:00,118034.55923000412
2030-07-01 11:00:00+00:00,118320.76051675009
2030-07-01 12:00:00+00:00,116799.78519731187
2030-07-01 13:00:00+00:00,115998.72157867276
2030-07-01 14:00:00+00:00,105719.09231436692
2030-07-01 15:00:00+00:00,110625.39443395048
2030-07-01 16:00:00+00:00,83623.34822277384
2030-07-01 17:00:00+00:00,59406.88849365396
2030-07-01 18:00:00+00:00,58204.17279404468
2030-07-01 19:00:00+00:00,55112.45013090669
2030-07-01 20:00:00+00:00,52849.88475972792
2030-07-01 21:00:00+00:00,49958.141794511444
2030-07-01 22:00:00+00:00,46425.03799659671
2030-07-01 23:00:00+00:00,44420.056425856514
2030-07-02 00:00:00+00:00,44073.409898816775
2030-07-02 01:00:00+00:00,44419.01402648775
2030-07-02 02:00:00+00:00,44566.13190360605
2030-07-02 03:00:00+00:00,46376.08633912701
2030-07-02 04:00:00+00:00,51493.11028588817
2030-07-02 05:00:00+00:00,57656.35972438745
2030-07-02 06:00:00+00:00,60947.15221655267
2030-07-02 07:00:00+00:00,90516.78188146083
2030-07-02 08:00:00+00:00,91936.95019268557
2030-07-02 09:00:00+00:00,104080.61440251052
2030-07-02 10:00:00+00:00,121119.10736638907
2030-07-02 11:00:00+00:00,121082.78834073566
2030-07-02 12:00:00+00:00,119943.84867812408
2030-07-02 13:00:00+00:00,109979.59916661623
2030-07-02 14:00:00+00:00,88954.79479951874
2030-07-02 15:00:00+00:00,89274.21666310524
2030-07-02 16:00:00+00:00,75525.10772859567
2030-07-02 17:00:00+00:00,61190.041215769445
2030-07-02 18:00:00+00:00,59375.49997993323
2030-07-02 19:00:00+00:00,56393.847111618044
2030-07-02 20:00:00+00:00,54498.998551585224
2030-07-02 21:00:00+00:00,50594.0984636652
2030-07-02 22:00:00+00:00,47840.742545550536
2030-07-02 23:00:00+00:00,46698.44031899337
2030-07-03 00:00:00+00:00,45865.7990066704
2030-07-03 01:00:00+00:00,45436.51613144415
2030-07-03 02:00:00+00:00,46357.155814563725
2030-07-03 03:00:00+00:00,48191.46759777883
2030-07-03 04:00:00+00:00,53480.69413183328
2030-07-03 05:00:00+00:00,58478.03696133274
2030-07-03 06:00:00+00:00,61898.93660813483
2030-07-03 07:00:00+00:00,62846.4779141378
2030-07-03 08:00:00+00:00,63923.23148539938
2030-07-03 09:00:00+00:00,64846.659566871414
2030-07-03 10:00:00+00:00,66069.76229213063
2030-07-03 11:00:00+00:00,69481.07102151617
2030-07-03 12:00:00+00:00,75802.74927603506
2030-07-03 13:00:00+00:00,76950.02233599557
2030-07-03 14:00:00+00:00,71946.07830722001
2030-07-03 15:00:00+00:00,59845.781377338535
2030-07-03 16:00:00+00:00,59665.321923040596
2030-07-03 17:00:00+00:00,60305.21998164759
2030-07-03 18:00:00+00:00,58573.05147688142
2030-07-03 19:00:00+00:00,55761.8194668087
2030-07-03 20:00:00+00:00,53479.64730438106
2030-07-03 21:00:00+00:00,49642.052497007724
2030-07-03 22:00:00+00:00,47198.19291704905
2030-07-03 23:00:00+00:00,46050.76396381689
2030-07-04 00:00:00+00:00,44346.03991772419
2030-07-04 01:00:00+00:00,44710.310022728474
2030-07-04 02:00:00+00:00,45131.54715276097
2030-07-04 03:00:00+00:00,47288.26227125002
2030-07-04 04:00:00+00:00,53453.294908469594
2030-07-04 05:00:00+00:00,59443.58810353915
2030-07-04 06:00:00+00:00,63519.414481137144
2030-07-04 07:00:00+00:00,65426.71889565658
2030-07-04 08:00:00+00:00,66853.77082639282
2030-07-04 09:00:00+00:00,67877.98213061567
2030-07-04 10:00:00+00:00,66542.61462021021
2030-07-04 11:00:00+00:00,69936.91378274062
2030-07-04 12:00:00+00:00,69089.1185898885
2030-07-04 13:00:00+00:00,59734.75871271144
2030-07-04 14:00:00+00:00,58422.06286242425
2030-07-04 15:00:00+00:00,59456.67560673988
2030-07-04 16:00:00+00:00,60403.23665413474
2030-07-04 17:00:00+00:00,61050.19219374308
2030-07-04 18:00:00+00:00,59188.55654719106
2030-07-04 19:00:00+00:00,55963.14912774777
2030-07-04 20:00:00+00:00,54464.74788649915
2030-07-04 21:00:00+00:00,51558.32070944075
2030-07-04 22:00:00+00:00,47986.21716480465
2030-07-04 23:00:00+00:00,46331.950173946774
2030-07-05 00:00:00+00:00,44592.24280940186
2030-07-05 01:00:00+00:00,44555.89601215869
2030-07-05 02:00:00+00:00,45163.841618801045
2030-07-05 03:00:00+00:00,47115.96345464386
2030-07-05 04:00:00+00:00,52349.36900059304
2030-07-05 05:00:00+00:00,57626.757537560785
2030-07-05 06:00:00+00:00,60992.43506327551
2030-07-05 07:00:00+00:00,63039.82870815011
2030-07-05 08:00:00+00:00,63592.88961536745
2030-07-05 09:00:00+00:00,63544.48910314587
2030-07-05 10:00:00+00:00,62994.076406237546
2030-07-05 11:00:00+00:00,61291.36119322688
2030-07-05 12:00:00+00:00,59988.47135240897
2030-07-05 13:00:00+00:00,58701.45735983319
2030-07-05 14:00:00+00:00,58555.23084285439
2030-07-05 15:00:00+00:00,58303.23915390412
2030-07-05 16:00:00+00:00,58051.45630369813
2030-07-05 17:00:00+00:00,55474.90186978267
2030-07-05 18:00:00+00:00,52451.738563719446
2030-07-05 19:00:00+00:00,51133.78378200983
2030-07-05 20:00:00+00:00,50060.27236711474
2030-07-05 21:00:00+00:00,46786.408996140344
2030-07-05 22:00:00+00:00,44436.53372785739
2030-07-05 23:00:00+00:00,42687.354337578065
2030-07-06 00:00:00+00:00,40120.4055930253
2030-07-06 01:00:00+00:00,39946.290843116156
2030-07-06 02:00:00+00:00,39892.23435050434
2030-07-06 03:00:00+00:00,39609.30347831238
2030-07-06 04:00:00+00:00,41232.7657727911
2030-07-06 05:00:00+00:00,43329.314280618535
2030-07-06 06:00:00+00:00,63100.40171166982
2030-07-06 07:00:00+00:00,81300.74694692373
2030-07-06 08:00:00+00:00,85749.84982623508
2030-07-06 09:00:00+00:00,107613.37606275867
2030-07-06 10:00:00+00:00,109209.06177171785
2030-07-06 11:00:00+00:00,109327.47882736444
2030-07-06 12:00:00+00:00,107504.08837824778
2030-07-06 13:00:00+00:00,106100.2896318859
2030-07-06 14:00:00+00:00,91162.57775461953
2030-07-06 15:00:00+00:00,91610.87500232339
2030-07-06 16:00:00+00:00,80608.6707007658
2030-07-06 17:00:00+00:00,51131.365770919
2030-07-06 18:00:00+00:00,50809.33509123265
2030-07-06 19:00:00+00:00,48821.225108049126
2030-07-06 20:00:00+00:00,46911.50298991293
2030-07-06 21:00:00+00:00,44732.21507121943
2030-07-06 22:00:00+00:00,41209.48542767043
2030-07-06 23:00:00+00:00,39676.18795648049
2030-07-07 00:00:00+00:00,38535.470437624
2030-07-07 01:00:00+00:00,37363.16447946231
2030-07-07 02:00:00+00:00,37062.45801623182
2030-07-07 03:00:00+00:00,37346.83302189219
2030-07-07 04:00:00+00:00,37845.922803887246
2030-07-07 05:00:00+00:00,39729.16401088691
2030-07-07 06:00:00+00:00,69994.69278892988
2030-07-07 07:00:00+00:00,92928.37481537809
2030-07-07 08:00:00+00:00,100901.55863261687
2030-07-07 09:00:00+00:00,102699.5018635822
2030-07-07 10:00:00+00:00,103788.5926920826
2030-07-07 11:00:00+00:00,102103.71574084589
2030-07-07 12:00:00+00:00,99962.36633175111
2030-07-07 13:00:00+00:00,99243.99942678539
2030-07-07 14:00:00+00:00,98523.65042909348
2030-07-07 15:00:00+00:00,100642.32803630884
2030-07-07 16:00:00+00:00,74964.14168183938
2030-07-07 17:00:00+00:00,49582.97005317941
2030-07-07 18:00:00+00:00,48672.026698580026
2030-07-07 19:00:00+00:00,47846.89426672581
2030-07-07 20:00:00+00:00,48327.68035368713
2030-07-07 21:00:00+00:00,46099.47520996476
2030-07-07 22:00:00+00:00,43502.01309725191
2030-07-07 23:00:00+00:00,41996.92046559599
2030-07-08 00:00:00+00:00,41581.536050707815
2030-07-08 01:00:00+00:00,41962.250906405265
2030-07-08 02:00:00+00:00,42569.15551615336
2030-07-08 03:00:00+00:00,45085.45389664401
2030-07-08 04:00:00+00:00,50990.3727727239
2030-07-08 05:00:00+00:00,57258.04224263484
2030-07-08 06:00:00+00:00,78832.96290336068
2030-07-08 07:00:00+00:00,99485.23718397036
2030-07-08 08:00:00+00:00,113347.05280352914
2030-07-08 09:00:00+00:00,115759.08752129338
2030-07-08 10:00:00+00:00,115792.85164223955
2030-07-08 11:00:00+00:00,115158.5337720876
2030-07-08 12:00:00+00:00,113374.34068327562
2030-07-08 13:00:00+00:00,113301.78357269848
2030-07-08 14:00:00+00:00,113030.21079702946
2030-07-08 15:00:00+00:00,112197.56116542275
2030-07-08 16:00:00+00:00,88710.4382917406
2030-07-08 17:00:00+00:00,59509.60133034646
2030-07-08 18:00:00+00:00,58308.998578796854
2030-07-08 19:00:00+00:00,56186.69042140243
2030-07-08 20:00:00+00:00,54328.103310932405
2030-07-08 21:00:00+00:00,50929.948809917936
2030-07-08 22:00:00+00:00,47764.065606250595
2030-07-08 23:00:00+00:00,45382.79451994923
2030-07-09 00:00:00+00:00,43894.92128139188
2030-07-09 01:00:00+00:00,43217.4937514832
2030-07-09 02:00:00+00:00,44209.87412532001
2030-07-09 03:00:00+00:00,46369.62374200576
2030-07-09 04:00:00+00:00,52226.86183154161
2030-07-09 05:00:00+00:00,58653.97849840465
2030-07-09 06:00:00+00:00,71628.183708795
2030-07-09 07:00:00+00:00,88814.13885470979
2030-07-09 08:00:00+00:00,93453.44069972505
2030-07-09 09:00:00+00:00,90005.58767899055
2030-07-09 10:00:00+00:00,118410.42325534529
2030-07-09 11:00:00+00:00,118034.92820264766
2030-07-09 12:00:00+00:00,115670.96903765658
2030-07-09 13:00:00+00:00,115258.43043519367
2030-07-09 14:00:00+00:00,88297.72654547877
2030-07-09 15:00:00+00:00,87032.4175323902
2030-07-09 16:00:00+00:00,85921.12024296045
2030-07-09 17:00:00+00:00,77562.38140290928
2030-07-09 18:00:00+00:00,71774.0679856622
2030-07-09 19:00:00+00:00,70376.77470536497
2030-07-09 20:00:00+00:00,72915.37530067896
2030-07-09 21:00:00+00:00,70262.09926752702
2030-07-09 22:00:00+00:00,68460.71226140742
2030-07-09 23:00:00+00:00,66653.92892468363
2030-07-10 00:00:00+00:00,65712.81041683987
2030-07-10 01:00:00+00:00,66460.99023410582
2030-07-10 02:00:00+00:00,67718.59339930215
2030-07-10 03:00:00+00:00,69207.53743846688
2030-07-10 04:00:00+00:00,74157.38359365023
2030-07-10 05:00:00+00:00,82436.5920895856
2030-07-10 06:00:00+00:00,90741.22629741202
2030-07-10 07:00:00+00:00,119915.21551007126
2030-07-10 08:00:00+00:00,120498.2301354819
2030-07-10 09:00:00+00:00,121057.37633642044
2030-07-10 10:00:00+00:00,121138.28303512947
2030-07-10 11:00:00+00:00,120624.09071840253
2030-07-10 12:00:00+00:00,119120.31989178645
2030-07-10 13:00:00+00:00,117566.81687599506
2030-07-10 14:00:00+00:00,114903.25009504269
2030-07-10 15:00:00+00:00,114572.93976662724
2030-07-10 16:00:00+00:00,115763.51243015887
2030-07-10 17:00:00+00:00,88385.26453393923
2030-07-10 18:00:00+00:00,84127.83055626095
2030-07-10 19:00:00+00:00,81457.0419517859
2030-07-10 20:00:00+00:00,79325.29511071352
2030-07-10 21:00:00+00:00,75917.66221094046
2030-07-10 22:00:00+00:00,72840.88964092369
2030-07-10 23:00:00+00:00,70437.81579549148
2030-07-11 00:00:00+00:00,69400.70216494947
2030-07-11 01:00:00+00:00,69753.23867886805
2030-07-11 02:00:00+00:00,69967.49669689333
2030-07-11 03:00:00+00:00,71634.01958414628
2030-07-11 04:00:00+00:00,74885.29183573004
2030-07-11 05:00:00+00:00,82107.34326838085
2030-07-11 06:00:00+00:00,86958.5556679405
2030-07-11 07:00:00+00:00,90339.24014448936
2030-07-11 08:00:00+00:00,90056.82996217333
2030-07-11 09:00:00+00:00,91032.53509224867
2030-07-11 10:00:00+00:00,90440.18707216124
2030-07-11 11:00:00+00:00,89988.91227235502
2030-07-11 12:00:00+00:00,88838.4560117023
2030-07-11 13:00:00+00:00,88219.00665655475
2030-07-11 14:00:00+00:00,87369.90178432621
2030-07-11 15:00:00+00:00,86802.35856494536
2030-07-11 16:00:00+00:00,85944.56705652011
2030-07-11 17:00:00+00:00,58898.32479247169
2030-07-11 18:00:00+00:00,57678.44910028779
2030-07-11 19:00:00+00:00,54873.4311928367
2030-07-11 20:00:00+00:00,53703.03188775512
2030-07-11 21:00:00+00:00,50103.99333927828
2030-07-11 22:00:00+00:00,47322.25102000689
2030-07-11 23:00:00+00:00,45390.439512511075
2030-07-12 00:00:00+00:00,44136.48999082771
2030-07-12 01:00:00+00:00,43719.01897005037
2030-07-12 02:00:00+00:00,44247.39580467512
2030-07-12 03:00:00+00:00,45887.190815515496
2030-07-12 04:00:00+00:00,50749.64854622947
2030-07-12 05:00:00+00:00,56590.170101936026
2030-07-12 06:00:00+00:00,59949.47749694644
2030-07-12 07:00:00+00:00,89467.21365640953
2030-07-12 08:00:00+00:00,89303.70034041382
2030-07-12 09:00:00+00:00,89016.42919805125
2030-07-12 10:00:00+00:00,99415.82189857223
2030-07-12 11:00:00+00:00,109759.77393419766
2030-07-12 12:00:00+00:00,105515.60143071676
2030-07-12 13:00:00+00:00,89418.94732641365
2030-07-12 14:00:00+00:00,86295.11389672193
2030-07-12 15:00:00+00:00,87498.45575586258
2030-07-12 16:00:00+00:00,73603.02926875598
2030-07-12 17:00:00+00:00,59443.87439160003
2030-07-12 18:00:00+00:00,58034.90308328556
2030-07-12 19:00:00+00:00,54958.86901724384
2030-07-12 20:00:00+00:00,52423.604784044954
2030-07-12 21:00:00+00:00,49176.36125037453
2030-07-12 22:00:00+00:00,46595.93652597459
2030-07-12 23:00:00+00:00,43482.547969097584
2030-07-13 00:00:00+00:00,42020.923499495286
2030-07-13 01:00:00+00:00,41207.57487539132
2030-07-13 02:00:00+00:00,40619.281033783445
2030-07-13 03:00:00+00:00,41360.2888966118
2030-07-13 04:00:00+00:00,41868.23083804937
2030-07-13 05:00:00+00:00,43864.24563796975
2030-07-13 06:00:00+00:00,56719.57959417399
2030-07-13 07:00:00+00:00,81473.97008942618
2030-07-13 08:00:00+00:00,83418.21966287776
2030-07-13 09:00:00+00:00,102822.61365390095
2030-07-13 10:00:00+00:00,107716.13034846226
2030-07-13 11:00:00+00:00,106727.26595516746
2030-07-13 12:00:00+00:00,105026.0679084331
2030-07-13 13:00:00+00:00,104149.34003820806
2030-07-13 14:00:00+00:00,92575.71905206837
2030-07-13 15:00:00+00:00,94416.82442344895
2030-07-13 16:00:00+00:00,80074.8992959607
2030-07-13 17:00:00+00:00,59974.346543284424
2030-07-13 18:00:00+00:00,54710.4947273369
2030-07-13 19:00:00+00:00,52939.878629024366
2030-07-13 20:00:00+00:00,53602.43570774311
2030-07-13 21:00:00+00:00,52169.89996986992
2030-07-13 22:00:00+00:00,49446.93191896193
2030-07-13 23:00:00+00:00,47606.653169045145
2030-07-14 00:00:00+00:00,47730.025079307816
2030-07-14 01:00:00+00:00,47950.23290047809
2030-07-14 02:00:00+00:00,49218.04404673186
2030-07-14 03:00:00+00:00,50849.86452225018
2030-07-14 04:00:00+00:00,52859.004412194314
2030-07-14 05:00:00+00:00,59365.14436228524
2030-07-14 06:00:00+00:00,69666.75636640942
2030-07-14 07:00:00+00:00,71556.57331606418
2030-07-14 08:00:00+00:00,72821.24122173907
2030-07-14 09:00:00+00:00,91285.78346432635
2030-07-14 10:00:00+00:00,102826.18439618783
2030-07-14 11:00:00+00:00,101820.28444729927
2030-07-14 12:00:00+00:00,101073.93835813605
2030-07-14 13:00:00+00:00,90561.91052611181
2030-07-14 14:00:00+00:00,72213.1578334875
2030-07-14 15:00:00+00:00,75147.1093331733
2030-07-14 16:00:00+00:00,75439.31052509893
2030-07-14 17:00:00+00:00,48743.54514268228
2030-07-14 18:00:00+00:00,48615.08773983796
2030-07-14 19:00:00+00:00,47507.10714055986
2030-07-14 20:00:00+00:00,47914.70916099633
2030-07-14 21:00:00+00:00,45890.419871769256
2030-07-14 22:00:00+00:00,43549.533331129176
2030-07-14 23:00:00+00:00,41488.05461253642
2030-07-15 00:00:00+00:00,40218.06763727947
2030-07-15 01:00:00+00:00,39761.986018333475
2030-07-15 02:00:00+00:00,40636.31349838884
2030-07-15 03:00:00+00:00,42895.71537495623
2030-07-15 04:00:00+00:00,49063.95031699071
2030-07-15 05:00:00+00:00,54747.70044686824
2030-07-15 06:00:00+00:00,64054.37417786745
2030-07-15 07:00:00+00:00,90624.91164373385
2030-07-15 08:00:00+00:00,93075.44590709833
2030-07-15 09:00:00+00:00,115984.37691918411
2030-07-15 10:00:00+00:00,115306.31582008496
2030-07-15 11:00:00+00:00,115131.14818390924
2030-07-15 12:00:00+00:00,113551.00166867825
2030-07-15 13:00:00+00:00,113240.24560217287
2030-07-15 14:00:00+00:00,93684.02542589724
2030-07-15 15:00:00+00:00,88393.85342165499
2030-07-15 16:00:00+00:00,84856.42214552754
2030-07-15 17:00:00+00:00,58025.245603301126
2030-07-15 18:00:00+00:00,57179.64585873827
2030-07-15 19:00:00+00:00,54470.07658092298
2030-07-15 20:00:00+00:00,52734.46405477003
2030-07-15 21:00:00+00:00,50379.388280105246
2030-07-15 22:00:00+00:00,46978.13861930797
2030-07-15 23:00:00+00:00,44548.12983382949
2030-07-16 00:00:00+00:00,43527.944693864694
2030-07-16 01:00:00+00:00,43977.993975412675
2030-07-16 02:00:00+00:00,44371.09052949975
2030-07-16 03:00:00+00:00,46744.47823231697
2030-07-16 04:00:00+00:00,52650.804824155624
2030-07-16 05:00:00+00:00,57581.33187727746
2030-07-16 06:00:00+00:00,61464.21104688055
2030-07-16 07:00:00+00:00,89806.04103001163
2030-07-16 08:00:00+00:00,91185.6405293997
2030-07-16 09:00:00+00:00,118505.66703372978
2030-07-16 10:00:00+00:00,118687.90133766187
2030-07-16 11:00:00+00:00,117475.14051396871
2030-07-16 12:00:00+00:00,115336.50148829636
2030-07-16 13:00:00+00:00,114699.11804690916
2030-07-16 14:00:00+00:00,86925.04812020004
2030-07-16 15:00:00+00:00,86222.98772833344
2030-07-16 16:00:00+00:00,61274.59024251935
2030-07-16 17:00:00+00:00,58127.93188343198
2030-07-16 18:00:00+00:00,56406.19572461742
2030-07-16 19:00:00+00:00,53716.80899395812
2030-07-16 20:00:00+00:00,51563.79095212507
2030-07-16 21:00:00+00:00,48688.14619501749
2030-07-16 22:00:00+00:00,46124.18703383851
2030-07-16 23:00:00+00:00,44329.949967771805
2030-07-17 00:00:00+00:00,42861.38658757515
2030-07-17 01:00:00+00:00,43129.34678584037
2030-07-17 02:00:00+00:00,44694.21481759448
2030-07-17 03:00:00+00:00,46613.977692525616
2030-07-17 04:00:00+00:00,51910.461980723485
2030-07-17 05:00:00+00:00,57450.10421396902
2030-07-17 06:00:00+00:00,60629.832923560505
2030-07-17 07:00:00+00:00,75695.37589020428
2030-07-17 08:00:00+00:00,90284.91191082497
2030-07-17 09:00:00+00:00,110665.85641880608
2030-07-17 10:00:00+00:00,118061.85229557072
2030-07-17 11:00:00+00:00,117853.8504399329
2030-07-17 12:00:00+00:00,115839.76434644015
2030-07-17 13:00:00+00:00,91205.29357565063
2030-07-17 14:00:00+00:00,83583.7700512973
2030-07-17 15:00:00+00:00,73499.61741127857
2030-07-17 16:00:00+00:00,59440.56452210754
2030-07-17 17:00:00+00:00,58775.02752794803
2030-07-17 18:00:00+00:00,57817.32543217881
2030-07-17 19:00:00+00:00,55682.088667332064
2030-07-17 20:00:00+00:00,54035.109902381104
2030-07-17 21:00:00+00:00,50253.83916052772
2030-07-17 22:00:00+00:00,47000.77365882327
2030-07-17 23:00:00+00:00,45209.84945428826
2030-07-18 00:00:00+00:00,43584.27711826207
2030-07-18 01:00:00+00:00,43112.28182233632
2030-07-18 02:00:00+00:00,43905.343121256774
2030-07-18 03:00:00+00:00,46482.40757306546
2030-07-18 04:00:00+00:00,50883.59982587229
2030-07-18 05:00:00+00:00,55877.809772626824
2030-07-18 06:00:00+00:00,60149.74620231712
2030-07-18 07:00:00+00:00,89304.90383175194
2030-07-18 08:00:00+00:00,89713.6529706169
2030-07-18 09:00:00+00:00,116622.31095323434
2030-07-18 10:00:00+00:00,117573.50936531104
2030-07-18 11:00:00+00:00,116874.91630821451
2030-07-18 12:00:00+00:00,115749.17724933069
2030-07-18 13:00:00+00:00,104041.8256977525
2030-07-18 14:00:00+00:00,86115.198578573
2030-07-18 15:00:00+00:00,85633.18969296543
2030-07-18 16:00:00+00:00,85846.19567036998
2030-07-18 17:00:00+00:00,76085.23388491503
2030-07-18 18:00:00+00:00,69344.48618256992
2030-07-18 19:00:00+00:00,68040.21153019462
2030-07-18 20:00:00+00:00,68212.7951011763
2030-07-18 21:00:00+00:00,65583.39026911324
2030-07-18 22:00:00+00:00,62762.291872805436
2030-07-18 23:00:00+00:00,61304.954452272184
2030-07-19 00:00:00+00:00,60776.007641247474
2030-07-19 01:00:00+00:00,60465.40235224669
2030-07-19 02:00:00+00:00,61379.18516858293
2030-07-19 03:00:00+00:00,63601.04035727234
2030-07-19 04:00:00+00:00,68229.34965854294
2030-07-19 05:00:00+00:00,75686.34545861857
2030-07-19 06:00:00+00:00,86609.08933068247
2030-07-19 07:00:00+00:00,115894.12518886481
2030-07-19 08:00:00+00:00,115806.54329836497
2030-07-19 09:00:00+00:00,116850.53783856041
2030-07-19 10:00:00+00:00,116782.06424694392
2030-07-19 11:00:00+00:00,115342.49654376098
2030-07-19 12:00:00+00:00,113394.57274898965
2030-07-19 13:00:00+00:00,112568.33172761116
2030-07-19 14:00:00+00:00,112404.55243186092
2030-07-19 15:00:00+00:00,112180.82858543415
2030-07-19 16:00:00+00:00,100314.86989561975
2030-07-19 17:00:00+00:00,80599.72459137214
2030-07-19 18:00:00+00:00,70215.3348606588
2030-07-19 19:00:00+00:00,66861.27439132152
2030-07-19 20:00:00+00:00,65838.78144915038
2030-07-19 21:00:00+00:00,63027.71050452677
2030-07-19 22:00:00+00:00,60030.153269408635
2030-07-19 23:00:00+00:00,58385.33262842545
2030-07-20 00:00:00+00:00,56290.56455750386
2030-07-20 01:00:00+00:00,55335.036255122715
2030-07-20 02:00:00+00:00,54000.09000911603
2030-07-20 03:00:00+00:00,53710.28745865695
2030-07-20 04:00:00+00:00,53915.46089537568
2030-07-20 05:00:00+00:00,60292.039613014815
2030-07-20 06:00:00+00:00,70895.43315275223
2030-07-20 07:00:00+00:00,77472.46362534363
2030-07-20 08:00:00+00:00,79193.22185605852
2030-07-20 09:00:00+00:00,88096.67568298572
2030-07-20 10:00:00+00:00,102164.14235213067
2030-07-20 11:00:00+00:00,105521.06439912252
2030-07-20 12:00:00+00:00,104409.81783803744
2030-07-20 13:00:00+00:00,102849.51981247003
2030-07-20 14:00:00+00:00,82342.93840487897
2030-07-20 15:00:00+00:00,76092.41577006993
2030-07-20 16:00:00+00:00,77248.83459104208
2030-07-20 17:00:00+00:00,55679.24336190573
2030-07-20 18:00:00+00:00,53023.517930136484
2030-07-20 19:00:00+00:00,51790.455502185636
2030-07-20 20:00:00+00:00,51757.9001578961
2030-07-20 21:00:00+00:00,49531.911072338466
2030-07-20 22:00:00+00:00,47437.23408678241
2030-07-20 23:00:00+00:00,45858.87147307148
2030-07-21 00:00:00+00:00,44868.81983554795
2030-07-21 01:00:00+00:00,44287.92831117262
2030-07-21 02:00:00+00:00,43148.243695761135
2030-07-21 03:00:00+00:00,44139.9769844353
2030-07-21 04:00:00+00:00,44819.12294926369
2030-07-21 05:00:00+00:00,48059.80600312064
2030-07-21 06:00:00+00:00,69531.39367407723
2030-07-21 07:00:00+00:00,76396.58910685455
2030-07-21 08:00:00+00:00,97240.2607004154
2030-07-21 09:00:00+00:00,103808.58492659953
2030-07-21 10:00:00+00:00,103433.49662512992
2030-07-21 11:00:00+00:00,101387.06510090921
2030-07-21 12:00:00+00:00,101318.86471469424
2030-07-21 13:00:00+00:00,101634.16434031371
2030-07-21 14:00:00+00:00,100190.79199186493
2030-07-21 15:00:00+00:00,102636.50454274025
2030-07-21 16:00:00+00:00,72826.20971937286
2030-07-21 17:00:00+00:00,48265.54930792862
2030-07-21 18:00:00+00:00,48594.99048307636
2030-07-21 19:00:00+00:00,47398.767847228846
2030-07-21 20:00:00+00:00,47596.36434192707
2030-07-21 21:00:00+00:00,45383.54283027126
2030-07-21 22:00:00+00:00,42944.39451110513
2030-07-21 23:00:00+00:00,41030.25236307525
2030-07-22 00:00:00+00:00,40442.35673339023
2030-07-22 01:00:00+00:00,40621.47376816876
2030-07-22 02:00:00+00:00,41305.00441129831
2030-07-22 03:00:00+00:00,44187.67956661979
2030-07-22 04:00:00+00:00,49573.79818715313
2030-07-22 05:00:00+00:00,56153.43322184203
2030-07-22 06:00:00+00:00,60027.39399539162
2030-07-22 07:00:00+00:00,89680.72704918239
2030-07-22 08:00:00+00:00,89847.74757711752
2030-07-22 09:00:00+00:00,119043.1707102574
2030-07-22 10:00:00+00:00,118232.50714850205
2030-07-22 11:00:00+00:00,117422.54379664293
2030-07-22 12:00:00+00:00,115615.8423225274
2030-07-22 13:00:00+00:00,114548.34518775219
2030-07-22 14:00:00+00:00,86142.96444524781
2030-07-22 15:00:00+00:00,86949.14336798078
2030-07-22 16:00:00+00:00,69360.5924051063
2030-07-22 17:00:00+00:00,58173.7585539348
2030-07-22 18:00:00+00:00,56787.962008869166
2030-07-22 19:00:00+00:00,54182.80662054491
2030-07-22 20:00:00+00:00,52801.182460675656
2030-07-22 21:00:00+00:00,49408.0698816097
2030-07-22 22:00:00+00:00,46255.34293897833
2030-07-22 23:00:00+00:00,44526.734535985386
2030-07-23 00:00:00+00:00,42913.6183593824
2030-07-23 01:00:00+00:00,42571.62511795022
2030-07-23 02:00:00+00:00,42870.48034984099
2030-07-23 03:00:00+00:00,44700.70746874433
2030-07-23 04:00:00+00:00,49083.83903531444
2030-07-23 05:00:00+00:00,54898.145330740525
2030-07-23 06:00:00+00:00,58506.36008559501
2030-07-23 07:00:00+00:00,77040.42262391422
2030-07-23 08:00:00+00:00,89621.09118180728
2030-07-23 09:00:00+00:00,111921.83625471267
2030-07-23 10:00:00+00:00,118641.52686258365
2030-07-23 11:00:00+00:00,118152.18629500354
2030-07-23 12:00:00+00:00,114597.04700744778
2030-07-23 13:00:00+00:00,86793.80662972314
2030-07-23 14:00:00+00:00,81196.42356282068
2030-07-23 15:00:00+00:00,75365.71617411709
2030-07-23 16:00:00+00:00,58211.15380773592
2030-07-23 17:00:00+00:00,58001.654926720395
2030-07-23 18:00:00+00:00,56054.34221239336
2030-07-23 19:00:00+00:00,54079.95672353261
2030-07-23 20:00:00+00:00,52049.620851259686
2030-07-23 21:00:00+00:00,48121.855022201205
2030-07-23 22:00:00+00:00,45812.84493600007
2030-07-23 23:00:00+00:00,43862.2379697985
2030-07-24 00:00:00+00:00,42809.82646534211
2030-07-24 01:00:00+00:00,43215.397149533754
2030-07-24 02:00:00+00:00,43064.825294270035
2030-07-24 03:00:00+00:00,44935.66598314383
2030-07-24 04:00:00+00:00,49462.13508719918
2030-07-24 05:00:00+00:00,54536.79479826721
2030-07-24 06:00:00+00:00,58609.30486339788
2030-07-24 07:00:00+00:00,70006.61447600424
2030-07-24 08:00:00+00:00,80944.00024274751
2030-07-24 09:00:00+00:00,90324.16213629505
2030-07-24 10:00:00+00:00,89789.53025254938
2030-07-24 11:00:00+00:00,88595.5144585008
2030-07-24 12:00:00+00:00,81564.72362319077
2030-07-24 13:00:00+00:00,71470.23263526251
2030-07-24 14:00:00+00:00,65402.993763553284
2030-07-24 15:00:00+00:00,57646.50875182737
2030-07-24 16:00:00+00:00,56638.791538009944
2030-07-24 17:00:00+00:00,56853.77573507602
2030-07-24 18:00:00+00:00,55981.51234135711
2030-07-24 19:00:00+00:00,53434.66717275476
2030-07-24 20:00:00+00:00,51793.37641053897
2030-07-24 21:00:00+00:00,48958.91868195868
2030-07-24 22:00:00+00:00,45904.6225767216
2030-07-24 23:00:00+00:00,44125.91631325165
2030-07-25 00:00:00+00:00,42669.29661208019
2030-07-25 01:00:00+00:00,42466.27838575186
2030-07-25 02:00:00+00:00,42528.8430982581
2030-07-25 03:00:00+00:00,44558.56100407271
2030-07-25 04:00:00+00:00,48830.952488071256
2030-07-25 05:00:00+00:00,54229.991379786305
2030-07-25 06:00:00+00:00,57977.16999656319
2030-07-25 07:00:00+00:00,58952.003189196985
2030-07-25 08:00:00+00:00,58913.792732915266
2030-07-25 09:00:00+00:00,86562.41903413212
2030-07-25 10:00:00+00:00,87904.578707876
2030-07-25 11:00:00+00:00,86952.83653343444
2030-07-25 12:00:00+00:00,82301.59394910587
2030-07-25 13:00:00+00:00,58224.852933620634
2030-07-25 14:00:00+00:00,56021.0312528019
2030-07-25 15:00:00+00:00,56383.54330423046
2030-07-25 16:00:00+00:00,57595.69863108183
2030-07-25 17:00:00+00:00,56754.144889311894
2030-07-25 18:00:00+00:00,55923.5872509654
2030-07-25 19:00:00+00:00,53689.96291119701
2030-07-25 20:00:00+00:00,51903.72997078948
2030-07-25 21:00:00+00:00,48485.4682207795
2030-07-25 22:00:00+00:00,45503.8821411058
2030-07-25 23:00:00+00:00,43576.025434716736
2030-07-26 00:00:00+00:00,42571.15320033859
2030-07-26 01:00:00+00:00,42572.81445150916
2030-07-26 02:00:00+00:00,42963.18445285812
2030-07-26 03:00:00+00:00,44871.20218712256
2030-07-26 04:00:00+00:00,49153.54491520559
2030-07-26 05:00:00+00:00,54978.825717979715
2030-07-26 06:00:00+00:00,58883.10583016426
2030-07-26 07:00:00+00:00,60803.50899510802
2030-07-26 08:00:00+00:00,62271.59718341824
2030-07-26 09:00:00+00:00,79970.99502672954
2030-07-26 10:00:00+00:00,89446.87074350484
2030-07-26 11:00:00+00:00,84467.00960482957
2030-07-26 12:00:00+00:00,67337.39753060916
2030-07-26 13:00:00+00:00,58143.05858716803
2030-07-26 14:00:00+00:00,56375.43422135168
2030-07-26 15:00:00+00:00,56299.87302333241
2030-07-26 16:00:00+00:00,56026.176343108586
2030-07-26 17:00:00+00:00,55466.895490285504
2030-07-26 18:00:00+00:00,53274.72746185864
2030-07-26 19:00:00+00:00,51176.8235612254
2030-07-26 20:00:00+00:00,49628.10532655375
2030-07-26 21:00:00+00:00,46433.576271324666
2030-07-26 22:00:00+00:00,43111.11559422507
2030-07-26 23:00:00+00:00,40911.04958411272
2030-07-27 00:00:00+00:00,39652.57040368537
2030-07-27 01:00:00+00:00,39167.523178307434
2030-07-27 02:00:00+00:00,38907.190382648405
2030-07-27 03:00:00+00:00,39662.52006976012
2030-07-27 04:00:00+00:00,40666.5966345753
2030-07-27 05:00:00+00:00,42386.77631805345
2030-07-27 06:00:00+00:00,45708.02652477151
2030-07-27 07:00:00+00:00,76511.00376571473
2030-07-27 08:00:00+00:00,79384.10420436243
2030-07-27 09:00:00+00:00,102621.81192411736
2030-07-27 10:00:00+00:00,107935.2440084599
2030-07-27 11:00:00+00:00,106170.05504565302
2030-07-27 12:00:00+00:00,104786.50054814157
2030-07-27 13:00:00+00:00,89482.55399923306
2030-07-27 14:00:00+00:00,76014.52828984603
2030-07-27 15:00:00+00:00,76403.82530345758
2030-07-27 16:00:00+00:00,75086.49496417225
2030-07-27 17:00:00+00:00,72471.91521950995
2030-07-27 18:00:00+00:00,62684.338134118356
2030-07-27 19:00:00+00:00,64473.74387984528
2030-07-27 20:00:00+00:00,67307.34006938661
2030-07-27 21:00:00+00:00,66233.29909178967
2030-07-27 22:00:00+00:00,63011.97554556859
2030-07-27 23:00:00+00:00,62113.45827355112
2030-07-28 00:00:00+00:00,60883.0684885674
2030-07-28 01:00:00+00:00,60412.65968085623
2030-07-28 02:00:00+00:00,60981.755725674404
2030-07-28 03:00:00+00:00,61297.08109744266
2030-07-28 04:00:00+00:00,61694.63667256897
2030-07-28 05:00:00+00:00,64306.0160503439
2030-07-28 06:00:00+00:00,68570.63928413072
2030-07-28 07:00:00+00:00,71508.49689181548
2030-07-28 08:00:00+00:00,91158.85080027889
2030-07-28 09:00:00+00:00,102982.33901601683
2030-07-28 10:00:00+00:00,102846.45621338738
2030-07-28 11:00:00+00:00,101218.78424999722
2030-07-28 12:00:00+00:00,99373.94201329432
2030-07-28 13:00:00+00:00,82341.16550159956
2030-07-28 14:00:00+00:00,71999.11750487475
2030-07-28 15:00:00+00:00,73361.49976417185
2030-07-28 16:00:00+00:00,47526.51545172616
2030-07-28 17:00:00+00:00,47294.14503037965
2030-07-28 18:00:00+00:00,47224.41634726504
2030-07-28 19:00:00+00:00,46887.032121144664
2030-07-28 20:00:00+00:00,47539.49608821276
2030-07-28 21:00:00+00:00,45007.310910994616
2030-07-28 22:00:00+00:00,40422.38455888064
2030-07-28 23:00:00+00:00,38761.297238726904
2030-07-29 00:00:00+00:00,37705.82820316821
2030-07-29 01:00:00+00:00,37531.43900704612
2030-07-29 02:00:00+00:00,38176.41350628478
2030-07-29 03:00:00+00:00,40639.49819108897
2030-07-29 04:00:00+00:00,45379.108369227964
2030-07-29 05:00:00+00:00,50859.21087720018
2030-07-29 06:00:00+00:00,55104.69293855503
2030-07-29 07:00:00+00:00,55881.662605473095
2030-07-29 08:00:00+00:00,58303.60946439652
2030-07-29 09:00:00+00:00,58408.23998284338
2030-07-29 10:00:00+00:00,58360.50480743007
2030-07-29 11:00:00+00:00,58601.731495905595
2030-07-29 12:00:00+00:00,56877.90745444758
2030-07-29 13:00:00+00:00,56173.250345341614
2030-07-29 14:00:00+00:00,54301.845325426555
2030-07-29 15:00:00+00:00,53495.7688240758
2030-07-29 16:00:00+00:00,53855.725550060815
2030-07-29 17:00:00+00:00,54313.43700952765
2030-07-29 18:00:00+00:00,53735.83684602208
2030-07-29 19:00:00+00:00,51657.09949398511
2030-07-29 20:00:00+00:00,49528.406870073115
2030-07-29 21:00:00+00:00,45402.79466057492
2030-07-29 22:00:00+00:00,42882.30746014876
2030-07-29 23:00:00+00:00,40832.310192479184
2030-07-30 00:00:00+00:00,40132.95083926294
2030-07-30 01:00:00+00:00,39880.878840877755
2030-07-30 02:00:00+00:00,39700.26968331483
2030-07-30 03:00:00+00:00,41996.98845771327
2030-07-30 04:00:00+00:00,46389.193270398035
2030-07-30 05:00:00+00:00,51903.120905788266
2030-07-30 06:00:00+00:00,83488.36868150372
2030-07-30 07:00:00+00:00,88861.27183451995
2030-07-30 08:00:00+00:00,102424.17483916246
2030-07-30 09:00:00+00:00,114832.69171409443
2030-07-30 10:00:00+00:00,112547.67808329384
2030-07-30 11:00:00+00:00,112719.1561706344
2030-07-30 12:00:00+00:00,111596.92428479253
2030-07-30 13:00:00+00:00,111007.5324712577
2030-07-30 14:00:00+00:00,106705.1372383564
2030-07-30 15:00:00+00:00,110270.12024142435
2030-07-30 16:00:00+00:00,93843.83858883943
2030-07-30 17:00:00+00:00,79418.58975098366
2030-07-30 18:00:00+00:00,74918.13991677144
2030-07-30 19:00:00+00:00,72282.01521957005
2030-07-30 20:00:00+00:00,69666.81256406008
2030-07-30 21:00:00+00:00,67675.91748360934
2030-07-30 22:00:00+00:00,65996.91458529049
2030-07-30 23:00:00+00:00,64540.32479834138
2030-07-31 00:00:00+00:00,63311.538206760684
2030-07-31 01:00:00+00:00,63110.17844263268
2030-07-31 02:00:00+00:00,63446.51665524618
2030-07-31 03:00:00+00:00,66539.56738784483
2030-07-31 04:00:00+00:00,71187.36574323123
2030-07-31 05:00:00+00:00,77413.80625036021
2030-07-31 06:00:00+00:00,84543.23949525921
2030-07-31 07:00:00+00:00,86111.0773284972
2030-07-31 08:00:00+00:00,90242.902620499
2030-07-31 09:00:00+00:00,109222.01468234489
2030-07-31 10:00:00+00:00,89145.11286747489
2030-07-31 11:00:00+00:00,88432.46856728647
2030-07-31 12:00:00+00:00,86704.46731718298
2030-07-31 13:00:00+00:00,85738.37199315571
2030-07-31 14:00:00+00:00,85034.26012672631
2030-07-31 15:00:00+00:00,84898.4193112436
2030-07-31 16:00:00+00:00,80122.75831014944
2030-07-31 17:00:00+00:00,56709.67524632731
2030-07-31 18:00:00+00:00,55666.304256832685
2030-07-31 19:00:00+00:00,53513.419714647716
2030-07-31 20:00:00+00:00,51513.42437326285
2030-07-31 21:00:00+00:00,47942.41492072584
2030-07-31 22:00:00+00:00,46959.46928485335
2030-07-31 23:00:00+00:00,44982.941726787954
2030-08-01 00:00:00+00:00,43537.12797864671
2030-08-01 01:00:00+00:00,43157.47423222829
2030-08-01 02:00:00+00:00,43460.535583059434
2030-08-01 03:00:00+00:00,45614.36867712027
2030-08-01 04:00:00+00:00,50254.39755539642
2030-08-01 05:00:00+00:00,55690.95269886308
2030-08-01 06:00:00+00:00,60973.16308418549
2030-08-01 07:00:00+00:00,89299.14452546297
2030-08-01 08:00:00+00:00,99338.3465638762
2030-08-01 09:00:00+00:00,120415.2614941007
2030-08-01 10:00:00+00:00,120117.85865980046
2030-08-01 11:00:00+00:00,120129.09355161112
2030-08-01 12:00:00+00:00,117964.73601034311
2030-08-01 13:00:00+00:00,117541.49960743677
2030-08-01 14:00:00+00:00,93819.26336776424
2030-08-01 15:00:00+00:00,87688.64195146864
2030-08-01 16:00:00+00:00,75239.76795474302
2030-08-01 17:00:00+00:00,62980.69033871836
2030-08-01 18:00:00+00:00,56675.68644036803
2030-08-01 19:00:00+00:00,56162.961355393134
2030-08-01 20:00:00+00:00,56543.67627708037
2030-08-01 21:00:00+00:00,53752.876284146536
2030-08-01 22:00:00+00:00,51254.76065212684
2030-08-01 23:00:00+00:00,49578.02497213671
2030-08-02 00:00:00+00:00,48752.27839432509
2030-08-02 01:00:00+00:00,48687.36527899516
2030-08-02 02:00:00+00:00,48399.418798936276
2030-08-02 03:00:00+00:00,50747.653875278105
2030-08-02 04:00:00+00:00,54945.666694556596
2030-08-02 05:00:00+00:00,60029.961896935
2030-08-02 06:00:00+00:00,85052.9926339266
2030-08-02 07:00:00+00:00,91106.90902457881
2030-08-02 08:00:00+00:00,115655.87445324787
2030-08-02 09:00:00+00:00,116634.13597733085
2030-08-02 10:00:00+00:00,117129.2666456746
2030-08-02 11:00:00+00:00,114923.28874346169
2030-08-02 12:00:00+00:00,112416.82013584662
2030-08-02 13:00:00+00:00,112085.81289980299
2030-08-02 14:00:00+00:00,108641.18210528321
2030-08-02 15:00:00+00:00,111082.94698320728
2030-08-02 16:00:00+00:00,83690.09215096661
2030-08-02 17:00:00+00:00,83031.83577023976
2030-08-02 18:00:00+00:00,65286.78275246003
2030-08-02 19:00:00+00:00,79186.56430210292
2030-08-02 20:00:00+00:00,77305.92992369522
2030-08-02 21:00:00+00:00,74453.45756390702
2030-08-02 22:00:00+00:00,71679.21796483535
2030-08-02 23:00:00+00:00,69812.96182153978
2030-08-03 00:00:00+00:00,68843.22685020714
2030-08-03 01:00:00+00:00,67783.35117725148
2030-08-03 02:00:00+00:00,67839.00159886979
2030-08-03 03:00:00+00:00,68368.29432878149
2030-08-03 04:00:00+00:00,68630.47844721228
2030-08-03 05:00:00+00:00,70012.7886836252
2030-08-03 06:00:00+00:00,81861.78983890201
2030-08-03 07:00:00+00:00,103516.76897496927
2030-08-03 08:00:00+00:00,106007.51543174963
2030-08-03 09:00:00+00:00,106558.47079897947
2030-08-03 10:00:00+00:00,105740.36942612876
2030-08-03 11:00:00+00:00,104146.9761384172
2030-08-03 12:00:00+00:00,103510.11101570692
2030-08-03 13:00:00+00:00,103015.49418428764
2030-08-03 14:00:00+00:00,102459.86001873013
2030-08-03 15:00:00+00:00,102839.86854689979
2030-08-03 16:00:00+00:00,87983.71253273328
2030-08-03 17:00:00+00:00,53404.21951820839
2030-08-03 18:00:00+00:00,49279.50638741659
2030-08-03 19:00:00+00:00,48084.62426829872
2030-08-03 20:00:00+00:00,47313.58411894263
2030-08-03 21:00:00+00:00,44768.01090252151
2030-08-03 22:00:00+00:00,42994.64716284072
2030-08-03 23:00:00+00:00,41261.350075433336
2030-08-04 00:00:00+00:00,40667.04772635626
2030-08-04 01:00:00+00:00,39866.94143837691
2030-08-04 02:00:00+00:00,39553.06574458882
2030-08-04 03:00:00+00:00,39952.50585465581
2030-08-04 04:00:00+00:00,39973.17568116517
2030-08-04 05:00:00+00:00,41706.1977300704
2030-08-04 06:00:00+00:00,63004.01592157466
2030-08-04 07:00:00+00:00,72631.08070443984
2030-08-04 08:00:00+00:00,76654.76377839092
2030-08-04 09:00:00+00:00,93723.6415926273
2030-08-04 10:00:00+00:00,82492.43128392038
2030-08-04 11:00:00+00:00,78675.32933340457
2030-08-04 12:00:00+00:00,74987.52539918797
2030-08-04 13:00:00+00:00,74332.69158387627
2030-08-04 14:00:00+00:00,73554.82579712199
2030-08-04 15:00:00+00:00,74096.62186269343
2030-08-04 16:00:00+00:00,50050.60084940512
2030-08-04 17:00:00+00:00,47221.37755935275
2030-08-04 18:00:00+00:00,47449.54294786297
2030-08-04 19:00:00+00:00,47219.41713815317
2030-08-04 20:00:00+00:00,46639.42418473624
2030-08-04 21:00:00+00:00,44513.21096203285
2030-08-04 22:00:00+00:00,42100.42539572537
2030-08-04 23:00:00+00:00,41459.495759510304
2030-08-05 00:00:00+00:00,40243.845676629986
2030-08-05 01:00:00+00:00,40335.866584541465
2030-08-05 02:00:00+00:00,41565.46206437807
2030-08-05 03:00:00+00:00,44068.746772448634
2030-08-05 04:00:00+00:00,49255.544099656785
2030-08-05 05:00:00+00:00,54070.33105559779
2030-08-05 06:00:00+00:00,67962.00768013555
2030-08-05 07:00:00+00:00,87595.48273133446
2030-08-05 08:00:00+00:00,94114.02884522993
2030-08-05 09:00:00+00:00,116038.9954894776
2030-08-05 10:00:00+00:00,115686.2649235327
2030-08-05 11:00:00+00:00,114450.36434079435
2030-08-05 12:00:00+00:00,112456.19488771819
2030-08-05 13:00:00+00:00,111246.64265361725
2030-08-05 14:00:00+00:00,86133.4680601698
2030-08-05 15:00:00+00:00,83114.60288524872
2030-08-05 16:00:00+00:00,82514.87702123808
2030-08-05 17:00:00+00:00,82069.79960393358
2030-08-05 18:00:00+00:00,78523.7067344697
2030-08-05 19:00:00+00:00,79701.55205593765
2030-08-05 20:00:00+00:00,77810.92783743699
2030-08-05 21:00:00+00:00,74009.06686703564
2030-08-05 22:00:00+00:00,71661.3740467409
2030-08-05 23:00:00+00:00,69815.60605074151
2030-08-06 00:00:00+00:00,68429.7283156759
2030-08-06 01:00:00+00:00,68907.66182743001
2030-08-06 02:00:00+00:00,69030.10709421348
2030-08-06 03:00:00+00:00,71027.70251057517
2030-08-06 04:00:00+00:00,75680.20143090004
2030-08-06 05:00:00+00:00,81102.9646706804
2030-08-06 06:00:00+00:00,86090.42987000203
2030-08-06 07:00:00+00:00,87204.88299231292
2030-08-06 08:00:00+00:00,113655.37907357965
2030-08-06 09:00:00+00:00,115679.4463600228
2030-08-06 10:00:00+00:00,114991.83411932139
2030-08-06 11:00:00+00:00,114300.78132897112
2030-08-06 12:00:00+00:00,109664.62267341506
2030-08-06 13:00:00+00:00,84833.80147841966
2030-08-06 14:00:00+00:00,84189.91947388936
2030-08-06 15:00:00+00:00,78959.36464240772
2030-08-06 16:00:00+00:00,56912.13775448286
2030-08-06 17:00:00+00:00,57297.33976902975
2030-08-06 18:00:00+00:00,57066.27083694464
2030-08-06 19:00:00+00:00,55545.44926522677
2030-08-06 20:00:00+00:00,53243.94550211714
2030-08-06 21:00:00+00:00,49488.87605191937
2030-08-06 22:00:00+00:00,46546.094301059755
2030-08-06 23:00:00+00:00,45207.20906198859
2030-08-07 00:00:00+00:00,44137.625288528914
2030-08-07 01:00:00+00:00,43893.75619522338
2030-08-07 02:00:00+00:00,44325.1233126868
2030-08-07 03:00:00+00:00,46152.544416345394
2030-08-07 04:00:00+00:00,50493.264427686925
2030-08-07 05:00:00+00:00,54940.62816417494
2030-08-07 06:00:00+00:00,58797.585522708054
2030-08-07 07:00:00+00:00,60340.81198009731
2030-08-07 08:00:00+00:00,60285.92602232138
2030-08-07 09:00:00+00:00,61390.16004846581
2030-08-07 10:00:00+00:00,65553.25840377735
2030-08-07 11:00:00+00:00,77730.650180861
2030-08-07 12:00:00+00:00,69568.42496540016
2030-08-07 13:00:00+00:00,58169.279646092946
2030-08-07 14:00:00+00:00,57988.794807583094
2030-08-07 15:00:00+00:00,59165.0160280133
2030-08-07 16:00:00+00:00,59599.03400029415
2030-08-07 17:00:00+00:00,59129.45765013793
2030-08-07 18:00:00+00:00,57652.58208040125
2030-08-07 19:00:00+00:00,56424.26370022755
2030-08-07 20:00:00+00:00,53655.58962420479
2030-08-07 21:00:00+00:00,49802.887439144586
2030-08-07 22:00:00+00:00,46717.597594591825
2030-08-07 23:00:00+00:00,44379.63806293708
2030-08-08 00:00:00+00:00,43696.23357165452
2030-08-08 01:00:00+00:00,43159.04487418565
2030-08-08 02:00:00+00:00,43569.18634126054
2030-08-08 03:00:00+00:00,46455.752150987086
2030-08-08 04:00:00+00:00,50877.01626044626
2030-08-08 05:00:00+00:00,55883.97683973306
2030-08-08 06:00:00+00:00,59657.48532082983
2030-08-08 07:00:00+00:00,60769.68438637157
2030-08-08 08:00:00+00:00,61373.47324398428
2030-08-08 09:00:00+00:00,60909.64401914965
2030-08-08 10:00:00+00:00,62063.18082909734
2030-08-08 11:00:00+00:00,71692.64827345818
2030-08-08 12:00:00+00:00,68607.89315670643
2030-08-08 13:00:00+00:00,58619.08911860429
2030-08-08 14:00:00+00:00,56375.340135848266
2030-08-08 15:00:00+00:00,56211.448230938
2030-08-08 16:00:00+00:00,57240.77583941773
2030-08-08 17:00:00+00:00,56874.17591615264
2030-08-08 18:00:00+00:00,56242.90365598737
2030-08-08 19:00:00+00:00,54586.916404895586
2030-08-08 20:00:00+00:00,52192.36205709795
2030-08-08 21:00:00+00:00,48754.326256373555
2030-08-08 22:00:00+00:00,45929.65057697192
2030-08-08 23:00:00+00:00,43984.199918290746
2030-08-09 00:00:00+00:00,43066.05625069972
2030-08-09 01:00:00+00:00,42613.91601788738
2030-08-09 02:00:00+00:00,42812.88883128088
2030-08-09 03:00:00+00:00,45279.58825647104
2030-08-09 04:00:00+00:00,50195.99411730637
2030-08-09 05:00:00+00:00,55120.232278247924
2030-08-09 06:00:00+00:00,58570.55865195517
2030-08-09 07:00:00+00:00,60158.165782300915
2030-08-09 08:00:00+00:00,62382.64076609984
2030-08-09 09:00:00+00:00,62999.56807545691
2030-08-09 10:00:00+00:00,62634.4975188517
2030-08-09 11:00:00+00:00,61924.466693605835
2030-08-09 12:00:00+00:00,60218.91190520506
2030-08-09 13:00:00+00:00,59485.512874353415
2030-08-09 14:00:00+00:00,58826.06162148734
2030-08-09 15:00:00+00:00,58329.543050070526
2030-08-09 16:00:00+00:00,59298.81212509351
2030-08-09 17:00:00+00:00,58014.5673566433
2030-08-09 18:00:00+00:00,56439.470101678955
2030-08-09 19:00:00+00:00,53405.173028566496
2030-08-09 20:00:00+00:00,50849.80122502538
2030-08-09 21:00:00+00:00,47573.1946131597
2030-08-09 22:00:00+00:00,44774.931564119106
2030-08-09 23:00:00+00:00,43208.065242115605
2030-08-10 00:00:00+00:00,41292.902971414995
2030-08-10 01:00:00+00:00,40889.83682655745
2030-08-10 02:00:00+00:00,40233.52565049927
2030-08-10 03:00:00+00:00,40663.148625142574
2030-08-10 04:00:00+00:00,41302.39891317157
2030-08-10 05:00:00+00:00,43276.273476747
2030-08-10 06:00:00+00:00,53606.295683028926
2030-08-10 07:00:00+00:00,81075.69627957608
2030-08-10 08:00:00+00:00,82193.77508842807
2030-08-10 09:00:00+00:00,90921.16885432054
2030-08-10 10:00:00+00:00,98441.07805834048
2030-08-10 11:00:00+00:00,104999.66555996133
2030-08-10 12:00:00+00:00,102712.71544253694
2030-08-10 13:00:00+00:00,91567.1053640692
2030-08-10 14:00:00+00:00,79369.4442470008
2030-08-10 15:00:00+00:00,80040.36817555949
2030-08-10 16:00:00+00:00,83412.11602468585
2030-08-10 17:00:00+00:00,73921.6853918758
2030-08-10 18:00:00+00:00,72345.30459197049
2030-08-10 19:00:00+00:00,71432.92054394944
2030-08-10 20:00:00+00:00,70025.44405327445
2030-08-10 21:00:00+00:00,67726.94929112446
2030-08-10 22:00:00+00:00,65211.914099243324
2030-08-10 23:00:00+00:00,63879.26651610425
2030-08-11 00:00:00+00:00,62924.331130290906
2030-08-11 01:00:00+00:00,62421.552023258584
2030-08-11 02:00:00+00:00,62152.842444045345
2030-08-11 03:00:00+00:00,62213.54674543286
2030-08-11 04:00:00+00:00,62518.09466985144
2030-08-11 05:00:00+00:00,64307.050510986184
2030-08-11 06:00:00+00:00,70095.76967053046
2030-08-11 07:00:00+00:00,76328.89778840449
2030-08-11 08:00:00+00:00,84914.0229079898
2030-08-11 09:00:00+00:00,102338.87569469487
2030-08-11 10:00:00+00:00,93672.64354644806
2030-08-11 11:00:00+00:00,100764.33826000625
2030-08-11 12:00:00+00:00,99392.93134468119
2030-08-11 13:00:00+00:00,98443.3585061261
2030-08-11 14:00:00+00:00,87367.2498086633
2030-08-11 15:00:00+00:00,96185.79017234048
2030-08-11 16:00:00+00:00,77272.2097559541
2030-08-11 17:00:00+00:00,72786.27080285922
2030-08-11 18:00:00+00:00,73973.20121459314
2030-08-11 19:00:00+00:00,73752.28082631464
2030-08-11 20:00:00+00:00,72786.71899711723
2030-08-11 21:00:00+00:00,70724.41724713508
2030-08-11 22:00:00+00:00,68425.03576973276
2030-08-11 23:00:00+00:00,67246.5685264733
2030-08-12 00:00:00+00:00,66032.90323486789
2030-08-12 01:00:00+00:00,66032.27167128281
2030-08-12 02:00:00+00:00,66968.66031034388
2030-08-12 03:00:00+00:00,69136.5846690008
2030-08-12 04:00:00+00:00,74409.64239443239
2030-08-12 05:00:00+00:00,80204.3451326729
2030-08-12 06:00:00+00:00,85604.45039889755
2030-08-12 07:00:00+00:00,87447.83917983595
2030-08-12 08:00:00+00:00,102503.70759368819
2030-08-12 09:00:00+00:00,117913.73963203239
2030-08-12 10:00:00+00:00,109609.80448884398
2030-08-12 11:00:00+00:00,106571.00730901284
2030-08-12 12:00:00+00:00,99111.31853991072
2030-08-12 13:00:00+00:00,85514.63839680495
2030-08-12 14:00:00+00:00,85537.83379721393
2030-08-12 15:00:00+00:00,85485.22267044988
2030-08-12 16:00:00+00:00,81876.36130657856
2030-08-12 17:00:00+00:00,75887.88511320672
2030-08-12 18:00:00+00:00,70919.91934032437
2030-08-12 19:00:00+00:00,70530.684362834
2030-08-12 20:00:00+00:00,68730.02229764228
2030-08-12 21:00:00+00:00,66512.92582005008
2030-08-12 22:00:00+00:00,63871.823002119316
2030-08-12 23:00:00+00:00,62692.9794218958
2030-08-13 00:00:00+00:00,62335.00598134964
2030-08-13 01:00:00+00:00,62668.15132590044
2030-08-13 02:00:00+00:00,63317.339067986584
2030-08-13 03:00:00+00:00,65775.61488191134
2030-08-13 04:00:00+00:00,70641.93626532877
2030-08-13 05:00:00+00:00,76401.09769098515
2030-08-13 06:00:00+00:00,88003.07122544137
2030-08-13 07:00:00+00:00,95019.23173666414
2030-08-13 08:00:00+00:00,97102.44612862376
2030-08-13 09:00:00+00:00,112740.72611329431
2030-08-13 10:00:00+00:00,118958.1041370064
2030-08-13 11:00:00+00:00,118255.35323399008
2030-08-13 12:00:00+00:00,116816.79380989383
2030-08-13 13:00:00+00:00,116956.90368267597
2030-08-13 14:00:00+00:00,112188.34474929294
2030-08-13 15:00:00+00:00,117050.07432346334
2030-08-13 16:00:00+00:00,98963.83019566898
2030-08-13 17:00:00+00:00,88122.64707403496
2030-08-13 18:00:00+00:00,87791.93705229249
2030-08-13 19:00:00+00:00,87878.35956344435
2030-08-13 20:00:00+00:00,83555.81461925042
2030-08-13 21:00:00+00:00,80370.15581671346
2030-08-13 22:00:00+00:00,77421.25315246022
2030-08-13 23:00:00+00:00,75330.17055683628
2030-08-14 00:00:00+00:00,74213.42004607819
2030-08-14 01:00:00+00:00,73633.24572191102
2030-08-14 02:00:00+00:00,74104.3842437568
2030-08-14 03:00:00+00:00,75315.41862314694
2030-08-14 04:00:00+00:00,79792.63609468348
2030-08-14 05:00:00+00:00,85466.11626972594
2030-08-14 06:00:00+00:00,89107.04825322397
2030-08-14 07:00:00+00:00,91398.54868150353
2030-08-14 08:00:00+00:00,114025.83763754935
2030-08-14 09:00:00+00:00,121260.07822753272
2030-08-14 10:00:00+00:00,104890.82247447499
2030-08-14 11:00:00+00:00,101906.75107813824
2030-08-14 12:00:00+00:00,95698.45713006036
2030-08-14 13:00:00+00:00,91714.41338998132
2030-08-14 14:00:00+00:00,91061.44914277612
2030-08-14 15:00:00+00:00,92477.65410893061
2030-08-14 16:00:00+00:00,78720.09155387359
2030-08-14 17:00:00+00:00,60344.3398421074
2030-08-14 18:00:00+00:00,58396.128710491386
2030-08-14 19:00:00+00:00,57267.95688816055
2030-08-14 20:00:00+00:00,53939.46251182495
2030-08-14 21:00:00+00:00,50524.760607166936
2030-08-14 22:00:00+00:00,48426.437438341396
2030-08-14 23:00:00+00:00,46275.93809093196
2030-08-15 00:00:00+00:00,44550.48064061017
2030-08-15 01:00:00+00:00,44661.28565704736
2030-08-15 02:00:00+00:00,43867.714720217446
2030-08-15 03:00:00+00:00,45997.61067616667
2030-08-15 04:00:00+00:00,50352.3170990324
2030-08-15 05:00:00+00:00,54734.63563848144
2030-08-15 06:00:00+00:00,61368.645897848066
2030-08-15 07:00:00+00:00,87130.6450789901
2030-08-15 08:00:00+00:00,102337.7053438665
2030-08-15 09:00:00+00:00,116566.22936152256
2030-08-15 10:00:00+00:00,115746.4185688886
2030-08-15 11:00:00+00:00,114376.68502457991
2030-08-15 12:00:00+00:00,112854.13203560139
2030-08-15 13:00:00+00:00,97953.09418511715
2030-08-15 14:00:00+00:00,83954.52021566604
2030-08-15 15:00:00+00:00,84391.7088762492
2030-08-15 16:00:00+00:00,74651.64835653591
2030-08-15 17:00:00+00:00,66415.26160416176
2030-08-15 18:00:00+00:00,63293.34889795508
2030-08-15 19:00:00+00:00,63218.55414495587
2030-08-15 20:00:00+00:00,61194.022000562014
2030-08-15 21:00:00+00:00,59028.07284843637
2030-08-15 22:00:00+00:00,56878.01863080496
2030-08-15 23:00:00+00:00,55902.33348191582
2030-08-16 00:00:00+00:00,55774.25771848254
2030-08-16 01:00:00+00:00,56043.88611988499
2030-08-16 02:00:00+00:00,56050.75350278217
2030-08-16 03:00:00+00:00,57609.88408514332
2030-08-16 04:00:00+00:00,61911.532581743886
2030-08-16 05:00:00+00:00,66754.68237413562
2030-08-16 06:00:00+00:00,84545.76865716623
2030-08-16 07:00:00+00:00,91982.42415424321
2030-08-16 08:00:00+00:00,116190.23804985042
2030-08-16 09:00:00+00:00,117137.77467635149
2030-08-16 10:00:00+00:00,116640.23966309798
2030-08-16 11:00:00+00:00,114977.84959915871
2030-08-16 12:00:00+00:00,113756.53669970758
2030-08-16 13:00:00+00:00,112943.20587057873
2030-08-16 14:00:00+00:00,104469.20219506903
2030-08-16 15:00:00+00:00,110993.55982274582
2030-08-16 16:00:00+00:00,75247.91494905707
2030-08-16 17:00:00+00:00,55507.29458968412
2030-08-16 18:00:00+00:00,54512.478278972085
2030-08-16 19:00:00+00:00,53332.10857885009
2030-08-16 20:00:00+00:00,50133.06129412213
2030-08-16 21:00:00+00:00,46953.0918220421
2030-08-16 22:00:00+00:00,44371.8730373512
2030-08-16 23:00:00+00:00,42059.93045222948
2030-08-17 00:00:00+00:00,40547.31389168007
2030-08-17 01:00:00+00:00,40077.83918828108
2030-08-17 02:00:00+00:00,39947.44369977312
2030-08-17 03:00:00+00:00,40466.53837973386
2030-08-17 04:00:00+00:00,41830.48155837004
2030-08-17 05:00:00+00:00,43322.99567103806
2030-08-17 06:00:00+00:00,46402.697723215664
2030-08-17 07:00:00+00:00,76513.36735639832
2030-08-17 08:00:00+00:00,78406.72385612549
2030-08-17 09:00:00+00:00,84402.8767322902
2030-08-17 10:00:00+00:00,105678.26564719755
2030-08-17 11:00:00+00:00,106571.0036915876
2030-08-17 12:00:00+00:00,104314.36658339988
2030-08-17 13:00:00+00:00,101752.8345392672
2030-08-17 14:00:00+00:00,79995.00066065314
2030-08-17 15:00:00+00:00,76334.06275473497
2030-08-17 16:00:00+00:00,77291.25408831399
2030-08-17 17:00:00+00:00,65404.16485672281
2030-08-17 18:00:00+00:00,60392.09585703092
2030-08-17 19:00:00+00:00,60828.79291471955
2030-08-17 20:00:00+00:00,60387.94976096814
2030-08-17 21:00:00+00:00,58960.41189410637
2030-08-17 22:00:00+00:00,59791.052740885316
2030-08-17 23:00:00+00:00,59169.96240352472
2030-08-18 00:00:00+00:00,58864.04406307709
2030-08-18 01:00:00+00:00,59084.27697202403
2030-08-18 02:00:00+00:00,59218.61946647803
2030-08-18 03:00:00+00:00,60605.942351561156
2030-08-18 04:00:00+00:00,61171.57390825225
2030-08-18 05:00:00+00:00,63265.25936745169
2030-08-18 06:00:00+00:00,68641.27328219924
2030-08-18 07:00:00+00:00,71292.75608929402
2030-08-18 08:00:00+00:00,68018.86035096408
2030-08-18 09:00:00+00:00,71172.4794146402
2030-08-18 10:00:00+00:00,71489.62975716605
2030-08-18 11:00:00+00:00,75903.91698919777
2030-08-18 12:00:00+00:00,94678.37929991164
2030-08-18 13:00:00+00:00,73851.67392919218
2030-08-18 14:00:00+00:00,73505.9169454107
2030-08-18 15:00:00+00:00,74417.56209603144
2030-08-18 16:00:00+00:00,67701.41790962665
2030-08-18 17:00:00+00:00,47901.65742619762
2030-08-18 18:00:00+00:00,47000.31478163917
2030-08-18 19:00:00+00:00,47317.31824442183
2030-08-18 20:00:00+00:00,45896.80712453838
2030-08-18 21:00:00+00:00,43675.04722556462
2030-08-18 22:00:00+00:00,41140.56188495443
2030-08-18 23:00:00+00:00,40097.79380427732
2030-08-19 00:00:00+00:00,39771.656969083626
2030-08-19 01:00:00+00:00,39720.70684381676
2030-08-19 02:00:00+00:00,40677.96074646299
2030-08-19 03:00:00+00:00,42731.38414214137
2030-08-19 04:00:00+00:00,48596.68623938784
2030-08-19 05:00:00+00:00,53679.5456905083
2030-08-19 06:00:00+00:00,57691.48934494533
2030-08-19 07:00:00+00:00,59079.7264388629
2030-08-19 08:00:00+00:00,59992.03394107734
2030-08-19 09:00:00+00:00,60676.514154109704
2030-08-19 10:00:00+00:00,59586.40131843871
2030-08-19 11:00:00+00:00,58975.03754360588
2030-08-19 12:00:00+00:00,57422.494073903574
2030-08-19 13:00:00+00:00,54207.223299900084
2030-08-19 14:00:00+00:00,56607.55783850372
2030-08-19 15:00:00+00:00,55393.29659513086
2030-08-19 16:00:00+00:00,57061.61217580349
2030-08-19 17:00:00+00:00,57659.9878330018
2030-08-19 18:00:00+00:00,55771.17616983423
2030-08-19 19:00:00+00:00,54674.248952964124
2030-08-19 20:00:00+00:00,51377.83172305225
2030-08-19 21:00:00+00:00,47286.18677111878
2030-08-19 22:00:00+00:00,44311.44270334787
2030-08-19 23:00:00+00:00,42670.06120015224
2030-08-20 00:00:00+00:00,42307.16894432703
2030-08-20 01:00:00+00:00,41938.354818518535
2030-08-20 02:00:00+00:00,42581.51495694839
2030-08-20 03:00:00+00:00,45042.91039926417
2030-08-20 04:00:00+00:00,50625.06860057677
2030-08-20 05:00:00+00:00,55541.227668140404
2030-08-20 06:00:00+00:00,58808.72160015274
2030-08-20 07:00:00+00:00,59944.888002232416
2030-08-20 08:00:00+00:00,61313.25214109868
2030-08-20 09:00:00+00:00,62616.175926458745
2030-08-20 10:00:00+00:00,61984.95363295538
2030-08-20 11:00:00+00:00,61738.8661665008
2030-08-20 12:00:00+00:00,59254.16394861573
2030-08-20 13:00:00+00:00,59412.268134651364
2030-08-20 14:00:00+00:00,58399.15305193287
2030-08-20 15:00:00+00:00,58675.286269897944
2030-08-20 16:00:00+00:00,60175.07958422303
2030-08-20 17:00:00+00:00,60232.67622051108
2030-08-20 18:00:00+00:00,59220.96800135421
2030-08-20 19:00:00+00:00,57778.492584173044
2030-08-20 20:00:00+00:00,53675.78101555854
2030-08-20 21:00:00+00:00,48919.236827368804
2030-08-20 22:00:00+00:00,47087.305777010086
2030-08-20 23:00:00+00:00,45149.62200543486
2030-08-21 00:00:00+00:00,43967.8395267717
2030-08-21 01:00:00+00:00,43808.036180598516
2030-08-21 02:00:00+00:00,44206.856110117005
2030-08-21 03:00:00+00:00,46363.63663516073
2030-08-21 04:00:00+00:00,51907.946284261634
2030-08-21 05:00:00+00:00,56979.39844548895
2030-08-21 06:00:00+00:00,60387.4357070587
2030-08-21 07:00:00+00:00,74429.39182061359
2030-08-21 08:00:00+00:00,90988.79588569148
2030-08-21 09:00:00+00:00,117263.31493468779
2030-08-21 10:00:00+00:00,115514.81833360966
2030-08-21 11:00:00+00:00,115938.13296098454
2030-08-21 12:00:00+00:00,105468.70568738635
2030-08-21 13:00:00+00:00,85983.12578373218
2030-08-21 14:00:00+00:00,79059.55937195258
2030-08-21 15:00:00+00:00,69118.08382300039
2030-08-21 16:00:00+00:00,60821.93370649819
2030-08-21 17:00:00+00:00,59386.51393012205
2030-08-21 18:00:00+00:00,58360.97663589178
2030-08-21 19:00:00+00:00,57263.20572187892
2030-08-21 20:00:00+00:00,53250.60895714452
2030-08-21 21:00:00+00:00,49789.494925387306
2030-08-21 22:00:00+00:00,46254.3709326318
2030-08-21 23:00:00+00:00,43997.73878549446
2030-08-22 00:00:00+00:00,42383.75762769572
2030-08-22 01:00:00+00:00,42320.85277554944
2030-08-22 02:00:00+00:00,43111.1227746793
2030-08-22 03:00:00+00:00,45035.231490052734
2030-08-22 04:00:00+00:00,50234.95203621132
2030-08-22 05:00:00+00:00,55325.96085015193
2030-08-22 06:00:00+00:00,58952.845861656526
2030-08-22 07:00:00+00:00,60097.815990344454
2030-08-22 08:00:00+00:00,75961.6426821115
2030-08-22 09:00:00+00:00,113333.01444810665
2030-08-22 10:00:00+00:00,115867.905484522
2030-08-22 11:00:00+00:00,115462.62955133252
2030-08-22 12:00:00+00:00,113581.50825412122
2030-08-22 13:00:00+00:00,88303.29671162188
2030-08-22 14:00:00+00:00,57478.54173464124
2030-08-22 15:00:00+00:00,58557.994912363094
2030-08-22 16:00:00+00:00,58122.82832339008
2030-08-22 17:00:00+00:00,59436.76619765017
2030-08-22 18:00:00+00:00,57783.073954566775
2030-08-22 19:00:00+00:00,56581.606470309525
2030-08-22 20:00:00+00:00,53101.94793980843
2030-08-22 21:00:00+00:00,49590.28038120002
2030-08-22 22:00:00+00:00,46344.1845159909
2030-08-22 23:00:00+00:00,45085.36653953242
2030-08-23 00:00:00+00:00,44196.91010575265
2030-08-23 01:00:00+00:00,43824.914781756794
2030-08-23 02:00:00+00:00,44574.68609978948
2030-08-23 03:00:00+00:00,46846.697244967574
2030-08-23 04:00:00+00:00,52042.6349305693
2030-08-23 05:00:00+00:00,57691.029507810534
2030-08-23 06:00:00+00:00,60952.2507255557
2030-08-23 07:00:00+00:00,76693.22359701473
2030-08-23 08:00:00+00:00,89758.23111216839
2030-08-23 09:00:00+00:00,90295.4113343056
2030-08-23 10:00:00+00:00,90263.58569096975
2030-08-23 11:00:00+00:00,88797.71879448269
2030-08-23 12:00:00+00:00,87824.97151861944
2030-08-23 13:00:00+00:00,86819.47111489755
2030-08-23 14:00:00+00:00,85755.038029713
2030-08-23 15:00:00+00:00,87057.67288421506
2030-08-23 16:00:00+00:00,85086.8688532911
2030-08-23 17:00:00+00:00,83089.66928370515
2030-08-23 18:00:00+00:00,81248.42072033107
2030-08-23 19:00:00+00:00,80590.90116328862
2030-08-23 20:00:00+00:00,76738.26646408113
2030-08-23 21:00:00+00:00,72557.51867471039
2030-08-23 22:00:00+00:00,70837.27949756385
2030-08-23 23:00:00+00:00,68871.1937134529
2030-08-24 00:00:00+00:00,66875.29087710181
2030-08-24 01:00:00+00:00,66399.24750273807
2030-08-24 02:00:00+00:00,65875.19141595744
2030-08-24 03:00:00+00:00,66650.4421978958
2030-08-24 04:00:00+00:00,68324.23936702982
2030-08-24 05:00:00+00:00,69948.37327784745
2030-08-24 06:00:00+00:00,77976.2826186553
2030-08-24 07:00:00+00:00,81448.1898413471
2030-08-24 08:00:00+00:00,107494.19710398446
2030-08-24 09:00:00+00:00,108937.99184870567
2030-08-24 10:00:00+00:00,107897.96358603582
2030-08-24 11:00:00+00:00,105824.15696854137
2030-08-24 12:00:00+00:00,103943.38093830369
2030-08-24 13:00:00+00:00,90650.19284226431
2030-08-24 14:00:00+00:00,82006.18207723404
2030-08-24 15:00:00+00:00,94232.03658679003
2030-08-24 16:00:00+00:00,79196.32731285568
2030-08-24 17:00:00+00:00,79105.13586505794
2030-08-24 18:00:00+00:00,77836.51274746466
2030-08-24 19:00:00+00:00,79039.7549900612
2030-08-24 20:00:00+00:00,77125.98296185044
2030-08-24 21:00:00+00:00,73478.0328595465
2030-08-24 22:00:00+00:00,71183.52517468939
2030-08-24 23:00:00+00:00,68431.60091956455
2030-08-25 00:00:00+00:00,66680.79623558346
2030-08-25 01:00:00+00:00,66113.2479744698
2030-08-25 02:00:00+00:00,65023.449305995935
2030-08-25 03:00:00+00:00,66156.43561732878
2030-08-25 04:00:00+00:00,66977.85230455699
2030-08-25 05:00:00+00:00,67738.46744028323
2030-08-25 06:00:00+00:00,70520.38420258387
2030-08-25 07:00:00+00:00,73654.76075961474
2030-08-25 08:00:00+00:00,75172.66654112212
2030-08-25 09:00:00+00:00,76279.27342470488
2030-08-25 10:00:00+00:00,76651.96125979467
2030-08-25 11:00:00+00:00,74662.85903202403
2030-08-25 12:00:00+00:00,72420.69115743719
2030-08-25 13:00:00+00:00,71793.0966381286
2030-08-25 14:00:00+00:00,72019.62683093248
2030-08-25 15:00:00+00:00,74552.57027749451
2030-08-25 16:00:00+00:00,76246.80540368307
2030-08-25 17:00:00+00:00,76551.88394323207
2030-08-25 18:00:00+00:00,76420.97537439055
2030-08-25 19:00:00+00:00,76729.22535328795
2030-08-25 20:00:00+00:00,74698.09425484948
2030-08-25 21:00:00+00:00,71577.06413622005
2030-08-25 22:00:00+00:00,69116.17327428296
2030-08-25 23:00:00+00:00,67944.45397883098
2030-08-26 00:00:00+00:00,67915.63086601435
2030-08-26 01:00:00+00:00,67889.03287812165
2030-08-26 02:00:00+00:00,68724.62515916681
2030-08-26 03:00:00+00:00,72118.97877021151
2030-08-26 04:00:00+00:00,78997.25715973077
2030-08-26 05:00:00+00:00,83990.2004939476
2030-08-26 06:00:00+00:00,87511.57610394774
2030-08-26 07:00:00+00:00,88715.79254291003
2030-08-26 08:00:00+00:00,89001.32033909735
2030-08-26 09:00:00+00:00,89212.43807672174
2030-08-26 10:00:00+00:00,95186.24665945953
2030-08-26 11:00:00+00:00,112343.18188450634
2030-08-26 12:00:00+00:00,102352.77920788818
2030-08-26 13:00:00+00:00,85222.3641997372
2030-08-26 14:00:00+00:00,85390.98526767634
2030-08-26 15:00:00+00:00,85208.42775870595
2030-08-26 16:00:00+00:00,64259.84527389365
2030-08-26 17:00:00+00:00,57910.33197846915
2030-08-26 18:00:00+00:00,56760.69857107376
2030-08-26 19:00:00+00:00,55575.71259871431
2030-08-26 20:00:00+00:00,51578.12551612725
2030-08-26 21:00:00+00:00,48077.82537934676
2030-08-26 22:00:00+00:00,45306.90051549255
2030-08-26 23:00:00+00:00,44070.29472540975
2030-08-27 00:00:00+00:00,43034.949062798856
2030-08-27 01:00:00+00:00,43291.73083353142
2030-08-27 02:00:00+00:00,43534.72318666583
2030-08-27 03:00:00+00:00,45833.169927633986
2030-08-27 04:00:00+00:00,51356.36577837173
2030-08-27 05:00:00+00:00,56446.168057177216
2030-08-27 06:00:00+00:00,59871.09436239209
2030-08-27 07:00:00+00:00,61512.90374352753
2030-08-27 08:00:00+00:00,61842.291914055255
2030-08-27 09:00:00+00:00,62299.85800302419
2030-08-27 10:00:00+00:00,60537.96380639264
2030-08-27 11:00:00+00:00,59432.77393565719
2030-08-27 12:00:00+00:00,57634.05470673952
2030-08-27 13:00:00+00:00,56984.68761625672
2030-08-27 14:00:00+00:00,56717.10955541863
2030-08-27 15:00:00+00:00,57113.73867340341
2030-08-27 16:00:00+00:00,58246.512853092456
2030-08-27 17:00:00+00:00,58702.4614736751
2030-08-27 18:00:00+00:00,57883.073534558534
2030-08-27 19:00:00+00:00,56943.896553389066
2030-08-27 20:00:00+00:00,53150.74146556374
2030-08-27 21:00:00+00:00,49240.7641683674
2030-08-27 22:00:00+00:00,47012.31421617643
2030-08-27 23:00:00+00:00,45619.52240485694
2030-08-28 00:00:00+00:00,44358.782755721404
2030-08-28 01:00:00+00:00,44612.71220641198
2030-08-28 02:00:00+00:00,45185.23309173702
2030-08-28 03:00:00+00:00,47065.59713850448
2030-08-28 04:00:00+00:00,52522.00453911705
2030-08-28 05:00:00+00:00,57294.92105703743
2030-08-28 06:00:00+00:00,60122.27419758183
2030-08-28 07:00:00+00:00,60760.12854283581
2030-08-28 08:00:00+00:00,61776.49331108291
2030-08-28 09:00:00+00:00,71060.58287739502
2030-08-28 10:00:00+00:00,62550.239282182185
2030-08-28 11:00:00+00:00,61029.03453482036
2030-08-28 12:00:00+00:00,59307.35251869289
2030-08-28 13:00:00+00:00,58980.968068639086
2030-08-28 14:00:00+00:00,59336.95637359653
2030-08-28 15:00:00+00:00,60110.83069077172
2030-08-28 16:00:00+00:00,61242.374384619936
2030-08-28 17:00:00+00:00,61568.14330864618
2030-08-28 18:00:00+00:00,60778.05191102967
2030-08-28 19:00:00+00:00,59618.30434816193
2030-08-28 20:00:00+00:00,56319.9107321856
2030-08-28 21:00:00+00:00,52347.23832016254
2030-08-28 22:00:00+00:00,49441.601895950276
2030-08-28 23:00:00+00:00,47532.226857036054
2030-08-29 00:00:00+00:00,46722.80562045284
2030-08-29 01:00:00+00:00,46269.95191020689
2030-08-29 02:00:00+00:00,46170.77905624281
2030-08-29 03:00:00+00:00,48122.255787480506
2030-08-29 04:00:00+00:00,53651.96960901632
2030-08-29 05:00:00+00:00,58477.76373730672
2030-08-29 06:00:00+00:00,61762.483141712
2030-08-29 07:00:00+00:00,64567.90393526363
2030-08-29 08:00:00+00:00,91490.57207771935
2030-08-29 09:00:00+00:00,113454.38339855995
2030-08-29 10:00:00+00:00,120369.18167241762
2030-08-29 11:00:00+00:00,112943.55227810027
2030-08-29 12:00:00+00:00,93748.84023475832
2030-08-29 13:00:00+00:00,87310.37063205734
2030-08-29 14:00:00+00:00,62655.9011876043
2030-08-29 15:00:00+00:00,61942.46219808379
2030-08-29 16:00:00+00:00,60739.452784662484
2030-08-29 17:00:00+00:00,61328.62545809187
2030-08-29 18:00:00+00:00,59870.27800522567
2030-08-29 19:00:00+00:00,58471.372673457154
2030-08-29 20:00:00+00:00,54319.72253972533
2030-08-29 21:00:00+00:00,50409.77113554966
2030-08-29 22:00:00+00:00,47972.11801002383
2030-08-29 23:00:00+00:00,46159.639437733495
2030-08-30 00:00:00+00:00,44637.58086760847
2030-08-30 01:00:00+00:00,45030.672000409664
2030-08-30 02:00:00+00:00,45239.80958301954
2030-08-30 03:00:00+00:00,47258.13922286971
2030-08-30 04:00:00+00:00,52859.08460551895
2030-08-30 05:00:00+00:00,57820.71212090047
2030-08-30 06:00:00+00:00,61624.744339343015
2030-08-30 07:00:00+00:00,91661.89701422719
2030-08-30 08:00:00+00:00,92458.52578367069
2030-08-30 09:00:00+00:00,119633.55611831674
2030-08-30 10:00:00+00:00,115616.75707330005
2030-08-30 11:00:00+00:00,102341.56760536905
2030-08-30 12:00:00+00:00,90910.79843698328
2030-08-30 13:00:00+00:00,86933.47833686271
2030-08-30 14:00:00+00:00,86977.77799764319
2030-08-30 15:00:00+00:00,85029.71713082609
2030-08-30 16:00:00+00:00,59491.18487313313
2030-08-30 17:00:00+00:00,59168.67812137957
2030-08-30 18:00:00+00:00,57866.1317801941
2030-08-30 19:00:00+00:00,55943.58787274629
2030-08-30 20:00:00+00:00,52169.15997997786
2030-08-30 21:00:00+00:00,48881.744913946924
2030-08-30 22:00:00+00:00,45883.441362046025
2030-08-30 23:00:00+00:00,44172.88325232178
2030-08-31 00:00:00+00:00,41985.46125508117
2030-08-31 01:00:00+00:00,41782.47039522279
2030-08-31 02:00:00+00:00,41622.03056101804
2030-08-31 03:00:00+00:00,42231.4059495075
2030-08-31 04:00:00+00:00,43461.62024736049
2030-08-31 05:00:00+00:00,44577.427350318314
2030-08-31 06:00:00+00:00,66342.71997027415
2030-08-31 07:00:00+00:00,76965.18469211047
2030-08-31 08:00:00+00:00,78837.82671626964
2030-08-31 09:00:00+00:00,87899.8835712893
2030-08-31 10:00:00+00:00,78453.90372139543
2030-08-31 11:00:00+00:00,77166.77604830824
2030-08-31 12:00:00+00:00,76520.10866717379
2030-08-31 13:00:00+00:00,75198.49112085381
2030-08-31 14:00:00+00:00,75031.04096185676
2030-08-31 15:00:00+00:00,76604.46920449955
2030-08-31 16:00:00+00:00,77426.42962563387
2030-08-31 17:00:00+00:00,77404.24658404887
2030-08-31 18:00:00+00:00,76450.69959243597
2030-08-31 19:00:00+00:00,75424.31427370018
2030-08-31 20:00:00+00:00,74010.87529010703
2030-08-31 21:00:00+00:00,71445.58997019619
2030-08-31 22:00:00+00:00,68880.22203147945
2030-08-31 23:00:00+00:00,67167.26101113645
2030-09-01 00:00:00+00:00,66439.78536201915
2030-09-01 01:00:00+00:00,66264.91935275243
2030-09-01 02:00:00+00:00,66239.97381752147
2030-09-01 03:00:00+00:00,66819.25952392428
2030-09-01 04:00:00+00:00,67515.8231883497
2030-09-01 05:00:00+00:00,68454.93531188322
2030-09-01 06:00:00+00:00,71241.8080886501
2030-09-01 07:00:00+00:00,102469.26498690147
2030-09-01 08:00:00+00:00,104251.79454930095
2030-09-01 09:00:00+00:00,105502.56227277475
2030-09-01 10:00:00+00:00,105471.44090812272
2030-09-01 11:00:00+00:00,103846.09669228
2030-09-01 12:00:00+00:00,102348.71512566201
2030-09-01 13:00:00+00:00,101602.70040657459
2030-09-01 14:00:00+00:00,101780.0205062569
2030-09-01 15:00:00+00:00,102745.7370673203
2030-09-01 16:00:00+00:00,88280.85789404329
2030-09-01 17:00:00+00:00,84095.55402339489
2030-09-01 18:00:00+00:00,83733.33735204863
2030-09-01 19:00:00+00:00,83321.785867495
2030-09-01 20:00:00+00:00,81565.07255368959
2030-09-01 21:00:00+00:00,82058.9141228894
2030-09-01 22:00:00+00:00,88614.65802047325
2030-09-01 23:00:00+00:00,87382.40538732753
2030-09-02 00:00:00+00:00,85652.48200690825
2030-09-02 01:00:00+00:00,85905.32473182885
2030-09-02 02:00:00+00:00,97296.81388613189
2030-09-02 03:00:00+00:00,99911.22291912885
2030-09-02 04:00:00+00:00,106913.26292094275
2030-09-02 05:00:00+00:00,106372.18467734469
2030-09-02 06:00:00+00:00,115305.6956179845
2030-09-02 07:00:00+00:00,117475.89518553947
2030-09-02 08:00:00+00:00,118518.95100192582
2030-09-02 09:00:00+00:00,119422.94208253211
2030-09-02 10:00:00+00:00,119473.2128133438
2030-09-02 11:00:00+00:00,119118.77883101281
2030-09-02 12:00:00+00:00,117396.61932660706
2030-09-02 13:00:00+00:00,116908.99529954861
2030-09-02 14:00:00+00:00,115642.27158624769
2030-09-02 15:00:00+00:00,115512.3382251332
2030-09-02 16:00:00+00:00,116706.09433545455
2030-09-02 17:00:00+00:00,90121.44735697545
2030-09-02 18:00:00+00:00,89038.91348109175
2030-09-02 19:00:00+00:00,89980.56458477242
2030-09-02 20:00:00+00:00,85994.68477335054
2030-09-02 21:00:00+00:00,81995.41568170697
2030-09-02 22:00:00+00:00,80212.1016055659
2030-09-02 23:00:00+00:00,75456.18457831471
2030-09-03 00:00:00+00:00,73771.54112086518
2030-09-03 01:00:00+00:00,73448.98969696435
2030-09-03 02:00:00+00:00,74008.36762460778
2030-09-03 03:00:00+00:00,76304.19893500218
2030-09-03 04:00:00+00:00,81535.52617370315
2030-09-03 05:00:00+00:00,84232.31597542472
2030-09-03 06:00:00+00:00,89524.76834838532
2030-09-03 07:00:00+00:00,90898.01155193831
2030-09-03 08:00:00+00:00,92089.33156398206
2030-09-03 09:00:00+00:00,91750.77721488026
2030-09-03 10:00:00+00:00,92083.32079432969
2030-09-03 11:00:00+00:00,91970.98285374323
2030-09-03 12:00:00+00:00,90257.41592346331
2030-09-03 13:00:00+00:00,89572.95730844287
2030-09-03 14:00:00+00:00,81900.26061257371
2030-09-03 15:00:00+00:00,61513.178755867586
2030-09-03 16:00:00+00:00,61513.842956341745
2030-09-03 17:00:00+00:00,61772.52118299575
2030-09-03 18:00:00+00:00,61144.56373060323
2030-09-03 19:00:00+00:00,59192.25596025998
2030-09-03 20:00:00+00:00,55211.23268141171
2030-09-03 21:00:00+00:00,51729.245085438764
2030-09-03 22:00:00+00:00,48743.90386515002
2030-09-03 23:00:00+00:00,47712.65106114283
2030-09-04 00:00:00+00:00,46496.60008376666
2030-09-04 01:00:00+00:00,46740.50839417352
2030-09-04 02:00:00+00:00,47349.11456152323
2030-09-04 03:00:00+00:00,48556.36782709171
2030-09-04 04:00:00+00:00,54758.75367461964
2030-09-04 05:00:00+00:00,59976.81201593606
2030-09-04 06:00:00+00:00,63567.32559358522
2030-09-04 07:00:00+00:00,64820.056941327486
2030-09-04 08:00:00+00:00,65195.08891127625
2030-09-04 09:00:00+00:00,88322.73948418323
2030-09-04 10:00:00+00:00,93730.42493655384
2030-09-04 11:00:00+00:00,93398.97324294265
2030-09-04 12:00:00+00:00,92909.83073368207
2030-09-04 13:00:00+00:00,84155.41739640698
2030-09-04 14:00:00+00:00,62432.237411202615
2030-09-04 15:00:00+00:00,62786.779473217626
2030-09-04 16:00:00+00:00,63403.62753245589
2030-09-04 17:00:00+00:00,62904.752439813805
2030-09-04 18:00:00+00:00,62979.094073161476
2030-09-04 19:00:00+00:00,60432.203198958334
2030-09-04 20:00:00+00:00,56513.67119358847
2030-09-04 21:00:00+00:00,51973.83811233302
2030-09-04 22:00:00+00:00,49038.75074455793
2030-09-04 23:00:00+00:00,46485.386551930416
2030-09-05 00:00:00+00:00,45283.84082024809
2030-09-05 01:00:00+00:00,45326.429784873515
2030-09-05 02:00:00+00:00,45257.19390803325
2030-09-05 03:00:00+00:00,48375.796506992294
2030-09-05 04:00:00+00:00,53829.00168337163
2030-09-05 05:00:00+00:00,59554.735192082015
2030-09-05 06:00:00+00:00,62814.8933725564
2030-09-05 07:00:00+00:00,95805.75760439332
2030-09-05 08:00:00+00:00,119822.76366798897
2030-09-05 09:00:00+00:00,120464.74449115177
2030-09-05 10:00:00+00:00,119715.91271772764
2030-09-05 11:00:00+00:00,119873.60117240937
2030-09-05 12:00:00+00:00,118398.6544806359
2030-09-05 13:00:00+00:00,118103.74427022741
2030-09-05 14:00:00+00:00,107359.27470633094
2030-09-05 15:00:00+00:00,101466.24704054145
2030-09-05 16:00:00+00:00,90083.58856828893
2030-09-05 17:00:00+00:00,91005.79882627974
2030-09-05 18:00:00+00:00,90380.95491522174
2030-09-05 19:00:00+00:00,87699.06593769533
2030-09-05 20:00:00+00:00,83688.28326733378
2030-09-05 21:00:00+00:00,79613.91769265964
2030-09-05 22:00:00+00:00,75909.68746975154
2030-09-05 23:00:00+00:00,75160.2915009318
2030-09-06 00:00:00+00:00,73265.47728720398
2030-09-06 01:00:00+00:00,73245.3709388842
2030-09-06 02:00:00+00:00,74057.72348066392
2030-09-06 03:00:00+00:00,76461.71977869287
2030-09-06 04:00:00+00:00,82284.66791037342
2030-09-06 05:00:00+00:00,87347.29478943173
2030-09-06 06:00:00+00:00,90513.63647093394
2030-09-06 07:00:00+00:00,95234.37429188934
2030-09-06 08:00:00+00:00,120618.3276824834
2030-09-06 09:00:00+00:00,120349.23668851466
2030-09-06 10:00:00+00:00,119866.3602049901
2030-09-06 11:00:00+00:00,118954.32504862153
2030-09-06 12:00:00+00:00,116385.60110395192
2030-09-06 13:00:00+00:00,115518.344840858
2030-09-06 14:00:00+00:00,103981.00953019902
2030-09-06 15:00:00+00:00,103748.84010207356
2030-09-06 16:00:00+00:00,70779.87493416315
2030-09-06 17:00:00+00:00,60339.351094441125
2030-09-06 18:00:00+00:00,60698.67333137268
2030-09-06 19:00:00+00:00,58382.47507634397
2030-09-06 20:00:00+00:00,53651.800452041585
2030-09-06 21:00:00+00:00,49630.91676995549
2030-09-06 22:00:00+00:00,46423.06726408318
2030-09-06 23:00:00+00:00,44059.85181333599
2030-09-07 00:00:00+00:00,42727.08664280262
2030-09-07 01:00:00+00:00,42255.79269835724
2030-09-07 02:00:00+00:00,42574.73313375697
2030-09-07 03:00:00+00:00,42108.15073520708
2030-09-07 04:00:00+00:00,43476.73247991795
2030-09-07 05:00:00+00:00,44785.84730244966
2030-09-07 06:00:00+00:00,47665.159888176204
2030-09-07 07:00:00+00:00,77594.19027768419
2030-09-07 08:00:00+00:00,79793.21969835772
2030-09-07 09:00:00+00:00,81033.05680968204
2030-09-07 10:00:00+00:00,88021.60972118596
2030-09-07 11:00:00+00:00,85930.12878776598
2030-09-07 12:00:00+00:00,77199.47668786506
2030-09-07 13:00:00+00:00,75940.24427941814
2030-09-07 14:00:00+00:00,76402.06917406012
2030-09-07 15:00:00+00:00,60125.937944541016
2030-09-07 16:00:00+00:00,50802.60779492738
2030-09-07 17:00:00+00:00,51517.249612604566
2030-09-07 18:00:00+00:00,51381.33541694973
2030-09-07 19:00:00+00:00,49291.53425571799
2030-09-07 20:00:00+00:00,47528.786492020416
2030-09-07 21:00:00+00:00,43804.07299899054
2030-09-07 22:00:00+00:00,42708.385116875106
2030-09-07 23:00:00+00:00,40582.80861290571
2030-09-08 00:00:00+00:00,38669.07239251699
2030-09-08 01:00:00+00:00,37851.02075331594
2030-09-08 02:00:00+00:00,38121.100576817276
2030-09-08 03:00:00+00:00,38129.63822994084
2030-09-08 04:00:00+00:00,38952.25911232223
2030-09-08 05:00:00+00:00,39902.96216009673
2030-09-08 06:00:00+00:00,43128.59039492332
2030-09-08 07:00:00+00:00,46033.30894459195
2030-09-08 08:00:00+00:00,55002.34132414024
2030-09-08 09:00:00+00:00,64121.508531010884
2030-09-08 10:00:00+00:00,61673.42184624677
2030-09-08 11:00:00+00:00,57345.20109166359
2030-09-08 12:00:00+00:00,48020.40816466897
2030-09-08 13:00:00+00:00,47830.35982920237
2030-09-08 14:00:00+00:00,47774.226169818336
2030-09-08 15:00:00+00:00,48095.37167504084
2030-09-08 16:00:00+00:00,49223.60541595365
2030-09-08 17:00:00+00:00,51329.97605465549
2030-09-08 18:00:00+00:00,51426.63469581871
2030-09-08 19:00:00+00:00,50122.97006837119
2030-09-08 20:00:00+00:00,48803.20544495083
2030-09-08 21:00:00+00:00,46012.83735472321
2030-09-08 22:00:00+00:00,44488.41373836629
2030-09-08 23:00:00+00:00,43727.00184578412
2030-09-09 00:00:00+00:00,44259.47061192388
2030-09-09 01:00:00+00:00,44269.67833631453
2030-09-09 02:00:00+00:00,45309.7497055079
2030-09-09 03:00:00+00:00,47513.588736736805
2030-09-09 04:00:00+00:00,54160.71234505647
2030-09-09 05:00:00+00:00,59615.75032535024
2030-09-09 06:00:00+00:00,63064.30515849351
2030-09-09 07:00:00+00:00,64360.93140992655
2030-09-09 08:00:00+00:00,65977.44408852313
2030-09-09 09:00:00+00:00,65867.45530232543
2030-09-09 10:00:00+00:00,65997.60577418703
2030-09-09 11:00:00+00:00,67016.44904849786
2030-09-09 12:00:00+00:00,64108.29449277059
2030-09-09 13:00:00+00:00,63023.18601900607
2030-09-09 14:00:00+00:00,62364.59289865403
2030-09-09 15:00:00+00:00,62098.66802696182
2030-09-09 16:00:00+00:00,63355.22212297978
2030-09-09 17:00:00+00:00,64383.41144345022
2030-09-09 18:00:00+00:00,63824.94063371371
2030-09-09 19:00:00+00:00,60364.5266094075
2030-09-09 20:00:00+00:00,56146.27610881629
2030-09-09 21:00:00+00:00,50930.35352491369
2030-09-09 22:00:00+00:00,49321.43686533759
2030-09-09 23:00:00+00:00,47855.37613394813
2030-09-10 00:00:00+00:00,47723.867586218665
2030-09-10 01:00:00+00:00,48210.06751506981
2030-09-10 02:00:00+00:00,48652.25577332635
2030-09-10 03:00:00+00:00,52361.16965078694
2030-09-10 04:00:00+00:00,59607.447565850845
2030-09-10 05:00:00+00:00,65107.726453146344
2030-09-10 06:00:00+00:00,67913.01708877775
2030-09-10 07:00:00+00:00,68445.25874206256
2030-09-10 08:00:00+00:00,70245.54777417146
2030-09-10 09:00:00+00:00,69296.76094505191
2030-09-10 10:00:00+00:00,68737.59569562017
2030-09-10 11:00:00+00:00,67940.2424298746
2030-09-10 12:00:00+00:00,66444.96020745994
2030-09-10 13:00:00+00:00,65550.42992990211
2030-09-10 14:00:00+00:00,64338.88889473628
2030-09-10 15:00:00+00:00,64450.99711907803
2030-09-10 16:00:00+00:00,65626.96763707996
2030-09-10 17:00:00+00:00,65596.18760941362
2030-09-10 18:00:00+00:00,64722.3028176975
2030-09-10 19:00:00+00:00,61517.7428228328
2030-09-10 20:00:00+00:00,56676.42054155004
2030-09-10 21:00:00+00:00,52654.34075580866
2030-09-10 22:00:00+00:00,49827.79201298184
2030-09-10 23:00:00+00:00,49230.95564152707
2030-09-11 00:00:00+00:00,48215.26123837864
2030-09-11 01:00:00+00:00,48580.6370597499
2030-09-11 02:00:00+00:00,49830.702897327166
2030-09-11 03:00:00+00:00,52606.32102711201
2030-09-11 04:00:00+00:00,59007.00916624148
2030-09-11 05:00:00+00:00,64706.993886950506
2030-09-11 06:00:00+00:00,66920.92557202539
2030-09-11 07:00:00+00:00,68081.69496489884
2030-09-11 08:00:00+00:00,69526.2595107633
2030-09-11 09:00:00+00:00,68870.33864762633
2030-09-11 10:00:00+00:00,68785.55481323123
2030-09-11 11:00:00+00:00,68054.84002584494
2030-09-11 12:00:00+00:00,66191.23600390098
2030-09-11 13:00:00+00:00,64364.288324510686
2030-09-11 14:00:00+00:00,63826.15099786381
2030-09-11 15:00:00+00:00,64261.87414653921
2030-09-11 16:00:00+00:00,65344.59026041583
2030-09-11 17:00:00+00:00,65126.40882684846
2030-09-11 18:00:00+00:00,64779.731986499
2030-09-11 19:00:00+00:00,60602.489223575874
2030-09-11 20:00:00+00:00,56371.98705748311
2030-09-11 21:00:00+00:00,53066.70566342968
2030-09-11 22:00:00+00:00,49764.82497694635
2030-09-11 23:00:00+00:00,48751.41851114372
2030-09-12 00:00:00+00:00,47455.51179675154
2030-09-12 01:00:00+00:00,48045.590401242705
2030-09-12 02:00:00+00:00,48228.40488536905
2030-09-12 03:00:00+00:00,51275.95182495708
2030-09-12 04:00:00+00:00,57423.06083257575
2030-09-12 05:00:00+00:00,63637.68171696516
2030-09-12 06:00:00+00:00,65816.53935919097
2030-09-12 07:00:00+00:00,66668.33498780553
2030-09-12 08:00:00+00:00,66798.40484588941
2030-09-12 09:00:00+00:00,66225.38602527053
2030-09-12 10:00:00+00:00,66241.97829505154
2030-09-12 11:00:00+00:00,64932.923583155854
2030-09-12 12:00:00+00:00,62297.73346778844
2030-09-12 13:00:00+00:00,61655.65656924364
2030-09-12 14:00:00+00:00,60378.73913277985
2030-09-12 15:00:00+00:00,61328.30515444747
2030-09-12 16:00:00+00:00,62149.949281668625
2030-09-12 17:00:00+00:00,62181.87893688108
2030-09-12 18:00:00+00:00,61957.736216849145
2030-09-12 19:00:00+00:00,58501.30953247755
2030-09-12 20:00:00+00:00,54665.41861172503
2030-09-12 21:00:00+00:00,50308.61005482788
2030-09-12 22:00:00+00:00,47236.28405535314
2030-09-12 23:00:00+00:00,46075.12817265702
2030-09-13 00:00:00+00:00,44400.791828888985
2030-09-13 01:00:00+00:00,44615.24653698239
2030-09-13 02:00:00+00:00,45558.956370749416
2030-09-13 03:00:00+00:00,48007.208455607695
2030-09-13 04:00:00+00:00,55324.92876859493
2030-09-13 05:00:00+00:00,60623.611928689184
2030-09-13 06:00:00+00:00,63347.77425045039
2030-09-13 07:00:00+00:00,64320.589913552576
2030-09-13 08:00:00+00:00,64748.884315752475
2030-09-13 09:00:00+00:00,63999.430571817786
2030-09-13 10:00:00+00:00,63753.274358635375
2030-09-13 11:00:00+00:00,63981.37876652082
2030-09-13 12:00:00+00:00,62971.28612760797
2030-09-13 13:00:00+00:00,61716.408565469654
2030-09-13 14:00:00+00:00,61113.76596217847
2030-09-13 15:00:00+00:00,61104.951322629844
2030-09-13 16:00:00+00:00,62364.23363524426
2030-09-13 17:00:00+00:00,61734.61875672986
2030-09-13 18:00:00+00:00,61329.302566943305
2030-09-13 19:00:00+00:00,58355.897564512794
2030-09-13 20:00:00+00:00,53939.192449016766
2030-09-13 21:00:00+00:00,48571.65609714126
2030-09-13 22:00:00+00:00,45602.51805543904
2030-09-13 23:00:00+00:00,43493.42426649558
2030-09-14 00:00:00+00:00,41997.015566705304
2030-09-14 01:00:00+00:00,41969.67039590833
2030-09-14 02:00:00+00:00,42457.408162341955
2030-09-14 03:00:00+00:00,42668.49258494495
2030-09-14 04:00:00+00:00,44063.37889707293
2030-09-14 05:00:00+00:00,45706.630908732404
2030-09-14 06:00:00+00:00,48923.434386179026
2030-09-14 07:00:00+00:00,59794.70676367202
2030-09-14 08:00:00+00:00,79798.5920764871
2030-09-14 09:00:00+00:00,81010.67137845792
2030-09-14 10:00:00+00:00,81365.4730201171
2030-09-14 11:00:00+00:00,79821.59191507321
2030-09-14 12:00:00+00:00,77464.1331272689
2030-09-14 13:00:00+00:00,76744.76028024292
2030-09-14 14:00:00+00:00,75995.22435208563
2030-09-14 15:00:00+00:00,59890.42662094736
2030-09-14 16:00:00+00:00,52318.47590082519
2030-09-14 17:00:00+00:00,52701.25490315673
2030-09-14 18:00:00+00:00,52132.91973458694
2030-09-14 19:00:00+00:00,49637.59558927993
2030-09-14 20:00:00+00:00,46706.40019386584
2030-09-14 21:00:00+00:00,44277.971393384825
2030-09-14 22:00:00+00:00,41809.83880471345
2030-09-14 23:00:00+00:00,39963.197420008866
2030-09-15 00:00:00+00:00,38675.004803691336
2030-09-15 01:00:00+00:00,38587.37911304996
2030-09-15 02:00:00+00:00,38587.63226245408
2030-09-15 03:00:00+00:00,39575.86956534797
2030-09-15 04:00:00+00:00,40900.52060146336
2030-09-15 05:00:00+00:00,41713.18365788422
2030-09-15 06:00:00+00:00,44488.86343876156
2030-09-15 07:00:00+00:00,74677.55859685654
2030-09-15 08:00:00+00:00,77697.19335617614
2030-09-15 09:00:00+00:00,78236.20525489358
2030-09-15 10:00:00+00:00,78773.14866928797
2030-09-15 11:00:00+00:00,76814.4683788683
2030-09-15 12:00:00+00:00,73958.04755455707
2030-09-15 13:00:00+00:00,73317.89441601519
2030-09-15 14:00:00+00:00,74496.904369485
2030-09-15 15:00:00+00:00,76807.53458996091
2030-09-15 16:00:00+00:00,78966.80161405525
2030-09-15 17:00:00+00:00,79832.20534084213
2030-09-15 18:00:00+00:00,80460.20469018185
2030-09-15 19:00:00+00:00,78010.80151777936
2030-09-15 20:00:00+00:00,76339.64968849815
2030-09-15 21:00:00+00:00,73588.98528715165
2030-09-15 22:00:00+00:00,70795.74820707295
2030-09-15 23:00:00+00:00,69978.9557925428
2030-09-16 00:00:00+00:00,70686.27528763539
2030-09-16 01:00:00+00:00,71069.39480241682
2030-09-16 02:00:00+00:00,72900.51683279703
2030-09-16 03:00:00+00:00,76653.29111767503
2030-09-16 04:00:00+00:00,83354.94800558331
2030-09-16 05:00:00+00:00,90284.28632528457
2030-09-16 06:00:00+00:00,93937.7069834219
2030-09-16 07:00:00+00:00,95544.89346302416
2030-09-16 08:00:00+00:00,95950.66221276172
2030-09-16 09:00:00+00:00,95920.2480949886
2030-09-16 10:00:00+00:00,95737.58531528665
2030-09-16 11:00:00+00:00,95109.3659065785
2030-09-16 12:00:00+00:00,93868.45903732674
2030-09-16 13:00:00+00:00,93645.61902980812
2030-09-16 14:00:00+00:00,93381.94578835208
2030-09-16 15:00:00+00:00,92603.9200024879
2030-09-16 16:00:00+00:00,92794.53315105851
2030-09-16 17:00:00+00:00,93539.27150645756
2030-09-16 18:00:00+00:00,92180.57805621941
2030-09-16 19:00:00+00:00,88315.14526022793
2030-09-16 20:00:00+00:00,83682.21865031053
2030-09-16 21:00:00+00:00,79895.83717602317
2030-09-16 22:00:00+00:00,76416.84115505076
2030-09-16 23:00:00+00:00,75098.91863950611
2030-09-17 00:00:00+00:00,76488.4884867513
2030-09-17 01:00:00+00:00,77001.56567564682
2030-09-17 02:00:00+00:00,82361.81993986861
2030-09-17 03:00:00+00:00,91204.82882678893
2030-09-17 04:00:00+00:00,97945.1952460965
2030-09-17 05:00:00+00:00,104143.35949248791
2030-09-17 06:00:00+00:00,107347.44885965071
2030-09-17 07:00:00+00:00,107619.98668284295
2030-09-17 08:00:00+00:00,128127.29886590254
2030-09-17 09:00:00+00:00,132718.80857391504
2030-09-17 10:00:00+00:00,108464.31576001324
2030-09-17 11:00:00+00:00,102455.12950903643
2030-09-17 12:00:00+00:00,98895.55460997921
2030-09-17 13:00:00+00:00,97064.79248450417
2030-09-17 14:00:00+00:00,97725.01323277064
2030-09-17 15:00:00+00:00,98545.35904131125
2030-09-17 16:00:00+00:00,73600.79027194135
2030-09-17 17:00:00+00:00,66097.50437650386
2030-09-17 18:00:00+00:00,66758.47753405217
2030-09-17 19:00:00+00:00,63042.461785657004
2030-09-17 20:00:00+00:00,58151.3092156607
2030-09-17 21:00:00+00:00,53499.5007848641
2030-09-17 22:00:00+00:00,49907.208877723824
2030-09-17 23:00:00+00:00,47932.59824016698
2030-09-18 00:00:00+00:00,46737.93685493233
2030-09-18 01:00:00+00:00,46726.11720863792
2030-09-18 02:00:00+00:00,47710.64883267092
2030-09-18 03:00:00+00:00,50953.18253925261
2030-09-18 04:00:00+00:00,57337.26575802075
2030-09-18 05:00:00+00:00,64423.98307026078
2030-09-18 06:00:00+00:00,67014.7113802493
2030-09-18 07:00:00+00:00,68116.17006571636
2030-09-18 08:00:00+00:00,68459.79169171466
2030-09-18 09:00:00+00:00,67677.46861717652
2030-09-18 10:00:00+00:00,65773.08245619581
2030-09-18 11:00:00+00:00,63769.76670636265
2030-09-18 12:00:00+00:00,61942.56401399167
2030-09-18 13:00:00+00:00,61687.318615129356
2030-09-18 14:00:00+00:00,61658.0039872821
2030-09-18 15:00:00+00:00,62396.09066174181
2030-09-18 16:00:00+00:00,64290.760934737176
2030-09-18 17:00:00+00:00,65459.95492781202
2030-09-18 18:00:00+00:00,64995.076992700866
2030-09-18 19:00:00+00:00,61497.76150083536
2030-09-18 20:00:00+00:00,57064.4371678805
2030-09-18 21:00:00+00:00,52619.77486981157
2030-09-18 22:00:00+00:00,48749.78687314773
2030-09-18 23:00:00+00:00,47411.856674068826
2030-09-19 00:00:00+00:00,46320.59795326636
2030-09-19 01:00:00+00:00,46250.173660183544
2030-09-19 02:00:00+00:00,47096.95355408902
2030-09-19 03:00:00+00:00,51126.50702891024
2030-09-19 04:00:00+00:00,58080.196927480116
2030-09-19 05:00:00+00:00,64556.91143855062
2030-09-19 06:00:00+00:00,67558.286431716
2030-09-19 07:00:00+00:00,68173.43469170904
2030-09-19 08:00:00+00:00,68073.76989204022
2030-09-19 09:00:00+00:00,67059.56849926729
2030-09-19 10:00:00+00:00,65483.79431465085
2030-09-19 11:00:00+00:00,63838.76048900579
2030-09-19 12:00:00+00:00,62477.81395972516
2030-09-19 13:00:00+00:00,62176.09422007998
2030-09-19 14:00:00+00:00,61625.742566154375
2030-09-19 15:00:00+00:00,62721.76414587992
2030-09-19 16:00:00+00:00,65318.83909161392
2030-09-19 17:00:00+00:00,65924.03139566291
2030-09-19 18:00:00+00:00,65395.291753438534
2030-09-19 19:00:00+00:00,61225.20279058805
2030-09-19 20:00:00+00:00,56287.9226254028
2030-09-19 21:00:00+00:00,51887.11078593926
2030-09-19 22:00:00+00:00,48650.00402849171
2030-09-19 23:00:00+00:00,46902.81205547141
2030-09-20 00:00:00+00:00,44811.05388061921
2030-09-20 01:00:00+00:00,44897.67714463762
2030-09-20 02:00:00+00:00,45806.70630683868
2030-09-20 03:00:00+00:00,49389.97102660241
2030-09-20 04:00:00+00:00,55534.12990833986
2030-09-20 05:00:00+00:00,61324.56398814144
2030-09-20 06:00:00+00:00,64334.99413955818
2030-09-20 07:00:00+00:00,64776.839001031985
2030-09-20 08:00:00+00:00,64583.73829210965
2030-09-20 09:00:00+00:00,63685.99586882621
2030-09-20 10:00:00+00:00,62776.301495828266
2030-09-20 11:00:00+00:00,60690.68016146839
2030-09-20 12:00:00+00:00,58917.14164155911
2030-09-20 13:00:00+00:00,58419.92274685242
2030-09-20 14:00:00+00:00,57869.10280754864
2030-09-20 15:00:00+00:00,58268.24314582006
2030-09-20 16:00:00+00:00,59591.491714927804
2030-09-20 17:00:00+00:00,61427.26847701731
2030-09-20 18:00:00+00:00,61549.17474095424
2030-09-20 19:00:00+00:00,57180.907198163666
2030-09-20 20:00:00+00:00,52718.55551954898
2030-09-20 21:00:00+00:00,48924.86128269608
2030-09-20 22:00:00+00:00,43260.816130066945
2030-09-20 23:00:00+00:00,41394.67962159123
2030-09-21 00:00:00+00:00,40234.28430725611
2030-09-21 01:00:00+00:00,39680.71450771523
2030-09-21 02:00:00+00:00,39991.158814780625
2030-09-21 03:00:00+00:00,41199.971185679155
2030-09-21 04:00:00+00:00,43243.70013758319
2030-09-21 05:00:00+00:00,45155.59882207736
2030-09-21 06:00:00+00:00,47766.388862320106
2030-09-21 07:00:00+00:00,50881.49439214426
2030-09-21 08:00:00+00:00,52613.75730229326
2030-09-21 09:00:00+00:00,51873.45821059523
2030-09-21 10:00:00+00:00,50767.71156962056
2030-09-21 11:00:00+00:00,49200.60968431841
2030-09-21 12:00:00+00:00,47126.22514890149
2030-09-21 13:00:00+00:00,46473.91065547439
2030-09-21 14:00:00+00:00,46249.05575116163
2030-09-21 15:00:00+00:00,47168.991613410646
2030-09-21 16:00:00+00:00,49604.94405978973
2030-09-21 17:00:00+00:00,50772.62081855598
2030-09-21 18:00:00+00:00,51688.781588970465
2030-09-21 19:00:00+00:00,48879.56637535915
2030-09-21 20:00:00+00:00,45849.323360745155
2030-09-21 21:00:00+00:00,42708.91558881292
2030-09-21 22:00:00+00:00,40684.42319356438
2030-09-21 23:00:00+00:00,38693.15657547239
2030-09-22 00:00:00+00:00,36401.62778956554
2030-09-22 01:00:00+00:00,36153.27014880818
2030-09-22 02:00:00+00:00,36455.55044608371
2030-09-22 03:00:00+00:00,37082.141158538085
2030-09-22 04:00:00+00:00,38381.46507287812
2030-09-22 05:00:00+00:00,39253.78889163345
2030-09-22 06:00:00+00:00,49987.51240575297
2030-09-22 07:00:00+00:00,73004.3938189275
2030-09-22 08:00:00+00:00,74789.6416462293
2030-09-22 09:00:00+00:00,75339.17435251811
2030-09-22 10:00:00+00:00,81747.27351683834
2030-09-22 11:00:00+00:00,73303.8397530452
2030-09-22 12:00:00+00:00,70999.88001972296
2030-09-22 13:00:00+00:00,71110.96808375529
2030-09-22 14:00:00+00:00,71781.26094034198
2030-09-22 15:00:00+00:00,72833.2354655322
2030-09-22 16:00:00+00:00,65034.49047822997
2030-09-22 17:00:00+00:00,58544.102028313966
2030-09-22 18:00:00+00:00,61055.54888844998
2030-09-22 19:00:00+00:00,61663.867170574355
2030-09-22 20:00:00+00:00,64984.35858014367
2030-09-22 21:00:00+00:00,66024.52049218956
2030-09-22 22:00:00+00:00,67247.55543608821
2030-09-22 23:00:00+00:00,66891.51657649581
2030-09-23 00:00:00+00:00,65612.76468307286
2030-09-23 01:00:00+00:00,61986.77120602068
2030-09-23 02:00:00+00:00,54832.03508815114
2030-09-23 03:00:00+00:00,49988.208410168605
2030-09-23 04:00:00+00:00,55288.17161743443
2030-09-23 05:00:00+00:00,61712.742126296376
2030-09-23 06:00:00+00:00,65584.0133165352
2030-09-23 07:00:00+00:00,88915.07407945025
2030-09-23 08:00:00+00:00,90290.36640032032
2030-09-23 09:00:00+00:00,91140.4903571424
2030-09-23 10:00:00+00:00,90438.35772596147
2030-09-23 11:00:00+00:00,89691.87064226104
2030-09-23 12:00:00+00:00,87009.45020281924
2030-09-23 13:00:00+00:00,86413.54944201859
2030-09-23 14:00:00+00:00,85706.81130868281
2030-09-23 15:00:00+00:00,77927.41223147296
2030-09-23 16:00:00+00:00,58532.66787318138
2030-09-23 17:00:00+00:00,58531.17676998265
2030-09-23 18:00:00+00:00,58262.42415104692
2030-09-23 19:00:00+00:00,54466.20543293735
2030-09-23 20:00:00+00:00,50704.246534151054
2030-09-23 21:00:00+00:00,46491.943380082485
2030-09-23 22:00:00+00:00,44451.45239944748
2030-09-23 23:00:00+00:00,42499.96201850342
2030-09-24 00:00:00+00:00,41570.42917423421
2030-09-24 01:00:00+00:00,42146.96498920469
2030-09-24 02:00:00+00:00,43066.68286872178
2030-09-24 03:00:00+00:00,45785.94860547116
2030-09-24 04:00:00+00:00,52833.51255007263
2030-09-24 05:00:00+00:00,58825.49059466776
2030-09-24 06:00:00+00:00,62040.10733585035
2030-09-24 07:00:00+00:00,63263.932994799434
2030-09-24 08:00:00+00:00,64067.96786112131
2030-09-24 09:00:00+00:00,65034.83905675146
2030-09-24 10:00:00+00:00,64047.42695348408
2030-09-24 11:00:00+00:00,63393.21122268328
2030-09-24 12:00:00+00:00,61443.00413485377
2030-09-24 13:00:00+00:00,60777.80672575506
2030-09-24 14:00:00+00:00,58990.14253301294
2030-09-24 15:00:00+00:00,59284.38214595441
2030-09-24 16:00:00+00:00,60429.163196094094
2030-09-24 17:00:00+00:00,61424.6780474588
2030-09-24 18:00:00+00:00,62138.01555435131
2030-09-24 19:00:00+00:00,58257.110914068
2030-09-24 20:00:00+00:00,54620.91611921236
2030-09-24 21:00:00+00:00,50417.18577094401
2030-09-24 22:00:00+00:00,47375.000315653335
2030-09-24 23:00:00+00:00,45988.16932189399
2030-09-25 00:00:00+00:00,45279.00980589798
2030-09-25 01:00:00+00:00,45638.62675670819
2030-09-25 02:00:00+00:00,46490.4415096016
2030-09-25 03:00:00+00:00,49810.22254870045
2030-09-25 04:00:00+00:00,56148.64035905518
2030-09-25 05:00:00+00:00,62061.96597288066
2030-09-25 06:00:00+00:00,64612.990083364144
2030-09-25 07:00:00+00:00,65819.50647502397
2030-09-25 08:00:00+00:00,66256.79256077984
2030-09-25 09:00:00+00:00,67576.16043012429
2030-09-25 10:00:00+00:00,67759.02641938851
2030-09-25 11:00:00+00:00,66905.61528462879
2030-09-25 12:00:00+00:00,64416.28691974161
2030-09-25 13:00:00+00:00,63037.66970546198
2030-09-25 14:00:00+00:00,61355.96626382134
2030-09-25 15:00:00+00:00,61353.08625344364
2030-09-25 16:00:00+00:00,62061.62226343293
2030-09-25 17:00:00+00:00,62414.3179589151
2030-09-25 18:00:00+00:00,60885.527572034924
2030-09-25 19:00:00+00:00,58187.08711359255
2030-09-25 20:00:00+00:00,53772.525628752606
2030-09-25 21:00:00+00:00,48438.259513727455
2030-09-25 22:00:00+00:00,46367.1885616313
2030-09-25 23:00:00+00:00,44417.65440894167
2030-09-26 00:00:00+00:00,44004.130961819414
2030-09-26 01:00:00+00:00,44917.75110593788
2030-09-26 02:00:00+00:00,46628.50640764188
2030-09-26 03:00:00+00:00,49849.075738836706
2030-09-26 04:00:00+00:00,56780.352381527126
2030-09-26 05:00:00+00:00,63550.0306782013
2030-09-26 06:00:00+00:00,67056.22107641767
2030-09-26 07:00:00+00:00,67399.01771837122
2030-09-26 08:00:00+00:00,68474.97237440394
2030-09-26 09:00:00+00:00,69688.99545565748
2030-09-26 10:00:00+00:00,69544.51399524361
2030-09-26 11:00:00+00:00,70121.1128570246
2030-09-26 12:00:00+00:00,68883.17971060715
2030-09-26 13:00:00+00:00,66905.9379512452
2030-09-26 14:00:00+00:00,64924.882608031214
2030-09-26 15:00:00+00:00,64911.89092750423
2030-09-26 16:00:00+00:00,65451.876320771844
2030-09-26 17:00:00+00:00,66236.78754626062
2030-09-26 18:00:00+00:00,64878.92300507543
2030-09-26 19:00:00+00:00,60626.17999496509
2030-09-26 20:00:00+00:00,55985.25462849735
2030-09-26 21:00:00+00:00,51502.13397138997
2030-09-26 22:00:00+00:00,50612.38343003464
2030-09-26 23:00:00+00:00,49157.624055923625
2030-09-27 00:00:00+00:00,49379.30433245034
2030-09-27 01:00:00+00:00,49789.44111750853
2030-09-27 02:00:00+00:00,51461.39356903424
2030-09-27 03:00:00+00:00,54418.316609193454
2030-09-27 04:00:00+00:00,62067.95213533274
2030-09-27 05:00:00+00:00,65447.41107982106
2030-09-27 06:00:00+00:00,70724.3982006074
2030-09-27 07:00:00+00:00,70200.71678952192
2030-09-27 08:00:00+00:00,71710.23963460751
2030-09-27 09:00:00+00:00,71762.98435249848
2030-09-27 10:00:00+00:00,77844.87198608031
2030-09-27 11:00:00+00:00,71421.9737516092
2030-09-27 12:00:00+00:00,66399.12574175904
2030-09-27 13:00:00+00:00,66031.41798700574
2030-09-27 14:00:00+00:00,65838.3682228371
2030-09-27 15:00:00+00:00,65299.26179096292
2030-09-27 16:00:00+00:00,65838.88093377725
2030-09-27 17:00:00+00:00,66552.74765142576
2030-09-27 18:00:00+00:00,65558.38600525958
2030-09-27 19:00:00+00:00,62645.638268366514
2030-09-27 20:00:00+00:00,58779.857856331924
2030-09-27 21:00:00+00:00,55179.61236202655
2030-09-27 22:00:00+00:00,51199.27348983945
2030-09-27 23:00:00+00:00,49818.55226790725
2030-09-28 00:00:00+00:00,48467.97167321805
2030-09-28 01:00:00+00:00,48016.80654227329
2030-09-28 02:00:00+00:00,47517.59351092399
2030-09-28 03:00:00+00:00,46250.18298562986
2030-09-28 04:00:00+00:00,47981.24253099042
2030-09-28 05:00:00+00:00,49836.27431820425
2030-09-28 06:00:00+00:00,52881.75674440871
2030-09-28 07:00:00+00:00,75035.1702325165
2030-09-28 08:00:00+00:00,102019.73372033733
2030-09-28 09:00:00+00:00,98732.45534500646
2030-09-28 10:00:00+00:00,104344.26534786711
2030-09-28 11:00:00+00:00,94584.77773316362
2030-09-28 12:00:00+00:00,92241.21784231688
2030-09-28 13:00:00+00:00,92099.15705535302
2030-09-28 14:00:00+00:00,91967.60575716576
2030-09-28 15:00:00+00:00,71835.63285388042
2030-09-28 16:00:00+00:00,72098.77110600758
2030-09-28 17:00:00+00:00,73487.88936377896
2030-09-28 18:00:00+00:00,76741.15522578322
2030-09-28 19:00:00+00:00,71289.72278086803
2030-09-28 20:00:00+00:00,64872.49767899058
2030-09-28 21:00:00+00:00,62271.32693375755
2030-09-28 22:00:00+00:00,62806.383736691896
2030-09-28 23:00:00+00:00,60721.931396455504
2030-09-29 00:00:00+00:00,60111.3465458525
2030-09-29 01:00:00+00:00,59762.892301721906
2030-09-29 02:00:00+00:00,60930.557250319485
2030-09-29 03:00:00+00:00,68466.83242499008
2030-09-29 04:00:00+00:00,71149.17391468555
2030-09-29 05:00:00+00:00,72934.58553643383
2030-09-29 06:00:00+00:00,89531.91860147627
2030-09-29 07:00:00+00:00,113058.11574749468
2030-09-29 08:00:00+00:00,112832.35947597315
2030-09-29 09:00:00+00:00,111323.66399764827
2030-09-29 10:00:00+00:00,110339.02471950054
2030-09-29 11:00:00+00:00,108857.6569213198
2030-09-29 12:00:00+00:00,107204.41890558132
2030-09-29 13:00:00+00:00,106819.37039348492
2030-09-29 14:00:00+00:00,105957.67635870006
2030-09-29 15:00:00+00:00,106974.92077028561
2030-09-29 16:00:00+00:00,91018.54086148455
2030-09-29 17:00:00+00:00,94320.61506405208
2030-09-29 18:00:00+00:00,94851.62505441123
2030-09-29 19:00:00+00:00,90007.29601396705
2030-09-29 20:00:00+00:00,85050.34982545288
2030-09-29 21:00:00+00:00,82444.22105753611
2030-09-29 22:00:00+00:00,79789.66713395392
2030-09-29 23:00:00+00:00,78706.90242745925
2030-09-30 00:00:00+00:00,81244.21552563868
2030-09-30 01:00:00+00:00,82955.98278622207
2030-09-30 02:00:00+00:00,90786.46894343484
2030-09-30 03:00:00+00:00,101278.9455135728
2030-09-30 04:00:00+00:00,107127.04034650215
2030-09-30 05:00:00+00:00,104486.3360457108
2030-09-30 06:00:00+00:00,111118.42622120838
2030-09-30 07:00:00+00:00,118828.0549726421
2030-09-30 08:00:00+00:00,124240.5353731286
2030-09-30 09:00:00+00:00,136266.98118364048
2030-09-30 10:00:00+00:00,135980.06447555203
2030-09-30 11:00:00+00:00,132392.6879204156
2030-09-30 12:00:00+00:00,122752.51158183132
2030-09-30 13:00:00+00:00,110072.49548700394
2030-09-30 14:00:00+00:00,110875.49457555967
2030-09-30 15:00:00+00:00,107645.55956243051
2030-09-30 16:00:00+00:00,83648.96189613706
2030-09-30 17:00:00+00:00,84102.89591308765
2030-09-30 18:00:00+00:00,87294.37335913343
2030-09-30 19:00:00+00:00,84394.46467711213
2030-09-30 20:00:00+00:00,75547.6298563555
2030-09-30 21:00:00+00:00,68456.49368521545
2030-09-30 22:00:00+00:00,63219.89991625477
2030-09-30 23:00:00+00:00,61870.446723360496
2030-10-01 00:00:00+00:00,62582.2522221035
2030-10-01 01:00:00+00:00,64123.77376028121
2030-10-01 02:00:00+00:00,72583.47177557829
2030-10-01 03:00:00+00:00,80325.8488319712
2030-10-01 04:00:00+00:00,83514.60668555547
2030-10-01 05:00:00+00:00,79990.4300019796
2030-10-01 06:00:00+00:00,84745.62920012881
2030-10-01 07:00:00+00:00,115256.92774366934
2030-10-01 08:00:00+00:00,119923.90239104332
2030-10-01 09:00:00+00:00,136869.46910741943
2030-10-01 10:00:00+00:00,136381.450734572
2030-10-01 11:00:00+00:00,136165.27385913598
2030-10-01 12:00:00+00:00,133400.9679098005
2030-10-01 13:00:00+00:00,122788.00574181267
2030-10-01 14:00:00+00:00,112911.33088282244
2030-10-01 15:00:00+00:00,97043.40925404537
2030-10-01 16:00:00+00:00,81367.40315662393
2030-10-01 17:00:00+00:00,80023.9046099814
2030-10-01 18:00:00+00:00,84020.49701570046
2030-10-01 19:00:00+00:00,84206.61091418822
2030-10-01 20:00:00+00:00,76234.4064204089
2030-10-01 21:00:00+00:00,66055.90919623671
2030-10-01 22:00:00+00:00,65723.88241363876
2030-10-01 23:00:00+00:00,62423.08304595461
2030-10-02 00:00:00+00:00,64666.20893227595
2030-10-02 01:00:00+00:00,68605.94863020275
2030-10-02 02:00:00+00:00,75642.22603841109
2030-10-02 03:00:00+00:00,81707.46355480223
2030-10-02 04:00:00+00:00,83898.49870818826
2030-10-02 05:00:00+00:00,80951.81436301733
2030-10-02 06:00:00+00:00,86493.61727460605
2030-10-02 07:00:00+00:00,137286.84666597887
2030-10-02 08:00:00+00:00,137975.09704148333
2030-10-02 09:00:00+00:00,138499.64932572158
2030-10-02 10:00:00+00:00,138269.64869806307
2030-10-02 11:00:00+00:00,138129.31853903527
2030-10-02 12:00:00+00:00,134694.51543461278
2030-10-02 13:00:00+00:00,133447.64127609297
2030-10-02 14:00:00+00:00,131449.0442777272
2030-10-02 15:00:00+00:00,115458.22953873467
2030-10-02 16:00:00+00:00,104795.3487730517
2030-10-02 17:00:00+00:00,103773.84225776547
2030-10-02 18:00:00+00:00,107646.16626159663
2030-10-02 19:00:00+00:00,109573.53324489611
2030-10-02 20:00:00+00:00,102994.06459689948
2030-10-02 21:00:00+00:00,93419.91779572013
2030-10-02 22:00:00+00:00,96605.99676024102
2030-10-02 23:00:00+00:00,95190.39155485913
2030-10-03 00:00:00+00:00,95334.05078375446
2030-10-03 01:00:00+00:00,110308.40219628735
2030-10-03 02:00:00+00:00,110525.4109438381
2030-10-03 03:00:00+00:00,109785.86307189439
2030-10-03 04:00:00+00:00,105255.76864233639
2030-10-03 05:00:00+00:00,99554.55039840032
2030-10-03 06:00:00+00:00,103855.37251721282
2030-10-03 07:00:00+00:00,121672.66914921519
2030-10-03 08:00:00+00:00,123479.24906122961
2030-10-03 09:00:00+00:00,126169.35135311092
2030-10-03 10:00:00+00:00,126218.7745910946
2030-10-03 11:00:00+00:00,124301.92791640418
2030-10-03 12:00:00+00:00,122342.4719088977
2030-10-03 13:00:00+00:00,122008.13904460016
2030-10-03 14:00:00+00:00,121600.73759960219
2030-10-03 15:00:00+00:00,118260.09927312669
2030-10-03 16:00:00+00:00,100291.663958281
2030-10-03 17:00:00+00:00,99709.06408997852
2030-10-03 18:00:00+00:00,103162.82021017579
2030-10-03 19:00:00+00:00,101779.89779203979
2030-10-03 20:00:00+00:00,96948.9524393342
2030-10-03 21:00:00+00:00,86960.29173838494
2030-10-03 22:00:00+00:00,83141.97632432991
2030-10-03 23:00:00+00:00,82645.31743270156
2030-10-04 00:00:00+00:00,78509.61904104582
2030-10-04 01:00:00+00:00,80375.86417503134
2030-10-04 02:00:00+00:00,85603.45727821591
2030-10-04 03:00:00+00:00,97361.29182688637
2030-10-04 04:00:00+00:00,101865.37052377139
2030-10-04 05:00:00+00:00,101204.38661567212
2030-10-04 06:00:00+00:00,103058.69366078393
2030-10-04 07:00:00+00:00,107475.82587954069
2030-10-04 08:00:00+00:00,105404.09918106817
2030-10-04 09:00:00+00:00,103059.08000005661
2030-10-04 10:00:00+00:00,106499.9226286606
2030-10-04 11:00:00+00:00,107555.7699438264
2030-10-04 12:00:00+00:00,104197.6219252017
2030-10-04 13:00:00+00:00,107953.67116734368
2030-10-04 14:00:00+00:00,89518.63210739817
2030-10-04 15:00:00+00:00,64556.58961243576
2030-10-04 16:00:00+00:00,59108.5880421347
2030-10-04 17:00:00+00:00,60718.61550824656
2030-10-04 18:00:00+00:00,59132.07739955806
2030-10-04 19:00:00+00:00,55613.39694496865
2030-10-04 20:00:00+00:00,52433.17554930253
2030-10-04 21:00:00+00:00,48857.43509904173
2030-10-04 22:00:00+00:00,46236.47477216179
2030-10-04 23:00:00+00:00,44417.380767533585
2030-10-05 00:00:00+00:00,42705.81744356232
2030-10-05 01:00:00+00:00,42989.67747877673
2030-10-05 02:00:00+00:00,43212.998700255834
2030-10-05 03:00:00+00:00,44833.69084279782
2030-10-05 04:00:00+00:00,46599.14185804453
2030-10-05 05:00:00+00:00,48601.93179439775
2030-10-05 06:00:00+00:00,51197.70961540697
2030-10-05 07:00:00+00:00,53868.68683050792
2030-10-05 08:00:00+00:00,54903.544637065555
2030-10-05 09:00:00+00:00,56332.18097536454
2030-10-05 10:00:00+00:00,56490.68421678253
2030-10-05 11:00:00+00:00,54988.52449070257
2030-10-05 12:00:00+00:00,54050.000489656
2030-10-05 13:00:00+00:00,52398.59679119139
2030-10-05 14:00:00+00:00,52446.40690962896
2030-10-05 15:00:00+00:00,52374.10784039457
2030-10-05 16:00:00+00:00,54486.302197536694
2030-10-05 17:00:00+00:00,56057.44669336126
2030-10-05 18:00:00+00:00,54758.19310676074
2030-10-05 19:00:00+00:00,51328.07192049441
2030-10-05 20:00:00+00:00,48978.437872002956
2030-10-05 21:00:00+00:00,46358.3008264939
2030-10-05 22:00:00+00:00,43248.75627072826
2030-10-05 23:00:00+00:00,41494.777133687305
2030-10-06 00:00:00+00:00,40137.10746232895
2030-10-06 01:00:00+00:00,39947.419039704924
2030-10-06 02:00:00+00:00,40772.92170009824
2030-10-06 03:00:00+00:00,41727.50230388579
2030-10-06 04:00:00+00:00,42212.97802484442
2030-10-06 05:00:00+00:00,43597.61964829972
2030-10-06 06:00:00+00:00,45425.41491964477
2030-10-06 07:00:00+00:00,48111.488201118984
2030-10-06 08:00:00+00:00,50839.30385575178
2030-10-06 09:00:00+00:00,52682.256421070866
2030-10-06 10:00:00+00:00,53737.44248331105
2030-10-06 11:00:00+00:00,52129.65166289476
2030-10-06 12:00:00+00:00,50404.14824800079
2030-10-06 13:00:00+00:00,49590.27939515204
2030-10-06 14:00:00+00:00,49153.14958293273
2030-10-06 15:00:00+00:00,49055.39196668825
2030-10-06 16:00:00+00:00,51897.66722848254
2030-10-06 17:00:00+00:00,54237.376221067534
2030-10-06 18:00:00+00:00,53873.267616011384
2030-10-06 19:00:00+00:00,51254.63140579921
2030-10-06 20:00:00+00:00,49907.13433214493
2030-10-06 21:00:00+00:00,46869.50221876078
2030-10-06 22:00:00+00:00,45138.7174345836
2030-10-06 23:00:00+00:00,43818.68394672859
2030-10-07 00:00:00+00:00,42612.68739802797
2030-10-07 01:00:00+00:00,43037.72065881575
2030-10-07 02:00:00+00:00,45222.372001475924
2030-10-07 03:00:00+00:00,48818.29637570896
2030-10-07 04:00:00+00:00,56418.23080697446
2030-10-07 05:00:00+00:00,62559.60655592582
2030-10-07 06:00:00+00:00,66089.45574898011
2030-10-07 07:00:00+00:00,66898.16521813905
2030-10-07 08:00:00+00:00,67934.47441651401
2030-10-07 09:00:00+00:00,68302.10875784943
2030-10-07 10:00:00+00:00,68642.28149489418
2030-10-07 11:00:00+00:00,68391.76556593004
2030-10-07 12:00:00+00:00,66168.19355020685
2030-10-07 13:00:00+00:00,64288.28738282047
2030-10-07 14:00:00+00:00,61864.1095470251
2030-10-07 15:00:00+00:00,61482.679202372296
2030-10-07 16:00:00+00:00,62659.72314877814
2030-10-07 17:00:00+00:00,64858.916623990066
2030-10-07 18:00:00+00:00,62520.554175075245
2030-10-07 19:00:00+00:00,58622.04403640711
2030-10-07 20:00:00+00:00,54696.06324724349
2030-10-07 21:00:00+00:00,50815.217881104196
2030-10-07 22:00:00+00:00,47352.915710092755
2030-10-07 23:00:00+00:00,45621.04578869097
2030-10-08 00:00:00+00:00,45759.9926778847
2030-10-08 01:00:00+00:00,46211.57149877334
2030-10-08 02:00:00+00:00,47530.507746799
2030-10-08 03:00:00+00:00,50559.47452439316
2030-10-08 04:00:00+00:00,57180.3803743185
2030-10-08 05:00:00+00:00,63849.150906433024
2030-10-08 06:00:00+00:00,66276.78857461309
2030-10-08 07:00:00+00:00,66875.02403717661
2030-10-08 08:00:00+00:00,68274.28055749496
2030-10-08 09:00:00+00:00,69179.65863624134
2030-10-08 10:00:00+00:00,68929.64998057002
2030-10-08 11:00:00+00:00,67708.8104617999
2030-10-08 12:00:00+00:00,65439.41350501321
2030-10-08 13:00:00+00:00,64710.04827948952
2030-10-08 14:00:00+00:00,63165.897607215025
2030-10-08 15:00:00+00:00,62882.7151278448
2030-10-08 16:00:00+00:00,64138.707705816705
2030-10-08 17:00:00+00:00,65974.98466149232
2030-10-08 18:00:00+00:00,63374.177282044926
2030-10-08 19:00:00+00:00,59320.47599176023
2030-10-08 20:00:00+00:00,55100.35773719258
2030-10-08 21:00:00+00:00,50749.69597060089
2030-10-08 22:00:00+00:00,48436.649914845555
2030-10-08 23:00:00+00:00,47036.556077852365
2030-10-09 00:00:00+00:00,45854.82254094245
2030-10-09 01:00:00+00:00,46220.65866490511
2030-10-09 02:00:00+00:00,47278.303107708576
2030-10-09 03:00:00+00:00,50783.551505809686
2030-10-09 04:00:00+00:00,56676.5718371942
2030-10-09 05:00:00+00:00,63123.47917887685
2030-10-09 06:00:00+00:00,65766.70839580981
2030-10-09 07:00:00+00:00,66151.57068844287
2030-10-09 08:00:00+00:00,66833.55182342969
2030-10-09 09:00:00+00:00,67582.31582078
2030-10-09 10:00:00+00:00,67999.74234803527
2030-10-09 11:00:00+00:00,67585.45647305263
2030-10-09 12:00:00+00:00,65023.43724521663
2030-10-09 13:00:00+00:00,64279.9944708729
2030-10-09 14:00:00+00:00,63713.078923273446
2030-10-09 15:00:00+00:00,63767.588212758026
2030-10-09 16:00:00+00:00,64908.46113854542
2030-10-09 17:00:00+00:00,66056.57063997253
2030-10-09 18:00:00+00:00,63652.953196887116
2030-10-09 19:00:00+00:00,60278.86358956153
2030-10-09 20:00:00+00:00,56125.7973533267
2030-10-09 21:00:00+00:00,50445.74436414948
2030-10-09 22:00:00+00:00,48557.78444762668
2030-10-09 23:00:00+00:00,47507.046663271394
2030-10-10 00:00:00+00:00,48645.35186296969
2030-10-10 01:00:00+00:00,49297.22343011387
2030-10-10 02:00:00+00:00,50795.791460784436
2030-10-10 03:00:00+00:00,56087.080392046766
2030-10-10 04:00:00+00:00,62438.75540471826
2030-10-10 05:00:00+00:00,67815.57011518843
2030-10-10 06:00:00+00:00,71226.86669931836
2030-10-10 07:00:00+00:00,71612.23589194594
2030-10-10 08:00:00+00:00,71750.88444675072
2030-10-10 09:00:00+00:00,71979.2218840474
2030-10-10 10:00:00+00:00,73240.24782712926
2030-10-10 11:00:00+00:00,72966.93025764484
2030-10-10 12:00:00+00:00,70702.97186926076
2030-10-10 13:00:00+00:00,69330.73397466198
2030-10-10 14:00:00+00:00,67970.75223541856
2030-10-10 15:00:00+00:00,67882.30155416019
2030-10-10 16:00:00+00:00,69000.67579785017
2030-10-10 17:00:00+00:00,71154.82879421367
2030-10-10 18:00:00+00:00,68342.21692283559
2030-10-10 19:00:00+00:00,64529.35589964871
2030-10-10 20:00:00+00:00,59954.42840228022
2030-10-10 21:00:00+00:00,55480.3981666139
2030-10-10 22:00:00+00:00,52558.40883553511
2030-10-10 23:00:00+00:00,51808.1950091704
2030-10-11 00:00:00+00:00,51123.31056168183
2030-10-11 01:00:00+00:00,51224.444387347074
2030-10-11 02:00:00+00:00,52677.900789575
2030-10-11 03:00:00+00:00,55689.57079439351
2030-10-11 04:00:00+00:00,61728.569317882386
2030-10-11 05:00:00+00:00,67695.14700372775
2030-10-11 06:00:00+00:00,70689.1474854538
2030-10-11 07:00:00+00:00,73939.40890146045
2030-10-11 08:00:00+00:00,75499.17699071598
2030-10-11 09:00:00+00:00,75661.89447650017
2030-10-11 10:00:00+00:00,75608.0422900975
2030-10-11 11:00:00+00:00,75144.70002644967
2030-10-11 12:00:00+00:00,72094.69430330057
2030-10-11 13:00:00+00:00,71188.21547281627
2030-10-11 14:00:00+00:00,69305.87740656619
2030-10-11 15:00:00+00:00,68836.76193560025
2030-10-11 16:00:00+00:00,66078.5887528524
2030-10-11 17:00:00+00:00,69322.3797059232
2030-10-11 18:00:00+00:00,70114.03170271931
2030-10-11 19:00:00+00:00,65775.23541717388
2030-10-11 20:00:00+00:00,60815.937348577616
2030-10-11 21:00:00+00:00,53914.38305173583
2030-10-11 22:00:00+00:00,52016.009109776125
2030-10-11 23:00:00+00:00,49964.94092106569
2030-10-12 00:00:00+00:00,48265.56383894136
2030-10-12 01:00:00+00:00,48216.177457402846
2030-10-12 02:00:00+00:00,50416.582979867366
2030-10-12 03:00:00+00:00,49031.52925697479
2030-10-12 04:00:00+00:00,50425.9719917034
2030-10-12 05:00:00+00:00,52791.22177009104
2030-10-12 06:00:00+00:00,55373.416389902166
2030-10-12 07:00:00+00:00,62705.75033747067
2030-10-12 08:00:00+00:00,64955.33507848815
2030-10-12 09:00:00+00:00,66111.94950514736
2030-10-12 10:00:00+00:00,66276.33305656129
2030-10-12 11:00:00+00:00,64202.59111988084
2030-10-12 12:00:00+00:00,62723.97157554823
2030-10-12 13:00:00+00:00,61573.01474808177
2030-10-12 14:00:00+00:00,60905.161466864476
2030-10-12 15:00:00+00:00,60645.7251570681
2030-10-12 16:00:00+00:00,60339.41373128818
2030-10-12 17:00:00+00:00,62597.09557373233
2030-10-12 18:00:00+00:00,60460.97278679083
2030-10-12 19:00:00+00:00,57121.98559206543
2030-10-12 20:00:00+00:00,54692.63237028978
2030-10-12 21:00:00+00:00,51645.76613675335
2030-10-12 22:00:00+00:00,48466.189910739755
2030-10-12 23:00:00+00:00,46004.4353127042
2030-10-13 00:00:00+00:00,44921.14420998149
2030-10-13 01:00:00+00:00,44877.91622393632
2030-10-13 02:00:00+00:00,45307.32290648678
2030-10-13 03:00:00+00:00,47676.21799181966
2030-10-13 04:00:00+00:00,47873.352157290195
2030-10-13 05:00:00+00:00,49012.04077791935
2030-10-13 06:00:00+00:00,50680.57771491808
2030-10-13 07:00:00+00:00,58444.95192330056
2030-10-13 08:00:00+00:00,67795.7990970645
2030-10-13 09:00:00+00:00,82355.19179529033
2030-10-13 10:00:00+00:00,85868.04811079704
2030-10-13 11:00:00+00:00,62531.216564853625
2030-10-13 12:00:00+00:00,80697.73885268871
2030-10-13 13:00:00+00:00,71417.1114506278
2030-10-13 14:00:00+00:00,59773.96744357275
2030-10-13 15:00:00+00:00,61427.68250222978
2030-10-13 16:00:00+00:00,58025.15801954928
2030-10-13 17:00:00+00:00,60856.33749338531
2030-10-13 18:00:00+00:00,59272.26496172295
2030-10-13 19:00:00+00:00,56555.650478968935
2030-10-13 20:00:00+00:00,54699.023770882726
2030-10-13 21:00:00+00:00,51935.77838092002
2030-10-13 22:00:00+00:00,50042.18633677806
2030-10-13 23:00:00+00:00,49047.528151529914
2030-10-14 00:00:00+00:00,47316.40966544369
2030-10-14 01:00:00+00:00,46889.44680525212
2030-10-14 02:00:00+00:00,48562.391727329334
2030-10-14 03:00:00+00:00,52054.66171197234
2030-10-14 04:00:00+00:00,59475.06594981707
2030-10-14 05:00:00+00:00,66083.7730517619
2030-10-14 06:00:00+00:00,69302.18513297295
2030-10-14 07:00:00+00:00,70233.87342466983
2030-10-14 08:00:00+00:00,70633.4530129229
2030-10-14 09:00:00+00:00,71111.22410600708
2030-10-14 10:00:00+00:00,80325.42767883929
2030-10-14 11:00:00+00:00,70368.42016173818
2030-10-14 12:00:00+00:00,79065.28685397751
2030-10-14 13:00:00+00:00,67493.81039360043
2030-10-14 14:00:00+00:00,66000.59483306562
2030-10-14 15:00:00+00:00,65319.39200045954
2030-10-14 16:00:00+00:00,67313.60177872356
2030-10-14 17:00:00+00:00,68745.01648676794
2030-10-14 18:00:00+00:00,66455.96195471793
2030-10-14 19:00:00+00:00,62652.894505051336
2030-10-14 20:00:00+00:00,58478.79455691996
2030-10-14 21:00:00+00:00,54519.012807390514
2030-10-14 22:00:00+00:00,51246.542640736356
2030-10-14 23:00:00+00:00,49316.54649601676
2030-10-15 00:00:00+00:00,49311.38537292022
2030-10-15 01:00:00+00:00,49593.87194349437
2030-10-15 02:00:00+00:00,50755.85832963322
2030-10-15 03:00:00+00:00,53809.92313258961
2030-10-15 04:00:00+00:00,59460.304325553196
2030-10-15 05:00:00+00:00,65800.51800415563
2030-10-15 06:00:00+00:00,68473.44286737895
2030-10-15 07:00:00+00:00,68876.82313172225
2030-10-15 08:00:00+00:00,68841.79435221328
2030-10-15 09:00:00+00:00,69089.42603373606
2030-10-15 10:00:00+00:00,69830.5202837977
2030-10-15 11:00:00+00:00,69831.08529978154
2030-10-15 12:00:00+00:00,67470.43191380122
2030-10-15 13:00:00+00:00,65534.96983201832
2030-10-15 14:00:00+00:00,64708.534690525266
2030-10-15 15:00:00+00:00,64695.50116213074
2030-10-15 16:00:00+00:00,66357.65490498807
2030-10-15 17:00:00+00:00,68786.49502296778
2030-10-15 18:00:00+00:00,65976.93299252477
2030-10-15 19:00:00+00:00,62001.54786428489
2030-10-15 20:00:00+00:00,58188.97951371322
2030-10-15 21:00:00+00:00,54373.52657955772
2030-10-15 22:00:00+00:00,51352.014371668076
2030-10-15 23:00:00+00:00,50290.7432679584
2030-10-16 00:00:00+00:00,49772.37118946669
2030-10-16 01:00:00+00:00,50048.864807514416
2030-10-16 02:00:00+00:00,51766.71728506423
2030-10-16 03:00:00+00:00,56433.90728914467
2030-10-16 04:00:00+00:00,62275.07177441074
2030-10-16 05:00:00+00:00,68494.38882477459
2030-10-16 06:00:00+00:00,71316.95957389516
2030-10-16 07:00:00+00:00,71984.70454499438
2030-10-16 08:00:00+00:00,72026.52429772176
2030-10-16 09:00:00+00:00,71974.13107493831
2030-10-16 10:00:00+00:00,71042.74343728992
2030-10-16 11:00:00+00:00,70237.9805991128
2030-10-16 12:00:00+00:00,69126.50731743357
2030-10-16 13:00:00+00:00,69012.06001581042
2030-10-16 14:00:00+00:00,66563.34302607743
2030-10-16 15:00:00+00:00,66641.50168045907
2030-10-16 16:00:00+00:00,69424.03867973023
2030-10-16 17:00:00+00:00,70926.54484441738
2030-10-16 18:00:00+00:00,68402.84208692372
2030-10-16 19:00:00+00:00,64685.35084342453
2030-10-16 20:00:00+00:00,59913.638956435716
2030-10-16 21:00:00+00:00,56358.87359868182
2030-10-16 22:00:00+00:00,54072.90588160645
2030-10-16 23:00:00+00:00,52747.362671853305
2030-10-17 00:00:00+00:00,51045.509550911534
2030-10-17 01:00:00+00:00,57032.19790154764
2030-10-17 02:00:00+00:00,59655.309495536
2030-10-17 03:00:00+00:00,68458.0839059058
2030-10-17 04:00:00+00:00,73813.20356897137
2030-10-17 05:00:00+00:00,78495.10663088284
2030-10-17 06:00:00+00:00,75832.23603008642
2030-10-17 07:00:00+00:00,107166.38127717245
2030-10-17 08:00:00+00:00,105461.42097764432
2030-10-17 09:00:00+00:00,105406.54404552132
2030-10-17 10:00:00+00:00,104708.4108349922
2030-10-17 11:00:00+00:00,103504.94376827042
2030-10-17 12:00:00+00:00,102309.2346127378
2030-10-17 13:00:00+00:00,100222.80054976707
2030-10-17 14:00:00+00:00,99637.92388038292
2030-10-17 15:00:00+00:00,100107.36478472964
2030-10-17 16:00:00+00:00,98310.73101996374
2030-10-17 17:00:00+00:00,102115.6249615071
2030-10-17 18:00:00+00:00,101630.18592047314
2030-10-17 19:00:00+00:00,96725.7439002253
2030-10-17 20:00:00+00:00,91734.21121538585
2030-10-17 21:00:00+00:00,86931.5836107964
2030-10-17 22:00:00+00:00,83323.03166445094
2030-10-17 23:00:00+00:00,82273.9656138347
2030-10-18 00:00:00+00:00,78193.82774459317
2030-10-18 01:00:00+00:00,69692.62962694376
2030-10-18 02:00:00+00:00,57980.422597918034
2030-10-18 03:00:00+00:00,64170.74068558903
2030-10-18 04:00:00+00:00,69897.63585379205
2030-10-18 05:00:00+00:00,76123.2841481311
2030-10-18 06:00:00+00:00,75810.30445944538
2030-10-18 07:00:00+00:00,78891.6183505434
2030-10-18 08:00:00+00:00,78140.35877241463
2030-10-18 09:00:00+00:00,82303.87674073821
2030-10-18 10:00:00+00:00,83981.3682782884
2030-10-18 11:00:00+00:00,81970.77164015088
2030-10-18 12:00:00+00:00,79657.02117516595
2030-10-18 13:00:00+00:00,77893.09944710053
2030-10-18 14:00:00+00:00,68492.16659903394
2030-10-18 15:00:00+00:00,70277.70935327238
2030-10-18 16:00:00+00:00,64425.13987621536
2030-10-18 17:00:00+00:00,66329.54458394267
2030-10-18 18:00:00+00:00,71566.1429668632
2030-10-18 19:00:00+00:00,66873.95467723953
2030-10-18 20:00:00+00:00,59874.626951001876
2030-10-18 21:00:00+00:00,52486.32169643743
2030-10-18 22:00:00+00:00,50200.77658739072
2030-10-18 23:00:00+00:00,48271.34998365592
2030-10-19 00:00:00+00:00,47425.51121152053
2030-10-19 01:00:00+00:00,48592.92658757781
2030-10-19 02:00:00+00:00,50780.6408237863
2030-10-19 03:00:00+00:00,58193.98000557633
2030-10-19 04:00:00+00:00,59998.097509193816
2030-10-19 05:00:00+00:00,61818.18375075473
2030-10-19 06:00:00+00:00,64286.97222788812
2030-10-19 07:00:00+00:00,102978.66507496354
2030-10-19 08:00:00+00:00,102986.24637595055
2030-10-19 09:00:00+00:00,119678.93455862187
2030-10-19 10:00:00+00:00,120359.05070444799
2030-10-19 11:00:00+00:00,118221.63153673272
2030-10-19 12:00:00+00:00,114240.7836233133
2030-10-19 13:00:00+00:00,93020.1702232635
2030-10-19 14:00:00+00:00,92327.43877124762
2030-10-19 15:00:00+00:00,79430.09289452079
2030-10-19 16:00:00+00:00,79447.32279564382
2030-10-19 17:00:00+00:00,83696.57289398724
2030-10-19 18:00:00+00:00,81421.5319951221
2030-10-19 19:00:00+00:00,76015.95881675788
2030-10-19 20:00:00+00:00,71370.26939301648
2030-10-19 21:00:00+00:00,71116.47079602294
2030-10-19 22:00:00+00:00,73357.44134739685
2030-10-19 23:00:00+00:00,70941.9016403094
2030-10-20 00:00:00+00:00,69312.82917263766
2030-10-20 01:00:00+00:00,69606.95448785971
2030-10-20 02:00:00+00:00,67934.49628495582
2030-10-20 03:00:00+00:00,66606.05863626776
2030-10-20 04:00:00+00:00,62679.98042878033
2030-10-20 05:00:00+00:00,59842.40801345588
2030-10-20 06:00:00+00:00,58694.62207830738
2030-10-20 07:00:00+00:00,78062.72900547404
2030-10-20 08:00:00+00:00,80891.92238229746
2030-10-20 09:00:00+00:00,84019.29537268341
2030-10-20 10:00:00+00:00,84232.56762337247
2030-10-20 11:00:00+00:00,83615.66431066592
2030-10-20 12:00:00+00:00,80950.36758766665
2030-10-20 13:00:00+00:00,76446.92877270214
2030-10-20 14:00:00+00:00,63538.194461254665
2030-10-20 15:00:00+00:00,60145.12914195366
2030-10-20 16:00:00+00:00,63028.63113004767
2030-10-20 17:00:00+00:00,64458.96617503838
2030-10-20 18:00:00+00:00,63761.54072447393
2030-10-20 19:00:00+00:00,61891.91796145789
2030-10-20 20:00:00+00:00,62957.13538099354
2030-10-20 21:00:00+00:00,66870.80960528924
2030-10-20 22:00:00+00:00,73944.5936003436
2030-10-20 23:00:00+00:00,73332.91548678733
2030-10-21 00:00:00+00:00,72757.09260979443
2030-10-21 01:00:00+00:00,71931.92779176822
2030-10-21 02:00:00+00:00,73677.79674282938
2030-10-21 03:00:00+00:00,73742.48845402469
2030-10-21 04:00:00+00:00,73972.13678998964
2030-10-21 05:00:00+00:00,77031.4679360254
2030-10-21 06:00:00+00:00,79275.51215278037
2030-10-21 07:00:00+00:00,97816.85329634676
2030-10-21 08:00:00+00:00,98229.6721093751
2030-10-21 09:00:00+00:00,98809.84278091983
2030-10-21 10:00:00+00:00,98520.76663598434
2030-10-21 11:00:00+00:00,97944.24682945007
2030-10-21 12:00:00+00:00,95408.67436133452
2030-10-21 13:00:00+00:00,94303.13774197578
2030-10-21 14:00:00+00:00,85666.21463663748
2030-10-21 15:00:00+00:00,72009.39751141789
2030-10-21 16:00:00+00:00,72359.17822972787
2030-10-21 17:00:00+00:00,74546.84337333273
2030-10-21 18:00:00+00:00,72536.05656148575
2030-10-21 19:00:00+00:00,69381.15694922165
2030-10-21 20:00:00+00:00,66289.23870173075
2030-10-21 21:00:00+00:00,63955.548165712215
2030-10-21 22:00:00+00:00,64911.75139991526
2030-10-21 23:00:00+00:00,65100.60078038617
2030-10-22 00:00:00+00:00,65023.52100557859
2030-10-22 01:00:00+00:00,65253.568118792085
2030-10-22 02:00:00+00:00,65587.90969473094
2030-10-22 03:00:00+00:00,66532.58805528822
2030-10-22 04:00:00+00:00,69154.30627066
2030-10-22 05:00:00+00:00,75201.35237183176
2030-10-22 06:00:00+00:00,81210.63267134708
2030-10-22 07:00:00+00:00,95219.88066646148
2030-10-22 08:00:00+00:00,104482.98986424257
2030-10-22 09:00:00+00:00,122000.85538603054
2030-10-22 10:00:00+00:00,123181.80148825464
2030-10-22 11:00:00+00:00,122439.854377397
2030-10-22 12:00:00+00:00,120623.56350617774
2030-10-22 13:00:00+00:00,118375.64391814382
2030-10-22 14:00:00+00:00,92433.12142831234
2030-10-22 15:00:00+00:00,91371.17019580121
2030-10-22 16:00:00+00:00,93879.02684706409
2030-10-22 17:00:00+00:00,95695.61869520842
2030-10-22 18:00:00+00:00,93308.77702472144
2030-10-22 19:00:00+00:00,90211.29151581545
2030-10-22 20:00:00+00:00,86709.16139104463
2030-10-22 21:00:00+00:00,87642.47044025142
2030-10-22 22:00:00+00:00,93529.80295997333
2030-10-22 23:00:00+00:00,91716.05885796448
2030-10-23 00:00:00+00:00,87718.61822108937
2030-10-23 01:00:00+00:00,88052.9238386323
2030-10-23 02:00:00+00:00,89063.60668949844
2030-10-23 03:00:00+00:00,83578.33661289455
2030-10-23 04:00:00+00:00,86282.83805763823
2030-10-23 05:00:00+00:00,92874.6381228303
2030-10-23 06:00:00+00:00,96424.25009142331
2030-10-23 07:00:00+00:00,100589.2395909938
2030-10-23 08:00:00+00:00,114984.78099501095
2030-10-23 09:00:00+00:00,121597.98701933604
2030-10-23 10:00:00+00:00,122044.4978889989
2030-10-23 11:00:00+00:00,121563.89661718943
2030-10-23 12:00:00+00:00,119113.32539755054
2030-10-23 13:00:00+00:00,117238.28415289437
2030-10-23 14:00:00+00:00,113143.95050372291
2030-10-23 15:00:00+00:00,101589.50886296148
2030-10-23 16:00:00+00:00,93826.31440577038
2030-10-23 17:00:00+00:00,95697.1096964821
2030-10-23 18:00:00+00:00,93022.35881955069
2030-10-23 19:00:00+00:00,89897.59127896294
2030-10-23 20:00:00+00:00,90476.86938953662
2030-10-23 21:00:00+00:00,86133.49648620965
2030-10-23 22:00:00+00:00,84688.87017576695
2030-10-23 23:00:00+00:00,75971.8227437675
2030-10-24 00:00:00+00:00,76591.42590056483
2030-10-24 01:00:00+00:00,76217.50834644753
2030-10-24 02:00:00+00:00,78551.85280427238
2030-10-24 03:00:00+00:00,81743.58002430855
2030-10-24 04:00:00+00:00,87061.04015274724
2030-10-24 05:00:00+00:00,91856.7248752811
2030-10-24 06:00:00+00:00,92734.77040686064
2030-10-24 07:00:00+00:00,100448.22003599489
2030-10-24 08:00:00+00:00,99793.42411598848
2030-10-24 09:00:00+00:00,123209.15613767404
2030-10-24 10:00:00+00:00,123179.14899603906
2030-10-24 11:00:00+00:00,122474.2527179602
2030-10-24 12:00:00+00:00,120204.59186623544
2030-10-24 13:00:00+00:00,119821.48071538699
2030-10-24 14:00:00+00:00,97223.79513058704
2030-10-24 15:00:00+00:00,62606.79649194058
2030-10-24 16:00:00+00:00,65360.66521731211
2030-10-24 17:00:00+00:00,67006.2554868786
2030-10-24 18:00:00+00:00,64455.165247412624
2030-10-24 19:00:00+00:00,61045.159230258374
2030-10-24 20:00:00+00:00,57020.37657268975
2030-10-24 21:00:00+00:00,52960.05413352093
2030-10-24 22:00:00+00:00,49951.0889985698
2030-10-24 23:00:00+00:00,48686.29754747593
2030-10-25 00:00:00+00:00,47859.15082968753
2030-10-25 01:00:00+00:00,47717.07279509919
2030-10-25 02:00:00+00:00,49598.0139501951
2030-10-25 03:00:00+00:00,51949.982979087734
2030-10-25 04:00:00+00:00,57887.10898187357
2030-10-25 05:00:00+00:00,64119.625890967705
2030-10-25 06:00:00+00:00,67409.4533207064
2030-10-25 07:00:00+00:00,68418.54174041757
2030-10-25 08:00:00+00:00,79778.55177224337
2030-10-25 09:00:00+00:00,91861.10998965366
2030-10-25 10:00:00+00:00,94359.55565550331
2030-10-25 11:00:00+00:00,93420.74155963237
2030-10-25 12:00:00+00:00,88944.932910727
2030-10-25 13:00:00+00:00,82661.07824310784
2030-10-25 14:00:00+00:00,74577.30453284582
2030-10-25 15:00:00+00:00,67194.88150211252
2030-10-25 16:00:00+00:00,69653.95038244122
2030-10-25 17:00:00+00:00,70807.84608980177
2030-10-25 18:00:00+00:00,67814.53948063152
2030-10-25 19:00:00+00:00,63758.894218479414
2030-10-25 20:00:00+00:00,64718.14135659445
2030-10-25 21:00:00+00:00,66518.78454087087
2030-10-25 22:00:00+00:00,64903.05652190393
2030-10-25 23:00:00+00:00,65300.217058357375
2030-10-26 00:00:00+00:00,66364.9664073864
2030-10-26 01:00:00+00:00,62378.426058716206
2030-10-26 02:00:00+00:00,64492.910478403544
2030-10-26 03:00:00+00:00,64696.65918019102
2030-10-26 04:00:00+00:00,63032.5219060043
2030-10-26 05:00:00+00:00,64345.438774140675
2030-10-26 06:00:00+00:00,65539.79021273817
2030-10-26 07:00:00+00:00,106172.65004760488
2030-10-26 08:00:00+00:00,108486.75325603038
2030-10-26 09:00:00+00:00,109016.47186973898
2030-10-26 10:00:00+00:00,109999.02672043204
2030-10-26 11:00:00+00:00,109144.6681465349
2030-10-26 12:00:00+00:00,107064.03767479422
2030-10-26 13:00:00+00:00,105833.85759590619
2030-10-26 14:00:00+00:00,104302.07625414134
2030-10-26 15:00:00+00:00,105247.54589594847
2030-10-26 16:00:00+00:00,105617.8198938003
2030-10-26 17:00:00+00:00,108858.36025032273
2030-10-26 18:00:00+00:00,107345.94546420814
2030-10-26 19:00:00+00:00,104228.12083201748
2030-10-26 20:00:00+00:00,102897.04613747325
2030-10-26 21:00:00+00:00,100338.53057950462
2030-10-26 22:00:00+00:00,97175.269176697
2030-10-26 23:00:00+00:00,95693.10095083746
2030-10-27 00:00:00+00:00,94827.41591443456
2030-10-27 01:00:00+00:00,93855.67648535561
2030-10-27 02:00:00+00:00,94126.01770700577
2030-10-27 03:00:00+00:00,94737.68099401178
2030-10-27 04:00:00+00:00,95019.36284656139
2030-10-27 05:00:00+00:00,96282.89512638329
2030-10-27 06:00:00+00:00,98262.33464296252
2030-10-27 07:00:00+00:00,101687.03280256988
2030-10-27 08:00:00+00:00,104794.53853443536
2030-10-27 09:00:00+00:00,107152.62540447964
2030-10-27 10:00:00+00:00,108895.07202892852
2030-10-27 11:00:00+00:00,109661.91380970298
2030-10-27 12:00:00+00:00,108261.27933254528
2030-10-27 13:00:00+00:00,106409.13668931663
2030-10-27 14:00:00+00:00,104565.2346134019
2030-10-27 15:00:00+00:00,104340.73190290523
2030-10-27 16:00:00+00:00,100957.6904882819
2030-10-27 17:00:00+00:00,103948.83581054574
2030-10-27 18:00:00+00:00,104596.3259203845
2030-10-27 19:00:00+00:00,106342.48932814924
2030-10-27 20:00:00+00:00,104903.94984257295
2030-10-27 21:00:00+00:00,103620.10535812784
2030-10-27 22:00:00+00:00,101495.25343089152
2030-10-27 23:00:00+00:00,98816.89300029783
2030-10-28 00:00:00+00:00,97819.30785783374
2030-10-28 01:00:00+00:00,97853.96206471213
2030-10-28 02:00:00+00:00,97917.13765469953
2030-10-28 03:00:00+00:00,99376.694729255
2030-10-28 04:00:00+00:00,102618.47478104511
2030-10-28 05:00:00+00:00,108859.13325860098
2030-10-28 06:00:00+00:00,106795.9063821054
2030-10-28 07:00:00+00:00,113714.1252151388
2030-10-28 08:00:00+00:00,120221.26774751386
2030-10-28 09:00:00+00:00,120712.66075900622
2030-10-28 10:00:00+00:00,121632.0977707781
2030-10-28 11:00:00+00:00,121708.91657871932
2030-10-28 12:00:00+00:00,120852.60099214109
2030-10-28 13:00:00+00:00,118911.56013328077
2030-10-28 14:00:00+00:00,117848.85736530411
2030-10-28 15:00:00+00:00,107868.81183832148
2030-10-28 16:00:00+00:00,102389.78760025327
2030-10-28 17:00:00+00:00,104443.88988523032
2030-10-28 18:00:00+00:00,107694.17478820588
2030-10-28 19:00:00+00:00,110918.926393394
2030-10-28 20:00:00+00:00,113067.19191593534
2030-10-28 21:00:00+00:00,110057.64968766253
2030-10-28 22:00:00+00:00,106257.26864981485
2030-10-28 23:00:00+00:00,102435.32958453373
2030-10-29 00:00:00+00:00,103775.09130267604
2030-10-29 01:00:00+00:00,102588.95195152846
2030-10-29 02:00:00+00:00,103046.67704377417
2030-10-29 03:00:00+00:00,105665.64736549399
2030-10-29 04:00:00+00:00,108828.12910566696
2030-10-29 05:00:00+00:00,105945.82942985043
2030-10-29 06:00:00+00:00,103119.30579591167
2030-10-29 07:00:00+00:00,111123.33701418614
2030-10-29 08:00:00+00:00,122922.26981359109
2030-10-29 09:00:00+00:00,126892.93741629482
2030-10-29 10:00:00+00:00,125661.15181161028
2030-10-29 11:00:00+00:00,124903.25056885998
2030-10-29 12:00:00+00:00,124555.98987123255
2030-10-29 13:00:00+00:00,122697.1480641794
2030-10-29 14:00:00+00:00,115481.05278100492
2030-10-29 15:00:00+00:00,100089.75263183477
2030-10-29 16:00:00+00:00,76072.2493330307
2030-10-29 17:00:00+00:00,76730.65659718977
2030-10-29 18:00:00+00:00,79826.04622270711
2030-10-29 19:00:00+00:00,82555.53242897296
2030-10-29 20:00:00+00:00,76888.2911190072
2030-10-29 21:00:00+00:00,73379.00719946003
2030-10-29 22:00:00+00:00,74999.18181855067
2030-10-29 23:00:00+00:00,70548.1409830164
2030-10-30 00:00:00+00:00,71737.47201611691
2030-10-30 01:00:00+00:00,70360.47628317689
2030-10-30 02:00:00+00:00,73290.51215366698
2030-10-30 03:00:00+00:00,80259.49996141689
2030-10-30 04:00:00+00:00,87052.95179470218
2030-10-30 05:00:00+00:00,87953.52790802426
2030-10-30 06:00:00+00:00,85493.37649734793
2030-10-30 07:00:00+00:00,109379.04073226333
2030-10-30 08:00:00+00:00,138366.56150681968
2030-10-30 09:00:00+00:00,138940.74512525846
2030-10-30 10:00:00+00:00,139030.34836169708
2030-10-30 11:00:00+00:00,139289.9141765077
2030-10-30 12:00:00+00:00,139075.37594324388
2030-10-30 13:00:00+00:00,134480.41636160042
2030-10-30 14:00:00+00:00,109504.65395003783
2030-10-30 15:00:00+00:00,79269.0242617814
2030-10-30 16:00:00+00:00,72268.73192316305
2030-10-30 17:00:00+00:00,73671.44794625329
2030-10-30 18:00:00+00:00,76170.67347562741
2030-10-30 19:00:00+00:00,80166.11842773618
2030-10-30 20:00:00+00:00,82117.3323283943
2030-10-30 21:00:00+00:00,77810.12568861281
2030-10-30 22:00:00+00:00,69781.03333561977
2030-10-30 23:00:00+00:00,64975.15564673921
2030-10-31 00:00:00+00:00,71025.92654112418
2030-10-31 01:00:00+00:00,75803.98835154416
2030-10-31 02:00:00+00:00,76384.2924444718
2030-10-31 03:00:00+00:00,78411.3599368645
2030-10-31 04:00:00+00:00,81545.34966773762
2030-10-31 05:00:00+00:00,78553.14742309836
2030-10-31 06:00:00+00:00,74808.4283685787
2030-10-31 07:00:00+00:00,91681.5510803836
2030-10-31 08:00:00+00:00,107232.28057398244
2030-10-31 09:00:00+00:00,115642.69366692813
2030-10-31 10:00:00+00:00,136496.15931740974
2030-10-31 11:00:00+00:00,137311.48328525716
2030-10-31 12:00:00+00:00,123736.59339674457
2030-10-31 13:00:00+00:00,105905.6347615427
2030-10-31 14:00:00+00:00,95526.92408833947
2030-10-31 15:00:00+00:00,76050.15179711957
2030-10-31 16:00:00+00:00,69990.76182076488
2030-10-31 17:00:00+00:00,70789.85572539708
2030-10-31 18:00:00+00:00,73482.33691230734
2030-10-31 19:00:00+00:00,77028.76481369938
2030-10-31 20:00:00+00:00,79742.49845331784
2030-10-31 21:00:00+00:00,78906.44053895914
2030-10-31 22:00:00+00:00,73191.76430238588
2030-10-31 23:00:00+00:00,73365.35158382333
2030-11-01 00:00:00+00:00,71728.8822297742
2030-11-01 01:00:00+00:00,69125.86411060434
2030-11-01 02:00:00+00:00,66266.9811830235
2030-11-01 03:00:00+00:00,75824.29368274371
2030-11-01 04:00:00+00:00,78633.29015357702
2030-11-01 05:00:00+00:00,79664.28434522433
2030-11-01 06:00:00+00:00,74996.24597945367
2030-11-01 07:00:00+00:00,78989.7379926643
2030-11-01 08:00:00+00:00,86499.65219777207
2030-11-01 09:00:00+00:00,93880.39222451193
2030-11-01 10:00:00+00:00,98645.84783167031
2030-11-01 11:00:00+00:00,99913.67569446441
2030-11-01 12:00:00+00:00,96602.33999060365
2030-11-01 13:00:00+00:00,87962.7564796981
2030-11-01 14:00:00+00:00,78458.55353782972
2030-11-01 15:00:00+00:00,69670.70660452351
2030-11-01 16:00:00+00:00,66666.67932233868
2030-11-01 17:00:00+00:00,70090.31387551474
2030-11-01 18:00:00+00:00,72630.60753733592
2030-11-01 19:00:00+00:00,70063.94417074161
2030-11-01 20:00:00+00:00,65917.13870498157
2030-11-01 21:00:00+00:00,62299.860876698775
2030-11-01 22:00:00+00:00,54350.439134519314
2030-11-01 23:00:00+00:00,50937.55517427678
2030-11-02 00:00:00+00:00,45700.838349933285
2030-11-02 01:00:00+00:00,44590.87687161008
2030-11-02 02:00:00+00:00,46109.08823851021
2030-11-02 03:00:00+00:00,48712.66436176731
2030-11-02 04:00:00+00:00,55230.35825318119
2030-11-02 05:00:00+00:00,58050.84874460976
2030-11-02 06:00:00+00:00,58610.99577769112
2030-11-02 07:00:00+00:00,60166.594427287
2030-11-02 08:00:00+00:00,61471.07946694325
2030-11-02 09:00:00+00:00,61444.075507166235
2030-11-02 10:00:00+00:00,61806.06776140052
2030-11-02 11:00:00+00:00,63271.64415575303
2030-11-02 12:00:00+00:00,60293.03703771043
2030-11-02 13:00:00+00:00,65280.287381445116
2030-11-02 14:00:00+00:00,64825.322436638664
2030-11-02 15:00:00+00:00,66533.64262682862
2030-11-02 16:00:00+00:00,69838.3891964661
2030-11-02 17:00:00+00:00,73592.01818162797
2030-11-02 18:00:00+00:00,72986.75688732076
2030-11-02 19:00:00+00:00,69692.14898168723
2030-11-02 20:00:00+00:00,64272.2687476533
2030-11-02 21:00:00+00:00,59053.59739208699
2030-11-02 22:00:00+00:00,68910.33473318521
2030-11-02 23:00:00+00:00,72694.78499729278
2030-11-03 00:00:00+00:00,73345.28375397163
2030-11-03 01:00:00+00:00,78900.39900695416
2030-11-03 02:00:00+00:00,86587.39246293939
2030-11-03 03:00:00+00:00,95547.91215936374
2030-11-03 04:00:00+00:00,101221.06418618935
2030-11-03 05:00:00+00:00,104948.51060285734
2030-11-03 06:00:00+00:00,105614.2665722807
2030-11-03 07:00:00+00:00,116334.92548713597
2030-11-03 08:00:00+00:00,121043.05578782319
2030-11-03 09:00:00+00:00,123258.48875640487
2030-11-03 10:00:00+00:00,124234.9121620951
2030-11-03 11:00:00+00:00,124417.1753948869
2030-11-03 12:00:00+00:00,124151.51216903042
2030-11-03 13:00:00+00:00,119740.75535944322
2030-11-03 14:00:00+00:00,112617.83114672206
2030-11-03 15:00:00+00:00,100229.89208279003
2030-11-03 16:00:00+00:00,97852.68194750548
2030-11-03 17:00:00+00:00,99871.5085878986
2030-11-03 18:00:00+00:00,101045.4319193975
2030-11-03 19:00:00+00:00,102976.56062114814
2030-11-03 20:00:00+00:00,104953.61338456275
2030-11-03 21:00:00+00:00,106576.79110810833
2030-11-03 22:00:00+00:00,107657.33812282723
2030-11-03 23:00:00+00:00,104883.11375776079
2030-11-04 00:00:00+00:00,108285.78862946406
2030-11-04 01:00:00+00:00,100118.92939758446
2030-11-04 02:00:00+00:00,91720.33522011031
2030-11-04 03:00:00+00:00,89941.64100472475
2030-11-04 04:00:00+00:00,87146.69213671301
2030-11-04 05:00:00+00:00,86243.30342789694
2030-11-04 06:00:00+00:00,87877.59905261961
2030-11-04 07:00:00+00:00,103287.1837883944
2030-11-04 08:00:00+00:00,116976.8377820612
2030-11-04 09:00:00+00:00,122763.34246652274
2030-11-04 10:00:00+00:00,127911.43119279499
2030-11-04 11:00:00+00:00,128792.75013178872
2030-11-04 12:00:00+00:00,125653.20436762302
2030-11-04 13:00:00+00:00,117212.85110808011
2030-11-04 14:00:00+00:00,110497.155519214
2030-11-04 15:00:00+00:00,88783.38720508215
2030-11-04 16:00:00+00:00,75938.53167481192
2030-11-04 17:00:00+00:00,74421.23699213962
2030-11-04 18:00:00+00:00,77834.10649769397
2030-11-04 19:00:00+00:00,81323.14317931028
2030-11-04 20:00:00+00:00,83076.38018770705
2030-11-04 21:00:00+00:00,83790.27927354205
2030-11-04 22:00:00+00:00,83971.93494778303
2030-11-04 23:00:00+00:00,83988.03835334114
2030-11-05 00:00:00+00:00,84339.93286976169
2030-11-05 01:00:00+00:00,84095.89398687318
2030-11-05 02:00:00+00:00,84177.78885182348
2030-11-05 03:00:00+00:00,84431.90507521496
2030-11-05 04:00:00+00:00,83226.86433430456
2030-11-05 05:00:00+00:00,80433.74589857734
2030-11-05 06:00:00+00:00,77856.71015964985
2030-11-05 07:00:00+00:00,89675.71273790766
2030-11-05 08:00:00+00:00,116809.61130156387
2030-11-05 09:00:00+00:00,122107.83161713748
2030-11-05 10:00:00+00:00,125032.3512793659
2030-11-05 11:00:00+00:00,126089.43724622754
2030-11-05 12:00:00+00:00,127828.71052070256
2030-11-05 13:00:00+00:00,113225.4275179527
2030-11-05 14:00:00+00:00,91640.86161199839
2030-11-05 15:00:00+00:00,75386.92504009066
2030-11-05 16:00:00+00:00,72122.85726172838
2030-11-05 17:00:00+00:00,73346.08801078386
2030-11-05 18:00:00+00:00,76041.26651259887
2030-11-05 19:00:00+00:00,80203.3083239244
2030-11-05 20:00:00+00:00,83272.91694700925
2030-11-05 21:00:00+00:00,83498.50493406132
2030-11-05 22:00:00+00:00,84084.78993272316
2030-11-05 23:00:00+00:00,78155.9627182556
2030-11-06 00:00:00+00:00,78883.45112550377
2030-11-06 01:00:00+00:00,82585.79166312178
2030-11-06 02:00:00+00:00,85720.60947826032
2030-11-06 03:00:00+00:00,86153.9233860677
2030-11-06 04:00:00+00:00,85556.61228960962
2030-11-06 05:00:00+00:00,82621.00893938099
2030-11-06 06:00:00+00:00,80041.27470163078
2030-11-06 07:00:00+00:00,84931.52766977232
2030-11-06 08:00:00+00:00,79722.53542294184
2030-11-06 09:00:00+00:00,81883.24909269792
2030-11-06 10:00:00+00:00,97726.17454157602
2030-11-06 11:00:00+00:00,97043.57025520023
2030-11-06 12:00:00+00:00,95465.63398959753
2030-11-06 13:00:00+00:00,91667.77978797865
2030-11-06 14:00:00+00:00,85225.64595401176
2030-11-06 15:00:00+00:00,74645.32017056567
2030-11-06 16:00:00+00:00,73029.75483535959
2030-11-06 17:00:00+00:00,73655.57581628284
2030-11-06 18:00:00+00:00,76853.16638201156
2030-11-06 19:00:00+00:00,80664.55249745594
2030-11-06 20:00:00+00:00,83118.8962788896
2030-11-06 21:00:00+00:00,83865.97985762323
2030-11-06 22:00:00+00:00,84684.59273990201
2030-11-06 23:00:00+00:00,82849.70752926942
2030-11-07 00:00:00+00:00,77683.17222103573
2030-11-07 01:00:00+00:00,76998.03934735208
2030-11-07 02:00:00+00:00,78269.48435575732
2030-11-07 03:00:00+00:00,81121.77739943672
2030-11-07 04:00:00+00:00,85687.96852194853
2030-11-07 05:00:00+00:00,85447.87423892865
2030-11-07 06:00:00+00:00,85090.02336845231
2030-11-07 07:00:00+00:00,94244.75335983149
2030-11-07 08:00:00+00:00,108748.05756487923
2030-11-07 09:00:00+00:00,113514.60999255956
2030-11-07 10:00:00+00:00,115176.02895400237
2030-11-07 11:00:00+00:00,117703.60117293414
2030-11-07 12:00:00+00:00,119444.19880397481
2030-11-07 13:00:00+00:00,111491.4274270505
2030-11-07 14:00:00+00:00,88402.86757697849
2030-11-07 15:00:00+00:00,69692.00430470894
2030-11-07 16:00:00+00:00,71242.84902826592
2030-11-07 17:00:00+00:00,72133.27610036456
2030-11-07 18:00:00+00:00,70854.19927336212
2030-11-07 19:00:00+00:00,67581.87537398798
2030-11-07 20:00:00+00:00,63578.179014319285
2030-11-07 21:00:00+00:00,60009.769177449605
2030-11-07 22:00:00+00:00,55991.584366144365
2030-11-07 23:00:00+00:00,52276.08463302409
2030-11-08 00:00:00+00:00,51741.97965920069
2030-11-08 01:00:00+00:00,50450.25820677154
2030-11-08 02:00:00+00:00,50557.417547583944
2030-11-08 03:00:00+00:00,52110.52047198773
2030-11-08 04:00:00+00:00,55479.340293863104
2030-11-08 05:00:00+00:00,61869.93929446738
2030-11-08 06:00:00+00:00,68669.52435936374
2030-11-08 07:00:00+00:00,72064.93155593578
2030-11-08 08:00:00+00:00,77336.82568417162
2030-11-08 09:00:00+00:00,75773.44490172296
2030-11-08 10:00:00+00:00,75169.93795003345
2030-11-08 11:00:00+00:00,74517.26529735934
2030-11-08 12:00:00+00:00,73236.26245864837
2030-11-08 13:00:00+00:00,71296.29812542432
2030-11-08 14:00:00+00:00,69930.27453198808
2030-11-08 15:00:00+00:00,69975.20194173686
2030-11-08 16:00:00+00:00,71430.72037073235
2030-11-08 17:00:00+00:00,71298.55821078214
2030-11-08 18:00:00+00:00,69646.68465783943
2030-11-08 19:00:00+00:00,66601.32455869773
2030-11-08 20:00:00+00:00,62190.34240266012
2030-11-08 21:00:00+00:00,58836.085230192155
2030-11-08 22:00:00+00:00,55635.423591977735
2030-11-08 23:00:00+00:00,52136.33138237446
2030-11-09 00:00:00+00:00,58224.9741118191
2030-11-09 01:00:00+00:00,60146.118923893155
2030-11-09 02:00:00+00:00,72387.90120317094
2030-11-09 03:00:00+00:00,90017.45042072776
2030-11-09 04:00:00+00:00,97763.85952299836
2030-11-09 05:00:00+00:00,100652.4057539065
2030-11-09 06:00:00+00:00,102115.50282462055
2030-11-09 07:00:00+00:00,105093.57699349086
2030-11-09 08:00:00+00:00,109497.78224192341
2030-11-09 09:00:00+00:00,119273.58440526086
2030-11-09 10:00:00+00:00,121214.21878583188
2030-11-09 11:00:00+00:00,119118.91883462007
2030-11-09 12:00:00+00:00,116255.38134267894
2030-11-09 13:00:00+00:00,108368.25220563108
2030-11-09 14:00:00+00:00,106171.50018460215
2030-11-09 15:00:00+00:00,78021.67578146409
2030-11-09 16:00:00+00:00,74206.61157555936
2030-11-09 17:00:00+00:00,75447.27261338626
2030-11-09 18:00:00+00:00,74251.9116989339
2030-11-09 19:00:00+00:00,71468.4357890559
2030-11-09 20:00:00+00:00,66848.63696017466
2030-11-09 21:00:00+00:00,63899.12560632841
2030-11-09 22:00:00+00:00,57270.1932732577
2030-11-09 23:00:00+00:00,52056.19751589403
2030-11-10 00:00:00+00:00,59263.58017975422
2030-11-10 01:00:00+00:00,57544.40145173753
2030-11-10 02:00:00+00:00,58429.21102594426
2030-11-10 03:00:00+00:00,59388.08870041094
2030-11-10 04:00:00+00:00,61280.867580168706
2030-11-10 05:00:00+00:00,61643.34595225708
2030-11-10 06:00:00+00:00,62946.25915985557
2030-11-10 07:00:00+00:00,65297.199870552446
2030-11-10 08:00:00+00:00,68478.20082980616
2030-11-10 09:00:00+00:00,70936.52303001328
2030-11-10 10:00:00+00:00,72981.98761774489
2030-11-10 11:00:00+00:00,73582.22659546862
2030-11-10 12:00:00+00:00,72507.70228800693
2030-11-10 13:00:00+00:00,71654.08963419913
2030-11-10 14:00:00+00:00,70985.91235065533
2030-11-10 15:00:00+00:00,60759.93544906902
2030-11-10 16:00:00+00:00,63773.24469903388
2030-11-10 17:00:00+00:00,65408.93895485806
2030-11-10 18:00:00+00:00,64341.24971827501
2030-11-10 19:00:00+00:00,62164.0974564503
2030-11-10 20:00:00+00:00,59733.69529506797
2030-11-10 21:00:00+00:00,57254.049945119856
2030-11-10 22:00:00+00:00,53841.21643219627
2030-11-10 23:00:00+00:00,50721.77600559122
2030-11-11 00:00:00+00:00,49392.904655617065
2030-11-11 01:00:00+00:00,48880.233539733395
2030-11-11 02:00:00+00:00,49930.998246095136
2030-11-11 03:00:00+00:00,53020.27159159949
2030-11-11 04:00:00+00:00,56923.27678506519
2030-11-11 05:00:00+00:00,64878.27687857438
2030-11-11 06:00:00+00:00,72361.23972759895
2030-11-11 07:00:00+00:00,76113.27330098227
2030-11-11 08:00:00+00:00,77203.28502479744
2030-11-11 09:00:00+00:00,78871.28385724219
2030-11-11 10:00:00+00:00,78697.36788113635
2030-11-11 11:00:00+00:00,78917.8666813632
2030-11-11 12:00:00+00:00,79258.83609242523
2030-11-11 13:00:00+00:00,76969.82955731581
2030-11-11 14:00:00+00:00,76608.76773212262
2030-11-11 15:00:00+00:00,75847.89311933891
2030-11-11 16:00:00+00:00,77186.24160096899
2030-11-11 17:00:00+00:00,77171.40395926817
2030-11-11 18:00:00+00:00,76381.21799386511
2030-11-11 19:00:00+00:00,73788.80838873956
2030-11-11 20:00:00+00:00,70162.40847731425
2030-11-11 21:00:00+00:00,65918.6272016649
2030-11-11 22:00:00+00:00,60764.17722730226
2030-11-11 23:00:00+00:00,56446.24429053723
2030-11-12 00:00:00+00:00,55236.57696643843
2030-11-12 01:00:00+00:00,53743.451782794684
2030-11-12 02:00:00+00:00,54677.07324295008
2030-11-12 03:00:00+00:00,57089.72066888731
2030-11-12 04:00:00+00:00,59372.30270319685
2030-11-12 05:00:00+00:00,65346.27099320561
2030-11-12 06:00:00+00:00,71851.27047592853
2030-11-12 07:00:00+00:00,74660.29761084224
2030-11-12 08:00:00+00:00,79837.9794672898
2030-11-12 09:00:00+00:00,89079.70939026063
2030-11-12 10:00:00+00:00,89691.62698091021
2030-11-12 11:00:00+00:00,84041.54197551109
2030-11-12 12:00:00+00:00,78076.17199319502
2030-11-12 13:00:00+00:00,76200.44018941547
2030-11-12 14:00:00+00:00,75618.71636886339
2030-11-12 15:00:00+00:00,74787.52377875458
2030-11-12 16:00:00+00:00,76075.32313047056
2030-11-12 17:00:00+00:00,77490.05200864773
2030-11-12 18:00:00+00:00,76285.74271013276
2030-11-12 19:00:00+00:00,73106.34787081377
2030-11-12 20:00:00+00:00,69366.24235761713
2030-11-12 21:00:00+00:00,65052.20511534868
2030-11-12 22:00:00+00:00,60864.00603825008
2030-11-12 23:00:00+00:00,56545.90781183007
2030-11-13 00:00:00+00:00,54389.560752015524
2030-11-13 01:00:00+00:00,53203.91831243545
2030-11-13 02:00:00+00:00,54069.07795058272
2030-11-13 03:00:00+00:00,56505.39533038321
2030-11-13 04:00:00+00:00,59609.12203206094
2030-11-13 05:00:00+00:00,66317.12189595861
2030-11-13 06:00:00+00:00,72999.12131401012
2030-11-13 07:00:00+00:00,75839.12028671138
2030-11-13 08:00:00+00:00,76843.12662925056
2030-11-13 09:00:00+00:00,78000.71472694913
2030-11-13 10:00:00+00:00,78797.7727667324
2030-11-13 11:00:00+00:00,79377.1632828933
2030-11-13 12:00:00+00:00,79223.98492189383
2030-11-13 13:00:00+00:00,78435.49692868712
2030-11-13 14:00:00+00:00,78265.35468791961
2030-11-13 15:00:00+00:00,77220.88165351925
2030-11-13 16:00:00+00:00,78768.65027639504
2030-11-13 17:00:00+00:00,78913.33412468819
2030-11-13 18:00:00+00:00,77819.96496108739
2030-11-13 19:00:00+00:00,75040.03780045219
2030-11-13 20:00:00+00:00,71551.79720142296
2030-11-13 21:00:00+00:00,66473.17326597493
2030-11-13 22:00:00+00:00,61863.200825572
2030-11-13 23:00:00+00:00,57400.87049153415
2030-11-14 00:00:00+00:00,55905.45649739624
2030-11-14 01:00:00+00:00,55017.900130030255
2030-11-14 02:00:00+00:00,55349.36270786893
2030-11-14 03:00:00+00:00,57228.9182700712
2030-11-14 04:00:00+00:00,60327.112885976174
2030-11-14 05:00:00+00:00,66189.10258622865
2030-11-14 06:00:00+00:00,73403.10213757634
2030-11-14 07:00:00+00:00,77626.10066231788
2030-11-14 08:00:00+00:00,78089.10990838261
2030-11-14 09:00:00+00:00,79871.11227939649
2030-11-14 10:00:00+00:00,80708.114709208
2030-11-14 11:00:00+00:00,80151.11820169768
2030-11-14 12:00:00+00:00,79121.12046185296
2030-11-14 13:00:00+00:00,77542.1224252253
2030-11-14 14:00:00+00:00,76284.04480617403
2030-11-14 15:00:00+00:00,75403.0348499159
2030-11-14 16:00:00+00:00,76847.54508090943
2030-11-14 17:00:00+00:00,76970.83344216763
2030-11-14 18:00:00+00:00,75827.97776083557
2030-11-14 19:00:00+00:00,73195.65372013603
2030-11-14 20:00:00+00:00,69359.49376638638
2030-11-14 21:00:00+00:00,65076.79554513257
2030-11-14 22:00:00+00:00,60701.81685327438
2030-11-14 23:00:00+00:00,56259.74871762378
2030-11-15 00:00:00+00:00,54071.279305021286
2030-11-15 01:00:00+00:00,51519.42875101203
2030-11-15 02:00:00+00:00,52266.58701054363
2030-11-15 03:00:00+00:00,52473.74781686934
2030-11-15 04:00:00+00:00,55138.1154370736
2030-11-15 05:00:00+00:00,63616.284690505825
2030-11-15 06:00:00+00:00,68070.72094061557
2030-11-15 07:00:00+00:00,71601.33294719546
2030-11-15 08:00:00+00:00,75687.03221123168
2030-11-15 09:00:00+00:00,76375.04404734883
2030-11-15 10:00:00+00:00,77172.0558813971
2030-11-15 11:00:00+00:00,77381.06295910335
2030-11-15 12:00:00+00:00,76091.06601080758
2030-11-15 13:00:00+00:00,74501.07164879693
2030-11-15 14:00:00+00:00,73468.04193426468
2030-11-15 15:00:00+00:00,73090.20636076717
2030-11-15 16:00:00+00:00,75146.42711427627
2030-11-15 17:00:00+00:00,75605.23330355174
2030-11-15 18:00:00+00:00,74310.94680187287
2030-11-15 19:00:00+00:00,71398.98115340625
2030-11-15 20:00:00+00:00,68325.32041646657
2030-11-15 21:00:00+00:00,62547.574720767116
2030-11-15 22:00:00+00:00,60109.726695635516
2030-11-15 23:00:00+00:00,56424.59404378771
2030-11-16 00:00:00+00:00,54908.38040777675
2030-11-16 01:00:00+00:00,53827.68212461873
2030-11-16 02:00:00+00:00,54141.9297718771
2030-11-16 03:00:00+00:00,55207.62064628772
2030-11-16 04:00:00+00:00,55924.0251866395
2030-11-16 05:00:00+00:00,57243.024775810656
2030-11-16 06:00:00+00:00,58952.0246959238
2030-11-16 07:00:00+00:00,61305.02133793145
2030-11-16 08:00:00+00:00,64728.03080116265
2030-11-16 09:00:00+00:00,67724.04286012438
2030-11-16 10:00:00+00:00,69182.05151196555
2030-11-16 11:00:00+00:00,69142.03328448029
2030-11-16 12:00:00+00:00,68192.98223109932
2030-11-16 13:00:00+00:00,66538.06669346831
2030-11-16 14:00:00+00:00,64994.86247586393
2030-11-16 15:00:00+00:00,65233.03817197584
2030-11-16 16:00:00+00:00,68200.02028963079
2030-11-16 17:00:00+00:00,68421.00035939591
2030-11-16 18:00:00+00:00,66296.05135464222
2030-11-16 19:00:00+00:00,64810.047506047864
2030-11-16 20:00:00+00:00,61503.36540919838
2030-11-16 21:00:00+00:00,59504.18097094549
2030-11-16 22:00:00+00:00,56618.42696251713
2030-11-16 23:00:00+00:00,52076.14270316014
2030-11-17 00:00:00+00:00,50444.36310666328
2030-11-17 01:00:00+00:00,48919.44366471143
2030-11-17 02:00:00+00:00,49778.27714467009
2030-11-17 03:00:00+00:00,50606.44053576063
2030-11-17 04:00:00+00:00,50817.22217390883
2030-11-17 05:00:00+00:00,48463.52935001323
2030-11-17 06:00:00+00:00,50055.18684486354
2030-11-17 07:00:00+00:00,52967.18748601963
2030-11-17 08:00:00+00:00,56724.22949079311
2030-11-17 09:00:00+00:00,60450.2296193976
2030-11-17 10:00:00+00:00,62518.19962318904
2030-11-17 11:00:00+00:00,63937.92373456485
2030-11-17 12:00:00+00:00,63461.00612757611
2030-11-17 13:00:00+00:00,62652.41828080218
2030-11-17 14:00:00+00:00,61689.778469384284
2030-11-17 15:00:00+00:00,62214.98955204718
2030-11-17 16:00:00+00:00,64057.790705187086
2030-11-17 17:00:00+00:00,66466.86197990592
2030-11-17 18:00:00+00:00,64995.13290948026
2030-11-17 19:00:00+00:00,62577.69290024353
2030-11-17 20:00:00+00:00,60333.50200303995
2030-11-17 21:00:00+00:00,58467.87600055529
2030-11-17 22:00:00+00:00,55173.61537521341
2030-11-17 23:00:00+00:00,51356.61839454235
2030-11-18 00:00:00+00:00,49318.32535865371
2030-11-18 01:00:00+00:00,49223.9059342905
2030-11-18 02:00:00+00:00,49659.970620173604
2030-11-18 03:00:00+00:00,52290.676603987165
2030-11-18 04:00:00+00:00,55617.200262914674
2030-11-18 05:00:00+00:00,62868.199879971864
2030-11-18 06:00:00+00:00,69674.19916026405
2030-11-18 07:00:00+00:00,73058.1967815079
2030-11-18 08:00:00+00:00,75297.19709872064
2030-11-18 09:00:00+00:00,76815.2020340679
2030-11-18 10:00:00+00:00,77629.70673730316
2030-11-18 11:00:00+00:00,79886.80397362311
2030-11-18 12:00:00+00:00,79286.97144131313
2030-11-18 13:00:00+00:00,76565.80130100502
2030-11-18 14:00:00+00:00,74906.13912736964
2030-11-18 15:00:00+00:00,73750.22602108982
2030-11-18 16:00:00+00:00,76639.75604290876
2030-11-18 17:00:00+00:00,75804.87947884185
2030-11-18 18:00:00+00:00,73974.03819179705
2030-11-18 19:00:00+00:00,71303.65323715423
2030-11-18 20:00:00+00:00,67485.43507208544
2030-11-18 21:00:00+00:00,63984.477278927756
2030-11-18 22:00:00+00:00,61105.81392435102
2030-11-18 23:00:00+00:00,57055.70159298627
2030-11-19 00:00:00+00:00,54759.97980973897
2030-11-19 01:00:00+00:00,52044.43527752614
2030-11-19 02:00:00+00:00,52811.89776248723
2030-11-19 03:00:00+00:00,56271.03015032552
2030-11-19 04:00:00+00:00,58816.626268073094
2030-11-19 05:00:00+00:00,63160.23526673725
2030-11-19 06:00:00+00:00,69520.23375513505
2030-11-19 07:00:00+00:00,73369.23042169178
2030-11-19 08:00:00+00:00,78036.77784687099
2030-11-19 09:00:00+00:00,78014.87286430283
2030-11-19 10:00:00+00:00,80265.89481018168
2030-11-19 11:00:00+00:00,80478.77157222292
2030-11-19 12:00:00+00:00,79753.99173250396
2030-11-19 13:00:00+00:00,77873.58646395904
2030-11-19 14:00:00+00:00,76541.51000941529
2030-11-19 15:00:00+00:00,73774.98114514716
2030-11-19 16:00:00+00:00,75751.24033372721
2030-11-19 17:00:00+00:00,75200.40453033903
2030-11-19 18:00:00+00:00,74042.36074367022
2030-11-19 19:00:00+00:00,70805.32818054104
2030-11-19 20:00:00+00:00,67578.68756106248
2030-11-19 21:00:00+00:00,63088.25176285839
2030-11-19 22:00:00+00:00,59691.956634020265
2030-11-19 23:00:00+00:00,57083.64393296768
2030-11-20 00:00:00+00:00,55574.02749739094
2030-11-20 01:00:00+00:00,54736.27937523121
2030-11-20 02:00:00+00:00,55794.031685632275
2030-11-20 03:00:00+00:00,58150.86619784302
2030-11-20 04:00:00+00:00,59802.04076268292
2030-11-20 05:00:00+00:00,65918.69752868902
2030-11-20 06:00:00+00:00,71598.60204254265
2030-11-20 07:00:00+00:00,72097.6098671182
2030-11-20 08:00:00+00:00,76692.0750149255
2030-11-20 09:00:00+00:00,77108.0755438426
2030-11-20 10:00:00+00:00,78719.07848015532
2030-11-20 11:00:00+00:00,79817.0819365774
2030-11-20 12:00:00+00:00,79630.08379213317
2030-11-20 13:00:00+00:00,76802.08453543553
2030-11-20 14:00:00+00:00,77434.06842013533
2030-11-20 15:00:00+00:00,77244.06687624309
2030-11-20 16:00:00+00:00,79310.60714076167
2030-11-20 17:00:00+00:00,79777.45251953464
2030-11-20 18:00:00+00:00,78625.04496869758
2030-11-20 19:00:00+00:00,74545.29908405198
2030-11-20 20:00:00+00:00,70684.46745989978
2030-11-20 21:00:00+00:00,67070.66968169768
2030-11-20 22:00:00+00:00,62397.70315961033
2030-11-20 23:00:00+00:00,59648.1926415121
2030-11-21 00:00:00+00:00,58382.49652701421
2030-11-21 01:00:00+00:00,57336.60276548176
2030-11-21 02:00:00+00:00,57871.45934674615
2030-11-21 03:00:00+00:00,59039.82563018701
2030-11-21 04:00:00+00:00,61911.04998188888
2030-11-21 05:00:00+00:00,67829.93548780431
2030-11-21 06:00:00+00:00,74693.92845896466
2030-11-21 07:00:00+00:00,78254.91589951563
2030-11-21 08:00:00+00:00,79614.05098389696
2030-11-21 09:00:00+00:00,80833.06111161417
2030-11-21 10:00:00+00:00,81557.0701489179
2030-11-21 11:00:00+00:00,82601.07477532385
2030-11-21 12:00:00+00:00,80969.0780006695
2030-11-21 13:00:00+00:00,79327.08049642552
2030-11-21 14:00:00+00:00,78181.05875496646
2030-11-21 15:00:00+00:00,77582.1501306742
2030-11-21 16:00:00+00:00,79433.97252685594
2030-11-21 17:00:00+00:00,79101.38221394642
2030-11-21 18:00:00+00:00,77830.03999607344
2030-11-21 19:00:00+00:00,74533.03726741526
2030-11-21 20:00:00+00:00,70700.9230697219
2030-11-21 21:00:00+00:00,67333.90971175426
2030-11-21 22:00:00+00:00,62962.97387094875
2030-11-21 23:00:00+00:00,58962.62326214646
2030-11-22 00:00:00+00:00,56376.638591751005
2030-11-22 01:00:00+00:00,55598.90186095923
2030-11-22 02:00:00+00:00,56438.789825282656
2030-11-22 03:00:00+00:00,58279.89086632116
2030-11-22 04:00:00+00:00,60180.075560858066
2030-11-22 05:00:00+00:00,65861.07668703147
2030-11-22 06:00:00+00:00,73561.07754795134
2030-11-22 07:00:00+00:00,77551.07849253272
2030-11-22 08:00:00+00:00,78674.07861469041
2030-11-22 09:00:00+00:00,79174.08016385991
2030-11-22 10:00:00+00:00,80226.08308529196
2030-11-22 11:00:00+00:00,80856.08498963142
2030-11-22 12:00:00+00:00,80012.08595773573
2030-11-22 13:00:00+00:00,78056.08722362244
2030-11-22 14:00:00+00:00,78450.07257546141
2030-11-22 15:00:00+00:00,78136.45238620139
2030-11-22 16:00:00+00:00,79219.92040642811
2030-11-22 17:00:00+00:00,79264.06767363047
2030-11-22 18:00:00+00:00,76882.07131999804
2030-11-22 19:00:00+00:00,73745.78122363985
2030-11-22 20:00:00+00:00,69234.1944795001
2030-11-22 21:00:00+00:00,66338.91077408167
2030-11-22 22:00:00+00:00,63071.49909345797
2030-11-22 23:00:00+00:00,58599.080862706774
2030-11-23 00:00:00+00:00,56336.66424879574
2030-11-23 01:00:00+00:00,54717.67589796554
2030-11-23 02:00:00+00:00,54516.581046055435
2030-11-23 03:00:00+00:00,56126.99508105619
2030-11-23 04:00:00+00:00,56654.075928948434
2030-11-23 05:00:00+00:00,56982.07728177185
2030-11-23 06:00:00+00:00,59394.07665481771
2030-11-23 07:00:00+00:00,62236.076694267555
2030-11-23 08:00:00+00:00,66029.0764624431
2030-11-23 09:00:00+00:00,68597.07854693146
2030-11-23 10:00:00+00:00,69838.0381881155
2030-11-23 11:00:00+00:00,69440.4067939514
2030-11-23 12:00:00+00:00,68577.58895273585
2030-11-23 13:00:00+00:00,66671.90048060872
2030-11-23 14:00:00+00:00,65784.142060146
2030-11-23 15:00:00+00:00,66599.06836224844
2030-11-23 16:00:00+00:00,69784.76078634449
2030-11-23 17:00:00+00:00,71412.93734007158
2030-11-23 18:00:00+00:00,70372.1825056955
2030-11-23 19:00:00+00:00,68065.86637970227
2030-11-23 20:00:00+00:00,65779.52946427047
2030-11-23 21:00:00+00:00,63248.78127957725
2030-11-23 22:00:00+00:00,60512.49933394545
2030-11-23 23:00:00+00:00,56145.829079106195
2030-11-24 00:00:00+00:00,54375.691303851454
2030-11-24 01:00:00+00:00,52795.2232833627
2030-11-24 02:00:00+00:00,52784.25769064178
2030-11-24 03:00:00+00:00,53928.96562730463
2030-11-24 04:00:00+00:00,53877.17223953965
2030-11-24 05:00:00+00:00,54139.18042947648
2030-11-24 06:00:00+00:00,54991.18078695962
2030-11-24 07:00:00+00:00,57718.18088670656
2030-11-24 08:00:00+00:00,61441.18026261474
2030-11-24 09:00:00+00:00,64253.18060438604
2030-11-24 10:00:00+00:00,66182.18082315249
2030-11-24 11:00:00+00:00,67394.1813835277
2030-11-24 12:00:00+00:00,65885.18218231101
2030-11-24 13:00:00+00:00,64081.182889342526
2030-11-24 14:00:00+00:00,63178.1832488825
2030-11-24 15:00:00+00:00,64473.175454712095
2030-11-24 16:00:00+00:00,68244.17333579088
2030-11-24 17:00:00+00:00,69678.17182797285
2030-11-24 18:00:00+00:00,68692.1699280788
2030-11-24 19:00:00+00:00,66407.16774396456
2030-11-24 20:00:00+00:00,63685.247957564614
2030-11-24 21:00:00+00:00,62785.14247161349
2030-11-24 22:00:00+00:00,59775.27865020375
2030-11-24 23:00:00+00:00,56776.593486117825
2030-11-25 00:00:00+00:00,55717.65734604917
2030-11-25 01:00:00+00:00,54286.2616635275
2030-11-25 02:00:00+00:00,55133.40787115838
2030-11-25 03:00:00+00:00,56142.14931396976
2030-11-25 04:00:00+00:00,59466.14903836403
2030-11-25 05:00:00+00:00,66496.14793326252
2030-11-25 06:00:00+00:00,74432.14709153268
2030-11-25 07:00:00+00:00,78405.14570770947
2030-11-25 08:00:00+00:00,79389.15779735014
2030-11-25 09:00:00+00:00,84399.10592377296
2030-11-25 10:00:00+00:00,94466.80399239279
2030-11-25 11:00:00+00:00,95855.35357543683
2030-11-25 12:00:00+00:00,81717.88012086398
2030-11-25 13:00:00+00:00,77513.17488809902
2030-11-25 14:00:00+00:00,76944.16152609029
2030-11-25 15:00:00+00:00,76099.13120419825
2030-11-25 16:00:00+00:00,78809.39695065077
2030-11-25 17:00:00+00:00,79341.12151535333
2030-11-25 18:00:00+00:00,77568.11858386343
2030-11-25 19:00:00+00:00,74777.1156653456
2030-11-25 20:00:00+00:00,71207.11339007168
2030-11-25 21:00:00+00:00,67589.5151366695
2030-11-25 22:00:00+00:00,63160.20981112897
2030-11-25 23:00:00+00:00,58498.73536692407
2030-11-26 00:00:00+00:00,56454.399430114034
2030-11-26 01:00:00+00:00,55232.544710951486
2030-11-26 02:00:00+00:00,55882.884620060155
2030-11-26 03:00:00+00:00,57764.098651225184
2030-11-26 04:00:00+00:00,59981.10659349307
2030-11-26 05:00:00+00:00,66258.10403052268
2030-11-26 06:00:00+00:00,74026.10234008165
2030-11-26 07:00:00+00:00,77974.10237403092
2030-11-26 08:00:00+00:00,78604.12191464433
2030-11-26 09:00:00+00:00,79010.13131987512
2030-11-26 10:00:00+00:00,79400.14394341529
2030-11-26 11:00:00+00:00,78549.15178739402
2030-11-26 12:00:00+00:00,78871.15468950498
2030-11-26 13:00:00+00:00,76712.15744271294
2030-11-26 14:00:00+00:00,76559.13035132064
2030-11-26 15:00:00+00:00,75957.12458856487
2030-11-26 16:00:00+00:00,77647.61084619584
2030-11-26 17:00:00+00:00,76709.03925889205
2030-11-26 18:00:00+00:00,75936.10755858151
2030-11-26 19:00:00+00:00,73041.1045825312
2030-11-26 20:00:00+00:00,69978.10049381267
2030-11-26 21:00:00+00:00,65569.09804829622
2030-11-26 22:00:00+00:00,63147.89382349627
2030-11-26 23:00:00+00:00,59075.2623524703
2030-11-27 00:00:00+00:00,56462.46272132508
2030-11-27 01:00:00+00:00,55385.96918087299
2030-11-27 02:00:00+00:00,55869.88316783015
2030-11-27 03:00:00+00:00,56571.08724576184
2030-11-27 04:00:00+00:00,58963.09759830829
2030-11-27 05:00:00+00:00,65092.09706872514
2030-11-27 06:00:00+00:00,72446.09956238003
2030-11-27 07:00:00+00:00,74943.10133704277
2030-11-27 08:00:00+00:00,77255.08402484423
2030-11-27 09:00:00+00:00,77578.71768677406
2030-11-27 10:00:00+00:00,85771.74743977291
2030-11-27 11:00:00+00:00,91041.1936728148
2030-11-27 12:00:00+00:00,86517.8807021126
2030-11-27 13:00:00+00:00,76888.84192162368
2030-11-27 14:00:00+00:00,77049.60457155411
2030-11-27 15:00:00+00:00,76490.1017836298
2030-11-27 16:00:00+00:00,79269.33381958948
2030-11-27 17:00:00+00:00,80923.20229536621
2030-11-27 18:00:00+00:00,79946.78686867427
2030-11-27 19:00:00+00:00,77080.78325690448
2030-11-27 20:00:00+00:00,73108.77178501696
2030-11-27 21:00:00+00:00,70064.74829145212
2030-11-27 22:00:00+00:00,66137.54776166042
2030-11-27 23:00:00+00:00,61307.240845997585
2030-11-28 00:00:00+00:00,58498.18370809739
2030-11-28 01:00:00+00:00,57374.1324798136
2030-11-28 02:00:00+00:00,58080.82863141026
2030-11-28 03:00:00+00:00,60546.217616352325
2030-11-28 04:00:00+00:00,62562.95831128879
2030-11-28 05:00:00+00:00,67752.7842375912
2030-11-28 06:00:00+00:00,74578.78743456936
2030-11-28 07:00:00+00:00,78253.78769713317
2030-11-28 08:00:00+00:00,79546.49002827826
2030-11-28 09:00:00+00:00,80481.72326731324
2030-11-28 10:00:00+00:00,81526.49893146516
2030-11-28 11:00:00+00:00,80719.99486480975
2030-11-28 12:00:00+00:00,80265.3280597982
2030-11-28 13:00:00+00:00,78786.14224769983
2030-11-28 14:00:00+00:00,77721.72808695206
2030-11-28 15:00:00+00:00,78292.37089037841
2030-11-28 16:00:00+00:00,78439.49462684951
2030-11-28 17:00:00+00:00,78179.64035058173
2030-11-28 18:00:00+00:00,77061.76680793604
2030-11-28 19:00:00+00:00,74583.7685487283
2030-11-28 20:00:00+00:00,69901.79622980751
2030-11-28 21:00:00+00:00,66658.71524876631
2030-11-28 22:00:00+00:00,61637.078492793975
2030-11-28 23:00:00+00:00,57599.498336746
2030-11-29 00:00:00+00:00,55105.57934332345
2030-11-29 01:00:00+00:00,53884.237405713626
2030-11-29 02:00:00+00:00,54290.42887591245
2030-11-29 03:00:00+00:00,56946.713349136524
2030-11-29 04:00:00+00:00,59626.77303563872
2030-11-29 05:00:00+00:00,66174.78882471425
2030-11-29 06:00:00+00:00,72478.7916965275
2030-11-29 07:00:00+00:00,75576.78050327367
2030-11-29 08:00:00+00:00,76353.76626551026
2030-11-29 09:00:00+00:00,79871.95522715965
2030-11-29 10:00:00+00:00,86751.70447026388
2030-11-29 11:00:00+00:00,85788.07884773494
2030-11-29 12:00:00+00:00,81789.67122615303
2030-11-29 13:00:00+00:00,75771.88854643372
2030-11-29 14:00:00+00:00,72472.62666881812
2030-11-29 15:00:00+00:00,72524.45718928674
2030-11-29 16:00:00+00:00,74503.5417467437
2030-11-29 17:00:00+00:00,74114.97476109678
2030-11-29 18:00:00+00:00,75593.03930006729
2030-11-29 19:00:00+00:00,79363.45673433566
2030-11-29 20:00:00+00:00,79739.77898439116
2030-11-29 21:00:00+00:00,76289.7504128768
2030-11-29 22:00:00+00:00,72715.88193023215
2030-11-29 23:00:00+00:00,67442.36377623558
2030-11-30 00:00:00+00:00,66221.17189024475
2030-11-30 01:00:00+00:00,65087.562864547195
2030-11-30 02:00:00+00:00,66143.20847893186
2030-11-30 03:00:00+00:00,67312.7404015098
2030-11-30 04:00:00+00:00,68025.0873547835
2030-11-30 05:00:00+00:00,69374.90612912123
2030-11-30 06:00:00+00:00,61567.15648208556
2030-11-30 07:00:00+00:00,61577.12203171507
2030-11-30 08:00:00+00:00,78482.02458678537
2030-11-30 09:00:00+00:00,79052.6280785118
2030-11-30 10:00:00+00:00,81197.49123083592
2030-11-30 11:00:00+00:00,78681.6583569601
2030-11-30 12:00:00+00:00,66865.60664137638
2030-11-30 13:00:00+00:00,63483.987917422215
2030-11-30 14:00:00+00:00,63158.012137888945
2030-11-30 15:00:00+00:00,64002.01946698379
2030-11-30 16:00:00+00:00,66769.06595449093
2030-11-30 17:00:00+00:00,67569.11288420061
2030-11-30 18:00:00+00:00,67064.10764310222
2030-11-30 19:00:00+00:00,64777.10591908403
2030-11-30 20:00:00+00:00,62141.83306393195
2030-11-30 21:00:00+00:00,60178.66847995473
2030-11-30 22:00:00+00:00,56986.70539876343
2030-11-30 23:00:00+00:00,53973.89751905461
2030-12-01 00:00:00+00:00,51812.555674752606
2030-12-01 01:00:00+00:00,50762.18018218747
2030-12-01 02:00:00+00:00,54237.02579219036
2030-12-01 03:00:00+00:00,59572.590511273374
2030-12-01 04:00:00+00:00,64828.676745573044
2030-12-01 05:00:00+00:00,64627.26889985186
2030-12-01 06:00:00+00:00,65663.11112299358
2030-12-01 07:00:00+00:00,68237.12005922134
2030-12-01 08:00:00+00:00,72570.08752496488
2030-12-01 09:00:00+00:00,75526.31977131107
2030-12-01 10:00:00+00:00,77396.86793684699
2030-12-01 11:00:00+00:00,77685.62713363972
2030-12-01 12:00:00+00:00,76870.61356526887
2030-12-01 13:00:00+00:00,74801.26428482267
2030-12-01 14:00:00+00:00,73540.54322175974
2030-12-01 15:00:00+00:00,62842.18493316885
2030-12-01 16:00:00+00:00,66640.17781168004
2030-12-01 17:00:00+00:00,67905.17767413272
2030-12-01 18:00:00+00:00,67228.15267583082
2030-12-01 19:00:00+00:00,65313.1513616224
2030-12-01 20:00:00+00:00,63438.698328712926
2030-12-01 21:00:00+00:00,62441.677736791054
2030-12-01 22:00:00+00:00,59472.65577727619
2030-12-01 23:00:00+00:00,56010.22185525936
2030-12-02 00:00:00+00:00,55568.34060582092
2030-12-02 01:00:00+00:00,54092.217890841894
2030-12-02 02:00:00+00:00,54280.00392361142
2030-12-02 03:00:00+00:00,56500.847612451726
2030-12-02 04:00:00+00:00,59480.07857917721
2030-12-02 05:00:00+00:00,64765.07589496783
2030-12-02 06:00:00+00:00,73172.07376204687
2030-12-02 07:00:00+00:00,77025.07093957746
2030-12-02 08:00:00+00:00,78627.06821181017
2030-12-02 09:00:00+00:00,79862.08974059862
2030-12-02 10:00:00+00:00,80688.1379560734
2030-12-02 11:00:00+00:00,80557.14438801432
2030-12-02 12:00:00+00:00,80426.10403082435
2030-12-02 13:00:00+00:00,78101.1053492365
2030-12-02 14:00:00+00:00,77678.09744461936
2030-12-02 15:00:00+00:00,77167.09314170723
2030-12-02 16:00:00+00:00,78471.5156099417
2030-12-02 17:00:00+00:00,77649.07663262522
2030-12-02 18:00:00+00:00,76986.06930242962
2030-12-02 19:00:00+00:00,73741.06257747357
2030-12-02 20:00:00+00:00,69845.997075851
2030-12-02 21:00:00+00:00,66297.7679274157
2030-12-02 22:00:00+00:00,61703.71471349292
2030-12-02 23:00:00+00:00,57542.92085099498
2030-12-03 00:00:00+00:00,56357.03632286015
2030-12-03 01:00:00+00:00,55873.11480139242
2030-12-03 02:00:00+00:00,56544.84147807887
2030-12-03 03:00:00+00:00,57887.9886598649
2030-12-03 04:00:00+00:00,60502.972467033316
2030-12-03 05:00:00+00:00,67343.9133530012
2030-12-03 06:00:00+00:00,74937.64437425436
2030-12-03 07:00:00+00:00,78066.75222982983
2030-12-03 08:00:00+00:00,78932.13056576552
2030-12-03 09:00:00+00:00,80628.13609774508
2030-12-03 10:00:00+00:00,80569.16754655917
2030-12-03 11:00:00+00:00,81148.18299737475
2030-12-03 12:00:00+00:00,80734.1587681279
2030-12-03 13:00:00+00:00,79051.161545214
2030-12-03 14:00:00+00:00,77748.1390261839
2030-12-03 15:00:00+00:00,77634.13308012704
2030-12-03 16:00:00+00:00,78773.08781224533
2030-12-03 17:00:00+00:00,78279.79108201103
2030-12-03 18:00:00+00:00,76960.11667540134
2030-12-03 19:00:00+00:00,74515.1145971222
2030-12-03 20:00:00+00:00,71142.11295623297
2030-12-03 21:00:00+00:00,67793.11066721093
2030-12-03 22:00:00+00:00,64092.46452259532
2030-12-03 23:00:00+00:00,60264.3716092352
2030-12-04 00:00:00+00:00,57747.1633410263
2030-12-04 01:00:00+00:00,56985.34477745301
2030-12-04 02:00:00+00:00,57396.63255165896
2030-12-04 03:00:00+00:00,58670.15850469751
2030-12-04 04:00:00+00:00,61647.15984452219
2030-12-04 05:00:00+00:00,67723.16037727104
2030-12-04 06:00:00+00:00,74459.13103813188
2030-12-04 07:00:00+00:00,78411.13330093121
2030-12-04 08:00:00+00:00,90507.45909539165
2030-12-04 09:00:00+00:00,94826.80061040621
2030-12-04 10:00:00+00:00,96893.96848139046
2030-12-04 11:00:00+00:00,95217.81912999324
2030-12-04 12:00:00+00:00,91668.66905645475
2030-12-04 13:00:00+00:00,87350.01924560026
2030-12-04 14:00:00+00:00,81381.1464867195
2030-12-04 15:00:00+00:00,77695.10836542724
2030-12-04 16:00:00+00:00,79482.54801550931
2030-12-04 17:00:00+00:00,79436.5503870148
2030-12-04 18:00:00+00:00,80525.41627344601
2030-12-04 19:00:00+00:00,84850.08952192587
2030-12-04 20:00:00+00:00,86229.38646227906
2030-12-04 21:00:00+00:00,86151.19997277272
2030-12-04 22:00:00+00:00,79582.21326633763
2030-12-04 23:00:00+00:00,75077.80126237999
2030-12-05 00:00:00+00:00,77079.97147088895
2030-12-05 01:00:00+00:00,78930.64498835987
2030-12-05 02:00:00+00:00,80409.7091918187
2030-12-05 03:00:00+00:00,83892.01083957014
2030-12-05 04:00:00+00:00,87457.91532776183
2030-12-05 05:00:00+00:00,87127.01860532053
2030-12-05 06:00:00+00:00,87278.85518862566
2030-12-05 07:00:00+00:00,91719.10911796679
2030-12-05 08:00:00+00:00,118289.11908361774
2030-12-05 09:00:00+00:00,121889.59385165498
2030-12-05 10:00:00+00:00,123366.46416583928
2030-12-05 11:00:00+00:00,123575.49365844346
2030-12-05 12:00:00+00:00,119876.02695058215
2030-12-05 13:00:00+00:00,115574.76148501677
2030-12-05 14:00:00+00:00,110102.29815039992
2030-12-05 15:00:00+00:00,108802.94501833877
2030-12-05 16:00:00+00:00,110249.46137062987
2030-12-05 17:00:00+00:00,110472.6005095904
2030-12-05 18:00:00+00:00,108064.53988119579
2030-12-05 19:00:00+00:00,112379.29402150557
2030-12-05 20:00:00+00:00,114591.54532811423
2030-12-05 21:00:00+00:00,114753.03864947715
2030-12-05 22:00:00+00:00,115936.46497334348
2030-12-05 23:00:00+00:00,116751.97316677248
2030-12-06 00:00:00+00:00,117225.76765142256
2030-12-06 01:00:00+00:00,117566.69615395163
2030-12-06 02:00:00+00:00,116796.41422213665
2030-12-06 03:00:00+00:00,116495.43086019455
2030-12-06 04:00:00+00:00,116025.25252607136
2030-12-06 05:00:00+00:00,113199.56516689653
2030-12-06 06:00:00+00:00,110428.93979705486
2030-12-06 07:00:00+00:00,108676.56197688488
2030-12-06 08:00:00+00:00,121706.31073891668
2030-12-06 09:00:00+00:00,123880.36187702029
2030-12-06 10:00:00+00:00,123904.6752319352
2030-12-06 11:00:00+00:00,122012.24567240312
2030-12-06 12:00:00+00:00,117753.72547974967
2030-12-06 13:00:00+00:00,109996.84812885898
2030-12-06 14:00:00+00:00,103433.24299063746
2030-12-06 15:00:00+00:00,103878.73068926143
2030-12-06 16:00:00+00:00,104813.7454426609
2030-12-06 17:00:00+00:00,103549.74918438657
2030-12-06 18:00:00+00:00,103054.43141307292
2030-12-06 19:00:00+00:00,106486.62783467904
2030-12-06 20:00:00+00:00,108436.40800201593
2030-12-06 21:00:00+00:00,108687.41563317795
2030-12-06 22:00:00+00:00,108951.91531600442
2030-12-06 23:00:00+00:00,109677.7787083819
2030-12-07 00:00:00+00:00,110037.44210513313
2030-12-07 01:00:00+00:00,110864.967909984
2030-12-07 02:00:00+00:00,111749.99756111606
2030-12-07 03:00:00+00:00,111616.36358820862
2030-12-07 04:00:00+00:00,110938.76203237442
2030-12-07 05:00:00+00:00,102237.44464871685
2030-12-07 06:00:00+00:00,97358.07068328245
2030-12-07 07:00:00+00:00,91450.26035966317
2030-12-07 08:00:00+00:00,113072.87667465348
2030-12-07 09:00:00+00:00,109177.45774311584
2030-12-07 10:00:00+00:00,96158.02367631992
2030-12-07 11:00:00+00:00,101361.07190152475
2030-12-07 12:00:00+00:00,92482.32345178159
2030-12-07 13:00:00+00:00,81791.19136945551
2030-12-07 14:00:00+00:00,77624.65171753947
2030-12-07 15:00:00+00:00,76687.47982161026
2030-12-07 16:00:00+00:00,78617.41739219442
2030-12-07 17:00:00+00:00,80285.19664960417
2030-12-07 18:00:00+00:00,79370.93961621023
2030-12-07 19:00:00+00:00,75790.05015200196
2030-12-07 20:00:00+00:00,72944.69270815288
2030-12-07 21:00:00+00:00,70575.6473106389
2030-12-07 22:00:00+00:00,67626.22759006602
2030-12-07 23:00:00+00:00,64001.98693663209
2030-12-08 00:00:00+00:00,60452.35276477772
2030-12-08 01:00:00+00:00,59112.54822896232
2030-12-08 02:00:00+00:00,60044.332052411424
2030-12-08 03:00:00+00:00,62242.63083812867
2030-12-08 04:00:00+00:00,62903.77685690626
2030-12-08 05:00:00+00:00,63893.829434235624
2030-12-08 06:00:00+00:00,72605.9489122247
2030-12-08 07:00:00+00:00,75489.95782671314
2030-12-08 08:00:00+00:00,86393.09762721676
2030-12-08 09:00:00+00:00,95210.95693418552
2030-12-08 10:00:00+00:00,98752.1265311203
2030-12-08 11:00:00+00:00,104544.4755048962
2030-12-08 12:00:00+00:00,105624.76765234095
2030-12-08 13:00:00+00:00,101586.83956958621
2030-12-08 14:00:00+00:00,92858.91365336126
2030-12-08 15:00:00+00:00,86786.7265178938
2030-12-08 16:00:00+00:00,89730.40932700726
2030-12-08 17:00:00+00:00,92403.6621879405
2030-12-08 18:00:00+00:00,94504.29273974174
2030-12-08 19:00:00+00:00,96551.78016586992
2030-12-08 20:00:00+00:00,98087.15848247477
2030-12-08 21:00:00+00:00,100327.55993936522
2030-12-08 22:00:00+00:00,98095.51418056378
2030-12-08 23:00:00+00:00,94471.20952672516
2030-12-09 00:00:00+00:00,89363.67551119841
2030-12-09 01:00:00+00:00,94986.55948105361
2030-12-09 02:00:00+00:00,104694.40316267879
2030-12-09 03:00:00+00:00,105023.01728165633
2030-12-09 04:00:00+00:00,103555.85965316139
2030-12-09 05:00:00+00:00,100224.92215784857
2030-12-09 06:00:00+00:00,96944.40003271631
2030-12-09 07:00:00+00:00,94851.34810102201
2030-12-09 08:00:00+00:00,107481.41258294025
2030-12-09 09:00:00+00:00,114768.69802134036
2030-12-09 10:00:00+00:00,114062.1552779966
2030-12-09 11:00:00+00:00,113024.40818989
2030-12-09 12:00:00+00:00,107503.60842558663
2030-12-09 13:00:00+00:00,97987.6976777053
2030-12-09 14:00:00+00:00,80396.72660554046
2030-12-09 15:00:00+00:00,80531.01281795221
2030-12-09 16:00:00+00:00,80985.90190691999
2030-12-09 17:00:00+00:00,80801.64001121919
2030-12-09 18:00:00+00:00,80621.55906952551
2030-12-09 19:00:00+00:00,77571.15055200622
2030-12-09 20:00:00+00:00,72975.71847620283
2030-12-09 21:00:00+00:00,68378.87756838031
2030-12-09 22:00:00+00:00,63268.85336250856
2030-12-09 23:00:00+00:00,59317.23641458127
2030-12-10 00:00:00+00:00,57841.38611540138
2030-12-10 01:00:00+00:00,57092.0684170511
2030-12-10 02:00:00+00:00,56441.9818554563
2030-12-10 03:00:00+00:00,58174.48054198474
2030-12-10 04:00:00+00:00,60907.09082117309
2030-12-10 05:00:00+00:00,68272.09062521272
2030-12-10 06:00:00+00:00,75097.08928144939
2030-12-10 07:00:00+00:00,78241.08873552717
2030-12-10 08:00:00+00:00,79545.09644347329
2030-12-10 09:00:00+00:00,80375.09775023174
2030-12-10 10:00:00+00:00,80600.46413067867
2030-12-10 11:00:00+00:00,80914.89854852433
2030-12-10 12:00:00+00:00,81627.46530526047
2030-12-10 13:00:00+00:00,80096.17068860879
2030-12-10 14:00:00+00:00,79124.3971680743
2030-12-10 15:00:00+00:00,78981.20869094902
2030-12-10 16:00:00+00:00,80059.55772362812
2030-12-10 17:00:00+00:00,79410.76998469519
2030-12-10 18:00:00+00:00,78098.69287701143
2030-12-10 19:00:00+00:00,75156.52902975563
2030-12-10 20:00:00+00:00,71123.09498901493
2030-12-10 21:00:00+00:00,66814.14192285738
2030-12-10 22:00:00+00:00,62131.991301799
2030-12-10 23:00:00+00:00,58174.612831353836
2030-12-11 00:00:00+00:00,57132.423057436274
2030-12-11 01:00:00+00:00,56521.45513560307
2030-12-11 02:00:00+00:00,56479.29047040712
2030-12-11 03:00:00+00:00,58247.41729174231
2030-12-11 04:00:00+00:00,61015.03975859008
2030-12-11 05:00:00+00:00,67104.035657419
2030-12-11 06:00:00+00:00,74248.03321540129
2030-12-11 07:00:00+00:00,77723.02953793884
2030-12-11 08:00:00+00:00,78621.02729719113
2030-12-11 09:00:00+00:00,79368.06694947647
2030-12-11 10:00:00+00:00,79966.07309554935
2030-12-11 11:00:00+00:00,79625.07519577646
2030-12-11 12:00:00+00:00,79134.07771337662
2030-12-11 13:00:00+00:00,78054.06052896437
2030-12-11 14:00:00+00:00,77929.0606675971
2030-12-11 15:00:00+00:00,77824.67428928895
2030-12-11 16:00:00+00:00,78579.83412547263
2030-12-11 17:00:00+00:00,78170.62278660745
2030-12-11 18:00:00+00:00,77479.02859445482
2030-12-11 19:00:00+00:00,75068.01993048032
2030-12-11 20:00:00+00:00,71463.08602391102
2030-12-11 21:00:00+00:00,68560.47154719284
2030-12-11 22:00:00+00:00,63496.35793184991
2030-12-11 23:00:00+00:00,59209.48773225972
2030-12-12 00:00:00+00:00,57539.275581011854
2030-12-12 01:00:00+00:00,56416.77132841321
2030-12-12 02:00:00+00:00,57257.31664589713
2030-12-12 03:00:00+00:00,58393.78294878084
2030-12-12 04:00:00+00:00,61003.09408195692
2030-12-12 05:00:00+00:00,62981.71346964522
2030-12-12 06:00:00+00:00,69483.49772142412
2030-12-12 07:00:00+00:00,73584.41518015965
2030-12-12 08:00:00+00:00,76915.12065507763
2030-12-12 09:00:00+00:00,78043.12122159828
2030-12-12 10:00:00+00:00,78789.10428418306
2030-12-12 11:00:00+00:00,78601.12877195189
2030-12-12 12:00:00+00:00,78478.13259993603
2030-12-12 13:00:00+00:00,77207.13535907504
2030-12-12 14:00:00+00:00,76478.11119496363
2030-12-12 15:00:00+00:00,76000.78794426373
2030-12-12 16:00:00+00:00,76795.28616528292
2030-12-12 17:00:00+00:00,76453.68709233316
2030-12-12 18:00:00+00:00,75447.10262840342
2030-12-12 19:00:00+00:00,72912.12433727966
2030-12-12 20:00:00+00:00,69857.1218735138
2030-12-12 21:00:00+00:00,66922.17075167378
2030-12-12 22:00:00+00:00,63200.552692714904
2030-12-12 23:00:00+00:00,59129.83652381062
2030-12-13 00:00:00+00:00,57419.94857466418
2030-12-13 01:00:00+00:00,56193.7113785605
2030-12-13 02:00:00+00:00,57358.91801324418
2030-12-13 03:00:00+00:00,58549.11507742596
2030-12-13 04:00:00+00:00,60234.11526391345
2030-12-13 05:00:00+00:00,65792.13184777486
2030-12-13 06:00:00+00:00,72589.09132025181
2030-12-13 07:00:00+00:00,76664.09073351679
2030-12-13 08:00:00+00:00,77400.11111566154
2030-12-13 09:00:00+00:00,77705.11121450356
2030-12-13 10:00:00+00:00,78476.11625628476
2030-12-13 11:00:00+00:00,78723.12157541288
2030-12-13 12:00:00+00:00,77249.12593937268
2030-12-13 13:00:00+00:00,75432.13040334484
2030-12-13 14:00:00+00:00,74763.10863520135
2030-12-13 15:00:00+00:00,74648.92824955536
2030-12-13 16:00:00+00:00,75731.9844727929
2030-12-13 17:00:00+00:00,74944.77332769206
2030-12-13 18:00:00+00:00,73260.09877758588
2030-12-13 19:00:00+00:00,71004.097004188
2030-12-13 20:00:00+00:00,67578.09499597717
2030-12-13 21:00:00+00:00,65714.09291220465
2030-12-13 22:00:00+00:00,62658.45922514666
2030-12-13 23:00:00+00:00,58260.843355444165
2030-12-14 00:00:00+00:00,55941.08181045932
2030-12-14 01:00:00+00:00,54033.85864140124
2030-12-14 02:00:00+00:00,53968.337221172114
2030-12-14 03:00:00+00:00,54181.16302155518
2030-12-14 04:00:00+00:00,54559.163936566896
2030-12-14 05:00:00+00:00,55974.16220674848
2030-12-14 06:00:00+00:00,58084.15320096059
2030-12-14 07:00:00+00:00,61346.152768187036
2030-12-14 08:00:00+00:00,64729.16867977714
2030-12-14 09:00:00+00:00,66871.16956195538
2030-12-14 10:00:00+00:00,67990.17284926935
2030-12-14 11:00:00+00:00,69458.17472619798
2030-12-14 12:00:00+00:00,68374.17679725184
2030-12-14 13:00:00+00:00,67063.17462891125
2030-12-14 14:00:00+00:00,67480.1714937586
2030-12-14 15:00:00+00:00,68321.17219969147
2030-12-14 16:00:00+00:00,69014.1723940122
2030-12-14 17:00:00+00:00,69198.17244594885
2030-12-14 18:00:00+00:00,67840.17261092758
2030-12-14 19:00:00+00:00,65839.1771421866
2030-12-14 20:00:00+00:00,65773.83720209514
2030-12-14 21:00:00+00:00,70823.58815234009
2030-12-14 22:00:00+00:00,77543.04894461232
2030-12-14 23:00:00+00:00,81656.03113810456
2030-12-15 00:00:00+00:00,87328.82748751181
2030-12-15 01:00:00+00:00,88575.65249428831
2030-12-15 02:00:00+00:00,90552.63958025811
2030-12-15 03:00:00+00:00,93841.04574885091
2030-12-15 04:00:00+00:00,98034.37775486441
2030-12-15 05:00:00+00:00,99037.1366240931
2030-12-15 06:00:00+00:00,100203.0611257893
2030-12-15 07:00:00+00:00,98590.19966359691
2030-12-15 08:00:00+00:00,113517.31026748603
2030-12-15 09:00:00+00:00,112704.99744568169
2030-12-15 10:00:00+00:00,109956.16792363548
2030-12-15 11:00:00+00:00,111469.50318297005
2030-12-15 12:00:00+00:00,111148.05224382142
2030-12-15 13:00:00+00:00,100238.96755789904
2030-12-15 14:00:00+00:00,87138.45304812756
2030-12-15 15:00:00+00:00,79981.59764404298
2030-12-15 16:00:00+00:00,81392.13439867453
2030-12-15 17:00:00+00:00,81751.11843255255
2030-12-15 18:00:00+00:00,82817.40342215671
2030-12-15 19:00:00+00:00,84682.70050531623
2030-12-15 20:00:00+00:00,85716.51872715486
2030-12-15 21:00:00+00:00,86465.37912633858
2030-12-15 22:00:00+00:00,88405.86548958029
2030-12-15 23:00:00+00:00,87960.06505164134
2030-12-16 00:00:00+00:00,88664.37985868906
2030-12-16 01:00:00+00:00,88341.57865006608
2030-12-16 02:00:00+00:00,89834.22364125116
2030-12-16 03:00:00+00:00,92388.55167757103
2030-12-16 04:00:00+00:00,94514.03846164941
2030-12-16 05:00:00+00:00,93566.78727417941
2030-12-16 06:00:00+00:00,89184.35114501796
2030-12-16 07:00:00+00:00,89118.40781606323
2030-12-16 08:00:00+00:00,121076.61503572279
2030-12-16 09:00:00+00:00,147742.50593977375
2030-12-16 10:00:00+00:00,147557.81003032107
2030-12-16 11:00:00+00:00,147141.54696329794
2030-12-16 12:00:00+00:00,148210.37724965808
2030-12-16 13:00:00+00:00,136122.85085895652
2030-12-16 14:00:00+00:00,105592.49252775902
2030-12-16 15:00:00+00:00,85960.22682838929
2030-12-16 16:00:00+00:00,86376.92099109292
2030-12-16 17:00:00+00:00,87347.65066335155
2030-12-16 18:00:00+00:00,89181.59806339035
2030-12-16 19:00:00+00:00,91360.14903780929
2030-12-16 20:00:00+00:00,90791.72094934408
2030-12-16 21:00:00+00:00,87844.99263126726
2030-12-16 22:00:00+00:00,82636.3509591852
2030-12-16 23:00:00+00:00,77052.68155095947
2030-12-17 00:00:00+00:00,74658.26927835809
2030-12-17 01:00:00+00:00,72361.62736430918
2030-12-17 02:00:00+00:00,73546.46107900895
2030-12-17 03:00:00+00:00,77350.50122234771
2030-12-17 04:00:00+00:00,82976.25745419259
2030-12-17 05:00:00+00:00,83822.56552321688
2030-12-17 06:00:00+00:00,80532.19869156445
2030-12-17 07:00:00+00:00,78690.84576013914
2030-12-17 08:00:00+00:00,98870.61409926967
2030-12-17 09:00:00+00:00,107097.81286683516
2030-12-17 10:00:00+00:00,107136.24997605852
2030-12-17 11:00:00+00:00,105701.55662973222
2030-12-17 12:00:00+00:00,104257.66035750293
2030-12-17 13:00:00+00:00,80025.73699865
2030-12-17 14:00:00+00:00,74571.11932046239
2030-12-17 15:00:00+00:00,73492.11646303504
2030-12-17 16:00:00+00:00,75408.94191314737
2030-12-17 17:00:00+00:00,75911.0640141859
2030-12-17 18:00:00+00:00,73949.10636364015
2030-12-17 19:00:00+00:00,70755.1044530859
2030-12-17 20:00:00+00:00,67086.88843744557
2030-12-17 21:00:00+00:00,63815.631846286655
2030-12-17 22:00:00+00:00,58743.642775047076
2030-12-17 23:00:00+00:00,54612.47434239927
2030-12-18 00:00:00+00:00,53077.9480892508
2030-12-18 01:00:00+00:00,52491.69283612925
2030-12-18 02:00:00+00:00,53570.40476803904
2030-12-18 03:00:00+00:00,55551.07312906906
2030-12-18 04:00:00+00:00,58605.17227341067
2030-12-18 05:00:00+00:00,63156.172805733724
2030-12-18 06:00:00+00:00,69528.15214505295
2030-12-18 07:00:00+00:00,73774.15312405534
2030-12-18 08:00:00+00:00,88888.04927894066
2030-12-18 09:00:00+00:00,96454.54019905762
2030-12-18 10:00:00+00:00,95972.27094137497
2030-12-18 11:00:00+00:00,95896.86115063191
2030-12-18 12:00:00+00:00,95690.10373049261
2030-12-18 13:00:00+00:00,93880.47701514738
2030-12-18 14:00:00+00:00,74573.31600555591
2030-12-18 15:00:00+00:00,74619.8353180904
2030-12-18 16:00:00+00:00,75590.44261101968
2030-12-18 17:00:00+00:00,76016.04316096622
2030-12-18 18:00:00+00:00,78370.93766973352
2030-12-18 19:00:00+00:00,75412.08318842395
2030-12-18 20:00:00+00:00,80369.66816962935
2030-12-18 21:00:00+00:00,80291.92956977332
2030-12-18 22:00:00+00:00,80306.89075456787
2030-12-18 23:00:00+00:00,76854.199475348
2030-12-19 00:00:00+00:00,74122.49912585845
2030-12-19 01:00:00+00:00,73220.9434161667
2030-12-19 02:00:00+00:00,75156.79895675083
2030-12-19 03:00:00+00:00,80992.12164204192
2030-12-19 04:00:00+00:00,85601.10336567578
2030-12-19 05:00:00+00:00,82918.83065136339
2030-12-19 06:00:00+00:00,78701.95757644388
2030-12-19 07:00:00+00:00,77629.7563828279
2030-12-19 08:00:00+00:00,83319.1796327921
2030-12-19 09:00:00+00:00,87713.11327113835
2030-12-19 10:00:00+00:00,89936.1588468296
2030-12-19 11:00:00+00:00,90328.25753429864
2030-12-19 12:00:00+00:00,89238.1759423448
2030-12-19 13:00:00+00:00,84228.02150811924
2030-12-19 14:00:00+00:00,78628.63291658304
2030-12-19 15:00:00+00:00,72652.67059916214
2030-12-19 16:00:00+00:00,72219.97820710315
2030-12-19 17:00:00+00:00,72609.88067607832
2030-12-19 18:00:00+00:00,75946.61594149513
2030-12-19 19:00:00+00:00,79913.40023465885
2030-12-19 20:00:00+00:00,82963.81784431575
2030-12-19 21:00:00+00:00,78159.35412717453
2030-12-19 22:00:00+00:00,72743.9393432565
2030-12-19 23:00:00+00:00,67503.88564319198
2030-12-20 00:00:00+00:00,68495.7522732898
2030-12-20 01:00:00+00:00,68108.89620738785
2030-12-20 02:00:00+00:00,70549.66347710106
2030-12-20 03:00:00+00:00,74816.11812225796
2030-12-20 04:00:00+00:00,82336.00414349712
2030-12-20 05:00:00+00:00,85958.52505213207
2030-12-20 06:00:00+00:00,81244.71617617278
2030-12-20 07:00:00+00:00,79435.59434115801
2030-12-20 08:00:00+00:00,86915.89054693142
2030-12-20 09:00:00+00:00,93839.34618622475
2030-12-20 10:00:00+00:00,99669.22589288378
2030-12-20 11:00:00+00:00,104758.79798532181
2030-12-20 12:00:00+00:00,104780.35595092914
2030-12-20 13:00:00+00:00,93563.79265801892
2030-12-20 14:00:00+00:00,78246.99107180798
2030-12-20 15:00:00+00:00,70903.3711340087
2030-12-20 16:00:00+00:00,71952.79016659697
2030-12-20 17:00:00+00:00,74779.91402123863
2030-12-20 18:00:00+00:00,79966.6009628788
2030-12-20 19:00:00+00:00,82460.81684164164
2030-12-20 20:00:00+00:00,87635.65075229056
2030-12-20 21:00:00+00:00,89947.16379611628
2030-12-20 22:00:00+00:00,95211.82797658388
2030-12-20 23:00:00+00:00,95322.55950174134
2030-12-21 00:00:00+00:00,96433.73718459497
2030-12-21 01:00:00+00:00,96592.28028767617
2030-12-21 02:00:00+00:00,97424.81854578322
2030-12-21 03:00:00+00:00,99471.3745815329
2030-12-21 04:00:00+00:00,103613.25483003186
2030-12-21 05:00:00+00:00,108146.80562918844
2030-12-21 06:00:00+00:00,110836.87579315688
2030-12-21 07:00:00+00:00,110236.76701134711
2030-12-21 08:00:00+00:00,117789.95304441854
2030-12-21 09:00:00+00:00,122370.7056309228
2030-12-21 10:00:00+00:00,125746.91867229689
2030-12-21 11:00:00+00:00,126246.72253427247
2030-12-21 12:00:00+00:00,124307.01934258947
2030-12-21 13:00:00+00:00,119102.35063183197
2030-12-21 14:00:00+00:00,110515.60458620102
2030-12-21 15:00:00+00:00,105581.97026789986
2030-12-21 16:00:00+00:00,107118.59470714917
2030-12-21 17:00:00+00:00,108402.66362289409
2030-12-21 18:00:00+00:00,110398.81243295691
2030-12-21 19:00:00+00:00,112378.78612026318
2030-12-21 20:00:00+00:00,113044.14950214885
2030-12-21 21:00:00+00:00,112934.27089338507
2030-12-21 22:00:00+00:00,113692.93868830756
2030-12-21 23:00:00+00:00,112031.63684252677
2030-12-22 00:00:00+00:00,111410.52041647988
2030-12-22 01:00:00+00:00,112081.76201157851
2030-12-22 02:00:00+00:00,112342.78822048074
2030-12-22 03:00:00+00:00,112760.39661501342
2030-12-22 04:00:00+00:00,113698.07918839823
2030-12-22 05:00:00+00:00,114061.39353286789
2030-12-22 06:00:00+00:00,114264.83414141223
2030-12-22 07:00:00+00:00,113544.6566281779
2030-12-22 08:00:00+00:00,120975.00711423456
2030-12-22 09:00:00+00:00,124824.06144643851
2030-12-22 10:00:00+00:00,126717.4720267436
2030-12-22 11:00:00+00:00,127450.24096639817
2030-12-22 12:00:00+00:00,125446.7355509029
2030-12-22 13:00:00+00:00,117108.46296183822
2030-12-22 14:00:00+00:00,108620.47509103853
2030-12-22 15:00:00+00:00,102012.95371973526
2030-12-22 16:00:00+00:00,103329.36234537108
2030-12-22 17:00:00+00:00,103476.38329279466
2030-12-22 18:00:00+00:00,105422.09157868414
2030-12-22 19:00:00+00:00,106634.77777281913
2030-12-22 20:00:00+00:00,107796.69690601541
2030-12-22 21:00:00+00:00,110364.69576084526
2030-12-22 22:00:00+00:00,112118.24570844865
2030-12-22 23:00:00+00:00,113432.56851648266
2030-12-23 00:00:00+00:00,113674.97811638995
2030-12-23 01:00:00+00:00,114868.25989667981
2030-12-23 02:00:00+00:00,115272.91363057702
2030-12-23 03:00:00+00:00,114271.24413575263
2030-12-23 04:00:00+00:00,113121.4931527678
2030-12-23 05:00:00+00:00,109179.85370093703
2030-12-23 06:00:00+00:00,103811.85251245041
2030-12-23 07:00:00+00:00,101803.28376867072
2030-12-23 08:00:00+00:00,114960.89859794016
2030-12-23 09:00:00+00:00,134152.20897672372
2030-12-23 10:00:00+00:00,135050.73607005522
2030-12-23 11:00:00+00:00,135859.0435189818
2030-12-23 12:00:00+00:00,134998.70386031756
2030-12-23 13:00:00+00:00,134287.9058657532
2030-12-23 14:00:00+00:00,116610.78272371367
2030-12-23 15:00:00+00:00,103801.61194736505
2030-12-23 16:00:00+00:00,102012.91214935848
2030-12-23 17:00:00+00:00,102941.98960439302
2030-12-23 18:00:00+00:00,105799.28476626115
2030-12-23 19:00:00+00:00,109639.10538069186
2030-12-23 20:00:00+00:00,110457.0264947374
2030-12-23 21:00:00+00:00,109808.76887551058
2030-12-23 22:00:00+00:00,111403.47374682446
2030-12-23 23:00:00+00:00,110915.64520362418
2030-12-24 00:00:00+00:00,104367.23918984112
2030-12-24 01:00:00+00:00,103442.0549190334
2030-12-24 02:00:00+00:00,104188.93052197008
2030-12-24 03:00:00+00:00,109510.30068504246
2030-12-24 04:00:00+00:00,108729.99272456561
2030-12-24 05:00:00+00:00,105313.04080980545
2030-12-24 06:00:00+00:00,98706.86334640703
2030-12-24 07:00:00+00:00,96058.04474040554
2030-12-24 08:00:00+00:00,107995.39203330073
2030-12-24 09:00:00+00:00,118950.57864995442
2030-12-24 10:00:00+00:00,123675.2739334642
2030-12-24 11:00:00+00:00,126627.31049508112
2030-12-24 12:00:00+00:00,125582.37025953337
2030-12-24 13:00:00+00:00,118564.92832969564
2030-12-24 14:00:00+00:00,107292.29218330627
2030-12-24 15:00:00+00:00,97850.87553269078
2030-12-24 16:00:00+00:00,97820.56068047564
2030-12-24 17:00:00+00:00,98768.74790879329
2030-12-24 18:00:00+00:00,101315.27184461379
2030-12-24 19:00:00+00:00,104577.05339501606
2030-12-24 20:00:00+00:00,106937.46927572365
2030-12-24 21:00:00+00:00,108571.59303207192
2030-12-24 22:00:00+00:00,107965.96896461924
2030-12-24 23:00:00+00:00,104522.85784953134
2030-12-25 00:00:00+00:00,105559.02200132399
2030-12-25 01:00:00+00:00,102280.90682287798
2030-12-25 02:00:00+00:00,100611.46852231317
2030-12-25 03:00:00+00:00,99187.9168573605
2030-12-25 04:00:00+00:00,98147.46920059483
2030-12-25 05:00:00+00:00,97054.3387011753
2030-12-25 06:00:00+00:00,88980.85837701321
2030-12-25 07:00:00+00:00,86876.08305422094
2030-12-25 08:00:00+00:00,106520.72761164067
2030-12-25 09:00:00+00:00,115510.06641567094
2030-12-25 10:00:00+00:00,107427.35509442241
2030-12-25 11:00:00+00:00,97514.76662418182
2030-12-25 12:00:00+00:00,86389.69982352719
2030-12-25 13:00:00+00:00,70748.13640675947
2030-12-25 14:00:00+00:00,55238.79240417566
2030-12-25 15:00:00+00:00,55771.91736560266
2030-12-25 16:00:00+00:00,58179.584282980875
2030-12-25 17:00:00+00:00,59346.114672950614
2030-12-25 18:00:00+00:00,58657.37356731852
2030-12-25 19:00:00+00:00,57006.85903235423
2030-12-25 20:00:00+00:00,54820.01498181142
2030-12-25 21:00:00+00:00,53378.943797896005
2030-12-25 22:00:00+00:00,50511.928888166505
2030-12-25 23:00:00+00:00,47687.99588528274
2030-12-26 00:00:00+00:00,46915.004480027594
2030-12-26 01:00:00+00:00,45981.50269685337
2030-12-26 02:00:00+00:00,45751.459955672086
2030-12-26 03:00:00+00:00,46691.74851129373
2030-12-26 04:00:00+00:00,47563.18877148539
2030-12-26 05:00:00+00:00,47802.18864323634
2030-12-26 06:00:00+00:00,49025.18934640738
2030-12-26 07:00:00+00:00,51256.18912967203
2030-12-26 08:00:00+00:00,55035.188640328815
2030-12-26 09:00:00+00:00,57732.189828999675
2030-12-26 10:00:00+00:00,59960.19274078417
2030-12-26 11:00:00+00:00,60466.19609195854
2030-12-26 12:00:00+00:00,58243.19873550227
2030-12-26 13:00:00+00:00,56223.20000445579
2030-12-26 14:00:00+00:00,56253.200318277566
2030-12-26 15:00:00+00:00,57314.199236548986
2030-12-26 16:00:00+00:00,59844.19764116079
2030-12-26 17:00:00+00:00,61194.196446923386
2030-12-26 18:00:00+00:00,60078.19587833449
2030-12-26 19:00:00+00:00,58862.195641257655
2030-12-26 20:00:00+00:00,56952.003673096755
2030-12-26 21:00:00+00:00,55648.6695418492
2030-12-26 22:00:00+00:00,53020.97693845034
2030-12-26 23:00:00+00:00,49652.10403613079
2030-12-27 00:00:00+00:00,51481.69613178504
2030-12-27 01:00:00+00:00,54082.68278112187
2030-12-27 02:00:00+00:00,59079.75365071283
2030-12-27 03:00:00+00:00,67316.28014797976
2030-12-27 04:00:00+00:00,74021.00657137734
2030-12-27 05:00:00+00:00,77518.08500193841
2030-12-27 06:00:00+00:00,76882.29912745088
2030-12-27 07:00:00+00:00,81825.47813792987
2030-12-27 08:00:00+00:00,118739.35066813834
2030-12-27 09:00:00+00:00,131938.65238102677
2030-12-27 10:00:00+00:00,132512.6715002177
2030-12-27 11:00:00+00:00,133085.24310714618
2030-12-27 12:00:00+00:00,131867.91075296252
2030-12-27 13:00:00+00:00,124028.20826854339
2030-12-27 14:00:00+00:00,107695.26047924336
2030-12-27 15:00:00+00:00,95457.65417944225
2030-12-27 16:00:00+00:00,97121.76602019608
2030-12-27 17:00:00+00:00,99053.48655096546
2030-12-27 18:00:00+00:00,102025.18633626224
2030-12-27 19:00:00+00:00,105128.08205136747
2030-12-27 20:00:00+00:00,106902.19194891013
2030-12-27 21:00:00+00:00,108870.75179238443
2030-12-27 22:00:00+00:00,110601.00389523609
2030-12-27 23:00:00+00:00,111775.47210655837
2030-12-28 00:00:00+00:00,108574.58544341703
2030-12-28 01:00:00+00:00,106367.00823482196
2030-12-28 02:00:00+00:00,102758.24209980277
2030-12-28 03:00:00+00:00,97404.21231735026
2030-12-28 04:00:00+00:00,94133.19700129757
2030-12-28 05:00:00+00:00,92443.85258639598
2030-12-28 06:00:00+00:00,90948.822976903
2030-12-28 07:00:00+00:00,87562.38703579441
2030-12-28 08:00:00+00:00,112173.58276287478
2030-12-28 09:00:00+00:00,124008.96604364592
2030-12-28 10:00:00+00:00,113525.69505401285
2030-12-28 11:00:00+00:00,111200.71920140249
2030-12-28 12:00:00+00:00,104598.02810191394
2030-12-28 13:00:00+00:00,89382.86840621204
2030-12-28 14:00:00+00:00,81516.29374459511
2030-12-28 15:00:00+00:00,76293.38495447637
2030-12-28 16:00:00+00:00,78409.25659581489
2030-12-28 17:00:00+00:00,79858.12895410482
2030-12-28 18:00:00+00:00,81738.56931769932
2030-12-28 19:00:00+00:00,83872.13644935744
2030-12-28 20:00:00+00:00,83224.43139044283
2030-12-28 21:00:00+00:00,79480.05377523496
2030-12-28 22:00:00+00:00,74416.38353528435
2030-12-28 23:00:00+00:00,68117.19440740587
2030-12-29 00:00:00+00:00,70553.98601569404
2030-12-29 01:00:00+00:00,69487.69204724836
2030-12-29 02:00:00+00:00,71192.18138539448
2030-12-29 03:00:00+00:00,74653.89267660333
2030-12-29 04:00:00+00:00,79513.21532627469
2030-12-29 05:00:00+00:00,80058.56607139492
2030-12-29 06:00:00+00:00,80159.75538592378
2030-12-29 07:00:00+00:00,81287.57759211732
2030-12-29 08:00:00+00:00,84283.75266382864
2030-12-29 09:00:00+00:00,88164.62193989017
2030-12-29 10:00:00+00:00,101210.86721326705
2030-12-29 11:00:00+00:00,100928.57106794295
2030-12-29 12:00:00+00:00,97112.90021811235
2030-12-29 13:00:00+00:00,92170.49072059951
2030-12-29 14:00:00+00:00,84045.7052567442
2030-12-29 15:00:00+00:00,77399.01614178951
2030-12-29 16:00:00+00:00,77900.28913546252
2030-12-29 17:00:00+00:00,78549.10944019743
2030-12-29 18:00:00+00:00,79971.02986655557
2030-12-29 19:00:00+00:00,81609.69274913438
2030-12-29 20:00:00+00:00,83818.5587533104
2030-12-29 21:00:00+00:00,84198.85337981883
2030-12-29 22:00:00+00:00,78306.83824362984
2030-12-29 23:00:00+00:00,74650.89844424112
2030-12-30 00:00:00+00:00,74270.72900246104
2030-12-30 01:00:00+00:00,74009.3403544988
2030-12-30 02:00:00+00:00,75765.97437697525
2030-12-30 03:00:00+00:00,80247.81140806945
2030-12-30 04:00:00+00:00,86670.63576990884
2030-12-30 05:00:00+00:00,83520.48415670652
2030-12-30 06:00:00+00:00,78373.23254922076
2030-12-30 07:00:00+00:00,75953.8583043596
2030-12-30 08:00:00+00:00,94813.75867732729
2030-12-30 09:00:00+00:00,122002.65629370211
2030-12-30 10:00:00+00:00,136401.31722048292
2030-12-30 11:00:00+00:00,137173.45332894337
2030-12-30 12:00:00+00:00,137182.29178149934
2030-12-30 13:00:00+00:00,110750.148650686
2030-12-30 14:00:00+00:00,97287.4524746011
2030-12-30 15:00:00+00:00,79405.05563770706
2030-12-30 16:00:00+00:00,78644.74593544402
2030-12-30 17:00:00+00:00,81346.02377514324
2030-12-30 18:00:00+00:00,84485.04027890027
2030-12-30 19:00:00+00:00,87699.04782835314
2030-12-30 20:00:00+00:00,89298.3531688144
2030-12-30 21:00:00+00:00,90143.87294977212
2030-12-30 22:00:00+00:00,90059.31732238183
2030-12-30 23:00:00+00:00,88048.67712217991
2030-12-31 00:00:00+00:00,88293.25496538708
2030-12-31 01:00:00+00:00,88430.91786137993
2030-12-31 02:00:00+00:00,88698.76152910414
2030-12-31 03:00:00+00:00,88963.19894651954
2030-12-31 04:00:00+00:00,88656.79745184732
2030-12-31 05:00:00+00:00,84535.50662291718
2030-12-31 06:00:00+00:00,77916.10715395212
2030-12-31 07:00:00+00:00,73871.90967519031
2030-12-31 08:00:00+00:00,89214.48331364669
2030-12-31 09:00:00+00:00,106280.55748717446
2030-12-31 10:00:00+00:00,130839.93302400433
2030-12-31 11:00:00+00:00,133868.75939412747
2030-12-31 12:00:00+00:00,117412.43022785503
2030-12-31 13:00:00+00:00,107766.72491197247
2030-12-31 14:00:00+00:00,91896.40088440286
2030-12-31 15:00:00+00:00,75465.30987365678
2030-12-31 16:00:00+00:00,75181.7575525144
2030-12-31 17:00:00+00:00,76566.26301112982
2030-12-31 18:00:00+00:00,80045.71412534932
2030-12-31 19:00:00+00:00,83300.62693768821
2030-12-31 20:00:00+00:00,86296.74355881738
2030-12-31 21:00:00+00:00,86849.87154490527
2030-12-31 22:00:00+00:00,90021.68592681499
2030-12-31 23:00:00+00:00,81882.09472390587
