Unnamed: 0,HPHS,HDAM
2030-01-01 00:00:00+00:00,4.363547188688331,7320.69452351034
2030-01-01 01:00:00+00:00,4.363954576408876,7321.997733849873
2030-01-01 02:00:00+00:00,4.364519350256352,7323.308374792352
2030-01-01 03:00:00+00:00,4.364554958092395,7324.627352931078
2030-01-01 04:00:00+00:00,4.364550538657659,7325.972399420038
2030-01-01 05:00:00+00:00,4.364548971691689,7327.358301664544
2030-01-01 06:00:00+00:00,4.3645646764806925,7328.79102805657
2030-01-01 07:00:00+00:00,4.364582668265766,7330.233301952097
2030-01-01 08:00:00+00:00,4.3645966033087635,7331.682902075425
2030-01-01 09:00:00+00:00,4.364602723527054,7333.138144498505
2030-01-01 10:00:00+00:00,4.364611048138945,7334.6412916272375
2030-01-01 11:00:00+00:00,4.364631776756222,7336.143623693138
2030-01-01 12:00:00+00:00,4.364665496497642,7337.640380878579
2030-01-01 13:00:00+00:00,4.364706005769112,7339.114238162118
2030-01-01 14:00:00+00:00,4.364769564091207,7340.565981981242
2030-01-01 15:00:00+00:00,4.364850267737148,7341.997415176236
2030-01-01 16:00:00+00:00,4.364907764773513,7343.409610588354
2030-01-01 17:00:00+00:00,4.364946603961241,7344.8043748765185
2030-01-01 18:00:00+00:00,4.365163379871237,7346.18374325999
2030-01-01 19:00:00+00:00,4.365225594729245,7347.5490468132
2030-01-01 20:00:00+00:00,4.3652322685880405,7348.901550251272
2030-01-01 21:00:00+00:00,4.365271416515476,7350.242678823947
2030-01-01 22:00:00+00:00,4.365305661257621,7351.57338249531
2030-01-01 23:00:00+00:00,4.365375884736868,7352.8946250581175
2030-01-02 00:00:00+00:00,4.365405139768186,7354.207050081549
2030-01-02 01:00:00+00:00,4.365395310757445,7355.5108526007225
2030-01-02 02:00:00+00:00,4.3654271533388656,7356.807566804469
2030-01-02 03:00:00+00:00,4.3654235574063005,7358.095376725538
2030-01-02 04:00:00+00:00,4.36540862067083,7359.357884699733
2030-01-02 05:00:00+00:00,4.363944156550804,7359.532826876589
2030-01-02 06:00:00+00:00,4.36323035055085,7359.702577973629
2030-01-02 07:00:00+00:00,4.362739937158888,7359.868890821586
2030-01-02 08:00:00+00:00,3.2080895625627046,7360.028901647586
2030-01-02 09:00:00+00:00,2.0534636278135583,7360.185074607259
2030-01-02 10:00:00+00:00,2.053026119259903,7360.338556531363
2030-01-02 11:00:00+00:00,2.052586152698639,7360.488181950693
2030-01-02 12:00:00+00:00,2.052136962357442,7360.634293064254
2030-01-02 13:00:00+00:00,2.0516888590950826,7360.77717958323
2030-01-02 14:00:00+00:00,2.051694203881942,7362.0096971231105
2030-01-02 15:00:00+00:00,2.0516995233990265,7363.238640703555
2030-01-02 16:00:00+00:00,2.051695902524502,7364.429939855981
2030-01-02 17:00:00+00:00,2.0516998515511533,7365.651471939188
2030-01-02 18:00:00+00:00,2.0516952490678686,7366.8374607276055
2030-01-02 19:00:00+00:00,2.0517191158117436,7368.062503996443
2030-01-02 20:00:00+00:00,2.139203976730266,7369.288437821633
2030-01-02 21:00:00+00:00,2.2411548890608706,7370.512314018526
2030-01-02 22:00:00+00:00,2.5136808424797352,7371.734256143653
2030-01-02 23:00:00+00:00,2.6365862456377833,7372.954372811409
2030-01-03 00:00:00+00:00,2.8271810703446705,7374.172824791437
2030-01-03 01:00:00+00:00,2.8858866203748175,7375.389835784164
2030-01-03 02:00:00+00:00,2.894003123245825,7376.605732248993
2030-01-03 03:00:00+00:00,2.8988505281376127,7377.820839826438
2030-01-03 04:00:00+00:00,2.944161486913792,7379.036096596859
2030-01-03 05:00:00+00:00,3.065530148549392,7380.251039187539
2030-01-03 06:00:00+00:00,3.160799628591328,7381.466183718005
2030-01-03 07:00:00+00:00,3.1608486554299264,7382.6789406848775
2030-01-03 08:00:00+00:00,3.160965291673483,7383.890844903459
2030-01-03 09:00:00+00:00,3.340169143175548,7385.102946480511
2030-01-03 10:00:00+00:00,3.664042303351331,7386.31407247618
2030-01-03 11:00:00+00:00,3.9594130368167817,7387.524361532759
2030-01-03 12:00:00+00:00,4.365385413229654,7388.734011306389
2030-01-03 13:00:00+00:00,4.365418621665821,7389.93641571868
2030-01-03 14:00:00+00:00,4.365362384672793,7390.042109952499
2030-01-03 15:00:00+00:00,4.365334216528115,7390.147351847496
2030-01-03 16:00:00+00:00,4.365315260337012,7390.252058054472
2030-01-03 17:00:00+00:00,4.365301410212955,7390.356244917774
2030-01-03 18:00:00+00:00,4.365290966479257,7390.460057153015
2030-01-03 19:00:00+00:00,4.3652830646136564,7390.563446065753
2030-01-03 20:00:00+00:00,4.365277280750067,7390.666584016146
2030-01-03 21:00:00+00:00,4.365280760434009,7390.770429116391
2030-01-03 22:00:00+00:00,4.365278815720265,7390.872965059004
2030-01-03 23:00:00+00:00,4.365274810645076,7390.974737972547
2030-01-04 00:00:00+00:00,4.365272803399295,7391.076164250104
2030-01-04 01:00:00+00:00,4.365272455294931,7391.177254136375
2030-01-04 02:00:00+00:00,4.3652735542729975,7391.277900106496
2030-01-04 03:00:00+00:00,4.365276121808375,7391.378013842749
2030-01-04 04:00:00+00:00,4.3652838301362,7391.477900076412
2030-01-04 05:00:00+00:00,4.365295471402852,7391.577354183114
2030-01-04 06:00:00+00:00,4.365311466477787,7391.676508616321
2030-01-04 07:00:00+00:00,4.365328847087629,7391.775132820982
2030-01-04 08:00:00+00:00,4.365336080589939,7391.8727134735145
2030-01-04 09:00:00+00:00,4.365346869554655,7391.9699598722655
2030-01-04 10:00:00+00:00,4.36541595664051,7392.067531683164
2030-01-04 11:00:00+00:00,4.365415274585362,7392.163387585532
2030-01-04 12:00:00+00:00,4.365422618790062,7392.259157987235
2030-01-04 13:00:00+00:00,4.365411655159462,7392.354145516126
2030-01-04 14:00:00+00:00,4.365395098828333,7392.448838393417
2030-01-04 15:00:00+00:00,4.365381545067575,7392.543292397197
2030-01-04 16:00:00+00:00,4.365361538479978,7392.637483708656
2030-01-04 17:00:00+00:00,4.365347478316384,7392.731573728657
2030-01-04 18:00:00+00:00,4.365336531551158,7392.825680770837
2030-01-04 19:00:00+00:00,4.365333458383257,7392.919746977942
2030-01-04 20:00:00+00:00,4.365331771978176,7393.013771691139
2030-01-04 21:00:00+00:00,4.365331367877908,7393.10779504455
2030-01-04 22:00:00+00:00,4.365332102728575,7393.201795579098
2030-01-04 23:00:00+00:00,4.365333913915758,7393.295811151095
2030-01-05 00:00:00+00:00,4.36533689002459,7393.389852446377
2030-01-05 01:00:00+00:00,4.365341023532573,7393.483905354075
2030-01-05 02:00:00+00:00,4.3653467013188525,7393.577964296151
2030-01-05 03:00:00+00:00,4.365354437142558,7393.671980272394
2030-01-05 04:00:00+00:00,4.365365246187352,7393.765984799152
2030-01-05 05:00:00+00:00,4.36538178874516,7393.860005586995
2030-01-05 06:00:00+00:00,4.287429444050058,7393.95374238782
2030-01-05 07:00:00+00:00,3.903893268513102,7394.0475169691945
2030-01-05 08:00:00+00:00,3.5029350218231134,7394.141343297454
2030-01-05 09:00:00+00:00,3.1884869754356715,7394.235191385566
2030-01-05 10:00:00+00:00,2.8618523798959137,7394.329043038808
2030-01-05 11:00:00+00:00,2.5387529167137335,7394.4228561379305
2030-01-05 12:00:00+00:00,2.2115617444010574,7394.516699324322
2030-01-05 13:00:00+00:00,1.8555291427006577,7394.610565943853
2030-01-05 14:00:00+00:00,1.5482618057571627,7394.704453992897
2030-01-05 15:00:00+00:00,1.2270824174901467,7394.798369429954
2030-01-05 16:00:00+00:00,0.8098769660157638,7394.892302031649
2030-01-05 17:00:00+00:00,0.34285830555060604,7394.986265040325
2030-01-05 18:00:00+00:00,0.0018554673469461192,7395.080315916306
2030-01-05 19:00:00+00:00,3.7068159526080274e-06,7395.174385736817
2030-01-05 20:00:00+00:00,0.000676161736187937,7395.269771256311
2030-01-05 21:00:00+00:00,0.0007002289479029297,7395.365000244095
2030-01-05 22:00:00+00:00,0.4752587860841035,7395.460749856171
2030-01-05 23:00:00+00:00,0.8944883736420425,7395.556580391809
2030-01-06 00:00:00+00:00,1.2822717655298712,7395.652475020007
2030-01-06 01:00:00+00:00,1.7219779984259111,7395.74850497534
2030-01-06 02:00:00+00:00,2.0864119599405866,7395.844609114359
2030-01-06 03:00:00+00:00,2.407313828929549,7395.940765466127
2030-01-06 04:00:00+00:00,2.779269400662597,7396.03700391491
2030-01-06 05:00:00+00:00,3.0668019650178096,7396.133366218073
2030-01-06 06:00:00+00:00,3.3644668147909425,7396.229819681073
2030-01-06 07:00:00+00:00,3.447376817269055,7396.326389119631
2030-01-06 08:00:00+00:00,3.448980183111344,7396.423012049195
2030-01-06 09:00:00+00:00,3.8132583257710126,7396.519676665137
2030-01-06 10:00:00+00:00,4.203085163829276,7396.616372570041
2030-01-06 11:00:00+00:00,4.365396513837946,7396.713101307283
2030-01-06 12:00:00+00:00,4.365439240937061,7396.809545475339
2030-01-06 13:00:00+00:00,4.3654300326813615,7396.905131362902
2030-01-06 14:00:00+00:00,4.365419155545592,7397.000710519279
2030-01-06 15:00:00+00:00,3.836226249703995,7397.0962856665265
2030-01-06 16:00:00+00:00,3.099204174591946,7397.191953249605
2030-01-06 17:00:00+00:00,2.2389262006249337,7397.287734963249
2030-01-06 18:00:00+00:00,1.5195674373981696,7397.383593840157
2030-01-06 19:00:00+00:00,1.041672438895838,7397.479559035147
2030-01-06 20:00:00+00:00,0.5570214772589347,7397.575597516307
2030-01-06 21:00:00+00:00,0.0015487966275073675,7397.671737543385
2030-01-06 22:00:00+00:00,0.000639415260072778,7397.767976419242
2030-01-06 23:00:00+00:00,0.00037123740886509094,7397.864312766406
2030-01-07 00:00:00+00:00,0.00034281715827791436,7397.9607641256425
2030-01-07 01:00:00+00:00,0.00033700677117368724,7398.057376894575
2030-01-07 02:00:00+00:00,0.00033071701520498984,7398.154075232767
2030-01-07 03:00:00+00:00,0.000323981757449808,7398.250854174407
2030-01-07 04:00:00+00:00,0.00031684665840863287,7398.347731228307
2030-01-07 05:00:00+00:00,0.00030936831132465336,7398.444737764469
2030-01-07 06:00:00+00:00,0.0002885812476339584,7398.541842402167
2030-01-07 07:00:00+00:00,0.00026554947407330184,7398.639085041501
2030-01-07 08:00:00+00:00,0.0002392668254602163,7398.736430827946
2030-01-07 09:00:00+00:00,0.00022882741661631496,7398.833902540683
2030-01-07 10:00:00+00:00,0.000217177506439949,7398.931467227428
2030-01-07 11:00:00+00:00,0.00020395814605876368,7399.029121256914
2030-01-07 12:00:00+00:00,0.0001893934588775221,7399.126874799561
2030-01-07 13:00:00+00:00,0.00017294515165757705,7399.224720467508
2030-01-07 14:00:00+00:00,0.00015346029116930596,7399.322680080321
2030-01-07 15:00:00+00:00,0.00012911712259435352,7399.420723520601
2030-01-07 16:00:00+00:00,9.8005673675002e-05,7399.5188657482795
2030-01-07 17:00:00+00:00,4.35373055987409e-05,7399.617111646374
2030-01-07 18:00:00+00:00,4.222524812893448e-05,7399.71558824656
2030-01-07 19:00:00+00:00,3.09448675179802e-05,7399.814140681948
2030-01-07 20:00:00+00:00,8.1820571355461e-06,7399.91280717571
2030-01-07 21:00:00+00:00,1.4922551533496176e-05,7400.0120606993205
2030-01-07 22:00:00+00:00,0.47473625814713105,7400.112203424987
2030-01-07 23:00:00+00:00,0.8662835888861533,7400.212465463288
2030-01-08 00:00:00+00:00,1.2942601905811106,7400.312394145062
2030-01-08 01:00:00+00:00,1.6480242019134557,7400.411775588994
2030-01-08 02:00:00+00:00,1.902281626823301,7400.510605183567
2030-01-08 03:00:00+00:00,2.1649296539180063,7400.60875378908
2030-01-08 04:00:00+00:00,2.4330273975675483,7400.705606397059
2030-01-08 05:00:00+00:00,2.6838596328909,7400.8003273638915
2030-01-08 06:00:00+00:00,2.9003204696795226,7400.89221319181
2030-01-08 07:00:00+00:00,2.976185421294832,7400.982499748825
2030-01-08 08:00:00+00:00,2.976214958072775,7401.070904017375
2030-01-08 09:00:00+00:00,2.9762437961713766,7401.157679934381
2030-01-08 10:00:00+00:00,3.246827165283033,7401.2402661768465
2030-01-08 11:00:00+00:00,3.5540664002740496,7401.321306888372
2030-01-08 12:00:00+00:00,4.006654303581668,7401.401180725533
2030-01-08 13:00:00+00:00,4.364405422625362,7401.481402560431
2030-01-08 14:00:00+00:00,4.364414603999669,7401.561725468016
2030-01-08 15:00:00+00:00,4.364425151027083,7401.642684977191
2030-01-08 16:00:00+00:00,4.364437087097116,7401.724423700594
2030-01-08 17:00:00+00:00,4.364450198367158,7401.806982952205
2030-01-08 18:00:00+00:00,4.364462554634217,7401.890336253209
2030-01-08 19:00:00+00:00,4.3644750316094,7401.974510957458
2030-01-08 20:00:00+00:00,4.364487722986648,7402.059501303913
2030-01-08 21:00:00+00:00,4.3645003335170625,7402.145297734751
2030-01-08 22:00:00+00:00,4.36455713642505,7402.2320983466125
2030-01-08 23:00:00+00:00,4.364618839878848,7402.319684368847
2030-01-09 00:00:00+00:00,4.364687819763688,7402.408059373413
2030-01-09 01:00:00+00:00,4.364763793628086,7402.497217342829
2030-01-09 02:00:00+00:00,4.364851364081511,7402.5871464668135
2030-01-09 03:00:00+00:00,4.364960306014389,7402.677829611879
2030-01-09 04:00:00+00:00,4.365112363187662,7402.769239014
2030-01-09 05:00:00+00:00,4.365430539733623,7402.861374727197
2030-01-09 06:00:00+00:00,4.365430742063514,7402.953523101216
2030-01-09 07:00:00+00:00,4.3654313551243895,7403.045998726869
2030-01-09 08:00:00+00:00,4.365426295971999,7403.1389969315105
2030-01-09 09:00:00+00:00,4.3654234213095355,7403.232719237257
2030-01-09 10:00:00+00:00,4.365418894433324,7403.327142080025
2030-01-09 11:00:00+00:00,4.365418017310703,7403.422373338134
2030-01-09 12:00:00+00:00,4.365420232294315,7403.518545766481
2030-01-09 13:00:00+00:00,4.365427047819742,7403.615916261624
2030-01-09 14:00:00+00:00,4.365431725697169,7403.714703805001
2030-01-09 15:00:00+00:00,4.365416317146595,7403.814716034159
2030-01-09 16:00:00+00:00,4.283334381005972,7403.915901533722
2030-01-09 17:00:00+00:00,3.1286348040155914,7404.017846810578
2030-01-09 18:00:00+00:00,2.8351580382091965,7404.1206293471505
2030-01-09 19:00:00+00:00,2.835150499785437,7404.224112194224
2030-01-09 20:00:00+00:00,2.835142686983192,7404.3282645659765
2030-01-09 21:00:00+00:00,2.8351347558578226,7404.433100521394
2030-01-09 22:00:00+00:00,2.835137468720434,7404.538703488291
2030-01-09 23:00:00+00:00,2.8395539710675446,7404.645030713587
2030-01-10 00:00:00+00:00,2.8441711929569187,7404.752026942286
2030-01-10 01:00:00+00:00,2.848340214247912,7404.859616976652
2030-01-10 02:00:00+00:00,2.8518067891208507,7404.967745896196
2030-01-10 03:00:00+00:00,2.85649508138869,7405.076328162905
2030-01-10 04:00:00+00:00,2.861273282657187,7405.185070969938
2030-01-10 05:00:00+00:00,2.8662666216388972,7405.294103515274
2030-01-10 06:00:00+00:00,2.8662824341164677,7405.4032389844715
2030-01-10 07:00:00+00:00,2.8662986247424542,7405.512927639212
2030-01-10 08:00:00+00:00,2.8663146868979448,7405.623196700672
2030-01-10 09:00:00+00:00,2.87159338311487,7405.734153263657
2030-01-10 10:00:00+00:00,2.9309909431230916,7405.845846680807
2030-01-10 11:00:00+00:00,3.7944886017064237,7405.958259167137
2030-01-10 12:00:00+00:00,4.345884769740042,7406.071153588223
2030-01-10 13:00:00+00:00,4.3525987318898425,7406.184380723061
2030-01-10 14:00:00+00:00,4.365394190442041,7406.297940951235
2030-01-10 15:00:00+00:00,4.365389033992666,7406.411778429529
2030-01-10 16:00:00+00:00,4.365385405657666,7406.526030485918
2030-01-10 17:00:00+00:00,4.365382648544554,7406.640692239725
2030-01-10 18:00:00+00:00,4.365380554920924,7406.755703298797
2030-01-10 19:00:00+00:00,4.365380470671324,7406.871114758833
2030-01-10 20:00:00+00:00,4.365381335584473,7406.986869398531
2030-01-10 21:00:00+00:00,4.365383225363384,7407.102968225669
2030-01-10 22:00:00+00:00,4.365386403402986,7407.219467838987
2030-01-10 23:00:00+00:00,4.36539184508711,7407.336398586824
2030-01-11 00:00:00+00:00,4.365399330596476,7407.453752608463
2030-01-11 01:00:00+00:00,4.365410589148763,7407.57151815369
2030-01-11 02:00:00+00:00,4.365433496341297,7407.689743017897
2030-01-11 03:00:00+00:00,4.365436292702627,7407.808415882834
2030-01-11 04:00:00+00:00,4.149029589782444,7407.927505731278
2030-01-11 05:00:00+00:00,3.9566447608476616,7408.047065098575
2030-01-11 06:00:00+00:00,3.7323503112542924,7408.167038310806
2030-01-11 07:00:00+00:00,3.4824141916275395,7408.287491945799
2030-01-11 08:00:00+00:00,3.3281041597099703,7408.40843280326
2030-01-11 09:00:00+00:00,3.169444174178882,7408.529849068149
2030-01-11 10:00:00+00:00,3.134621378368532,7408.651714670707
2030-01-11 11:00:00+00:00,3.134608609368596,7408.774056640369
2030-01-11 12:00:00+00:00,3.1345959047383456,7408.896817015966
2030-01-11 13:00:00+00:00,2.992166633894093,7409.020024781383
2030-01-11 14:00:00+00:00,2.8485566573557155,7409.143740271318
2030-01-11 15:00:00+00:00,2.7004986883453035,7409.268020109216
2030-01-11 16:00:00+00:00,1.545802635868563,7409.392817629592
2030-01-11 17:00:00+00:00,0.39110722518838226,7409.5180547383125
2030-01-11 18:00:00+00:00,0.12658943632929562,7409.643654109759
2030-01-11 19:00:00+00:00,4.037409179866024e-05,7409.769610113226
2030-01-11 20:00:00+00:00,6.376544992575994e-06,7409.895886277736
2030-01-11 21:00:00+00:00,8.348551869580428e-06,7410.0225127634985
2030-01-11 22:00:00+00:00,5.977361249738379e-06,7410.149442496176
2030-01-11 23:00:00+00:00,1.8533320235808486e-05,7410.2767374864525
2030-01-12 00:00:00+00:00,2.386486717421445e-05,7410.40429583349
2030-01-12 01:00:00+00:00,2.581089395726124e-05,7410.532117857396
2030-01-12 02:00:00+00:00,2.5544592858427296e-05,7410.660203400018
2030-01-12 03:00:00+00:00,2.883613339886101e-05,7410.7886145884395
2030-01-12 04:00:00+00:00,2.529715419512087e-05,7410.917262132107
2030-01-12 05:00:00+00:00,2.7986937615715597e-05,7411.046217406478
2030-01-12 06:00:00+00:00,2.784947546539327e-05,7411.175436146607
2030-01-12 07:00:00+00:00,2.4703820850691286e-05,7411.304882815832
2030-01-12 08:00:00+00:00,1.6120148680622323e-05,7411.4345526096085
2030-01-12 09:00:00+00:00,8.727108946096911e-05,7411.564744494525
2030-01-12 10:00:00+00:00,0.5094707232198273,7411.695236181576
2030-01-12 11:00:00+00:00,1.3754891559645475,7411.82673201865
2030-01-12 12:00:00+00:00,2.24150778183541,7411.958493838735
2030-01-12 13:00:00+00:00,2.7296514511460965,7412.089742200931
2030-01-12 14:00:00+00:00,3.289564435299522,7412.221251496648
2030-01-12 15:00:00+00:00,3.711397787879976,7412.353025615711
2030-01-12 16:00:00+00:00,3.988728806051367,7412.485075889897
2030-01-12 17:00:00+00:00,3.989062226662563,7412.617384385712
2030-01-12 18:00:00+00:00,3.9893611608355872,7412.749904050137
2030-01-12 19:00:00+00:00,3.9896911058021276,7412.8827136458285
2030-01-12 20:00:00+00:00,4.158008903718963,7413.015764746452
2030-01-12 21:00:00+00:00,4.158349209355469,7413.149000457078
2030-01-12 22:00:00+00:00,4.1583847329270665,7413.282295044869
2030-01-12 23:00:00+00:00,4.158428679782158,7413.415783926104
2030-01-13 00:00:00+00:00,4.158452553120425,7413.549443652311
2030-01-13 01:00:00+00:00,4.158475376459384,7413.683246409755
2030-01-13 02:00:00+00:00,4.319320548642718,7413.817317853635
2030-01-13 03:00:00+00:00,4.364336485922354,7413.9515940132305
2030-01-13 04:00:00+00:00,4.364363162518887,7414.085982080553
2030-01-13 05:00:00+00:00,4.364498901066856,7414.220553549676
2030-01-13 06:00:00+00:00,4.3646563117085835,7414.355288695025
2030-01-13 07:00:00+00:00,4.36468503602616,7414.490125626358
2030-01-13 08:00:00+00:00,4.364715273409637,7414.6251492131805
2030-01-13 09:00:00+00:00,4.364916456548108,7414.760424476567
2030-01-13 10:00:00+00:00,4.365039158080629,7414.895899094046
2030-01-13 11:00:00+00:00,4.365145265579958,7415.031572531101
2030-01-13 12:00:00+00:00,4.365295575959424,7415.167433527976
2030-01-13 13:00:00+00:00,4.3653753579127015,7415.303458966814
2030-01-13 14:00:00+00:00,4.365378360636302,7415.439515262747
2030-01-13 15:00:00+00:00,4.365364738885689,7415.575622687402
2030-01-13 16:00:00+00:00,4.365355653821746,7415.711879520074
2030-01-13 17:00:00+00:00,4.28019109779813,7415.84820831382
2030-01-13 18:00:00+00:00,4.280142154289254,7415.98471932056
2030-01-13 19:00:00+00:00,4.280100231615404,7416.121378926834
2030-01-13 20:00:00+00:00,4.096988746029895,7416.258195962734
2030-01-13 21:00:00+00:00,3.8179316942348063,7416.395156226627
2030-01-13 22:00:00+00:00,3.5814840299347535,7416.532261484127
2030-01-13 23:00:00+00:00,3.5380918693763186,7416.669514312943
2030-01-14 00:00:00+00:00,3.4416496824804517,7416.806894381194
2030-01-14 01:00:00+00:00,3.3600416394523647,7416.944383988328
2030-01-14 02:00:00+00:00,3.3600060970515124,7417.082020941143
2030-01-14 03:00:00+00:00,3.1698946044456657,7417.219779050305
2030-01-14 04:00:00+00:00,2.961447495473761,7417.357658483419
2030-01-14 05:00:00+00:00,2.7299235780525897,7417.49562746921
2030-01-14 06:00:00+00:00,2.1766806017813125,7417.633687639424
2030-01-14 07:00:00+00:00,1.7487977984366396,7417.771824853897
2030-01-14 08:00:00+00:00,1.3320411391076192,7417.910068976604
2030-01-14 09:00:00+00:00,1.117765848793974,7418.048423969166
2030-01-14 10:00:00+00:00,1.073685727736934,7418.186886671716
2030-01-14 11:00:00+00:00,1.073677313319889,7418.325518089362
2030-01-14 12:00:00+00:00,1.073668808464703,7418.464249824422
2030-01-14 13:00:00+00:00,1.073660217553726,7418.603086926372
2030-01-14 14:00:00+00:00,1.0736582793353946,7418.742050676926
2030-01-14 15:00:00+00:00,1.0736535714313737,7418.881080387176
2030-01-14 16:00:00+00:00,1.0736479783939272,7419.020179437771
2030-01-14 17:00:00+00:00,1.0736615885139842,7419.159496329886
2030-01-14 18:00:00+00:00,1.0736895704388931,7419.298911856909
2030-01-14 19:00:00+00:00,1.3994051428186238,7419.438424056205
2030-01-14 20:00:00+00:00,1.8047436244290724,7419.578010167261
2030-01-14 21:00:00+00:00,2.258417541829157,7419.7176554058915
2030-01-14 22:00:00+00:00,2.60901108323888,7419.857351194908
2030-01-14 23:00:00+00:00,2.8943771246538326,7419.997101749814
2030-01-15 00:00:00+00:00,3.1562745243034653,7420.136907979573
2030-01-15 01:00:00+00:00,3.4032131220459494,7420.276759689887
2030-01-15 02:00:00+00:00,3.68574096124752,7420.416636888758
2030-01-15 03:00:00+00:00,4.071752490265535,7420.556547122666
2030-01-15 04:00:00+00:00,4.365354173981782,7420.696480029112
2030-01-15 05:00:00+00:00,4.365375255614768,7420.836372652871
2030-01-15 06:00:00+00:00,4.36538606800153,7420.976221736469
2030-01-15 07:00:00+00:00,4.365395510743685,7421.1160293690255
2030-01-15 08:00:00+00:00,4.365395173630811,7421.255768699948
2030-01-15 09:00:00+00:00,4.365396517131337,7421.395522163534
2030-01-15 10:00:00+00:00,4.365399616498583,7421.535285011643
2030-01-15 11:00:00+00:00,4.365405213564949,7421.675047961529
2030-01-15 12:00:00+00:00,4.365415352583028,7421.814826904454
2030-01-15 13:00:00+00:00,4.365440737161118,7421.954609952332
2030-01-15 14:00:00+00:00,4.365438701104989,7422.094222550896
2030-01-15 15:00:00+00:00,4.365422852254071,7422.233777594195
2030-01-15 16:00:00+00:00,4.365415138348312,7422.373327571528
2030-01-15 17:00:00+00:00,4.365410231540719,7422.51286708684
2030-01-15 18:00:00+00:00,4.365406783939413,7422.652403307328
2030-01-15 19:00:00+00:00,4.3654043139883205,7422.791912937795
2030-01-15 20:00:00+00:00,4.365405003154955,7422.931407478611
2030-01-15 21:00:00+00:00,4.365405414046613,7423.070879969882
2030-01-15 22:00:00+00:00,4.365406271715132,7423.210330393125
2030-01-15 23:00:00+00:00,4.365408628101369,7423.349765936076
2030-01-16 00:00:00+00:00,4.365411960854436,7423.4891666205485
2030-01-16 01:00:00+00:00,4.365416796258321,7423.628532674583
2030-01-16 02:00:00+00:00,4.365424073405159,7423.767865451241
2030-01-16 03:00:00+00:00,4.36543998144138,7423.907157252468
2030-01-16 04:00:00+00:00,4.365442373156161,7424.046375073855
2030-01-16 05:00:00+00:00,4.365441529017276,7424.185493707603
2030-01-16 06:00:00+00:00,3.210741447637427,7424.324499044134
2030-01-16 07:00:00+00:00,2.056041105605436,7424.463434272258
2030-01-16 08:00:00+00:00,2.1539699318043404,7424.602375333868
2030-01-16 09:00:00+00:00,2.425770460747191,7424.741231467326
2030-01-16 10:00:00+00:00,2.7722977674760227,7424.879993558191
2030-01-16 11:00:00+00:00,3.1173632511055978,7425.0185996953805
2030-01-16 12:00:00+00:00,3.4416293487110234,7425.156886461057
2030-01-16 13:00:00+00:00,3.7816205447904294,7425.2945693256
2030-01-16 14:00:00+00:00,4.206986353014877,7425.431379734092
2030-01-16 15:00:00+00:00,4.365441519656839,7425.5674514695565
2030-01-16 16:00:00+00:00,3.2107413480689844,7425.702843962491
2030-01-16 17:00:00+00:00,2.0560410975687065,7425.8379299773815
2030-01-16 18:00:00+00:00,2.0538257735242276,7425.972900582963
2030-01-16 19:00:00+00:00,2.053828594747046,7426.107773438575
2030-01-16 20:00:00+00:00,2.296710710780001,7426.2425267642975
2030-01-16 21:00:00+00:00,2.5224152896341834,7426.377142255011
2030-01-16 22:00:00+00:00,2.7131684839476904,7426.511577238394
2030-01-16 23:00:00+00:00,2.960641291077191,7426.645861125918
2030-01-17 00:00:00+00:00,3.231145465799064,7426.779973769884
2030-01-17 01:00:00+00:00,3.5181408247160673,7426.913944507899
2030-01-17 02:00:00+00:00,3.852598069505243,7427.047744945684
2030-01-17 03:00:00+00:00,4.365443273486122,7427.181370079747
2030-01-17 04:00:00+00:00,3.370252051144222,7427.314768211113
2030-01-17 05:00:00+00:00,2.420971775794109,7427.448010950673
2030-01-17 06:00:00+00:00,1.5343520374704895,7427.581094729827
2030-01-17 07:00:00+00:00,1.1397142539444,7427.713982136481
2030-01-17 08:00:00+00:00,1.5184037382186545e-07,7427.846679133388
2030-01-17 09:00:00+00:00,9.188115782833486e-06,7427.979159321846
2030-01-17 10:00:00+00:00,1.3295638761850382e-05,7428.111292709055
2030-01-17 11:00:00+00:00,1.492523339607844e-05,7428.243053083978
2030-01-17 12:00:00+00:00,1.589348899092286e-05,7428.374611804888
2030-01-17 13:00:00+00:00,1.6417250929265138e-05,7428.506000977859
2030-01-17 14:00:00+00:00,1.655246742062026e-05,7428.637195673624
2030-01-17 15:00:00+00:00,1.695983818821934e-05,7428.7682445635455
2030-01-17 16:00:00+00:00,1.5289198543954818e-05,7428.899128026201
2030-01-17 17:00:00+00:00,1.2862388164352369e-05,7429.029848959096
2030-01-17 18:00:00+00:00,9.096736237155199e-06,7429.160414585806
2030-01-17 19:00:00+00:00,5.03331803068578e-07,7429.290813866964
2030-01-17 20:00:00+00:00,7.1845135013782105e-06,7429.421156484855
2030-01-17 21:00:00+00:00,5.247001509844036e-06,7429.551321558775
2030-01-17 22:00:00+00:00,3.0512194112262996e-06,7429.681328853166
2030-01-17 23:00:00+00:00,1.526098246397974e-05,7429.811283982566
2030-01-18 00:00:00+00:00,1.8002203905154742e-05,7429.941040177106
2030-01-18 01:00:00+00:00,1.9241379629758027e-05,7430.070609788389
2030-01-18 02:00:00+00:00,1.6024671117794497e-05,7430.199970272779
2030-01-18 03:00:00+00:00,2.8681801720912614e-05,7430.329272796619
2030-01-18 04:00:00+00:00,2.9317543654153214e-05,7430.4583250764845
2030-01-18 05:00:00+00:00,2.6941114044134022e-05,7430.587167027498
2030-01-18 06:00:00+00:00,2.0113739363230506e-05,7430.71579497715
2030-01-18 07:00:00+00:00,1.1782758377068348e-05,7430.844208627796
2030-01-18 08:00:00+00:00,2.969723078568196e-06,7430.972483707735
2030-01-18 09:00:00+00:00,0.00043113064824218053,7431.113486785666
2030-01-18 10:00:00+00:00,0.001126004524758516,7431.255986509971
2030-01-18 11:00:00+00:00,0.0015350654201959346,7431.398221673938
2030-01-18 12:00:00+00:00,0.0018403402463739297,7431.540142437602
2030-01-18 13:00:00+00:00,0.002101051545261375,7431.681740023659
2030-01-18 14:00:00+00:00,0.002336841055819126,7431.822967543182
2030-01-18 15:00:00+00:00,0.0025604252699087072,7431.963787863197
2030-01-18 16:00:00+00:00,0.0025897609103003065,7432.096531324637
2030-01-18 17:00:00+00:00,0.0026180640228612713,7432.228924688016
2030-01-18 18:00:00+00:00,0.002645785959131067,7432.361042864939
2030-01-18 19:00:00+00:00,0.0026724769091501376,7432.492913543625
2030-01-18 20:00:00+00:00,0.004127445604314832,7432.639958931917
2030-01-18 21:00:00+00:00,0.005214760647110068,7432.786798720905
2030-01-18 22:00:00+00:00,0.0053486156000828134,7432.926127801293
2030-01-18 23:00:00+00:00,0.00610454817961076,7433.0724684971165
2030-01-19 00:00:00+00:00,0.0067868019779889115,7433.218566898053
2030-01-19 01:00:00+00:00,0.07474334516467894,7433.369058618431
2030-01-19 02:00:00+00:00,0.0753209345240652,7433.514491507737
2030-01-19 03:00:00+00:00,0.07535372988648165,7433.646101568092
2030-01-19 04:00:00+00:00,0.07538698007802135,7433.77747708191
2030-01-19 05:00:00+00:00,0.07542053657749878,7433.908615864212
2030-01-19 06:00:00+00:00,0.07546060114444529,7434.040398683399
2030-01-19 07:00:00+00:00,0.5439558520084623,7434.189831698064
2030-01-19 08:00:00+00:00,0.5439957313277949,7434.321037760485
2030-01-19 09:00:00+00:00,0.5440585197331007,7434.45461981042
2030-01-19 10:00:00+00:00,0.5441380274618236,7434.588887874319
2030-01-19 11:00:00+00:00,0.6555700507848105,7434.737353533761
2030-01-19 12:00:00+00:00,0.8453274402127565,7434.885589007643
2030-01-19 13:00:00+00:00,1.0468855718362906,7435.033570108153
2030-01-19 14:00:00+00:00,1.119317603393925,7435.181210916459
2030-01-19 15:00:00+00:00,1.3721700832775154,7435.328643540983
2030-01-19 16:00:00+00:00,1.6101618726904052,7435.47578714868
2030-01-19 17:00:00+00:00,1.8322991388937633,7435.622637814192
2030-01-19 18:00:00+00:00,2.070143147751879,7435.769208211702
2030-01-19 19:00:00+00:00,2.071368076670073,7435.912609505291
2030-01-19 20:00:00+00:00,2.0731239292024135,7436.056473004436
2030-01-19 21:00:00+00:00,2.2575242134871787,7436.202157810882
2030-01-19 22:00:00+00:00,2.4183440622992087,7436.347569073625
2030-01-19 23:00:00+00:00,2.584025861976193,7436.492711339812
2030-01-20 00:00:00+00:00,2.7237856683310717,7436.637582578061
2030-01-20 01:00:00+00:00,2.9182236644835022,7436.782189835719
2030-01-20 02:00:00+00:00,3.1431359404464247,7436.926522160108
2030-01-20 03:00:00+00:00,3.5047925073097312,7437.070585970585
2030-01-20 04:00:00+00:00,3.818322104253972,7437.214366691398
2030-01-20 05:00:00+00:00,4.191163656288706,7437.357875605202
2030-01-20 06:00:00+00:00,4.191239806166964,7437.486630196678
2030-01-20 07:00:00+00:00,4.255762903932194,7437.629551919806
2030-01-20 08:00:00+00:00,4.307819446022302,7437.77222138992
2030-01-20 09:00:00+00:00,4.365059847622009,7437.914800131307
2030-01-20 10:00:00+00:00,4.365079948949403,7438.036726265432
2030-01-20 11:00:00+00:00,4.365103230223027,7438.158840621908
2030-01-20 12:00:00+00:00,4.365130587063639,7438.280874406311
2030-01-20 13:00:00+00:00,4.365163856627951,7438.402673673811
2030-01-20 14:00:00+00:00,4.36517214628045,7438.521464704208
2030-01-20 15:00:00+00:00,4.365187129684109,7438.640231439851
2030-01-20 16:00:00+00:00,4.365200176887697,7438.758475129878
2030-01-20 17:00:00+00:00,4.365190864142083,7438.874454049218
2030-01-20 18:00:00+00:00,4.365190866491637,7438.990735188407
2030-01-20 19:00:00+00:00,4.365180502884425,7439.106064399243
2030-01-20 20:00:00+00:00,4.365171935754755,7439.221073379887
2030-01-20 21:00:00+00:00,4.365164662666051,7439.335763197733
2030-01-20 22:00:00+00:00,4.365158133943231,7439.450140223701
2030-01-20 23:00:00+00:00,4.365159701107829,7439.564629413035
2030-01-21 00:00:00+00:00,4.36516222001116,7439.678803527539
2030-01-21 01:00:00+00:00,4.365165720405109,7439.79266389422
2030-01-21 02:00:00+00:00,4.365170425831268,7439.906211456406
2030-01-21 03:00:00+00:00,4.365168715785719,7440.019001799105
2030-01-21 04:00:00+00:00,4.365168151971997,7440.13147358585
2030-01-21 05:00:00+00:00,4.365168666666839,7440.243624505973
2030-01-21 06:00:00+00:00,4.365179230180893,7440.3558974863245
2030-01-21 07:00:00+00:00,4.365191330565662,7440.467850718394
2030-01-21 08:00:00+00:00,4.365205203784123,7440.579476085126
2030-01-21 09:00:00+00:00,4.36522153866402,7440.690771111466
2030-01-21 10:00:00+00:00,4.365241184590114,7440.801741203091
2030-01-21 11:00:00+00:00,4.365266316435222,7440.912383677189
2030-01-21 12:00:00+00:00,4.365297979973325,7441.022668031787
2030-01-21 13:00:00+00:00,4.365329417165837,7441.1324963908
2030-01-21 14:00:00+00:00,4.365332905283871,7441.241321317702
2030-01-21 15:00:00+00:00,4.365356143835289,7441.350144315151
2030-01-21 16:00:00+00:00,4.365354917716145,7441.457974072795
2030-01-21 17:00:00+00:00,4.365355861725776,7441.565437882724
2030-01-21 18:00:00+00:00,4.365360022953492,7441.6725857128595
2030-01-21 19:00:00+00:00,4.365366341342209,7441.7793915276225
2030-01-21 20:00:00+00:00,4.36540013578136,7441.886063267689
2030-01-21 21:00:00+00:00,4.365430465010662,7441.992244415206
2030-01-21 22:00:00+00:00,4.3654160556941815,7442.097387207528
2030-01-21 23:00:00+00:00,4.365415106768727,7442.202253430487
2030-01-22 00:00:00+00:00,4.365418399293945,7442.306776516087
2030-01-22 01:00:00+00:00,4.365429093961182,7442.410945406385
2030-01-22 02:00:00+00:00,4.365381654486169,7442.514473883198
2030-01-22 03:00:00+00:00,4.365372291459444,7442.617689153884
2030-01-22 04:00:00+00:00,4.3653552243667155,7442.720522867488
2030-01-22 05:00:00+00:00,4.365342725068688,7442.823005057528
2030-01-22 06:00:00+00:00,4.365333530744202,7442.925132730167
2030-01-22 07:00:00+00:00,4.365326090787786,7443.026899830547
2030-01-22 08:00:00+00:00,4.365319788426646,7443.128308519752
2030-01-22 09:00:00+00:00,4.3653140565002015,7443.229358849295
2030-01-22 10:00:00+00:00,4.365313476543018,7443.330088646667
2030-01-22 11:00:00+00:00,4.365313518443979,7443.430473684281
2030-01-22 12:00:00+00:00,4.365310257517753,7443.530458038963
2030-01-22 13:00:00+00:00,4.365307821692469,7443.630078333765
2030-01-22 14:00:00+00:00,4.3653061695644215,7443.729337390399
2030-01-22 15:00:00+00:00,4.365301812165943,7443.828209533976
2030-01-22 16:00:00+00:00,4.365301411556665,7443.926734082952
2030-01-22 17:00:00+00:00,4.365301467754866,7444.024879547273
2030-01-22 18:00:00+00:00,4.365301909982455,7444.122651402323
2030-01-22 19:00:00+00:00,4.365302720712011,7444.220053895445
2030-01-22 20:00:00+00:00,4.365304783731513,7444.317095882317
2030-01-22 21:00:00+00:00,4.365307297762825,7444.413759971353
2030-01-22 22:00:00+00:00,4.365309840561857,7444.510060089734
2030-01-22 23:00:00+00:00,4.365313109362812,7444.605986592666
2030-01-23 00:00:00+00:00,4.365317123764915,7444.701537732701
2030-01-23 01:00:00+00:00,4.365321903228403,7444.7967061892405
2030-01-23 02:00:00+00:00,4.3653274307186525,7444.8914984343455
2030-01-23 03:00:00+00:00,4.3653339527753845,7444.985916249318
2030-01-23 04:00:00+00:00,4.365342096037403,7445.079960976507
2030-01-23 05:00:00+00:00,4.365352379787743,7445.17362447688
2030-01-23 06:00:00+00:00,4.365359437421596,7445.26688912268
2030-01-23 07:00:00+00:00,4.36535973158048,7445.35972954401
2030-01-23 08:00:00+00:00,4.365360379145689,7445.452190819029
2030-01-23 09:00:00+00:00,4.365366078900517,7445.544294867587
2030-01-23 10:00:00+00:00,4.3653733162015875,7445.6360149267675
2030-01-23 11:00:00+00:00,4.365369260205714,7445.727293183546
2030-01-23 12:00:00+00:00,4.365369323484058,7445.818216181551
2030-01-23 13:00:00+00:00,4.365367727797225,7445.908755128067
2030-01-23 14:00:00+00:00,4.365367163196301,7445.998932158985
2030-01-23 15:00:00+00:00,4.365368316987201,7446.0887275034665
2030-01-23 16:00:00+00:00,4.365269199961677,7446.178062775306
2030-01-23 17:00:00+00:00,4.36527105919399,7446.267070169672
2030-01-23 18:00:00+00:00,4.365272748126179,7446.355686269843
2030-01-23 19:00:00+00:00,4.365274653392465,7446.443906353968
2030-01-23 20:00:00+00:00,4.365282449168811,7446.531747107748
2030-01-23 21:00:00+00:00,4.365290639804529,7446.619191300067
2030-01-23 22:00:00+00:00,4.365299771841836,7446.706235807687
2030-01-23 23:00:00+00:00,4.36531014130757,7446.792888706823
2030-01-24 00:00:00+00:00,4.365322196890487,7446.87913204025
2030-01-24 01:00:00+00:00,4.365336678125163,7446.964963946425
2030-01-24 02:00:00+00:00,4.365355264098793,7447.050390429805
2030-01-24 03:00:00+00:00,4.365381682396353,7447.135408566345
2030-01-24 04:00:00+00:00,4.365438941953114,7447.2200206862535
2030-01-24 05:00:00+00:00,4.36539919977498,7447.304089714062
2030-01-24 06:00:00+00:00,4.365284219475033,7447.3877275908435
2030-01-24 07:00:00+00:00,4.365218488130321,7447.470957073456
2030-01-24 08:00:00+00:00,4.3652079205992464,7447.553788127261
2030-01-24 09:00:00+00:00,4.365198574439321,7447.636208290224
2030-01-24 10:00:00+00:00,4.365189512647897,7447.718211994227
2030-01-24 11:00:00+00:00,4.365180870224948,7447.799804052844
2030-01-24 12:00:00+00:00,4.365166062736776,7447.880977895563
2030-01-24 13:00:00+00:00,4.365142854385526,7447.961736379696
2030-01-24 14:00:00+00:00,4.365120504002396,7448.0420796751305
2030-01-24 15:00:00+00:00,4.365099729719524,7448.122002636232
2030-01-24 16:00:00+00:00,4.167101167011182,7448.201510277385
2030-01-24 17:00:00+00:00,3.0124076350673525,7448.2805877011015
2030-01-24 18:00:00+00:00,2.9054948927457205,7448.359270623222
2030-01-24 19:00:00+00:00,2.905480784129106,7448.437545783896
2030-01-24 20:00:00+00:00,2.90546614741043,7448.515402717113
2030-01-24 21:00:00+00:00,2.8204520342032544,7448.592824829798
2030-01-24 22:00:00+00:00,2.8203440461809985,7448.6698248567545
2030-01-24 23:00:00+00:00,2.8202914719261845,7448.746404754386
2030-01-25 00:00:00+00:00,2.748994256801259,7448.8225552670165
2030-01-25 01:00:00+00:00,2.748978416533836,7448.898285598983
2030-01-25 02:00:00+00:00,2.7489626181268094,7448.973588921493
2030-01-25 03:00:00+00:00,2.748947244588287,7449.048466729027
2030-01-25 04:00:00+00:00,2.660124959833249,7449.122907320024
2030-01-25 05:00:00+00:00,1.5054311886842202,7449.196902590902
2030-01-25 06:00:00+00:00,0.35075818020108696,7449.270479454899
2030-01-25 07:00:00+00:00,0.17832190633768774,7449.343631183038
2030-01-25 08:00:00+00:00,7.035392755949771e-06,7449.4163493696
2030-01-25 09:00:00+00:00,2.687389672967202e-06,7449.488695642227
2030-01-25 10:00:00+00:00,1.8924107933502905e-05,7449.560780920438
2030-01-25 11:00:00+00:00,2.3894092412062386e-05,7449.632433162442
2030-01-25 12:00:00+00:00,2.5324111001063223e-05,7449.703649353321
2030-01-25 13:00:00+00:00,2.4046052143691437e-05,7449.774435467581
2030-01-25 14:00:00+00:00,1.936406848679671e-05,7449.844783353719
2030-01-25 15:00:00+00:00,5.782730317182875e-06,7449.9146963267485
2030-01-25 16:00:00+00:00,3.7868987050637616e-06,7449.9844532837205
2030-01-25 17:00:00+00:00,8.55769306645948e-06,7450.055242758645
2030-01-25 18:00:00+00:00,2.426234738351919e-05,7450.133595465641
2030-01-25 19:00:00+00:00,3.4073559426553974e-05,7450.311029437787
2030-01-25 20:00:00+00:00,3.7894668950838835e-05,7451.470216488277
2030-01-25 21:00:00+00:00,5.6251828615680045e-05,7452.642272217291
2030-01-25 22:00:00+00:00,5.14218235205266e-05,7453.811035146454
2030-01-25 23:00:00+00:00,4.901465827278096e-05,7454.982761829246
2030-01-26 00:00:00+00:00,3.116761528734564e-05,7456.154051608074
2030-01-26 01:00:00+00:00,0.000540945530390478,7457.328165414296
2030-01-26 02:00:00+00:00,0.0005592489905149682,7458.501451428172
2030-01-26 03:00:00+00:00,0.0005738900642786469,7459.6742624957205
2030-01-26 04:00:00+00:00,0.0005754693880055891,7460.846349923957
2030-01-26 05:00:00+00:00,0.0005734447752620281,7462.01792095842
2030-01-26 06:00:00+00:00,0.0005697495890942754,7463.189047388779
2030-01-26 07:00:00+00:00,0.0005669172668917643,7464.359798903303
2030-01-26 08:00:00+00:00,0.0005648655798859368,7465.530204360858
2030-01-26 09:00:00+00:00,0.0005675784817526369,7466.700321998141
2030-01-26 10:00:00+00:00,0.0005797026888352531,7467.870206298882
2030-01-26 11:00:00+00:00,0.0005793618581320149,7469.039443016669
2030-01-26 12:00:00+00:00,0.0005780140799456395,7470.208229852391
2030-01-26 13:00:00+00:00,0.0005752633318849204,7471.376567211552
2030-01-26 14:00:00+00:00,0.0005571441727612691,7472.5441056668205
2030-01-26 15:00:00+00:00,0.0005345757917135442,7473.711148582522
2030-01-26 16:00:00+00:00,0.00030856202325214925,7474.876832561049
2030-01-26 17:00:00+00:00,0.00026475441607849237,7476.042797784818
2030-01-26 18:00:00+00:00,0.00014047867211985864,7477.208092388453
2030-01-26 19:00:00+00:00,7.92220044409773e-05,7478.373381227489
2030-01-26 20:00:00+00:00,5.020353959732416e-06,7479.538556283873
2030-01-26 21:00:00+00:00,0.0006058768548334124,7480.704887737106
2030-01-26 22:00:00+00:00,0.0008724021387904881,7481.870765741242
2030-01-26 23:00:00+00:00,0.0009202455963675739,7483.036167026841
2030-01-27 00:00:00+00:00,0.0009583213606245391,7484.201119555967
2030-01-27 01:00:00+00:00,0.0009873106783261012,7485.3656265101645
2030-01-27 02:00:00+00:00,0.001009943909863596,7486.529696998984
2030-01-27 03:00:00+00:00,0.0010796423560280432,7487.693437722931
2030-01-27 04:00:00+00:00,0.0011398217706925556,7488.856853576716
2030-01-27 05:00:00+00:00,0.0011920143705018912,7490.019998723389
2030-01-27 06:00:00+00:00,0.0012368175474022824,7491.18283499055
2030-01-27 07:00:00+00:00,0.001275472273605942,7492.345258797985
2030-01-27 08:00:00+00:00,0.0013047992613771967,7493.507260512846
2030-01-27 09:00:00+00:00,0.0013325909868726956,7494.668802682043
2030-01-27 10:00:00+00:00,0.0013547237857808494,7495.830083239995
2030-01-27 11:00:00+00:00,0.0013720367478981324,7496.991738949527
2030-01-27 12:00:00+00:00,0.0013849329016581591,7498.153964664936
2030-01-27 13:00:00+00:00,0.0013936562837106804,7499.3165419242405
2030-01-27 14:00:00+00:00,0.0013992522667962454,7500.479449748549
2030-01-27 15:00:00+00:00,0.001402986420006019,7501.642517368287
2030-01-27 16:00:00+00:00,0.0013746340479255767,7502.80554505182
2030-01-27 17:00:00+00:00,0.0013752329920785975,7503.9684603089
2030-01-27 18:00:00+00:00,0.0013710273090803294,7505.131124365729
2030-01-27 19:00:00+00:00,0.0013618438923119062,7506.29343452351
2030-01-27 20:00:00+00:00,0.001348305264929831,7507.455460641857
2030-01-27 21:00:00+00:00,0.001329161702909668,7508.617193472663
2030-01-27 22:00:00+00:00,0.0012652337121094662,7509.77855927796
2030-01-27 23:00:00+00:00,0.0011926968970572692,7510.939557603656
2030-01-28 00:00:00+00:00,0.0011077570845187882,7512.100169707705
2030-01-28 01:00:00+00:00,0.0010081416836191246,7513.260370798199
2030-01-28 02:00:00+00:00,0.0008885522051548329,7514.420151881475
2030-01-28 03:00:00+00:00,0.0007388469920943726,7515.579515566468
2030-01-28 04:00:00+00:00,0.0006811504120062226,7516.738478337618
2030-01-28 05:00:00+00:00,0.0006039922797491916,7517.89700677642
2030-01-28 06:00:00+00:00,0.0005013904794143694,7519.055099401604
2030-01-28 07:00:00+00:00,0.00035158879909169045,7520.212817693162
2030-01-28 08:00:00+00:00,1.7523539719313304e-05,7521.370248300138
2030-01-28 09:00:00+00:00,0.0003661173593334621,7522.527741368102
2030-01-28 10:00:00+00:00,0.0005442776702905323,7523.685018652067
2030-01-28 11:00:00+00:00,0.0005617675273276932,7524.842150980285
2030-01-28 12:00:00+00:00,0.0007206855947585617,7525.999122154656
2030-01-28 13:00:00+00:00,0.0008211754049604605,7527.155936425587
2030-01-28 14:00:00+00:00,0.0008462439269298569,7528.312574906859
2030-01-28 15:00:00+00:00,0.0008235139121109136,7529.468989774408
2030-01-28 16:00:00+00:00,0.0007826962377703226,7530.625084693825
2030-01-28 17:00:00+00:00,0.0007168801041962168,7531.780830020512
2030-01-28 18:00:00+00:00,0.0006935690630893532,7532.9362337798675
2030-01-28 19:00:00+00:00,0.0006496752905288675,7534.091335198805
2030-01-28 20:00:00+00:00,0.0004535201617055484,7535.246157419889
2030-01-28 21:00:00+00:00,2.0100970425628592e-05,7536.40077257751
2030-01-28 22:00:00+00:00,0.0015255436841273946,7537.555353804309
2030-01-28 23:00:00+00:00,0.0022527367188758607,7538.710027475497
2030-01-29 00:00:00+00:00,0.00275542174427623,7539.8649639236255
2030-01-29 01:00:00+00:00,0.0031387656228253715,7541.020120744644
2030-01-29 02:00:00+00:00,0.0031890909243223156,7542.17564850643
2030-01-29 03:00:00+00:00,0.0032040384775548617,7543.3317874500635
2030-01-29 04:00:00+00:00,0.0031863409156973445,7544.488618323316
2030-01-29 05:00:00+00:00,0.003323598983958536,7545.646060287247
2030-01-29 06:00:00+00:00,0.003233141667450605,7546.804695520059
2030-01-29 07:00:00+00:00,0.003083607259779085,7547.967057419958
2030-01-29 08:00:00+00:00,0.0028696558950225565,7549.133104511832
2030-01-29 09:00:00+00:00,0.0025547185187704026,7550.3056168238
2030-01-29 10:00:00+00:00,0.0020474168122847614,7551.493229913088
2030-01-29 11:00:00+00:00,0.00500329081562172,7552.685079397421
2030-01-29 12:00:00+00:00,0.06229438457554604,7553.884247123754
2030-01-29 13:00:00+00:00,0.594957053613959,7555.086959199266
2030-01-29 14:00:00+00:00,1.1702399390671505,7556.29159480886
2030-01-29 15:00:00+00:00,1.6381915668505396,7557.496805977211
2030-01-29 16:00:00+00:00,2.0431997706297067,7558.70272317282
2030-01-29 17:00:00+00:00,2.4533468775802416,7559.909285036052
2030-01-29 18:00:00+00:00,2.863304605315184,7561.116016489901
2030-01-29 19:00:00+00:00,3.312611438372868,7562.322668228199
2030-01-29 20:00:00+00:00,3.7995116490647916,7563.529079176837
2030-01-29 21:00:00+00:00,4.364964617402654,7564.735327447966
2030-01-29 22:00:00+00:00,4.364227293694769,7565.941470192742
2030-01-29 23:00:00+00:00,4.36372122011985,7567.147622385778
2030-01-30 00:00:00+00:00,4.363373407606955,7568.35377880808
2030-01-30 01:00:00+00:00,4.363095045984086,7569.560019336661
2030-01-30 02:00:00+00:00,4.3628769678535235,7570.766523510445
2030-01-30 03:00:00+00:00,4.3627247993934954,7571.973122497717
2030-01-30 04:00:00+00:00,4.362630468605187,7573.179546644887
2030-01-30 05:00:00+00:00,4.362560047976747,7574.385582464506
2030-01-30 06:00:00+00:00,4.362523031709808,7575.5913199802
2030-01-30 07:00:00+00:00,4.362518733447755,7576.79688755421
2030-01-30 08:00:00+00:00,4.362551341962434,7578.00252130724
2030-01-30 09:00:00+00:00,4.362613144827433,7579.208814992814
2030-01-30 10:00:00+00:00,4.362665627174156,7580.416448900707
2030-01-30 11:00:00+00:00,4.3627404708509285,7581.628633652971
2030-01-30 12:00:00+00:00,4.362856317606078,7582.849184785682
2030-01-30 13:00:00+00:00,4.363036298552337,7584.081554499724
2030-01-30 14:00:00+00:00,4.363359154786786,7585.316602511969
2030-01-30 15:00:00+00:00,4.363968794222514,7586.551922011127
2030-01-30 16:00:00+00:00,4.365438976078719,7587.786984273833
2030-01-30 17:00:00+00:00,4.365430309140755,7589.02129753341
2030-01-30 18:00:00+00:00,4.0756788659761245,7590.254722548866
2030-01-30 19:00:00+00:00,3.9700197621208106,7591.487696851326
2030-01-30 20:00:00+00:00,3.9643283807191536,7592.720221390949
2030-01-30 21:00:00+00:00,3.9558012373862534,7593.952291604904
2030-01-30 22:00:00+00:00,3.856230533831782,7595.183918628035
2030-01-30 23:00:00+00:00,3.8561139098396753,7596.415182627424
2030-01-31 00:00:00+00:00,3.7786619828340213,7597.645931433444
2030-01-31 01:00:00+00:00,3.7080445265078072,7598.876235167493
2030-01-31 02:00:00+00:00,3.644155360597682,7600.106086958537
2030-01-31 03:00:00+00:00,3.5857235355510757,7601.335500250934
2030-01-31 04:00:00+00:00,3.532025964912347,7602.564478407822
2030-01-31 05:00:00+00:00,3.481279800811589,7603.793029457595
2030-01-31 06:00:00+00:00,3.433334234265438,7605.021161398093
2030-01-31 07:00:00+00:00,3.3963817908790563,7606.248848193719
2030-01-31 08:00:00+00:00,3.396551125472899,7607.4764614670175
2030-01-31 09:00:00+00:00,3.396788081519837,7608.703654348348
2030-01-31 10:00:00+00:00,3.3970910054689605,7609.930497157813
2030-01-31 11:00:00+00:00,3.397784134658822,7611.157178769362
2030-01-31 12:00:00+00:00,3.3995793972414563,7612.383918994216
2030-01-31 13:00:00+00:00,3.4062976248593992,7613.611333984213
2030-01-31 14:00:00+00:00,4.264629999805536,7614.839095445957
2030-01-31 15:00:00+00:00,4.365218793890821,7616.066915639234
2030-01-31 16:00:00+00:00,4.365389200467871,7617.29449010806
2030-01-31 17:00:00+00:00,4.3652573732693005,7618.521446726287
2030-01-31 18:00:00+00:00,4.3651933348523535,7619.74810335235
2030-01-31 19:00:00+00:00,4.365147689492128,7620.974425520629
2030-01-31 20:00:00+00:00,4.365113624529963,7622.200333231278
2030-01-31 21:00:00+00:00,4.365086706476233,7623.425832007867
2030-01-31 22:00:00+00:00,4.365080431336988,7624.651003875394
2030-01-31 23:00:00+00:00,4.365076626485331,7625.875787435571
2030-02-01 00:00:00+00:00,4.365075135597946,7627.100191667885
2030-02-01 01:00:00+00:00,4.365076937759877,7628.324225857873
2030-02-01 02:00:00+00:00,4.365082464003774,7629.547908426643
2030-02-01 03:00:00+00:00,4.365082201726259,7630.771262628372
2030-02-01 04:00:00+00:00,4.365107807675392,7631.994588304687
2030-02-01 05:00:00+00:00,4.365335070764277,7633.218262533654
2030-02-01 06:00:00+00:00,4.365438776881495,7634.442571687703
2030-02-01 07:00:00+00:00,4.36539573557251,7634.5811296332695
2030-02-01 08:00:00+00:00,4.3653838815933454,7634.739616994349
2030-02-01 09:00:00+00:00,4.365375859133794,7634.877868248299
2030-02-01 10:00:00+00:00,4.156204961348126,7635.002887072532
2030-02-01 11:00:00+00:00,3.820458678449296,7635.129946942371
2030-02-01 12:00:00+00:00,3.4753829030285956,7635.25790865014
2030-02-01 13:00:00+00:00,2.325726704059832,7635.38640441061
2030-02-01 14:00:00+00:00,1.7078782818701062,7635.515458732232
2030-02-01 15:00:00+00:00,1.4410953828686337,7635.644804468699
2030-02-01 16:00:00+00:00,1.13651937255817,7635.775041358585
2030-02-01 17:00:00+00:00,1.076058402559276,7635.9063048415965
2030-02-01 18:00:00+00:00,1.075586865037411,7636.039154726722
2030-02-01 19:00:00+00:00,0.6250739060116701,7636.17313908023
2030-02-01 20:00:00+00:00,0.6054537004687196,7636.307912948889
2030-02-01 21:00:00+00:00,4.101694202403792e-05,7636.442925233668
2030-02-01 22:00:00+00:00,5.008472668217966e-06,7636.582000517971
2030-02-01 23:00:00+00:00,1.2763086490718348e-05,7637.822562388304
2030-02-02 00:00:00+00:00,0.00036140166747539225,7639.063703714046
2030-02-02 01:00:00+00:00,0.0005184380079313532,7640.304574667674
2030-02-02 02:00:00+00:00,0.2780368592533275,7641.545197629131
2030-02-02 03:00:00+00:00,0.5381961474572755,7642.785580201919
2030-02-02 04:00:00+00:00,0.7632957715795429,7644.025795576385
2030-02-02 05:00:00+00:00,0.9585581242752018,7645.265876476791
2030-02-02 06:00:00+00:00,1.1547949229161802,7646.505835698431
2030-02-02 07:00:00+00:00,1.3452875033316856,7647.74584036993
2030-02-02 08:00:00+00:00,1.5058797075542596,7648.986007879024
2030-02-02 09:00:00+00:00,1.5073096231099137,7650.226345482458
2030-02-02 10:00:00+00:00,1.6573303228779208,7651.466771323318
2030-02-02 11:00:00+00:00,1.6578660683968638,7652.70711665612
2030-02-02 12:00:00+00:00,1.7486814278048393,7653.94736667383
2030-02-02 13:00:00+00:00,1.7491765520385656,7655.187461388729
2030-02-02 14:00:00+00:00,2.152226575854695,7656.427373381455
2030-02-02 15:00:00+00:00,2.2587995822772693,7657.6670379796415
2030-02-02 16:00:00+00:00,2.310078306644323,7658.906437436036
2030-02-02 17:00:00+00:00,2.3100231154967408,7660.145100323977
2030-02-02 18:00:00+00:00,2.3099673325951744,7661.38348857103
2030-02-02 19:00:00+00:00,2.3099115576323452,7662.621594974079
2030-02-02 20:00:00+00:00,2.3098558274743994,7663.8594206883145
2030-02-02 21:00:00+00:00,2.3098004757659667,7665.096972478987
2030-02-02 22:00:00+00:00,2.3097448975808192,7666.334252300491
2030-02-02 23:00:00+00:00,2.3096881130871543,7667.571265214543
2030-02-03 00:00:00+00:00,2.3096292575361934,7668.808008220557
2030-02-03 01:00:00+00:00,2.309605966100741,7670.044598618365
2030-02-03 02:00:00+00:00,2.3095488416301224,7671.280801782476
2030-02-03 03:00:00+00:00,2.309493011922716,7672.516655892488
2030-02-03 04:00:00+00:00,2.3094382625950383,7673.752131183149
2030-02-03 05:00:00+00:00,1.1547555770615403,7674.98515979412
2030-02-03 06:00:00+00:00,0.0001382397459619289,7676.219395557802
2030-02-03 07:00:00+00:00,2.422503083505199e-05,7677.453727828969
2030-02-03 08:00:00+00:00,0.00032107030641609114,7678.688326836431
2030-02-03 09:00:00+00:00,0.00035444398923828034,7679.922408562538
2030-02-03 10:00:00+00:00,0.0004216540575754906,7681.155648325178
2030-02-03 11:00:00+00:00,0.0004684381120462924,7682.387396588217
2030-02-03 12:00:00+00:00,0.0005032961164173454,7683.617740841782
2030-02-03 13:00:00+00:00,0.0005301447436289553,7684.847017129596
2030-02-03 14:00:00+00:00,0.0005507064256531872,7686.075264164329
2030-02-03 15:00:00+00:00,0.0005653625747863499,7687.3026801481665
2030-02-03 16:00:00+00:00,0.0005755323258967329,7688.529541120272
2030-02-03 17:00:00+00:00,0.0005591116109052484,7689.7559624788055
2030-02-03 18:00:00+00:00,0.0005367807099097791,7690.982150495255
2030-02-03 19:00:00+00:00,0.0005080281040136687,7692.208364101699
2030-02-03 20:00:00+00:00,0.0004981867314693504,7693.4345346732
2030-02-03 21:00:00+00:00,0.00048123179577226263,7694.6606118196
2030-02-03 22:00:00+00:00,0.00042193995142134625,7695.886594445852
2030-02-03 23:00:00+00:00,0.00034348577235250073,7697.112596914487
2030-02-04 00:00:00+00:00,0.000339563169120858,7698.338749668804
2030-02-04 01:00:00+00:00,0.00033225173520855185,7699.565078462222
2030-02-04 02:00:00+00:00,0.000315354800515763,7700.791738928973
2030-02-04 03:00:00+00:00,0.000245120827040192,7702.018715643226
2030-02-04 04:00:00+00:00,0.00012689002144987256,7703.246089227269
2030-02-04 05:00:00+00:00,1.8541792025528595e-05,7704.47386901738
2030-02-04 06:00:00+00:00,2.4430900950713758e-05,7705.702224504966
2030-02-04 07:00:00+00:00,1.2206080028285934e-05,7706.931105828098
2030-02-04 08:00:00+00:00,0.027211102283888282,7708.16043208612
2030-02-04 09:00:00+00:00,0.04360943508199296,7709.389988977184
2030-02-04 10:00:00+00:00,0.0470922813727231,7710.620129893428
2030-02-04 11:00:00+00:00,0.05245667960801833,7711.850581121774
2030-02-04 12:00:00+00:00,0.05748002495343581,7713.081305486677
2030-02-04 13:00:00+00:00,0.06059277247079486,7714.312272431853
2030-02-04 14:00:00+00:00,0.0625298114347652,7715.543318444536
2030-02-04 15:00:00+00:00,0.06426969832999696,7716.774272603527
2030-02-04 16:00:00+00:00,0.0654397629250312,7718.005166957667
2030-02-04 17:00:00+00:00,0.06585103371368277,7719.236102463268
2030-02-04 18:00:00+00:00,0.06625518563594375,7720.467238952426
2030-02-04 19:00:00+00:00,0.06664963239509146,7721.69857923688
2030-02-04 20:00:00+00:00,0.06703931124873962,7722.929956258954
2030-02-04 21:00:00+00:00,0.06741780848665561,7724.161160602045
2030-02-04 22:00:00+00:00,0.06779144463862442,7725.391990634035
2030-02-04 23:00:00+00:00,0.06870073580338956,7726.622198561993
2030-02-05 00:00:00+00:00,0.07203037584738639,7727.851687777962
2030-02-05 01:00:00+00:00,0.07532814631049621,7729.080602996985
2030-02-05 02:00:00+00:00,0.07924220858779889,7730.308766982524
2030-02-05 03:00:00+00:00,0.08566237688153865,7731.5359460003365
2030-02-05 04:00:00+00:00,0.09734521511384284,7732.762180247323
2030-02-05 05:00:00+00:00,0.43999819607116925,7733.9879949260385
2030-02-05 06:00:00+00:00,0.7813731155658286,7735.213703585575
2030-02-05 07:00:00+00:00,1.1286055802088946,7736.437149608028
2030-02-05 08:00:00+00:00,1.987783255980958,7737.657340521239
2030-02-05 09:00:00+00:00,2.8472637777397307,7738.871073938331
2030-02-05 10:00:00+00:00,3.5564068989572895,7740.069421184597
2030-02-05 11:00:00+00:00,3.7931010916344143,7741.2631570742415
2030-02-05 12:00:00+00:00,3.830835459816534,7742.449258114733
2030-02-05 13:00:00+00:00,3.833996020244493,7743.631592563032
2030-02-05 14:00:00+00:00,3.8367792840445984,7744.811838613003
2030-02-05 15:00:00+00:00,4.365419109706113,7745.991262923849
2030-02-05 16:00:00+00:00,4.365434731719256,7747.169510611115
2030-02-05 17:00:00+00:00,4.365352712266155,7748.346427724903
2030-02-05 18:00:00+00:00,4.3653287977593935,7749.522724857089
2030-02-05 19:00:00+00:00,4.36534706833795,7750.69865610104
2030-02-05 20:00:00+00:00,4.365418996829561,7751.874367114082
2030-02-05 21:00:00+00:00,4.365102379419706,7753.04941892941
2030-02-05 22:00:00+00:00,4.0445254779840605,7754.224057771539
2030-02-05 23:00:00+00:00,3.7023738697208786,7755.398276664687
2030-02-06 00:00:00+00:00,3.3845470155217137,7756.572092853881
2030-02-06 01:00:00+00:00,3.109160270977778,7757.745435335592
2030-02-06 02:00:00+00:00,2.840307966330341,7758.9181138011045
2030-02-06 03:00:00+00:00,2.567528098695426,7760.0903027948025
2030-02-06 04:00:00+00:00,2.392616568857053,7761.262290198886
2030-02-06 05:00:00+00:00,2.1173200229809517,7762.434322705407
2030-02-06 06:00:00+00:00,1.9463188920897918,7763.606319208926
2030-02-06 07:00:00+00:00,1.9463178637669776,7764.778380927041
2030-02-06 08:00:00+00:00,1.9463028532788178,7765.950076255649
2030-02-06 09:00:00+00:00,1.9462975504729443,7767.120955983999
2030-02-06 10:00:00+00:00,1.946269238004523,7768.290206518076
2030-02-06 11:00:00+00:00,2.0442149423583436,7769.454855164193
2030-02-06 12:00:00+00:00,2.1937374405646826,7770.610948276777
2030-02-06 13:00:00+00:00,2.2767480052991145,7771.754951763674
2030-02-06 14:00:00+00:00,3.1427402118144676,7772.896112869961
2030-02-06 15:00:00+00:00,3.2354267122117597,7774.036512178487
2030-02-06 16:00:00+00:00,3.2827958668159423,7775.176829372514
2030-02-06 17:00:00+00:00,3.282907113816424,7776.317141189208
2030-02-06 18:00:00+00:00,3.283018390525539,7777.457533411553
2030-02-06 19:00:00+00:00,3.283127993446937,7778.5980824637145
2030-02-06 20:00:00+00:00,3.296908291066915,7779.7388079147
2030-02-06 21:00:00+00:00,3.297479880194352,7780.879668522317
2030-02-06 22:00:00+00:00,3.4244390088773886,7782.020673568994
2030-02-06 23:00:00+00:00,3.5777858065749197,7783.161805240308
2030-02-07 00:00:00+00:00,3.755965146579271,7784.303078455283
2030-02-07 01:00:00+00:00,3.9972909674438584,7785.444516393934
2030-02-07 02:00:00+00:00,4.267935668493776,7786.586124310015
2030-02-07 03:00:00+00:00,4.3654393615711395,7787.7278946176075
2030-02-07 04:00:00+00:00,4.365422388763972,7788.866692769845
2030-02-07 05:00:00+00:00,4.365418483613228,7790.003715207722
2030-02-07 06:00:00+00:00,4.365371924026204,7790.050156048193
2030-02-07 07:00:00+00:00,4.365349286201028,7790.096775333004
2030-02-07 08:00:00+00:00,4.365345450155598,7790.23605054798
2030-02-07 09:00:00+00:00,4.3653454093014865,7790.377090201457
2030-02-07 10:00:00+00:00,4.365349838826567,7790.515741663544
2030-02-07 11:00:00+00:00,4.365359067015554,7790.657085801316
2030-02-07 12:00:00+00:00,4.365376567632469,7790.798424160939
2030-02-07 13:00:00+00:00,4.3654161193796925,7790.939142199716
2030-02-07 14:00:00+00:00,4.365417353957511,7790.976422653479
2030-02-07 15:00:00+00:00,4.365439274096896,7791.013714243707
2030-02-07 16:00:00+00:00,4.365424366435479,7791.047389915454
2030-02-07 17:00:00+00:00,4.36541595859242,7791.080957426969
2030-02-07 18:00:00+00:00,4.365393790161961,7791.114497851282
2030-02-07 19:00:00+00:00,4.365380928362747,7791.148137720728
2030-02-07 20:00:00+00:00,4.365372339119328,7791.181960531859
2030-02-07 21:00:00+00:00,4.3653696038900955,7791.216011608745
2030-02-07 22:00:00+00:00,4.365368549516996,7791.250254647034
2030-02-07 23:00:00+00:00,4.365369757031474,7791.28467848548
2030-02-08 00:00:00+00:00,4.365372275046651,7791.319271101939
2030-02-08 01:00:00+00:00,4.365376445528014,7791.354036616536
2030-02-08 02:00:00+00:00,4.365376450969357,7791.388902122972
2030-02-08 03:00:00+00:00,4.365385669432179,7791.4239002844
2030-02-08 04:00:00+00:00,4.3653878847798016,7791.458772393492
2030-02-08 05:00:00+00:00,4.365393010295694,7791.493213021667
2030-02-08 06:00:00+00:00,4.365394665604415,7791.526700631958
2030-02-08 07:00:00+00:00,4.365389996062849,7791.558727059626
2030-02-08 08:00:00+00:00,4.365386693881513,7791.588902114253
2030-02-08 09:00:00+00:00,4.365384776557772,7791.616867235703
2030-02-08 10:00:00+00:00,4.365384189069455,7791.642503027055
2030-02-08 11:00:00+00:00,4.3653847889491,7791.665940689878
2030-02-08 12:00:00+00:00,4.365386761513509,7791.688347114787
2030-02-08 13:00:00+00:00,4.3653902996131695,7791.710065913652
2030-02-08 14:00:00+00:00,4.365390697236297,7791.731068424769
2030-02-08 15:00:00+00:00,4.365322586285046,7791.751549479603
2030-02-08 16:00:00+00:00,3.889209142711183,7791.77098981336
2030-02-08 17:00:00+00:00,3.5661945182889445,7791.789265568872
2030-02-08 18:00:00+00:00,3.3163450092020863,7791.80594636374
2030-02-08 19:00:00+00:00,3.0989626026742862,7791.821234321903
2030-02-08 20:00:00+00:00,2.8974827359563537,7791.83561543062
2030-02-08 21:00:00+00:00,2.716886018213693,7791.849636931689
2030-02-08 22:00:00+00:00,2.5499467145668437,7791.863631287098
2030-02-08 23:00:00+00:00,2.386873349660411,7791.87768741551
2030-02-09 00:00:00+00:00,2.386854393227777,7791.89184865713
2030-02-09 01:00:00+00:00,2.3868346903299256,7791.906176349273
2030-02-09 02:00:00+00:00,2.3868147272865725,7791.920707179105
2030-02-09 03:00:00+00:00,2.3867948953457496,7791.935388550405
2030-02-09 04:00:00+00:00,2.2320197514593487,7791.950149105853
2030-02-09 05:00:00+00:00,2.073952656434654,7791.964963423284
2030-02-09 06:00:00+00:00,1.915430462259098,7791.979831832468
2030-02-09 07:00:00+00:00,1.755421295573689,7791.994588676722
2030-02-09 08:00:00+00:00,1.6152251961509452,7792.00912014039
2030-02-09 09:00:00+00:00,1.538126742519496,7792.0234165708325
2030-02-09 10:00:00+00:00,1.5381042835963388,7792.037594024978
2030-02-09 11:00:00+00:00,1.5380817009649153,7792.051777155256
2030-02-09 12:00:00+00:00,1.5380592200577636,7792.066029046123
2030-02-09 13:00:00+00:00,1.5380370816697964,7792.080382304172
2030-02-09 14:00:00+00:00,1.538015395287535,7792.094913336164
2030-02-09 15:00:00+00:00,1.5379945077565786,7792.1096604045615
2030-02-09 16:00:00+00:00,1.4594411487650636,7792.124631904628
2030-02-09 17:00:00+00:00,0.30474429065197206,7792.139783091097
2030-02-09 18:00:00+00:00,0.19758874669020263,7792.155253868574
2030-02-09 19:00:00+00:00,3.6054504139280124e-05,7792.170977660313
2030-02-09 20:00:00+00:00,2.8974320504185472e-05,7792.187001148173
2030-02-09 21:00:00+00:00,2.7566002601351914e-05,7792.2033206876395
2030-02-09 22:00:00+00:00,2.3301263921776987e-05,7792.21988797935
2030-02-09 23:00:00+00:00,1.938731604813249e-05,7792.236735896662
2030-02-10 00:00:00+00:00,2.84768485188448e-06,7792.253831470643
2030-02-10 01:00:00+00:00,1.0714766146618577e-05,7792.272042827017
2030-02-10 02:00:00+00:00,2.361942015067462e-05,7792.291417698092
2030-02-10 03:00:00+00:00,2.785116773982768e-05,7792.3113107195995
2030-02-10 04:00:00+00:00,1.2169814111353133e-05,7792.33102462709
2030-02-10 05:00:00+00:00,1.69669200743539e-05,7792.359147606206
2030-02-10 06:00:00+00:00,1.8241403489617813e-05,7793.455345781201
2030-02-10 07:00:00+00:00,4.641394063480504e-06,7794.575779924935
2030-02-10 08:00:00+00:00,1.860650557778356e-05,7795.704288606037
2030-02-10 09:00:00+00:00,0.04763127654607446,7796.833364271312
2030-02-10 10:00:00+00:00,0.10838716500582252,7797.962677562106
2030-02-10 11:00:00+00:00,0.18345861336669256,7799.0921989341405
2030-02-10 12:00:00+00:00,0.22667356317731802,7800.221927180624
2030-02-10 13:00:00+00:00,0.26041721841409693,7801.351893171015
2030-02-10 14:00:00+00:00,0.693156699458903,7802.482115378232
2030-02-10 15:00:00+00:00,1.3956891654267214,7803.612513152193
2030-02-10 16:00:00+00:00,1.9135621822394808,7804.742937369048
2030-02-10 17:00:00+00:00,2.3931253283635363,7805.873350828832
2030-02-10 18:00:00+00:00,2.894965609519293,7807.003716967272
2030-02-10 19:00:00+00:00,3.3393323447725316,7808.134012780283
2030-02-10 20:00:00+00:00,3.829882899599229,7809.264277148649
2030-02-10 21:00:00+00:00,4.364875747193827,7810.39453212724
2030-02-10 22:00:00+00:00,4.364908293612584,7811.524724012655
2030-02-10 23:00:00+00:00,4.364949304224943,7812.654872235091
2030-02-11 00:00:00+00:00,4.364993649226279,7813.784973108464
2030-02-11 01:00:00+00:00,4.365055478567254,7814.914948952616
2030-02-11 02:00:00+00:00,4.365154264802945,7816.044645484247
2030-02-11 03:00:00+00:00,4.365426377715531,7817.174043063667
2030-02-11 04:00:00+00:00,4.3654291368707625,7818.302729635657
2030-02-11 05:00:00+00:00,4.365413034895048,7819.4302912145995
2030-02-11 06:00:00+00:00,4.365383157903084,7820.556540944502
2030-02-11 07:00:00+00:00,4.365373203474716,7821.682350726111
2030-02-11 08:00:00+00:00,4.365387971090111,7822.808232904052
2030-02-11 09:00:00+00:00,4.365434647811754,7823.933670712113
2030-02-11 10:00:00+00:00,4.365341865145005,7823.954709372781
2030-02-11 11:00:00+00:00,4.3652986036683945,7823.975238558113
2030-02-11 12:00:00+00:00,4.365268246476985,7823.995360735958
2030-02-11 13:00:00+00:00,4.365259089413572,7824.017252087715
2030-02-11 14:00:00+00:00,4.365252480228508,7824.038932260318
2030-02-11 15:00:00+00:00,4.365248057332929,7824.060647220247
2030-02-11 16:00:00+00:00,4.365246076222415,7824.082429583052
2030-02-11 17:00:00+00:00,4.365242382049009,7824.103009781657
2030-02-11 18:00:00+00:00,4.365240565924925,7824.123419489595
2030-02-11 19:00:00+00:00,4.36523717177536,7824.14286918844
2030-02-11 20:00:00+00:00,4.365238543654591,7824.162962556987
2030-02-11 21:00:00+00:00,4.365241812220571,7824.18311789108
2030-02-11 22:00:00+00:00,4.365242620471478,7824.202494069349
2030-02-11 23:00:00+00:00,4.365244885438815,7824.222087710855
2030-02-12 00:00:00+00:00,4.365255728118979,7824.243012529773
2030-02-12 01:00:00+00:00,4.365276977944224,7824.264938656501
2030-02-12 02:00:00+00:00,4.36530577225802,7824.286942184519
2030-02-12 03:00:00+00:00,4.365350728515086,7824.309018139315
2030-02-12 04:00:00+00:00,4.365409446934168,7824.330203816806
2030-02-12 05:00:00+00:00,4.365433687204473,7824.3483080373135
2030-02-12 06:00:00+00:00,4.365429945416145,7824.36288052829
2030-02-12 07:00:00+00:00,4.365417169022567,7824.375288629012
2030-02-12 08:00:00+00:00,4.365417659937228,7824.38707310795
2030-02-12 09:00:00+00:00,4.365424466820707,7824.3985625227
2030-02-12 10:00:00+00:00,4.365425196236239,7824.409854902337
2030-02-12 11:00:00+00:00,4.365435236745928,7824.421242423724
2030-02-12 12:00:00+00:00,4.365426112431553,7824.432399391685
2030-02-12 13:00:00+00:00,4.365423800113059,7824.443501024158
2030-02-12 14:00:00+00:00,4.3654260531712685,7824.454492279428
2030-02-12 15:00:00+00:00,4.365439315127392,7824.4654600207705
2030-02-12 16:00:00+00:00,4.094278924740367,7824.476376756162
2030-02-12 17:00:00+00:00,2.9395798585954385,7824.4873852313
2030-02-12 18:00:00+00:00,1.7848846029800578,7824.498618079299
2030-02-12 19:00:00+00:00,1.6431828912278077,7824.510081758603
2030-02-12 20:00:00+00:00,1.517348568449515,7824.521739613768
2030-02-12 21:00:00+00:00,1.3983846395161776,7824.5335893943575
2030-02-12 22:00:00+00:00,1.3983681399084409,7824.545632899558
2030-02-12 23:00:00+00:00,1.398351131149568,7824.557832347528
2030-02-13 00:00:00+00:00,1.398334263249011,7824.570179623019
2030-02-13 01:00:00+00:00,1.3983181609271027,7824.582680190257
2030-02-13 02:00:00+00:00,1.398302043174312,7824.595341433324
2030-02-13 03:00:00+00:00,1.3982859072605447,7824.608157510507
2030-02-13 04:00:00+00:00,1.2310212975854757,7824.621100919405
2030-02-13 05:00:00+00:00,0.8748102523280642,7824.634156252916
2030-02-13 06:00:00+00:00,0.41431637107965447,7824.647315310939
2030-02-13 07:00:00+00:00,4.007034284272516e-05,7824.660570634778
2030-02-13 08:00:00+00:00,4.187408584139603e-06,7824.67387738112
2030-02-13 09:00:00+00:00,7.755503859054205e-06,7824.687297493837
2030-02-13 10:00:00+00:00,3.4111264554297556e-05,7824.70087824585
2030-02-13 11:00:00+00:00,4.31124444203448e-05,7824.714463180535
2030-02-13 12:00:00+00:00,4.792507610726613e-05,7824.728011956312
2030-02-13 13:00:00+00:00,5.033293718413807e-05,7824.741603546607
2030-02-13 14:00:00+00:00,5.080353650826223e-05,7824.755268588189
2030-02-13 15:00:00+00:00,4.966627554163547e-05,7824.7690695259935
2030-02-13 16:00:00+00:00,4.0551835423901375e-05,7824.782964764937
2030-02-13 17:00:00+00:00,2.440750715943914e-05,7824.797003886034
2030-02-13 18:00:00+00:00,5.956467411264144e-06,7824.811219017377
2030-02-13 19:00:00+00:00,8.308935792746025e-06,7824.826246516746
2030-02-13 20:00:00+00:00,1.314824401212217e-05,7824.842903965191
2030-02-13 21:00:00+00:00,3.111327664023739e-05,7824.867080990282
2030-02-13 22:00:00+00:00,5.0173719664672245e-05,7824.988706246055
2030-02-13 23:00:00+00:00,5.5278609087642046e-05,7825.112906812833
2030-02-14 00:00:00+00:00,6.412771444506713e-05,7826.220729031411
2030-02-14 01:00:00+00:00,6.446885137585367e-05,7827.328664412822
2030-02-14 02:00:00+00:00,0.00020997956333855292,7828.4502105060465
2030-02-14 03:00:00+00:00,0.00028661252630137824,7829.571859952795
2030-02-14 04:00:00+00:00,0.00034081216262479434,7830.693615558686
2030-02-14 05:00:00+00:00,0.00038336876938668916,7831.815479298166
2030-02-14 06:00:00+00:00,0.0004201085661359184,7832.9374502816945
2030-02-14 07:00:00+00:00,0.00042986142639225394,7834.0583375081105
2030-02-14 08:00:00+00:00,0.0004752696702876215,7835.180858134055
2030-02-14 09:00:00+00:00,0.42581847437599885,7836.304223483885
2030-02-14 10:00:00+00:00,0.768492891292275,7837.427645022345
2030-02-14 11:00:00+00:00,1.634452559243425,7838.551460854015
2030-02-14 12:00:00+00:00,2.500446493406581,7839.67542796532
2030-02-14 13:00:00+00:00,3.3649826355862067,7840.79825161894
2030-02-14 14:00:00+00:00,3.9061539462763895,7841.92081750929
2030-02-14 15:00:00+00:00,4.365433566514567,7843.043366593237
2030-02-14 16:00:00+00:00,4.365434723008261,7843.068053840655
2030-02-14 17:00:00+00:00,4.365428428255328,7843.084636635017
2030-02-14 18:00:00+00:00,4.365439023585283,7843.10121176151
2030-02-14 19:00:00+00:00,4.365438251511604,7843.116719307759
2030-02-14 20:00:00+00:00,4.3654288547541045,7843.13205864096
2030-02-14 21:00:00+00:00,4.365427548772637,7843.147504556565
2030-02-14 22:00:00+00:00,4.365418241861909,7843.163001719518
2030-02-14 23:00:00+00:00,4.365413641189391,7843.178619592977
2030-02-15 00:00:00+00:00,4.365411901351215,7843.19435693484
2030-02-15 01:00:00+00:00,4.365404871084222,7843.210165976162
2030-02-15 02:00:00+00:00,4.365399754877549,7843.226077821795
2030-02-15 03:00:00+00:00,4.36539629540277,7843.242145801168
2030-02-15 04:00:00+00:00,4.3653972523620705,7843.258357246548
2030-02-15 05:00:00+00:00,4.365399602876291,7843.2747563056355
2030-02-15 06:00:00+00:00,4.365398101483562,7843.291314124854
2030-02-15 07:00:00+00:00,4.365397726947664,7843.307976455206
2030-02-15 08:00:00+00:00,4.365398281347548,7843.324758359399
2030-02-15 09:00:00+00:00,4.365399764558399,7843.34170386996
2030-02-15 10:00:00+00:00,4.365408895076636,7843.3588892149555
2030-02-15 11:00:00+00:00,4.365425392248164,7843.376485858991
2030-02-15 12:00:00+00:00,4.365426443152576,7843.3945557610905
2030-02-15 13:00:00+00:00,4.3654298840382255,7843.413199812922
2030-02-15 14:00:00+00:00,4.365432356323739,7843.432419027757
2030-02-15 15:00:00+00:00,4.365441867653481,7843.452144572413
2030-02-15 16:00:00+00:00,3.985105111450091,7843.472150973579
2030-02-15 17:00:00+00:00,2.8304047297588983,7843.492336110397
2030-02-15 18:00:00+00:00,1.6757043821765,7843.512753514292
2030-02-15 19:00:00+00:00,0.7404844499651663,7843.533409029338
2030-02-15 20:00:00+00:00,0.5505114646824925,7843.554167397561
2030-02-15 21:00:00+00:00,0.32440881393725635,7843.575029828449
2030-02-15 22:00:00+00:00,0.09361563394842776,7843.595997526666
2030-02-15 23:00:00+00:00,0.09360538528760944,7843.617089355817
2030-02-16 00:00:00+00:00,0.08455841912478379,7843.638297565781
2030-02-16 01:00:00+00:00,0.07317705365436108,7843.659616529937
2030-02-16 02:00:00+00:00,0.059980371981825424,7843.681051553339
2030-02-16 03:00:00+00:00,0.05997117854497301,7843.702653077084
2030-02-16 04:00:00+00:00,0.04875413572710929,7843.724399012928
2030-02-16 05:00:00+00:00,0.030772156712822518,7843.74630763626
2030-02-16 06:00:00+00:00,0.004398910139396581,7843.768338535819
2030-02-16 07:00:00+00:00,4.087728558236093e-05,7843.790528991864
2030-02-16 08:00:00+00:00,4.18623257172643e-05,7843.812873226684
2030-02-16 09:00:00+00:00,4.2441619483542353e-05,7843.835352496039
2030-02-16 10:00:00+00:00,4.0828320454528896e-05,7843.85812174275
2030-02-16 11:00:00+00:00,4.058923680893754e-05,7843.881521732552
2030-02-16 12:00:00+00:00,3.984930157656537e-05,7843.905642800911
2030-02-16 13:00:00+00:00,3.870021903105436e-05,7843.930478366299
2030-02-16 14:00:00+00:00,3.425171643307477e-05,7843.955912950171
2030-02-16 15:00:00+00:00,2.827164091077462e-05,7843.9817121308
2030-02-16 16:00:00+00:00,1.9687866594959864e-05,7844.0076567823835
2030-02-16 17:00:00+00:00,2.6120437140079512e-06,7844.033666237914
2030-02-16 18:00:00+00:00,1.655929870710512e-05,7844.05979073271
2030-02-16 19:00:00+00:00,2.2580182084965748e-05,7844.085929998145
2030-02-16 20:00:00+00:00,3.101473404548349e-05,7844.112092380971
2030-02-16 21:00:00+00:00,3.229552553772974e-05,7844.138249447803
2030-02-16 22:00:00+00:00,3.2379912630471326e-05,7844.1644188260725
2030-02-16 23:00:00+00:00,4.9661324155025004e-05,7844.190636118634
2030-02-17 00:00:00+00:00,6.144896689382945e-05,7844.216852270064
2030-02-17 01:00:00+00:00,7.060084063487379e-05,7844.2430654970885
2030-02-17 02:00:00+00:00,7.906062855164403e-05,7844.269274979043
2030-02-17 03:00:00+00:00,8.575540155826888e-05,7844.295478911531
2030-02-17 04:00:00+00:00,9.138266647445864e-05,7844.321680627702
2030-02-17 05:00:00+00:00,9.198265148518814e-05,7844.3478617243045
2030-02-17 06:00:00+00:00,9.214714412263639e-05,7844.374034240209
2030-02-17 07:00:00+00:00,9.184595099724067e-05,7844.400193584718
2030-02-17 08:00:00+00:00,0.00014494938225506117,7844.426392294384
2030-02-17 09:00:00+00:00,0.00018252916562763863,7844.452577424337
2030-02-17 10:00:00+00:00,0.00021264634891500787,7844.4787844872
2030-02-17 11:00:00+00:00,0.00023797426952119045,7844.505188550047
2030-02-17 12:00:00+00:00,0.0002600195107757415,7844.531966080576
2030-02-17 13:00:00+00:00,0.0002793111368499715,7844.559140728584
2030-02-17 14:00:00+00:00,0.00029712256713198615,7844.586663536784
2030-02-17 15:00:00+00:00,0.00031394337428653407,7844.614380772987
2030-02-17 16:00:00+00:00,0.0003189356594662549,7844.642141612695
2030-02-17 17:00:00+00:00,0.0003237785089668699,7844.669876610229
2030-02-17 18:00:00+00:00,0.00032831983762223187,7844.697581053249
2030-02-17 19:00:00+00:00,0.0003325669632675685,7844.725248646083
2030-02-17 20:00:00+00:00,0.0003365281681840443,7844.75288647286
2030-02-17 21:00:00+00:00,0.00034024709688598134,7844.7804909248825
2030-02-17 22:00:00+00:00,0.00034379254552512165,7844.808056781381
2030-02-17 23:00:00+00:00,0.00034743768479621114,7844.835586494925
2030-02-18 00:00:00+00:00,0.00035267023364706076,7844.863071109329
2030-02-18 01:00:00+00:00,0.00036174462328313067,7844.890515827151
2030-02-18 02:00:00+00:00,0.0003703372138503538,7844.917912507837
2030-02-18 03:00:00+00:00,0.0003784776579485465,7844.94526053293
2030-02-18 04:00:00+00:00,0.0003865689926565906,7844.972557935108
2030-02-18 05:00:00+00:00,0.0003887824453677965,7844.999786763284
2030-02-18 06:00:00+00:00,2.5740684983680048e-05,7845.026894845065
2030-02-18 07:00:00+00:00,2.5983270578815747e-05,7845.054018137781
2030-02-18 08:00:00+00:00,0.19042397241200007,7845.08119068711
2030-02-18 09:00:00+00:00,0.3798001856521841,7845.1083065634875
2030-02-18 10:00:00+00:00,0.5803030118592933,7845.135362169381
2030-02-18 11:00:00+00:00,0.8075633575455576,7845.16241654682
2030-02-18 12:00:00+00:00,0.9493814294379963,7845.189631626594
2030-02-18 13:00:00+00:00,1.0437216148177353,7845.217046451592
2030-02-18 14:00:00+00:00,1.1180434629343783,7845.24462230202
2030-02-18 15:00:00+00:00,1.1563393391061372,7845.272292899182
2030-02-18 16:00:00+00:00,1.1563345499434756,7845.299788479352
2030-02-18 17:00:00+00:00,0.0016802287428649137,7845.327171868877
2030-02-18 18:00:00+00:00,0.0016638186106860263,7845.3545130416705
2030-02-18 19:00:00+00:00,0.0016588658076093874,7845.381819361813
2030-02-18 20:00:00+00:00,0.001653722894488233,7845.409062368889
2030-02-18 21:00:00+00:00,0.0016484320217466668,7845.436240547957
2030-02-18 22:00:00+00:00,0.0016429942915530144,7845.463353527512
2030-02-18 23:00:00+00:00,0.0016373201990786753,7845.490402333775
2030-02-19 00:00:00+00:00,0.0016315282014728886,7845.517387239031
2030-02-19 01:00:00+00:00,0.0016294874936768748,7845.544328746531
2030-02-19 02:00:00+00:00,0.0016272780855285606,7845.571205722496
2030-02-19 03:00:00+00:00,0.001625018366780754,7845.598013978383
2030-02-19 04:00:00+00:00,0.0016184802516895714,7845.624734558032
2030-02-19 05:00:00+00:00,0.0016122237221054194,7845.651387040645
2030-02-19 06:00:00+00:00,0.0016060493390967533,7845.677972941537
2030-02-19 07:00:00+00:00,0.0015995058881568094,7845.704490459601
2030-02-19 08:00:00+00:00,0.0015928836745152202,7845.730933344362
2030-02-19 09:00:00+00:00,0.0015875717559759024,7845.757310602969
2030-02-19 10:00:00+00:00,0.0015841769890288548,7845.783626636181
2030-02-19 11:00:00+00:00,0.0015852884221215213,7845.810043091769
2030-02-19 12:00:00+00:00,0.0015864018868817192,7845.83660443715
2030-02-19 13:00:00+00:00,0.0015873661265647732,7845.863281701905
2030-02-19 14:00:00+00:00,0.0015883461745967403,7845.890061660235
2030-02-19 15:00:00+00:00,0.0015893335035388687,7845.916923346071
2030-02-19 16:00:00+00:00,0.0015905553610312895,7845.94380777634
2030-02-19 17:00:00+00:00,1.9692070291697705e-05,7845.97056438886
2030-02-19 18:00:00+00:00,1.4341861859606652e-05,7845.997310499134
2030-02-19 19:00:00+00:00,1.7873594290184785e-05,7846.024120396127
2030-02-19 20:00:00+00:00,1.648242201462462e-05,7846.050926135827
2030-02-19 21:00:00+00:00,9.649792973357034e-06,7846.077730513679
2030-02-19 22:00:00+00:00,4.9014292766483945e-06,7846.104606279793
2030-02-19 23:00:00+00:00,1.999237841601804e-05,7846.13205827802
2030-02-20 00:00:00+00:00,3.469536233824289e-05,7846.159672102949
2030-02-20 01:00:00+00:00,5.258232454235994e-05,7846.187454692039
2030-02-20 02:00:00+00:00,6.116954104951758e-05,7846.215149478018
2030-02-20 03:00:00+00:00,6.524133964654228e-05,7846.242756341829
2030-02-20 04:00:00+00:00,6.470151440564373e-05,7846.270222931661
2030-02-20 05:00:00+00:00,6.0816222444798626e-05,7846.297570090566
2030-02-20 06:00:00+00:00,4.543241815605925e-05,7846.324658280504
2030-02-20 07:00:00+00:00,1.0899389925762155e-05,7846.351657013155
2030-02-20 08:00:00+00:00,0.10347603791927815,7847.32066392996
2030-02-20 09:00:00+00:00,0.9694908066885761,7848.454520286794
2030-02-20 10:00:00+00:00,1.8355063794077042,7849.588606398116
2030-02-20 11:00:00+00:00,2.701515351003798,7850.7205628979045
2030-02-20 12:00:00+00:00,3.567511083917171,7851.847967215343
2030-02-20 13:00:00+00:00,4.227899355722059,7852.819386004837
2030-02-20 14:00:00+00:00,4.365160967309981,7853.78863379739
2030-02-20 15:00:00+00:00,4.365205306313062,7853.82893402677
2030-02-20 16:00:00+00:00,4.364945547910942,7853.85564055282
2030-02-20 17:00:00+00:00,4.342608042913902,7853.882140974996
2030-02-20 18:00:00+00:00,4.330583927421271,7853.908541441804
2030-02-20 19:00:00+00:00,4.321466265305543,7853.934839735411
2030-02-20 20:00:00+00:00,4.313862891048681,7853.961027001766
2030-02-20 21:00:00+00:00,4.308582312276071,7853.987104949838
2030-02-20 22:00:00+00:00,4.302852285942089,7854.0130704377825
2030-02-20 23:00:00+00:00,4.302597067853513,7854.038994036432
2030-02-21 00:00:00+00:00,4.30218232451747,7854.064784556322
2030-02-21 01:00:00+00:00,4.301193176039332,7854.090440421055
2030-02-21 02:00:00+00:00,4.298357511146387,7854.115967266332
2030-02-21 03:00:00+00:00,4.298315137280129,7854.14175197506
2030-02-21 04:00:00+00:00,4.294677281266163,7854.167052429043
2030-02-21 05:00:00+00:00,4.2914141305966504,7854.192238614075
2030-02-21 06:00:00+00:00,4.288383601913741,7854.217309587246
2030-02-21 07:00:00+00:00,4.285450386326564,7854.242257380655
2030-02-21 08:00:00+00:00,4.285483681691312,7854.275433771326
2030-02-21 09:00:00+00:00,4.285519393039676,7854.309390214521
2030-02-21 10:00:00+00:00,4.363561153247894,7854.372823152876
2030-02-21 11:00:00+00:00,4.363590041955718,7854.405763234532
2030-02-21 12:00:00+00:00,4.363623228362844,7854.438336393863
2030-02-21 13:00:00+00:00,4.363658593467859,7854.47063270189
2030-02-21 14:00:00+00:00,4.363696067683748,7854.502537035654
2030-02-21 15:00:00+00:00,4.363736226451154,7854.533994134934
2030-02-21 16:00:00+00:00,4.363738317232201,7854.559407161751
2030-02-21 17:00:00+00:00,4.363741348271138,7854.584664535555
2030-02-21 18:00:00+00:00,4.363744648145399,7854.609780150579
2030-02-21 19:00:00+00:00,4.363753565661412,7854.635612475891
2030-02-21 20:00:00+00:00,4.363756203990906,7854.6603107499195
2030-02-21 21:00:00+00:00,4.363759243594547,7854.684861139333
2030-02-21 22:00:00+00:00,4.363755289902857,7854.7083536781865
2030-02-21 23:00:00+00:00,4.363751548251287,7854.7316814336455
2030-02-22 00:00:00+00:00,4.363748035178715,7854.754839361872
2030-02-22 01:00:00+00:00,4.363744675670736,7854.777838309381
2030-02-22 02:00:00+00:00,4.363741462743358,7854.800677717512
2030-02-22 03:00:00+00:00,4.363738665696071,7854.823304926405
2030-02-22 04:00:00+00:00,4.363736709649579,7854.8457442719755
2030-02-22 05:00:00+00:00,4.363735253627051,7854.867930761793
2030-02-22 06:00:00+00:00,4.363734265103688,7854.8898614669415
2030-02-22 07:00:00+00:00,4.363734399593848,7854.911615177533
2030-02-22 08:00:00+00:00,4.363840985390596,7854.940110428788
2030-02-22 09:00:00+00:00,4.363948280134327,7854.968386708409
2030-02-22 10:00:00+00:00,4.3640789003701395,7854.996403635504
2030-02-22 11:00:00+00:00,4.364221285764635,7855.023907509651
2030-02-22 12:00:00+00:00,4.364384840613775,7855.050793956816
2030-02-22 13:00:00+00:00,4.36458655109143,7855.077014983901
2030-02-22 14:00:00+00:00,4.364849804471596,7855.10255282863
2030-02-22 15:00:00+00:00,4.365268013548355,7855.127493621272
2030-02-22 16:00:00+00:00,4.365301144901283,7855.147345832185
2030-02-22 17:00:00+00:00,4.363005917922163,7855.162716560817
2030-02-22 18:00:00+00:00,4.361699563513289,7855.177774777694
2030-02-22 19:00:00+00:00,4.360715516709512,7855.192586077299
2030-02-22 20:00:00+00:00,4.360677803966439,7855.207455553555
2030-02-22 21:00:00+00:00,4.360639647487493,7855.222134914921
2030-02-22 22:00:00+00:00,4.360556197159431,7855.236469290115
2030-02-22 23:00:00+00:00,4.360470600011844,7855.250576003865
2030-02-23 00:00:00+00:00,4.360352285809752,7855.264424214606
2030-02-23 01:00:00+00:00,4.360223708850347,7855.2780458334355
2030-02-23 02:00:00+00:00,4.360103839842728,7855.29144824725
2030-02-23 03:00:00+00:00,4.359999779342494,7855.304591217004
2030-02-23 04:00:00+00:00,4.359674537770079,7855.3173902904455
2030-02-23 05:00:00+00:00,4.3593703220243,7855.329912655987
2030-02-23 06:00:00+00:00,4.35908845897644,7855.342181201701
2030-02-23 07:00:00+00:00,4.3412832409741675,7855.354128951074
2030-02-23 08:00:00+00:00,4.341353299795275,7855.3701823711945
2030-02-23 09:00:00+00:00,4.341412172878349,7855.385980510745
2030-02-23 10:00:00+00:00,4.34147359334689,7855.40134715233
2030-02-23 11:00:00+00:00,4.341537342923911,7855.415953289822
2030-02-23 12:00:00+00:00,4.34160263122527,7855.429698730871
2030-02-23 13:00:00+00:00,4.34166821851192,7855.442588846701
2030-02-23 14:00:00+00:00,4.3417349070809665,7855.454701596682
2030-02-23 15:00:00+00:00,4.341803980696362,7855.466292952308
2030-02-23 16:00:00+00:00,4.341820126480474,7855.475803517005
2030-02-23 17:00:00+00:00,4.341808455041687,7855.483109573435
2030-02-23 18:00:00+00:00,4.3417676351145165,7855.489851069239
2030-02-23 19:00:00+00:00,4.341737384629776,7855.496506287652
2030-02-23 20:00:00+00:00,4.341754312053051,7855.505290026314
2030-02-23 21:00:00+00:00,4.3418159345173075,7855.515460739822
2030-02-23 22:00:00+00:00,4.341838825327947,7855.524303901363
2030-02-23 23:00:00+00:00,4.3418724742967525,7855.53345620571
2030-02-24 00:00:00+00:00,4.341906076899264,7855.542448150849
2030-02-24 01:00:00+00:00,4.341967671264592,7855.551965235195
2030-02-24 02:00:00+00:00,4.34202893086648,7855.561322661819
2030-02-24 03:00:00+00:00,4.342044903412016,7855.568973576902
2030-02-24 04:00:00+00:00,4.342062132443739,7855.576461224598
2030-02-24 05:00:00+00:00,4.3420796991977975,7855.583788397762
2030-02-24 06:00:00+00:00,4.34209731863511,7855.590952527572
2030-02-24 07:00:00+00:00,4.342114726061086,7855.59795274059
2030-02-24 08:00:00+00:00,4.342193369562415,7855.6065751491615
2030-02-24 09:00:00+00:00,4.342271116484002,7855.615042007167
2030-02-24 10:00:00+00:00,4.34263236035914,7855.62448856714
2030-02-24 11:00:00+00:00,4.343004606815668,7855.633546971271
2030-02-24 12:00:00+00:00,4.343386094546552,7855.642038802909
2030-02-24 13:00:00+00:00,4.343777083076126,7855.6499495372145
2030-02-24 14:00:00+00:00,4.344185264105089,7855.657331126651
2030-02-24 15:00:00+00:00,4.344617515553548,7855.664338679117
2030-02-24 16:00:00+00:00,4.34508244159344,7855.671106027344
2030-02-24 17:00:00+00:00,4.345116177989795,7855.675470300382
2030-02-24 18:00:00+00:00,4.345150604941289,7855.679657859811
2030-02-24 19:00:00+00:00,4.345189972464195,7855.683833478321
2030-02-24 20:00:00+00:00,4.345523860075177,7855.689909353462
2030-02-24 21:00:00+00:00,4.3455568689446205,7855.69359291775
2030-02-24 22:00:00+00:00,4.345590400941026,7855.697112630018
2030-02-24 23:00:00+00:00,4.345655183925538,7855.701150186494
2030-02-25 00:00:00+00:00,4.346265352475819,7855.706576737395
2030-02-25 01:00:00+00:00,4.346920540475877,7855.711833251732
2030-02-25 02:00:00+00:00,4.347602337751642,7855.7169173558705
2030-02-25 03:00:00+00:00,4.348320991535321,7855.721828316526
2030-02-25 04:00:00+00:00,4.348386638284498,7855.724925132569
2030-02-25 05:00:00+00:00,4.348422128707464,7855.727245737024
2030-02-25 06:00:00+00:00,4.348457818520756,7855.729396769713
2030-02-25 07:00:00+00:00,4.348504663395165,7855.731624568522
2030-02-25 08:00:00+00:00,4.349501745184641,7855.7356721367
2030-02-25 09:00:00+00:00,4.3505601477711755,7855.739551150314
2030-02-25 10:00:00+00:00,4.351704087216929,7855.743281720023
2030-02-25 11:00:00+00:00,4.352967776440368,7855.746840965022
2030-02-25 12:00:00+00:00,4.354389575820852,7855.750095429676
2030-02-25 13:00:00+00:00,4.356018827250157,7855.753045263534
2030-02-25 14:00:00+00:00,4.358001270196979,7855.755719199187
2030-02-25 15:00:00+00:00,4.360643656175957,7855.758220118518
2030-02-25 16:00:00+00:00,4.365108258379305,7855.760736433946
2030-02-25 17:00:00+00:00,4.3651084408585925,7855.758905028236
2030-02-25 18:00:00+00:00,4.365109655533819,7855.757032925487
2030-02-25 19:00:00+00:00,4.365111449096783,7855.755008408748
2030-02-25 20:00:00+00:00,4.365124816692862,7855.753471671748
2030-02-25 21:00:00+00:00,4.365139863229286,7855.751766738803
2030-02-25 22:00:00+00:00,4.365157265025562,7855.749885145928
2030-02-25 23:00:00+00:00,4.3651766124586056,7855.7478230254
2030-02-26 00:00:00+00:00,4.365199023306638,7855.745570890579
2030-02-26 01:00:00+00:00,4.3652259841187915,7855.743131089564
2030-02-26 02:00:00+00:00,4.365260290738123,7855.740502890022
2030-02-26 03:00:00+00:00,4.36531020076263,7855.73768853329
2030-02-26 04:00:00+00:00,4.365438382348517,7855.734678784994
2030-02-26 05:00:00+00:00,4.365423775854377,7855.728920881918
2030-02-26 06:00:00+00:00,4.365418081047765,7855.7229393095395
2030-02-26 07:00:00+00:00,4.365414657483869,7855.716722691397
2030-02-26 08:00:00+00:00,4.3654146658052895,7855.710304182124
2030-02-26 09:00:00+00:00,4.365419424783116,7855.703696200277
2030-02-26 10:00:00+00:00,4.365341159274023,7855.696689542098
2030-02-26 11:00:00+00:00,4.365298239398879,7855.68948805201
2030-02-26 12:00:00+00:00,4.365267029363784,7855.682331817296
2030-02-26 13:00:00+00:00,4.36524118418055,7855.675497388469
2030-02-26 14:00:00+00:00,4.365218948587972,7855.668992502264
2030-02-26 15:00:00+00:00,4.3651994063065,7855.662754209097
2030-02-26 16:00:00+00:00,4.3651928752631814,7855.656746271188
2030-02-26 17:00:00+00:00,4.365177903164235,7855.650779723765
2030-02-26 18:00:00+00:00,4.365163657119156,7855.644864250435
2030-02-26 19:00:00+00:00,4.365150211241062,7855.638860868706
2030-02-26 20:00:00+00:00,4.365144939198689,7855.632906570873
2030-02-26 21:00:00+00:00,4.36514012871688,7855.626991669962
2030-02-26 22:00:00+00:00,4.365134832621472,7855.621090856972
2030-02-26 23:00:00+00:00,4.365129978504739,7855.6151837126445
2030-02-27 00:00:00+00:00,4.365125799695097,7855.609207829907
2030-02-27 01:00:00+00:00,4.365122269779706,7855.603139753956
2030-02-27 02:00:00+00:00,4.365119031425289,7855.596945930119
2030-02-27 03:00:00+00:00,4.365116131435157,7855.590603440874
2030-02-27 04:00:00+00:00,4.365113616838936,7855.584095770737
2030-02-27 05:00:00+00:00,4.3651116479430385,7855.577411739474
2030-02-27 06:00:00+00:00,4.3651071779510024,7855.570510194714
2030-02-27 07:00:00+00:00,4.365101809258755,7855.56339233769
2030-02-27 08:00:00+00:00,4.365096699977112,7855.556074253473
2030-02-27 09:00:00+00:00,4.3650919076403385,7855.548592813919
2030-02-27 10:00:00+00:00,4.365087482044104,7855.541083104234
2030-02-27 11:00:00+00:00,4.365083248301,7855.533673045592
2030-02-27 12:00:00+00:00,4.365079318606408,7855.526435230976
2030-02-27 13:00:00+00:00,4.3650756365254235,7855.519393283503
2030-02-27 14:00:00+00:00,4.365071896386485,7855.512535791584
2030-02-27 15:00:00+00:00,4.365068889568914,7855.505772659555
2030-02-27 16:00:00+00:00,4.3650659464360135,7855.4989909139895
2030-02-27 17:00:00+00:00,4.365063613411833,7855.492079304292
2030-02-27 18:00:00+00:00,4.365061387522843,7855.484965882836
2030-02-27 19:00:00+00:00,4.365059230838272,7855.477643617274
2030-02-27 20:00:00+00:00,4.365057410616618,7855.470103644448
2030-02-27 21:00:00+00:00,4.365054145436017,7855.462330600301
2030-02-27 22:00:00+00:00,4.365049541729996,7855.454334080613
2030-02-27 23:00:00+00:00,4.3650452885027375,7855.446122477207
2030-02-28 00:00:00+00:00,4.365041470942862,7855.437694786768
2030-02-28 01:00:00+00:00,4.365037639650699,7855.429050434611
2030-02-28 02:00:00+00:00,4.365030728911764,7855.420173914426
2030-02-28 03:00:00+00:00,4.365024299494267,7855.41108412537
2030-02-28 04:00:00+00:00,4.365017719145135,7855.401773391889
2030-02-28 05:00:00+00:00,4.364981973543011,7855.392207333486
2030-02-28 06:00:00+00:00,4.364951038746193,7855.382423707165
2030-02-28 07:00:00+00:00,4.364923013568863,7855.372421739599
2030-02-28 08:00:00+00:00,4.364896808795502,7855.362197828959
2030-02-28 09:00:00+00:00,4.364872184125455,7855.351753381979
2030-02-28 10:00:00+00:00,4.364849049292129,7855.341119331917
2030-02-28 11:00:00+00:00,4.3648271257531785,7855.330536998572
2030-02-28 12:00:00+00:00,4.36480644255619,7855.320097910652
2030-02-28 13:00:00+00:00,4.364786728330881,7855.309892701627
2030-02-28 14:00:00+00:00,4.3647680311916375,7855.299899792746
2030-02-28 15:00:00+00:00,4.364749998273532,7855.290034642581
2030-02-28 16:00:00+00:00,4.364732820576362,7855.2801757370025
2030-02-28 17:00:00+00:00,4.364705513170266,7855.2701619740465
2030-02-28 18:00:00+00:00,4.3646899534449535,7855.259945477834
2030-02-28 19:00:00+00:00,4.364682398246795,7855.249534675361
2030-02-28 20:00:00+00:00,4.364685497313015,7855.238970111683
2030-02-28 21:00:00+00:00,4.364688302978523,7855.228180004275
2030-02-28 22:00:00+00:00,4.36469104653939,7855.217170828059
2030-02-28 23:00:00+00:00,4.364693809984425,7855.20594269094
2030-03-01 00:00:00+00:00,4.3646965978638566,7855.194492747791
2030-03-01 01:00:00+00:00,4.364699443086507,7855.1828189954795
2030-03-01 02:00:00+00:00,4.364702403259318,7855.170925514041
2030-03-01 03:00:00+00:00,4.364705588019104,7855.158810433327
2030-03-01 04:00:00+00:00,4.36470905389086,7855.146472845161
2030-03-01 05:00:00+00:00,4.364712906563514,7855.1339147837725
2030-03-01 06:00:00+00:00,4.364717105394364,7855.121139202044
2030-03-01 07:00:00+00:00,4.364721549884263,7855.108143292168
2030-03-01 08:00:00+00:00,4.364725625412098,7855.094926646725
2030-03-01 09:00:00+00:00,4.364729699628623,7855.081492955195
2030-03-01 10:00:00+00:00,4.364733806192482,7855.067875029286
2030-03-01 11:00:00+00:00,4.3647379730450115,7855.054212011755
2030-03-01 12:00:00+00:00,4.36474231482581,7855.040587099104
2030-03-01 13:00:00+00:00,4.364746685591137,7855.027026671616
2030-03-01 14:00:00+00:00,4.364751174701001,7855.01355896111
2030-03-01 15:00:00+00:00,4.364755852859122,7855.000127393672
2030-03-01 16:00:00+00:00,4.364760982946344,7854.986603857505
2030-03-01 17:00:00+00:00,4.36476759582763,7854.972912243502
2030-03-01 18:00:00+00:00,4.364774508652162,7854.958987792974
2030-03-01 19:00:00+00:00,4.364781496647296,7854.944863014642
2030-03-01 20:00:00+00:00,4.364788487033873,7854.930515831609
2030-03-01 21:00:00+00:00,4.364796031282728,7854.915930438094
2030-03-01 22:00:00+00:00,4.364796205393808,7854.901073882747
2030-03-01 23:00:00+00:00,4.364796461799849,7854.885985477808
2030-03-02 00:00:00+00:00,4.364796976783739,7854.8706631797295
2030-03-02 01:00:00+00:00,4.364797732869767,7854.855102144169
2030-03-02 02:00:00+00:00,4.364798655424301,7854.839304902094
2030-03-02 03:00:00+00:00,4.364799684504856,7854.823271012608
2030-03-02 04:00:00+00:00,4.364806215620811,7854.807028049715
2030-03-02 05:00:00+00:00,4.224961873056788,7854.790430395925
2030-03-02 06:00:00+00:00,4.068819307581383,7854.7736013751755
2030-03-02 07:00:00+00:00,3.9401550868183484,7854.75653852657
2030-03-02 08:00:00+00:00,3.9266706689749373,7854.739238594917
2030-03-02 09:00:00+00:00,3.9266470445618893,7854.721718453967
2030-03-02 10:00:00+00:00,3.863781966415513,7854.703988082897
2030-03-02 11:00:00+00:00,3.863741006472878,7854.686177687628
2030-03-02 12:00:00+00:00,3.863634603491679,7854.668456145718
2030-03-02 13:00:00+00:00,3.8636125165604214,7854.650859694807
2030-03-02 14:00:00+00:00,3.8635903675459264,7854.633321799355
2030-03-02 15:00:00+00:00,3.8635682014563373,7854.615722750714
2030-03-02 16:00:00+00:00,3.7752341996871626,7854.59791751113
2030-03-02 17:00:00+00:00,2.8259301557432996,7854.579873419518
2030-03-02 18:00:00+00:00,1.6918295440205955,7854.56158743824
2030-03-02 19:00:00+00:00,1.3467513426749005,7854.543063136726
2030-03-02 20:00:00+00:00,1.1480441373614672,7854.52430025629
2030-03-02 21:00:00+00:00,0.926521876826776,7854.505300898831
2030-03-02 22:00:00+00:00,0.6937901495355924,7854.486064215201
2030-03-02 23:00:00+00:00,0.3950583284698216,7854.466588474064
2030-03-03 00:00:00+00:00,0.0003072112838396697,7854.446868618737
2030-03-03 01:00:00+00:00,0.0002964735802715524,7854.426933261786
2030-03-03 02:00:00+00:00,0.0002831998129824944,7854.40675599027
2030-03-03 03:00:00+00:00,0.00027006785093717936,7854.3863315427725
2030-03-03 04:00:00+00:00,0.0001920943052798841,7854.365644064135
2030-03-03 05:00:00+00:00,0.0001812067684955075,7854.344736164519
2030-03-03 06:00:00+00:00,0.0001652603269970809,7854.323569212382
2030-03-03 07:00:00+00:00,0.00014761116439763685,7854.302163540828
2030-03-03 08:00:00+00:00,0.00015191665447844213,7854.2805997373725
2030-03-03 09:00:00+00:00,0.00015540990221747346,7854.258788693291
2030-03-03 10:00:00+00:00,0.00015815270371367094,7854.236738826694
2030-03-03 11:00:00+00:00,0.0001603453755977263,7854.2145560317285
2030-03-03 12:00:00+00:00,0.00016214165418903265,7854.1924413370825
2030-03-03 13:00:00+00:00,0.00016347244131743242,7854.170412005764
2030-03-03 14:00:00+00:00,0.00016454987301392737,7854.148442039367
2030-03-03 15:00:00+00:00,0.000165299590770574,7854.126557651808
2030-03-03 16:00:00+00:00,0.00016176165704771765,7854.104581492243
2030-03-03 17:00:00+00:00,0.0001579052312872133,7854.0823794523485
2030-03-03 18:00:00+00:00,0.0001534096074503264,7854.05993414372
2030-03-03 19:00:00+00:00,0.00014809681298071689,7854.037243270943
2030-03-03 20:00:00+00:00,0.00014463934630137598,7854.014323751494
2030-03-03 21:00:00+00:00,0.0001396622235507061,7853.991154774395
2030-03-03 22:00:00+00:00,0.00013046422719764617,7853.967714366338
2030-03-03 23:00:00+00:00,0.00012602887237004334,7853.944053382386
2030-03-04 00:00:00+00:00,0.00012005412899645856,7853.920149305123
2030-03-04 01:00:00+00:00,0.00011251396031553831,7853.895998672176
2030-03-04 02:00:00+00:00,0.00010312006996686935,7853.871598167138
2030-03-04 03:00:00+00:00,9.778863880858164e-05,7853.846976391175
2030-03-04 04:00:00+00:00,9.205166275856399e-05,7853.822109849952
2030-03-04 05:00:00+00:00,8.44389892769247e-05,7853.796991134712
2030-03-04 06:00:00+00:00,6.035254068236116e-05,7853.771561458694
2030-03-04 07:00:00+00:00,2.1261726183983177e-06,7853.745878937199
2030-03-04 08:00:00+00:00,1.7716864557530582e-05,7853.722898341587
2030-03-04 09:00:00+00:00,0.34596042373722824,7853.718983247148
2030-03-04 10:00:00+00:00,0.7482884195467016,7853.714971506625
2030-03-04 11:00:00+00:00,1.5388902526936437,7853.712683062023
2030-03-04 12:00:00+00:00,2.3265156231155166,7853.708658990701
2030-03-04 13:00:00+00:00,2.9810264259547776,7853.704624376175
2030-03-04 14:00:00+00:00,3.5337112817960024,7853.700567915432
2030-03-04 15:00:00+00:00,3.5337597526347597,7853.683902402557
2030-03-04 16:00:00+00:00,3.5338021902910355,7853.666153133195
2030-03-04 17:00:00+00:00,3.533845937527891,7853.648056879737
2030-03-04 18:00:00+00:00,3.5338963998972406,7853.63043598578
2030-03-04 19:00:00+00:00,3.5339459305817114,7853.612543381373
2030-03-04 20:00:00+00:00,3.5340876886782944,7853.599298664978
2030-03-04 21:00:00+00:00,3.5586100128372413,7853.593230365912
2030-03-04 22:00:00+00:00,3.5586603095330616,7853.574529776234
2030-03-04 23:00:00+00:00,3.5587130716237914,7853.555732546617
2030-03-05 00:00:00+00:00,3.6074625051763385,7853.5489267672165
2030-03-05 01:00:00+00:00,3.6627812711094436,7853.541860841293
2030-03-05 02:00:00+00:00,3.7250141075085703,7853.534536828186
2030-03-05 03:00:00+00:00,3.7829448353296047,7853.526941596625
2030-03-05 04:00:00+00:00,3.7829950266073964,7853.506662131747
2030-03-05 05:00:00+00:00,3.783036291909999,7853.485278990293
2030-03-05 06:00:00+00:00,3.7830783858810313,7853.463635197611
2030-03-05 07:00:00+00:00,3.783129366017214,7853.442584690065
2030-03-05 08:00:00+00:00,3.7831618937378217,7853.420440856784
2030-03-05 09:00:00+00:00,3.8785663007465723,7853.411319937807
2030-03-05 10:00:00+00:00,3.972467417475825,7853.401984445293
2030-03-05 11:00:00+00:00,4.147149402516787,7853.392485921829
2030-03-05 12:00:00+00:00,4.36517407551172,7853.382501657566
2030-03-05 13:00:00+00:00,4.365213518150624,7853.358549018811
2030-03-05 14:00:00+00:00,4.365433599674538,7853.336537153005
2030-03-05 15:00:00+00:00,4.365440657148289,7853.30382373654
2030-03-05 16:00:00+00:00,4.343732429910895,7853.268827007758
2030-03-05 17:00:00+00:00,3.6916040792005638,7853.2332888372985
2030-03-05 18:00:00+00:00,3.1475445486835487,7853.1972165379175
2030-03-05 19:00:00+00:00,3.134657914192098,7853.160714316895
2030-03-05 20:00:00+00:00,3.123673724867723,7853.123648074511
2030-03-05 21:00:00+00:00,3.112458358827415,7853.086001135622
2030-03-05 22:00:00+00:00,3.101262728411542,7853.047820259302
2030-03-05 23:00:00+00:00,3.090165429342182,7853.0091437729325
2030-03-06 00:00:00+00:00,3.0792714053272645,7852.97006664878
2030-03-06 01:00:00+00:00,3.0682880855224353,7852.9306036678945
2030-03-06 02:00:00+00:00,3.0571519873404687,7852.890793955345
2030-03-06 03:00:00+00:00,3.006057258299165,7852.8506588642285
2030-03-06 04:00:00+00:00,2.7812574370682164,7852.810214440845
2030-03-06 05:00:00+00:00,2.5320746783180628,7852.769477665076
2030-03-06 06:00:00+00:00,2.263916315761716,7852.728462616033
2030-03-06 07:00:00+00:00,2.00328726941438,7852.687185493505
2030-03-06 08:00:00+00:00,1.706063576850981,7852.645638754403
2030-03-06 09:00:00+00:00,0.5513688783669366,7852.603768298271
2030-03-06 10:00:00+00:00,0.3014406545627613,7852.561768906712
2030-03-06 11:00:00+00:00,0.30141328966366004,7852.51947626249
2030-03-06 12:00:00+00:00,0.30138612674831533,7852.476813176419
2030-03-06 13:00:00+00:00,0.3013593457808659,7852.433757638878
2030-03-06 14:00:00+00:00,0.28893448119432347,7852.390257641593
2030-03-06 15:00:00+00:00,0.25333546649310096,7852.346392532345
2030-03-06 16:00:00+00:00,0.18905856826076922,7852.302212801878
2030-03-06 17:00:00+00:00,0.09868369052507453,7852.257749447233
2030-03-06 18:00:00+00:00,3.602342790951758e-06,7852.213026549132
2030-03-06 19:00:00+00:00,9.260836687404663e-06,7852.1689695614605
2030-03-06 20:00:00+00:00,6.758782332127033e-05,7852.126913337822
2030-03-06 21:00:00+00:00,0.00012694278320053525,7852.085226310761
2030-03-06 22:00:00+00:00,0.00016109297394062782,7852.043265792108
2030-03-06 23:00:00+00:00,0.00018546876085609272,7852.001028868653
2030-03-07 00:00:00+00:00,0.00020449771948795114,7851.958532096555
2030-03-07 01:00:00+00:00,0.0002196835738142773,7851.915771385783
2030-03-07 02:00:00+00:00,0.00023185850667768203,7851.872752065561
2030-03-07 03:00:00+00:00,0.00024193395767327646,7851.829494057683
2030-03-07 04:00:00+00:00,0.00024137003261124118,7851.78503534622
2030-03-07 05:00:00+00:00,0.00024003932254888034,7851.740418243498
2030-03-07 06:00:00+00:00,0.00023768823914805038,7851.695661220436
2030-03-07 07:00:00+00:00,0.00023409459963224057,7851.65073243645
2030-03-07 08:00:00+00:00,0.0002289046106400827,7851.605657051115
2030-03-07 09:00:00+00:00,0.0002285570162204981,7851.561243784045
2030-03-07 10:00:00+00:00,0.00021955081169479533,7851.5160421662495
2030-03-07 11:00:00+00:00,0.0002098619637454604,7851.470767122751
2030-03-07 12:00:00+00:00,0.00019605743891274946,7851.4250341190545
2030-03-07 13:00:00+00:00,0.00017892857784358049,7851.378839173215
2030-03-07 14:00:00+00:00,0.00019394209170440062,7851.341342838963
2030-03-07 15:00:00+00:00,0.0002101032738833691,7851.306895869021
2030-03-07 16:00:00+00:00,0.000221723194550644,7851.27105044097
2030-03-07 17:00:00+00:00,0.00022188506966507921,7851.2280712583015
2030-03-07 18:00:00+00:00,0.00021998999364881874,7851.185029823147
2030-03-07 19:00:00+00:00,0.0002203103927378149,7851.144711400358
2030-03-07 20:00:00+00:00,0.00025951242859390607,7852.18416146788
2030-03-07 21:00:00+00:00,0.0002934861046314532,7853.224410009375
2030-03-07 22:00:00+00:00,0.0003493901805928778,7854.271709093961
2030-03-07 23:00:00+00:00,0.0003629837881174977,7855.287214828088
2030-03-08 00:00:00+00:00,0.0004083568963811353,7856.335179269965
2030-03-08 01:00:00+00:00,0.0004420138302794418,7857.382209622607
2030-03-08 02:00:00+00:00,0.0004671026223730381,7858.4277753131255
2030-03-08 03:00:00+00:00,0.000486608306538029,7859.471762586603
2030-03-08 04:00:00+00:00,0.0004942251188115755,7860.497789366474
2030-03-08 05:00:00+00:00,0.0006151912871615856,7861.549369529407
2030-03-08 06:00:00+00:00,0.0008189993379331441,7862.60129199667
2030-03-08 07:00:00+00:00,0.0009876216709672318,7863.652975342705
2030-03-08 08:00:00+00:00,0.0011127819745766054,7864.704431016325
2030-03-08 09:00:00+00:00,0.001217532207178365,7865.755665528471
2030-03-08 10:00:00+00:00,0.001311299536376154,7866.806652784296
2030-03-08 11:00:00+00:00,0.0013975150655476352,7867.857255322478
2030-03-08 12:00:00+00:00,0.0014754784046547896,7868.907478860925
2030-03-08 13:00:00+00:00,0.0015502424342670076,7869.957320997654
2030-03-08 14:00:00+00:00,0.0016235444520650193,7871.0069090704965
2030-03-08 15:00:00+00:00,0.0016446531155843748,7872.053885564129
2030-03-08 16:00:00+00:00,0.001664697094984719,7873.100891719939
2030-03-08 17:00:00+00:00,0.0016681379906736881,7874.133500536838
2030-03-08 18:00:00+00:00,0.0016869691779146914,7875.181280906737
2030-03-08 19:00:00+00:00,0.001704405599477118,7876.229428797084
2030-03-08 20:00:00+00:00,0.0017207243595705316,7877.277975095815
2030-03-08 21:00:00+00:00,0.00173670112145564,7878.327018422548
2030-03-08 22:00:00+00:00,0.0017524652252842823,7879.376833226519
2030-03-08 23:00:00+00:00,0.0017673399269782643,7880.426796240594
2030-03-09 00:00:00+00:00,0.0017817223371669434,7881.476841902378
2030-03-09 01:00:00+00:00,0.0017950514521503547,7882.527097600712
2030-03-09 02:00:00+00:00,0.0018068702362958086,7883.577510966428
2030-03-09 03:00:00+00:00,0.0018174458620199957,7884.628168634916
2030-03-09 04:00:00+00:00,0.001850868221413109,7885.682106443994
2030-03-09 05:00:00+00:00,0.0018794402954857127,7886.736482888192
2030-03-09 06:00:00+00:00,0.0018941514757732554,7887.790148845861
2030-03-09 07:00:00+00:00,0.0019038122547883512,7888.842710588476
2030-03-09 08:00:00+00:00,0.001912413180245782,7889.895380804758
2030-03-09 09:00:00+00:00,0.0019394107202331903,7890.951085115851
2030-03-09 10:00:00+00:00,0.0019655826397814635,7892.006757003574
2030-03-09 11:00:00+00:00,0.0019902201046190825,7893.062212411783
2030-03-09 12:00:00+00:00,0.0029099657044296613,7894.119313588884
2030-03-09 13:00:00+00:00,0.003595069132514404,7895.176063911308
2030-03-09 14:00:00+00:00,0.0041682533476075255,7896.232445421512
2030-03-09 15:00:00+00:00,0.004190452303932174,7897.286563549749
2030-03-09 16:00:00+00:00,0.004198332064648002,7898.337665841764
2030-03-09 17:00:00+00:00,0.004205252110625659,7899.387900461657
2030-03-09 18:00:00+00:00,0.00421191923430455,7900.437873744008
2030-03-09 19:00:00+00:00,0.004218176031022056,7901.487589396195
2030-03-09 20:00:00+00:00,0.004224028527281114,7902.537044776783
2030-03-09 21:00:00+00:00,0.00422981060426803,7903.58623877588
2030-03-09 22:00:00+00:00,0.004235994651282067,7904.635171757291
2030-03-09 23:00:00+00:00,0.004242371946632164,7905.68383878988
2030-03-10 00:00:00+00:00,2.4699204498366593e-05,7905.637808481143
2030-03-10 01:00:00+00:00,1.3459357336818424e-05,7906.685981407005
2030-03-10 02:00:00+00:00,4.503335884399388e-05,7907.741062826183
2030-03-10 03:00:00+00:00,5.32404530262237e-05,7908.7960496701435
2030-03-10 04:00:00+00:00,0.00013391014244297416,7909.851358774197
2030-03-10 05:00:00+00:00,0.00017690505945154662,7910.906487860212
2030-03-10 06:00:00+00:00,0.0001882493328137172,7911.961447986099
2030-03-10 07:00:00+00:00,0.0002902617325872845,7913.016601514106
2030-03-10 08:00:00+00:00,0.00036275935665234767,7914.071686883913
2030-03-10 09:00:00+00:00,0.00042744334917587355,7915.126649498509
2030-03-10 10:00:00+00:00,0.00047595879007969135,7916.181419540951
2030-03-10 11:00:00+00:00,0.0005143627062579257,7917.235894158826
2030-03-10 12:00:00+00:00,0.0005472886164213479,7918.289870897014
2030-03-10 13:00:00+00:00,0.0005750624404707784,7919.3433145085455
2030-03-10 14:00:00+00:00,0.0005994398413659981,7920.396232016095
2030-03-10 15:00:00+00:00,0.000620406228205207,7921.4485651014065
2030-03-10 16:00:00+00:00,0.0006381568064577284,7922.500451377958
2030-03-10 17:00:00+00:00,0.0006541467003538524,7923.552050595266
2030-03-10 18:00:00+00:00,0.000649957178665182,7924.60327917318
2030-03-10 19:00:00+00:00,0.0006435076442659543,7925.654235996399
2030-03-10 20:00:00+00:00,0.0006346273715844636,7926.704922015928
2030-03-10 21:00:00+00:00,0.0006233126775952601,7927.755332810575
2030-03-10 22:00:00+00:00,0.000609548000371766,7928.805481037661
2030-03-10 23:00:00+00:00,0.0005924260027077083,7929.855354636567
2030-03-11 00:00:00+00:00,0.000571805774440818,7930.904959750925
2030-03-11 01:00:00+00:00,0.0005606113896833243,7931.954369679352
2030-03-11 02:00:00+00:00,0.0005504434775584618,7933.003539953209
2030-03-11 03:00:00+00:00,0.0005791108933364561,7934.052609410795
2030-03-11 04:00:00+00:00,0.0006259666172627008,7935.101458664957
2030-03-11 05:00:00+00:00,0.0006369511126045694,7936.14997127005
2030-03-11 06:00:00+00:00,0.0006426720260439795,7937.1982536364
2030-03-11 07:00:00+00:00,0.0006449066141056514,7938.246270435557
2030-03-11 08:00:00+00:00,0.25409875147429206,7939.294208571824
2030-03-11 09:00:00+00:00,0.586373449493615,7940.341872104119
2030-03-11 10:00:00+00:00,1.0217212297764076,7941.3891140874675
2030-03-11 11:00:00+00:00,1.3392515648347105,7942.435831576037
2030-03-11 12:00:00+00:00,1.7669025558040643,7943.481925017395
2030-03-11 13:00:00+00:00,2.0494867318717116,7944.527295355852
2030-03-11 14:00:00+00:00,2.3264528124576924,7945.571964755589
2030-03-11 15:00:00+00:00,2.6545251108215453,7946.616005778991
2030-03-11 16:00:00+00:00,3.167565396056571,7947.659541281692
2030-03-11 17:00:00+00:00,3.1676561558516063,7948.702649058355
2030-03-11 18:00:00+00:00,3.1677480726563574,7949.745459780007
2030-03-11 19:00:00+00:00,3.1678396710021928,7950.788003847879
2030-03-11 20:00:00+00:00,3.1679306429244622,7951.83029151626
2030-03-11 21:00:00+00:00,3.1680216165185158,7952.872324222127
2030-03-11 22:00:00+00:00,3.1681123136241585,7953.914099348123
2030-03-11 23:00:00+00:00,3.3006212143285323,7954.955665166133
2030-03-12 00:00:00+00:00,3.5368200544883672,7955.996980363833
2030-03-12 01:00:00+00:00,3.7126998455586757,7957.038056409175
2030-03-12 02:00:00+00:00,3.989834346412135,7958.078896502946
2030-03-12 03:00:00+00:00,4.3652596410585,7959.119493060077
2030-03-12 04:00:00+00:00,4.365422221844209,7960.159780922087
2030-03-12 05:00:00+00:00,4.365294198195098,7961.198800548223
2030-03-12 06:00:00+00:00,4.3652591699305345,7962.237703866522
2030-03-12 07:00:00+00:00,4.365238902254691,7963.276380152274
2030-03-12 08:00:00+00:00,4.365224242364128,7964.314802255827
2030-03-12 09:00:00+00:00,4.365228421016026,7965.353126032556
2030-03-12 10:00:00+00:00,4.365236999122311,7966.391134702584
2030-03-12 11:00:00+00:00,4.3652519416285935,7967.428655428083
2030-03-12 12:00:00+00:00,4.3652762400370895,7968.465671863032
2030-03-12 13:00:00+00:00,4.36531786198814,7969.502180442873
2030-03-12 14:00:00+00:00,4.365433215872679,7970.538188392157
2030-03-12 15:00:00+00:00,4.365440195580827,7971.5695245524685
2030-03-12 16:00:00+00:00,4.365438140763736,7971.496805164148
2030-03-12 17:00:00+00:00,4.3654083089080755,7971.423094458434
2030-03-12 18:00:00+00:00,4.365396402541384,7971.349140250132
2030-03-12 19:00:00+00:00,4.365389343124299,7971.274932435324
2030-03-12 20:00:00+00:00,4.365384970472596,7971.200475531847
2030-03-12 21:00:00+00:00,4.365382763192449,7971.12577349343
2030-03-12 22:00:00+00:00,4.312888596574679,7971.0506813927905
2030-03-12 23:00:00+00:00,4.122309537209922,7970.975339265921
2030-03-13 00:00:00+00:00,3.987733173572736,7970.899740615471
2030-03-13 01:00:00+00:00,3.8894683424970404,7970.8238999509085
2030-03-13 02:00:00+00:00,3.8060878018821755,7970.747811163592
2030-03-13 03:00:00+00:00,3.7295396209088993,7970.67147930243
2030-03-13 04:00:00+00:00,3.6588747424690564,7970.594902686142
2030-03-13 05:00:00+00:00,3.5838501545818255,7970.518076861744
2030-03-13 06:00:00+00:00,3.5189951487636764,7970.44100713807
2030-03-13 07:00:00+00:00,3.4656452838696943,7970.363686650405
2030-03-13 08:00:00+00:00,3.4508909182336245,7970.286118474583
2030-03-13 09:00:00+00:00,3.450889922819124,7970.2083448230305
2030-03-13 10:00:00+00:00,3.45088889681852,7970.130125309862
2030-03-13 11:00:00+00:00,3.4508878417827518,7970.05141029522
2030-03-13 12:00:00+00:00,3.4508867328054764,7969.9721792636465
2030-03-13 13:00:00+00:00,3.4508853295922197,7969.892436086379
2030-03-13 14:00:00+00:00,3.4508839298341174,7969.8122105636685
2030-03-13 15:00:00+00:00,3.4508825125235454,7969.731546580738
2030-03-13 16:00:00+00:00,3.450881176437969,7969.6505029467535
2030-03-13 17:00:00+00:00,3.4508802566867094,7969.569150755632
2030-03-13 18:00:00+00:00,3.4508794186661746,7969.487534340319
2030-03-13 19:00:00+00:00,3.4508785525778887,7969.4056723810945
2030-03-13 20:00:00+00:00,3.450877599372016,7969.323574367498
2030-03-13 21:00:00+00:00,3.450876551492468,7969.241246055524
2030-03-13 22:00:00+00:00,3.45087563442238,7969.158680838662
2030-03-13 23:00:00+00:00,3.4508742482188133,7969.075883902511
2030-03-14 00:00:00+00:00,3.450872821610313,7968.992837551712
2030-03-14 01:00:00+00:00,3.4508713369013213,7968.909545232558
2030-03-14 02:00:00+00:00,3.4508697621764775,7968.826004157302
2030-03-14 03:00:00+00:00,3.4508681487057475,7968.742193572832
2030-03-14 04:00:00+00:00,3.450866647979244,7968.6580639504455
2030-03-14 05:00:00+00:00,3.450865501628398,7968.573571921108
2030-03-14 06:00:00+00:00,3.4508645445803303,7968.488707746657
2030-03-14 07:00:00+00:00,3.4508634249043797,7968.40350595683
2030-03-14 08:00:00+00:00,3.4508621076858264,7968.317946434745
2030-03-14 09:00:00+00:00,3.450860705126064,7968.231997490582
2030-03-14 10:00:00+00:00,3.4288101315966855,7968.145393403703
2030-03-14 11:00:00+00:00,3.404628730708512,7968.05821229749
2030-03-14 12:00:00+00:00,3.380895594642727,7967.970521507983
2030-03-14 13:00:00+00:00,3.3580589746312537,7967.882363596525
2030-03-14 14:00:00+00:00,3.3360570185204192,7967.79374551713
2030-03-14 15:00:00+00:00,3.3117171196137907,7967.7047147828
2030-03-14 16:00:00+00:00,3.149083702708819,7967.615284244583
2030-03-14 17:00:00+00:00,2.928985985199018,7967.525464945493
2030-03-14 18:00:00+00:00,1.7743068627009022,7967.435143260429
2030-03-14 19:00:00+00:00,1.4915046882243401,7967.344261189082
2030-03-14 20:00:00+00:00,1.2008498480285656,7967.252896189148
2030-03-14 21:00:00+00:00,0.8418934829614736,7967.161200063465
2030-03-14 22:00:00+00:00,0.38088183318802016,7967.0692267907125
2030-03-14 23:00:00+00:00,0.03656258512158368,7966.976992083047
2030-03-15 00:00:00+00:00,3.4031928436156725e-06,7966.8845026117015
2030-03-15 01:00:00+00:00,7.497611125633409e-06,7966.792683520368
2030-03-15 02:00:00+00:00,1.6202200620884175e-05,7966.702548554882
2030-03-15 03:00:00+00:00,3.8679877676671636e-05,7966.6190755396665
2030-03-15 04:00:00+00:00,4.462515885589786e-05,7966.535346391178
2030-03-15 05:00:00+00:00,3.268220947932072e-05,7966.4472491183515
2030-03-15 06:00:00+00:00,1.3787593263325383e-05,7966.363011198244
2030-03-15 07:00:00+00:00,2.0023988115590138e-05,7967.375230555496
2030-03-15 08:00:00+00:00,2.4049246154009173e-05,7968.38883216846
2030-03-15 09:00:00+00:00,0.6140083626373589,7969.40306900957
2030-03-15 10:00:00+00:00,1.4799792935993337,7970.41719422084
2030-03-15 11:00:00+00:00,2.345949482126952,7971.4310418854575
2030-03-15 12:00:00+00:00,3.211920647885132,7972.444544510622
2030-03-15 13:00:00+00:00,3.469375636617429,7973.4575804661235
2030-03-15 14:00:00+00:00,3.6814038255590855,7974.470213190574
2030-03-15 15:00:00+00:00,3.779935460056562,7975.482129121196
2030-03-15 16:00:00+00:00,3.779885401581597,7976.492112437324
2030-03-15 17:00:00+00:00,3.779838285788499,7977.501169087671
2030-03-15 18:00:00+00:00,3.779791317869085,7978.509344932011
2030-03-15 19:00:00+00:00,3.77974268859185,7979.516626613667
2030-03-15 20:00:00+00:00,3.7796932119386457,7980.522996206418
2030-03-15 21:00:00+00:00,3.779643298750415,7981.5283637963985
2030-03-15 22:00:00+00:00,3.779597355296857,7982.5324980425585
2030-03-15 23:00:00+00:00,3.779550399143973,7983.53598458705
2030-03-16 00:00:00+00:00,3.779502728169301,7984.538891973594
2030-03-16 01:00:00+00:00,3.779450376835325,7985.541063599028
2030-03-16 02:00:00+00:00,3.779397069805729,7986.542580339434
2030-03-16 03:00:00+00:00,3.779343992725976,7987.543372646317
2030-03-16 04:00:00+00:00,3.7792907096160424,7988.543319291429
2030-03-16 05:00:00+00:00,3.7792534675467433,7989.542271016808
2030-03-16 06:00:00+00:00,3.779215729232961,7990.540000326654
2030-03-16 07:00:00+00:00,3.77919337315878,7991.5372060344025
2030-03-16 08:00:00+00:00,3.779158097856642,7992.533650066999
2030-03-16 09:00:00+00:00,3.7791284712901625,7993.529554089468
2030-03-16 10:00:00+00:00,3.7790993726912756,7994.524988143322
2030-03-16 11:00:00+00:00,3.7790705254459116,7995.520142387378
2030-03-16 12:00:00+00:00,3.779041526589712,7996.514974627796
2030-03-16 13:00:00+00:00,3.7790061338852046,7997.509514345277
2030-03-16 14:00:00+00:00,3.778965923464086,7998.503872914616
2030-03-16 15:00:00+00:00,4.365330342341675,7999.499140844927
2030-03-16 16:00:00+00:00,4.365318193143843,8000.493523392117
2030-03-16 17:00:00+00:00,4.3653104508792895,8001.487617009353
2030-03-16 18:00:00+00:00,4.365312790928658,8002.481671515792
2030-03-16 19:00:00+00:00,4.365319502273083,8003.4753984879
2030-03-16 20:00:00+00:00,4.365334209815049,8004.468912350912
2030-03-16 21:00:00+00:00,4.365355200658784,8005.462192419605
2030-03-16 22:00:00+00:00,4.365368190752268,8006.455121964687
2030-03-16 23:00:00+00:00,4.365396493783584,8007.448087198584
2030-03-17 00:00:00+00:00,4.365307554471334,8008.425538441426
2030-03-17 01:00:00+00:00,4.365261660247958,8009.403109670355
2030-03-17 02:00:00+00:00,4.365247621223052,8010.389984347826
2030-03-17 03:00:00+00:00,4.365220623232473,8011.367090846412
2030-03-17 04:00:00+00:00,4.365201381627865,8012.344015873334
2030-03-17 05:00:00+00:00,4.365159488806001,8012.327068824308
2030-03-17 06:00:00+00:00,4.365126060905629,8012.309820109934
2030-03-17 07:00:00+00:00,4.365097857817962,8012.292482827126
2030-03-17 08:00:00+00:00,4.365073490011694,8012.2756515982655
2030-03-17 09:00:00+00:00,4.365065007408922,8013.250876333201
2030-03-17 10:00:00+00:00,4.365046298556667,8013.234185103635
2030-03-17 11:00:00+00:00,4.3650305826558125,8013.2177210100745
2030-03-17 12:00:00+00:00,4.365016939593663,8013.201752405297
2030-03-17 13:00:00+00:00,4.365014594114316,8014.178478930932
2030-03-17 14:00:00+00:00,4.365013216354275,8015.155645928782
2030-03-17 15:00:00+00:00,4.365022975760009,8016.143934804929
2030-03-17 16:00:00+00:00,4.365023833982677,8017.122202320764
2030-03-17 17:00:00+00:00,4.36501970968774,8017.677874354864
2030-03-17 18:00:00+00:00,4.365017075076889,8018.246258632105
2030-03-17 19:00:00+00:00,4.365016557968412,8019.072540937937
2030-03-17 20:00:00+00:00,4.364982795297683,8018.969572471997
2030-03-17 21:00:00+00:00,4.364953082272861,8018.866973187287
2030-03-17 22:00:00+00:00,4.364926942816337,8018.764740145434
2030-03-17 23:00:00+00:00,4.364903186425921,8018.662846179636
2030-03-18 00:00:00+00:00,4.364881325311248,8018.561143297144
2030-03-18 01:00:00+00:00,4.36486124538055,8018.459477081795
2030-03-18 02:00:00+00:00,4.364842824803328,8018.357706901811
2030-03-18 03:00:00+00:00,4.364825859171226,8018.255735826036
2030-03-18 04:00:00+00:00,4.364821020240853,8018.159423979561
2030-03-18 05:00:00+00:00,4.364806642848506,8018.057014265014
2030-03-18 06:00:00+00:00,4.364804602515803,8017.96113939991
2030-03-18 07:00:00+00:00,4.364804361083474,8017.868293233438
2030-03-18 08:00:00+00:00,4.3648093903757506,8017.81374021482
2030-03-18 09:00:00+00:00,4.36529861278374,8018.805595483686
2030-03-18 10:00:00+00:00,4.365327955577861,8019.773240312034
2030-03-18 11:00:00+00:00,4.365372125934888,8020.73414719006
2030-03-18 12:00:00+00:00,4.365387857124486,8020.640995094093
2030-03-18 13:00:00+00:00,4.365441577966826,8020.547763130893
2030-03-18 14:00:00+00:00,4.3431469086068875,8020.437804715293
2030-03-18 15:00:00+00:00,3.967430833637524,8020.327779034009
2030-03-18 16:00:00+00:00,3.345572121824763,8020.217659087257
2030-03-18 17:00:00+00:00,2.2994476769025014,8020.107365991782
2030-03-18 18:00:00+00:00,1.4037803369194841,8019.99686154369
2030-03-18 19:00:00+00:00,1.0866846280799765,8019.886148137816
2030-03-18 20:00:00+00:00,0.7274384810124112,8019.775284370405
2030-03-18 21:00:00+00:00,0.31024262638121286,8019.6643850928085
2030-03-18 22:00:00+00:00,5.526671734319037e-06,8019.553464064929
2030-03-18 23:00:00+00:00,2.6518238152663225e-05,8019.442983307148
2030-03-19 00:00:00+00:00,2.6623042421765217e-05,8019.332162123816
2030-03-19 01:00:00+00:00,0.00033548835151135957,8019.221776512592
2030-03-19 02:00:00+00:00,0.00043630085800359117,8019.111202500886
2030-03-19 03:00:00+00:00,0.000507030269609737,8019.000493559773
2030-03-19 04:00:00+00:00,0.0005983711772442876,8018.889719332828
2030-03-19 05:00:00+00:00,0.0006733644659419053,8018.778862665785
2030-03-19 06:00:00+00:00,0.0006887185752462317,8018.667703073644
2030-03-19 07:00:00+00:00,0.0007020383078819604,8018.556573768347
2030-03-19 08:00:00+00:00,0.0008459278450600685,8018.445724970988
2030-03-19 09:00:00+00:00,0.000966526390457175,8018.334901498148
2030-03-19 10:00:00+00:00,0.0010756668423280785,8018.224134470019
2030-03-19 11:00:00+00:00,0.0011724868682778525,8018.1134832214575
2030-03-19 12:00:00+00:00,0.0012600903223789397,8018.0030589195785
2030-03-19 13:00:00+00:00,0.0013406371917450105,8017.892940780168
2030-03-19 14:00:00+00:00,0.0014150855585543555,8017.783020053574
2030-03-19 15:00:00+00:00,0.0014855850621547087,8017.673391020241
2030-03-19 16:00:00+00:00,0.001501268566838766,8017.5639907939085
2030-03-19 17:00:00+00:00,0.0015178119833068693,8017.455218291476
2030-03-19 18:00:00+00:00,0.0015260850165163826,8017.346130466098
2030-03-19 19:00:00+00:00,0.0015418131458425652,8017.237267782322
2030-03-19 20:00:00+00:00,0.0015568774818499405,8017.128475568871
2030-03-19 21:00:00+00:00,0.0015715189032564055,8017.019664106753
2030-03-19 22:00:00+00:00,0.0015871196272311898,8016.910778532055
2030-03-19 23:00:00+00:00,0.0016126392466269664,8016.8019327902575
2030-03-20 00:00:00+00:00,0.0016290716837375093,8016.692939054096
2030-03-20 01:00:00+00:00,0.005813254432897263,8016.5842799772945
2030-03-20 02:00:00+00:00,0.36324181576301945,8016.475640635365
2030-03-20 03:00:00+00:00,0.8050851855560642,8016.367116069011
2030-03-20 04:00:00+00:00,1.1946742663979941,8016.258893340243
2030-03-20 05:00:00+00:00,1.4589998956485757,8016.151329709658
2030-03-20 06:00:00+00:00,1.459130115909578,8016.044367909202
2030-03-20 07:00:00+00:00,1.7646401751630447,8015.9381042514415
2030-03-20 08:00:00+00:00,2.1166355230842915,8015.832530766195
2030-03-20 09:00:00+00:00,2.4550534313015997,8015.727732924919
2030-03-20 10:00:00+00:00,2.7782159340278785,8015.623529399846
2030-03-20 11:00:00+00:00,3.182099173113345,8015.519996753604
2030-03-20 12:00:00+00:00,3.8652875688866026,8015.41698435744
2030-03-20 13:00:00+00:00,4.365239806439365,8015.314832637857
2030-03-20 14:00:00+00:00,4.365425339999172,8015.213494918753
2030-03-20 15:00:00+00:00,4.365439879249532,8015.112141232271
2030-03-20 16:00:00+00:00,4.365429251179717,8015.010664258642
2030-03-20 17:00:00+00:00,4.365428628586922,8014.90929250493
2030-03-20 18:00:00+00:00,3.8127867965770537,8014.807652130757
2030-03-20 19:00:00+00:00,3.39633819012252,8014.705801809676
2030-03-20 20:00:00+00:00,3.0476424759068905,8014.603728254097
2030-03-20 21:00:00+00:00,2.6857632649396703,8014.501431977899
2030-03-20 22:00:00+00:00,2.297563735238591,8014.398896200156
2030-03-20 23:00:00+00:00,1.9703277768012528,8014.296113955219
2030-03-21 00:00:00+00:00,1.9436284795461263,8014.193086267913
2030-03-21 01:00:00+00:00,1.9435443518335371,8014.089814106817
2030-03-21 02:00:00+00:00,1.9434910104366023,8013.986293529613
2030-03-21 03:00:00+00:00,1.700475779954302,8013.882517778885
2030-03-21 04:00:00+00:00,1.3111001949608587,8013.778485547647
2030-03-21 05:00:00+00:00,0.8873626505322317,8013.674199730989
2030-03-21 06:00:00+00:00,0.36275349436263055,8013.569657715993
2030-03-21 07:00:00+00:00,8.247647809204504e-05,8013.4648596827665
2030-03-21 08:00:00+00:00,8.470229319786866e-05,8013.359913976334
2030-03-21 09:00:00+00:00,8.565381544821054e-05,8013.254710088213
2030-03-21 10:00:00+00:00,8.561167676358563e-05,8013.149265189883
2030-03-21 11:00:00+00:00,8.478769279521697e-05,8013.04361125646
2030-03-21 12:00:00+00:00,8.3118166212951e-05,8012.93781272133
2030-03-21 13:00:00+00:00,8.048400774097936e-05,8012.831893920877
2030-03-21 14:00:00+00:00,7.675606194305795e-05,8012.725839134293
2030-03-21 15:00:00+00:00,7.180915202109709e-05,8012.6196351066155
2030-03-21 16:00:00+00:00,5.5240261379329516e-05,8012.513215650121
2030-03-21 17:00:00+00:00,2.6882908809641818e-05,8012.406558434417
2030-03-21 18:00:00+00:00,1.9055193592109326e-06,8012.2996779146715
2030-03-21 19:00:00+00:00,9.075778536453133e-06,8012.196842906951
2030-03-21 20:00:00+00:00,1.1272871369253287e-05,8013.185848780411
2030-03-21 21:00:00+00:00,3.5551171228237007e-06,8014.185031541042
2030-03-21 22:00:00+00:00,0.0004516511119734547,8015.186930525138
2030-03-21 23:00:00+00:00,0.0005958168597621196,8016.188576239164
2030-03-22 00:00:00+00:00,0.0007203654506050302,8017.189966265441
2030-03-22 01:00:00+00:00,0.0007645069163955639,8018.191084108292
2030-03-22 02:00:00+00:00,0.0007919273148224708,8019.191941727424
2030-03-22 03:00:00+00:00,0.0008116116835782919,8020.192544603674
2030-03-22 04:00:00+00:00,0.0008270361556697782,8021.192894020373
2030-03-22 05:00:00+00:00,0.061820811342942546,8022.193056360655
2030-03-22 06:00:00+00:00,0.3428430663727421,8023.192971132043
2030-03-22 07:00:00+00:00,0.37761518331020805,8024.192633021669
2030-03-22 08:00:00+00:00,0.6278195900930803,8025.192043648414
2030-03-22 09:00:00+00:00,0.8116630442422906,8026.191194822762
2030-03-22 10:00:00+00:00,1.677676369156922,8027.190388937076
2030-03-22 11:00:00+00:00,2.543689323859985,8028.189410906254
2030-03-22 12:00:00+00:00,3.409702728779604,8029.188320260476
2030-03-22 13:00:00+00:00,4.275716274961305,8030.187040399122
2030-03-22 14:00:00+00:00,4.2787612189781905,8031.185253798497
2030-03-22 15:00:00+00:00,4.3642907677411875,8032.183222648496
2030-03-22 16:00:00+00:00,4.364314132778296,8033.18084976874
2030-03-22 17:00:00+00:00,4.364402677565202,8034.17825516702
2030-03-22 18:00:00+00:00,4.364508700695367,8035.17540844751
2030-03-22 19:00:00+00:00,4.3646076582752205,8036.1723219245205
2030-03-22 20:00:00+00:00,4.3647311912742675,8037.169043438196
2030-03-22 21:00:00+00:00,4.364882437242485,8038.165638179036
2030-03-22 22:00:00+00:00,4.365032389885097,8039.162040481036
2030-03-22 23:00:00+00:00,4.365326655419056,8040.158276404783
2030-03-23 00:00:00+00:00,4.365310833277452,8041.154367364797
2030-03-23 01:00:00+00:00,4.365314442655256,8042.15030933137
2030-03-23 02:00:00+00:00,4.365341848516279,8043.146091599285
2030-03-23 03:00:00+00:00,4.3653911623754915,8044.141610287518
2030-03-23 04:00:00+00:00,4.349728084758599,8045.136494956004
2030-03-23 05:00:00+00:00,3.986677449623968,8046.131144003931
2030-03-23 06:00:00+00:00,3.6505940966849355,8047.125584670735
2030-03-23 07:00:00+00:00,3.3720600341386624,8048.1199435464905
2030-03-23 08:00:00+00:00,3.12978427085843,8049.114255679491
2030-03-23 09:00:00+00:00,2.912052593154993,8050.108605614592
2030-03-23 10:00:00+00:00,2.6825086985795217,8051.102964389627
2030-03-23 11:00:00+00:00,2.4634358571519708,8052.097139176819
2030-03-23 12:00:00+00:00,2.2529615257534807,8053.091061634587
2030-03-23 13:00:00+00:00,2.050580803141039,8054.08464157918
2030-03-23 14:00:00+00:00,1.8537454836681215,8055.077850802193
2030-03-23 15:00:00+00:00,1.6525600160178249,8056.07074282229
2030-03-23 16:00:00+00:00,1.4754518759268485,8057.063320457309
2030-03-23 17:00:00+00:00,1.4784060283801632,8058.056016868047
2030-03-23 18:00:00+00:00,1.6800239821161729,8059.04842395969
2030-03-23 19:00:00+00:00,1.8372357551809844,8060.0405784721015
2030-03-23 20:00:00+00:00,1.976881862512465,8061.032504872353
2030-03-23 21:00:00+00:00,2.2429466785063084,8062.024186127558
2030-03-23 22:00:00+00:00,2.24421411949465,8063.015494109209
2030-03-23 23:00:00+00:00,2.4819584068400236,8064.006374926882
2030-03-24 00:00:00+00:00,2.7444647543222342,8064.996728546437
2030-03-24 01:00:00+00:00,3.0322988503659185,8065.986564192489
2030-03-24 02:00:00+00:00,3.3404672458379165,8066.9759429920105
2030-03-24 03:00:00+00:00,3.4857680697084437,8067.964852064654
2030-03-24 04:00:00+00:00,3.869265508078428,8068.953306610052
2030-03-24 05:00:00+00:00,4.365426465501452,8069.941322229163
2030-03-24 06:00:00+00:00,4.36213978670611,8070.927958840151
2030-03-24 07:00:00+00:00,4.360539057185318,8071.913987155678
2030-03-24 08:00:00+00:00,4.359333516667968,8072.89934825173
2030-03-24 09:00:00+00:00,4.358341592627524,8073.883935928217
2030-03-24 10:00:00+00:00,4.357484318308706,8074.867671771801
2030-03-24 11:00:00+00:00,4.356723426560683,8075.8505154196955
2030-03-24 12:00:00+00:00,4.356026599118144,8076.832404394265
2030-03-24 13:00:00+00:00,4.355385194543002,8077.813326247166
2030-03-24 14:00:00+00:00,4.354794411258461,8078.793299192637
2030-03-24 15:00:00+00:00,4.35424295042855,8079.772316656289
2030-03-24 16:00:00+00:00,4.353718410215371,8080.7502278100665
2030-03-24 17:00:00+00:00,4.354109631594786,8081.727613897693
2030-03-24 18:00:00+00:00,4.3545160578031625,8082.703916544757
2030-03-24 19:00:00+00:00,4.354931052690047,8083.67903537854
2030-03-24 20:00:00+00:00,4.355323441140995,8084.653293627317
2030-03-24 21:00:00+00:00,4.355789229968934,8085.626720654484
2030-03-24 22:00:00+00:00,4.356293568587567,8086.599318950948
2030-03-24 23:00:00+00:00,4.3568340435752,8087.571120989372
2030-03-25 00:00:00+00:00,4.357418407931088,8088.542266079753
2030-03-25 01:00:00+00:00,4.358057302741012,8089.512915983068
2030-03-25 02:00:00+00:00,4.358769887256521,8090.483205437128
2030-03-25 03:00:00+00:00,4.359580937170345,8091.453232303039
2030-03-25 04:00:00+00:00,4.360533247925688,8092.423020691597
2030-03-25 05:00:00+00:00,4.361709323887895,8093.392586075725
2030-03-25 06:00:00+00:00,4.361943733150913,8094.361895719222
2030-03-25 07:00:00+00:00,4.364791567725902,8095.331001142829
2030-03-25 08:00:00+00:00,4.364798950320736,8096.2996192709425
2030-03-25 09:00:00+00:00,4.364809085025512,8097.2679059251905
2030-03-25 10:00:00+00:00,4.364821905743068,8098.235775956072
2030-03-25 11:00:00+00:00,4.364875695411413,8099.203285893899
2030-03-25 12:00:00+00:00,4.364939352827064,8100.170357412831
2030-03-25 13:00:00+00:00,4.3650212007156854,8101.137028001503
2030-03-25 14:00:00+00:00,4.365048297814231,8102.103224495482
2030-03-25 15:00:00+00:00,4.36508293538258,8103.069066904254
2030-03-25 16:00:00+00:00,4.365403927910943,8104.0346598443575
2030-03-25 17:00:00+00:00,4.04696024645179,8104.99822471788
2030-03-25 18:00:00+00:00,3.6387773536196137,8105.96153923587
2030-03-25 19:00:00+00:00,3.285497448341115,8106.924599525677
2030-03-25 20:00:00+00:00,3.0684270460046053,8107.887351934887
2030-03-25 21:00:00+00:00,2.8717093470976645,8108.849675729693
2030-03-25 22:00:00+00:00,2.530433302759448,8109.81155565798
2030-03-25 23:00:00+00:00,2.262170401475575,8110.773111366629
2030-03-26 00:00:00+00:00,1.988143850569616,8111.734423331211
2030-03-26 01:00:00+00:00,1.7779007903151314,8112.695467580101
2030-03-26 02:00:00+00:00,1.7329243647566488,8113.656196214826
2030-03-26 03:00:00+00:00,1.4490967443651521,8114.616577652282
2030-03-26 04:00:00+00:00,1.1792953601960434,8115.576591157792
2030-03-26 05:00:00+00:00,0.8971527928766664,8116.536215058987
2030-03-26 06:00:00+00:00,0.5784203668658221,8117.495468022828
2030-03-26 07:00:00+00:00,0.49483251327543903,8118.454237207134
2030-03-26 08:00:00+00:00,0.8332361886141602,8119.414207963875
2030-03-26 09:00:00+00:00,1.6992455623890097,8120.374197765687
2030-03-26 10:00:00+00:00,2.0728607152803584,8121.3331723223455
2030-03-26 11:00:00+00:00,2.4596496017608747,8122.291570737689
2030-03-26 12:00:00+00:00,2.8096230612406745,8123.249278199651
2030-03-26 13:00:00+00:00,3.0953980349886123,8124.2062179760505
2030-03-26 14:00:00+00:00,3.961385963822704,8125.162733207116
2030-03-26 15:00:00+00:00,4.365434317523434,8126.118264396047
2030-03-26 16:00:00+00:00,4.365401545158296,8127.064028339521
2030-03-26 17:00:00+00:00,3.9105888516220038,8126.921773226631
2030-03-26 18:00:00+00:00,3.4939127249629944,8126.77924582751
2030-03-26 19:00:00+00:00,3.0709172391755084,8126.636155460636
2030-03-26 20:00:00+00:00,2.7396691010788503,8126.4925307282565
2030-03-26 21:00:00+00:00,2.430436647037213,8126.348457908788
2030-03-26 22:00:00+00:00,2.128768568614415,8126.2040104943335
2030-03-26 23:00:00+00:00,1.8637062938948363,8126.059179177501
2030-03-27 00:00:00+00:00,1.6107769270967924,8125.913972553625
2030-03-27 01:00:00+00:00,1.4506164289946537,8125.768389685223
2030-03-27 02:00:00+00:00,1.2570144528958531,8125.622335120178
2030-03-27 03:00:00+00:00,1.2434491637297453,8125.475797579543
2030-03-27 04:00:00+00:00,0.983499035673201,8125.328390797033
2030-03-27 05:00:00+00:00,0.7150960180469899,8125.179853170011
2030-03-27 06:00:00+00:00,0.5854765449236079,8125.030158145092
2030-03-27 07:00:00+00:00,0.003044110070197931,8124.879393427303
2030-03-27 08:00:00+00:00,0.36214360815515756,8125.821687064193
2030-03-27 09:00:00+00:00,1.2281445196921532,8126.763768147012
2030-03-27 10:00:00+00:00,2.094159253314503,8127.705537592728
2030-03-27 11:00:00+00:00,2.960142078640278,8128.645070841089
2030-03-27 12:00:00+00:00,3.8013365115026807,8129.5829330919905
2030-03-27 13:00:00+00:00,4.266346079073346,8130.519463517652
2030-03-27 14:00:00+00:00,4.365418765562275,8131.454581802664
2030-03-27 15:00:00+00:00,4.365429338042316,8132.380685980433
2030-03-27 16:00:00+00:00,4.365339288523935,8132.208281897274
2030-03-27 17:00:00+00:00,4.365301088359705,8132.035318064514
2030-03-27 18:00:00+00:00,4.365264009004905,8131.861858865449
2030-03-27 19:00:00+00:00,4.365235729677725,8131.68818004307
2030-03-27 20:00:00+00:00,4.365218149149175,8131.514430031301
2030-03-27 21:00:00+00:00,4.365202963146288,8131.340449506069
2030-03-27 22:00:00+00:00,4.365189982429452,8131.166249516201
2030-03-27 23:00:00+00:00,4.36518713745646,8130.992448679185
2030-03-28 00:00:00+00:00,4.36518559323889,8130.818462007676
2030-03-28 01:00:00+00:00,4.365185355470223,8130.644276770635
2030-03-28 02:00:00+00:00,4.36518642714896,8130.469887925917
2030-03-28 03:00:00+00:00,4.365188834089852,8130.295282103327
2030-03-28 04:00:00+00:00,4.36518496258595,8130.119813620499
2030-03-28 05:00:00+00:00,4.365182613155936,8129.944153153789
2030-03-28 06:00:00+00:00,4.36518148513935,8129.768275992111
2030-03-28 07:00:00+00:00,4.3651881015533425,8129.59285959362
2030-03-28 08:00:00+00:00,4.365194525227326,8129.417245664723
2030-03-28 09:00:00+00:00,4.365200438466774,8129.241432783525
2030-03-28 10:00:00+00:00,4.365226611896094,8129.066355226534
2030-03-28 11:00:00+00:00,4.365237337026315,8128.890141843426
2030-03-28 12:00:00+00:00,4.365252660120002,8128.7136771536025
2030-03-28 13:00:00+00:00,4.365272155149549,8128.536959174761
2030-03-28 14:00:00+00:00,4.365298159991016,8128.360041327831
2030-03-28 15:00:00+00:00,4.36533702392889,8128.182893450322
2030-03-28 16:00:00+00:00,4.365438658261777,8128.005536111894
2030-03-28 17:00:00+00:00,4.365417495498223,8127.825414554564
2030-03-28 18:00:00+00:00,4.365363009228077,8127.645029525863
2030-03-28 19:00:00+00:00,4.365333214411958,8127.4644392515265
2030-03-28 20:00:00+00:00,4.365324917377221,8127.283689742103
2030-03-28 21:00:00+00:00,4.365307729202264,8127.102681167568
2030-03-28 22:00:00+00:00,4.365293741316383,8126.921462749219
2030-03-28 23:00:00+00:00,4.365281689055935,8126.740028695422
2030-03-29 00:00:00+00:00,4.36527116992183,8126.558389090326
2030-03-29 01:00:00+00:00,4.3652614506248915,8126.376545322259
2030-03-29 02:00:00+00:00,4.365259177176321,8126.194548793583
2030-03-29 03:00:00+00:00,4.36525747752904,8126.012348996865
2030-03-29 04:00:00+00:00,4.365256568099182,8125.82994649296
2030-03-29 05:00:00+00:00,4.365251714886229,8125.647289324871
2030-03-29 06:00:00+00:00,4.3652476417796064,8125.4644238628925
2030-03-29 07:00:00+00:00,4.36524839261986,8125.281396047005
2030-03-29 08:00:00+00:00,4.365249574982557,8125.098159908253
2030-03-29 09:00:00+00:00,4.365251511019128,8124.914716208704
2030-03-29 10:00:00+00:00,4.052730397567435,8124.730851842871
2030-03-29 11:00:00+00:00,3.7614781727172653,8124.546675740574
2030-03-29 12:00:00+00:00,3.4981942389351883,8124.362121860437
2030-03-29 13:00:00+00:00,3.280945661425334,8124.177173526726
2030-03-29 14:00:00+00:00,3.0856430422222787,8123.991836692783
2030-03-29 15:00:00+00:00,2.915062301422328,8123.806140759712
2030-03-29 16:00:00+00:00,2.742983267646411,8123.620165007114
2030-03-29 17:00:00+00:00,2.553855236856709,8123.43393858888
2030-03-29 18:00:00+00:00,2.373042532142762,8123.247496855008
2030-03-29 19:00:00+00:00,2.2030535552320276,8123.060827826511
2030-03-29 20:00:00+00:00,2.0350286375044084,8122.873888419892
2030-03-29 21:00:00+00:00,1.8517327975738442,8122.686616756774
2030-03-29 22:00:00+00:00,1.667018804020639,8122.499071211965
2030-03-29 23:00:00+00:00,1.4650561774660538,8122.311228252877
2030-03-30 00:00:00+00:00,1.260394125535962,8122.122945095674
2030-03-30 01:00:00+00:00,1.0574574364028646,8121.934342028128
2030-03-30 02:00:00+00:00,0.860244052400248,8121.745435874156
2030-03-30 03:00:00+00:00,0.6419107695128877,8121.556305620056
2030-03-30 04:00:00+00:00,0.40418345441578274,8121.366954326182
2030-03-30 05:00:00+00:00,0.1725270512842284,8121.177380276894
2030-03-30 06:00:00+00:00,0.00014668590216316676,8120.987554352077
2030-03-30 07:00:00+00:00,0.00016713581391706849,8120.797632093189
2030-03-30 08:00:00+00:00,0.00018249035835920795,8120.607304290765
2030-03-30 09:00:00+00:00,0.00019582856641754486,8120.41648428552
2030-03-30 10:00:00+00:00,0.0002088117820745662,8120.225152992765
2030-03-30 11:00:00+00:00,0.00022096479931201836,8120.0333984610215
2030-03-30 12:00:00+00:00,0.00022366495776588477,8119.841150954164
2030-03-30 13:00:00+00:00,0.0002332688676150211,8119.648568895625
2030-03-30 14:00:00+00:00,0.0002412864005232204,8119.455616067763
2030-03-30 15:00:00+00:00,0.00024795740077950885,8119.262263016047
2030-03-30 16:00:00+00:00,0.0002536515318485794,8119.068568264065
2030-03-30 17:00:00+00:00,0.00025881444865875615,8118.874577020704
2030-03-30 18:00:00+00:00,0.0002634616097589636,8118.680327085254
2030-03-30 19:00:00+00:00,0.0002659973364311784,8118.485826233093
2030-03-30 20:00:00+00:00,0.0002694990349676715,8118.291083540712
2030-03-30 21:00:00+00:00,0.0002727046631454585,8118.096046661123
2030-03-30 22:00:00+00:00,0.0002757193035126441,8117.9006763167945
2030-03-30 23:00:00+00:00,0.00027278679633100354,8117.704911074003
2030-03-31 00:00:00+00:00,0.0002695998077684009,8117.508866339519
2030-03-31 01:00:00+00:00,0.0002659914069336327,8117.312564337485
2030-03-31 02:00:00+00:00,0.00026197113672400625,8117.116010970769
2030-03-31 03:00:00+00:00,0.00025748089034251476,8116.919209266218
2030-03-31 04:00:00+00:00,0.0002524560855254404,8116.722167221249
2030-03-31 05:00:00+00:00,0.0002467345312188691,8116.524898811406
2030-03-31 06:00:00+00:00,0.00024025429084305,8116.3274059996
2030-03-31 07:00:00+00:00,0.00023812876017674503,8116.129739962363
2030-03-31 08:00:00+00:00,0.00023497805480490215,8115.931839492584
2030-03-31 09:00:00+00:00,0.00023144835705114663,8115.733721077192
2030-03-31 10:00:00+00:00,0.0002227390662027398,8115.535324005115
2030-03-31 11:00:00+00:00,0.00021120684323259686,8115.336684207427
2030-03-31 12:00:00+00:00,0.00019823944486136596,8115.137835098548
2030-03-31 13:00:00+00:00,0.0001835019890992402,8114.938780507582
2030-03-31 14:00:00+00:00,0.00016645380222793103,8114.739507946605
2030-03-31 15:00:00+00:00,0.00014578484145470397,8114.540025747838
2030-03-31 16:00:00+00:00,0.00011967775590904029,8114.340341552787
2030-03-31 17:00:00+00:00,8.378957439993707e-05,8114.1404335996385
2030-03-31 18:00:00+00:00,4.200158028608815e-05,8113.940325330189
2030-03-31 19:00:00+00:00,6.251892172255749e-05,8113.7406076430225
2030-03-31 20:00:00+00:00,7.698702446700214e-05,8113.540708283462
2030-03-31 21:00:00+00:00,8.652971115879091e-05,8113.340625103945
2030-03-31 22:00:00+00:00,9.532586104929954e-05,8113.140420264926
2030-03-31 23:00:00+00:00,0.00010144000301031942,8112.939999360657
2030-04-01 00:00:00+00:00,0.00010533824104756162,8112.7393657940565
2030-04-01 01:00:00+00:00,0.00010095136420085749,8112.538326015372
2030-04-01 02:00:00+00:00,9.459897670599878e-05,8112.337059452539
2030-04-01 03:00:00+00:00,8.567519792248379e-05,8112.13557033592
2030-04-01 04:00:00+00:00,7.287227336940795e-05,8111.93386226274
2030-04-01 05:00:00+00:00,5.266313692835474e-05,8111.73193436377
2030-04-01 06:00:00+00:00,4.098613815705428e-06,8111.52978612519
2030-04-01 07:00:00+00:00,1.0291943427874312e-05,8112.431502400458
2030-04-01 08:00:00+00:00,1.2633904898095106e-05,8113.336516701473
2030-04-01 09:00:00+00:00,0.0012649265958561869,8114.242309503218
2030-04-01 10:00:00+00:00,0.8618817600552252,8115.147893109516
2030-04-01 11:00:00+00:00,1.5696741431995829,8116.053254602827
2030-04-01 12:00:00+00:00,2.271280821319419,8116.958432149151
2030-04-01 13:00:00+00:00,2.894231295350855,8117.8634057122945
2030-04-01 14:00:00+00:00,3.680956061576578,8118.768123344757
2030-04-01 15:00:00+00:00,4.3654339741196235,8119.672600661295
2030-04-01 16:00:00+00:00,4.365433852511021,8120.575592979743
2030-04-01 17:00:00+00:00,3.940239429590393,8120.380851594465
2030-04-01 18:00:00+00:00,3.5995228981929017,8120.185878357557
2030-04-01 19:00:00+00:00,3.369183568412642,8119.990672805379
2030-04-01 20:00:00+00:00,3.300692851873144,8119.795250097139
2030-04-01 21:00:00+00:00,3.30063836381541,8119.623467023629
2030-04-01 22:00:00+00:00,3.3005804256036644,8119.451461641748
2030-04-01 23:00:00+00:00,3.3005239108524242,8119.279219125033
2030-04-02 00:00:00+00:00,3.3004684112461313,8119.10672398501
2030-04-02 01:00:00+00:00,3.1486279024508437,8118.91013990576
2030-04-02 02:00:00+00:00,2.975963250997277,8118.713322869156
2030-04-02 03:00:00+00:00,2.8082514830345175,8118.516274189417
2030-04-02 04:00:00+00:00,2.604637442281713,8118.318996750701
2030-04-02 05:00:00+00:00,1.450208132467162,8118.119696243093
2030-04-02 06:00:00+00:00,0.29577405982765764,8117.920156047468
2030-04-02 07:00:00+00:00,5.156674162938639e-05,8117.722190976197
2030-04-02 08:00:00+00:00,1.5571157652728133e-05,8118.608200330438
2030-04-02 09:00:00+00:00,0.33568554056824085,8119.507900383764
2030-04-02 10:00:00+00:00,1.2016664955435503,8120.407671087837
2030-04-02 11:00:00+00:00,2.0676837637954852,8121.308003461006
2030-04-02 12:00:00+00:00,2.9337009603327835,8122.208120558448
2030-04-02 13:00:00+00:00,3.799710842766958,8123.107677485483
2030-04-02 14:00:00+00:00,4.031962978564274,8124.006315612189
2030-04-02 15:00:00+00:00,4.36542630518954,8124.904736508031
2030-04-02 16:00:00+00:00,4.364784283057363,8125.65438501826
2030-04-02 17:00:00+00:00,3.944436414384159,8125.5520290433005
2030-04-02 18:00:00+00:00,3.600093354326589,8125.449325286099
2030-04-02 19:00:00+00:00,3.294232168363712,8125.346345449613
2030-04-02 20:00:00+00:00,3.0470939250499605,8125.243150287011
2030-04-02 21:00:00+00:00,2.8258527999204914,8125.139725935907
2030-04-02 22:00:00+00:00,2.6083716004204835,8125.036051706658
2030-04-02 23:00:00+00:00,2.4191045847766137,8124.93217885026
2030-04-03 00:00:00+00:00,2.2488491007279654,8124.8280929579905
2030-04-03 01:00:00+00:00,2.034806060356314,8124.723656365812
2030-04-03 02:00:00+00:00,1.7936229043424694,8124.618924898156
2030-04-03 03:00:00+00:00,1.5133345673805656,8124.513907894751
2030-04-03 04:00:00+00:00,1.1108026259864328,8124.408569966368
2030-04-03 05:00:00+00:00,0.657465046515703,8124.303008603153
2030-04-03 06:00:00+00:00,0.13344755194629113,8124.197259516612
2030-04-03 07:00:00+00:00,5.893112072224694e-06,8124.092245036516
2030-04-03 08:00:00+00:00,0.08571885149734251,8124.987143393324
2030-04-03 09:00:00+00:00,0.9517273725533223,8125.8821836525
2030-04-03 10:00:00+00:00,1.8177362333569214,8126.777044429572
2030-04-03 11:00:00+00:00,2.683683730129942,8127.671475544136
2030-04-03 12:00:00+00:00,3.5490246226361606,8128.565740338806
2030-04-03 13:00:00+00:00,3.815475536527974,8129.459871991807
2030-04-03 14:00:00+00:00,4.049324854038369,8130.353876807171
2030-04-03 15:00:00+00:00,4.3654283211991665,8131.247716202795
2030-04-03 16:00:00+00:00,4.365394601850176,8132.139938564182
2030-04-03 17:00:00+00:00,3.971725330217406,8133.029792014661
2030-04-03 18:00:00+00:00,3.511721156012849,8133.919398467114
2030-04-03 19:00:00+00:00,2.6799022766934066,8134.808756700678
2030-04-03 20:00:00+00:00,2.161704415629524,8135.697864158936
2030-04-03 21:00:00+00:00,1.8244862259119004,8136.586718114536
2030-04-03 22:00:00+00:00,1.5425638191064843,8137.475322551802
2030-04-03 23:00:00+00:00,1.4296081357709984,8138.363678329073
2030-04-04 00:00:00+00:00,1.2026087313522689,8139.251784768719
2030-04-04 01:00:00+00:00,1.1973686292447745,8140.139672340938
2030-04-04 02:00:00+00:00,1.0400215675361444,8141.0272747810395
2030-04-04 03:00:00+00:00,0.736381587703267,8141.9146273987835
2030-04-04 04:00:00+00:00,0.7359767211104086,8142.802049105993
2030-04-04 05:00:00+00:00,0.7356298137561,8143.689239289975
2030-04-04 06:00:00+00:00,0.18555987009685118,8144.575849814106
2030-04-04 07:00:00+00:00,1.2814806602393196e-05,8145.462208214637
2030-04-04 08:00:00+00:00,0.00015271835127427126,8146.351722186524
2030-04-04 09:00:00+00:00,0.5718348554777556,8147.241075167799
2030-04-04 10:00:00+00:00,1.4376175336248085,8148.13022439082
2030-04-04 11:00:00+00:00,2.3022546436950995,8149.019126021073
2030-04-04 12:00:00+00:00,3.168068319380712,8149.907821105374
2030-04-04 13:00:00+00:00,3.5358449814985087,8150.7961997781995
2030-04-04 14:00:00+00:00,3.981642184561251,8151.684286307627
2030-04-04 15:00:00+00:00,4.36543026388628,8152.5720892231375
2030-04-04 16:00:00+00:00,4.3654178602444995,8153.4583026311575
2030-04-04 17:00:00+00:00,4.365262989253248,8154.339979056046
2030-04-04 18:00:00+00:00,4.3651855623887865,8155.221360685196
2030-04-04 19:00:00+00:00,4.365130059192759,8156.1024774162615
2030-04-04 20:00:00+00:00,4.36508590794405,8156.983333601298
2030-04-04 21:00:00+00:00,4.365048788251154,8157.863953216052
2030-04-04 22:00:00+00:00,4.365032503267334,8158.74581624051
2030-04-04 23:00:00+00:00,4.365021706576195,8159.627771319991
2030-04-05 00:00:00+00:00,4.365009456813095,8160.509112423395
2030-04-05 01:00:00+00:00,4.364992298273704,8161.389268555812
2030-04-05 02:00:00+00:00,4.364973754395496,8162.268557376372
2030-04-05 03:00:00+00:00,4.364957678378034,8163.1475833296245
2030-04-05 04:00:00+00:00,4.364943724521832,8164.026342856874
2030-04-05 05:00:00+00:00,4.364931702837827,8164.904838607182
2030-04-05 06:00:00+00:00,4.364921329870009,8165.783073090569
2030-04-05 07:00:00+00:00,4.364911764643564,8166.661044039243
2030-04-05 08:00:00+00:00,4.3649346365719985,8167.54193156595
2030-04-05 09:00:00+00:00,4.364974838685053,8168.422865544187
2030-04-05 10:00:00+00:00,4.3650156940544935,8169.303464576587
2030-04-05 11:00:00+00:00,4.36507228221865,8170.183893653761
2030-04-05 12:00:00+00:00,4.3651592422246335,8171.064134965174
2030-04-05 13:00:00+00:00,4.365311365115613,8171.944139852138
2030-04-05 14:00:00+00:00,4.36542055114093,8172.823554524837
2030-04-05 15:00:00+00:00,4.3654095274293425,8172.613046337056
2030-04-05 16:00:00+00:00,4.36540546601969,8172.393873733056
2030-04-05 17:00:00+00:00,4.365367860807191,8172.168155532847
2030-04-05 18:00:00+00:00,4.365309356766887,8171.941617238127
2030-04-05 19:00:00+00:00,4.365276166781597,8171.714862044544
2030-04-05 20:00:00+00:00,4.365259187731856,8171.48806261213
2030-04-05 21:00:00+00:00,4.365245434771043,8171.2609988480335
2030-04-05 22:00:00+00:00,4.3652329900442375,8171.033623537278
2030-04-05 23:00:00+00:00,4.36522282657364,8170.805985562786
2030-04-06 00:00:00+00:00,4.365215524535559,8170.578142528776
2030-04-06 01:00:00+00:00,4.365209552115317,8170.350010170184
2030-04-06 02:00:00+00:00,4.365209327285828,8170.121943654135
2030-04-06 03:00:00+00:00,4.365210206735712,8169.8935502742725
2030-04-06 04:00:00+00:00,4.365212290241221,8169.66488784452
2030-04-06 05:00:00+00:00,4.365216078940278,8169.4359593645295
2030-04-06 06:00:00+00:00,4.365218383993217,8169.206522511512
2030-04-06 07:00:00+00:00,4.365224938487142,8168.977047985207
2030-04-06 08:00:00+00:00,4.365234023236071,8168.747385277802
2030-04-06 09:00:00+00:00,4.365240257784939,8168.517241895835
2030-04-06 10:00:00+00:00,4.365244206778546,8168.28667412464
2030-04-06 11:00:00+00:00,4.365251406191392,8168.056103536586
2030-04-06 12:00:00+00:00,4.365261952092293,8167.82547945496
2030-04-06 13:00:00+00:00,4.365275903594365,8167.594778818403
2030-04-06 14:00:00+00:00,4.365293651897645,8167.363937910551
2030-04-06 15:00:00+00:00,4.36533315436426,8167.133109176777
2030-04-06 16:00:00+00:00,4.365441075543085,8166.902103350382
2030-04-06 17:00:00+00:00,4.365370683730975,8166.668389134616
2030-04-06 18:00:00+00:00,4.365340341199781,8166.434411841463
2030-04-06 19:00:00+00:00,4.3653192402260315,8166.200163236902
2030-04-06 20:00:00+00:00,4.2711411254444265,8165.965611165166
2030-04-06 21:00:00+00:00,3.750400132386918,8165.730789528823
2030-04-06 22:00:00+00:00,3.268294589518638,8165.495700622694
2030-04-06 23:00:00+00:00,2.816488189762139,8165.260341221616
2030-04-07 00:00:00+00:00,2.3634966282794454,8165.024714674354
2030-04-07 01:00:00+00:00,1.9312359057725135,8164.788819431274
2030-04-07 02:00:00+00:00,1.511546973766849,8164.552648741807
2030-04-07 03:00:00+00:00,1.101270501634794,8164.316207016828
2030-04-07 04:00:00+00:00,0.6717723106924419,8164.079500521898
2030-04-07 05:00:00+00:00,0.25331909776283357,8163.842527944987
2030-04-07 06:00:00+00:00,4.458892903461147e-05,8163.6052889672355
2030-04-07 07:00:00+00:00,2.401382464269113e-06,8163.367808355918
2030-04-07 08:00:00+00:00,9.318889203027178e-05,8163.13287857817
2030-04-07 09:00:00+00:00,0.2165343762323402,8162.898601101829
2030-04-07 10:00:00+00:00,0.6110279483268422,8162.664080243445
2030-04-07 11:00:00+00:00,0.6955246543941287,8162.429300462498
2030-04-07 12:00:00+00:00,0.854342845038898,8162.194272269332
2030-04-07 13:00:00+00:00,1.446390466922644,8161.958990165267
2030-04-07 14:00:00+00:00,2.3096483394873055,8161.723483749704
2030-04-07 15:00:00+00:00,2.3096872073273076,8161.486756820306
2030-04-07 16:00:00+00:00,2.3096609333227622,8161.24777036083
2030-04-07 17:00:00+00:00,1.1551264648831323,8161.008302383799
2030-04-07 18:00:00+00:00,0.0004376188793239743,8160.768197467347
2030-04-07 19:00:00+00:00,0.00041107763787444975,8160.528363420585
2030-04-07 20:00:00+00:00,0.0003747112904534818,8160.288234818779
2030-04-07 21:00:00+00:00,0.00033112566921481706,8160.047810706575
2030-04-07 22:00:00+00:00,0.0002703435672436846,8159.8070891003745
2030-04-07 23:00:00+00:00,0.0002546755072282696,8159.566397857876
2030-04-08 00:00:00+00:00,0.00023634138254075834,8159.3254164722275
2030-04-08 01:00:00+00:00,0.0002275022560286503,8159.084421688492
2030-04-08 02:00:00+00:00,0.00020178419614439236,8158.8428667372955
2030-04-08 03:00:00+00:00,0.00017088948223536996,8158.601020263944
2030-04-08 04:00:00+00:00,0.00013104260255140468,8158.35888762072
2030-04-08 05:00:00+00:00,6.608469758005833e-05,8158.116465081972
2030-04-08 06:00:00+00:00,6.136152929861836e-05,8157.874887058611
2030-04-08 07:00:00+00:00,7.996710554501544e-05,8157.637825810234
2030-04-08 08:00:00+00:00,0.4078716648461418,8158.338856832046
2030-04-08 09:00:00+00:00,1.2738094227814147,8159.180780250595
2030-04-08 10:00:00+00:00,2.1397355238002462,8160.0184055192585
2030-04-08 11:00:00+00:00,2.899131017837775,8160.719844242386
2030-04-08 12:00:00+00:00,3.3534594292940523,8161.42025898963
2030-04-08 13:00:00+00:00,3.8243296784648577,8162.120434047971
2030-04-08 14:00:00+00:00,4.362137838329656,8162.820479049317
2030-04-08 15:00:00+00:00,4.362417862972884,8162.684133268291
2030-04-08 16:00:00+00:00,4.362437297983642,8162.448009730535
2030-04-08 17:00:00+00:00,4.3624576331143885,8162.211486520603
2030-04-08 18:00:00+00:00,4.362479275701561,8161.974767892698
2030-04-08 19:00:00+00:00,4.362500900363298,8161.737846925558
2030-04-08 20:00:00+00:00,4.362522773660949,8161.500659114118
2030-04-08 21:00:00+00:00,4.362544612958536,8161.263179380618
2030-04-08 22:00:00+00:00,4.36256778143872,8161.025528816259
2030-04-08 23:00:00+00:00,4.362648262134783,8160.800222379096
2030-04-09 00:00:00+00:00,4.3627508992806545,8160.578056766832
2030-04-09 01:00:00+00:00,4.362837140312151,8160.352177301565
2030-04-09 02:00:00+00:00,4.362956727734121,8160.1304865273905
2030-04-09 03:00:00+00:00,4.3630601966875755,8159.90552823702
2030-04-09 04:00:00+00:00,4.363145047080679,8159.676710774436
2030-04-09 05:00:00+00:00,4.363281308091709,8159.453081005917
2030-04-09 06:00:00+00:00,4.363347841246722,8159.2206546213765
2030-04-09 07:00:00+00:00,4.36349351902179,8158.9966297938645
2030-04-09 08:00:00+00:00,4.3636652555033,8158.772629695294
2030-04-09 09:00:00+00:00,4.363846977279016,8158.548962992724
2030-04-09 10:00:00+00:00,4.3640633951042815,8158.3258327850735
2030-04-09 11:00:00+00:00,4.364351455361142,8158.103201510222
2030-04-09 12:00:00+00:00,4.364378441976307,8157.864039345741
2030-04-09 13:00:00+00:00,4.364736926600723,8157.638067078919
2030-04-09 14:00:00+00:00,4.365392579704286,8157.411748476473
2030-04-09 15:00:00+00:00,4.365417949610978,8157.168692573059
2030-04-09 16:00:00+00:00,4.365432939659416,8156.92354039914
2030-04-09 17:00:00+00:00,4.36540395605915,8156.676335251563
2030-04-09 18:00:00+00:00,4.365388090623337,8156.429516881475
2030-04-09 19:00:00+00:00,4.3653787416324,8156.182532746778
2030-04-09 20:00:00+00:00,4.3653729541992465,8155.935293749828
2030-04-09 21:00:00+00:00,4.365369768832906,8155.687779023765
2030-04-09 22:00:00+00:00,4.365374693459213,8155.440110594099
2030-04-09 23:00:00+00:00,4.365383115551995,8155.1921557232245
2030-04-10 00:00:00+00:00,4.365397062748373,8154.943917441889
2030-04-10 01:00:00+00:00,4.36542627577826,8154.695404659758
2030-04-10 02:00:00+00:00,4.365435589576467,8154.446373765596
2030-04-10 03:00:00+00:00,4.222167180939078,8154.196847994131
2030-04-10 04:00:00+00:00,4.076528937059732,8153.947551701407
2030-04-10 05:00:00+00:00,3.9294025583471073,8153.6987437103435
2030-04-10 06:00:00+00:00,3.79455025558893,8153.450648498384
2030-04-10 07:00:00+00:00,3.7287628410559,8153.202988265256
2030-04-10 08:00:00+00:00,3.6950930996831803,8152.955608642736
2030-04-10 09:00:00+00:00,3.6189058465337083,8152.708333425791
2030-04-10 10:00:00+00:00,3.5503379630963896,8152.460952621773
2030-04-10 11:00:00+00:00,3.4929309515488094,8152.213435556269
2030-04-10 12:00:00+00:00,3.430319040564934,8151.965748522906
2030-04-10 13:00:00+00:00,3.3652841837846177,8151.71792496141
2030-04-10 14:00:00+00:00,3.283261644703108,8151.469891650516
2030-04-10 15:00:00+00:00,3.1260706716948357,8151.221812524556
2030-04-10 16:00:00+00:00,2.2124676274668587,8150.9735948853995
2030-04-10 17:00:00+00:00,1.057771877776145,8150.725094988721
2030-04-10 18:00:00+00:00,0.7134466294507067,8150.476469240486
2030-04-10 19:00:00+00:00,0.47922972555859095,8150.2275894492195
2030-04-10 20:00:00+00:00,0.21405985791337767,8149.978530800818
2030-04-10 21:00:00+00:00,0.08867329056541881,8149.729594501801
2030-04-10 22:00:00+00:00,4.5451539841682725e-06,8149.481313937323
2030-04-10 23:00:00+00:00,3.0037793249040446e-05,8149.235124872617
2030-04-11 00:00:00+00:00,7.969587052139381e-05,8148.990422512014
2030-04-11 01:00:00+00:00,0.00010334844916660474,8148.746961294675
2030-04-11 02:00:00+00:00,0.00011926629858439922,8148.50385860015
2030-04-11 03:00:00+00:00,0.00013118858345231927,8148.260829296885
2030-04-11 04:00:00+00:00,0.0001325647712889392,8148.017534687069
2030-04-11 05:00:00+00:00,0.00013252163260623319,8147.774196437017
2030-04-11 06:00:00+00:00,0.00033198952907222693,8147.531898565442
2030-04-11 07:00:00+00:00,0.7361094326379878,8147.289705474495
2030-04-11 08:00:00+00:00,1.6016417691351683,8147.047445522588
2030-04-11 09:00:00+00:00,2.384426091150826,8146.804955680144
2030-04-11 10:00:00+00:00,2.8391388286386223,8146.562216436098
2030-04-11 11:00:00+00:00,3.353510368171696,8146.3191695668465
2030-04-11 12:00:00+00:00,3.8921756869294413,8146.075813940478
2030-04-11 13:00:00+00:00,4.365328682605196,8145.832145574624
2030-04-11 14:00:00+00:00,4.365441313061209,8145.587793218239
2030-04-11 15:00:00+00:00,4.365436304688877,8145.341308715345
2030-04-11 16:00:00+00:00,3.9145766583204633,8145.094382344501
2030-04-11 17:00:00+00:00,3.4681718930339094,8144.847175432589
2030-04-11 18:00:00+00:00,2.6709721296756896,8144.599737049553
2030-04-11 19:00:00+00:00,1.688261422739657,8144.352180653163
2030-04-11 20:00:00+00:00,1.1461881233989948,8144.104610896588
2030-04-11 21:00:00+00:00,0.708517041299378,8143.857074646937
2030-04-11 22:00:00+00:00,0.3006217716448002,8143.6096523845545
2030-04-11 23:00:00+00:00,0.018310891627572913,8143.362436605864
2030-04-12 00:00:00+00:00,2.485540919974312e-05,8143.115430284891
2030-04-12 01:00:00+00:00,2.833167688438066e-05,8142.868838850419
2030-04-12 02:00:00+00:00,2.8758995023790672e-05,8142.62270669128
2030-04-12 03:00:00+00:00,2.635008575093425e-05,8142.377140155707
2030-04-12 04:00:00+00:00,2.0456549025953134e-05,8142.1316362121515
2030-04-12 05:00:00+00:00,2.6972237005127677e-06,8141.885960665457
2030-04-12 06:00:00+00:00,6.2661242082194186e-06,8141.640877750613
2030-04-12 07:00:00+00:00,9.33996350852263e-06,8141.397533807906
2030-04-12 08:00:00+00:00,0.00015773483440917682,8142.251941628744
2030-04-12 09:00:00+00:00,0.000217687022314999,8143.106422461858
2030-04-12 10:00:00+00:00,0.00025806361944900793,8143.9610925258485
2030-04-12 11:00:00+00:00,0.0002882660793845368,8144.8159328153115
2030-04-12 12:00:00+00:00,0.0003104690235022758,8145.670998617078
2030-04-12 13:00:00+00:00,0.0003296913633540117,8146.536079380356
2030-04-12 14:00:00+00:00,0.00034673132761387285,8147.403378262233
2030-04-12 15:00:00+00:00,0.0003624229495620163,8148.271024365763
2030-04-12 16:00:00+00:00,0.00037618191234490466,8149.138465150554
2030-04-12 17:00:00+00:00,0.00038893312672011096,8150.005897546347
2030-04-12 18:00:00+00:00,0.0004008986067209613,8150.873255436081
2030-04-12 19:00:00+00:00,0.00041110094560345585,8151.74053794243
2030-04-12 20:00:00+00:00,0.0004012293768525256,8151.617177379587
2030-04-12 21:00:00+00:00,0.00039011658262880987,8151.493236198781
2030-04-12 22:00:00+00:00,0.00037720568803936114,8151.369238893431
2030-04-12 23:00:00+00:00,0.000362237416341073,8151.2449519906995
2030-04-13 00:00:00+00:00,0.0003447061766838886,8151.120389090925
2030-04-13 01:00:00+00:00,0.0003257684221093008,8151.5449389122705
2030-04-13 02:00:00+00:00,0.00030366329710841336,8151.969686405213
2030-04-13 03:00:00+00:00,0.000275102090324391,8151.844224316935
2030-04-13 04:00:00+00:00,0.00024120677548623967,8151.718191254253
2030-04-13 05:00:00+00:00,0.0001890777636513467,8151.533820798683
2030-04-13 06:00:00+00:00,0.0001279794187625825,8151.407302489926
2030-04-13 07:00:00+00:00,1.5766733547025305e-05,8151.839211503434
2030-04-13 08:00:00+00:00,1.2287705351534937e-05,8152.710228944496
2030-04-13 09:00:00+00:00,3.4409519971071865e-06,8153.582184853231
2030-04-13 10:00:00+00:00,3.288846791638624e-05,8154.455072457969
2030-04-13 11:00:00+00:00,0.00026788302314317586,8155.327742810851
2030-04-13 12:00:00+00:00,0.00030338374113658364,8156.200080215969
2030-04-13 13:00:00+00:00,9.722491065400818e-05,8157.0720148860855
2030-04-13 14:00:00+00:00,0.00027695413943853086,8157.943571686029
2030-04-13 15:00:00+00:00,0.0005481251271424237,8158.814756735086
2030-04-13 16:00:00+00:00,0.00047178445192253113,8159.685579908804
2030-04-13 17:00:00+00:00,0.00016797440078815236,8160.556139197628
2030-04-13 18:00:00+00:00,0.0006426535812589161,8161.426556631772
2030-04-13 19:00:00+00:00,0.0007197482382659162,8162.296771396388
2030-04-13 20:00:00+00:00,0.0005878877195268236,8163.166800517367
2030-04-13 21:00:00+00:00,2.3237559636772936e-05,8164.036664887306
2030-04-13 22:00:00+00:00,0.26932683164274396,8164.9064966883825
2030-04-13 23:00:00+00:00,0.5202307562696552,8165.776493024855
2030-04-14 00:00:00+00:00,0.7574125115980376,8166.646581633891
2030-04-14 01:00:00+00:00,0.9581302883837585,8167.5165567356835
2030-04-14 02:00:00+00:00,1.131092165957314,8168.38629866577
2030-04-14 03:00:00+00:00,1.2883017961224446,8169.255751231205
2030-04-14 04:00:00+00:00,1.4300002570809236,8170.124908021388
2030-04-14 05:00:00+00:00,1.5539949639603499,8170.993770883935
2030-04-14 06:00:00+00:00,1.653461199856788,8171.862339034662
2030-04-14 07:00:00+00:00,1.7475016584554033,8172.730612553451
2030-04-14 08:00:00+00:00,1.8736473649014074,8173.598594246022
2030-04-14 09:00:00+00:00,2.0225578592058406,8174.466262442458
2030-04-14 10:00:00+00:00,2.121477812176762,8175.333603504134
2030-04-14 11:00:00+00:00,2.2442376976820815,8176.200630884613
2030-04-14 12:00:00+00:00,2.370384344004737,8177.0673243450565
2030-04-14 13:00:00+00:00,2.4945491112614935,8177.933681551843
2030-04-14 14:00:00+00:00,2.6903216517514648,8178.7997082025
2030-04-14 15:00:00+00:00,2.886852159508519,8179.665397664687
2030-04-14 16:00:00+00:00,3.0373084486726203,8180.530776116675
2030-04-14 17:00:00+00:00,3.1509291550031775,8181.395848927089
2030-04-14 18:00:00+00:00,3.2593645771262274,8182.260625074475
2030-04-14 19:00:00+00:00,3.380841132661113,8183.125105250843
2030-04-14 20:00:00+00:00,3.4812557625739524,8183.989295392642
2030-04-14 21:00:00+00:00,3.5745433433565124,8184.853184531267
2030-04-14 22:00:00+00:00,3.7149776426475642,8185.716775545403
2030-04-14 23:00:00+00:00,3.9209903514798388,8186.58006872559
2030-04-15 00:00:00+00:00,4.156417802738275,8187.443064653829
2030-04-15 01:00:00+00:00,4.335684324241705,8188.3057622768865
2030-04-15 02:00:00+00:00,4.365403877474035,8189.168156110558
2030-04-15 03:00:00+00:00,4.364807853516147,8190.030216484235
2030-04-15 04:00:00+00:00,4.3653608136273485,8190.891976402251
2030-04-15 05:00:00+00:00,4.365051757274789,8191.753413444539
2030-04-15 06:00:00+00:00,4.36479701508379,8192.614551528983
2030-04-15 07:00:00+00:00,4.364940341831618,8193.475407235246
2030-04-15 08:00:00+00:00,4.36507869159242,8194.335982283617
2030-04-15 09:00:00+00:00,3.210540637762184,8195.196304329493
2030-04-15 10:00:00+00:00,2.0561014234282027,8196.056482715301
2030-04-15 11:00:00+00:00,2.056764255199823,8196.916670283175
2030-04-15 12:00:00+00:00,2.1656206970361636,8197.776711013767
2030-04-15 13:00:00+00:00,3.030641951386909,8198.636427438518
2030-04-15 14:00:00+00:00,3.8956382068309523,8199.49560442992
2030-04-15 15:00:00+00:00,4.193559373091924,8200.354293573131
2030-04-15 16:00:00+00:00,4.365435643111262,8201.212479962145
2030-04-15 17:00:00+00:00,4.091485271272325,8202.070096176625
2030-04-15 18:00:00+00:00,3.322291557324474,8202.927348454505
2030-04-15 19:00:00+00:00,2.1677744968878394,8203.78423960728
2030-04-15 20:00:00+00:00,1.0132535918437822,8204.64080146176
2030-04-15 21:00:00+00:00,0.38032058355618426,8205.497091317784
2030-04-15 22:00:00+00:00,0.23350620522571286,8206.353062420372
2030-04-15 23:00:00+00:00,6.881789623839603e-06,8207.208727519757
2030-04-16 00:00:00+00:00,0.0002294323489956951,8208.064372356874
2030-04-16 01:00:00+00:00,2.421708446176621e-05,8208.919724040394
2030-04-16 02:00:00+00:00,0.10923488692537983,8209.774832576933
2030-04-16 03:00:00+00:00,0.15641128181314426,8210.629647145894
2030-04-16 04:00:00+00:00,0.12670700917549862,8211.48417301649
2030-04-16 05:00:00+00:00,0.014866680524514939,8212.338394929639
2030-04-16 06:00:00+00:00,0.12008935924955597,8213.192247415587
2030-04-16 07:00:00+00:00,0.5308781854990959,8214.045712078407
2030-04-16 08:00:00+00:00,0.934149152087167,8214.898534102704
2030-04-16 09:00:00+00:00,1.3620363075696538,8215.750439840336
2030-04-16 10:00:00+00:00,1.7766086371900551,8216.60120685895
2030-04-16 11:00:00+00:00,2.243083332888707,8217.4508279293
2030-04-16 12:00:00+00:00,2.7302553479034195,8218.299725224766
2030-04-16 13:00:00+00:00,3.1642051286857673,8219.148240005967
2030-04-16 14:00:00+00:00,3.5520693262082905,8219.99637744166
2030-04-16 15:00:00+00:00,3.948032687167716,8220.843821151622
2030-04-16 16:00:00+00:00,4.364900216682908,8221.690172760094
2030-04-16 17:00:00+00:00,4.365102689359241,8222.53574421435
2030-04-16 18:00:00+00:00,4.363260865187409,8223.38031769667
2030-04-16 19:00:00+00:00,4.365359615085823,8224.224463105957
2030-04-16 20:00:00+00:00,4.364393339621332,8225.068248781501
2030-04-16 21:00:00+00:00,4.364282282420014,8225.911713544698
2030-04-16 22:00:00+00:00,4.365377795728562,8226.754874505114
2030-04-16 23:00:00+00:00,4.365147458436328,8227.597711267623
2030-04-17 00:00:00+00:00,4.365432021234852,8228.440239218146
2030-04-17 01:00:00+00:00,4.268170822030314,8229.282289226529
2030-04-17 02:00:00+00:00,4.093488344426008,8230.124018116148
2030-04-17 03:00:00+00:00,3.464004638992528,8230.965260649718
2030-04-17 04:00:00+00:00,2.3093407034601054,8231.805556013538
2030-04-17 05:00:00+00:00,1.1546786212111926,8232.644765066538
2030-04-17 06:00:00+00:00,1.2340460307780504e-05,8233.48265902963
2030-04-17 07:00:00+00:00,2.5527551410125535e-05,8234.319841728366
2030-04-17 08:00:00+00:00,0.11027605342728306,8235.15619757385
2030-04-17 09:00:00+00:00,0.5163575788139625,8235.99184670464
2030-04-17 10:00:00+00:00,0.9281812477670741,8236.82694308587
2030-04-17 11:00:00+00:00,1.3577890855275274,8237.661471993179
2030-04-17 12:00:00+00:00,1.7738277982695614,8238.495409965235
2030-04-17 13:00:00+00:00,2.094064270587377,8239.32874427616
2030-04-17 14:00:00+00:00,2.3447842358114572,8240.161558340691
2030-04-17 15:00:00+00:00,2.4861313057607806,8240.993731319393
2030-04-17 16:00:00+00:00,2.460945946609903,8241.825406328328
2030-04-17 17:00:00+00:00,2.285173438484266,8242.656620585138
2030-04-17 18:00:00+00:00,2.30642841690319,8243.487468815712
2030-04-17 19:00:00+00:00,2.409891922148185,8244.317963227468
2030-04-17 20:00:00+00:00,2.5399047118560785,8245.14801892391
2030-04-17 21:00:00+00:00,2.6928938149159336,8245.977348800554
2030-04-17 22:00:00+00:00,2.872577505622912,8246.805408943994
2030-04-17 23:00:00+00:00,3.10059305698622,8247.631621097462
2030-04-18 00:00:00+00:00,3.3193516478983716,8248.456063428985
2030-04-18 01:00:00+00:00,3.5542329522759495,8249.278660015774
2030-04-18 02:00:00+00:00,3.6995609876588924,8250.100290291604
2030-04-18 03:00:00+00:00,3.9045165067052903,8250.921234778894
2030-04-18 04:00:00+00:00,4.105477872745846,8251.741604731187
2030-04-18 05:00:00+00:00,4.104650226302186,8252.561412096848
2030-04-18 06:00:00+00:00,2.9500161655468795,8253.380543380288
2030-04-18 07:00:00+00:00,1.999507508727564,8254.199190492416
2030-04-18 08:00:00+00:00,2.025614468445282,8255.017351229802
2030-04-18 09:00:00+00:00,2.0718965951585013,8255.83505624074
2030-04-18 10:00:00+00:00,2.140321989040868,8256.652348190455
2030-04-18 11:00:00+00:00,2.57472094736864,8257.469228567712
2030-04-18 12:00:00+00:00,3.092384403674871,8258.285710616417
2030-04-18 13:00:00+00:00,3.5852133891968467,8259.101813696305
2030-04-18 14:00:00+00:00,3.8049275531719484,8259.91754354492
2030-04-18 15:00:00+00:00,3.8613726183586516,8260.7329281265
2030-04-18 16:00:00+00:00,3.853550121508358,8261.547956532948
2030-04-18 17:00:00+00:00,4.365420048440223,8262.362615262922
2030-04-18 18:00:00+00:00,4.365001481517562,8263.176832470162
2030-04-18 19:00:00+00:00,4.365017075712414,8263.990548394453
2030-04-18 20:00:00+00:00,4.365370603367169,8264.803660352833
2030-04-18 21:00:00+00:00,4.365258004424969,8265.61608631423
2030-04-18 22:00:00+00:00,4.3654301931525055,8266.42777672516
2030-04-18 23:00:00+00:00,4.365426739526274,8267.238519997196
2030-04-19 00:00:00+00:00,4.365386498488426,8268.048271540227
2030-04-19 01:00:00+00:00,4.365426683864654,8268.857108502298
2030-04-19 02:00:00+00:00,4.3653741520385685,8269.66452831336
2030-04-19 03:00:00+00:00,4.365367604282761,8270.47075984679
2030-04-19 04:00:00+00:00,4.3654373510778175,8271.276359359863
2030-04-19 05:00:00+00:00,4.365404921016486,8272.078424865089
2030-04-19 06:00:00+00:00,4.365378444127098,8272.878312600304
2030-04-19 07:00:00+00:00,4.365377275994252,8273.679259460887
2030-04-19 08:00:00+00:00,4.365385799842004,8274.47987847199
2030-04-19 09:00:00+00:00,4.365343070093873,8274.257227421935
2030-04-19 10:00:00+00:00,4.36531347125,8273.981746922014
2030-04-19 11:00:00+00:00,4.365293065416501,8273.705446441167
2030-04-19 12:00:00+00:00,4.365277770283112,8273.428378898054
2030-04-19 13:00:00+00:00,4.365271589356971,8273.783021473077
2030-04-19 14:00:00+00:00,4.365268185575462,8274.406292940468
2030-04-19 15:00:00+00:00,4.365270421981038,8275.159768509087
2030-04-19 16:00:00+00:00,4.365275670168561,8275.908539452641
2030-04-19 17:00:00+00:00,4.365264994189052,8275.595399856644
2030-04-19 18:00:00+00:00,4.15710331757194,8275.275926204757
2030-04-19 19:00:00+00:00,3.8776291540585515,8274.95588884187
2030-04-19 20:00:00+00:00,3.4906960410294725,8274.635191624579
2030-04-19 21:00:00+00:00,3.1313040823396743,8274.313972326567
2030-04-19 22:00:00+00:00,2.8797644964398947,8273.992411083953
2030-04-19 23:00:00+00:00,2.5956744526935416,8273.670507198787
2030-04-20 00:00:00+00:00,2.282667465688719,8273.348259047421
2030-04-20 01:00:00+00:00,1.8887679951615635,8273.02566956564
2030-04-20 02:00:00+00:00,1.5997668902972668,8272.702750574255
2030-04-20 03:00:00+00:00,1.4171777705503097,8272.379504723654
2030-04-20 04:00:00+00:00,1.069066560029226,8272.055931272644
2030-04-20 05:00:00+00:00,0.5145957408196641,8271.732031880132
2030-04-20 06:00:00+00:00,7.322303724056652e-06,8271.407798567248
2030-04-20 07:00:00+00:00,3.866586441309251e-06,8272.187464568284
2030-04-20 08:00:00+00:00,0.006653204365434303,8272.96944108696
2030-04-20 09:00:00+00:00,0.4677160043851346,8273.750927563337
2030-04-20 10:00:00+00:00,1.0154754852508334,8274.531842209957
2030-04-20 11:00:00+00:00,1.5280838198411975,8275.31225709506
2030-04-20 12:00:00+00:00,2.2695517337767446,8276.092217027484
2030-04-20 13:00:00+00:00,2.956027686568395,8276.87177825082
2030-04-20 14:00:00+00:00,3.617602445527458,8277.650996719693
2030-04-20 15:00:00+00:00,4.365425306864173,8278.429891700054
2030-04-20 16:00:00+00:00,4.365441091439599,8279.208197265396
2030-04-20 17:00:00+00:00,4.365422760534949,8278.87868720213
2030-04-20 18:00:00+00:00,4.365392544400995,8278.547813530347
2030-04-20 19:00:00+00:00,4.365386743037418,8278.216780937793
2030-04-20 20:00:00+00:00,4.365385423761387,8277.885333753002
2030-04-20 21:00:00+00:00,4.365387867510925,8277.553423780106
2030-04-20 22:00:00+00:00,4.365395672012544,8277.220967339781
2030-04-20 23:00:00+00:00,4.365412927455164,8276.887696660935
2030-04-21 00:00:00+00:00,4.3654390689432345,8276.553485178476
2030-04-21 01:00:00+00:00,4.365430720365966,8276.21764493759
2030-04-21 02:00:00+00:00,4.362272443273089,8275.881248662108
2030-04-21 03:00:00+00:00,4.123777260448967,8275.54450213513
2030-04-21 04:00:00+00:00,3.782843150853077,8275.207409593428
2030-04-21 05:00:00+00:00,3.512650114716441,8274.869970378548
2030-04-21 06:00:00+00:00,3.284576372817241,8274.53218264888
2030-04-21 07:00:00+00:00,3.135984682888457,8274.194049636337
2030-04-21 08:00:00+00:00,3.1020413499851283,8273.855569814868
2030-04-21 09:00:00+00:00,3.00227588109788,8273.516743411126
2030-04-21 10:00:00+00:00,3.00224865245121,8273.177600276345
2030-04-21 11:00:00+00:00,3.0022210569977563,8272.83810658415
2030-04-21 12:00:00+00:00,3.0021934882832384,8272.498259886948
2030-04-21 13:00:00+00:00,3.002107208845592,8272.158040913824
2030-04-21 14:00:00+00:00,2.9630437618781515,8271.817461604325
2030-04-21 15:00:00+00:00,2.8428194403667812,8271.476537469172
2030-04-21 16:00:00+00:00,2.6875789773488457,8271.135268908027
2030-04-21 17:00:00+00:00,2.513708156524572,8270.793655092919
2030-04-21 18:00:00+00:00,1.9779838152073856,8270.451688074825
2030-04-21 19:00:00+00:00,1.4557795813590346,8270.109375794756
2030-04-21 20:00:00+00:00,1.2992500679272534,8269.76671607405
2030-04-21 21:00:00+00:00,1.1517309747599016,8269.423720202873
2030-04-21 22:00:00+00:00,1.063213076390914,8269.080380377727
2030-04-21 23:00:00+00:00,1.0277313374058703,8268.736693686622
2030-04-22 00:00:00+00:00,1.027669983467024,8268.39267291993
2030-04-22 01:00:00+00:00,1.0276090301653225,8268.048301253166
2030-04-22 02:00:00+00:00,0.9849024467193915,8267.703567931649
2030-04-22 03:00:00+00:00,0.8722813910204585,8267.35849097156
2030-04-22 04:00:00+00:00,0.6733578195195624,8267.013066978867
2030-04-22 05:00:00+00:00,0.34286913506732586,8266.667294289346
2030-04-22 06:00:00+00:00,2.4352802178357034e-06,8266.321166423453
2030-04-22 07:00:00+00:00,1.9893154774724003e-06,8265.976370982185
2030-04-22 08:00:00+00:00,7.691574715296407e-06,8266.73903404293
2030-04-22 09:00:00+00:00,0.5355667577608174,8267.501688782153
2030-04-22 10:00:00+00:00,1.03436580342476,8268.263830750291
2030-04-22 11:00:00+00:00,1.4709492564016382,8269.025322583322
2030-04-22 12:00:00+00:00,1.8959982326927778,8269.786177190063
2030-04-22 13:00:00+00:00,2.2890952555750355,8270.546546524263
2030-04-22 14:00:00+00:00,2.77083412581384,8271.30654774674
2030-04-22 15:00:00+00:00,3.2965985974708807,8272.06617424664
2030-04-22 16:00:00+00:00,3.6894557205932172,8272.825424111155
2030-04-22 17:00:00+00:00,3.888096120767567,8273.584138565033
2030-04-22 18:00:00+00:00,3.8883256766275776,8274.342401509748
2030-04-22 19:00:00+00:00,3.888552005241326,8275.100310479553
2030-04-22 20:00:00+00:00,3.888775787584894,8275.857866342008
2030-04-22 21:00:00+00:00,3.8889957242024447,8276.615068385
2030-04-22 22:00:00+00:00,4.084453587291918,8277.371921546319
2030-04-22 23:00:00+00:00,4.36540014286217,8278.128424785576
2030-04-23 00:00:00+00:00,4.365409198324547,8278.884474697108
2030-04-23 01:00:00+00:00,4.365381346487499,8279.640074350935
2030-04-23 02:00:00+00:00,4.3653352736057505,8280.395241805178
2030-04-23 03:00:00+00:00,4.365330421679451,8281.150043657068
2030-04-23 04:00:00+00:00,4.365413214118542,8281.904507517784
2030-04-23 05:00:00+00:00,4.365290299372227,8282.658271884273
2030-04-23 06:00:00+00:00,4.365232207838869,8283.411668603218
2030-04-23 07:00:00+00:00,4.36520844058907,8284.164742667415
2030-04-23 08:00:00+00:00,4.365203697865596,8284.917489070483
2030-04-23 09:00:00+00:00,4.365177343623166,8285.66978192132
2030-04-23 10:00:00+00:00,4.365161100335971,8286.421723125426
2030-04-23 11:00:00+00:00,4.365151019959152,8287.17330625582
2030-04-23 12:00:00+00:00,4.365145853291996,8287.924517038515
2030-04-23 13:00:00+00:00,4.365168636538166,8288.675413463827
2030-04-23 14:00:00+00:00,4.365203706585332,8289.42594709258
2030-04-23 15:00:00+00:00,4.36526170117882,8290.176138386512
2030-04-23 16:00:00+00:00,4.36543925541061,8290.92599633125
2030-04-23 17:00:00+00:00,4.1279092731093625,8290.57341254714
2030-04-23 18:00:00+00:00,3.6362412874529153,8290.220455336093
2030-04-23 19:00:00+00:00,3.2715394622965,8289.86713514745
2030-04-23 20:00:00+00:00,2.9934082875616803,8289.513454567094
2030-04-23 21:00:00+00:00,2.9680611560787895,8289.159453597927
2030-04-23 22:00:00+00:00,2.7324136517683826,8288.805041535752
2030-04-23 23:00:00+00:00,2.4734939412015704,8288.450258053923
2030-04-24 00:00:00+00:00,2.2229001524803715,8288.095109400183
2030-04-24 01:00:00+00:00,1.958224631146948,8287.73959224179
2030-04-24 02:00:00+00:00,1.6782167439666453,8287.38369475824
2030-04-24 03:00:00+00:00,1.3734493405852004,8287.02741973754
2030-04-24 04:00:00+00:00,1.0264029085695443,8286.670779727558
2030-04-24 05:00:00+00:00,0.3958214283915715,8286.313772366362
2030-04-24 06:00:00+00:00,4.168721242078135e-06,8285.956397648057
2030-04-24 07:00:00+00:00,4.855335177457339e-06,8286.700711309088
2030-04-24 08:00:00+00:00,3.0485659276938455e-05,8287.44526023572
2030-04-24 09:00:00+00:00,0.6462347870122724,8288.189501484147
2030-04-24 10:00:00+00:00,1.3146861058101529,8288.93337799813
2030-04-24 11:00:00+00:00,2.1805764638401044,8289.67690963121
2030-04-24 12:00:00+00:00,3.0464599266239634,8290.420075527445
2030-04-24 13:00:00+00:00,3.8721066882782966,8291.162848308075
2030-04-24 14:00:00+00:00,4.365438142292607,8291.905266912738
2030-04-24 15:00:00+00:00,4.365440452532099,8292.646908099885
2030-04-24 16:00:00+00:00,4.365429856699941,8293.36789914588
2030-04-24 17:00:00+00:00,4.365438752258394,8293.017682498783
2030-04-24 18:00:00+00:00,4.365432982033517,8292.649341232624
2030-04-24 19:00:00+00:00,4.365434572020566,8292.280366696787
2030-04-24 20:00:00+00:00,4.365420904601038,8291.91060736139
2030-04-24 21:00:00+00:00,4.365421560965377,8291.540524365162
2030-04-24 22:00:00+00:00,4.100371416024365,8291.16986110579
2030-04-24 23:00:00+00:00,3.5819230879320396,8290.798817667426
2030-04-25 00:00:00+00:00,3.181303445890777,8290.427391780704
2030-04-25 01:00:00+00:00,2.8278915382514573,8290.055594029434
2030-04-25 02:00:00+00:00,2.478473418939029,8289.683421677353
2030-04-25 03:00:00+00:00,2.0305968516649298,8289.310867750944
2030-04-25 04:00:00+00:00,1.014997689539191,8288.937934851952
2030-04-25 05:00:00+00:00,0.5671889326342567,8288.564620226447
2030-04-25 06:00:00+00:00,2.7348718942608563e-06,8288.19091532105
2030-04-25 07:00:00+00:00,5.189382643729204e-06,8287.818264146388
2030-04-25 08:00:00+00:00,7.665176517922477e-06,8288.10784189035
2030-04-25 09:00:00+00:00,0.24349760622221836,8288.841566795203
2030-04-25 10:00:00+00:00,0.6992675579917338,8289.574917938935
2030-04-25 11:00:00+00:00,1.5652700783033657,8290.30852658056
2030-04-25 12:00:00+00:00,2.4312810828050333,8291.04202568344
2030-04-25 13:00:00+00:00,3.297290237012653,8291.775061318158
2030-04-25 14:00:00+00:00,4.163299074394792,8292.507671885014
2030-04-25 15:00:00+00:00,4.365433264721635,8293.239113274672
2030-04-25 16:00:00+00:00,4.365421839335497,8293.523437525477
2030-04-25 17:00:00+00:00,4.365416916542705,8293.154376740771
2030-04-25 18:00:00+00:00,4.365396606088178,8292.778801331964
2030-04-25 19:00:00+00:00,4.365393358514717,8292.403336433237
2030-04-25 20:00:00+00:00,4.365383946977759,8292.026404642169
2030-04-25 21:00:00+00:00,4.365379889860566,8291.649087296653
2030-04-25 22:00:00+00:00,4.365388204265644,8291.27201926234
2030-04-25 23:00:00+00:00,4.365406207835184,8290.89456443399
2030-04-26 00:00:00+00:00,4.3654100514546785,8290.515601614734
2030-04-26 01:00:00+00:00,4.3654055424174665,8290.13561771923
2030-04-26 02:00:00+00:00,4.365412183367863,8289.755435345305
2030-04-26 03:00:00+00:00,4.365440842441022,8289.374922520052
2030-04-26 04:00:00+00:00,4.365350245012146,8288.992793556927
2030-04-26 05:00:00+00:00,4.365306971816758,8288.610287399228
2030-04-26 06:00:00+00:00,4.36527551294158,8288.227427059861
2030-04-26 07:00:00+00:00,4.365249826739321,8287.84429662902
2030-04-26 08:00:00+00:00,4.365228601655866,8287.460963945428
2030-04-26 09:00:00+00:00,4.36521003116071,8287.077454972721
2030-04-26 10:00:00+00:00,4.365193108861194,8286.693864259882
2030-04-26 11:00:00+00:00,4.365177627896376,8286.310027479425
2030-04-26 12:00:00+00:00,4.3651639683714025,8285.92631321541
2030-04-26 13:00:00+00:00,4.365151206219551,8285.542665872686
2030-04-26 14:00:00+00:00,4.365139458172148,8285.158768198402
2030-04-26 15:00:00+00:00,4.365128455508209,8284.774781506007
2030-04-26 16:00:00+00:00,4.365118459876834,8284.389858731105
2030-04-26 17:00:00+00:00,4.365110604750118,8284.005035264987
2030-04-26 18:00:00+00:00,3.8846547030767313,8283.620215399847
2030-04-26 19:00:00+00:00,3.494972938504424,8283.23584187004
2030-04-26 20:00:00+00:00,3.1048283592660835,8282.851761546208
2030-04-26 21:00:00+00:00,2.7882590026622123,8282.46781777892
2030-04-26 22:00:00+00:00,2.5024318682308144,8282.083946461478
2030-04-26 23:00:00+00:00,2.2428384302619757,8281.700056857158
2030-04-27 00:00:00+00:00,1.9533247938231415,8281.3160590029
2030-04-27 01:00:00+00:00,1.6399880116599213,8280.931882150207
2030-04-27 02:00:00+00:00,1.309898077412547,8280.547488466476
2030-04-27 03:00:00+00:00,0.988524348116032,8280.16286215353
2030-04-27 04:00:00+00:00,0.6454706981009755,8279.777975150908
2030-04-27 05:00:00+00:00,0.19747042483381472,8279.392813917617
2030-04-27 06:00:00+00:00,2.3402935478180353e-05,8279.007341455825
2030-04-27 07:00:00+00:00,1.8361046051608562e-06,8278.621605302313
2030-04-27 08:00:00+00:00,9.13405832507588e-05,8278.242360799795
2030-04-27 09:00:00+00:00,0.5351497545455599,8277.869230425138
2030-04-27 10:00:00+00:00,0.5488388191990152,8277.495666148452
2030-04-27 11:00:00+00:00,0.8207607667714114,8277.12179959441
2030-04-27 12:00:00+00:00,1.1872195925819764,8276.747565052214
2030-04-27 13:00:00+00:00,1.6316095407099143,8276.37297265143
2030-04-27 14:00:00+00:00,2.4975808480475123,8276.093934656708
2030-04-27 15:00:00+00:00,3.363549955717615,8275.814278340336
2030-04-27 16:00:00+00:00,3.866005711945373,8275.438558767966
2030-04-27 17:00:00+00:00,4.365222046927808,8275.062455886999
2030-04-27 18:00:00+00:00,4.365247215519059,8274.678168200202
2030-04-27 19:00:00+00:00,4.365282890730481,8274.29349812686
2030-04-27 20:00:00+00:00,4.365285159222012,8273.905784603376
2030-04-27 21:00:00+00:00,4.365289997718024,8273.517699666592
2030-04-27 22:00:00+00:00,3.95084698640102,8273.127267300028
2030-04-27 23:00:00+00:00,3.6513990505015044,8272.73646155021
2030-04-28 00:00:00+00:00,3.195411850135658,8272.345300039575
2030-04-28 01:00:00+00:00,2.7280048274292636,8271.953769083388
2030-04-28 02:00:00+00:00,2.350406382065349,8271.561877110158
2030-04-28 03:00:00+00:00,1.9659345497782728,8271.16961772488
2030-04-28 04:00:00+00:00,1.499368380067341,8270.776981849174
2030-04-28 05:00:00+00:00,0.4887787427521361,8270.383965418607
2030-04-28 06:00:00+00:00,8.727843655500459e-06,8269.990568188474
2030-04-28 07:00:00+00:00,3.6839620770435017e-06,8269.605806294736
2030-04-28 08:00:00+00:00,0.0002725348161082792,8270.320364317888
2030-04-28 09:00:00+00:00,0.00038305272021142586,8271.03458807333
2030-04-28 10:00:00+00:00,0.0004559742941000609,8271.748468099006
2030-04-28 11:00:00+00:00,0.000510471624322469,8272.462009053124
2030-04-28 12:00:00+00:00,0.0005545582998146229,8273.175213586135
2030-04-28 13:00:00+00:00,0.000592521586330475,8273.888077599213
2030-04-28 14:00:00+00:00,0.0006251294989533679,8274.600583060705
2030-04-28 15:00:00+00:00,0.000653401765126728,8275.312719038859
2030-04-28 16:00:00+00:00,0.0006562005586528289,8276.024412411543
2030-04-28 17:00:00+00:00,0.000657678582764635,8276.735721807765
2030-04-28 18:00:00+00:00,0.00012914525709364807,8277.446340264163
2030-04-28 19:00:00+00:00,0.00011460719100785474,8278.156898299709
2030-04-28 20:00:00+00:00,7.53146629780526e-05,8278.867077715251
2030-04-28 21:00:00+00:00,1.3093329258681958e-05,8279.57693161011
2030-04-28 22:00:00+00:00,0.09712014665956781,8280.286856082463
2030-04-28 23:00:00+00:00,0.6421685293720242,8280.99640374061
2030-04-29 00:00:00+00:00,1.0977828373958276,8281.705578858518
2030-04-29 01:00:00+00:00,1.8295612093141025,8282.414376742661
2030-04-29 02:00:00+00:00,2.1697646139887174,8283.122794370503
2030-04-29 03:00:00+00:00,2.5151224753567933,8283.830831833924
2030-04-29 04:00:00+00:00,3.0008352899725046,8284.53848099316
2030-04-29 05:00:00+00:00,3.419366322551703,8285.245744648535
2030-04-29 06:00:00+00:00,3.9933565459115052,8285.95262777258
2030-04-29 07:00:00+00:00,4.365425289618773,8286.659123201469
2030-04-29 08:00:00+00:00,4.365380540546981,8287.364920812093
2030-04-29 09:00:00+00:00,4.365374067889193,8288.07031928076
2030-04-29 10:00:00+00:00,4.365345755151251,8288.775192423182
2030-04-29 11:00:00+00:00,4.3653058537238465,8289.47958155836
2030-04-29 12:00:00+00:00,4.365284582368389,8290.183583811338
2030-04-29 13:00:00+00:00,4.365276320340231,8290.887189961682
2030-04-29 14:00:00+00:00,4.365278395653106,8291.590390613319
2030-04-29 15:00:00+00:00,4.36532940670285,8292.293267839703
2030-04-29 16:00:00+00:00,4.3654323513792805,8292.995723780978
2030-04-29 17:00:00+00:00,4.365429223878168,8293.69667698193
2030-04-29 18:00:00+00:00,4.364650506729412,8294.3631961661
2030-04-29 19:00:00+00:00,4.364273552054928,8295.029315586857
2030-04-29 20:00:00+00:00,4.363999103109563,8295.695049513186
2030-04-29 21:00:00+00:00,4.363958752191926,8296.385048760549
2030-04-29 22:00:00+00:00,4.363920069387652,8297.074666699476
2030-04-29 23:00:00+00:00,4.363882430235436,8297.763894642585
2030-04-30 00:00:00+00:00,4.363846401438481,8298.452737361493
2030-04-30 01:00:00+00:00,4.363812365185638,8299.141181174766
2030-04-30 02:00:00+00:00,4.068952719125784,8298.841671016973
2030-04-30 03:00:00+00:00,3.73475368066196,8298.541539579934
2030-04-30 04:00:00+00:00,2.6264488144461478,8298.239440963554
2030-04-30 05:00:00+00:00,1.5197908054216427,8297.936937416687
2030-04-30 06:00:00+00:00,0.7326395667670396,8297.635271451496
2030-04-30 07:00:00+00:00,0.37620721596591206,8297.33359326488
2030-04-30 08:00:00+00:00,0.01318655922027573,8297.031699787307
2030-04-30 09:00:00+00:00,0.012483489810048294,8297.279825040869
2030-04-30 10:00:00+00:00,0.012427355526926653,8297.95976469353
2030-04-30 11:00:00+00:00,0.01236867314540201,8298.639332030592
2030-04-30 12:00:00+00:00,0.012353525170393021,8299.328895132367
2030-04-30 13:00:00+00:00,0.012312078708775714,8300.012814767215
2030-04-30 14:00:00+00:00,0.01224959555795637,8300.691208647499
2030-04-30 15:00:00+00:00,0.012189997160884957,8301.369179321642
2030-04-30 16:00:00+00:00,0.011102423522588958,8301.631530153569
2030-04-30 17:00:00+00:00,0.009876152191301791,8301.885007728664
2030-04-30 18:00:00+00:00,0.008427198658688214,8302.13219873344
2030-04-30 19:00:00+00:00,0.006647613891106799,8302.379613673298
2030-04-30 20:00:00+00:00,0.004377818498954395,8302.632891864074
2030-04-30 21:00:00+00:00,0.00031821580793334376,8302.886707070093
2030-04-30 22:00:00+00:00,0.0002813364869011546,8303.568995636151
2030-04-30 23:00:00+00:00,0.0002802096410775869,8304.257199200361
2030-05-01 00:00:00+00:00,0.0002766543684977105,8304.945020501156
2030-05-01 01:00:00+00:00,0.0002707531288686173,8305.632456019595
2030-05-01 02:00:00+00:00,0.00026270792578298125,8306.319521666403
2030-05-01 03:00:00+00:00,0.00023330633159727074,8307.004691363747
2030-05-01 04:00:00+00:00,0.00019503259912705262,8307.68946593699
2030-05-01 05:00:00+00:00,0.00013905136073343052,8308.373848046642
2030-05-01 06:00:00+00:00,9.577246315168731e-06,8309.057861412508
2030-05-01 07:00:00+00:00,9.355743398942967e-06,8309.745944541297
2030-05-01 08:00:00+00:00,0.5392539239293827,8310.434287960465
2030-05-01 09:00:00+00:00,1.018348725792276,8311.122239829921
2030-05-01 10:00:00+00:00,1.4026424427888142,8311.809807604408
2030-05-01 11:00:00+00:00,2.098128613719043,8312.496977694804
2030-05-01 12:00:00+00:00,2.9641406532985175,8313.184055080146
2030-05-01 13:00:00+00:00,3.830136097803329,8313.87061312214
2030-05-01 14:00:00+00:00,4.348715182881215,8314.556658190786
2030-05-01 15:00:00+00:00,4.365440190977519,8315.242348617609
2030-05-01 16:00:00+00:00,4.365334584315827,8315.495829372258
2030-05-01 17:00:00+00:00,4.292392844687254,8315.084158174155
2030-05-01 18:00:00+00:00,4.223608735728267,8314.672093414036
2030-05-01 19:00:00+00:00,4.075968785980032,8314.25972125777
2030-05-01 20:00:00+00:00,3.8104780318503444,8313.847055404935
2030-05-01 21:00:00+00:00,3.6786960846371697,8313.434107144147
2030-05-01 22:00:00+00:00,3.529607114144789,8313.020855445726
2030-05-01 23:00:00+00:00,3.3224559699589244,8312.607298963887
2030-05-02 00:00:00+00:00,3.1306614374976154,8312.193480371647
2030-05-02 01:00:00+00:00,2.977120752582709,8311.779350052431
2030-05-02 02:00:00+00:00,2.8154323390150364,8311.364904638767
2030-05-02 03:00:00+00:00,2.6278913625974982,8310.950151640118
2030-05-02 04:00:00+00:00,2.4387480030267867,8310.535093693932
2030-05-02 05:00:00+00:00,1.6281502285797422,8310.119704473302
2030-05-02 06:00:00+00:00,0.47687019229569405,8309.703767888395
2030-05-02 07:00:00+00:00,0.19095354125407624,8309.28776327375
2030-05-02 08:00:00+00:00,0.19094129865293413,8309.958226421511
2030-05-02 09:00:00+00:00,0.1909285542369282,8310.628364791313
2030-05-02 10:00:00+00:00,0.19087929846749815,8310.867071142222
2030-05-02 11:00:00+00:00,0.6544346801764497,8311.544310255822
2030-05-02 12:00:00+00:00,1.5203953058652684,8312.22172276007
2030-05-02 13:00:00+00:00,2.384349714437428,8312.89833855318
2030-05-02 14:00:00+00:00,3.248412780197715,8313.57465726221
2030-05-02 15:00:00+00:00,4.0273739026877635,8314.25074337661
2030-05-02 16:00:00+00:00,4.365122720435891,8314.92677320793
2030-05-02 17:00:00+00:00,4.364978911348269,8314.513028669444
2030-05-02 18:00:00+00:00,4.364876618270891,8314.099060431081
2030-05-02 19:00:00+00:00,4.364792579006677,8313.684724238472
2030-05-02 20:00:00+00:00,4.364720659719095,8313.27009297699
2030-05-02 21:00:00+00:00,4.364691687246272,8312.946411573288
2030-05-02 22:00:00+00:00,4.364669183745604,8313.470408422892
2030-05-02 23:00:00+00:00,4.36464865098149,8313.993980523283
2030-05-03 00:00:00+00:00,4.364627272834464,8313.6696821085
2030-05-03 01:00:00+00:00,4.36281528417646,8313.242813925082
2030-05-03 02:00:00+00:00,4.361760642345074,8312.815863432672
2030-05-03 03:00:00+00:00,4.360984509757942,8312.388909727742
2030-05-03 04:00:00+00:00,3.206295146212265,8311.956633690912
2030-05-03 05:00:00+00:00,2.0516036340783548,8311.523776784867
2030-05-03 06:00:00+00:00,1.26142888830484,8311.096314559394
2030-05-03 07:00:00+00:00,1.0528217455157978,8310.668566624652
2030-05-03 08:00:00+00:00,1.0528008031165237,8310.342928210228
2030-05-03 09:00:00+00:00,1.052778812810527,8310.017338613101
2030-05-03 10:00:00+00:00,1.0527559750919642,8309.692388681757
2030-05-03 11:00:00+00:00,1.0859979685888324,8310.362884126731
2030-05-03 12:00:00+00:00,1.0859758292838415,8310.035215959766
2030-05-03 13:00:00+00:00,1.0859552668518409,8309.706555372924
2030-05-03 14:00:00+00:00,1.0859352383523502,8309.376926534806
2030-05-03 15:00:00+00:00,1.0859161863246243,8309.045732921144
2030-05-03 16:00:00+00:00,1.0858689040819087,8308.618754748928
2030-05-03 17:00:00+00:00,1.0858342606585956,8308.190728912345
2030-05-03 18:00:00+00:00,0.00028871598634495573,8307.754179764943
2030-05-03 19:00:00+00:00,0.00024371416842079626,8307.32388629596
2030-05-03 20:00:00+00:00,0.0001576034568045208,8306.89251896698
2030-05-03 21:00:00+00:00,4.840312192612614e-06,8306.461661311914
2030-05-03 22:00:00+00:00,0.00014957877663674435,8307.124035176326
2030-05-03 23:00:00+00:00,0.00020286446049288097,8307.785668961442
2030-05-04 00:00:00+00:00,0.0002348739048561244,8308.446652423796
2030-05-04 01:00:00+00:00,0.00023240599504705377,8309.106984232218
2030-05-04 02:00:00+00:00,0.00022361745212411995,8309.766767866324
2030-05-04 03:00:00+00:00,0.00020735948808365748,8310.426015409357
2030-05-04 04:00:00+00:00,0.00018071288633359755,8311.084756996574
2030-05-04 05:00:00+00:00,0.00013628189929915658,8311.74300984686
2030-05-04 06:00:00+00:00,1.0386553342454358e-05,8312.400800597197
2030-05-04 07:00:00+00:00,7.785705783429571e-05,8313.058664717375
2030-05-04 08:00:00+00:00,6.820082832019037e-06,8313.716073767633
2030-05-04 09:00:00+00:00,2.308191085575451e-05,8314.373362366356
2030-05-04 10:00:00+00:00,0.4647719508044184,8315.030311235108
2030-05-04 11:00:00+00:00,0.9501973723725794,8315.68686294819
2030-05-04 12:00:00+00:00,1.7964403848268042,8316.343013492224
2030-05-04 13:00:00+00:00,2.6393974060601146,8316.99876356443
2030-05-04 14:00:00+00:00,3.5024661222129416,8317.654097631044
2030-05-04 15:00:00+00:00,4.365418870744189,8318.309024093605
2030-05-04 16:00:00+00:00,4.365205095290649,8318.963487122972
2030-05-04 17:00:00+00:00,4.365437369166459,8319.617546707996
2030-05-04 18:00:00+00:00,4.365389865020576,8320.270878783747
2030-05-04 19:00:00+00:00,4.365431533788861,8320.923808309604
2030-05-04 20:00:00+00:00,4.365394587647108,8321.575881773646
2030-05-04 21:00:00+00:00,4.365399205676271,8322.227558351033
2030-05-04 22:00:00+00:00,4.162152305539784,8322.878120763933
2030-05-04 23:00:00+00:00,4.007670010580869,8323.528289218173
2030-05-05 00:00:00+00:00,3.873889443021615,8324.178041172114
2030-05-05 01:00:00+00:00,3.7388616462612476,8324.827390537816
2030-05-05 02:00:00+00:00,3.617391161194015,8325.47632461001
2030-05-05 03:00:00+00:00,2.7694172135351804,8326.1248459473
2030-05-05 04:00:00+00:00,1.6147700186490461,8326.772519985085
2030-05-05 05:00:00+00:00,0.46011662843912077,8327.41966333215
2030-05-05 06:00:00+00:00,2.6047695588276373e-05,8328.066993679968
2030-05-05 07:00:00+00:00,6.180975033068424e-06,8328.714537701684
2030-05-05 08:00:00+00:00,0.00022120022314760888,8329.362210348965
2030-05-05 09:00:00+00:00,0.48884626470356823,8330.00946777092
2030-05-05 10:00:00+00:00,1.3539374283989523,8330.656293076401
2030-05-05 11:00:00+00:00,2.2199408269900505,8331.302823075435
2030-05-05 12:00:00+00:00,3.0859374969637705,8331.948879720212
2030-05-05 13:00:00+00:00,3.868413038949564,8332.594383768506
2030-05-05 14:00:00+00:00,4.365424435938709,8333.239475728116
2030-05-05 15:00:00+00:00,4.365440762943729,8333.884008519062
2030-05-05 16:00:00+00:00,4.365436648275229,8333.527628206357
2030-05-05 17:00:00+00:00,3.879459116389399,8333.06245317713
2030-05-05 18:00:00+00:00,3.4423333329394215,8332.596893172376
2030-05-05 19:00:00+00:00,3.041493344622132,8332.130931468084
2030-05-05 20:00:00+00:00,2.6477951081675535,8331.664573318103
2030-05-05 21:00:00+00:00,2.3049071962282484,8331.197827480026
2030-05-05 22:00:00+00:00,1.9609661787699482,8330.730687008685
2030-05-05 23:00:00+00:00,1.6375604946948632,8330.263149051078
2030-05-06 00:00:00+00:00,1.6129903360589268,8329.795217156607
2030-05-06 01:00:00+00:00,1.6128845184157166,8329.32697761656
2030-05-06 02:00:00+00:00,1.612778646270958,8328.858342170373
2030-05-06 03:00:00+00:00,1.3717211639413,8328.38921429206
2030-05-06 04:00:00+00:00,0.9916124781728916,8327.91970213232
2030-05-06 05:00:00+00:00,0.48255823183669677,8327.44980152027
2030-05-06 06:00:00+00:00,3.307149216242959e-05,8326.979509247829
2030-05-06 07:00:00+00:00,3.4271089209454817e-05,8326.511111351789
2030-05-06 08:00:00+00:00,0.404092504707286,8326.14818144963
2030-05-06 09:00:00+00:00,1.2105206170002882,8325.786037372118
2030-05-06 10:00:00+00:00,2.0765396759612575,8326.422745422144
2030-05-06 11:00:00+00:00,2.9105814849057863,8326.06067371111
2030-05-06 12:00:00+00:00,3.621895816978956,8325.69667667264
2030-05-06 13:00:00+00:00,4.061688947170504,8325.331963407896
2030-05-06 14:00:00+00:00,4.365441520289457,8324.966634950171
2030-05-06 15:00:00+00:00,4.299440611143116,8324.492195394396
2030-05-06 16:00:00+00:00,3.8269219910621874,8324.017525493884
2030-05-06 17:00:00+00:00,3.234469096180037,8323.542567813256
2030-05-06 18:00:00+00:00,2.746381203132734,8323.067277280217
2030-05-06 19:00:00+00:00,2.4881790517002,8322.591593978486
2030-05-06 20:00:00+00:00,2.2391590598390008,8322.115516579363
2030-05-06 21:00:00+00:00,1.9810643418368297,8321.639041849447
2030-05-06 22:00:00+00:00,1.7304822830950257,8321.162174714436
2030-05-06 23:00:00+00:00,1.4752430525273283,8320.68491002908
2030-05-07 00:00:00+00:00,1.2041998482430645,8320.207267171727
2030-05-07 01:00:00+00:00,0.9042095877326399,8319.72925397045
2030-05-07 02:00:00+00:00,0.5968357649282633,8319.25092404988
2030-05-07 03:00:00+00:00,0.28373663262008103,8318.772327801003
2030-05-07 04:00:00+00:00,1.6276730818171406e-05,8318.293512204174
2030-05-07 05:00:00+00:00,7.482510897965061e-06,8317.814603411984
2030-05-07 06:00:00+00:00,8.722062831395796e-06,8317.335848837529
2030-05-07 07:00:00+00:00,5.505711081414221e-06,8316.857361270499
2030-05-07 08:00:00+00:00,3.384566890276644e-05,8316.399207438684
2030-05-07 09:00:00+00:00,4.500421417162928e-05,8316.029297407344
2030-05-07 10:00:00+00:00,4.6181691676304974e-05,8316.221996398705
2030-05-07 11:00:00+00:00,0.00042681447168004753,8316.84741647828
2030-05-07 12:00:00+00:00,0.0004279198537109516,8317.461987172064
2030-05-07 13:00:00+00:00,0.0004183752531063972,8317.091528960564
2030-05-07 14:00:00+00:00,0.0004079082069992536,8316.72167813374
2030-05-07 15:00:00+00:00,0.0003965565581417581,8316.351943476613
2030-05-07 16:00:00+00:00,0.00036551968049843784,8315.888368937387
2030-05-07 17:00:00+00:00,0.0003316938832464349,8315.425329859352
2030-05-07 18:00:00+00:00,0.00029217429660035503,8314.962454938317
2030-05-07 19:00:00+00:00,0.00023884548069268654,8314.498984849353
2030-05-07 20:00:00+00:00,0.00016482441717633546,8314.03511182315
2030-05-07 21:00:00+00:00,1.5249816282932723e-05,8313.570766205754
2030-05-07 22:00:00+00:00,3.253248428872011e-05,8314.199750487682
2030-05-07 23:00:00+00:00,9.919086870257874e-06,8314.82781320004
2030-05-08 00:00:00+00:00,5.09537735147659e-05,8315.457685973402
2030-05-08 01:00:00+00:00,9.987626877886833e-05,8316.087316959301
2030-05-08 02:00:00+00:00,0.00011741522985721208,8316.716554634515
2030-05-08 03:00:00+00:00,0.00011978074899722677,8317.345425656049
2030-05-08 04:00:00+00:00,0.00011752971107720572,8317.973963982266
2030-05-08 05:00:00+00:00,0.00010845906476718646,8318.602153818547
2030-05-08 06:00:00+00:00,1.0254856197053288e-05,8319.229898284702
2030-05-08 07:00:00+00:00,6.461134857589067e-06,8319.85772809757
2030-05-08 08:00:00+00:00,0.0020050557791132695,8320.485463665813
2030-05-08 09:00:00+00:00,0.002903905259161793,8321.112874139597
2030-05-08 10:00:00+00:00,0.0030744929684114737,8321.740057844285
2030-05-08 11:00:00+00:00,0.0031700105731120635,8322.367091053484
2030-05-08 12:00:00+00:00,0.0032492736233209795,8322.994086223038
2030-05-08 13:00:00+00:00,0.003694349470063825,8323.621143152057
2030-05-08 14:00:00+00:00,0.00402317732615989,8324.248121059376
2030-05-08 15:00:00+00:00,0.004286508843954051,8324.874928207875
2030-05-08 16:00:00+00:00,0.004495499682310207,8325.501489669316
2030-05-08 17:00:00+00:00,0.004487585329543436,8326.127869819313
2030-05-08 18:00:00+00:00,0.004428741670207809,8326.754097517563
2030-05-08 19:00:00+00:00,0.00432857499407655,8327.380079321563
2030-05-08 20:00:00+00:00,0.004173869514306756,8328.005944993294
2030-05-08 21:00:00+00:00,0.003965514102415109,8328.631556680419
2030-05-08 22:00:00+00:00,0.004069666748090399,8329.256787471546
2030-05-08 23:00:00+00:00,0.004117205694175448,8329.881648033126
2030-05-09 00:00:00+00:00,0.004120284067356203,8330.506126378334
2030-05-09 01:00:00+00:00,0.004070346155689711,8331.130271460639
2030-05-09 02:00:00+00:00,0.00397201956191173,8331.754149630768
2030-05-09 03:00:00+00:00,0.003522659716320269,8332.377798580314
2030-05-09 04:00:00+00:00,0.0029229481259130984,8333.001124813889
2030-05-09 05:00:00+00:00,0.0020403632877598714,8333.624141547529
2030-05-09 06:00:00+00:00,3.0337068230629355e-05,8334.246843828825
2030-05-09 07:00:00+00:00,0.00016642398479620895,8334.869217248366
2030-05-09 08:00:00+00:00,0.641000643796484,8335.491196269946
2030-05-09 09:00:00+00:00,1.3013019529114191,8336.112751284563
2030-05-09 10:00:00+00:00,1.8316457938131223,8336.733850966266
2030-05-09 11:00:00+00:00,2.1306399306146018,8337.354483275913
2030-05-09 12:00:00+00:00,2.44678611993613,8337.974686542471
2030-05-09 13:00:00+00:00,2.9057253799153955,8338.594466568271
2030-05-09 14:00:00+00:00,3.381126051758483,8339.213834408965
2030-05-09 15:00:00+00:00,3.873319368682625,8339.832665461105
2030-05-09 16:00:00+00:00,4.365418933808399,8340.450806018936
2030-05-09 17:00:00+00:00,4.36466519409491,8341.068210161127
2030-05-09 18:00:00+00:00,4.363501288789825,8341.685070808002
2030-05-09 19:00:00+00:00,4.36288997887938,8342.301542318944
2030-05-09 20:00:00+00:00,4.362487944055843,8342.917604290058
2030-05-09 21:00:00+00:00,4.362183409966658,8343.533228765775
2030-05-09 22:00:00+00:00,4.361945383463117,8344.148353077524
2030-05-09 23:00:00+00:00,4.361943271127954,8344.762986975215
2030-05-10 00:00:00+00:00,4.361987311353772,8345.377096877914
2030-05-10 01:00:00+00:00,4.3620755449447355,8345.990598528535
2030-05-10 02:00:00+00:00,4.362222579717287,8346.603434861954
2030-05-10 03:00:00+00:00,4.362448718827772,8347.215529991188
2030-05-10 04:00:00+00:00,4.362514339450575,8347.826868547969
2030-05-10 05:00:00+00:00,4.36296570885216,8348.437490286284
2030-05-10 06:00:00+00:00,4.363666011629087,8349.04744474563
2030-05-10 07:00:00+00:00,4.365215299614011,8349.656857651009
2030-05-10 08:00:00+00:00,4.208764428171876,8350.265727558508
2030-05-10 09:00:00+00:00,3.59056311374642,8350.874116273886
2030-05-10 10:00:00+00:00,3.4385765687883296,8351.482135189703
2030-05-10 11:00:00+00:00,2.2840125374177176,8352.089769002148
2030-05-10 12:00:00+00:00,2.103041300730209,8352.697105542982
2030-05-10 13:00:00+00:00,1.964064225811924,8353.304063976271
2030-05-10 14:00:00+00:00,1.8355218976656438,8353.910681809944
2030-05-10 15:00:00+00:00,1.8348098958894359,8354.516954019336
2030-05-10 16:00:00+00:00,1.8340850623827802,8355.122879100441
2030-05-10 17:00:00+00:00,1.8333880681541297,8355.728460660977
2030-05-10 18:00:00+00:00,1.6930322361520562,8356.333698004746
2030-05-10 19:00:00+00:00,1.5414148459463894,8356.938573952011
2030-05-10 20:00:00+00:00,1.3788443218899455,8357.543078765148
2030-05-10 21:00:00+00:00,1.216125193215875,8358.147218716638
2030-05-10 22:00:00+00:00,1.2153972337603263,8358.750999302278
2030-05-10 23:00:00+00:00,1.1514940155239068,8359.354413712275
2030-05-11 00:00:00+00:00,0.9965874449697388,8359.957458559797
2030-05-11 01:00:00+00:00,0.7974193675972107,8360.560133066709
2030-05-11 02:00:00+00:00,0.5207234209259007,8361.162440722665
2030-05-11 03:00:00+00:00,0.12812605953560485,8361.76438258309
2030-05-11 04:00:00+00:00,0.1272825054013577,8362.365961947628
2030-05-11 05:00:00+00:00,0.056417034261562395,8362.967171058744
2030-05-11 06:00:00+00:00,0.0001100247702052925,8363.568032086558
2030-05-11 07:00:00+00:00,0.00018136323526961727,8364.168780613343
2030-05-11 08:00:00+00:00,2.8088951340105884e-05,8364.769341929485
2030-05-11 09:00:00+00:00,0.001867496578644231,8365.369910795709
2030-05-11 10:00:00+00:00,0.5764464553154908,8365.970416381306
2030-05-11 11:00:00+00:00,1.1975590709787256,8366.571037126438
2030-05-11 12:00:00+00:00,1.7918026505319686,8367.171555180248
2030-05-11 13:00:00+00:00,2.3437360373702587,8367.771905745021
2030-05-11 14:00:00+00:00,2.929565013456533,8368.372299808992
2030-05-11 15:00:00+00:00,3.4854425888168064,8368.972746741712
2030-05-11 16:00:00+00:00,4.0469388428359006,8369.573666599983
2030-05-11 17:00:00+00:00,4.365419718416974,8370.174748910453
2030-05-11 18:00:00+00:00,4.255476116482266,8370.775543925518
2030-05-11 19:00:00+00:00,4.150624089400019,8371.375998296106
2030-05-11 20:00:00+00:00,4.0732565904700095,8371.976111671436
2030-05-11 21:00:00+00:00,4.022410095784774,8372.575905932925
2030-05-11 22:00:00+00:00,4.021484459912873,8373.175435920622
2030-05-11 23:00:00+00:00,4.0205520719406636,8373.774794614956
2030-05-12 00:00:00+00:00,4.019604223096065,8374.374183283082
2030-05-12 01:00:00+00:00,3.9929955610243835,8374.973812089196
2030-05-12 02:00:00+00:00,3.9535754129830845,8375.573732831735
2030-05-12 03:00:00+00:00,3.9183726848903992,8376.173907157328
2030-05-12 04:00:00+00:00,3.864423075524659,8376.774227937027
2030-05-12 05:00:00+00:00,3.6817541205648845,8377.37453726469
2030-05-12 06:00:00+00:00,3.6552376417295815,8377.974778689457
2030-05-12 07:00:00+00:00,3.4868484620443825,8378.574759279163
2030-05-12 08:00:00+00:00,3.0597676082139267,8379.174581253988
2030-05-12 09:00:00+00:00,2.556465477709326,8379.774182669844
2030-05-12 10:00:00+00:00,2.0696796374076123,8380.373564865851
2030-05-12 11:00:00+00:00,1.961027495426104,8380.972733260673
2030-05-12 12:00:00+00:00,1.8000952243031254,8381.57169522059
2030-05-12 13:00:00+00:00,1.6242428032685619,8382.170488631908
2030-05-12 14:00:00+00:00,1.461337118338514,8382.769055860672
2030-05-12 15:00:00+00:00,1.3273687232353755,8383.367383716475
2030-05-12 16:00:00+00:00,1.3262710731040375,8383.965467454474
2030-05-12 17:00:00+00:00,1.289923360203721,8384.563256581221
2030-05-12 18:00:00+00:00,1.0576974225207607,8385.160761981908
2030-05-12 19:00:00+00:00,0.7846693688859981,8385.757940916055
2030-05-12 20:00:00+00:00,0.44374829630480506,8386.354833720296
2030-05-12 21:00:00+00:00,2.6241319193404508e-05,8386.951532741812
2030-05-12 22:00:00+00:00,0.026845862120093433,8387.548248227988
2030-05-12 23:00:00+00:00,0.3284581047989576,8388.145055803203
2030-05-13 00:00:00+00:00,1.0083935808803368,8388.741967776295
2030-05-13 01:00:00+00:00,1.6863475640699948,8389.339008850506
2030-05-13 02:00:00+00:00,2.2107901845230415,8389.93612393567
2030-05-13 03:00:00+00:00,1.7252310685045003,8390.533263561094
2030-05-13 04:00:00+00:00,1.2474702079281361,8391.13031849269
2030-05-13 05:00:00+00:00,0.7934594189568639,8391.727162039764
2030-05-13 06:00:00+00:00,0.5082380352508297,8392.323751897047
2030-05-13 07:00:00+00:00,0.3114933894862115,8392.920115441048
2030-05-13 08:00:00+00:00,0.5003779856514159,8393.51631225443
2030-05-13 09:00:00+00:00,0.843364237618015,8394.112272435572
2030-05-13 10:00:00+00:00,1.2771669213276475,8394.707992715916
2030-05-13 11:00:00+00:00,1.708868701184072,8395.303515771146
2030-05-13 12:00:00+00:00,2.2704182839816265,8395.898814317838
2030-05-13 13:00:00+00:00,2.8681772421177185,8396.493841836202
2030-05-13 14:00:00+00:00,3.4370257551402768,8397.0885745028
2030-05-13 15:00:00+00:00,3.9405300970082444,8397.682985109775
2030-05-13 16:00:00+00:00,4.365419480604324,8398.276982517567
2030-05-13 17:00:00+00:00,4.3641597431134445,8398.870543225485
2030-05-13 18:00:00+00:00,4.36361714269246,8399.463747493319
2030-05-13 19:00:00+00:00,4.3632935292891,8400.056689904277
2030-05-13 20:00:00+00:00,4.363092706666085,8400.64932761955
2030-05-13 21:00:00+00:00,4.362976627720031,8401.241660437277
2030-05-13 22:00:00+00:00,4.363127748262297,8401.83371034512
2030-05-13 23:00:00+00:00,4.36339539290287,8402.425519421673
2030-05-14 00:00:00+00:00,4.363847622158631,8403.017115348188
2030-05-14 01:00:00+00:00,4.364128640054474,8403.60848745019
2030-05-14 02:00:00+00:00,4.364308112916489,8404.199476659936
2030-05-14 03:00:00+00:00,4.3647431576871165,8404.790039915839
2030-05-14 04:00:00+00:00,4.365434583865372,8405.380131338716
2030-05-14 05:00:00+00:00,4.364128862742588,8405.969559721058
2030-05-14 06:00:00+00:00,4.363519155080862,8406.558571446902
2030-05-14 07:00:00+00:00,3.973984043611189,8407.147031292692
2030-05-14 08:00:00+00:00,3.718034433745427,8407.734939432507
2030-05-14 09:00:00+00:00,3.71789502717618,8408.322426058778
2030-05-14 10:00:00+00:00,3.717754966778068,8408.909471560824
2030-05-14 11:00:00+00:00,3.7176101165743987,8409.496035492317
2030-05-14 12:00:00+00:00,4.365392689434429,8410.082061808067
2030-05-14 13:00:00+00:00,4.3654334890723545,8410.667412504936
2030-05-14 14:00:00+00:00,4.365416969368487,8411.251002443967
2030-05-14 15:00:00+00:00,3.9886805235694185,8411.833052917425
2030-05-14 16:00:00+00:00,3.6462008725436834,8412.412675565187
2030-05-14 17:00:00+00:00,2.491555669075062,8412.99074001637
2030-05-14 18:00:00+00:00,1.3369035657183832,8413.567772277884
2030-05-14 19:00:00+00:00,0.40250176483419875,8414.14449790754
2030-05-14 20:00:00+00:00,7.844070144388164e-05,8414.720795045601
2030-05-14 21:00:00+00:00,2.815928022336246e-05,8415.297003555783
2030-05-14 22:00:00+00:00,0.4574114503411914,8415.873219484884
2030-05-14 23:00:00+00:00,1.0378053655381896,8416.44910155852
2030-05-15 00:00:00+00:00,1.9037735974932668,8417.024820158513
2030-05-15 01:00:00+00:00,2.7697522729897077,8417.600328703616
2030-05-15 02:00:00+00:00,3.1788827816797824,8418.175551971612
2030-05-15 03:00:00+00:00,3.4221612762022144,8418.750546460245
2030-05-15 04:00:00+00:00,3.6169998523859594,8419.325368715798
2030-05-15 05:00:00+00:00,3.859002734608312,8419.900093896424
2030-05-15 06:00:00+00:00,3.85891637154855,8420.474622164054
2030-05-15 07:00:00+00:00,3.858936759762635,8421.049199417457
2030-05-15 08:00:00+00:00,3.8589555339424586,8421.623624334097
2030-05-15 09:00:00+00:00,3.8589730340255546,8422.197820171745
2030-05-15 10:00:00+00:00,3.858990220130579,8422.771607075387
2030-05-15 11:00:00+00:00,3.8590053743225434,8423.344895904358
2030-05-15 12:00:00+00:00,3.85902187038622,8423.917600084877
2030-05-15 13:00:00+00:00,3.861371362712874,8424.489685896071
2030-05-15 14:00:00+00:00,3.861427622805286,8425.061121938934
2030-05-15 15:00:00+00:00,4.3652741649196045,8425.632080756855
2030-05-15 16:00:00+00:00,4.365439436500184,8426.202559829859
2030-05-15 17:00:00+00:00,4.365431509233621,8426.768614481953
2030-05-15 18:00:00+00:00,4.365412599202779,8426.237331717815
2030-05-15 19:00:00+00:00,4.365408979334553,8425.704467122974
2030-05-15 20:00:00+00:00,4.36541409437697,8425.16967525804
2030-05-15 21:00:00+00:00,4.365439051342871,8424.633674471743
2030-05-15 22:00:00+00:00,4.365436473734949,8424.09195258785
2030-05-15 23:00:00+00:00,4.365439698670499,8423.549609905947
2030-05-16 00:00:00+00:00,4.36543788238615,8423.00659892278
2030-05-16 01:00:00+00:00,3.7734957819145487,8422.463031985804
2030-05-16 02:00:00+00:00,3.3378487320077768,8421.918991468134
2030-05-16 03:00:00+00:00,2.9759201109544704,8421.374527326703
2030-05-16 04:00:00+00:00,2.6257931737219327,8420.82985485199
2030-05-16 05:00:00+00:00,2.2739491247002364,8420.285186722153
2030-05-16 06:00:00+00:00,1.9075073900729465,8419.740828145832
2030-05-16 07:00:00+00:00,1.5390202651843057,8419.197383255037
2030-05-16 08:00:00+00:00,1.1849046037113817,8418.654894157558
2030-05-16 09:00:00+00:00,0.7523857171194764,8418.113432303277
2030-05-16 10:00:00+00:00,0.3148581375262539,8417.573541255559
2030-05-16 11:00:00+00:00,0.010769579979345092,8417.03528680851
2030-05-16 12:00:00+00:00,1.3818899837336007e-05,8416.499093061551
2030-05-16 13:00:00+00:00,1.8999172192866667e-05,8415.964065284239
2030-05-16 14:00:00+00:00,1.8870846524415138e-05,8415.43018506845
2030-05-16 15:00:00+00:00,0.0001621646807446889,8414.897313033769
2030-05-16 16:00:00+00:00,0.00020157573237233274,8414.364792507553
2030-05-16 17:00:00+00:00,0.00028972190862847893,8413.832193102045
2030-05-16 18:00:00+00:00,0.0003188718924822551,8413.299341055825
2030-05-16 19:00:00+00:00,0.0003408652700425708,8412.76620302691
2030-05-16 20:00:00+00:00,0.00036011134003508156,8412.232779655602
2030-05-16 21:00:00+00:00,0.00048286925741318357,8411.699111742953
2030-05-16 22:00:00+00:00,0.0005798630298442249,8411.16515548108
2030-05-16 23:00:00+00:00,0.0006615616352264257,8410.630911987264
2030-05-17 00:00:00+00:00,0.0006807323581992839,8410.09635371132
2030-05-17 01:00:00+00:00,0.0007438576915617012,8409.561653670517
2030-05-17 02:00:00+00:00,0.0008006541873759556,8409.026771169467
2030-05-17 03:00:00+00:00,0.0008519506872286495,8408.49190844235
2030-05-17 04:00:00+00:00,0.0008987982424252932,8407.957356828725
2030-05-17 05:00:00+00:00,0.0009428199669458503,8407.423403383389
2030-05-17 06:00:00+00:00,0.0009835291543066262,8406.889979615176
2030-05-17 07:00:00+00:00,0.001021519424957013,8406.356619352293
2030-05-17 08:00:00+00:00,0.001057819875868013,8405.823678671411
2030-05-17 09:00:00+00:00,0.001092676254879231,8405.291537882695
2030-05-17 10:00:00+00:00,0.0011258333534655196,8404.760484113494
2030-05-17 11:00:00+00:00,0.0011578853466700123,8404.230541680989
2030-05-17 12:00:00+00:00,0.001189083970753488,8403.701696170338
2030-05-17 13:00:00+00:00,0.001176870932286494,8403.173421019377
2030-05-17 14:00:00+00:00,0.001164464553617142,8402.645521878616
2030-05-17 15:00:00+00:00,0.0011594322192858542,8402.117782051162
2030-05-17 16:00:00+00:00,0.0011543260031436275,8401.590012465189
2030-05-17 17:00:00+00:00,0.001143771933648486,8401.062038996235
2030-05-17 18:00:00+00:00,0.0011314428508933734,8400.533793420464
2030-05-17 19:00:00+00:00,0.0011190489596353975,8400.005267598324
2030-05-17 20:00:00+00:00,0.0011065011292169578,8399.476463631092
2030-05-17 21:00:00+00:00,0.0010941664236776682,8398.947372738812
2030-05-17 22:00:00+00:00,0.0010806740985487664,8398.417993951003
2030-05-17 23:00:00+00:00,0.001066694688238063,8397.888328505323
2030-05-18 00:00:00+00:00,0.0010521100441605298,8397.358386156078
2030-05-18 01:00:00+00:00,0.0010368462999413043,8396.828169113744
2030-05-18 02:00:00+00:00,0.0010208969053906506,8396.297666113467
2030-05-18 03:00:00+00:00,0.001004084158493715,8395.766883475353
2030-05-18 04:00:00+00:00,0.0009860095597889053,8395.235818543519
2030-05-18 05:00:00+00:00,0.0009670282412742129,8394.704472374775
2030-05-18 06:00:00+00:00,0.0009469758771206515,8394.172830612843
2030-05-18 07:00:00+00:00,0.0009276596068362355,8393.640698920783
2030-05-18 08:00:00+00:00,0.0009192748168562902,8393.108155349215
2030-05-18 09:00:00+00:00,0.0008969498204240747,8392.574968377927
2030-05-18 10:00:00+00:00,0.0008748183394202055,8392.041195428606
2030-05-18 11:00:00+00:00,0.0008523105757100972,8391.506667797603
2030-05-18 12:00:00+00:00,0.0008431945474812602,8390.971637634135
2030-05-18 13:00:00+00:00,0.0008337748773597315,8390.436140572883
2030-05-18 14:00:00+00:00,0.0008240220138210346,8389.899972324805
2030-05-18 15:00:00+00:00,0.000814138651877687,8389.3631269226
2030-05-18 16:00:00+00:00,0.0007850759698985166,8388.82515018091
2030-05-18 17:00:00+00:00,0.000756974161322867,8388.286380608626
2030-05-18 18:00:00+00:00,0.0007291868205247331,8387.747204705795
2030-05-18 19:00:00+00:00,0.0006996985379545862,8387.20773719097
2030-05-18 20:00:00+00:00,0.0006680816456261125,8386.667974901387
2030-05-18 21:00:00+00:00,0.0006342366107077536,8386.127901642305
2030-05-18 22:00:00+00:00,0.0005953728935020434,8385.587463566899
2030-05-18 23:00:00+00:00,0.000556716528966494,8385.046572437821
2030-05-19 00:00:00+00:00,0.0005119144011715414,8384.50502861962
2030-05-19 01:00:00+00:00,0.00045832630867635856,8383.962617124645
2030-05-19 02:00:00+00:00,0.0004075092383976832,8383.419299441797
2030-05-19 03:00:00+00:00,0.0003517004484295228,8382.87512231515
2030-05-19 04:00:00+00:00,0.00026291444220828794,8382.33022943033
2030-05-19 05:00:00+00:00,1.8319120641029818e-06,8381.784838215015
2030-05-19 06:00:00+00:00,0.0002734460685928833,8381.247819019094
2030-05-19 07:00:00+00:00,0.3339277648342121,8380.713552904701
2030-05-19 08:00:00+00:00,0.6432335066084562,8380.178935290949
2030-05-19 09:00:00+00:00,1.0270364999793762,8379.644214050302
2030-05-19 10:00:00+00:00,1.3884054985943846,8379.109502416364
2030-05-19 11:00:00+00:00,1.8955604151993446,8378.574903205812
2030-05-19 12:00:00+00:00,2.6011067660497753,8378.04038374395
2030-05-19 13:00:00+00:00,3.0061633975355786,8377.506013938668
2030-05-19 14:00:00+00:00,3.439739761381645,8376.972452523729
2030-05-19 15:00:00+00:00,3.908261733899353,8376.439961794338
2030-05-19 16:00:00+00:00,4.3654307843388755,8375.910487955478
2030-05-19 17:00:00+00:00,4.3654267227857515,8375.375729170051
2030-05-19 18:00:00+00:00,4.365426483848476,8374.848754349021
2030-05-19 19:00:00+00:00,4.365432054205192,8374.323628414542
2030-05-19 20:00:00+00:00,4.365400913693304,8373.800415439266
2030-05-19 21:00:00+00:00,4.365386150334873,8373.283096627914
2030-05-19 22:00:00+00:00,4.365376725412988,8372.771992154714
2030-05-19 23:00:00+00:00,4.365370096533395,8372.267261118448
2030-05-20 00:00:00+00:00,4.36536592069364,8371.769066418177
2030-05-20 01:00:00+00:00,4.365367533430162,8371.277856537487
2030-05-20 02:00:00+00:00,4.3653707827559485,8370.795264936898
2030-05-20 03:00:00+00:00,4.365376124317538,8370.317478224713
2030-05-20 04:00:00+00:00,4.3653842280245465,8369.84099123504
2030-05-20 05:00:00+00:00,4.365388218149069,8369.365018520406
2030-05-20 06:00:00+00:00,4.1956269788730465,8368.889673434422
2030-05-20 07:00:00+00:00,3.847480533850844,8368.414900788435
2030-05-20 08:00:00+00:00,3.4978246631187395,8367.940614672198
2030-05-20 09:00:00+00:00,3.1393460805523454,8367.466627532294
2030-05-20 10:00:00+00:00,2.642188694491919,8366.992770539013
2030-05-20 11:00:00+00:00,2.309755974206013,8366.518986457502
2030-05-20 12:00:00+00:00,2.013799191440662,8366.045238402685
2030-05-20 13:00:00+00:00,1.7214378196792814,8365.57164303421
2030-05-20 14:00:00+00:00,1.4338809960513008,8365.098216234755
2030-05-20 15:00:00+00:00,1.0858020867317941,8364.624792763227
2030-05-20 16:00:00+00:00,0.91457712340459,8364.15119966693
2030-05-20 17:00:00+00:00,0.5327496828361828,8363.677403465575
2030-05-20 18:00:00+00:00,0.07016239790172746,8363.203407357953
2030-05-20 19:00:00+00:00,0.026182001438174684,8362.729213755525
2030-05-20 20:00:00+00:00,0.0015586942577013496,8362.25485559834
2030-05-20 21:00:00+00:00,9.897387119712463e-06,8361.78029872106
2030-05-20 22:00:00+00:00,3.868657289700305e-06,8361.305815506457
2030-05-20 23:00:00+00:00,5.256850729692508e-06,8360.832258780578
2030-05-21 00:00:00+00:00,0.00012963306962880542,8361.446935492162
2030-05-21 01:00:00+00:00,0.0001825338746399299,8362.061426222135
2030-05-21 02:00:00+00:00,0.0002178547422162551,8362.675790101806
2030-05-21 03:00:00+00:00,0.00024493728075488595,8363.290123309182
2030-05-21 04:00:00+00:00,0.00026662831436035744,8363.90438966433
2030-05-21 05:00:00+00:00,0.00027058197631442345,8363.51750678172
2030-05-21 06:00:00+00:00,0.0002728951680600954,8363.130771009784
2030-05-21 07:00:00+00:00,0.00027322534708876684,8362.74416222766
2030-05-21 08:00:00+00:00,0.0002718957204383571,8362.37835625008
2030-05-21 09:00:00+00:00,0.0002686458619692186,8362.013009284583
2030-05-21 10:00:00+00:00,0.00026364859237457,8361.647228572558
2030-05-21 11:00:00+00:00,0.0002561689324943955,8361.282214572353
2030-05-21 12:00:00+00:00,0.00025611290436656483,8361.897852793853
2030-05-21 13:00:00+00:00,0.00025378698405466874,8362.51353024621
2030-05-21 14:00:00+00:00,0.00024937878567492613,8363.129264077132
2030-05-21 15:00:00+00:00,0.00024116765109811935,8363.740300812558
2030-05-21 16:00:00+00:00,0.0002190125363865494,8363.375447235592
2030-05-21 17:00:00+00:00,0.00019135240490231935,8363.010650147195
2030-05-21 18:00:00+00:00,0.00015460326719548783,8362.645957713494
2030-05-21 19:00:00+00:00,0.00010709717974405275,8362.844540724736
2030-05-21 20:00:00+00:00,7.660702830149496e-05,8363.464611389272
2030-05-21 21:00:00+00:00,5.048185990093884e-06,8364.085887608477
2030-05-21 22:00:00+00:00,7.868099241449052e-05,8364.724606676962
2030-05-21 23:00:00+00:00,9.374055484808173e-05,8365.363909485714
2030-05-22 00:00:00+00:00,0.04754002557388163,8366.003762616518
2030-05-22 01:00:00+00:00,0.0739879553766713,8366.643626453704
2030-05-22 02:00:00+00:00,0.09207373227511595,8367.283440548485
2030-05-22 03:00:00+00:00,0.09216081181223242,8367.923154444767
2030-05-22 04:00:00+00:00,0.09229916345617853,8368.562718368274
2030-05-22 05:00:00+00:00,0.0923932908161907,8369.202055950922
2030-05-22 06:00:00+00:00,0.09249908467200148,8369.841005635553
2030-05-22 07:00:00+00:00,0.09259511083935724,8370.47960877826
2030-05-22 08:00:00+00:00,0.09295335880390806,8371.117968176875
2030-05-22 09:00:00+00:00,0.09986518852646621,8371.756040338572
2030-05-22 10:00:00+00:00,0.10003755460932018,8372.393816060121
2030-05-22 11:00:00+00:00,0.10642535997256818,8373.031383543952
2030-05-22 12:00:00+00:00,0.5726703061866693,8373.668711441655
2030-05-22 13:00:00+00:00,0.5786632823713416,8374.305782617275
2030-05-22 14:00:00+00:00,0.5844404239478217,8374.942631454136
2030-05-22 15:00:00+00:00,0.5901741006679992,8375.57928375146
2030-05-22 16:00:00+00:00,0.5960043029075719,8376.215724349284
2030-05-22 17:00:00+00:00,0.5959451223245917,8376.851530905396
2030-05-22 18:00:00+00:00,0.5958928447506893,8377.487129344123
2030-05-22 19:00:00+00:00,0.0048130794254480115,8378.122310539282
2030-05-22 20:00:00+00:00,0.002625411435943659,8378.757295162803
2030-05-22 21:00:00+00:00,0.0006560100750736723,8379.39211941488
2030-05-22 22:00:00+00:00,0.0005826191590832172,8380.027056382689
2030-05-22 23:00:00+00:00,0.00048540651554670404,8380.662122481614
2030-05-23 00:00:00+00:00,0.00034506403557519987,8381.297616130052
2030-05-23 01:00:00+00:00,0.00023694348125541704,8381.933903759329
2030-05-23 02:00:00+00:00,0.00020099567710070762,8382.571579815976
2030-05-23 03:00:00+00:00,0.00014438300827910358,8383.210582082029
2030-05-23 04:00:00+00:00,1.770364150621009e-05,8383.850898456589
2030-05-23 05:00:00+00:00,2.1244661523305503e-05,8384.49220825215
2030-05-23 06:00:00+00:00,4.1064577859440364e-05,8385.133383256212
2030-05-23 07:00:00+00:00,1.5966209811930426e-05,8385.773886599674
2030-05-23 08:00:00+00:00,0.5335311552654118,8386.414690447575
2030-05-23 09:00:00+00:00,1.063855966082313,8387.056100630116
2030-05-23 10:00:00+00:00,1.566181335070089,8387.696762712661
2030-05-23 11:00:00+00:00,2.0879960359785663,8388.336161206138
2030-05-23 12:00:00+00:00,2.5345076737687893,8388.974166873353
2030-05-23 13:00:00+00:00,3.0115597226211857,8389.611459213602
2030-05-23 14:00:00+00:00,3.5004896346115486,8390.247963697671
2030-05-23 15:00:00+00:00,4.365427530869342,8390.885086873792
2030-05-23 16:00:00+00:00,4.3654354576639545,8391.522124768575
2030-05-23 17:00:00+00:00,4.36535302953927,8392.158623283005
2030-05-23 18:00:00+00:00,4.365318918939383,8392.795305252328
2030-05-23 19:00:00+00:00,4.365194948943616,8393.431695926523
2030-05-23 20:00:00+00:00,4.365126425009532,8394.067903513558
2030-05-23 21:00:00+00:00,4.3650818782779295,8394.70392436781
2030-05-23 22:00:00+00:00,4.365045967040296,8395.339761894542
2030-05-23 23:00:00+00:00,4.365016556160334,8395.975411930502
2030-05-24 00:00:00+00:00,4.364992904767374,8396.610865938432
2030-05-24 01:00:00+00:00,4.364976289707634,8397.24602821792
2030-05-24 02:00:00+00:00,4.364965368747538,8397.880904916043
2030-05-24 03:00:00+00:00,4.364952526117288,8398.515264918768
2030-05-24 04:00:00+00:00,4.3649642928943715,8399.148915589509
2030-05-24 05:00:00+00:00,4.364981655520874,8399.781498887249
2030-05-24 06:00:00+00:00,4.364986734828948,8400.413030071122
2030-05-24 07:00:00+00:00,4.365012632176961,8401.044172212454
2030-05-24 08:00:00+00:00,4.365044879633035,8401.674559383673
2030-05-24 09:00:00+00:00,4.365084399063711,8402.303832545935
2030-05-24 10:00:00+00:00,4.365135504961897,8402.93167197597
2030-05-24 11:00:00+00:00,4.365221710305581,8403.557984172674
2030-05-24 12:00:00+00:00,4.365439694047038,8404.182794497947
2030-05-24 13:00:00+00:00,4.3653984787492535,8403.703345592749
2030-05-24 14:00:00+00:00,3.8562017407705866,8403.219789758463
2030-05-24 15:00:00+00:00,3.3736817240586676,8402.735764465384
2030-05-24 16:00:00+00:00,2.893980069972436,8402.251475220173
2030-05-24 17:00:00+00:00,2.3890991186839488,8401.767465411998
2030-05-24 18:00:00+00:00,1.6296135986607416,8401.284480517805
2030-05-24 19:00:00+00:00,1.1818587380339214,8400.801482044602
2030-05-24 20:00:00+00:00,0.6592561575416718,8400.318367438835
2030-05-24 21:00:00+00:00,0.26147774594121825,8399.83509738855
2030-05-24 22:00:00+00:00,0.0003238918892543391,8399.351662912892
2030-05-24 23:00:00+00:00,0.00017814889999337392,8398.868671010454
2030-05-25 00:00:00+00:00,0.0001697291870706337,8398.395078942163
2030-05-25 01:00:00+00:00,0.0001627035986168451,8397.929714305139
2030-05-25 02:00:00+00:00,0.00015253933233957116,8397.464327177751
2030-05-25 03:00:00+00:00,0.00012269811441228287,8396.98699861456
2030-05-25 04:00:00+00:00,7.706840300672002e-05,8396.509671871472
2030-05-25 05:00:00+00:00,5.3803000047619264e-05,8396.131909685395
2030-05-25 06:00:00+00:00,5.700209585663532e-06,8396.698137829202
2030-05-25 07:00:00+00:00,7.296983061532164e-05,8397.319558615893
2030-05-25 08:00:00+00:00,0.2037790564793993,8397.94098217956
2030-05-25 09:00:00+00:00,0.5574828839585516,8398.562279747897
2030-05-25 10:00:00+00:00,1.0034848018479197,8399.183503557144
2030-05-25 11:00:00+00:00,1.6550868203486522,8399.804690685885
2030-05-25 12:00:00+00:00,2.4134088989470435,8400.426067884559
2030-05-25 13:00:00+00:00,3.0446909254992383,8401.047411539123
2030-05-25 14:00:00+00:00,3.4338544674492333,8401.668745321864
2030-05-25 15:00:00+00:00,3.856315328034116,8402.290068132546
2030-05-25 16:00:00+00:00,4.365216766272238,8402.91133256759
2030-05-25 17:00:00+00:00,4.365283511186649,8403.532435247484
2030-05-25 18:00:00+00:00,4.3547652614075725,8404.152504563672
2030-05-25 19:00:00+00:00,3.7887531575746456,8404.772438464273
2030-05-25 20:00:00+00:00,2.901678407548792,8405.3922284697
2030-05-25 21:00:00+00:00,2.496835134313214,8406.011866544686
2030-05-25 22:00:00+00:00,2.16207595534782,8406.631361095473
2030-05-25 23:00:00+00:00,1.8403084961790535,8407.250747254828
2030-05-26 00:00:00+00:00,1.68151245100576,8407.87008438104
2030-05-26 01:00:00+00:00,1.6814243129155761,8408.489685023014
2030-05-26 02:00:00+00:00,1.5924261001894893,8409.109209164986
2030-05-26 03:00:00+00:00,1.330349441862324,8409.72900202856
2030-05-26 04:00:00+00:00,0.9121457331752346,8410.349085921549
2030-05-26 05:00:00+00:00,0.193689539657197,8410.969331057597
2030-05-26 06:00:00+00:00,9.793869061275887e-05,8411.589604675248
2030-05-26 07:00:00+00:00,0.00015402712490436758,8412.210614473988
2030-05-26 08:00:00+00:00,0.00032464437140540314,8412.831583555308
2030-05-26 09:00:00+00:00,0.008639341198802348,8413.452286435424
2030-05-26 10:00:00+00:00,0.4164311853042394,8414.072572560799
2030-05-26 11:00:00+00:00,1.281565288587736,8414.692350519525
2030-05-26 12:00:00+00:00,2.1474467258356107,8415.311704604464
2030-05-26 13:00:00+00:00,3.0133185600053536,8415.930401039608
2030-05-26 14:00:00+00:00,3.8785348491377944,8416.547811658118
2030-05-26 15:00:00+00:00,4.365142415834951,8417.16369424024
2030-05-26 16:00:00+00:00,4.36541502517037,8417.77606809354
2030-05-26 17:00:00+00:00,4.365158689841988,8418.38156127851
2030-05-26 18:00:00+00:00,3.934854074463462,8418.978228253889
2030-05-26 19:00:00+00:00,3.5634969539663626,8419.572470734916
2030-05-26 20:00:00+00:00,3.279195031063913,8420.163772032662
2030-05-26 21:00:00+00:00,3.0200058252071154,8420.748625536542
2030-05-26 22:00:00+00:00,2.8925406392589785,8421.326557622851
2030-05-26 23:00:00+00:00,2.711196315474103,8421.89727668595
2030-05-27 00:00:00+00:00,2.502865634569515,8422.460612257526
2030-05-27 01:00:00+00:00,2.253423090357581,8423.016144821257
2030-05-27 02:00:00+00:00,2.0006351857701037,8423.562241659636
2030-05-27 03:00:00+00:00,1.7381311770722891,8424.102768426817
2030-05-27 04:00:00+00:00,1.3657692313154732,8424.641332416302
2030-05-27 05:00:00+00:00,0.4081364153516272,8425.178798320176
2030-05-27 06:00:00+00:00,6.4150937111131496e-06,8425.71494931814
2030-05-27 07:00:00+00:00,4.839786106393731e-06,8426.251747539134
2030-05-27 08:00:00+00:00,0.0020294913834639243,8426.78789646626
2030-05-27 09:00:00+00:00,0.6661083796553966,8427.323241315597
2030-05-27 10:00:00+00:00,1.4399768333258873,8427.857952114897
2030-05-27 11:00:00+00:00,2.305942771758368,8428.392112449146
2030-05-27 12:00:00+00:00,3.171137957691274,8428.925682314357
2030-05-27 13:00:00+00:00,3.8783916176967206,8429.458620991567
2030-05-27 14:00:00+00:00,4.365438232389774,8429.990910098499
2030-05-27 15:00:00+00:00,4.365440577566125,8430.522380491235
2030-05-27 16:00:00+00:00,4.147648270859775,8429.949397839788
2030-05-27 17:00:00+00:00,3.6934814665224667,8429.376177630962
2030-05-27 18:00:00+00:00,2.6053296670802517,8428.802734189889
2030-05-27 19:00:00+00:00,1.6017328626185114,8428.229040917346
2030-05-27 20:00:00+00:00,0.9024057050319754,8427.655104145346
2030-05-27 21:00:00+00:00,0.6053229034762699,8427.080971718005
2030-05-27 22:00:00+00:00,0.2652766855882251,8426.506536446663
2030-05-27 23:00:00+00:00,9.027556843898242e-06,8425.931833186085
2030-05-28 00:00:00+00:00,1.5356060601480045e-05,8426.459287267742
2030-05-28 01:00:00+00:00,0.0016624633711057426,8426.987629726404
2030-05-28 02:00:00+00:00,0.001829541782596421,8427.51567513736
2030-05-28 03:00:00+00:00,0.0019167496357932233,8428.04331892993
2030-05-28 04:00:00+00:00,0.22286487229702467,8428.570718916511
2030-05-28 05:00:00+00:00,0.22396166216135574,8429.097819676243
2030-05-28 06:00:00+00:00,0.22416892086414159,8429.624183307618
2030-05-28 07:00:00+00:00,0.6008568438137248,8430.150262880677
2030-05-28 08:00:00+00:00,1.0835306380983574,8430.675944083343
2030-05-28 09:00:00+00:00,1.9495129462195404,8431.20116152403
2030-05-28 10:00:00+00:00,2.8155218056818128,8431.726098132682
2030-05-28 11:00:00+00:00,3.6815308298166807,8432.250745947042
2030-05-28 12:00:00+00:00,4.094087168391841,8432.775203183752
2030-05-28 13:00:00+00:00,4.365417298173627,8433.3006162473
2030-05-28 14:00:00+00:00,4.365432614637909,8433.826118214976
2030-05-28 15:00:00+00:00,4.365419727738102,8434.348438468822
2030-05-28 16:00:00+00:00,4.365404756933142,8434.464155033489
2030-05-28 17:00:00+00:00,4.365381945733801,8433.898398335465
2030-05-28 18:00:00+00:00,4.365353513439973,8433.336932651102
2030-05-28 19:00:00+00:00,4.36531489863949,8432.770454276295
2030-05-28 20:00:00+00:00,4.3652618382401425,8432.202600430792
2030-05-28 21:00:00+00:00,4.365241656612135,8431.634787294748
2030-05-28 22:00:00+00:00,4.365222149523575,8431.065661484017
2030-05-28 23:00:00+00:00,4.365187395282058,8430.495150202341
2030-05-29 00:00:00+00:00,4.3651555994250355,8429.924094492579
2030-05-29 01:00:00+00:00,4.36512894751359,8429.35285542704
2030-05-29 02:00:00+00:00,4.365106104468766,8428.781331713479
2030-05-29 03:00:00+00:00,4.3650862725828,8428.209519733424
2030-05-29 04:00:00+00:00,4.36506927278638,8427.637547747152
2030-05-29 05:00:00+00:00,4.365054155377964,8427.065468919753
2030-05-29 06:00:00+00:00,4.3650400825493625,8426.49342300795
2030-05-29 07:00:00+00:00,4.3650270957503325,8425.921347453463
2030-05-29 08:00:00+00:00,4.365047825099316,8425.35624321088
2030-05-29 09:00:00+00:00,4.365070590681054,8424.791202147082
2030-05-29 10:00:00+00:00,4.365097204527515,8424.22628938827
2030-05-29 11:00:00+00:00,4.365127645778583,8423.661568465297
2030-05-29 12:00:00+00:00,4.365163060802554,8423.097138719379
2030-05-29 13:00:00+00:00,4.365207462851515,8422.53313035341
2030-05-29 14:00:00+00:00,4.365270809860161,8421.969706665093
2030-05-29 15:00:00+00:00,4.365397940143211,8421.406910887748
2030-05-29 16:00:00+00:00,4.365396362990509,8420.837245056966
2030-05-29 17:00:00+00:00,4.36539222721538,8420.267282948953
2030-05-29 18:00:00+00:00,4.365380712252745,8419.69703642477
2030-05-29 19:00:00+00:00,4.3653735667811935,8419.127125060953
2030-05-29 20:00:00+00:00,4.3653700782953795,8418.557432245716
2030-05-29 21:00:00+00:00,4.365376754502299,8417.988252962688
2030-05-29 22:00:00+00:00,4.365388453793337,8417.419618757207
2030-05-29 23:00:00+00:00,4.365411702835613,8416.851509668259
2030-05-30 00:00:00+00:00,4.36544007045959,8416.283384610288
2030-05-30 01:00:00+00:00,4.364887412545064,8415.714013568444
2030-05-30 02:00:00+00:00,4.364675112413478,8415.143895503352
2030-05-30 03:00:00+00:00,4.26751271635971,8414.572743663937
2030-05-30 04:00:00+00:00,3.8595325696575693,8414.00032504829
2030-05-30 05:00:00+00:00,3.4002476900323266,8413.427094469187
2030-05-30 06:00:00+00:00,2.9380534868831125,8412.853456969207
2030-05-30 07:00:00+00:00,2.4940208358392626,8412.279623196817
2030-05-30 08:00:00+00:00,2.0802882311780246,8411.704223474408
2030-05-30 09:00:00+00:00,1.6900316345267816,8411.12671477328
2030-05-30 10:00:00+00:00,1.16584323679815,8410.547851389847
2030-05-30 11:00:00+00:00,0.7410647207840887,8409.968059879777
2030-05-30 12:00:00+00:00,0.33396666557016186,8409.387019733476
2030-05-30 13:00:00+00:00,0.017021648740831903,8408.80508457836
2030-05-30 14:00:00+00:00,3.9231387404269115e-06,8408.222236139472
2030-05-30 15:00:00+00:00,7.487314854795261e-06,8407.638042854616
2030-05-30 16:00:00+00:00,1.748845692417668e-05,8407.053929344096
2030-05-30 17:00:00+00:00,5.470142954584916e-05,8406.471677935446
2030-05-30 18:00:00+00:00,6.66022850429646e-05,8405.88867365964
2030-05-30 19:00:00+00:00,6.611062098959358e-05,8405.304760829362
2030-05-30 20:00:00+00:00,5.915915137533135e-05,8404.720542175735
2030-05-30 21:00:00+00:00,4.478357523742462e-05,8404.136203879314
2030-05-30 22:00:00+00:00,4.6825310868800916e-05,8403.55760365043
2030-05-30 23:00:00+00:00,4.070543304800841e-05,8402.978869312108
2030-05-31 00:00:00+00:00,4.0258075953614756e-05,8403.056597339864
2030-05-31 01:00:00+00:00,3.983537387494526e-05,8403.564521620878
2030-05-31 02:00:00+00:00,4.0342084681272636e-05,8404.080239554969
2030-05-31 03:00:00+00:00,2.5160162460343426e-05,8404.595844095262
2030-05-31 04:00:00+00:00,1.616674303342951e-05,8405.114811866528
2030-05-31 05:00:00+00:00,1.1203107154522706e-05,8405.635191045294
2030-05-31 06:00:00+00:00,1.5834404622053058e-05,8406.156316107887
2030-05-31 07:00:00+00:00,9.750443189367018e-05,8406.678040268722
2030-05-31 08:00:00+00:00,0.00010912639952004404,8407.200099763326
2030-05-31 09:00:00+00:00,0.0003485329697556973,8407.72241547242
2030-05-31 10:00:00+00:00,0.00046784663052128997,8408.24474741177
2030-05-31 11:00:00+00:00,0.0005818593031604804,8408.767109308488
2030-05-31 12:00:00+00:00,0.0006673962252704086,8409.289564322848
2030-05-31 13:00:00+00:00,0.0007400803645536334,8409.812139900358
2030-05-31 14:00:00+00:00,0.0007980043582678004,8410.334572199894
2030-05-31 15:00:00+00:00,0.0008467137438389377,8410.856882946378
2030-05-31 16:00:00+00:00,0.0008673760970589116,8411.379019152688
2030-05-31 17:00:00+00:00,0.0009001626756522127,8411.900510415482
2030-05-31 18:00:00+00:00,0.0009115861813140002,8412.420626026293
2030-05-31 19:00:00+00:00,0.0009210907057608414,8412.940446392438
2030-05-31 20:00:00+00:00,0.0009270633623985173,8413.460080686655
2030-05-31 21:00:00+00:00,0.0009282761222150839,8413.9795730168
2030-05-31 22:00:00+00:00,0.0009248932746357389,8414.498936124583
2030-05-31 23:00:00+00:00,0.0009164455278319822,8415.018193352133
2030-06-01 00:00:00+00:00,0.000902236493832588,8415.537333438937
2030-06-01 01:00:00+00:00,0.0008814385138491267,8416.05636487826
2030-06-01 02:00:00+00:00,0.0008369574026473805,8416.575291268731
2030-06-01 03:00:00+00:00,0.0007829282777309861,8417.094122360959
2030-06-01 04:00:00+00:00,0.0007157933332968556,8417.61285077326
2030-06-01 05:00:00+00:00,0.0006316170332551618,8418.131475404283
2030-06-01 06:00:00+00:00,0.0005143059409629091,8418.650001091311
2030-06-01 07:00:00+00:00,0.0003155124240315073,8419.168401239976
2030-06-01 08:00:00+00:00,6.083758109429663e-06,8419.686671369842
2030-06-01 09:00:00+00:00,0.1882389538111692,8420.205111720174
2030-06-01 10:00:00+00:00,0.5047415479703169,8420.723340875104
2030-06-01 11:00:00+00:00,1.2705434539516822,8421.241314016323
2030-06-01 12:00:00+00:00,2.13648969790599,8421.758851126677
2030-06-01 13:00:00+00:00,3.0024365399651445,8422.276131924575
2030-06-01 14:00:00+00:00,3.86840488450249,8422.793142615154
2030-06-01 15:00:00+00:00,4.365436880527807,8423.309836774839
2030-06-01 16:00:00+00:00,4.3654259036945495,8423.826049358786
2030-06-01 17:00:00+00:00,4.365389159834877,8424.341813649371
2030-06-01 18:00:00+00:00,4.365411757922839,8424.857424813772
2030-06-01 19:00:00+00:00,4.365416804958311,8425.372692415342
2030-06-01 20:00:00+00:00,4.365396244069458,8425.887453876854
2030-06-01 21:00:00+00:00,4.365367749446111,8426.401809660883
2030-06-01 22:00:00+00:00,4.36532867558783,8426.915765893596
2030-06-01 23:00:00+00:00,3.8745926492913316,8427.42881841026
2030-06-02 00:00:00+00:00,3.4268521368411076,8427.941651220133
2030-06-02 01:00:00+00:00,3.013369192678344,8428.454177118283
2030-06-02 02:00:00+00:00,2.6275326565219452,8428.966275241673
2030-06-02 03:00:00+00:00,2.2706184880373783,8429.477822993333
2030-06-02 04:00:00+00:00,1.8083160514520535,8429.988759258073
2030-06-02 05:00:00+00:00,0.6536318386274327,8430.48731168534
2030-06-02 06:00:00+00:00,3.875916942419052e-05,8430.997309236122
2030-06-02 07:00:00+00:00,1.5857397933585552e-05,8431.508248524078
2030-06-02 08:00:00+00:00,1.6080857092464677e-05,8432.019551213338
2030-06-02 09:00:00+00:00,0.46195591122928864,8432.530927432754
2030-06-02 10:00:00+00:00,0.8938024138574898,8433.042057679779
2030-06-02 11:00:00+00:00,1.7514243954091695,8433.552930033471
2030-06-02 12:00:00+00:00,2.6060795038900855,8434.063520286469
2030-06-02 13:00:00+00:00,3.447297111329248,8434.573894499947
2030-06-02 14:00:00+00:00,4.023615109250328,8435.084053798708
2030-06-02 15:00:00+00:00,4.365428383382803,8435.594016217381
2030-06-02 16:00:00+00:00,4.365438774416764,8436.103477129447
2030-06-02 17:00:00+00:00,4.365397945760553,8436.606397248786
2030-06-02 18:00:00+00:00,3.959840974322225,8436.667754186261
2030-06-02 19:00:00+00:00,3.6438567206794144,8436.727909721834
2030-06-02 20:00:00+00:00,3.4087048961671016,8436.788137941356
2030-06-02 21:00:00+00:00,3.231201591385349,8436.84890712942
2030-06-02 22:00:00+00:00,3.1288584522000504,8436.912931086195
2030-06-02 23:00:00+00:00,2.9485998462024963,8436.97236286181
2030-06-03 00:00:00+00:00,2.71322551124226,8437.03004358167
2030-06-03 01:00:00+00:00,2.4591212067400887,8437.08701195234
2030-06-03 02:00:00+00:00,2.11916569172293,8437.142692773485
2030-06-03 03:00:00+00:00,1.112518374772257,8437.1922369607
2030-06-03 04:00:00+00:00,0.847125675485678,8437.248982664767
2030-06-03 05:00:00+00:00,0.5217255210356104,8437.3057474938
2030-06-03 06:00:00+00:00,9.104749288922722e-05,8437.362631500531
2030-06-03 07:00:00+00:00,4.7639725110776e-06,8437.859702965286
2030-06-03 08:00:00+00:00,8.988008882789372e-06,8438.367157729146
2030-06-03 09:00:00+00:00,2.483650677487263e-05,8438.874888543114
2030-06-03 10:00:00+00:00,0.15804344119598104,8439.382626986733
2030-06-03 11:00:00+00:00,0.3112706611967609,8439.890248263138
2030-06-03 12:00:00+00:00,1.1371935370216413,8440.397757107854
2030-06-03 13:00:00+00:00,2.003134400062314,8440.905196149622
2030-06-03 14:00:00+00:00,2.869127512508283,8441.412579900722
2030-06-03 15:00:00+00:00,3.4062602288408215,8441.919735496947
2030-06-03 16:00:00+00:00,3.4064521367470824,8442.42677178692
2030-06-03 17:00:00+00:00,3.436935578999096,8442.933703636447
2030-06-03 18:00:00+00:00,3.4371663622653905,8443.440510397848
2030-06-03 19:00:00+00:00,3.4373983143216225,8443.947200481598
2030-06-03 20:00:00+00:00,3.43762760372786,8444.45377755119
2030-06-03 21:00:00+00:00,3.4378537251363896,8444.960236371257
2030-06-03 22:00:00+00:00,3.4445116488240335,8445.466594437368
2030-06-03 23:00:00+00:00,3.45114981383456,8445.972834193404
2030-06-04 00:00:00+00:00,3.457693621865115,8446.478955193756
2030-06-04 01:00:00+00:00,3.463553740552685,8446.984956081003
2030-06-04 02:00:00+00:00,3.4637779070497627,8447.490824770863
2030-06-04 03:00:00+00:00,3.464009910129043,8447.99657434361
2030-06-04 04:00:00+00:00,2.309371167420096,8448.502046763615
2030-06-04 05:00:00+00:00,1.1547361367218862,8449.007402498479
2030-06-04 06:00:00+00:00,9.776959967085603e-05,8449.512641947364
2030-06-04 07:00:00+00:00,0.00011175126890760972,8450.017916585657
2030-06-04 08:00:00+00:00,1.3481120669777446e-05,8450.523069173007
2030-06-04 09:00:00+00:00,0.11287199705029466,8451.028242118582
2030-06-04 10:00:00+00:00,0.8240247340796191,8451.53326106581
2030-06-04 11:00:00+00:00,1.6899944805455083,8452.03801004938
2030-06-04 12:00:00+00:00,2.555965622545725,8452.541963044148
2030-06-04 13:00:00+00:00,3.421929454291544,8453.044399425336
2030-06-04 14:00:00+00:00,4.00460258520809,8453.545459602261
2030-06-04 15:00:00+00:00,4.363993560425544,8454.043242652304
2030-06-04 16:00:00+00:00,4.3654403547055765,8454.53681141123
2030-06-04 17:00:00+00:00,4.365439224056155,8455.02709385012
2030-06-04 18:00:00+00:00,4.365041964098902,8454.420674314153
2030-06-04 19:00:00+00:00,4.364854156318167,8453.813481304607
2030-06-04 20:00:00+00:00,4.364715783617954,8453.205404650133
2030-06-04 21:00:00+00:00,4.364606196059495,8452.596435669333
2030-06-04 22:00:00+00:00,4.364577116230102,8452.926284800205
2030-06-04 23:00:00+00:00,4.364550872763577,8453.255119887279
2030-06-05 00:00:00+00:00,4.364009600634592,8452.636265335725
2030-06-05 01:00:00+00:00,4.363628192175863,8452.016989203752
2030-06-05 02:00:00+00:00,4.363324261481115,8451.397431497506
2030-06-05 03:00:00+00:00,4.363071796957078,8450.777625853558
2030-06-05 04:00:00+00:00,4.362577035992597,8450.15663554828
2030-06-05 05:00:00+00:00,3.2078859390665726,8449.527611723937
2030-06-05 06:00:00+00:00,3.20771516013653,8448.906663320704
2030-06-05 07:00:00+00:00,3.207514326753427,8448.285465067142
2030-06-05 08:00:00+00:00,3.2075983551541274,8448.760766669677
2030-06-05 09:00:00+00:00,3.2076736302720894,8449.235693519431
2030-06-05 10:00:00+00:00,3.207741920957604,8449.71021381003
2030-06-05 11:00:00+00:00,3.464172128113142,8450.184748841562
2030-06-05 12:00:00+00:00,3.684975630093558,8450.658716344082
2030-06-05 13:00:00+00:00,3.685047056386772,8451.131501816806
2030-06-05 14:00:00+00:00,3.6851231799591595,8451.603419889778
2030-06-05 15:00:00+00:00,3.685210832491651,8452.074430042769
2030-06-05 16:00:00+00:00,3.6740874722451973,8451.445895267028
2030-06-05 17:00:00+00:00,3.3885295733763616,8450.816683254821
2030-06-05 18:00:00+00:00,3.0680403194112857,8450.186970628594
2030-06-05 19:00:00+00:00,2.7757134738468703,8449.55661615758
2030-06-05 20:00:00+00:00,2.5041998755652535,8448.925768940691
2030-06-05 21:00:00+00:00,2.2063197001023904,8448.294378515366
2030-06-05 22:00:00+00:00,1.9517443461658293,8447.662021355509
2030-06-05 23:00:00+00:00,1.7147444315744333,8447.0285121597
2030-06-06 00:00:00+00:00,1.6917763972962583,8446.393873805377
2030-06-06 01:00:00+00:00,1.6904829526086826,8445.75841009417
2030-06-06 02:00:00+00:00,1.4813884829253712,8445.121668236885
2030-06-06 03:00:00+00:00,1.2515948234798693,8444.484061749918
2030-06-06 04:00:00+00:00,0.901702897481354,8443.845720367308
2030-06-06 05:00:00+00:00,0.39954681860257263,8443.206707956317
2030-06-06 06:00:00+00:00,8.669564561717967e-06,8442.567163191665
2030-06-06 07:00:00+00:00,2.25927299148448e-06,8443.027032779588
2030-06-06 08:00:00+00:00,2.582232476430864e-05,8443.488567177725
2030-06-06 09:00:00+00:00,0.5922665172096082,8443.949864592245
2030-06-06 10:00:00+00:00,1.4111803921000476,8444.410939701569
2030-06-06 11:00:00+00:00,2.2391272239822033,8444.87179982978
2030-06-06 12:00:00+00:00,3.063995288713712,8445.332485820676
2030-06-06 13:00:00+00:00,3.670486643063242,8445.792977592955
2030-06-06 14:00:00+00:00,4.365419885568306,8446.2532383912
2030-06-06 15:00:00+00:00,4.365440452392519,8446.713271720288
2030-06-06 16:00:00+00:00,4.365391935310461,8447.172336469852
2030-06-06 17:00:00+00:00,4.3652225651849585,8447.630986090986
2030-06-06 18:00:00+00:00,4.365066393208865,8448.089440127727
2030-06-06 19:00:00+00:00,4.364753280440316,8448.547677766428
2030-06-06 20:00:00+00:00,4.351421405100268,8449.005697133138
2030-06-06 21:00:00+00:00,3.723200453725774,8449.46357237864
2030-06-06 22:00:00+00:00,3.013965627293195,8449.921309428508
2030-06-06 23:00:00+00:00,2.3213683997163237,8450.378909194178
2030-06-07 00:00:00+00:00,1.8821216649956103,8450.83637385472
2030-06-07 01:00:00+00:00,1.8813740063579478,8451.293727954877
2030-06-07 02:00:00+00:00,1.8803837409601052,8451.75093582639
2030-06-07 03:00:00+00:00,1.832857462832367,8452.20797898246
2030-06-07 04:00:00+00:00,1.3433174691358725,8452.664825122612
2030-06-07 05:00:00+00:00,0.7349488213278471,8453.121482339959
2030-06-07 06:00:00+00:00,3.7695470366690215e-05,8453.577902715446
2030-06-07 07:00:00+00:00,3.1730947588290517e-06,8454.034182308567
2030-06-07 08:00:00+00:00,2.607613385801376e-05,8454.490520134415
2030-06-07 09:00:00+00:00,0.594175555489904,8454.946303858276
2030-06-07 10:00:00+00:00,1.3845573885248355,8455.401624937065
2030-06-07 11:00:00+00:00,2.180895586152442,8455.85650446859
2030-06-07 12:00:00+00:00,2.9751266364231377,8456.31088063348
2030-06-07 13:00:00+00:00,3.764652649140183,8456.764684042146
2030-06-07 14:00:00+00:00,4.3014722026646215,8457.218200518255
2030-06-07 15:00:00+00:00,4.365412909780446,8457.671401257581
2030-06-07 16:00:00+00:00,4.365427435320574,8458.124244009337
2030-06-07 17:00:00+00:00,4.070690004475299,8458.576759469364
2030-06-07 18:00:00+00:00,3.6446423214560975,8459.029125010202
2030-06-07 19:00:00+00:00,3.2900683773269397,8459.48134119497
2030-06-07 20:00:00+00:00,2.950377100436324,8459.933410011938
2030-06-07 21:00:00+00:00,2.4631757500077924,8460.385329729526
2030-06-07 22:00:00+00:00,2.169382183102748,8460.837098478041
2030-06-07 23:00:00+00:00,1.85779999461048,8461.28869987587
2030-06-08 00:00:00+00:00,1.5801864373093295,8461.740145600046
2030-06-08 01:00:00+00:00,1.2740900771601595,8462.191427289654
2030-06-08 02:00:00+00:00,0.9448126743659879,8462.64253236119
2030-06-08 03:00:00+00:00,0.5745978531570809,8463.093461467412
2030-06-08 04:00:00+00:00,0.10444652344984995,8463.544223763629
2030-06-08 05:00:00+00:00,3.1484065138084785e-05,8463.994822469496
2030-06-08 06:00:00+00:00,3.559276739980856e-05,8464.44533598719
2030-06-08 07:00:00+00:00,2.6810286278578896e-05,8464.895743078467
2030-06-08 08:00:00+00:00,0.5513563679029202,8465.346041107188
2030-06-08 09:00:00+00:00,1.1007372134106546,8465.796199441016
2030-06-08 10:00:00+00:00,1.5990033860278738,8466.246222872562
2030-06-08 11:00:00+00:00,2.172184381853015,8466.696118014708
2030-06-08 12:00:00+00:00,2.7487609588850637,8467.145901751448
2030-06-08 13:00:00+00:00,3.3627290000870054,8467.595588489312
2030-06-08 14:00:00+00:00,3.887102714211158,8468.045689729048
2030-06-08 15:00:00+00:00,4.323430240834487,8468.49638803958
2030-06-08 16:00:00+00:00,4.365416139610613,8468.948008657093
2030-06-08 17:00:00+00:00,4.365083311468429,8469.399545844812
2030-06-08 18:00:00+00:00,4.364983107850805,8469.850938441989
2030-06-08 19:00:00+00:00,4.365198054019362,8470.302178663522
2030-06-08 20:00:00+00:00,4.364549132114938,8470.75323259855
2030-06-08 21:00:00+00:00,4.36360156820112,8471.204113868516
2030-06-08 22:00:00+00:00,4.363061299489558,8471.654826030013
2030-06-08 23:00:00+00:00,4.362681804583232,8472.105377027023
2030-06-09 00:00:00+00:00,4.362393794737358,8472.555763400584
2030-06-09 01:00:00+00:00,4.362166912482301,8473.005990398862
2030-06-09 02:00:00+00:00,4.361987132665334,8473.456056793542
2030-06-09 03:00:00+00:00,4.361845453611069,8473.9059614596
2030-06-09 04:00:00+00:00,4.361737520100213,8474.355713944393
2030-06-09 05:00:00+00:00,4.361654864834523,8474.80535452577
2030-06-09 06:00:00+00:00,4.3616025851082645,8475.255035004608
2030-06-09 07:00:00+00:00,4.361557727258676,8475.70539225983
2030-06-09 08:00:00+00:00,4.361711380289312,8476.156221732654
2030-06-09 09:00:00+00:00,4.361909314879847,8476.60759060072
2030-06-09 10:00:00+00:00,4.362155598578777,8477.05952903829
2030-06-09 11:00:00+00:00,4.3624494248087196,8477.511926128127
2030-06-09 12:00:00+00:00,4.362836788577811,8477.964693877033
2030-06-09 13:00:00+00:00,4.363369205750185,8478.418051274177
2030-06-09 14:00:00+00:00,4.364289603041632,8478.87206799748
2030-06-09 15:00:00+00:00,4.365441188344021,8479.326239620244
2030-06-09 16:00:00+00:00,4.365435881853709,8479.778888111221
2030-06-09 17:00:00+00:00,4.365436367055886,8480.225141548253
2030-06-09 18:00:00+00:00,4.3654046037120775,8479.571537127254
2030-06-09 19:00:00+00:00,4.3653905225207295,8478.917899363349
2030-06-09 20:00:00+00:00,4.36538390972464,8478.26431519812
2030-06-09 21:00:00+00:00,4.3653818171711904,8477.61072792023
2030-06-09 22:00:00+00:00,4.3653931127044165,8476.95782705077
2030-06-09 23:00:00+00:00,4.365419807851635,8476.304859879892
2030-06-10 00:00:00+00:00,4.3654216291439045,8475.650566523254
2030-06-10 01:00:00+00:00,4.365423281925822,8474.995854585726
2030-06-10 02:00:00+00:00,4.365440025860232,8474.341009776703
2030-06-10 03:00:00+00:00,4.3654074902251985,8473.685228581675
2030-06-10 04:00:00+00:00,4.365395254097969,8473.029375701788
2030-06-10 05:00:00+00:00,4.365387660804654,8472.373441749567
2030-06-10 06:00:00+00:00,4.3653823942862955,8471.717389709758
2030-06-10 07:00:00+00:00,4.365378742091218,8471.061190180388
2030-06-10 08:00:00+00:00,4.365376415531352,8470.40484842486
2030-06-10 09:00:00+00:00,4.365375182569872,8469.748370830299
2030-06-10 10:00:00+00:00,4.365374964639149,8469.091765858728
2030-06-10 11:00:00+00:00,4.365375648003996,8468.435047213645
2030-06-10 12:00:00+00:00,4.365377183354636,8467.778167724568
2030-06-10 13:00:00+00:00,4.365379911514499,8467.121118190742
2030-06-10 14:00:00+00:00,4.36539439979643,8466.463955516645
2030-06-10 15:00:00+00:00,4.3654201681871605,8465.806640824936
2030-06-10 16:00:00+00:00,4.365437742759623,8465.14913354981
2030-06-10 17:00:00+00:00,4.062310771907273,8464.491300715335
2030-06-10 18:00:00+00:00,3.615159638945794,8463.833306892107
2030-06-10 19:00:00+00:00,3.031245505596221,8463.175149291761
2030-06-10 20:00:00+00:00,2.5000835510410537,8462.516828918991
2030-06-10 21:00:00+00:00,2.195861803197027,8461.858345077988
2030-06-10 22:00:00+00:00,1.9360126070507624,8461.199693661965
2030-06-10 23:00:00+00:00,1.6870190877792073,8460.54087472126
2030-06-11 00:00:00+00:00,1.4687375725801446,8459.88188874342
2030-06-11 01:00:00+00:00,1.25434278805504,8459.222737020207
2030-06-11 02:00:00+00:00,1.0024150068972832,8458.56342350986
2030-06-11 03:00:00+00:00,0.7455591820410353,8457.903950166445
2030-06-11 04:00:00+00:00,0.4105982390347641,8457.24431607139
2030-06-11 05:00:00+00:00,0.031899525281357255,8456.584522021867
2030-06-11 06:00:00+00:00,4.770701935993884e-06,8455.924577157759
2030-06-11 07:00:00+00:00,1.3382626198454892e-05,8455.264634128784
2030-06-11 08:00:00+00:00,1.5298546985508257e-05,8454.60453762116
2030-06-11 09:00:00+00:00,1.1839450662793961e-05,8453.944274117775
2030-06-11 10:00:00+00:00,2.995082710637997e-06,8453.283927696953
2030-06-11 11:00:00+00:00,5.434141864067049e-05,8452.624524859159
2030-06-11 12:00:00+00:00,7.553622483405398e-05,8451.96501178281
2030-06-11 13:00:00+00:00,7.877883828619005e-05,8451.30518444477
2030-06-11 14:00:00+00:00,8.005590995470084e-05,8450.645287573037
2030-06-11 15:00:00+00:00,8.615218892889205e-05,8449.985464375299
2030-06-11 16:00:00+00:00,8.377133215161873e-05,8449.325312955987
2030-06-11 17:00:00+00:00,7.859224394963998e-05,8448.665023527605
2030-06-11 18:00:00+00:00,7.03275565984026e-05,8448.004609773083
2030-06-11 19:00:00+00:00,5.66828816683747e-05,8447.344049777124
2030-06-11 20:00:00+00:00,2.876811300497469e-05,8446.683335256981
2030-06-11 21:00:00+00:00,3.1780807904806574e-06,8446.022809665712
2030-06-11 22:00:00+00:00,2.7384968470117736e-06,8446.469018477803
2030-06-11 23:00:00+00:00,1.6738526830620793e-05,8446.917009348159
2030-06-12 00:00:00+00:00,0.0012160805053815411,8447.364955049881
2030-06-12 01:00:00+00:00,0.0016132405054459181,8447.812751023024
2030-06-12 02:00:00+00:00,0.0018086646209796704,8448.260397489541
2030-06-12 03:00:00+00:00,0.001710250553295873,8448.70788990969
2030-06-12 04:00:00+00:00,0.0015025529919062378,8449.155226169289
2030-06-12 05:00:00+00:00,0.0010972416642879394,8449.602407560344
2030-06-12 06:00:00+00:00,3.3106341630788374e-05,8450.049435974368
2030-06-12 07:00:00+00:00,0.3943521088475319,8450.49637599318
2030-06-12 08:00:00+00:00,0.7993149806501261,8450.943214237546
2030-06-12 09:00:00+00:00,1.1829428508569628,8451.389961943336
2030-06-12 10:00:00+00:00,1.5473411815245817,8451.83661127285
2030-06-12 11:00:00+00:00,1.550555050972392,8452.283137240014
2030-06-12 12:00:00+00:00,1.7847436671479544,8452.729551835595
2030-06-12 13:00:00+00:00,2.6501958367580905,8453.175837540386
2030-06-12 14:00:00+00:00,3.515630072589873,8453.621988652403
2030-06-12 15:00:00+00:00,4.033802910698151,8454.067994695655
2030-06-12 16:00:00+00:00,4.365409048008257,8454.51389197139
2030-06-12 17:00:00+00:00,4.361576811638986,8454.959618154622
2030-06-12 18:00:00+00:00,4.359612556391685,8455.405199305198
2030-06-12 19:00:00+00:00,4.358207153748744,8455.850659690666
2030-06-12 20:00:00+00:00,4.357112023116398,8456.29598167904
2030-06-12 21:00:00+00:00,4.356299631115304,8456.741153858362
2030-06-12 22:00:00+00:00,4.355998872952889,8457.186167463922
2030-06-12 23:00:00+00:00,4.355738661209616,8457.631019493132
2030-06-13 00:00:00+00:00,4.355513967260698,8458.075710200317
2030-06-13 01:00:00+00:00,4.355318748881926,8458.520246627822
2030-06-13 02:00:00+00:00,4.355150901175829,8458.964652543511
2030-06-13 03:00:00+00:00,4.354716657741938,8459.409004221285
2030-06-13 04:00:00+00:00,4.354324795198692,8459.853414829344
2030-06-13 05:00:00+00:00,4.353973699577754,8460.297986793568
2030-06-13 06:00:00+00:00,4.325315479522053,8460.742446526929
2030-06-13 07:00:00+00:00,4.30958922379123,8461.186798204897
2030-06-13 08:00:00+00:00,4.3070490517224345,8461.63099105559
2030-06-13 09:00:00+00:00,4.2976030308845985,8462.075090376924
2030-06-13 10:00:00+00:00,4.288361649289297,8462.519100884612
2030-06-13 11:00:00+00:00,4.08609035572267,8462.96310096616
2030-06-13 12:00:00+00:00,4.078647538148101,8463.407068909006
2030-06-13 13:00:00+00:00,4.071477142821065,8463.851218904898
2030-06-13 14:00:00+00:00,4.064597057375469,8464.295805874837
2030-06-13 15:00:00+00:00,4.064304987537505,8464.741309579114
2030-06-13 16:00:00+00:00,4.064004679589065,8465.188629144293
2030-06-13 17:00:00+00:00,4.364833318461614,8465.63791237719
2030-06-13 18:00:00+00:00,4.3646977147296875,8466.088512792403
2030-06-13 19:00:00+00:00,4.364800449734264,8466.540158053616
2030-06-13 20:00:00+00:00,4.365429367977103,8466.991801406868
2030-06-13 21:00:00+00:00,4.365383565115977,8467.44318836947
2030-06-13 22:00:00+00:00,4.36538102332723,8467.894397787923
2030-06-13 23:00:00+00:00,4.365284219905242,8468.345397433193
2030-06-14 00:00:00+00:00,4.365263052366324,8468.796240727299
2030-06-14 01:00:00+00:00,4.251812516078167,8469.246863367984
2030-06-14 02:00:00+00:00,4.053797219318257,8469.69733233066
2030-06-14 03:00:00+00:00,3.8449537541814127,8470.147648685908
2030-06-14 04:00:00+00:00,2.6903669920221245,8470.597775183229
2030-06-14 05:00:00+00:00,1.535700859731103,8471.0476253226
2030-06-14 06:00:00+00:00,0.38105233695482743,8471.497397036543
2030-06-14 07:00:00+00:00,8.860211304158486e-06,8471.94714006461
2030-06-14 08:00:00+00:00,0.00046771262934747806,8472.396986931159
2030-06-14 09:00:00+00:00,0.001440290273054409,8472.846717636978
2030-06-14 10:00:00+00:00,0.0019180247045205137,8473.296303460544
2030-06-14 11:00:00+00:00,0.0021836047345153977,8473.745742946026
2030-06-14 12:00:00+00:00,0.002377301953243783,8474.195038135462
2030-06-14 13:00:00+00:00,0.0025178696856696025,8474.644186686495
2030-06-14 14:00:00+00:00,0.0026230258819464,8475.093171555032
2030-06-14 15:00:00+00:00,0.0026890749056938594,8475.541991577646
2030-06-14 16:00:00+00:00,0.0025772395958146874,8475.990656999698
2030-06-14 17:00:00+00:00,0.0024544755498011163,8476.43917632383
2030-06-14 18:00:00+00:00,0.00196181664434838,8476.887542660485
2030-06-14 19:00:00+00:00,0.001712305712114536,8477.335765789052
2030-06-14 20:00:00+00:00,0.0012432478467045783,8477.783839768925
2030-06-14 21:00:00+00:00,2.4729011065463453e-05,8478.231766173561
2030-06-14 22:00:00+00:00,0.004204144386254395,8478.679611572521
2030-06-14 23:00:00+00:00,0.10459878477496143,8479.127313745817
2030-06-15 00:00:00+00:00,0.3541161604066283,8479.574869601323
2030-06-15 01:00:00+00:00,0.6996305090475012,8480.022278876562
2030-06-15 02:00:00+00:00,1.0194181366548145,8480.469543835265
2030-06-15 03:00:00+00:00,1.3115764615276955,8480.916665118588
2030-06-15 04:00:00+00:00,1.5944978205685145,8481.363641140626
2030-06-15 05:00:00+00:00,1.9051437714047827,8481.810473300488
2030-06-15 06:00:00+00:00,2.0268462680178354,8482.257165685234
2030-06-15 07:00:00+00:00,0.8777268105499413,8482.703722435876
2030-06-15 08:00:00+00:00,0.9815681019343453,8483.150157638634
2030-06-15 09:00:00+00:00,1.3091018017608862,8483.59649823622
2030-06-15 10:00:00+00:00,1.6593276047438645,8484.042767195948
2030-06-15 11:00:00+00:00,2.1657376642762944,8484.488962188678
2030-06-15 12:00:00+00:00,2.6884057898140528,8484.93509631929
2030-06-15 13:00:00+00:00,3.16325661231104,8485.381149073068
2030-06-15 14:00:00+00:00,3.6203886144508597,8485.826549684502
2030-06-15 15:00:00+00:00,4.052191200872388,8486.271102561128
2030-06-15 16:00:00+00:00,4.320665659762392,8486.714477191314
2030-06-15 17:00:00+00:00,3.854681988669875,8487.157605158127
2030-06-15 18:00:00+00:00,4.365414431345686,8487.600595934835
2030-06-15 19:00:00+00:00,4.3648257454257795,8488.043403066882
2030-06-15 20:00:00+00:00,4.364220138950837,8488.48607738271
2030-06-15 21:00:00+00:00,4.363972159669129,8488.92862265265
2030-06-15 22:00:00+00:00,4.363868399876439,8489.371040561813
2030-06-15 23:00:00+00:00,4.363877836595127,8489.813331062807
2030-06-16 00:00:00+00:00,4.3643124026773465,8490.255496454349
2030-06-16 01:00:00+00:00,4.3642422194293236,8490.697519840147
2030-06-16 02:00:00+00:00,4.364294214901933,8491.139410083297
2030-06-16 03:00:00+00:00,4.364520856237843,8491.581168885516
2030-06-16 04:00:00+00:00,4.253746965381483,8492.022764914684
2030-06-16 05:00:00+00:00,3.2346539133574095,8492.464172570146
2030-06-16 06:00:00+00:00,2.6029408713815627,8492.90523985823
2030-06-16 07:00:00+00:00,2.6033082879917147,8493.345339805948
2030-06-16 08:00:00+00:00,2.6087201725258278,8493.784666984973
2030-06-16 09:00:00+00:00,3.2196900109484234,8494.223152461595
2030-06-16 10:00:00+00:00,3.5867127519025224,8494.660764224618
2030-06-16 11:00:00+00:00,4.16222994942288,8495.097621887186
2030-06-16 12:00:00+00:00,4.35111295747828,8495.533807245893
2030-06-16 13:00:00+00:00,4.365406524711349,8495.969094587403
2030-06-16 14:00:00+00:00,4.365402623154184,8496.40336848002
2030-06-16 15:00:00+00:00,4.365441838849526,8496.837147777089
2030-06-16 16:00:00+00:00,4.365430647887061,8496.162808500501
2030-06-16 17:00:00+00:00,4.231121598235941,8495.48656009924
2030-06-16 18:00:00+00:00,3.6756251478722013,8494.810021030517
2030-06-16 19:00:00+00:00,2.521099388268121,8494.133000981286
2030-06-16 20:00:00+00:00,1.3665700502309934,8493.455632188114
2030-06-16 21:00:00+00:00,0.21454076144687045,8492.778016289538
2030-06-16 22:00:00+00:00,0.11894529878831205,8492.09995885554
2030-06-16 23:00:00+00:00,0.0011965816404048556,8491.421674173656
2030-06-17 00:00:00+00:00,0.0008508134987381304,8490.743170750986
2030-06-17 01:00:00+00:00,0.0006913858998546309,8490.064498860507
2030-06-17 02:00:00+00:00,0.0005444030998774649,8489.385645333423
2030-06-17 03:00:00+00:00,0.0005103429753636553,8488.706803500792
2030-06-17 04:00:00+00:00,0.0004797016887193618,8488.027764232253
2030-06-17 05:00:00+00:00,0.00015254134899606828,8487.34826704706
2030-06-17 06:00:00+00:00,0.00010412715661848762,8486.668819578867
2030-06-17 07:00:00+00:00,7.959764749294388e-05,8485.989579033405
2030-06-17 08:00:00+00:00,0.343730432323411,8485.323087240966
2030-06-17 09:00:00+00:00,0.7583912960099217,8484.656422994409
2030-06-17 10:00:00+00:00,1.071555777634898,8483.98958345335
2030-06-17 11:00:00+00:00,1.2752058011122442,8483.322544153358
2030-06-17 12:00:00+00:00,1.5489933546062709,8482.655358262971
2030-06-17 13:00:00+00:00,2.3529399840342142,8481.988062094415
2030-06-17 14:00:00+00:00,3.2189117312269357,8481.417203196233
2030-06-17 15:00:00+00:00,4.084883350300725,8480.845182910509
2030-06-17 16:00:00+00:00,4.363640382661272,8480.177373692331
2030-06-17 17:00:00+00:00,4.3636443797254385,8479.498558174782
2030-06-17 18:00:00+00:00,4.363649692134108,8478.819580203834
2030-06-17 19:00:00+00:00,4.363655392533489,8478.140479487443
2030-06-17 20:00:00+00:00,4.363660836600016,8477.461261003178
2030-06-17 21:00:00+00:00,4.363674754641398,8476.78286509624
2030-06-17 22:00:00+00:00,4.363688953318682,8476.104295151023
2030-06-17 23:00:00+00:00,4.3637036560585765,8475.425583478289
2030-06-18 00:00:00+00:00,4.36371839511501,8474.746732968159
2030-06-18 01:00:00+00:00,4.363725799580243,8474.066861122586
2030-06-18 02:00:00+00:00,4.363733763128327,8473.386846934436
2030-06-18 03:00:00+00:00,4.363742126359897,8472.706690350704
2030-06-18 04:00:00+00:00,4.36375106339921,8472.02638642128
2030-06-18 05:00:00+00:00,4.36374316529782,8471.344386889816
2030-06-18 06:00:00+00:00,4.3637523646589775,8470.663792228888
2030-06-18 07:00:00+00:00,4.3637802552408145,8469.984607890772
2030-06-18 08:00:00+00:00,4.364235574991602,8469.308940028985
2030-06-18 09:00:00+00:00,4.36506614389253,8468.633141433522
2030-06-18 10:00:00+00:00,4.3650942134473905,8467.953427620527
2030-06-18 11:00:00+00:00,4.365134111537386,8467.27350727756
2030-06-18 12:00:00+00:00,4.365186107546003,8466.593380266673
2030-06-18 13:00:00+00:00,4.365260269236488,8465.91303079056
2030-06-18 14:00:00+00:00,4.365413200920532,8465.232426581262
2030-06-18 15:00:00+00:00,4.365440873583099,8464.549035144573
2030-06-18 16:00:00+00:00,4.0210759028249985,8463.86289633716
2030-06-18 17:00:00+00:00,3.6257638408530175,8463.176550834836
2030-06-18 18:00:00+00:00,3.278051590240542,8462.490012246883
2030-06-18 19:00:00+00:00,3.017649746974641,8461.803301876638
2030-06-18 20:00:00+00:00,2.7825312916989855,8461.11642718326
2030-06-18 21:00:00+00:00,2.572381797879366,8460.429385426853
2030-06-18 22:00:00+00:00,2.3364318322837616,8459.742186812993
2030-06-18 23:00:00+00:00,2.0910072767176167,8459.054864440139
2030-06-19 00:00:00+00:00,1.8727371832174162,8458.367393962319
2030-06-19 01:00:00+00:00,1.6883037197839061,8457.679773867314
2030-06-19 02:00:00+00:00,1.496105617452265,8456.991990544537
2030-06-19 03:00:00+00:00,1.2417431414874656,8456.304043986764
2030-06-19 04:00:00+00:00,0.9750561819904615,8455.615937351056
2030-06-19 05:00:00+00:00,0.5867664821435854,8454.927671308798
2030-06-19 06:00:00+00:00,0.14561640727419023,8454.239247997317
2030-06-19 07:00:00+00:00,6.240665360561162e-06,8453.550656609776
2030-06-19 08:00:00+00:00,3.551983892007982e-05,8452.862461476367
2030-06-19 09:00:00+00:00,0.00017139849265713057,8452.174288683133
2030-06-19 10:00:00+00:00,0.0002336723263200601,8451.485889637037
2030-06-19 11:00:00+00:00,0.0002838334590797454,8450.797314489893
2030-06-19 12:00:00+00:00,0.00032507312201497586,8450.10858710854
2030-06-19 13:00:00+00:00,0.000335159198253712,8449.419558570915
2030-06-19 14:00:00+00:00,0.0003558734114788247,8448.73057878623
2030-06-19 15:00:00+00:00,0.0003641577957456521,8448.041402771702
2030-06-19 16:00:00+00:00,0.00038936399485389907,8447.352191483706
2030-06-19 17:00:00+00:00,0.00039775430147798483,8446.6626921311
2030-06-19 18:00:00+00:00,0.0004054089866900419,8445.97301446529
2030-06-19 19:00:00+00:00,0.0004118719060701761,8445.283142891523
2030-06-19 20:00:00+00:00,0.0004269943202231108,8444.593230027573
2030-06-19 21:00:00+00:00,0.0004408935160778712,8443.903151110559
2030-06-19 22:00:00+00:00,0.00044558382486164697,8443.21295607412
2030-06-19 23:00:00+00:00,0.0004570802770174097,8442.523258195122
2030-06-20 00:00:00+00:00,0.00046703854314400224,8441.833457763043
2030-06-20 01:00:00+00:00,0.0004761180057053496,8441.143522283373
2030-06-20 02:00:00+00:00,0.000484611441976235,8440.45339830216
2030-06-20 03:00:00+00:00,0.0004927575480037304,8439.763008093023
2030-06-20 04:00:00+00:00,0.0004934072150152596,8439.072074687601
2030-06-20 05:00:00+00:00,0.0004937674230307295,8438.380770313313
2030-06-20 06:00:00+00:00,0.0004936697626385845,8437.689666971046
2030-06-20 07:00:00+00:00,0.0004932190100980098,8436.999188526757
2030-06-20 08:00:00+00:00,0.000498654673491376,8436.310008187775
2030-06-20 09:00:00+00:00,0.0005034591065378651,8435.621189185073
2030-06-20 10:00:00+00:00,0.0005079975472970521,8434.932428469556
2030-06-20 11:00:00+00:00,0.0005120567464988053,8434.243590673344
2030-06-20 12:00:00+00:00,0.0005151231680944249,8433.554582256325
2030-06-20 13:00:00+00:00,0.0005177267601907443,8432.865118366497
2030-06-20 14:00:00+00:00,0.0005197556996374585,8432.17490635833
2030-06-20 15:00:00+00:00,0.0005545692107355785,8431.484011539531
2030-06-20 16:00:00+00:00,0.0005560789612909673,8430.791333943946
2030-06-20 17:00:00+00:00,0.0005534194806777634,8430.098476459436
2030-06-20 18:00:00+00:00,0.0005276843824655773,8429.407657834414
2030-06-20 19:00:00+00:00,0.0005006758412755737,8428.715967675304
2030-06-20 20:00:00+00:00,0.00047362157362504793,8428.025211609713
2030-06-20 21:00:00+00:00,0.0003419117626286292,8427.335869601395
2030-06-20 22:00:00+00:00,0.0003049007012202406,8426.648033542457
2030-06-20 23:00:00+00:00,0.0002594980672916907,8425.961324689633
2030-06-21 00:00:00+00:00,0.0001989103346520438,8425.2754119002
2030-06-21 01:00:00+00:00,9.967747086004007e-05,8424.589844992464
2030-06-21 02:00:00+00:00,9.954468763464632e-05,8423.904968135514
2030-06-21 03:00:00+00:00,9.702414399595772e-05,8423.220205824033
2030-06-21 04:00:00+00:00,8.467252412515184e-05,8422.535383749984
2030-06-21 05:00:00+00:00,6.695476849856078e-05,8421.850684600518
2030-06-21 06:00:00+00:00,3.0555797011833635e-05,8421.166118376414
2030-06-21 07:00:00+00:00,3.7472056162370794e-06,8420.481902861568
2030-06-21 08:00:00+00:00,1.9154424427806577e-06,8420.901228296629
2030-06-21 09:00:00+00:00,0.00013881148238944937,8421.325959711854
2030-06-21 10:00:00+00:00,0.0006471400977867729,8421.750741790956
2030-06-21 11:00:00+00:00,0.0008200407632549142,8422.175767736037
2030-06-21 12:00:00+00:00,0.0007855167922500883,8422.60098786533
2030-06-21 13:00:00+00:00,0.0006756863423730114,8423.02634295136
2030-06-21 14:00:00+00:00,0.0005497720512285415,8423.451652077756
2030-06-21 15:00:00+00:00,0.844818522581635,8423.876955929172
2030-06-21 16:00:00+00:00,0.8451952070394662,8424.302548384769
2030-06-21 17:00:00+00:00,0.8456248956893367,8424.728131294225
2030-06-21 18:00:00+00:00,0.8460733014460718,8425.153593869385
2030-06-21 19:00:00+00:00,0.8461802834931887,8425.578914381882
2030-06-21 20:00:00+00:00,0.42667742828405686,8426.004069348877
2030-06-21 21:00:00+00:00,1.5183655071051069e-05,8426.429065990958
2030-06-21 22:00:00+00:00,0.0010655596985151982,8426.853997676968
2030-06-21 23:00:00+00:00,0.2529915965016621,8427.278768262928
2030-06-22 00:00:00+00:00,0.7315934892794667,8427.703375173684
2030-06-22 01:00:00+00:00,1.1465252824752827,8428.127817620822
2030-06-22 02:00:00+00:00,1.5289942203227769,8428.552093703254
2030-06-22 03:00:00+00:00,1.8973131142865356,8428.976203453
2030-06-22 04:00:00+00:00,2.235288119133733,8429.400147369368
2030-06-22 05:00:00+00:00,2.577800412196881,8429.82392808983
2030-06-22 06:00:00+00:00,1.5121164060472028,8430.247545750004
2030-06-22 07:00:00+00:00,1.5464856249019472,8430.671056728597
2030-06-22 08:00:00+00:00,1.6558864711191161,8431.0945426621
2030-06-22 09:00:00+00:00,1.799289689815505,8431.517912265304
2030-06-22 10:00:00+00:00,1.8755104292984563,8431.94111439413
2030-06-22 11:00:00+00:00,2.10655671565385,8432.364137157741
2030-06-22 12:00:00+00:00,2.2087063248333556,8432.78692805288
2030-06-22 13:00:00+00:00,2.290538495858408,8433.209501760122
2030-06-22 14:00:00+00:00,2.412877328203887,8433.631875948713
2030-06-22 15:00:00+00:00,2.6094225481754907,8434.054051322306
2030-06-22 16:00:00+00:00,2.1483960459803724,8434.476032517714
2030-06-22 17:00:00+00:00,2.2768443845057305,8434.897850875082
2030-06-22 18:00:00+00:00,2.7905464391443418,8435.31950880263
2030-06-22 19:00:00+00:00,3.3251059414054467,8435.741055736835
2030-06-22 20:00:00+00:00,3.752221819449359,8436.162540057556
2030-06-22 21:00:00+00:00,3.3786445652817343,8436.583984736555
2030-06-22 22:00:00+00:00,2.4965981048678145,8437.005413207224
2030-06-22 23:00:00+00:00,1.6103186785553127,8437.426839319829
2030-06-23 00:00:00+00:00,0.7441086331283269,8437.848343750502
2030-06-23 01:00:00+00:00,0.2866095111984737,8438.269925340948
2030-06-23 02:00:00+00:00,0.4879402582941202,8438.69165595114
2030-06-23 03:00:00+00:00,0.6338960641225247,8439.113505744277
2030-06-23 04:00:00+00:00,0.7668271465038636,8439.53543208748
2030-06-23 05:00:00+00:00,0.9150180155597002,8439.957327112332
2030-06-23 06:00:00+00:00,1.053583960926924,8440.3792405352
2030-06-23 07:00:00+00:00,1.1741847567724741,8440.801134149644
2030-06-23 08:00:00+00:00,1.2670318915240153,8441.223022680571
2030-06-23 09:00:00+00:00,1.3666507861421846,8441.644842143482
2030-06-23 10:00:00+00:00,1.456050918660315,8442.066641049543
2030-06-23 11:00:00+00:00,1.5189950120751232,8442.488715796893
2030-06-23 12:00:00+00:00,1.6130416485875796,8442.911040350864
2030-06-23 13:00:00+00:00,1.722483007533094,8443.333804833585
2030-06-23 14:00:00+00:00,1.8297731987741033,8443.756937387045
2030-06-23 15:00:00+00:00,1.942697758033772,8444.180219901098
2030-06-23 16:00:00+00:00,2.167559263816554,8444.603686496988
2030-06-23 17:00:00+00:00,2.3442082150747887,8445.027321364405
2030-06-23 18:00:00+00:00,2.502464632897283,8445.451051890992
2030-06-23 19:00:00+00:00,2.6552573011325102,8445.874674529157
2030-06-23 20:00:00+00:00,2.8085741304807947,8446.298162508037
2030-06-23 21:00:00+00:00,2.9753450593751998,8446.721504126464
2030-06-23 22:00:00+00:00,3.162034121061795,8447.144738006495
2030-06-23 23:00:00+00:00,3.3608514670589487,8447.567837817593
2030-06-24 00:00:00+00:00,3.5682961041814485,8447.99081554706
2030-06-24 01:00:00+00:00,3.8004722436041813,8448.413667901508
2030-06-24 02:00:00+00:00,4.0788584408210475,8448.836414425345
2030-06-24 03:00:00+00:00,4.3654191230948935,8449.259062871888
2030-06-24 04:00:00+00:00,4.365351655730404,8449.681595796761
2030-06-24 05:00:00+00:00,4.365058172369917,8450.104023671214
2030-06-24 06:00:00+00:00,4.364887809257269,8450.526337467281
2030-06-24 07:00:00+00:00,4.364981368315136,8450.948861488238
2030-06-24 08:00:00+00:00,4.3654326345708965,8451.37141660006
2030-06-24 09:00:00+00:00,4.36521334489415,8451.793691208362
2030-06-24 10:00:00+00:00,4.365126890793221,8452.215888427912
2030-06-24 11:00:00+00:00,4.365109239262459,8452.638034358575
2030-06-24 12:00:00+00:00,4.365119981915743,8453.060131254244
2030-06-24 13:00:00+00:00,4.365157461257788,8453.482195355322
2030-06-24 14:00:00+00:00,4.365242398636363,8453.904192533679
2030-06-24 15:00:00+00:00,4.365441240793052,8454.326173518608
2030-06-24 16:00:00+00:00,4.365434427548714,8454.306084907414
2030-06-24 17:00:00+00:00,4.365434372083068,8453.621578288443
2030-06-24 18:00:00+00:00,4.365439028220441,8452.934754632239
2030-06-24 19:00:00+00:00,3.7790460216728357,8452.2464487103
2030-06-24 20:00:00+00:00,3.2008278729267046,8451.557983316394
2030-06-24 21:00:00+00:00,2.860671082427122,8450.869360376644
2030-06-24 22:00:00+00:00,2.6135020414781023,8450.180589583462
2030-06-24 23:00:00+00:00,2.2470591546988534,8449.491675936153
2030-06-25 00:00:00+00:00,1.9054593912669853,8448.802617745283
2030-06-25 01:00:00+00:00,1.5756132001561332,8448.113416827637
2030-06-25 02:00:00+00:00,1.281597309358576,8447.424073714705
2030-06-25 03:00:00+00:00,1.280886720960951,8446.734595093672
2030-06-25 04:00:00+00:00,0.9095132568223878,8446.04500142696
2030-06-25 05:00:00+00:00,0.3904880659241089,8445.355326479788
2030-06-25 06:00:00+00:00,7.810920382595611e-05,8444.665592933205
2030-06-25 07:00:00+00:00,1.736048924231223e-05,8443.975849075749
2030-06-25 08:00:00+00:00,0.5791088504079036,8443.286983700995
2030-06-25 09:00:00+00:00,1.2356317780455865,8442.59800070606
2030-06-25 10:00:00+00:00,1.6993136236902409,8441.908934874251
2030-06-25 11:00:00+00:00,2.1283372064471435,8441.219750838522
2030-06-25 12:00:00+00:00,2.545658306298102,8440.530464827805
2030-06-25 13:00:00+00:00,2.997964580709344,8439.841110906695
2030-06-25 14:00:00+00:00,3.483749810078154,8439.151712517692
2030-06-25 15:00:00+00:00,3.9743806204924543,8438.462353857609
2030-06-25 16:00:00+00:00,4.365431741329106,8437.77298682967
2030-06-25 17:00:00+00:00,4.36540888799356,8437.082570252298
2030-06-25 18:00:00+00:00,4.02081694072831,8436.391962179481
2030-06-25 19:00:00+00:00,3.674375861039606,8435.701234486023
2030-06-25 20:00:00+00:00,3.3488629557809833,8435.010372363855
2030-06-25 21:00:00+00:00,3.042148942195084,8434.319369908591
2030-06-25 22:00:00+00:00,2.752506184540285,8433.628218964885
2030-06-25 23:00:00+00:00,2.450988384763887,8432.936890105751
2030-06-26 00:00:00+00:00,2.1445000080456635,8432.245406965563
2030-06-26 01:00:00+00:00,1.8422611010594308,8431.553771625811
2030-06-26 02:00:00+00:00,1.549466378468712,8430.861995939973
2030-06-26 03:00:00+00:00,1.2370615843965183,8430.170081427626
2030-06-26 04:00:00+00:00,0.8941445934705146,8429.478026460301
2030-06-26 05:00:00+00:00,0.4931970151001681,8428.785833176731
2030-06-26 06:00:00+00:00,8.835980899779893e-06,8428.09350761306
2030-06-26 07:00:00+00:00,8.019190820322096e-06,8427.401537645024
2030-06-26 08:00:00+00:00,6.117124981283684e-05,8426.710996262014
2030-06-26 09:00:00+00:00,8.179116175535719e-05,8426.02032799441
2030-06-26 10:00:00+00:00,9.558600913611115e-05,8425.329566874292
2030-06-26 11:00:00+00:00,9.641668391522913e-05,8424.638263604482
2030-06-26 12:00:00+00:00,9.312483771474143e-05,8423.946738405453
2030-06-26 13:00:00+00:00,8.890511967230374e-05,8423.255179030519
2030-06-26 14:00:00+00:00,9.755564811817989e-05,8422.56443705697
2030-06-26 15:00:00+00:00,9.465301682730542e-05,8421.872884641318
2030-06-26 16:00:00+00:00,0.00010576691625835574,8421.182692062486
2030-06-26 17:00:00+00:00,0.0001128268366899795,8420.492349229746
2030-06-26 18:00:00+00:00,0.00010911117971535872,8419.80099229876
2030-06-26 19:00:00+00:00,0.00010248586199468508,8419.10950500886
2030-06-26 20:00:00+00:00,0.00010367624050885367,8418.419322491134
2030-06-26 21:00:00+00:00,0.00010051223497640077,8417.728902825736
2030-06-26 22:00:00+00:00,0.00010883273416239282,8417.043117671315
2030-06-26 23:00:00+00:00,0.00011418014678547133,8416.357818366185
2030-06-27 00:00:00+00:00,0.00013535091964017972,8415.772984546202
2030-06-27 01:00:00+00:00,0.0001522887401850412,8415.741804208368
2030-06-27 02:00:00+00:00,0.00016430395390803248,8415.683184084839
2030-06-27 03:00:00+00:00,0.0001710810342547857,8415.102538472247
2030-06-27 04:00:00+00:00,0.0001740572916706977,8414.469375003888
2030-06-27 05:00:00+00:00,0.00017461862720951767,8413.836571057753
2030-06-27 06:00:00+00:00,0.00017212300926270092,8413.203622102412
2030-06-27 07:00:00+00:00,0.0001762197022285994,8413.603391214632
2030-06-27 08:00:00+00:00,0.0004242425506861544,8414.018366233653
2030-06-27 09:00:00+00:00,0.0005636658900370142,8414.432814391039
2030-06-27 10:00:00+00:00,0.0006735151279751333,8414.847082731758
2030-06-27 11:00:00+00:00,0.0007643186572562498,8415.261235687569
2030-06-27 12:00:00+00:00,0.0008420042984677101,8415.675336398286
2030-06-27 13:00:00+00:00,0.0009105374261020022,8416.089481225059
2030-06-27 14:00:00+00:00,0.0009723308851164246,8416.503605525031
2030-06-27 15:00:00+00:00,0.0010302773146806479,8416.917644495908
2030-06-27 16:00:00+00:00,0.0010166340651367122,8416.894831992215
2030-06-27 17:00:00+00:00,0.0009896362909391327,8416.2215389729
2030-06-27 18:00:00+00:00,0.0009616194506356354,8415.544180321167
2030-06-27 19:00:00+00:00,0.0009314943626545234,8414.866247022095
2030-06-27 20:00:00+00:00,0.0008991483931112806,8414.186960031851
2030-06-27 21:00:00+00:00,0.0008640599852025141,8413.505883029005
2030-06-27 22:00:00+00:00,0.0008430082019522285,8412.910888185255
2030-06-27 23:00:00+00:00,0.0008019758399101058,8412.226662990102
2030-06-28 00:00:00+00:00,0.0007570589298638824,8411.541350227604
2030-06-28 01:00:00+00:00,0.0007069631736990189,8410.855421863373
2030-06-28 02:00:00+00:00,0.0006511257647217777,8410.16915042217
2030-06-28 03:00:00+00:00,0.0005881423109350011,8409.48254500178
2030-06-28 04:00:00+00:00,0.0005160547255499143,8408.795568129648
2030-06-28 05:00:00+00:00,0.00042990032573768995,8408.10820653862
2030-06-28 06:00:00+00:00,0.00031791265812591466,8407.420442290553
2030-06-28 07:00:00+00:00,0.00012258356243242477,8406.732587042166
2030-06-28 08:00:00+00:00,4.749049878578555e-05,8407.039649996903
2030-06-28 09:00:00+00:00,4.218614090575061e-05,8407.435372441232
2030-06-28 10:00:00+00:00,1.1078797769181346e-05,8407.830751469104
2030-06-28 11:00:00+00:00,7.740008261280964e-06,8408.228937672562
2030-06-28 12:00:00+00:00,3.7589638918729435e-05,8408.627523654854
2030-06-28 13:00:00+00:00,8.362627313848318e-06,8409.025763907206
2030-06-28 14:00:00+00:00,0.00038035263659634837,8409.424165007538
2030-06-28 15:00:00+00:00,0.0004780255359524715,8409.822377692934
2030-06-28 16:00:00+00:00,0.0005297550930729659,8410.220044404467
2030-06-28 17:00:00+00:00,0.0004988681881086626,8410.617473833754
2030-06-28 18:00:00+00:00,0.0004361021510348365,8411.014758640546
2030-06-28 19:00:00+00:00,0.0003160713155754022,8411.412042396301
2030-06-28 20:00:00+00:00,1.3663002177408945e-05,8411.80942891676
2030-06-28 21:00:00+00:00,0.3506093225229474,8412.207282061421
2030-06-28 22:00:00+00:00,0.7857209065051627,8412.605942200786
2030-06-28 23:00:00+00:00,1.1289308307938235,8413.006131094791
2030-06-29 00:00:00+00:00,1.944921040203651,8413.408791852242
2030-06-29 01:00:00+00:00,2.719318120584645,8413.817686528739
2030-06-29 02:00:00+00:00,3.1240867051285,8414.240702716916
2030-06-29 03:00:00+00:00,3.492120003842151,8414.671924255996
2030-06-29 04:00:00+00:00,3.885335403622589,8415.107185817682
2030-06-29 05:00:00+00:00,4.311043992406606,8415.543509589927
2030-06-29 06:00:00+00:00,4.36536026760494,8415.980207933144
2030-06-29 07:00:00+00:00,4.365437745427395,8416.416892843376
2030-06-29 08:00:00+00:00,4.3654125809888935,8416.85321009193
2030-06-29 09:00:00+00:00,4.365350087522223,8417.289389290132
2030-06-29 10:00:00+00:00,4.365294262577647,8417.725582186366
2030-06-29 11:00:00+00:00,4.365266630607649,8418.161893932745
2030-06-29 12:00:00+00:00,4.365253461765202,8418.59821975617
2030-06-29 13:00:00+00:00,4.365252760100532,8419.034495977103
2030-06-29 14:00:00+00:00,4.365303161469765,8419.470745952558
2030-06-29 15:00:00+00:00,4.365391491881128,8419.906878871585
2030-06-29 16:00:00+00:00,4.365438412816626,8420.342802017933
2030-06-29 17:00:00+00:00,4.365424321473514,8420.772641510703
2030-06-29 18:00:00+00:00,3.713817754667155,8420.10493219113
2030-06-29 19:00:00+00:00,2.8445470086410825,8419.437039058083
2030-06-29 20:00:00+00:00,1.6901084307769632,8418.768177758982
2030-06-29 21:00:00+00:00,0.5438627190009435,8418.099755480813
2030-06-29 22:00:00+00:00,0.30639147984597104,8417.431094526912
2030-06-29 23:00:00+00:00,0.0001653071591286871,8416.762143445303
2030-06-30 00:00:00+00:00,1.11092331073776e-05,8416.096486709506
2030-06-30 01:00:00+00:00,4.528460238378915e-05,8416.52890927721
2030-06-30 02:00:00+00:00,5.215388087808265e-05,8416.960955351979
2030-06-30 03:00:00+00:00,6.0442400820585776e-05,8417.392910809675
2030-06-30 04:00:00+00:00,5.270653514254045e-05,8417.824506924802
2030-06-30 05:00:00+00:00,1.4113636669544954e-05,8418.255847510713
2030-06-30 06:00:00+00:00,3.363953828531346e-06,8418.687637738212
2030-06-30 07:00:00+00:00,0.0013557428073510572,8419.119899916053
2030-06-30 08:00:00+00:00,0.014908148854138051,8419.551888832788
2030-06-30 09:00:00+00:00,0.07554960760051782,8419.983666847585
2030-06-30 10:00:00+00:00,0.5795464053303248,8420.415190872547
2030-06-30 11:00:00+00:00,0.8944620114727431,8420.846170774052
2030-06-30 12:00:00+00:00,1.142820752785193,8421.27665342493
2030-06-30 13:00:00+00:00,1.608379193719329,8421.706493732929
2030-06-30 14:00:00+00:00,2.2960741536597262,8422.135723845327
2030-06-30 15:00:00+00:00,3.161996288607012,8422.56457649647
2030-06-30 16:00:00+00:00,4.026678930821292,8422.992963226836
2030-06-30 17:00:00+00:00,4.3654219212610705,8423.420914746668
2030-06-30 18:00:00+00:00,4.3651445430374745,8423.848389766943
2030-06-30 19:00:00+00:00,4.364942521723235,8424.275692378282
2030-06-30 20:00:00+00:00,4.364829461792841,8424.702850044083
2030-06-30 21:00:00+00:00,4.364761992830524,8425.129866308995
2030-06-30 22:00:00+00:00,4.364787472959418,8425.556731647954
2030-06-30 23:00:00+00:00,4.3648467273464195,8425.983448459183
2030-07-01 00:00:00+00:00,4.364955893860879,8426.410017542532
2030-07-01 01:00:00+00:00,4.365182183079175,8426.836448699845
2030-07-01 02:00:00+00:00,4.365437940940015,8427.262706193305
2030-07-01 03:00:00+00:00,4.3653915034567685,8427.688293326675
2030-07-01 04:00:00+00:00,4.365351056571518,8428.113536590015
2030-07-01 05:00:00+00:00,4.36532180455995,8428.538528128844
2030-07-01 06:00:00+00:00,4.365310681683585,8428.963359632118
2030-07-01 07:00:00+00:00,3.4984528621204762,8429.38737688762
2030-07-01 08:00:00+00:00,3.4984973407184126,8429.81161547623
2030-07-01 09:00:00+00:00,3.4985084682331022,8430.235675551674
2030-07-01 10:00:00+00:00,3.498552273980515,8430.659691474604
2030-07-01 11:00:00+00:00,3.4985931969126955,8431.083567544518
2030-07-01 12:00:00+00:00,4.364593172553886,8431.507860993583
2030-07-01 13:00:00+00:00,4.365308842893098,8431.931516701065
2030-07-01 14:00:00+00:00,4.365438464092,8432.3549830973
2030-07-01 15:00:00+00:00,4.3654365106151625,8432.773879886126
2030-07-01 16:00:00+00:00,4.365438616983081,8432.092958424179
2030-07-01 17:00:00+00:00,4.365439310057005,8431.407436581852
2030-07-01 18:00:00+00:00,4.365412169601693,8430.721014991468
2030-07-01 19:00:00+00:00,4.365399817716994,8430.034456162002
2030-07-01 20:00:00+00:00,4.258432012040154,8429.347686839012
2030-07-01 21:00:00+00:00,3.8015139041033796,8428.660774638394
2030-07-01 22:00:00+00:00,3.3830541845511166,8427.973719010131
2030-07-01 23:00:00+00:00,2.9914587880690604,8427.286527996486
2030-07-02 00:00:00+00:00,2.627224757332586,8426.599207364732
2030-07-02 01:00:00+00:00,2.2748465991234252,8425.91175519038
2030-07-02 02:00:00+00:00,1.915071177499665,8425.22416939768
2030-07-02 03:00:00+00:00,1.5262368651839113,8424.536445743155
2030-07-02 04:00:00+00:00,1.0763171670473146,8423.84855997593
2030-07-02 05:00:00+00:00,0.5800936331327693,8423.160476712328
2030-07-02 06:00:00+00:00,2.512029831323777e-06,8422.472177128097
2030-07-02 07:00:00+00:00,6.712207220123012e-06,8421.785180854411
2030-07-02 08:00:00+00:00,2.832858421924732e-05,8421.205744123288
2030-07-02 09:00:00+00:00,0.5769615214852927,8421.621898400545
2030-07-02 10:00:00+00:00,1.1937003942586457,8422.03789070717
2030-07-02 11:00:00+00:00,2.059706607793787,8422.456765988989
2030-07-02 12:00:00+00:00,2.9257023278660563,8422.874718009827
2030-07-02 13:00:00+00:00,3.1747153611467285,8423.290248311636
2030-07-02 14:00:00+00:00,3.366168106815781,8423.705576987297
2030-07-02 15:00:00+00:00,3.462542298140154,8424.120598933903
2030-07-02 16:00:00+00:00,3.5676282976419067,8424.535374944428
2030-07-02 17:00:00+00:00,3.765493196886514,8424.949983316661
2030-07-02 18:00:00+00:00,3.942900677885961,8425.36444322114
2030-07-02 19:00:00+00:00,4.227676581676748,8425.778769810404
2030-07-02 20:00:00+00:00,4.364755034339923,8426.192981531429
2030-07-02 21:00:00+00:00,4.364769771907304,8426.595943244018
2030-07-02 22:00:00+00:00,4.364785834318039,8426.99881459993
2030-07-02 23:00:00+00:00,4.364802601145101,8427.401597060043
2030-07-03 00:00:00+00:00,4.364870484028804,8427.812500797247
2030-07-03 01:00:00+00:00,4.36495091104939,8428.22348893422
2030-07-03 02:00:00+00:00,4.365052878291274,8428.634781560451
2030-07-03 03:00:00+00:00,4.365205346358055,8429.04659138295
2030-07-03 04:00:00+00:00,4.365212018721154,8428.466797320314
2030-07-03 05:00:00+00:00,4.365213626841163,8427.79353502477
2030-07-03 06:00:00+00:00,4.365217353382722,8427.120798300344
2030-07-03 07:00:00+00:00,4.365235638649417,8426.54281099547
2030-07-03 08:00:00+00:00,4.365263100112333,8426.496064789097
2030-07-03 09:00:00+00:00,4.3653006522571705,8426.451688471661
2030-07-03 10:00:00+00:00,4.365308069980531,8425.775309007047
2030-07-03 11:00:00+00:00,4.365321836617729,8425.10069155459
2030-07-03 12:00:00+00:00,4.3653436616550305,8424.426017871167
2030-07-03 13:00:00+00:00,4.365352106205843,8423.746957104833
2030-07-03 14:00:00+00:00,4.365405527397104,8423.071373616714
2030-07-03 15:00:00+00:00,4.365396348751373,8422.388670684079
2030-07-03 16:00:00+00:00,4.36427624181283,8421.704966234982
2030-07-03 17:00:00+00:00,3.9811209828442067,8421.0211695578
2030-07-03 18:00:00+00:00,3.538735494947317,8420.337310959492
2030-07-03 19:00:00+00:00,3.0705468467849864,8419.653509740101
2030-07-03 20:00:00+00:00,2.6763370084102402,8418.969601522558
2030-07-03 21:00:00+00:00,2.3122337582547554,8418.285567802322
2030-07-03 22:00:00+00:00,2.0123743908569804,8417.601338033679
2030-07-03 23:00:00+00:00,1.9361320508276303,8416.916841243716
2030-07-04 00:00:00+00:00,1.9353414978473567,8416.23164974806
2030-07-04 01:00:00+00:00,1.8381089498526948,8415.545225684898
2030-07-04 02:00:00+00:00,1.7542704755146483,8414.856975948622
2030-07-04 03:00:00+00:00,1.4067995897922916,8414.166649519146
2030-07-04 04:00:00+00:00,0.8808838835282897,8413.474694542745
2030-07-04 05:00:00+00:00,0.24150583283908533,8412.781855298073
2030-07-04 06:00:00+00:00,3.213341470250459e-06,8412.088583603105
2030-07-04 07:00:00+00:00,2.4261087835698776e-06,8412.50230590021
2030-07-04 08:00:00+00:00,2.848253339489992e-05,8412.917991818667
2030-07-04 09:00:00+00:00,0.6137577759509797,8413.333477349506
2030-07-04 10:00:00+00:00,1.1789240528636287,8413.748668218039
2030-07-04 11:00:00+00:00,1.7892249481506872,8414.16360389079
2030-07-04 12:00:00+00:00,2.450452508292281,8414.578286454416
2030-07-04 13:00:00+00:00,3.0870279302235106,8414.992686565121
2030-07-04 14:00:00+00:00,3.7442890877959067,8415.406905449165
2030-07-04 15:00:00+00:00,4.365415633456774,8415.820884348868
2030-07-04 16:00:00+00:00,4.365194547604166,8416.234660682136
2030-07-04 17:00:00+00:00,4.365439266638081,8416.648310540704
2030-07-04 18:00:00+00:00,4.365438447107274,8417.061341834908
2030-07-04 19:00:00+00:00,4.365425611400244,8417.47181794199
2030-07-04 20:00:00+00:00,4.365432165547743,8417.881373438073
2030-07-04 21:00:00+00:00,4.365425228584438,8417.195584884867
2030-07-04 22:00:00+00:00,4.365421423876041,8416.502926806528
2030-07-04 23:00:00+00:00,4.365425522171385,8415.809112192495
2030-07-05 00:00:00+00:00,4.365434978209663,8415.11413181206
2030-07-05 01:00:00+00:00,4.365439950177139,8414.417763379954
2030-07-05 02:00:00+00:00,4.298957333520068,8413.72039184403
2030-07-05 03:00:00+00:00,4.106353969424881,8413.022848763705
2030-07-05 04:00:00+00:00,3.858784450710048,8412.325141819323
2030-07-05 05:00:00+00:00,3.593329275917275,8411.627300827195
2030-07-05 06:00:00+00:00,3.3468588287530574,8410.929317026577
2030-07-05 07:00:00+00:00,3.1279530747659794,8410.231104406721
2030-07-05 08:00:00+00:00,2.893399866876658,8409.5327463428
2030-07-05 09:00:00+00:00,2.7236073305669892,8408.834212057382
2030-07-05 10:00:00+00:00,2.522222611202167,8408.135400842095
2030-07-05 11:00:00+00:00,2.4677578208538162,8407.436357401704
2030-07-05 12:00:00+00:00,2.369338386878506,8406.737123996854
2030-07-05 13:00:00+00:00,2.3143975555393363,8406.037736913004
2030-07-05 14:00:00+00:00,2.231969371897847,8405.33822671622
2030-07-05 15:00:00+00:00,2.1174657469597835,8404.63856934489
2030-07-05 16:00:00+00:00,2.0078697438646227,8403.9387835871
2030-07-05 17:00:00+00:00,1.7882003346093334,8403.238849075466
2030-07-05 18:00:00+00:00,1.5431863073501626,8402.538783971226
2030-07-05 19:00:00+00:00,1.293591885311216,8401.838460107136
2030-07-05 20:00:00+00:00,1.021954281126593,8401.137783613694
2030-07-05 21:00:00+00:00,0.7344882783296194,8400.436544675966
2030-07-05 22:00:00+00:00,0.4609513053361974,8399.734264588942
2030-07-05 23:00:00+00:00,0.10840149270281266,8399.030222365775
2030-07-06 00:00:00+00:00,0.02320816111394858,8398.323473630606
2030-07-06 01:00:00+00:00,0.02172159872384764,8397.610258350785
2030-07-06 02:00:00+00:00,0.020648787893786536,8396.882686614355
2030-07-06 03:00:00+00:00,0.01943010319362563,8396.146676660313
2030-07-06 04:00:00+00:00,0.019277681016565466,8395.406396518621
2030-07-06 05:00:00+00:00,2.0911305930990826e-06,8394.664804867789
2030-07-06 06:00:00+00:00,1.08221275417948e-05,8393.925093735075
2030-07-06 07:00:00+00:00,7.11779754775023e-06,8393.18796396855
2030-07-06 08:00:00+00:00,1.7276605301902906e-06,8393.55071152535
2030-07-06 09:00:00+00:00,0.6639559778781738,8393.917593168251
2030-07-06 10:00:00+00:00,1.3022660045467436,8394.284083076163
2030-07-06 11:00:00+00:00,1.9446074411551042,8394.650145594816
2030-07-06 12:00:00+00:00,2.5422753606563058,8395.015903618963
2030-07-06 13:00:00+00:00,3.1108727553423616,8395.38141537018
2030-07-06 14:00:00+00:00,3.7086448376395436,8395.746739704015
2030-07-06 15:00:00+00:00,4.3654413738620415,8396.111925793373
2030-07-06 16:00:00+00:00,4.3654347056286,8396.474805821888
2030-07-06 17:00:00+00:00,4.3653236855168105,8395.738467221583
2030-07-06 18:00:00+00:00,3.931351372339783,8394.998369742802
2030-07-06 19:00:00+00:00,3.4859723853064777,8394.258165697756
2030-07-06 20:00:00+00:00,3.1018566561282452,8393.517855322236
2030-07-06 21:00:00+00:00,2.7624376385745886,8392.77744248088
2030-07-06 22:00:00+00:00,2.7623758163694783,8392.039766506916
2030-07-06 23:00:00+00:00,2.5996964361720654,8391.299135844101
2030-07-07 00:00:00+00:00,2.3795802082125275,8390.55839578832
2030-07-07 01:00:00+00:00,2.0973871232496366,8389.817546272723
2030-07-07 02:00:00+00:00,1.7751219876082698,8389.076588149906
2030-07-07 03:00:00+00:00,1.4145658880914194,8388.33552353776
2030-07-07 04:00:00+00:00,0.9934731280351936,8387.594349784187
2030-07-07 05:00:00+00:00,0.42744062352004153,8386.853073003122
2030-07-07 06:00:00+00:00,7.666854545801935e-05,8386.11169013154
2030-07-07 07:00:00+00:00,1.7385496481758411e-06,8385.377917569667
2030-07-07 08:00:00+00:00,0.0019205810233915966,8385.741247784128
2030-07-07 09:00:00+00:00,0.19551845024902062,8386.104461991752
2030-07-07 10:00:00+00:00,0.5963682721394052,8386.467562893937
2030-07-07 11:00:00+00:00,1.1054726572937956,8386.830541146383
2030-07-07 12:00:00+00:00,1.8939817498457878,8387.1933807413
2030-07-07 13:00:00+00:00,2.7066534041116923,8387.55604033566
2030-07-07 14:00:00+00:00,3.5726227594201903,8387.918605620498
2030-07-07 15:00:00+00:00,4.193463528024638,8388.280973814997
2030-07-07 16:00:00+00:00,4.365441112678107,8388.643207779724
2030-07-07 17:00:00+00:00,4.365134190431604,8389.003334017594
2030-07-07 18:00:00+00:00,4.091125405822637,8389.36313530328
2030-07-07 19:00:00+00:00,3.874728027840274,8389.722817682008
2030-07-07 20:00:00+00:00,3.723846078057545,8390.082386004127
2030-07-07 21:00:00+00:00,3.4023857215652353,8390.441836823671
2030-07-07 22:00:00+00:00,3.1561842834742997,8390.801168747292
2030-07-07 23:00:00+00:00,2.9276790048503707,8391.160374926685
2030-07-08 00:00:00+00:00,2.696552532924506,8391.51946198833
2030-07-08 01:00:00+00:00,2.4490958320934073,8391.878423565691
2030-07-08 02:00:00+00:00,2.1830363289361325,8392.237271756892
2030-07-08 03:00:00+00:00,1.902243007776035,8392.596006411462
2030-07-08 04:00:00+00:00,1.5927347179975369,8392.954628457612
2030-07-08 05:00:00+00:00,1.1547037712869077,8393.313137694637
2030-07-08 06:00:00+00:00,2.164868580171552e-05,8393.666182126035
2030-07-08 07:00:00+00:00,2.5093929327285934e-06,8394.025671322397
2030-07-08 08:00:00+00:00,0.4913080644372843,8394.38599723179
2030-07-08 09:00:00+00:00,1.3280731848089935,8394.746119395611
2030-07-08 10:00:00+00:00,1.6272513568402749,8395.106031525049
2030-07-08 11:00:00+00:00,1.8853714499282996,8395.46575632598
2030-07-08 12:00:00+00:00,2.193498098955293,8395.82525827217
2030-07-08 13:00:00+00:00,2.467402841812257,8396.184569641331
2030-07-08 14:00:00+00:00,3.309172482021093,8396.543682710126
2030-07-08 15:00:00+00:00,4.149565746375589,8396.902610731393
2030-07-08 16:00:00+00:00,4.365441426265915,8397.26137207995
2030-07-08 17:00:00+00:00,4.364831360683274,8397.617712978797
2030-07-08 18:00:00+00:00,4.364753855989299,8397.974179475634
2030-07-08 19:00:00+00:00,4.364656299499657,8398.330404892858
2030-07-08 20:00:00+00:00,4.222619209997631,8398.686097247339
2030-07-08 21:00:00+00:00,3.7511480261712666,8399.04167043603
2030-07-08 22:00:00+00:00,3.356138931394872,8399.397121758868
2030-07-08 23:00:00+00:00,3.0372796206884622,8399.752449582356
2030-07-09 00:00:00+00:00,2.782239717649121,8400.107659350208
2030-07-09 01:00:00+00:00,2.525631722433763,8400.462747698613
2030-07-09 02:00:00+00:00,2.4836506641508347,8400.817716439682
2030-07-09 03:00:00+00:00,2.439460344167789,8401.172560581965
2030-07-09 04:00:00+00:00,2.3668040904940137,8401.527283547432
2030-07-09 05:00:00+00:00,2.1118782472407385,8401.881884780541
2030-07-09 06:00:00+00:00,1.8810014152604713,8402.236364336468
2030-07-09 07:00:00+00:00,0.7263888098464868,8402.590217077697
2030-07-09 08:00:00+00:00,0.7263085747858162,8402.944866475264
2030-07-09 09:00:00+00:00,2.3344792609025996e-06,8403.298969825153
2030-07-09 10:00:00+00:00,0.6982262181963776,8403.655438528773
2030-07-09 11:00:00+00:00,1.5078322524279992,8404.011776162448
2030-07-09 12:00:00+00:00,2.3729799433396477,8404.36798934931
2030-07-09 13:00:00+00:00,3.16306996024975,8404.724065875751
2030-07-09 14:00:00+00:00,3.819545426688402,8405.08001511741
2030-07-09 15:00:00+00:00,4.365440469175582,8405.435835829672
2030-07-09 16:00:00+00:00,4.365434901370295,8405.790722284777
2030-07-09 17:00:00+00:00,4.365413699172545,8406.143895069807
2030-07-09 18:00:00+00:00,4.365417060346331,8406.496899606249
2030-07-09 19:00:00+00:00,4.364637355910215,8406.820666507856
2030-07-09 20:00:00+00:00,3.914476406398338,8407.124440817746
2030-07-09 21:00:00+00:00,3.1406553622246216,8407.428026452413
2030-07-09 22:00:00+00:00,2.705401566751073,8407.731495395305
2030-07-09 23:00:00+00:00,2.3557143679260784,8408.034837872037
2030-07-10 00:00:00+00:00,2.036597416080117,8408.337998951107
2030-07-10 01:00:00+00:00,1.7149252639540788,8408.640845560516
2030-07-10 02:00:00+00:00,1.386816594426078,8408.943155174147
2030-07-10 03:00:00+00:00,1.0610710694421321,8409.244719512328
2030-07-10 04:00:00+00:00,0.6325279612726256,8409.54567327933
2030-07-10 05:00:00+00:00,1.7024780280788683e-05,8409.845967857187
2030-07-10 06:00:00+00:00,5.079839759093578e-06,8410.19437568294
2030-07-10 07:00:00+00:00,3.937347538027293e-06,8410.543016308284
2030-07-10 08:00:00+00:00,0.5751196498347548,8410.890785985846
2030-07-10 09:00:00+00:00,1.1076840071043026,8411.237660036795
2030-07-10 10:00:00+00:00,1.5689240812623662,8411.583755425074
2030-07-10 11:00:00+00:00,2.009141829641852,8411.928976310131
2030-07-10 12:00:00+00:00,2.4597876117931547,8412.273777215274
2030-07-10 13:00:00+00:00,2.9274639185021805,8412.61811950144
2030-07-10 14:00:00+00:00,3.3633539666559438,8412.962200707008
2030-07-10 15:00:00+00:00,3.7784648596293358,8413.306081668718
2030-07-10 16:00:00+00:00,4.36536483387065,8413.6497712741
2030-07-10 17:00:00+00:00,4.365439142172321,8413.993217086998
2030-07-10 18:00:00+00:00,4.365438780344121,8414.33607245846
2030-07-10 19:00:00+00:00,4.365384134813062,8414.676686640747
2030-07-10 20:00:00+00:00,4.3653655129033755,8415.017156918357
2030-07-10 21:00:00+00:00,4.365370588701068,8415.357864041052
2030-07-10 22:00:00+00:00,4.365390793064895,8415.698433053165
2030-07-10 23:00:00+00:00,4.365415415118012,8416.038493404989
2030-07-11 00:00:00+00:00,4.365335887941617,8415.937270590519
2030-07-11 01:00:00+00:00,4.3652979047536995,8415.832231325621
2030-07-11 02:00:00+00:00,4.365273201496527,8415.725391699767
2030-07-11 03:00:00+00:00,4.365255388947107,8415.617466051463
2030-07-11 04:00:00+00:00,4.365242009244882,8415.509836767356
2030-07-11 05:00:00+00:00,4.365232218249148,8415.402425790428
2030-07-11 06:00:00+00:00,4.365217377297637,8414.66032480695
2030-07-11 07:00:00+00:00,4.3652106338791175,8414.00110025936
2030-07-11 08:00:00+00:00,4.365216790041434,8414.32571281191
2030-07-11 09:00:00+00:00,4.365224677153983,8414.650127990231
2030-07-11 10:00:00+00:00,4.36523513017398,8414.97435031386
2030-07-11 11:00:00+00:00,4.365248273611324,8415.298339031227
2030-07-11 12:00:00+00:00,4.365264973420188,8415.62212210721
2030-07-11 13:00:00+00:00,4.365287627385541,8415.945760920613
2030-07-11 14:00:00+00:00,4.365323875182935,8416.270001230834
2030-07-11 15:00:00+00:00,4.365389235136602,8416.593263546614
2030-07-11 16:00:00+00:00,4.365432580890301,8415.933828227135
2030-07-11 17:00:00+00:00,4.365404215059729,8415.164287982867
2030-07-11 18:00:00+00:00,4.36535415995394,8414.394271912925
2030-07-11 19:00:00+00:00,4.365326374939932,8413.624076253886
2030-07-11 20:00:00+00:00,4.365306304171404,8412.853715421428
2030-07-11 21:00:00+00:00,4.3652906754393745,8412.083184393392
2030-07-11 22:00:00+00:00,4.3652777677938595,8411.312505549287
2030-07-11 23:00:00+00:00,4.365269975132661,8410.54173026561
2030-07-12 00:00:00+00:00,4.365263829846044,8409.770791798413
2030-07-12 01:00:00+00:00,4.36525711948818,8408.999632610232
2030-07-12 02:00:00+00:00,4.365251832691127,8408.22830672323
2030-07-12 03:00:00+00:00,4.365247799404247,8407.456829330993
2030-07-12 04:00:00+00:00,4.36524501176255,8406.685208421868
2030-07-12 05:00:00+00:00,4.365242426165383,8405.913406417621
2030-07-12 06:00:00+00:00,4.365241522034583,8405.141475097838
2030-07-12 07:00:00+00:00,4.365241405686869,8404.369342647504
2030-07-12 08:00:00+00:00,4.365241962773451,8403.59702359257
2030-07-12 09:00:00+00:00,4.365251394364689,8402.824734255506
2030-07-12 10:00:00+00:00,4.3652628947300265,8402.052285388208
2030-07-12 11:00:00+00:00,4.365276413494813,8401.279690155925
2030-07-12 12:00:00+00:00,4.365292517256657,8400.506941482538
2030-07-12 13:00:00+00:00,4.365313788313654,8399.73404487122
2030-07-12 14:00:00+00:00,4.365344599377642,8398.960984621513
2030-07-12 15:00:00+00:00,4.365402910122513,8398.187758254388
2030-07-12 16:00:00+00:00,4.365438698751964,8397.414163173022
2030-07-12 17:00:00+00:00,4.166931402326082,8396.639560772523
2030-07-12 18:00:00+00:00,3.764121259039342,8395.864814178183
2030-07-12 19:00:00+00:00,3.410055965136603,8395.089935685697
2030-07-12 20:00:00+00:00,3.111178534463132,8394.314918633829
2030-07-12 21:00:00+00:00,2.817386208667138,8393.53976349656
2030-07-12 22:00:00+00:00,2.5377907060758136,8392.76446194792
2030-07-12 23:00:00+00:00,2.273954077892896,8391.989013943536
2030-07-13 00:00:00+00:00,2.041549060815229,8391.213420082902
2030-07-13 01:00:00+00:00,1.7991413027926835,8390.437680244142
2030-07-13 02:00:00+00:00,1.535127342435454,8389.661797229583
2030-07-13 03:00:00+00:00,1.2478262203629304,8388.885771148472
2030-07-13 04:00:00+00:00,0.9077962440776056,8388.109601104195
2030-07-13 05:00:00+00:00,0.5290861748237925,8387.333281681022
2030-07-13 06:00:00+00:00,0.1071239309148854,8386.556822125893
2030-07-13 07:00:00+00:00,2.2339279600918198e-06,8385.780245172618
2030-07-13 08:00:00+00:00,0.0001210702698943467,8385.008482828054
2030-07-13 09:00:00+00:00,0.3494563552836297,8384.240486095776
2030-07-13 10:00:00+00:00,0.689614738599218,8383.472346138382
2030-07-13 11:00:00+00:00,1.5554629928346195,8382.70680268573
2030-07-13 12:00:00+00:00,2.4214349814901763,8381.959705319106
2030-07-13 13:00:00+00:00,3.2872791393935255,8381.193874553039
2030-07-13 14:00:00+00:00,4.077825161233571,8380.425140337502
2030-07-13 15:00:00+00:00,4.365403722634742,8379.656242662268
2030-07-13 16:00:00+00:00,4.365441076746159,8378.881964557226
2030-07-13 17:00:00+00:00,3.925353388480876,8378.10391924543
2030-07-13 18:00:00+00:00,3.5034028268078825,8377.325723327962
2030-07-13 19:00:00+00:00,3.0982052115046415,8376.5473760718
2030-07-13 20:00:00+00:00,2.7621555734754555,8375.76887830636
2030-07-13 21:00:00+00:00,2.4526631590091585,8374.990232572885
2030-07-13 22:00:00+00:00,2.1596430348536244,8374.21143834926
2030-07-13 23:00:00+00:00,1.983095981569977,8373.432495615874
2030-07-14 00:00:00+00:00,1.8232009489046646,8372.653404305689
2030-07-14 01:00:00+00:00,1.610000721442604,8371.87416465497
2030-07-14 02:00:00+00:00,1.31405585652645,8371.094775744994
2030-07-14 03:00:00+00:00,1.017472942413474,8370.315232632905
2030-07-14 04:00:00+00:00,0.6910919824523798,8369.535536132518
2030-07-14 05:00:00+00:00,0.31300917558879593,8368.755684339743
2030-07-14 06:00:00+00:00,2.4102604850877676e-06,8367.975682737992
2030-07-14 07:00:00+00:00,1.2735650686130276e-05,8367.197233941912
2030-07-14 08:00:00+00:00,0.21603209030365547,8366.425479700161
2030-07-14 09:00:00+00:00,0.6553977112480407,8365.653608804969
2030-07-14 10:00:00+00:00,1.1408708596427584,8364.881591955016
2030-07-14 11:00:00+00:00,1.9003138277680345,8364.109460829817
2030-07-14 12:00:00+00:00,2.76633048896142,8364.43642587752
2030-07-14 13:00:00+00:00,3.632315898173481,8363.677601462161
2030-07-14 14:00:00+00:00,4.0603681925300945,8362.904978281358
2030-07-14 15:00:00+00:00,4.36544177400267,8362.132197019999
2030-07-14 16:00:00+00:00,4.365435937020258,8361.350707749969
2030-07-14 17:00:00+00:00,4.04653010394009,8360.568958396412
2030-07-14 18:00:00+00:00,3.6601102110950277,8359.78705564574
2030-07-14 19:00:00+00:00,3.3231212287454275,8359.005003927488
2030-07-14 20:00:00+00:00,3.020333413672271,8358.222796423921
2030-07-14 21:00:00+00:00,2.74403885850276,8357.440443070189
2030-07-14 22:00:00+00:00,2.4688274510186163,8356.65794809341
2030-07-14 23:00:00+00:00,2.210186270571087,8355.87530886928
2030-07-15 00:00:00+00:00,1.957862260341453,8355.092532178289
2030-07-15 01:00:00+00:00,1.6967463481619718,8354.309617785731
2030-07-15 02:00:00+00:00,1.421469893003322,8353.526562513996
2030-07-15 03:00:00+00:00,1.1229408700907364,8352.743360081777
2030-07-15 04:00:00+00:00,0.774462378852704,8351.96000992249
2030-07-15 05:00:00+00:00,0.34660399742599823,8351.176512399345
2030-07-15 06:00:00+00:00,7.654364186155276e-06,8350.392864777079
2030-07-15 07:00:00+00:00,1.8464706590451833e-06,8349.60918289542
2030-07-15 08:00:00+00:00,0.08758902258432498,8348.829947249627
2030-07-15 09:00:00+00:00,0.597827477482171,8348.050616315615
2030-07-15 10:00:00+00:00,1.0341844702222265,8347.271151416511
2030-07-15 11:00:00+00:00,1.8996665441344225,8346.491787975963
2030-07-15 12:00:00+00:00,2.7646311622902338,8345.71216181174
2030-07-15 13:00:00+00:00,3.4311283216457102,8344.932276385041
2030-07-15 14:00:00+00:00,4.161034531603437,8344.152241805441
2030-07-15 15:00:00+00:00,4.365441080874046,8343.372054619078
2030-07-15 16:00:00+00:00,4.321893187787052,8342.587129815121
2030-07-15 17:00:00+00:00,3.940097294461559,8341.802061505803
2030-07-15 18:00:00+00:00,3.5525143541482223,8341.016842339859
2030-07-15 19:00:00+00:00,3.2266430732701044,8340.23146826547
2030-07-15 20:00:00+00:00,2.930752173998197,8339.445946920056
2030-07-15 21:00:00+00:00,2.6506961468621926,8338.660274667614
2030-07-15 22:00:00+00:00,2.404351736007987,8337.87445028013
2030-07-15 23:00:00+00:00,2.167209327941385,8337.088478537444
2030-07-16 00:00:00+00:00,1.9297330963812753,8336.30234709163
2030-07-16 01:00:00+00:00,1.6840341979916613,8335.51606202581
2030-07-16 02:00:00+00:00,1.4276028184577618,8334.729625521722
2030-07-16 03:00:00+00:00,1.1497859514566227,8333.943040160455
2030-07-16 04:00:00+00:00,0.8279689012193939,8333.15630041821
2030-07-16 05:00:00+00:00,0.4426646599040789,8332.36941164492
2030-07-16 06:00:00+00:00,0.24555654812772446,8331.582376386023
2030-07-16 07:00:00+00:00,0.20662068772041134,8330.795194251996
2030-07-16 08:00:00+00:00,0.5491700656111307,8330.008209547666
2030-07-16 09:00:00+00:00,0.9453892486447205,8329.221083525046
2030-07-16 10:00:00+00:00,1.5557624087597353,8328.433803763086
2030-07-16 11:00:00+00:00,2.3178868688981025,8327.646372694255
2030-07-16 12:00:00+00:00,3.0317948909819212,8326.858787270367
2030-07-16 13:00:00+00:00,3.523151404433932,8326.071048876405
2030-07-16 14:00:00+00:00,3.9067115355407744,8325.28315894854
2030-07-16 15:00:00+00:00,3.959826380033802,8324.495142145157
2030-07-16 16:00:00+00:00,3.7756264784991895,8323.706652042492
2030-07-16 17:00:00+00:00,3.5115478452291686,8322.918027207983
2030-07-16 18:00:00+00:00,3.2420911324584316,8322.129246625711
2030-07-16 19:00:00+00:00,2.9950667628344747,8321.340307664617
2030-07-16 20:00:00+00:00,2.7658411244298886,8320.551211562752
2030-07-16 21:00:00+00:00,2.555350612191606,8319.7619605284
2030-07-16 22:00:00+00:00,2.359521603600089,8318.972551319868
2030-07-16 23:00:00+00:00,2.182773321236425,8318.18298218965
2030-07-17 00:00:00+00:00,2.007546424021008,8317.393253108756
2030-07-17 01:00:00+00:00,1.8217194582575473,8316.603363642935
2030-07-17 02:00:00+00:00,1.6100708045307637,8315.813312718617
2030-07-17 03:00:00+00:00,1.3570279524292965,8315.023102702025
2030-07-17 04:00:00+00:00,1.0658053798406721,8314.23273357979
2030-07-17 05:00:00+00:00,0.7235978883827354,8313.442205226835
2030-07-17 06:00:00+00:00,0.36946031159649284,8312.651517517537
2030-07-17 07:00:00+00:00,0.018648605914210768,8311.860667278126
2030-07-17 08:00:00+00:00,4.289358419809786e-06,8311.069655609968
2030-07-17 09:00:00+00:00,3.539790986179633e-05,8310.279415668765
2030-07-17 10:00:00+00:00,4.660634485984579e-05,8309.489029016244
2030-07-17 11:00:00+00:00,5.0463557345410696e-05,8308.698508536005
2030-07-17 12:00:00+00:00,0.059701368130223774,8307.908605677183
2030-07-17 13:00:00+00:00,0.07098024908851004,8307.118540268055
2030-07-17 14:00:00+00:00,0.07098277673393318,8306.327586579508
2030-07-17 15:00:00+00:00,0.07098448773121728,8305.53642957939
2030-07-17 16:00:00+00:00,0.06868350140657555,8304.744543783892
2030-07-17 17:00:00+00:00,0.06547572713187812,8303.952503857474
2030-07-17 18:00:00+00:00,0.06221969924522063,8303.160313053102
2030-07-17 19:00:00+00:00,0.05876274994134847,8302.367966540922
2030-07-17 20:00:00+00:00,0.05431050235069554,8301.575463647052
2030-07-17 21:00:00+00:00,0.05010558015605169,8300.782804537213
2030-07-17 22:00:00+00:00,0.04981254675872902,8299.990001293561
2030-07-17 23:00:00+00:00,0.04955275751396563,8299.197044683096
2030-07-18 00:00:00+00:00,0.049321043821468465,8298.403934892762
2030-07-18 01:00:00+00:00,0.049091006831053406,8297.610662977966
2030-07-18 02:00:00+00:00,0.04882799202573795,8296.817226089217
2030-07-18 03:00:00+00:00,0.04850232735037816,8296.023611229639
2030-07-18 04:00:00+00:00,0.04805110142214877,8295.229830192598
2030-07-18 05:00:00+00:00,0.03192649644073078,8294.43587897584
2030-07-18 06:00:00+00:00,6.276697967163532e-06,8293.641762325491
2030-07-18 07:00:00+00:00,1.0422747836276223e-05,8292.850357449284
2030-07-18 08:00:00+00:00,1.6622698157189908e-05,8292.716689797326
2030-07-18 09:00:00+00:00,0.32105233425042873,8293.029042244601
2030-07-18 10:00:00+00:00,0.9424438323093983,8293.341236480263
2030-07-18 11:00:00+00:00,1.8084149503774074,8293.653904683228
2030-07-18 12:00:00+00:00,2.198813768633401,8293.965790593207
2030-07-18 13:00:00+00:00,2.33232284484769,8294.277519481562
2030-07-18 14:00:00+00:00,2.5763053836430934,8294.589092213926
2030-07-18 15:00:00+00:00,2.6848298690359207,8294.90050806266
2030-07-18 16:00:00+00:00,2.684822764125451,8295.203028119533
2030-07-18 17:00:00+00:00,2.684802664638651,8295.475257856613
2030-07-18 18:00:00+00:00,2.6846430443702736,8294.692148868668
2030-07-18 19:00:00+00:00,2.682870675292153,8293.905493184913
2030-07-18 20:00:00+00:00,2.5221286421923246,8293.118354175833
2030-07-18 21:00:00+00:00,2.344110612848395,8292.331042766964
2030-07-18 22:00:00+00:00,2.1598902795066213,8291.543559425178
2030-07-18 23:00:00+00:00,1.977422750326953,8290.755907484461
2030-07-19 00:00:00+00:00,1.7915740241309421,8289.968094136799
2030-07-19 01:00:00+00:00,1.5914114126528351,8289.180120534196
2030-07-19 02:00:00+00:00,1.3699023713104834,8288.391984383083
2030-07-19 03:00:00+00:00,1.1270952879919554,8287.603682351522
2030-07-19 04:00:00+00:00,0.849554257258111,8286.815208937178
2030-07-19 05:00:00+00:00,0.41334950701749945,8286.026568705227
2030-07-19 06:00:00+00:00,7.652930572700903e-05,8285.237763495805
2030-07-19 07:00:00+00:00,1.670829691745795e-06,8284.599600731133
2030-07-19 08:00:00+00:00,0.4732315399117951,8284.910993945752
2030-07-19 09:00:00+00:00,0.7383200216794128,8285.222217736367
2030-07-19 10:00:00+00:00,1.1213138894037447,8285.533269648242
2030-07-19 11:00:00+00:00,1.7382324811089471,8285.844144582696
2030-07-19 12:00:00+00:00,2.432273312497013,8286.154847036141
2030-07-19 13:00:00+00:00,3.297957455516956,8286.465383852008
2030-07-19 14:00:00+00:00,4.008750490697273,8286.775739936402
2030-07-19 15:00:00+00:00,4.365441748086141,8287.085922595335
2030-07-19 16:00:00+00:00,4.335405498049558,8287.37903278099
2030-07-19 17:00:00+00:00,4.2942525973357935,8287.671847870526
2030-07-19 18:00:00+00:00,4.267685954293834,8287.96449540542
2030-07-19 19:00:00+00:00,4.2469843238705725,8288.256967994681
2030-07-19 20:00:00+00:00,4.229531351864793,8288.549270644817
2030-07-19 21:00:00+00:00,4.214163490087565,8288.84139905207
2030-07-19 22:00:00+00:00,4.2005376622768695,8289.133367407861
2030-07-19 23:00:00+00:00,4.18795975409648,8289.425166037565
2030-07-20 00:00:00+00:00,4.176384939892493,8289.716795224243
2030-07-20 01:00:00+00:00,4.165656411289144,8290.008255900282
2030-07-20 02:00:00+00:00,4.155777413488719,8290.299550911199
2030-07-20 03:00:00+00:00,4.146731267198166,8290.590680149917
2030-07-20 04:00:00+00:00,4.138228427834057,8290.881643734312
2030-07-20 05:00:00+00:00,4.137945728534704,8291.176315310331
2030-07-20 06:00:00+00:00,4.129955720917782,8291.46693918611
2030-07-20 07:00:00+00:00,4.129990390819863,8291.772191393797
2030-07-20 08:00:00+00:00,4.141458948756622,8292.077716299047
2030-07-20 09:00:00+00:00,4.159740488693559,8292.383059884953
2030-07-20 10:00:00+00:00,4.173247134430826,8292.688231644124
2030-07-20 11:00:00+00:00,4.18794595239749,8292.993234393572
2030-07-20 12:00:00+00:00,4.203887953037001,8293.298071644378
2030-07-20 13:00:00+00:00,4.2217589520263505,8293.60274405952
2030-07-20 14:00:00+00:00,4.323086068355301,8293.907247949732
2030-07-20 15:00:00+00:00,4.365305012987519,8294.21157476025
2030-07-20 16:00:00+00:00,4.3647407173843575,8294.490168310167
2030-07-20 17:00:00+00:00,4.36469866942833,8294.785681504924
2030-07-20 18:00:00+00:00,4.364411178782568,8295.057330563832
2030-07-20 19:00:00+00:00,4.364204987785857,8295.328718169618
2030-07-20 20:00:00+00:00,4.3640364091058546,8295.598691098181
2030-07-20 21:00:00+00:00,3.974678463023678,8295.469294536324
2030-07-20 22:00:00+00:00,3.56993968343742,8295.337818398933
2030-07-20 23:00:00+00:00,3.2179302724991348,8295.205688991735
2030-07-21 00:00:00+00:00,2.9009549248178415,8295.073163482832
2030-07-21 01:00:00+00:00,2.6261391201347895,8294.940680879816
2030-07-21 02:00:00+00:00,2.3319569026953246,8294.807593764812
2030-07-21 03:00:00+00:00,2.0285256697952745,8294.674206634529
2030-07-21 04:00:00+00:00,1.6809497606292891,8294.540260174399
2030-07-21 05:00:00+00:00,1.3773887527674376,8294.406813818241
2030-07-21 06:00:00+00:00,0.494156263129834,8294.269057923235
2030-07-21 07:00:00+00:00,6.007576711623012e-06,8294.135980168112
2030-07-21 08:00:00+00:00,4.1204561489057335e-06,8294.438051238472
2030-07-21 09:00:00+00:00,0.5204651104911908,8294.740797745175
2030-07-21 10:00:00+00:00,1.3864630133561373,8295.043501540667
2030-07-21 11:00:00+00:00,2.2524516492034112,8295.345999826213
2030-07-21 12:00:00+00:00,3.1184485903488217,8295.648340953783
2030-07-21 13:00:00+00:00,3.9844428436592745,8295.950499674705
2030-07-21 14:00:00+00:00,4.365441413261445,8296.252357273192
2030-07-21 15:00:00+00:00,4.365431087187745,8295.55437883699
2030-07-21 16:00:00+00:00,4.365437408580056,8294.75345470465
2030-07-21 17:00:00+00:00,4.365430030095481,8293.945679950126
2030-07-21 18:00:00+00:00,4.1680272565666785,8293.137157315317
2030-07-21 19:00:00+00:00,4.0989987677606825,8292.3284570478
2030-07-21 20:00:00+00:00,4.098438850793588,8291.519584564563
2030-07-21 21:00:00+00:00,4.094290148627556,8290.710523593903
2030-07-21 22:00:00+00:00,3.6578649573001796,8289.901278277115
2030-07-21 23:00:00+00:00,3.3308568168870263,8289.091856420786
2030-07-22 00:00:00+00:00,2.957366285647946,8288.282251170489
2030-07-22 01:00:00+00:00,2.607830718400377,8287.472456937365
2030-07-22 02:00:00+00:00,2.2402316478000155,8286.662472748627
2030-07-22 03:00:00+00:00,1.6960694391050697,8285.852308745327
2030-07-22 04:00:00+00:00,1.3570758183489302,8285.041965744249
2030-07-22 05:00:00+00:00,0.9391638379300018,8284.231433820007
2030-07-22 06:00:00+00:00,0.49016817167474636,8283.420713929081
2030-07-22 07:00:00+00:00,6.597375595864832e-06,8282.609812849438
2030-07-22 08:00:00+00:00,0.12320463465529277,8281.802670468174
2030-07-22 09:00:00+00:00,0.7660162506464607,8280.995296315768
2030-07-22 10:00:00+00:00,1.4053827293518846,8280.18771281406
2030-07-22 11:00:00+00:00,2.2713374336221834,8279.381470097334
2030-07-22 12:00:00+00:00,3.0530521282728187,8278.573509961872
2030-07-22 13:00:00+00:00,3.7165162740812727,8277.765360947202
2030-07-22 14:00:00+00:00,4.365382962899256,8276.957098691792
2030-07-22 15:00:00+00:00,4.36543199699975,8276.147473230818
2030-07-22 16:00:00+00:00,4.365206901631773,8275.335555331892
2030-07-22 17:00:00+00:00,4.279345419893995,8274.523606935154
2030-07-22 18:00:00+00:00,3.973405110037741,8273.711504079658
2030-07-22 19:00:00+00:00,3.7129234380665905,8272.899283034656
2030-07-22 20:00:00+00:00,3.5103278971369862,8272.086977722061
2030-07-22 21:00:00+00:00,3.189199534665745,8271.27453952822
2030-07-22 22:00:00+00:00,2.8930861324136377,8270.461944650235
2030-07-22 23:00:00+00:00,2.5854795651103424,8269.649182563822
2030-07-23 00:00:00+00:00,2.3027125035847944,8268.836246802444
2030-07-23 01:00:00+00:00,2.06139489502193,8268.023132400565
2030-07-23 02:00:00+00:00,1.8128363808921744,8267.20983405529
2030-07-23 03:00:00+00:00,1.5764669426518605,8266.396351914946
2030-07-23 04:00:00+00:00,1.300523192011127,8265.582688844393
2030-07-23 05:00:00+00:00,0.9518178583290893,8264.768842116362
2030-07-23 06:00:00+00:00,0.5928240402128738,8263.954808509614
2030-07-23 07:00:00+00:00,1.0069415057872784e-05,8263.140588196115
2030-07-23 08:00:00+00:00,0.00031185446775580016,8262.329382211032
2030-07-23 09:00:00+00:00,0.5797897300571446,8261.51841536409
2030-07-23 10:00:00+00:00,1.4457836522278942,8260.710979990281
2030-07-23 11:00:00+00:00,2.172473862789695,8259.899698859199
2030-07-23 12:00:00+00:00,3.038203147032067,8259.088541625375
2030-07-23 13:00:00+00:00,3.7490420968696143,8258.276935210137
2030-07-23 14:00:00+00:00,4.277415563656618,8257.465177711121
2030-07-23 15:00:00+00:00,4.365436217371999,8256.653517777328
2030-07-23 16:00:00+00:00,4.365386949974084,8255.838355676728
2030-07-23 17:00:00+00:00,4.365355337617021,8255.023092879617
2030-07-23 18:00:00+00:00,4.3652506248149905,8254.207586891367
2030-07-23 19:00:00+00:00,4.186539435626247,8253.39194996726
2030-07-23 20:00:00+00:00,3.988304335481603,8252.576138164754
2030-07-23 21:00:00+00:00,2.833621003371144,8251.760047974496
2030-07-23 22:00:00+00:00,1.9275522327856913,8250.943883933758
2030-07-23 23:00:00+00:00,1.7497462850000656,8250.127577816627
2030-07-24 00:00:00+00:00,1.5918934281814388,8249.311162372846
2030-07-24 01:00:00+00:00,1.3991537233402878,8248.494653182874
2030-07-24 02:00:00+00:00,1.2155527520396308,8247.678072936098
2030-07-24 03:00:00+00:00,1.0269939887852348,8246.861366417737
2030-07-24 04:00:00+00:00,1.0267802554327252,8246.044598862112
2030-07-24 05:00:00+00:00,1.0265775426270984,8245.227914188623
2030-07-24 06:00:00+00:00,0.7068400390990446,8244.411597140705
2030-07-24 07:00:00+00:00,0.0067701166769002985,8243.595496276337
2030-07-24 08:00:00+00:00,1.1651649083674388e-05,8242.779877033832
2030-07-24 09:00:00+00:00,0.22207152190544746,8241.96618980057
2030-07-24 10:00:00+00:00,0.8259664796633409,8241.152498925374
2030-07-24 11:00:00+00:00,1.362793774112906,8240.338683157783
2030-07-24 12:00:00+00:00,2.007263408107456,8239.524776697948
2030-07-24 13:00:00+00:00,2.873270898562383,8238.712891960324
2030-07-24 14:00:00+00:00,3.739276076491299,8237.90049130972
2030-07-24 15:00:00+00:00,4.36542353898023,8237.086875903125
2030-07-24 16:00:00+00:00,4.365439546929222,8236.27307525334
2030-07-24 17:00:00+00:00,4.320521493579003,8235.458700385125
2030-07-24 18:00:00+00:00,3.9547479116766278,8234.644416112682
2030-07-24 19:00:00+00:00,3.5886763846462477,8233.830004498628
2030-07-24 20:00:00+00:00,3.2431867964293315,8233.015414739975
2030-07-24 21:00:00+00:00,2.9376631339497945,8232.200645377989
2030-07-24 22:00:00+00:00,2.662195838401385,8231.385697486367
2030-07-24 23:00:00+00:00,2.3653058427073894,8230.570573041536
2030-07-25 00:00:00+00:00,2.1135050974853975,8229.755270906968
2030-07-25 01:00:00+00:00,1.840243442411893,8228.939797120276
2030-07-25 02:00:00+00:00,1.57435103701624,8228.124151775542
2030-07-25 03:00:00+00:00,1.3251399912646766,8227.308333224766
2030-07-25 04:00:00+00:00,0.9966971681185559,8226.492345047795
2030-07-25 05:00:00+00:00,0.6113065786045654,8225.676213255445
2030-07-25 06:00:00+00:00,0.1327186684963121,8224.859982204356
2030-07-25 07:00:00+00:00,8.38572341969419e-06,8224.043707707482
2030-07-25 08:00:00+00:00,0.4389166479272305,8223.22819182956
2030-07-25 09:00:00+00:00,0.8891336366039646,8222.413114439032
2030-07-25 10:00:00+00:00,1.320287519653844,8221.598462198868
2030-07-25 11:00:00+00:00,1.9465190416395801,8220.78437428682
2030-07-25 12:00:00+00:00,2.559839502030166,8219.970329695912
2030-07-25 13:00:00+00:00,3.3604274044952773,8219.156219622386
2030-07-25 14:00:00+00:00,3.9155607294125296,8218.341991022033
2030-07-25 15:00:00+00:00,4.365435215493989,8217.52766189974
2030-07-25 16:00:00+00:00,4.356384889958676,8216.71250936773
2030-07-25 17:00:00+00:00,4.352092459503061,8215.897184177962
2030-07-25 18:00:00+00:00,4.031740403794854,8215.081685125308
2030-07-25 19:00:00+00:00,3.7495564120909064,8214.26600620106
2030-07-25 20:00:00+00:00,3.5033581072317443,8213.450151819367
2030-07-25 21:00:00+00:00,3.3520493750225886,8212.63413080901
2030-07-25 22:00:00+00:00,3.225246039650758,8211.817943295657
2030-07-25 23:00:00+00:00,3.2219231197545533,8211.001589499621
2030-07-26 00:00:00+00:00,3.218621779029569,8210.185068246257
2030-07-26 01:00:00+00:00,3.215279591387829,8209.368379725145
2030-07-26 02:00:00+00:00,3.2118966828926685,8208.551526424904
2030-07-26 03:00:00+00:00,3.2085651711422343,8207.734509583606
2030-07-26 04:00:00+00:00,3.2052387797083743,8206.917339825239
2030-07-26 05:00:00+00:00,3.201888977428543,8206.100025962678
2030-07-26 06:00:00+00:00,3.1985820948047885,8205.282562433438
2030-07-26 07:00:00+00:00,3.1952378003347572,8204.465177794691
2030-07-26 08:00:00+00:00,3.0600803462759116,8203.648093966809
2030-07-26 09:00:00+00:00,2.9300387908901935,8202.831703204105
2030-07-26 10:00:00+00:00,2.823808924277402,8202.016180236082
2030-07-26 11:00:00+00:00,2.820494825753347,8201.201127361124
2030-07-26 12:00:00+00:00,2.820464815177537,8200.38619446201
2030-07-26 13:00:00+00:00,2.8204328783870336,8199.571146820987
2030-07-26 14:00:00+00:00,2.820404456862838,8198.755965733822
2030-07-26 15:00:00+00:00,2.8171006395126237,8197.940921873818
2030-07-26 16:00:00+00:00,2.8126506848457717,8197.1269199964
2030-07-26 17:00:00+00:00,2.5980968533857247,8196.313720216645
2030-07-26 18:00:00+00:00,2.3567871979232247,8195.5003935958
2030-07-26 19:00:00+00:00,2.0960169070888695,8194.686995034683
2030-07-26 20:00:00+00:00,1.841719163555591,8193.873657408372
2030-07-26 21:00:00+00:00,1.5105496500466693,8193.060255371125
2030-07-26 22:00:00+00:00,1.2073048210118245,8192.246730907813
2030-07-26 23:00:00+00:00,0.8901927625581683,8191.433072008735
2030-07-27 00:00:00+00:00,0.5776675245811252,8190.619243375244
2030-07-27 01:00:00+00:00,0.4591821435647411,8189.805243379643
2030-07-27 02:00:00+00:00,0.330495685988089,8188.991070968176
2030-07-27 03:00:00+00:00,0.30957805341645817,8188.176731198485
2030-07-27 04:00:00+00:00,0.1636415514038569,8187.362233766621
2030-07-27 05:00:00+00:00,0.02770048406346998,8186.5475743472
2030-07-27 06:00:00+00:00,0.023770849548844935,8185.732757224877
2030-07-27 07:00:00+00:00,0.018966379769642456,8184.919784929641
2030-07-27 08:00:00+00:00,0.012235447024190467,8184.109759935749
2030-07-27 09:00:00+00:00,1.991833061115902e-06,8183.301187822311
2030-07-27 10:00:00+00:00,5.8686421505543576e-05,8182.502083006532
2030-07-27 11:00:00+00:00,0.00024639101015863196,8181.725481034461
2030-07-27 12:00:00+00:00,0.00032594105483960926,8180.94882159999
2030-07-27 13:00:00+00:00,0.0007668614526240188,8180.808140588123
2030-07-27 14:00:00+00:00,0.0007837592818643086,8180.012006115673
2030-07-27 15:00:00+00:00,0.0007985958632989634,8179.213211740621
2030-07-27 16:00:00+00:00,0.0008047940055929429,8178.41103014401
2030-07-27 17:00:00+00:00,0.0008008918804784124,8177.606079142576
2030-07-27 18:00:00+00:00,0.0006974003054081417,8176.7990117906975
2030-07-27 19:00:00+00:00,5.063663114951934e-05,8175.991673155718
2030-07-27 20:00:00+00:00,4.966360598589908e-05,8175.188918723117
2030-07-27 21:00:00+00:00,5.2800747425659554e-05,8174.400433646013
2030-07-27 22:00:00+00:00,3.8837129213375e-05,8173.599774620685
2030-07-27 23:00:00+00:00,2.837211657523364e-05,8173.452580407207
2030-07-28 00:00:00+00:00,1.7734672983544344e-06,8173.735932818565
2030-07-28 01:00:00+00:00,6.366203717857691e-05,8174.036105383229
2030-07-28 02:00:00+00:00,0.000927655264754556,8174.3361644210945
2030-07-28 03:00:00+00:00,0.0013115292288641254,8174.636070127081
2030-07-28 04:00:00+00:00,0.0015176810498497269,8174.935821545988
2030-07-28 05:00:00+00:00,0.0016040139007575914,8175.2354210959165
2030-07-28 06:00:00+00:00,0.0016889947929356179,8175.534867733153
2030-07-28 07:00:00+00:00,0.5475032068810783,8175.834175978156
2030-07-28 08:00:00+00:00,1.1105496869900888,8176.133437570361
2030-07-28 09:00:00+00:00,1.5700370255283396,8176.432799035196
2030-07-28 10:00:00+00:00,2.025503640061669,8176.732496969553
2030-07-28 11:00:00+00:00,2.468064624532445,8177.032604327963
2030-07-28 12:00:00+00:00,2.8943898748576453,8177.333056377815
2030-07-28 13:00:00+00:00,3.344243397324404,8177.633563829517
2030-07-28 14:00:00+00:00,3.800365233672393,8177.933962992818
2030-07-28 15:00:00+00:00,4.365406414368214,8178.234210500682
2030-07-28 16:00:00+00:00,4.3654377115013965,8178.5342710144205
2030-07-28 17:00:00+00:00,4.365436404160587,8178.833815248539
2030-07-28 18:00:00+00:00,3.210752823883947,8179.127516026864
2030-07-28 19:00:00+00:00,2.0560631437959946,8178.989266666887
2030-07-28 20:00:00+00:00,0.9013787590270815,8179.258082003044
2030-07-28 21:00:00+00:00,8.019939725010092e-06,8179.555700574593
2030-07-28 22:00:00+00:00,0.00013645561138666184,8179.854513846937
2030-07-28 23:00:00+00:00,0.0001751632587372808,8180.15317048769
2030-07-29 00:00:00+00:00,0.00021277553936506697,8180.451700736444
2030-07-29 01:00:00+00:00,0.00022620741756136122,8180.750087987999
2030-07-29 02:00:00+00:00,0.0002246857978657555,8181.048329752234
2030-07-29 03:00:00+00:00,0.00021062840310147722,8181.346425084695
2030-07-29 04:00:00+00:00,0.0001825475700018659,8181.644377132137
2030-07-29 05:00:00+00:00,9.767508844652676e-06,8181.942161923164
2030-07-29 06:00:00+00:00,1.3055240145541513e-05,8182.240115703545
2030-07-29 07:00:00+00:00,1.987267938621636e-05,8182.53804677428
2030-07-29 08:00:00+00:00,0.31539620497976745,8182.835915388416
2030-07-29 09:00:00+00:00,0.8968517935671266,8183.13367262246
2030-07-29 10:00:00+00:00,1.4258184011604362,8183.431615873021
2030-07-29 11:00:00+00:00,1.9909543918325494,8183.729513303663
2030-07-29 12:00:00+00:00,2.5113739662226933,8184.027290254465
2030-07-29 13:00:00+00:00,3.0333249786311742,8184.3249572260665
2030-07-29 14:00:00+00:00,3.6045310951238823,8184.622445218149
2030-07-29 15:00:00+00:00,4.17814619261956,8184.919583202652
2030-07-29 16:00:00+00:00,4.365423410618599,8185.2163472023685
2030-07-29 17:00:00+00:00,4.365328324237915,8185.512766837594
2030-07-29 18:00:00+00:00,3.914514288219294,8185.809033191527
2030-07-29 19:00:00+00:00,3.6064217907281817,8186.105187958048
2030-07-29 20:00:00+00:00,3.3591460912776756,8186.4011517974495
2030-07-29 21:00:00+00:00,2.2044872725942017,8186.696846766324
2030-07-29 22:00:00+00:00,2.016440565230785,8186.992476199703
2030-07-29 23:00:00+00:00,1.8766910758264745,8187.287977257033
2030-07-30 00:00:00+00:00,1.7294509751678193,8187.583397168416
2030-07-30 01:00:00+00:00,1.5659988046499056,8187.878733961176
2030-07-30 02:00:00+00:00,1.4135620500078807,8188.173957550468
2030-07-30 03:00:00+00:00,1.1921350981250731,8188.46904784646
2030-07-30 04:00:00+00:00,0.92284410565694,8188.764013295437
2030-07-30 05:00:00+00:00,0.30519381228643155,8189.058850759655
2030-07-30 06:00:00+00:00,0.0004958852102234418,8189.3535610256495
2030-07-30 07:00:00+00:00,0.5473750618497657,8189.648284809111
2030-07-30 08:00:00+00:00,1.2984235989344193,8189.942961547073
2030-07-30 09:00:00+00:00,1.7971816277112087,8190.237531356734
2030-07-30 10:00:00+00:00,2.433732942245718,8190.532030608853
2030-07-30 11:00:00+00:00,2.662552473417269,8190.826459211113
2030-07-30 12:00:00+00:00,2.728107854660314,8191.120830870305
2030-07-30 13:00:00+00:00,2.786055061990859,8191.415095383225
2030-07-30 14:00:00+00:00,3.1952183965249157,8191.709227159
2030-07-30 15:00:00+00:00,3.7539329943061737,8192.002948791502
2030-07-30 16:00:00+00:00,4.311008525908676,8192.296277693458
2030-07-30 17:00:00+00:00,4.365380749064743,8192.58939638576
2030-07-30 18:00:00+00:00,4.365440888217661,8192.882454672981
2030-07-30 19:00:00+00:00,4.365190194298016,8193.174044573883
2030-07-30 20:00:00+00:00,4.01928819529143,8193.465440059352
2030-07-30 21:00:00+00:00,3.762720875071373,8193.756838800626
2030-07-30 22:00:00+00:00,3.478806243270274,8194.048226193989
2030-07-30 23:00:00+00:00,3.1534387620869535,8194.339614188732
2030-07-31 00:00:00+00:00,2.8265009721086893,8194.630938546326
2030-07-31 01:00:00+00:00,2.4842262393788412,8194.922225904716
2030-07-31 02:00:00+00:00,2.131891823815904,8195.213366682185
2030-07-31 03:00:00+00:00,1.755055977458548,8195.504417853139
2030-07-31 04:00:00+00:00,1.2021341068683111,8195.79531172992
2030-07-31 05:00:00+00:00,0.6133194544965818,8196.085870028715
2030-07-31 06:00:00+00:00,4.930264963289289e-05,8196.375825081886
2030-07-31 07:00:00+00:00,2.758413438295642e-06,8196.665920843041
2030-07-31 08:00:00+00:00,0.470286360576592,8196.956469997138
2030-07-31 09:00:00+00:00,1.034193894383043,8197.246473119802
2030-07-31 10:00:00+00:00,1.8774952415218846,8197.536204886192
2030-07-31 11:00:00+00:00,2.3725148710369734,8197.82576491476
2030-07-31 12:00:00+00:00,3.100001187146684,8198.115125136139
2030-07-31 13:00:00+00:00,3.8377613737946263,8198.40430523731
2030-07-31 14:00:00+00:00,4.3654416852938365,8198.69330223952
2030-07-31 15:00:00+00:00,4.365395201906125,8198.932232227367
2030-07-31 16:00:00+00:00,4.365272441980784,8198.119085529584
2030-07-31 17:00:00+00:00,3.967287948514878,8197.3013039815
2030-07-31 18:00:00+00:00,2.812596846111678,8196.478460590786
2030-07-31 19:00:00+00:00,1.6579058430619231,8195.655448114696
2030-07-31 20:00:00+00:00,1.114052483195932,8194.836984009497
2030-07-31 21:00:00+00:00,0.8153164614570652,8194.018400856026
2030-07-31 22:00:00+00:00,0.48744954089230713,8193.199697984655
2030-07-31 23:00:00+00:00,0.08971114263912328,8192.380872419693
2030-08-01 00:00:00+00:00,0.0808181565669808,8191.561928543309
2030-08-01 01:00:00+00:00,0.08073566771311669,8190.745823712904
2030-08-01 02:00:00+00:00,0.08067776275358379,8189.931144422224
2030-08-01 03:00:00+00:00,0.08062082075262614,8189.116338885121
2030-08-01 04:00:00+00:00,0.08056526665657601,8188.301401499062
2030-08-01 05:00:00+00:00,0.08048714041629776,8187.484755474815
2030-08-01 06:00:00+00:00,5.158401751246162e-05,8186.664979693381
2030-08-01 07:00:00+00:00,1.763931031030734e-06,8185.948923200775
2030-08-01 08:00:00+00:00,0.07087577032293685,8186.2326903320445
2030-08-01 09:00:00+00:00,0.12862889876357922,8186.515719749603
2030-08-01 10:00:00+00:00,0.2762633687500837,8186.798022944623
2030-08-01 11:00:00+00:00,0.38126151165539396,8187.07945375059
2030-08-01 12:00:00+00:00,0.4815487551593227,8187.360539636906
2030-08-01 13:00:00+00:00,1.1646211690509722,8187.641390282422
2030-08-01 14:00:00+00:00,1.4116137644959454,8187.922060385403
2030-08-01 15:00:00+00:00,1.4748158056494804,8188.202529121847
2030-08-01 16:00:00+00:00,1.5267182997107278,8188.482865035023
2030-08-01 17:00:00+00:00,1.5247879469854697,8188.763060305666
2030-08-01 18:00:00+00:00,0.8069990990818862,8189.043134200779
2030-08-01 19:00:00+00:00,0.6509526610976557,8189.323082437039
2030-08-01 20:00:00+00:00,0.37565894297538865,8189.602910272753
2030-08-01 21:00:00+00:00,0.3735574134967875,8189.882614857647
2030-08-01 22:00:00+00:00,0.3730261289521493,8190.162198365788
2030-08-01 23:00:00+00:00,0.37248145800415455,8190.441656373667
2030-08-02 00:00:00+00:00,0.37193384872104407,8190.720992557012
2030-08-02 01:00:00+00:00,0.3713881159417843,8191.000204297147
2030-08-02 02:00:00+00:00,0.37084141167624063,8191.2792914057245
2030-08-02 03:00:00+00:00,0.3685020998675021,8191.558252787569
2030-08-02 04:00:00+00:00,0.3661206903579412,8191.83708388027
2030-08-02 05:00:00+00:00,0.36341611384491507,8192.115775720613
2030-08-02 06:00:00+00:00,0.013876791194129824,8192.394334677561
2030-08-02 07:00:00+00:00,0.013192893240246369,8192.672531717526
2030-08-02 08:00:00+00:00,0.01312190559439645,8192.950146874877
2030-08-02 09:00:00+00:00,0.013032155722406898,8193.226779118486
2030-08-02 10:00:00+00:00,0.012947481306061617,8193.50226378836
2030-08-02 11:00:00+00:00,0.012862714235613444,8193.77700205215
2030-08-02 12:00:00+00:00,0.012777635286112794,8194.051377462054
2030-08-02 13:00:00+00:00,0.012681726624393421,8194.325583237425
2030-08-02 14:00:00+00:00,0.01292479501742215,8194.599650140157
2030-08-02 15:00:00+00:00,0.012811074514473183,8194.873266919238
2030-08-02 16:00:00+00:00,0.0126976453939777,8195.145553418079
2030-08-02 17:00:00+00:00,0.012399406133855206,8195.41674299364
2030-08-02 18:00:00+00:00,0.00913613823224866,8195.687762909849
2030-08-02 19:00:00+00:00,0.0038845129000218796,8195.958562318534
2030-08-02 20:00:00+00:00,0.00336102758096413,8196.229011707355
2030-08-02 21:00:00+00:00,0.002641187280704355,8196.499238199785
2030-08-02 22:00:00+00:00,0.0024896315116764664,8196.769301022061
2030-08-02 23:00:00+00:00,0.00197344969203971,8197.039205762154
2030-08-03 00:00:00+00:00,0.0010834645522301621,8197.308985396388
2030-08-03 01:00:00+00:00,0.0006999442311722389,8197.578649485251
2030-08-03 02:00:00+00:00,2.4070596334798624e-05,8197.848235298628
2030-08-03 03:00:00+00:00,0.2696667204903039,8198.11809988908
2030-08-03 04:00:00+00:00,0.3698556573456091,8198.38848765791
2030-08-03 05:00:00+00:00,0.7236128087789839,8198.659525436302
2030-08-03 06:00:00+00:00,0.9699314008707031,8198.931302857394
2030-08-03 07:00:00+00:00,0.08051880957479082,8199.201013059721
2030-08-03 08:00:00+00:00,0.5632656201226269,8199.467517295272
2030-08-03 09:00:00+00:00,0.9856804715872546,8199.732279058833
2030-08-03 10:00:00+00:00,1.3760486087405372,8199.996116476219
2030-08-03 11:00:00+00:00,2.010200463166464,8200.259717677449
2030-08-03 12:00:00+00:00,2.4744656472847777,8200.52316135627
2030-08-03 13:00:00+00:00,2.9466028082101645,8200.786454043387
2030-08-03 14:00:00+00:00,3.6323870409709307,8201.049608135738
2030-08-03 15:00:00+00:00,3.8563906143374895,8201.312634108579
2030-08-03 16:00:00+00:00,4.3654170630664675,8201.57552809599
2030-08-03 17:00:00+00:00,4.365440130654403,8201.838238461678
2030-08-03 18:00:00+00:00,4.365364755104192,8202.099789683547
2030-08-03 19:00:00+00:00,3.858513483193326,8202.360896310242
2030-08-03 20:00:00+00:00,3.2022818467728325,8202.621861114134
2030-08-03 21:00:00+00:00,2.7812992845959372,8202.88263761369
2030-08-03 22:00:00+00:00,2.481781106215026,8203.14322215556
2030-08-03 23:00:00+00:00,2.239989644026926,8203.403619611357
2030-08-04 00:00:00+00:00,2.147385027380136,8203.6638911331
2030-08-04 01:00:00+00:00,1.8513307087893514,8203.92402703358
2030-08-04 02:00:00+00:00,1.5505264075234373,8204.184024102626
2030-08-04 03:00:00+00:00,1.2184271666790265,8204.443885078701
2030-08-04 04:00:00+00:00,0.8782279726532294,8204.703611249251
2030-08-04 05:00:00+00:00,0.40103965968475563,8204.963202622455
2030-08-04 06:00:00+00:00,2.872828086687691e-06,8205.22266226582
2030-08-04 07:00:00+00:00,0.15506743602481474,8205.483292882229
2030-08-04 08:00:00+00:00,0.7329030876983442,8205.743689098783
2030-08-04 09:00:00+00:00,1.3176286738740237,8206.003708665776
2030-08-04 10:00:00+00:00,1.8561093456976918,8206.263122899607
2030-08-04 11:00:00+00:00,2.4138464503361186,8206.521854508372
2030-08-04 12:00:00+00:00,2.966911586028592,8206.779959382937
2030-08-04 13:00:00+00:00,3.613196489382791,8207.037718260563
2030-08-04 14:00:00+00:00,4.252541056044385,8207.2953098186
2030-08-04 15:00:00+00:00,4.36544165979524,8207.552769076816
2030-08-04 16:00:00+00:00,4.365370901027931,8206.721553213109
2030-08-04 17:00:00+00:00,4.365136335693178,8205.875536272446
2030-08-04 18:00:00+00:00,3.779914721006135,8205.027957194508
2030-08-04 19:00:00+00:00,3.3308245340833422,8204.180249750541
2030-08-04 20:00:00+00:00,2.8093942659185474,8203.33241555931
2030-08-04 21:00:00+00:00,2.3132554611921057,8202.484452618211
2030-08-04 22:00:00+00:00,1.8878214614088207,8201.636360801054
2030-08-04 23:00:00+00:00,1.6166098748606503,8200.788141414314
2030-08-05 00:00:00+00:00,1.6164633918511802,8199.941131559475
2030-08-05 01:00:00+00:00,1.616406869627497,8199.095971891133
2030-08-05 02:00:00+00:00,1.4134430617932576,8198.247359740652
2030-08-05 03:00:00+00:00,1.1087139224504208,8197.398610278831
2030-08-05 04:00:00+00:00,1.1086546923495801,8196.553055755898
2030-08-05 05:00:00+00:00,0.9231704598705036,8195.704033263504
2030-08-05 06:00:00+00:00,0.8711760481772692,8194.854878712482
2030-08-05 07:00:00+00:00,0.8711242251743965,8194.0098669825
2030-08-05 08:00:00+00:00,0.9721345834633175,8194.26148992017
2030-08-05 09:00:00+00:00,1.326488908802899,8194.512952473313
2030-08-05 10:00:00+00:00,2.0008809997195947,8194.763959110072
2030-08-05 11:00:00+00:00,2.8668916211004527,8195.016966472305
2030-08-05 12:00:00+00:00,3.6992452458968437,8195.26759732554
2030-08-05 13:00:00+00:00,4.194973581686037,8195.518059212785
2030-08-05 14:00:00+00:00,4.365336699525417,8195.768359287353
2030-08-05 15:00:00+00:00,4.365329349313895,8195.02170003699
2030-08-05 16:00:00+00:00,4.365308720692308,8194.173939491144
2030-08-05 17:00:00+00:00,4.365280609808955,8193.323085799084
2030-08-05 18:00:00+00:00,4.365258181810354,8192.471745874876
2030-08-05 19:00:00+00:00,4.365248382922587,8191.62153432985
2030-08-05 20:00:00+00:00,4.365244289514097,8190.773141896836
2030-08-05 21:00:00+00:00,4.365241914323377,8189.925554809437
2030-08-05 22:00:00+00:00,4.365248520740931,8189.08976496627
2030-08-05 23:00:00+00:00,4.365257302686201,8188.253824419429
2030-08-06 00:00:00+00:00,4.36526875801621,8187.417683067182
2030-08-06 01:00:00+00:00,4.365283527225698,8186.5813738055585
2030-08-06 02:00:00+00:00,4.3653053859332,8185.745521328897
2030-08-06 03:00:00+00:00,4.365338240178928,8184.908894913969
2030-08-06 04:00:00+00:00,4.36539252822932,8184.068993256808
2030-08-06 05:00:00+00:00,4.365407778281463,8183.215711989608
2030-08-06 06:00:00+00:00,4.365408391722789,8182.359344178006
2030-08-06 07:00:00+00:00,4.365430503928983,8181.503414745927
2030-08-06 08:00:00+00:00,4.365408061269391,8180.644843139044
2030-08-06 09:00:00+00:00,4.365405103435201,8179.786252525199
2030-08-06 10:00:00+00:00,4.365395975781067,8178.927186995569
2030-08-06 11:00:00+00:00,4.365391499653721,8178.067911215086
2030-08-06 12:00:00+00:00,4.365396525661198,8177.208550469355
2030-08-06 13:00:00+00:00,4.365407148562239,8176.349009503447
2030-08-06 14:00:00+00:00,4.365437930723917,8175.489299697902
2030-08-06 15:00:00+00:00,4.190838896720056,8174.628736426659
2030-08-06 16:00:00+00:00,3.717620652176361,8173.768027869222
2030-08-06 17:00:00+00:00,3.120389040312379,8172.907144971745
2030-08-06 18:00:00+00:00,2.2001613731049723,8172.046009047904
2030-08-06 19:00:00+00:00,1.6079365666649024,8171.184458003167
2030-08-06 20:00:00+00:00,1.1189286321064948,8170.322636568364
2030-08-06 21:00:00+00:00,0.6156800914643483,8169.460548661906
2030-08-06 22:00:00+00:00,0.029233697462647354,8168.598181063179
2030-08-06 23:00:00+00:00,0.0034197041234975724,8167.735524348236
2030-08-07 00:00:00+00:00,0.0031855887655613886,8166.872592816511
2030-08-07 01:00:00+00:00,0.0012235682561133566,8166.009333774794
2030-08-07 02:00:00+00:00,0.0009983857283799287,8165.145846664843
2030-08-07 03:00:00+00:00,0.00031484148164796533,8164.282133811179
2030-08-07 04:00:00+00:00,0.00029064542880043333,8163.418278797754
2030-08-07 05:00:00+00:00,1.1880739666682644e-05,8162.554571587384
2030-08-07 06:00:00+00:00,1.3487845919504283e-05,8161.691973088083
2030-08-07 07:00:00+00:00,1.8584069006493425e-05,8160.831787512471
2030-08-07 08:00:00+00:00,3.171466188369771e-05,8159.973814119093
2030-08-07 09:00:00+00:00,6.163780988845329e-05,8159.117166598398
2030-08-07 10:00:00+00:00,7.854905655245664e-05,8158.261134638265
2030-08-07 11:00:00+00:00,8.922557790041613e-05,8157.405351859792
2030-08-07 12:00:00+00:00,9.606022987058394e-05,8156.549635991066
2030-08-07 13:00:00+00:00,0.00010001291405827521,8155.69398396351
2030-08-07 14:00:00+00:00,0.0001325024363476481,8154.839593248068
2030-08-07 15:00:00+00:00,0.0005597834756311569,8153.986000531015
2030-08-07 16:00:00+00:00,0.0005598139761329002,8153.13161624767
2030-08-07 17:00:00+00:00,0.0005582606431376053,8152.277389606587
2030-08-07 18:00:00+00:00,0.0005569117253857934,8151.4231694825585
2030-08-07 19:00:00+00:00,0.0005580394028068186,8150.568988171419
2030-08-07 20:00:00+00:00,0.000551180156197901,8149.714475214374
2030-08-07 21:00:00+00:00,0.000479752683403143,8148.859593098227
2030-08-07 22:00:00+00:00,0.0004430500352557859,8148.00463361837
2030-08-07 23:00:00+00:00,0.0004206694431189228,8147.149618397511
2030-08-08 00:00:00+00:00,0.00039575223691899975,8146.294477462598
2030-08-08 01:00:00+00:00,0.000367865747694791,8145.43920808047
2030-08-08 02:00:00+00:00,0.0003360096414085361,8144.583808672659
2030-08-08 03:00:00+00:00,0.0002994619377129757,8143.728281068163
2030-08-08 04:00:00+00:00,0.0002845417443860552,8142.872765996088
2030-08-08 05:00:00+00:00,0.00023374412727330748,8142.016980476401
2030-08-08 06:00:00+00:00,0.0001677836207198341,8141.161065853069
2030-08-08 07:00:00+00:00,3.3974144079140746e-05,8140.305035023531
2030-08-08 08:00:00+00:00,0.2887219320454669,8139.45179824889
2030-08-08 09:00:00+00:00,1.100005919822168,8138.598451617143
2030-08-08 10:00:00+00:00,1.5073486605316888,8137.745026795937
2030-08-08 11:00:00+00:00,2.19150710375486,8136.891513103505
2030-08-08 12:00:00+00:00,3.033678180952312,8136.037910204616
2030-08-08 13:00:00+00:00,3.39117645118145,8135.184197566186
2030-08-08 14:00:00+00:00,3.9020035222036595,8134.330379548953
2030-08-08 15:00:00+00:00,4.365440963614698,8133.476454030082
2030-08-08 16:00:00+00:00,4.2046151964808685,8132.6189183302895
2030-08-08 17:00:00+00:00,3.626107762683952,8131.761252881741
2030-08-08 18:00:00+00:00,3.100340348138058,8130.903454706729
2030-08-08 19:00:00+00:00,2.541094257339385,8130.045530124615
2030-08-08 20:00:00+00:00,1.9113912527208519,8129.187470573356
2030-08-08 21:00:00+00:00,1.295531211986788,8128.3292806816735
2030-08-08 22:00:00+00:00,0.786592824467091,8127.4709603429565
2030-08-08 23:00:00+00:00,0.22682409494164762,8126.612512197577
2030-08-09 00:00:00+00:00,3.3813740458845566e-06,8125.753930369242
2030-08-09 01:00:00+00:00,5.054709189442125e-06,8124.896074810703
2030-08-09 02:00:00+00:00,4.0836490684947095e-05,8124.046056596852
2030-08-09 03:00:00+00:00,5.0047551365110704e-05,8123.195916311108
2030-08-09 04:00:00+00:00,6.17989527530854e-05,8122.358466990299
2030-08-09 05:00:00+00:00,5.6474628258600154e-05,8121.508054918128
2030-08-09 06:00:00+00:00,5.658431031601544e-05,8120.716339739026
2030-08-09 07:00:00+00:00,5.231476628171682e-05,8120.900695244998
2030-08-09 08:00:00+00:00,1.5096002957155965e-06,8120.062554336401
2030-08-09 09:00:00+00:00,0.381159889609439,8120.312915425042
2030-08-09 10:00:00+00:00,0.7875955919771265,8120.563142437453
2030-08-09 11:00:00+00:00,1.6008329498558462,8120.813252654146
2030-08-09 12:00:00+00:00,2.27136370762956,8121.063248080381
2030-08-09 13:00:00+00:00,3.0768544932383666,8121.313151095147
2030-08-09 14:00:00+00:00,3.8272736531945486,8121.562943755694
2030-08-09 15:00:00+00:00,4.3654413449022575,8121.812644875688
2030-08-09 16:00:00+00:00,4.3654326463246145,8122.060068886723
2030-08-09 17:00:00+00:00,3.966308595837475,8121.208747831589
2030-08-09 18:00:00+00:00,3.6501051073445954,8120.357499771038
2030-08-09 19:00:00+00:00,3.2563160213439826,8119.506168201976
2030-08-09 20:00:00+00:00,2.1069517612252557,8118.654821470329
2030-08-09 21:00:00+00:00,1.0818981467614956,8117.803226777086
2030-08-09 22:00:00+00:00,0.8179561105248622,8116.951510284262
2030-08-09 23:00:00+00:00,0.4821794585370064,8116.099658578842
2030-08-10 00:00:00+00:00,0.47026959094036674,8115.2477370700335
2030-08-10 01:00:00+00:00,0.4702093369194924,8114.408525601371
2030-08-10 02:00:00+00:00,0.47009269271215753,8113.56117432697
2030-08-10 03:00:00+00:00,0.47001069587126,8112.7156243431255
2030-08-10 04:00:00+00:00,0.4699232195272209,8111.868805735982
2030-08-10 05:00:00+00:00,0.469839421395463,8111.020740146353
2030-08-10 06:00:00+00:00,0.001193691542832024,8110.165281010695
2030-08-10 07:00:00+00:00,4.987556454528769e-05,8109.310589561026
2030-08-10 08:00:00+00:00,1.0542101542883333e-05,8109.53510921209
2030-08-10 09:00:00+00:00,0.13400580271830623,8109.779401032979
2030-08-10 10:00:00+00:00,0.5426346936569542,8110.023645173078
2030-08-10 11:00:00+00:00,1.4086550209451352,8110.26899087404
2030-08-10 12:00:00+00:00,2.274674921375664,8110.514290756417
2030-08-10 13:00:00+00:00,3.140694727643067,8110.759528860712
2030-08-10 14:00:00+00:00,4.006714593916906,8111.004697767876
2030-08-10 15:00:00+00:00,4.365432802285349,8111.248616642518
2030-08-10 16:00:00+00:00,4.365337432329959,8111.330840151112
2030-08-10 17:00:00+00:00,4.365286773180396,8110.5750123557855
2030-08-10 18:00:00+00:00,3.7287739999167653,8109.719454459758
2030-08-10 19:00:00+00:00,3.2083416459650715,8108.863776565639
2030-08-10 20:00:00+00:00,2.7483421377486876,8108.007978093476
2030-08-10 21:00:00+00:00,2.3880483632881844,8107.1520601518
2030-08-10 22:00:00+00:00,2.166640739351837,8106.2960235511655
2030-08-10 23:00:00+00:00,1.9064172677071265,8105.439865321395
2030-08-11 00:00:00+00:00,1.6063412929514582,8104.583585751343
2030-08-11 01:00:00+00:00,1.2747687923214266,8103.727188764649
2030-08-11 02:00:00+00:00,0.9707075491860541,8102.870678659222
2030-08-11 03:00:00+00:00,0.6592760400374718,8102.014055727325
2030-08-11 04:00:00+00:00,0.3779217525802056,8101.157320253706
2030-08-11 05:00:00+00:00,8.268709769029044e-05,8100.300472075453
2030-08-11 06:00:00+00:00,1.8999592389538992e-06,8099.5449639153085
2030-08-11 07:00:00+00:00,9.072439334751605e-05,8099.788186077876
2030-08-11 08:00:00+00:00,0.11944751498649665,8100.0313161178055
2030-08-11 09:00:00+00:00,0.6685381118176245,8100.274326327703
2030-08-11 10:00:00+00:00,1.1216058835097373,8100.5172169241105
2030-08-11 11:00:00+00:00,1.6937944864771457,8100.759994473368
2030-08-11 12:00:00+00:00,2.2419701505825658,8101.002660316748
2030-08-11 13:00:00+00:00,2.8961611850235918,8101.245232917625
2030-08-11 14:00:00+00:00,3.288715520492529,8101.487697058623
2030-08-11 15:00:00+00:00,3.7953463567628662,8101.730061267742
2030-08-11 16:00:00+00:00,4.365423872590505,8101.972316738998
2030-08-11 17:00:00+00:00,4.365441301745628,8102.214380361427
2030-08-11 18:00:00+00:00,4.365170932428687,8102.439371594315
2030-08-11 19:00:00+00:00,4.355562515693578,8102.641844737275
2030-08-11 20:00:00+00:00,4.352923547355463,8102.845758669389
2030-08-11 21:00:00+00:00,4.091450594799933,8103.045284072442
2030-08-11 22:00:00+00:00,4.0913093897390445,8103.268769911651
2030-08-11 23:00:00+00:00,4.091153308266333,8103.4920445031985
2030-08-12 00:00:00+00:00,3.865217792894948,8103.691128507523
2030-08-12 01:00:00+00:00,3.560936257549601,8103.890073728079
2030-08-12 02:00:00+00:00,3.2550018605215825,8104.088901045032
2030-08-12 03:00:00+00:00,2.9702690435062142,8104.287613534829
2030-08-12 04:00:00+00:00,2.62900645977086,8104.4862032347
2030-08-12 05:00:00+00:00,1.6055764357599276,8104.684585686337
2030-08-12 06:00:00+00:00,0.45108923799359124,8104.492635325873
2030-08-12 07:00:00+00:00,4.333478566668272e-06,8104.690948352766
2030-08-12 08:00:00+00:00,3.4536676909607035e-06,8104.930838837458
2030-08-12 09:00:00+00:00,0.003937638785469314,8105.171379268869
2030-08-12 10:00:00+00:00,0.373201916489708,8105.411848708067
2030-08-12 11:00:00+00:00,0.7284531394021312,8105.652215148657
2030-08-12 12:00:00+00:00,1.3400170390789956,8105.892482505035
2030-08-12 13:00:00+00:00,2.1722255581575873,8106.132659662023
2030-08-12 14:00:00+00:00,3.0380739954959415,8106.372793510313
2030-08-12 15:00:00+00:00,3.903915733394809,8106.612925935303
2030-08-12 16:00:00+00:00,4.365441359329947,8106.853028598274
2030-08-12 17:00:00+00:00,4.365427225381345,8107.090908998985
2030-08-12 18:00:00+00:00,3.7977148738475193,8107.3136959915255
2030-08-12 19:00:00+00:00,3.1635479627488263,8107.536349457018
2030-08-12 20:00:00+00:00,2.7818215635479544,8107.758899032783
2030-08-12 21:00:00+00:00,2.492798919625734,8107.981341976945
2030-08-12 22:00:00+00:00,2.232463054387617,8108.203685805155
2030-08-12 23:00:00+00:00,2.060689683211517,8108.4259216102055
2030-08-13 00:00:00+00:00,1.9294578405387834,8108.648051830406
2030-08-13 01:00:00+00:00,1.7811947720495727,8108.870075705436
2030-08-13 02:00:00+00:00,1.6016851305643334,8109.091982436651
2030-08-13 03:00:00+00:00,1.3742276972759022,8109.313774610614
2030-08-13 04:00:00+00:00,1.0422301801244922,8109.535460060495
2030-08-13 05:00:00+00:00,0.5788702145574574,8109.757031380004
2030-08-13 06:00:00+00:00,1.1744930703427065e-05,8109.978488612561
2030-08-13 07:00:00+00:00,2.2597235511298926e-06,8110.21516692461
2030-08-13 08:00:00+00:00,0.0006154307044470593,8110.45346102344
2030-08-13 09:00:00+00:00,0.4412794876220154,8110.691669470418
2030-08-13 10:00:00+00:00,0.7673566747742222,8110.929784692778
2030-08-13 11:00:00+00:00,1.63322914781413,8111.16783886497
2030-08-13 12:00:00+00:00,2.499117814669596,8111.405812712547
2030-08-13 13:00:00+00:00,3.3649851627702922,8111.643719974958
2030-08-13 14:00:00+00:00,4.213047911188484,8111.881518312114
2030-08-13 15:00:00+00:00,4.365441728242052,8112.119224871727
2030-08-13 16:00:00+00:00,4.365432158874957,8112.33600828644
2030-08-13 17:00:00+00:00,4.365438065778179,8111.473225750589
2030-08-13 18:00:00+00:00,4.365376170474009,8110.601135909755
2030-08-13 19:00:00+00:00,4.365349847134639,8109.728936266977
2030-08-13 20:00:00+00:00,4.365332373683728,8108.856628039119
2030-08-13 21:00:00+00:00,4.3653192960596146,8107.9842139891125
2030-08-13 22:00:00+00:00,4.3653084976638326,8107.111694291377
2030-08-13 23:00:00+00:00,4.365301519057982,8106.23907679489
2030-08-14 00:00:00+00:00,4.365295985833743,8105.366353694849
2030-08-14 01:00:00+00:00,4.365291882415974,8104.493531923329
2030-08-14 02:00:00+00:00,4.365288576962989,8103.620591198977
2030-08-14 03:00:00+00:00,4.36528599814554,8102.74751917938
2030-08-14 04:00:00+00:00,4.365284773045832,8101.8742551991845
2030-08-14 05:00:00+00:00,3.722343195473314,8101.000177263872
2030-08-14 06:00:00+00:00,3.4741405691399785,8100.124912639913
2030-08-14 07:00:00+00:00,3.474151522839915,8099.247634691693
2030-08-14 08:00:00+00:00,3.4741527981818456,8098.367967359662
2030-08-14 09:00:00+00:00,3.4741987366798566,8097.487387300806
2030-08-14 10:00:00+00:00,3.474243672346658,8096.6059626284095
2030-08-14 11:00:00+00:00,3.4742863343958317,8095.72410190967
2030-08-14 12:00:00+00:00,3.474327229462416,8094.841960943588
2030-08-14 13:00:00+00:00,3.5401110389469084,8093.959694963373
2030-08-14 14:00:00+00:00,3.590803460526633,8093.0763922074475
2030-08-14 15:00:00+00:00,3.5908475181233435,8092.192248117742
2030-08-14 16:00:00+00:00,3.4988391874956477,8091.30707835107
2030-08-14 17:00:00+00:00,3.3716472608947576,8090.42143288069
2030-08-14 18:00:00+00:00,2.2170039846953538,8089.535506968825
2030-08-14 19:00:00+00:00,1.071605697664263,8088.649416763048
2030-08-14 20:00:00+00:00,0.48350054022370115,8087.763191643021
2030-08-14 21:00:00+00:00,0.27964567327297174,8086.876828485174
2030-08-14 22:00:00+00:00,1.4122140751012538e-05,8085.990344021717
2030-08-14 23:00:00+00:00,1.2481862800609862e-05,8085.104344999926
2030-08-15 00:00:00+00:00,2.5967531363863836e-05,8084.219725206115
2030-08-15 01:00:00+00:00,3.058717523494236e-05,8083.335450087517
2030-08-15 02:00:00+00:00,3.293137781201536e-05,8082.45190751331
2030-08-15 03:00:00+00:00,2.930229594739434e-05,8081.56913458692
2030-08-15 04:00:00+00:00,4.352454430870107e-05,8081.351708640564
2030-08-15 05:00:00+00:00,4.5567513280862155e-05,8081.133747764427
2030-08-15 06:00:00+00:00,2.7083786862273626e-05,8080.264826818843
2030-08-15 07:00:00+00:00,1.672343072562156e-06,8080.47013756737
2030-08-15 08:00:00+00:00,0.5078151655997212,8080.692388321197
2030-08-15 09:00:00+00:00,0.9183757538059228,8080.914530248941
2030-08-15 10:00:00+00:00,1.2164184580488233,8081.136519155498
2030-08-15 11:00:00+00:00,1.4943647007012575,8081.35836350623
2030-08-15 12:00:00+00:00,2.1273081073728735,8081.580066862972
2030-08-15 13:00:00+00:00,2.8937711976469553,8081.801641143377
2030-08-15 14:00:00+00:00,3.7592380089150033,8082.023093103046
2030-08-15 15:00:00+00:00,4.365440905955445,8082.244412211338
2030-08-15 16:00:00+00:00,4.36543604939252,8082.464342634064
2030-08-15 17:00:00+00:00,4.319839468387851,8081.687992833895
2030-08-15 18:00:00+00:00,3.737484605176797,8080.908517727169
2030-08-15 19:00:00+00:00,3.2164268057074166,8080.128856977318
2030-08-15 20:00:00+00:00,2.741215769485718,8079.349060713669
2030-08-15 21:00:00+00:00,2.385956745259699,8078.569216115778
2030-08-15 22:00:00+00:00,2.082625273078786,8077.789304167784
2030-08-15 23:00:00+00:00,1.8288865637963017,8077.009345585803
2030-08-16 00:00:00+00:00,1.8287922668210106,8077.1994358285065
2030-08-16 01:00:00+00:00,1.8287309222186097,8077.40024405822
2030-08-16 02:00:00+00:00,1.8286701279715014,8077.6009468256425
2030-08-16 03:00:00+00:00,1.8270485637576732,8076.864418973291
2030-08-16 04:00:00+00:00,1.3491206136716336,8076.08380286181
2030-08-16 05:00:00+00:00,0.6364480227706797,8075.302988043314
2030-08-16 06:00:00+00:00,0.00023412938347701048,8074.522200682674
2030-08-16 07:00:00+00:00,1.7306032253583334e-06,8074.708650486585
2030-08-16 08:00:00+00:00,0.3258344305260272,8074.92806562098
2030-08-16 09:00:00+00:00,1.1904556712368273,8075.147347675165
2030-08-16 10:00:00+00:00,2.0546581384419444,8075.366525057313
2030-08-16 11:00:00+00:00,2.9184661419390543,8075.5855702865965
2030-08-16 12:00:00+00:00,3.391586602157607,8075.804483464185
2030-08-16 13:00:00+00:00,3.865639051956676,8076.023248153825
2030-08-16 14:00:00+00:00,4.365441779735218,8076.241880787398
2030-08-16 15:00:00+00:00,4.365428605471691,8076.041891880425
2030-08-16 16:00:00+00:00,4.365430602815558,8075.158724030514
2030-08-16 17:00:00+00:00,4.365389716567284,8074.2677517433085
2030-08-16 18:00:00+00:00,3.211106421389983,8073.376002834748
2030-08-16 19:00:00+00:00,2.07690722296589,8072.484116609199
2030-08-16 20:00:00+00:00,1.5154679530843913,8071.592121835451
2030-08-16 21:00:00+00:00,1.3175521579799718,8070.700020685974
2030-08-16 22:00:00+00:00,1.1539125935155243,8069.807827871385
2030-08-16 23:00:00+00:00,0.9682660883743429,8068.915552918666
2030-08-17 00:00:00+00:00,0.7749971024714281,8068.023200691617
2030-08-17 01:00:00+00:00,0.5389939122981237,8067.130782949282
2030-08-17 02:00:00+00:00,0.21704991251378597,8066.238275349218
2030-08-17 03:00:00+00:00,0.20519461012042117,8065.345668132955
2030-08-17 04:00:00+00:00,0.19246800482613485,8064.452958249446
2030-08-17 05:00:00+00:00,0.02549563195041215,8063.560143489861
2030-08-17 06:00:00+00:00,1.2478737734074923e-06,8062.667225173804
2030-08-17 07:00:00+00:00,3.546477882297026e-05,8062.883380424728
2030-08-17 08:00:00+00:00,2.7711676599823856e-05,8063.099419787451
2030-08-17 09:00:00+00:00,0.3169306605338401,8063.315333690092
2030-08-17 10:00:00+00:00,0.6068517238339722,8063.531061162777
2030-08-17 11:00:00+00:00,0.9596473947991664,8063.746603506673
2030-08-17 12:00:00+00:00,1.5047793144307775,8063.961956095652
2030-08-17 13:00:00+00:00,2.046554061835236,8064.177155019339
2030-08-17 14:00:00+00:00,2.343797358138884,8064.392180300763
2030-08-17 15:00:00+00:00,2.5524686809044588,8064.607092643203
2030-08-17 16:00:00+00:00,2.636677401314402,8064.821875967463
2030-08-17 17:00:00+00:00,2.688756302963161,8065.036542078029
2030-08-17 18:00:00+00:00,2.7062042067383243,8065.251099188503
2030-08-17 19:00:00+00:00,2.7309044638515245,8065.465547876026
2030-08-17 20:00:00+00:00,2.780163863212195,8065.679888821037
2030-08-17 21:00:00+00:00,2.821326945962387,8065.894124591077
2030-08-17 22:00:00+00:00,2.9148281966370067,8066.10825650585
2030-08-17 23:00:00+00:00,3.0167107563435787,8066.32229305479
2030-08-18 00:00:00+00:00,3.1281325013006485,8066.53624545673
2030-08-18 01:00:00+00:00,3.253863329494625,8066.750090716745
2030-08-18 02:00:00+00:00,3.3922291063571217,8066.96382477051
2030-08-18 03:00:00+00:00,3.5489147698881527,8067.177445864096
2030-08-18 04:00:00+00:00,3.7304828528112015,8067.390971105747
2030-08-18 05:00:00+00:00,3.94679199660771,8067.6044279443795
2030-08-18 06:00:00+00:00,4.129632403614199,8067.817888565756
2030-08-18 07:00:00+00:00,2.9751637545318195,8068.03138124624
2030-08-18 08:00:00+00:00,3.370188156835044,8068.244864415162
2030-08-18 09:00:00+00:00,3.7710228737105416,8068.458348898925
2030-08-18 10:00:00+00:00,2.9289896532003126,8068.67179926269
2030-08-18 11:00:00+00:00,2.951633882980215,8068.885331100988
2030-08-18 12:00:00+00:00,2.989861835202919,8069.099112345396
2030-08-18 13:00:00+00:00,3.477393206943312,8069.313129728246
2030-08-18 14:00:00+00:00,3.494402542543998,8069.527275657756
2030-08-18 15:00:00+00:00,4.143676276949065,8069.741528442963
2030-08-18 16:00:00+00:00,4.36544107026295,8069.955773429972
2030-08-18 17:00:00+00:00,4.365438349611721,8070.168234619473
2030-08-18 18:00:00+00:00,4.015601052659818,8069.274885287698
2030-08-18 19:00:00+00:00,3.6626401984478143,8068.381467082508
2030-08-18 20:00:00+00:00,3.2744845177253628,8067.488000719645
2030-08-18 21:00:00+00:00,2.9402907010327364,8066.594528262935
2030-08-18 22:00:00+00:00,2.6495599841573263,8065.701142134778
2030-08-18 23:00:00+00:00,2.3674515476648117,8064.807982239927
2030-08-19 00:00:00+00:00,2.1212872366179525,8063.915455001495
2030-08-19 01:00:00+00:00,1.8924112779161024,8063.023785547134
2030-08-19 02:00:00+00:00,1.6337067971251114,8062.132537321844
2030-08-19 03:00:00+00:00,1.3185486195772798,8061.241397902836
2030-08-19 04:00:00+00:00,0.9575230178563943,8060.35018505703
2030-08-19 05:00:00+00:00,0.47614067575414804,8059.458862598394
2030-08-19 06:00:00+00:00,5.1502895497518955e-05,8058.567414161547
2030-08-19 07:00:00+00:00,3.319557371229663e-05,8057.683069856304
2030-08-19 08:00:00+00:00,2.0238647211115368e-05,8057.868706900819
2030-08-19 09:00:00+00:00,0.592057172465663,8058.082281322034
2030-08-19 10:00:00+00:00,1.0544122493665746,8058.295788143218
2030-08-19 11:00:00+00:00,1.4999284236731112,8058.509271744033
2030-08-19 12:00:00+00:00,2.108226728067071,8058.722689102249
2030-08-19 13:00:00+00:00,2.97424064669424,8058.937758980386
2030-08-19 14:00:00+00:00,3.8402532693061793,8059.152879155087
2030-08-19 15:00:00+00:00,4.36543237118521,8059.366579728639
2030-08-19 16:00:00+00:00,4.365439727351177,8059.5556666605535
2030-08-19 17:00:00+00:00,4.365440012531749,8058.6617043294555
2030-08-19 18:00:00+00:00,4.041748551616832,8057.766775506738
2030-08-19 19:00:00+00:00,3.800506638089504,8056.8717483245
2030-08-19 20:00:00+00:00,3.5936916156120624,8055.976617507998
2030-08-19 21:00:00+00:00,3.409115187238829,8055.081378341946
2030-08-19 22:00:00+00:00,3.2618776883583975,8054.186031741675
2030-08-19 23:00:00+00:00,3.1606096916641193,8053.2905867128675
2030-08-20 00:00:00+00:00,3.0713401263706244,8052.395049188287
2030-08-20 01:00:00+00:00,2.9702276752604897,8051.499413299649
2030-08-20 02:00:00+00:00,2.865837504650972,8050.603680251893
2030-08-20 03:00:00+00:00,2.748593293961313,8049.707855892526
2030-08-20 04:00:00+00:00,2.6241819217852402,8048.811931292913
2030-08-20 05:00:00+00:00,2.495654128541195,8047.915914817315
2030-08-20 06:00:00+00:00,2.3730263526079445,8047.019804781989
2030-08-20 07:00:00+00:00,2.275628472606938,8046.123573176573
2030-08-20 08:00:00+00:00,2.2069760758932357,8045.227212043715
2030-08-20 09:00:00+00:00,2.1499603820362916,8044.330718233177
2030-08-20 10:00:00+00:00,2.149933054512939,8043.434132561445
2030-08-20 11:00:00+00:00,2.1499052822415217,8042.537415137264
2030-08-20 12:00:00+00:00,2.149714907230374,8041.640538597977
2030-08-20 13:00:00+00:00,2.1494950477681374,8040.743513045305
2030-08-20 14:00:00+00:00,2.1494676332151985,8039.846390186447
2030-08-20 15:00:00+00:00,2.1494407234675674,8038.949156530235
2030-08-20 16:00:00+00:00,2.0613434133753614,8038.051783324933
2030-08-20 17:00:00+00:00,1.9019044156896932,8037.154291167827
2030-08-20 18:00:00+00:00,1.7390788924027332,8036.256700946026
2030-08-20 19:00:00+00:00,1.593714359629199,8035.359013422207
2030-08-20 20:00:00+00:00,1.4454525503760074,8034.461228196062
2030-08-20 21:00:00+00:00,1.3218782317456197,8033.563338472538
2030-08-20 22:00:00+00:00,1.209829398594707,8032.665350145976
2030-08-20 23:00:00+00:00,1.1057842749353943,8031.767256811175
2030-08-21 00:00:00+00:00,0.9989350759133224,8030.869064837477
2030-08-21 01:00:00+00:00,0.8676050930733227,8029.970765038277
2030-08-21 02:00:00+00:00,0.7478015632302667,8029.072359877332
2030-08-21 03:00:00+00:00,0.6411557952583792,8028.173848942375
2030-08-21 04:00:00+00:00,0.4780644253400038,8027.275233398579
2030-08-21 05:00:00+00:00,0.15013023733453645,8026.376519818754
2030-08-21 06:00:00+00:00,2.606417613119419e-06,8025.47770732551
2030-08-21 07:00:00+00:00,1.6170245479347478e-05,8024.580929879724
2030-08-21 08:00:00+00:00,0.2314790011691334,8023.690733406324
2030-08-21 09:00:00+00:00,0.5785427895948555,8022.800410466604
2030-08-21 10:00:00+00:00,1.4444127581397803,8021.912851929134
2030-08-21 11:00:00+00:00,2.310404358139267,8021.961530738388
2030-08-21 12:00:00+00:00,3.1763477242301312,8021.077359590426
2030-08-21 13:00:00+00:00,4.040282055013028,8020.186605387764
2030-08-21 14:00:00+00:00,4.365201374968121,8019.295525113979
2030-08-21 15:00:00+00:00,4.365441911770961,8018.4023161075
2030-08-21 16:00:00+00:00,4.36544036398707,8017.502148892325
2030-08-21 17:00:00+00:00,3.8900630026698013,8016.601696860461
2030-08-21 18:00:00+00:00,3.531907101734863,8015.701134471944
2030-08-21 19:00:00+00:00,3.209680321903127,8014.8004589830625
2030-08-21 20:00:00+00:00,2.903981269649686,8013.899682532343
2030-08-21 21:00:00+00:00,2.6309860031686467,8012.9988053398565
2030-08-21 22:00:00+00:00,2.3227898923066244,8012.097827389712
2030-08-21 23:00:00+00:00,2.0220603732408278,8011.196747717054
2030-08-22 00:00:00+00:00,1.7277892716810315,8010.295566251965
2030-08-22 01:00:00+00:00,1.4198332016968382,8009.394272018413
2030-08-22 02:00:00+00:00,1.112147667814741,8008.492867128949
2030-08-22 03:00:00+00:00,0.898388795245841,8007.59135671372
2030-08-22 04:00:00+00:00,0.6581361494762191,8006.689742906372
2030-08-22 05:00:00+00:00,0.23288411773425513,8005.788023969366
2030-08-22 06:00:00+00:00,7.320235615290597e-06,8004.886200610336
2030-08-22 07:00:00+00:00,5.028300184898127e-05,8003.984444923162
2030-08-22 08:00:00+00:00,7.136347685026353e-05,8003.082584166635
2030-08-22 09:00:00+00:00,8.585927277728899e-05,8002.1806346722615
2030-08-22 10:00:00+00:00,9.681192742641575e-05,8001.278613933841
2030-08-22 11:00:00+00:00,0.00010577288438728112,8000.376529459955
2030-08-22 12:00:00+00:00,0.00011327054134642951,7999.474382239658
2030-08-22 13:00:00+00:00,0.00011962753993120489,7998.5721517599
2030-08-22 14:00:00+00:00,0.00012505930391328664,7997.669819385721
2030-08-22 15:00:00+00:00,0.00012540310838233425,7996.767350801844
2030-08-22 16:00:00+00:00,0.0001252488899170292,7995.864775937714
2030-08-22 17:00:00+00:00,0.00012454135360153188,7994.962098284913
2030-08-22 18:00:00+00:00,0.00012340040876253051,7994.059325856155
2030-08-22 19:00:00+00:00,0.00012165543259107729,7993.156449094884
2030-08-22 20:00:00+00:00,0.00011926199435576835,7992.253475728192
2030-08-22 21:00:00+00:00,0.00011616143251058357,7991.350404200729
2030-08-22 22:00:00+00:00,0.00011208184514671911,7990.447233338591
2030-08-22 23:00:00+00:00,0.00010782893213932516,7989.543965105189
2030-08-23 00:00:00+00:00,0.00010625492199180329,7988.640617379304
2030-08-23 01:00:00+00:00,0.00010401315133446375,7987.737162748185
2030-08-23 02:00:00+00:00,0.0001011063869071263,7986.833597299616
2030-08-23 03:00:00+00:00,9.059021017054755e-05,7985.9298917860015
2030-08-23 04:00:00+00:00,7.746764371450238e-05,7985.026085193214
2030-08-23 05:00:00+00:00,5.983819762756805e-05,7984.122167454452
2030-08-23 06:00:00+00:00,2.8907395587760855e-05,7983.218141433013
2030-08-23 07:00:00+00:00,2.0624443613464066e-06,7982.314041620553
2030-08-23 08:00:00+00:00,1.3986753070355581e-05,7981.412568199394
2030-08-23 09:00:00+00:00,2.9587635391153286e-05,7980.518032925561
2030-08-23 10:00:00+00:00,5.19001010867175e-05,7980.561969053365
2030-08-23 11:00:00+00:00,0.0009133391823136967,7980.760046525566
2030-08-23 12:00:00+00:00,0.0013830422175518402,7980.958058873823
2030-08-23 13:00:00+00:00,0.0014129373838650172,7981.150860116823
2030-08-23 14:00:00+00:00,0.0014194465979810698,7981.19425981957
2030-08-23 15:00:00+00:00,0.0014261271686869168,7980.914130314793
2030-08-23 16:00:00+00:00,0.0014246605252228627,7980.026791149655
2030-08-23 17:00:00+00:00,0.0014250513360101304,7979.139313972952
2030-08-23 18:00:00+00:00,0.0014180901451074288,7978.24275369323
2030-08-23 19:00:00+00:00,0.0014116040917818264,7977.34816435427
2030-08-23 20:00:00+00:00,0.0014089366252727907,7976.460456321225
2030-08-23 21:00:00+00:00,0.0014119872684464256,7975.665044356053
2030-08-23 22:00:00+00:00,0.0014168056687445902,7975.70722141551
2030-08-23 23:00:00+00:00,0.0014208761135987695,7975.749379619349
2030-08-24 00:00:00+00:00,0.0014243307348041337,7975.7914192826565
2030-08-24 01:00:00+00:00,0.0014270351998884364,7975.83334187844
2030-08-24 02:00:00+00:00,0.0014289092779960122,7975.87517477022
2030-08-24 03:00:00+00:00,0.0014303807188475865,7975.916897456574
2030-08-24 04:00:00+00:00,0.001431561238559425,7975.958430524088
2030-08-24 05:00:00+00:00,0.0014330399050002465,7975.985367475093
2030-08-24 06:00:00+00:00,0.001435026879882454,7975.7420754511
2030-08-24 07:00:00+00:00,0.001412127355378737,7974.842624005905
2030-08-24 08:00:00+00:00,0.0014043930335629305,7973.952768462056
2030-08-24 09:00:00+00:00,0.0013956734626021762,7973.063538243686
2030-08-24 10:00:00+00:00,0.0013860810907299823,7972.1750399307675
2030-08-24 11:00:00+00:00,0.0013851028920013918,7971.938903090741
2030-08-24 12:00:00+00:00,0.0013833689570666827,7971.703908655126
2030-08-24 13:00:00+00:00,0.0013810436093613736,7971.469272777089
2030-08-24 14:00:00+00:00,0.0013787278959712904,7971.234072438116
2030-08-24 15:00:00+00:00,0.0013760328022558057,7970.998969585513
2030-08-24 16:00:00+00:00,0.0013505162770299812,7970.105916351907
2030-08-24 17:00:00+00:00,0.0013018788105928004,7969.211217099031
2030-08-24 18:00:00+00:00,0.001248236361928101,7968.316817090236
2030-08-24 19:00:00+00:00,0.0011932485676868687,7967.422600233109
2030-08-24 20:00:00+00:00,0.0011364332358450306,7966.528382349155
2030-08-24 21:00:00+00:00,0.0010746260359903589,7965.634064814758
2030-08-24 22:00:00+00:00,0.0010057302546984121,7964.739647035911
2030-08-24 23:00:00+00:00,0.0009313813724506048,7963.845178777911
2030-08-25 00:00:00+00:00,0.0008439135746474051,7962.950531729052
2030-08-25 01:00:00+00:00,0.000742910189151792,7962.055786511536
2030-08-25 02:00:00+00:00,0.0006221975215120101,7961.160942222061
2030-08-25 03:00:00+00:00,0.0004656872487655663,7960.266003820257
2030-08-25 04:00:00+00:00,0.00035268241094360916,7959.37188078097
2030-08-25 05:00:00+00:00,0.00027154842647291404,7958.479227759263
2030-08-25 06:00:00+00:00,0.0001759158989021686,7957.587323336292
2030-08-25 07:00:00+00:00,0.00015253775329045422,7957.632219458023
2030-08-25 08:00:00+00:00,0.4358176993224636,7957.837517957755
2030-08-25 09:00:00+00:00,1.301788560153302,7958.043231695912
2030-08-25 10:00:00+00:00,1.770557265167938,7958.248196825248
2030-08-25 11:00:00+00:00,2.370157784412037,7958.452922448143
2030-08-25 12:00:00+00:00,2.995007209522675,7958.657227219916
2030-08-25 13:00:00+00:00,3.4517649036676614,7958.861100210932
2030-08-25 14:00:00+00:00,3.69185771766301,7959.0646598015055
2030-08-25 15:00:00+00:00,3.6926177551047243,7959.267852430472
2030-08-25 16:00:00+00:00,3.692519447230534,7958.382229113598
2030-08-25 17:00:00+00:00,3.6924265468870106,7957.496590041005
2030-08-25 18:00:00+00:00,3.692333428892714,7956.610976273128
2030-08-25 19:00:00+00:00,3.6922382850231656,7955.725235882997
2030-08-25 20:00:00+00:00,3.6921424408461316,7954.839358144584
2030-08-25 21:00:00+00:00,3.6920445850199095,7953.953326687007
2030-08-25 22:00:00+00:00,3.691944865889632,7953.067019566431
2030-08-25 23:00:00+00:00,3.6918435013954505,7952.180279597795
2030-08-26 00:00:00+00:00,3.6917421534673567,7951.29269633793
2030-08-26 01:00:00+00:00,3.6916398259767162,7950.404050695764
2030-08-26 02:00:00+00:00,3.691602150068626,7949.6061357535145
2030-08-26 03:00:00+00:00,3.6915642206346844,7948.808167859547
2030-08-26 04:00:00+00:00,3.6915037304609406,7947.929405394782
2030-08-26 05:00:00+00:00,3.691403837511466,7947.039652918709
2030-08-26 06:00:00+00:00,3.691303221909577,7946.149938071088
2030-08-26 07:00:00+00:00,3.6912888447010195,7946.334592720507
2030-08-26 08:00:00+00:00,3.6912696772547604,7946.515441446309
2030-08-26 09:00:00+00:00,3.6920008943546385,7946.714188243435
2030-08-26 10:00:00+00:00,3.692737655838096,7946.912817749599
2030-08-26 11:00:00+00:00,3.69352706079792,7947.111330149687
2030-08-26 12:00:00+00:00,3.6943737734867534,7947.309741395664
2030-08-26 13:00:00+00:00,4.3639040491464,7947.507743077286
2030-08-26 14:00:00+00:00,4.365421298173874,7947.705306887878
2030-08-26 15:00:00+00:00,4.365425989119655,7947.888468604134
2030-08-26 16:00:00+00:00,4.365434533144862,7946.990937846017
2030-08-26 17:00:00+00:00,4.365402277613458,7946.0819069429945
2030-08-26 18:00:00+00:00,4.365378076943035,7945.17263747922
2030-08-26 19:00:00+00:00,4.365363796706229,7944.263280493137
2030-08-26 20:00:00+00:00,4.3653541567610485,7943.353850893792
2030-08-26 21:00:00+00:00,4.365347591689362,7942.444336854519
2030-08-26 22:00:00+00:00,4.3653492292865534,7941.534967466548
2030-08-26 23:00:00+00:00,4.365353102892761,7940.625499947004
2030-08-27 00:00:00+00:00,4.365359976889033,7939.7159335905535
2030-08-27 01:00:00+00:00,4.365354328032058,7938.8057870901985
2030-08-27 02:00:00+00:00,4.365329642742906,7937.895298966278
2030-08-27 03:00:00+00:00,4.36531225992064,7936.984709832136
2030-08-27 04:00:00+00:00,4.365282047097955,7936.073956833476
2030-08-27 05:00:00+00:00,4.365082628544403,7935.163047797417
2030-08-27 06:00:00+00:00,4.364907133874663,7934.2520202288115
2030-08-27 07:00:00+00:00,4.364898091992115,7933.341042480721
2030-08-27 08:00:00+00:00,4.364889278883704,7932.429986235777
2030-08-27 09:00:00+00:00,4.364908378952346,7931.519291455065
2030-08-27 10:00:00+00:00,4.364961468701631,7930.608617343222
2030-08-27 11:00:00+00:00,4.365198949153741,7929.697919219095
2030-08-27 12:00:00+00:00,4.365224410951935,7928.7870309091695
2030-08-27 13:00:00+00:00,4.365261764111652,7927.876085766318
2030-08-27 14:00:00+00:00,4.365315514877364,7926.9651085921505
2030-08-27 15:00:00+00:00,4.365438893544217,7926.054156060776
2030-08-27 16:00:00+00:00,4.170721884419639,7925.142517051254
2030-08-27 17:00:00+00:00,4.037341530878518,7924.230829185596
2030-08-27 18:00:00+00:00,3.931492026875132,7923.319064176573
2030-08-27 19:00:00+00:00,3.844087346627909,7922.407206860673
2030-08-27 20:00:00+00:00,3.759464624924332,7921.49525639929
2030-08-27 21:00:00+00:00,3.6840258153177516,7920.583216909781
2030-08-27 22:00:00+00:00,3.635869823921218,7919.671082957785
2030-08-27 23:00:00+00:00,3.6240466494157695,7918.758870355431
2030-08-28 00:00:00+00:00,3.5689956083998875,7917.846569992933
2030-08-28 01:00:00+00:00,3.5131712925595844,7916.934189539801
2030-08-28 02:00:00+00:00,3.4590260112529054,7916.021728975136
2030-08-28 03:00:00+00:00,3.406553856894215,7915.109177254505
2030-08-28 04:00:00+00:00,3.35874411624303,7914.196536997518
2030-08-28 05:00:00+00:00,3.312807950396764,7913.283801164521
2030-08-28 06:00:00+00:00,3.2688851866395843,7912.370968572668
2030-08-28 07:00:00+00:00,3.268860369506721,7911.458079360891
2030-08-28 08:00:00+00:00,3.268830249251505,7910.545086075131
2030-08-28 09:00:00+00:00,3.755643549075575,7909.63233456663
2030-08-28 10:00:00+00:00,3.7556128746022113,7908.7191809845035
2030-08-28 11:00:00+00:00,3.755583078363956,7907.805954291586
2030-08-28 12:00:00+00:00,3.7555533666476526,7906.8926491895745
2030-08-28 13:00:00+00:00,3.755523470684842,7905.97926312524
2030-08-28 14:00:00+00:00,3.755493343459444,7905.065798450864
2030-08-28 15:00:00+00:00,3.755461348559602,7904.152251235669
2030-08-28 16:00:00+00:00,3.608421947373572,7903.238602775132
2030-08-28 17:00:00+00:00,3.3688455632840464,7902.324866057876
2030-08-28 18:00:00+00:00,3.1378214754734866,7901.411042897083
2030-08-28 19:00:00+00:00,2.9031910096580407,7900.497145057839
2030-08-28 20:00:00+00:00,2.6747088113208566,7899.583171152342
2030-08-28 21:00:00+00:00,2.4419684972906217,7898.669122132872
2030-08-28 22:00:00+00:00,2.201502513650612,7897.754997959402
2030-08-28 23:00:00+00:00,1.9189019459533778,7896.840799484385
2030-08-29 00:00:00+00:00,1.6634840999556453,7895.92652523096
2030-08-29 01:00:00+00:00,1.41760151063657,7895.0121611830455
2030-08-29 02:00:00+00:00,1.2039159756334024,7894.097706900776
2030-08-29 03:00:00+00:00,1.0287661358471523,7893.1831624456945
2030-08-29 04:00:00+00:00,0.7828185498048738,7892.2685269761805
2030-08-29 05:00:00+00:00,0.4187529054070292,7891.3538005681285
2030-08-29 06:00:00+00:00,7.40101135010682e-05,7890.438981427813
2030-08-29 07:00:00+00:00,2.6526628354920486e-06,7889.524089013317
2030-08-29 08:00:00+00:00,0.00018637371831198066,7888.612336608945
2030-08-29 09:00:00+00:00,0.36425056822699714,7887.700998627288
2030-08-29 10:00:00+00:00,1.2300087399147692,7886.789835558877
2030-08-29 11:00:00+00:00,2.095827568122487,7885.878652379489
2030-08-29 12:00:00+00:00,2.961371810255689,7884.967114390047
2030-08-29 13:00:00+00:00,3.6794310411178786,7884.055275834615
2030-08-29 14:00:00+00:00,3.9507626903051127,7883.143346185794
2030-08-29 15:00:00+00:00,4.365434466279266,7882.23133932796
2030-08-29 16:00:00+00:00,4.3654249716317555,7881.31598091603
2030-08-29 17:00:00+00:00,3.9707746131658377,7880.400201344607
2030-08-29 18:00:00+00:00,3.5311350922027067,7879.48432060492
2030-08-29 19:00:00+00:00,3.175594051675252,7878.568350525058
2030-08-29 20:00:00+00:00,2.8352459933198904,7877.652288394994
2030-08-29 21:00:00+00:00,2.5362713195394804,7876.736135748053
2030-08-29 22:00:00+00:00,2.376794352968343,7875.819892558586
2030-08-29 23:00:00+00:00,2.376763383886091,7874.903627058198
2030-08-30 00:00:00+00:00,2.376732322782611,7873.987277328043
2030-08-30 01:00:00+00:00,2.3767016898264943,7873.070839654919
2030-08-30 02:00:00+00:00,2.172230421854799,7872.15425377611
2030-08-30 03:00:00+00:00,1.8840245455825635,7871.237583372213
2030-08-30 04:00:00+00:00,1.4962097869189817,7870.320828126264
2030-08-30 05:00:00+00:00,0.8034413420916446,7869.403989076507
2030-08-30 06:00:00+00:00,5.090474280884556e-06,7868.487065605972
2030-08-30 07:00:00+00:00,7.919619688075229e-06,7867.571874221146
2030-08-30 08:00:00+00:00,1.756308094240367e-06,7866.664339133361
2030-08-30 09:00:00+00:00,1.7216278254516744e-05,7866.8569226019135
2030-08-30 10:00:00+00:00,0.0001225179434339338,7867.049528271372
2030-08-30 11:00:00+00:00,0.40329350944490766,7867.242070909802
2030-08-30 12:00:00+00:00,0.7062442479144547,7867.434544614255
2030-08-30 13:00:00+00:00,0.878226533068752,7867.626944355877
2030-08-30 14:00:00+00:00,1.0771122612561796,7867.819263519018
2030-08-30 15:00:00+00:00,1.5709185963248005,7868.011504075083
2030-08-30 16:00:00+00:00,1.7289170945070982,7868.2036675461295
2030-08-30 17:00:00+00:00,1.8915831687615139,7868.395706594333
2030-08-30 18:00:00+00:00,1.9925623376755441,7868.5876501603
2030-08-30 19:00:00+00:00,2.0604458138967017,7868.779521347435
2030-08-30 20:00:00+00:00,2.060310539579029,7868.971308507281
2030-08-30 21:00:00+00:00,2.0434000057395423,7869.163013809697
2030-08-30 22:00:00+00:00,2.042741034141666,7869.354648417239
2030-08-30 23:00:00+00:00,2.042079414195409,7869.546207310907
2030-08-31 00:00:00+00:00,1.9987225140030156,7869.737686673376
2030-08-31 01:00:00+00:00,1.9456119583442548,7869.92908315508
2030-08-31 02:00:00+00:00,1.887121189842668,7870.12040057558
2030-08-31 03:00:00+00:00,1.8217945254883887,7870.311631764744
2030-08-31 04:00:00+00:00,1.737769333600107,7870.502774266179
2030-08-31 05:00:00+00:00,1.539064461942325,7870.693826086875
2030-08-31 06:00:00+00:00,1.002748897772249,7870.88478894862
2030-08-31 07:00:00+00:00,0.07267478124481583,7871.075530087435
2030-08-31 08:00:00+00:00,0.0008289167406869286,7871.265800559647
2030-08-31 09:00:00+00:00,0.0022817980685351127,7871.455337283875
2030-08-31 10:00:00+00:00,0.39552700572476995,7871.644022116353
2030-08-31 11:00:00+00:00,0.8087681383517793,7871.832137153807
2030-08-31 12:00:00+00:00,1.20001006772467,7872.019921857486
2030-08-31 13:00:00+00:00,1.9725934123529114,7872.207378202439
2030-08-31 14:00:00+00:00,2.8377841251855744,7872.3943787402695
2030-08-31 15:00:00+00:00,3.7019413869598883,7872.5806849501905
2030-08-31 16:00:00+00:00,4.364786480983394,7872.76595615323
2030-08-31 17:00:00+00:00,4.230243817808596,7872.950148943822
2030-08-31 18:00:00+00:00,3.7152362599697115,7873.133711952292
2030-08-31 19:00:00+00:00,3.20343005486614,7873.316993519417
2030-08-31 20:00:00+00:00,2.4938124486963122,7873.500166307371
2030-08-31 21:00:00+00:00,1.999807414077432,7873.683248368996
2030-08-31 22:00:00+00:00,1.3081988278740582,7873.866239358461
2030-08-31 23:00:00+00:00,0.5284348917201753,7874.04913954441
2030-09-01 00:00:00+00:00,0.009252908481631694,7874.231948771399
2030-09-01 01:00:00+00:00,0.008970653162527929,7874.414668615508
2030-09-01 02:00:00+00:00,0.008641783908075634,7874.59729937299
2030-09-01 03:00:00+00:00,0.007834961805279098,7874.779836150227
2030-09-01 04:00:00+00:00,0.006894934563244189,7874.962278682835
2030-09-01 05:00:00+00:00,0.0047375036516670655,7875.14462998577
2030-09-01 06:00:00+00:00,0.00027700644066423465,7875.326892729371
2030-09-01 07:00:00+00:00,0.00027301933575453853,7875.509064533792
2030-09-01 08:00:00+00:00,2.2782223321609326e-05,7875.6911361236525
2030-09-01 09:00:00+00:00,0.6549927056314471,7875.873148202307
2030-09-01 10:00:00+00:00,1.3565858112466909,7876.0550533226115
2030-09-01 11:00:00+00:00,2.030516565876933,7876.2368227589
2030-09-01 12:00:00+00:00,2.759100552584586,7876.418459837737
2030-09-01 13:00:00+00:00,3.4946152950702234,7876.599987487625
2030-09-01 14:00:00+00:00,4.31816856531809,7876.781400453294
2030-09-01 15:00:00+00:00,4.365414029605561,7876.962705100274
2030-09-01 16:00:00+00:00,4.3637760889981365,7877.1437865038015
2030-09-01 17:00:00+00:00,3.96735821318314,7877.32465586029
2030-09-01 18:00:00+00:00,3.6148743616449543,7877.505299667212
2030-09-01 19:00:00+00:00,2.673194894268118,7877.685834405801
2030-09-01 20:00:00+00:00,2.218154088551355,7877.866253974275
2030-09-01 21:00:00+00:00,2.0847233464101596,7878.046533560791
2030-09-01 22:00:00+00:00,2.083564408728182,7878.2267140452805
2030-09-01 23:00:00+00:00,2.082447641402904,7878.406806915322
2030-09-02 00:00:00+00:00,2.081338650274391,7878.586810591971
2030-09-02 01:00:00+00:00,2.0802301888124406,7878.766726636688
2030-09-02 02:00:00+00:00,2.079134282392923,7878.946556006472
2030-09-02 03:00:00+00:00,2.0585620381869028,7879.126294821088
2030-09-02 04:00:00+00:00,1.849356766129797,7879.3059315572555
2030-09-02 05:00:00+00:00,1.63991818102917,7879.485431985586
2030-09-02 06:00:00+00:00,0.48676476942211944,7879.664708439756
2030-09-02 07:00:00+00:00,0.0012046663849132361,7879.843836062544
2030-09-02 08:00:00+00:00,6.685881544872729e-05,7880.022853369607
2030-09-02 09:00:00+00:00,0.5552076976011304,7880.201786804698
2030-09-02 10:00:00+00:00,1.1266623187590077,7880.380581758217
2030-09-02 11:00:00+00:00,1.9864108818939339,7880.559229817879
2030-09-02 12:00:00+00:00,2.846780408049326,7880.737739921372
2030-09-02 13:00:00+00:00,3.7068067851508077,7880.916126821623
2030-09-02 14:00:00+00:00,4.365418860144217,7881.094404504967
2030-09-02 15:00:00+00:00,4.3652384510618,7881.272535023238
2030-09-02 16:00:00+00:00,4.365441592993338,7881.450560943157
2030-09-02 17:00:00+00:00,4.365412347514481,7880.544445710011
2030-09-02 18:00:00+00:00,4.3653639853351285,7879.617514238551
2030-09-02 19:00:00+00:00,4.365354691307875,7878.693929117691
2030-09-02 20:00:00+00:00,4.365350753674995,7877.770301511666
2030-09-02 21:00:00+00:00,4.365350926318059,7876.846574341236
2030-09-02 22:00:00+00:00,4.365354838327798,7875.922762808075
2030-09-02 23:00:00+00:00,4.365363874191829,7874.998863110216
2030-09-03 00:00:00+00:00,4.365380167569327,7874.074865988526
2030-09-03 01:00:00+00:00,4.365415704214638,7873.150765007443
2030-09-03 02:00:00+00:00,4.365432884908511,7872.2216030331165
2030-09-03 03:00:00+00:00,4.365435416089919,7871.289791756605
2030-09-03 04:00:00+00:00,4.365410735410233,7870.356924044532
2030-09-03 05:00:00+00:00,4.365402295772305,7869.423971698066
2030-09-03 06:00:00+00:00,4.365368802512671,7868.490803588217
2030-09-03 07:00:00+00:00,4.365365061078212,7867.557683332031
2030-09-03 08:00:00+00:00,4.365364656636274,7866.624490042897
2030-09-03 09:00:00+00:00,4.365368757444827,7865.69124008388
2030-09-03 10:00:00+00:00,4.365374457702276,7864.757872986152
2030-09-03 11:00:00+00:00,4.365383337601237,7863.824387862522
2030-09-03 12:00:00+00:00,4.365398985186638,7862.89078745678
2030-09-03 13:00:00+00:00,4.365438603090378,7861.9570669186005
2030-09-03 14:00:00+00:00,4.365434069739347,7861.022798439051
2030-09-03 15:00:00+00:00,4.365439162039683,7860.0883236309555
2030-09-03 16:00:00+00:00,4.263428335289329,7859.153327635823
2030-09-03 17:00:00+00:00,3.510810482012888,7858.21821295519
2030-09-03 18:00:00+00:00,2.78804067519361,7857.282998006628
2030-09-03 19:00:00+00:00,2.030576204623377,7856.347699998228
2030-09-03 20:00:00+00:00,1.7165544651514026,7855.412320357101
2030-09-03 21:00:00+00:00,1.5100731241540306,7854.476861700395
2030-09-03 22:00:00+00:00,1.5100565986232186,7853.5413372699
2030-09-03 23:00:00+00:00,1.5100400905152256,7852.605725348671
2030-09-04 00:00:00+00:00,1.5100235923751122,7851.670026280745
2030-09-04 01:00:00+00:00,1.5100077358161468,7850.734232937109
2030-09-04 02:00:00+00:00,1.5099920845237351,7849.7983382897655
2030-09-04 03:00:00+00:00,1.170191264361355,7848.8623396389075
2030-09-04 04:00:00+00:00,0.7385639863065134,7847.92624808431
2030-09-04 05:00:00+00:00,0.7087981054559689,7846.990064228468
2030-09-04 06:00:00+00:00,3.1341279153946482e-06,7846.053787732629
2030-09-04 07:00:00+00:00,1.6369431599900614e-06,7845.117578411338
2030-09-04 08:00:00+00:00,7.712640722646828e-05,7844.185326045285
2030-09-04 09:00:00+00:00,0.00010602080254425848,7843.253089906972
2030-09-04 10:00:00+00:00,0.000147864766935536,7842.321946487978
2030-09-04 11:00:00+00:00,0.8655541874672275,7841.395085743804
2030-09-04 12:00:00+00:00,1.7315401109591313,7840.566830112841
2030-09-04 13:00:00+00:00,1.7315754069068172,7839.635691613262
2030-09-04 14:00:00+00:00,1.7315891659221752,7838.70294045897
2030-09-04 15:00:00+00:00,1.731604046553384,7837.770084728705
2030-09-04 16:00:00+00:00,1.7316084493473891,7836.835982883087
2030-09-04 17:00:00+00:00,0.8157923880267851,7835.89979480112
2030-09-04 18:00:00+00:00,0.0009371090193461582,7834.9635114175535
2030-09-04 19:00:00+00:00,0.0008960712843485217,7834.027398384295
2030-09-04 20:00:00+00:00,0.0008710686996390995,7833.091361006274
2030-09-04 21:00:00+00:00,0.0008741689506231163,7832.156751581955
2030-09-04 22:00:00+00:00,0.0009559658741249539,7831.2263284453575
2030-09-04 23:00:00+00:00,0.0010283153158359435,7830.295802855854
2030-09-05 00:00:00+00:00,0.001093067875443382,7829.36517471431
2030-09-05 01:00:00+00:00,0.0011527722489373293,7828.434454149986
2030-09-05 02:00:00+00:00,0.001208789189861035,7827.5036457104125
2030-09-05 03:00:00+00:00,0.001262069744776284,7826.572749099436
2030-09-05 04:00:00+00:00,0.0012774162442431639,7825.639098703402
2030-09-05 05:00:00+00:00,0.0012378793148094104,7824.702173017835
2030-09-05 06:00:00+00:00,5.284982419020245e-05,7823.764895514561
2030-09-05 07:00:00+00:00,9.946744728011659e-05,7822.838242487172
2030-09-05 08:00:00+00:00,0.4398630593213426,7822.533483500697
2030-09-05 09:00:00+00:00,0.7653995915544702,7822.229335655994
2030-09-05 10:00:00+00:00,1.6147211990753225,7821.964774995483
2030-09-05 11:00:00+00:00,2.48074258195404,7822.135694645354
2030-09-05 12:00:00+00:00,3.3467639259766644,7822.306503974927
2030-09-05 13:00:00+00:00,4.034301995620528,7822.006129118036
2030-09-05 14:00:00+00:00,4.365394743106853,7821.699831059666
2030-09-05 15:00:00+00:00,4.365440490795139,7820.769316097476
2030-09-05 16:00:00+00:00,4.255787178744106,7819.830022963638
2030-09-05 17:00:00+00:00,4.194422588214256,7818.89063306379
2030-09-05 18:00:00+00:00,3.639696893920384,7817.951159412183
2030-09-05 19:00:00+00:00,3.504907274692344,7817.011599728462
2030-09-05 20:00:00+00:00,3.460151881505092,7816.071951978435
2030-09-05 21:00:00+00:00,3.420419475036499,7815.132216154654
2030-09-05 22:00:00+00:00,3.382036746183164,7814.192392715397
2030-09-05 23:00:00+00:00,3.3453115570069625,7813.2524816582
2030-09-06 00:00:00+00:00,3.3452689061514023,7812.312516387074
2030-09-06 01:00:00+00:00,3.3452552365414756,7811.372519698785
2030-09-06 02:00:00+00:00,3.345240991098134,7810.432434784245
2030-09-06 03:00:00+00:00,3.345226792750827,7809.4922629256025
2030-09-06 04:00:00+00:00,3.3451895162362137,7808.551953440411
2030-09-06 05:00:00+00:00,3.3451484876137596,7807.611551479696
2030-09-06 06:00:00+00:00,3.345080587866935,7806.67104582748
2030-09-06 07:00:00+00:00,3.3450669016481562,7805.7305022151395
2030-09-06 08:00:00+00:00,3.3450527408427697,7804.789854671713
2030-09-06 09:00:00+00:00,3.345039449176822,7803.849109131001
2030-09-06 10:00:00+00:00,3.345025643940276,7802.908253321772
2030-09-06 11:00:00+00:00,3.3449842649112553,7801.967235163618
2030-09-06 12:00:00+00:00,3.344943616019892,7801.026120673249
2030-09-06 13:00:00+00:00,3.344925829002896,7800.085009980499
2030-09-06 14:00:00+00:00,3.344921819746394,7799.144423329164
2030-09-06 15:00:00+00:00,4.089486848311734,7798.204426739199
2030-09-06 16:00:00+00:00,4.089473487269671,7797.263865169399
2030-09-06 17:00:00+00:00,4.089434959407322,7796.323170086243
2030-09-06 18:00:00+00:00,4.089397461383014,7795.382397208562
2030-09-06 19:00:00+00:00,4.089359591886179,7794.441524181481
2030-09-06 20:00:00+00:00,4.0893216445992575,7793.500572287669
2030-09-06 21:00:00+00:00,4.089293835031574,7792.559595726628
2030-09-06 22:00:00+00:00,4.089255782798878,7791.618646248443
2030-09-06 23:00:00+00:00,4.089217705020382,7790.677746710083
2030-09-07 00:00:00+00:00,4.089179492636394,7789.736988160178
2030-09-07 01:00:00+00:00,4.089140968960072,7788.796479175035
2030-09-07 02:00:00+00:00,4.089102578493667,7787.856266673793
2030-09-07 03:00:00+00:00,4.089063682008608,7786.916289867326
2030-09-07 04:00:00+00:00,4.089062005825055,7785.976604921436
2030-09-07 05:00:00+00:00,4.08905994823541,7785.036927958391
2030-09-07 06:00:00+00:00,4.089057774672985,7784.097186068386
2030-09-07 07:00:00+00:00,4.089054921668907,7783.1573267328795
2030-09-07 08:00:00+00:00,4.08905232639187,7782.217358127409
2030-09-07 09:00:00+00:00,4.089049716843146,7781.277244693303
2030-09-07 10:00:00+00:00,4.089046854868492,7780.336992477034
2030-09-07 11:00:00+00:00,4.0890440920309254,7779.396522178505
2030-09-07 12:00:00+00:00,4.0890414414760325,7778.455821873108
2030-09-07 13:00:00+00:00,4.089038321272715,7777.515042250438
2030-09-07 14:00:00+00:00,4.089034889279128,7776.574179267192
2030-09-07 15:00:00+00:00,4.365425829762316,7775.633646102777
2030-09-07 16:00:00+00:00,4.365430870620692,7774.692584574793
2030-09-07 17:00:00+00:00,4.219691230510108,7773.751143432672
2030-09-07 18:00:00+00:00,3.8855074689839437,7772.809627216768
2030-09-07 19:00:00+00:00,3.5383255791181503,7771.868036689707
2030-09-07 20:00:00+00:00,3.245243663566651,7770.926369042602
2030-09-07 21:00:00+00:00,3.0016527583868253,7769.984670957018
2030-09-07 22:00:00+00:00,2.779241828182451,7769.043055901562
2030-09-07 23:00:00+00:00,2.6195514532497697,7768.101698256703
2030-09-08 00:00:00+00:00,2.472557376797464,7767.161112691379
2030-09-08 01:00:00+00:00,2.1887323747723384,7766.221897165719
2030-09-08 02:00:00+00:00,1.8387972794492518,7765.2850446573075
2030-09-08 03:00:00+00:00,1.4609605351168318,7764.354920077339
2030-09-08 04:00:00+00:00,1.0715366142156832,7763.429602906446
2030-09-08 05:00:00+00:00,0.6422900295308488,7762.510613176067
2030-09-08 06:00:00+00:00,0.10646696795413854,7761.594681688992
2030-09-08 07:00:00+00:00,0.02417933372602273,7760.678898326054
2030-09-08 08:00:00+00:00,0.5251338358403,7759.763421139646
2030-09-08 09:00:00+00:00,1.0732415826777462,7758.847861616721
2030-09-08 10:00:00+00:00,1.889055042522146,7757.932201873195
2030-09-08 11:00:00+00:00,2.602495404829021,7757.016441180123
2030-09-08 12:00:00+00:00,3.0540623041855075,7756.100600077109
2030-09-08 13:00:00+00:00,3.4557357407534757,7755.184676114868
2030-09-08 14:00:00+00:00,3.8521328892915196,7754.268670504036
2030-09-08 15:00:00+00:00,4.343388445635234,7753.352588890011
2030-09-08 16:00:00+00:00,4.258758649656318,7752.436062104509
2030-09-08 17:00:00+00:00,3.8620871050024084,7751.519463849254
2030-09-08 18:00:00+00:00,3.497164538449834,7750.602783087394
2030-09-08 19:00:00+00:00,3.2056582220124548,7749.6860587311685
2030-09-08 20:00:00+00:00,2.982942712425397,7748.769306489769
2030-09-08 21:00:00+00:00,2.865600002567918,7747.852556612799
2030-09-08 22:00:00+00:00,2.7709368823276024,7746.935814322404
2030-09-08 23:00:00+00:00,2.770911932588927,7746.019115144007
2030-09-09 00:00:00+00:00,2.7571304133933427,7745.102361627368
2030-09-09 01:00:00+00:00,2.7403568080336305,7744.185587348158
2030-09-09 02:00:00+00:00,2.740039106628387,7743.268795046909
2030-09-09 03:00:00+00:00,2.7139744132585384,7742.351922534789
2030-09-09 04:00:00+00:00,2.6022684436700048,7741.434961023944
2030-09-09 05:00:00+00:00,2.4581798894117393,7740.517911527843
2030-09-09 06:00:00+00:00,2.314356037539506,7739.600772999026
2030-09-09 07:00:00+00:00,2.3141908423306408,7738.683552736329
2030-09-09 08:00:00+00:00,2.314173727466387,7737.766283970758
2030-09-09 09:00:00+00:00,2.3141813685768318,7736.849047612017
2030-09-09 10:00:00+00:00,2.314154612534686,7735.931622651869
2030-09-09 11:00:00+00:00,2.3141278889587156,7735.014126806262
2030-09-09 12:00:00+00:00,2.204657686133847,7734.0965758215725
2030-09-09 13:00:00+00:00,2.056456515107552,7733.179121400584
2030-09-09 14:00:00+00:00,1.8871056715401,7732.26179369942
2030-09-09 15:00:00+00:00,1.6090075740511727,7731.3448168416335
2030-09-09 16:00:00+00:00,1.280172257048386,7730.428650160862
2030-09-09 17:00:00+00:00,1.0094553598059635,7729.513604128566
2030-09-09 18:00:00+00:00,0.7287004011991415,7728.599890800917
2030-09-09 19:00:00+00:00,0.4491359729781902,7727.687700081785
2030-09-09 20:00:00+00:00,0.0965389551968052,7726.777725806933
2030-09-09 21:00:00+00:00,3.5340148130573393e-06,7725.869609109357
2030-09-09 22:00:00+00:00,5.095058754353976e-06,7724.963856168415
2030-09-09 23:00:00+00:00,3.0167048975000383e-05,7724.0666129341835
2030-09-10 00:00:00+00:00,4.707132350177156e-05,7723.18336553962
2030-09-10 01:00:00+00:00,6.97521751062438e-05,7723.345145791322
2030-09-10 02:00:00+00:00,8.043674279573471e-05,7723.506820841053
2030-09-10 03:00:00+00:00,8.46809486876399e-05,7723.66854538052
2030-09-10 04:00:00+00:00,8.350641372215903e-05,7723.830214301582
2030-09-10 05:00:00+00:00,6.469744151972263e-05,7722.950926535655
2030-09-10 06:00:00+00:00,2.5491931793370568e-05,7722.071438717271
2030-09-10 07:00:00+00:00,1.9319759236432723e-06,7722.268087532107
2030-09-10 08:00:00+00:00,7.204667529612225e-05,7722.4722826827765
2030-09-10 09:00:00+00:00,0.5909799315868912,7722.676631524181
2030-09-10 10:00:00+00:00,1.2717684688760882,7722.880976414625
2030-09-10 11:00:00+00:00,1.8999150356750232,7723.085416366382
2030-09-10 12:00:00+00:00,2.5375323364050386,7723.289924379982
2030-09-10 13:00:00+00:00,3.3006270669594966,7723.494448285184
2030-09-10 14:00:00+00:00,4.010747363067441,7723.698955588264
2030-09-10 15:00:00+00:00,4.365127786468804,7723.903444028782
2030-09-10 16:00:00+00:00,4.365056171002505,7724.107858505009
2030-09-10 17:00:00+00:00,4.365414092808022,7724.312202076731
2030-09-10 18:00:00+00:00,4.365417904020045,7724.516418106814
2030-09-10 19:00:00+00:00,4.365121838747912,7724.720567791933
2030-09-10 20:00:00+00:00,4.364997537022609,7724.9248106735595
2030-09-10 21:00:00+00:00,4.364921875494923,7725.129227542796
2030-09-10 22:00:00+00:00,4.364883176438883,7725.334028449821
2030-09-10 23:00:00+00:00,4.364899250103479,7725.539152487893
2030-09-11 00:00:00+00:00,4.364937397609955,7725.744416011594
2030-09-11 01:00:00+00:00,4.365004160920248,7725.949737725127
2030-09-11 02:00:00+00:00,4.3651237418520745,7726.155292885542
2030-09-11 03:00:00+00:00,4.365421356892181,7726.361251862027
2030-09-11 04:00:00+00:00,4.365437862610403,7726.567678549716
2030-09-11 05:00:00+00:00,4.365388367387384,7726.773750165574
2030-09-11 06:00:00+00:00,4.150160221471416,7726.979723838962
2030-09-11 07:00:00+00:00,4.150237856377131,7727.186561577433
2030-09-11 08:00:00+00:00,4.174254470605458,7727.393441068609
2030-09-11 09:00:00+00:00,4.20240239476612,7727.600332485013
2030-09-11 10:00:00+00:00,4.236552688148184,7727.807268567484
2030-09-11 11:00:00+00:00,4.281892515364318,7728.014419030665
2030-09-11 12:00:00+00:00,4.36543772863074,7728.221771283715
2030-09-11 13:00:00+00:00,4.365405968428809,7728.419473372949
2030-09-11 14:00:00+00:00,4.365394814427113,7728.617088140454
2030-09-11 15:00:00+00:00,4.365397370270724,7728.817353898032
2030-09-11 16:00:00+00:00,4.365437090751643,7729.020491127062
2030-09-11 17:00:00+00:00,4.365416535305724,7728.121868357109
2030-09-11 18:00:00+00:00,4.365395353658139,7727.223002938018
2030-09-11 19:00:00+00:00,4.365384639586292,7726.324212046328
2030-09-11 20:00:00+00:00,4.365377800184112,7725.425465011332
2030-09-11 21:00:00+00:00,4.365378247564551,7724.526908038507
2030-09-11 22:00:00+00:00,4.365383112309144,7723.628447484693
2030-09-11 23:00:00+00:00,4.365391256920459,7722.729980513799
2030-09-12 00:00:00+00:00,4.365392576180379,7721.8312560385
2030-09-12 01:00:00+00:00,4.365397062200968,7720.932483806645
2030-09-12 02:00:00+00:00,4.365407043440687,7720.0336934321
2030-09-12 03:00:00+00:00,4.3654321107899605,7719.134913100253
2030-09-12 04:00:00+00:00,4.365428873409988,7718.235665220122
2030-09-12 05:00:00+00:00,4.365424713915283,7717.336380330672
2030-09-12 06:00:00+00:00,4.360764648620932,7716.436986334022
2030-09-12 07:00:00+00:00,4.3578822253223,7715.5375881683985
2030-09-12 08:00:00+00:00,4.357856801119258,7714.638218805069
2030-09-12 09:00:00+00:00,4.357831366612783,7713.738863443893
2030-09-12 10:00:00+00:00,4.356489892201583,7712.839572205214
2030-09-12 11:00:00+00:00,4.356458361583438,7711.940454104896
2030-09-12 12:00:00+00:00,4.356432397386414,7711.041539418777
2030-09-12 13:00:00+00:00,4.356406580854458,7710.142866704558
2030-09-12 14:00:00+00:00,4.268411177691278,7709.244679416698
2030-09-12 15:00:00+00:00,4.1409406735294265,7708.346671747335
2030-09-12 16:00:00+00:00,3.7555380319880003,7707.449083265508
2030-09-12 17:00:00+00:00,3.389342911571104,7706.551643633591
2030-09-12 18:00:00+00:00,2.624091540147398,7705.654173548827
2030-09-12 19:00:00+00:00,2.3040304082957492,7704.756678322184
2030-09-12 20:00:00+00:00,1.9901775653176825,7703.859125649046
2030-09-12 21:00:00+00:00,1.7262296866855866,7702.961506781992
2030-09-12 22:00:00+00:00,1.4098082788673887,7702.063820246488
2030-09-12 23:00:00+00:00,1.1239285507615986,7701.166066021283
2030-09-13 00:00:00+00:00,0.9291922986210688,7700.268244243679
2030-09-13 01:00:00+00:00,0.8092082795039527,7699.370350800471
2030-09-13 02:00:00+00:00,0.5341190952613443,7698.472385898914
2030-09-13 03:00:00+00:00,0.0006788717775386459,7697.574353665231
2030-09-13 04:00:00+00:00,0.0005454355046606582,7696.67626395388
2030-09-13 05:00:00+00:00,0.0003680708448872134,7695.778109577712
2030-09-13 06:00:00+00:00,6.478323285428288e-06,7694.879889207824
2030-09-13 07:00:00+00:00,3.3567358605791816e-05,7693.982287717056
2030-09-13 08:00:00+00:00,6.39228013778652e-05,7693.084826632972
2030-09-13 09:00:00+00:00,0.00011207465817147317,7692.187477857001
2030-09-13 10:00:00+00:00,0.000162002682888137,7691.290200627574
2030-09-13 11:00:00+00:00,0.2056735966737529,7690.393122897009
2030-09-13 12:00:00+00:00,0.20568708344580902,7689.495726213812
2030-09-13 13:00:00+00:00,0.2056970584107431,7688.598207710658
2030-09-13 14:00:00+00:00,0.20570830662638623,7687.700208795166
2030-09-13 15:00:00+00:00,0.20571872256904078,7686.802146732262
2030-09-13 16:00:00+00:00,0.2056919434552126,7685.904134115418
2030-09-13 17:00:00+00:00,0.20547602890837488,7685.006435449345
2030-09-13 18:00:00+00:00,0.20528317986556932,7684.109129390843
2030-09-13 19:00:00+00:00,0.00012334334973507246,7683.211929643318
2030-09-13 20:00:00+00:00,8.968698882479121e-05,7682.314813177293
2030-09-13 21:00:00+00:00,1.6075850852716667e-05,7681.417645557231
2030-09-13 22:00:00+00:00,1.0465823627783026e-05,7680.520881987671
2030-09-13 23:00:00+00:00,1.7729174659712616e-05,7679.625706625489
2030-09-14 00:00:00+00:00,2.9816841049864373e-05,7678.7329954536335
2030-09-14 01:00:00+00:00,3.822662895427699e-05,7677.844170830944
2030-09-14 02:00:00+00:00,5.6564661525640286e-05,7677.608990991481
2030-09-14 03:00:00+00:00,6.789193430218034e-05,7677.786224162099
2030-09-14 04:00:00+00:00,6.695535978893165e-05,7677.846639654332
2030-09-14 05:00:00+00:00,6.739668914392905e-05,7678.045493316812
2030-09-14 06:00:00+00:00,4.821588812745145e-05,7677.820163682415
2030-09-14 07:00:00+00:00,2.523312440329694e-05,7678.019165410922
2030-09-14 08:00:00+00:00,0.3584884902411902,7678.233770702763
2030-09-14 09:00:00+00:00,0.8135339005114028,7678.448521978913
2030-09-14 10:00:00+00:00,1.07878106213308,7678.663377528006
2030-09-14 11:00:00+00:00,1.3527427396803102,7678.87830751192
2030-09-14 12:00:00+00:00,2.1741202461793363,7679.093246836483
2030-09-14 13:00:00+00:00,2.4347646192278987,7679.308160973219
2030-09-14 14:00:00+00:00,2.5859451796822377,7679.523050849814
2030-09-14 15:00:00+00:00,2.555427259089915,7679.722632039818
2030-09-14 16:00:00+00:00,2.468991011176644,7679.92213695997
2030-09-14 17:00:00+00:00,2.321181335546249,7680.121581415914
2030-09-14 18:00:00+00:00,2.1527552268094086,7680.321003094477
2030-09-14 19:00:00+00:00,1.969904734220754,7680.52041120628
2030-09-14 20:00:00+00:00,1.7608011447549865,7680.719850890009
2030-09-14 21:00:00+00:00,1.5381311691903687,7680.919396840872
2030-09-14 22:00:00+00:00,1.3339710305025445,7681.119099148487
2030-09-14 23:00:00+00:00,1.1214228507274482,7681.318910569254
2030-09-15 00:00:00+00:00,1.1213598627044203,7681.527107879342
2030-09-15 01:00:00+00:00,1.1212946071094096,7681.734244478024
2030-09-15 02:00:00+00:00,1.1212301250199594,7681.939218205541
2030-09-15 03:00:00+00:00,1.1211020813288621,7682.135012429586
2030-09-15 04:00:00+00:00,0.8881909650236859,7682.3195646481345
2030-09-15 05:00:00+00:00,0.5345839316327329,7682.497655905586
2030-09-15 06:00:00+00:00,2.1822205035216363e-06,7682.672555962006
2030-09-15 07:00:00+00:00,1.0196907484543042e-05,7682.864124742675
2030-09-15 08:00:00+00:00,0.012720531207830009,7683.055776612991
2030-09-15 09:00:00+00:00,0.3518200018008948,7683.247372400214
2030-09-15 10:00:00+00:00,0.5853200308793388,7683.438914320371
2030-09-15 11:00:00+00:00,0.9746452912808509,7683.630404362151
2030-09-15 12:00:00+00:00,1.353074399174712,7683.821838253479
2030-09-15 13:00:00+00:00,1.6937032487474455,7684.013214231696
2030-09-15 14:00:00+00:00,1.979234825172441,7684.204518506272
2030-09-15 15:00:00+00:00,2.2284789254681963,7684.395759738975
2030-09-15 16:00:00+00:00,2.4095621961992073,7684.586932304015
2030-09-15 17:00:00+00:00,2.540267337113715,7684.7780362305175
2030-09-15 18:00:00+00:00,2.688468277450245,7684.969111271884
2030-09-15 19:00:00+00:00,2.876401434107976,7685.160487189961
2030-09-15 20:00:00+00:00,3.1309555094082056,7685.352575858082
2030-09-15 21:00:00+00:00,3.46360535340754,7685.545436515089
2030-09-15 22:00:00+00:00,3.613019152849239,7685.73934751446
2030-09-15 23:00:00+00:00,3.828513402993898,7685.934630384328
2030-09-16 00:00:00+00:00,4.089176890287352,7686.130930095684
2030-09-16 01:00:00+00:00,3.632283358400641,7686.327582447203
2030-09-16 02:00:00+00:00,2.901422478954325,7686.524672893968
2030-09-16 03:00:00+00:00,2.7107548201442633,7686.722277294512
2030-09-16 04:00:00+00:00,2.175873820673897,7686.920269340652
2030-09-16 05:00:00+00:00,1.4741529140948535,7687.118646033236
2030-09-16 06:00:00+00:00,0.3197412589010019,7687.31734315592
2030-09-16 07:00:00+00:00,0.25240213843248543,7687.516116510694
2030-09-16 08:00:00+00:00,0.5184847215663007,7687.714874781655
2030-09-16 09:00:00+00:00,0.8395778793616279,7687.9135811406795
2030-09-16 10:00:00+00:00,1.3479704340919596,7688.112229265018
2030-09-16 11:00:00+00:00,1.8448897778835045,7688.31083646833
2030-09-16 12:00:00+00:00,2.3586104702750808,7688.509375728136
2030-09-16 13:00:00+00:00,2.796590060437887,7688.707719620913
2030-09-16 14:00:00+00:00,3.2488330204135814,7688.905905704829
2030-09-16 15:00:00+00:00,3.6861044479925287,7689.104087658372
2030-09-16 16:00:00+00:00,3.904911758995571,7689.301611262969
2030-09-16 17:00:00+00:00,3.2427837026520687,7689.498405786514
2030-09-16 18:00:00+00:00,2.2302157618066887,7689.693875274983
2030-09-16 19:00:00+00:00,2.2568427952269006,7689.887701860153
2030-09-16 20:00:00+00:00,2.317930663161729,7690.079210547447
2030-09-16 21:00:00+00:00,2.3515921852901682,7690.268756015511
2030-09-16 22:00:00+00:00,2.6652759290330614,7690.456680426592
2030-09-16 23:00:00+00:00,3.0791890522203724,7690.644003995404
2030-09-17 00:00:00+00:00,3.5116326320094573,7690.830638479651
2030-09-17 01:00:00+00:00,3.984810678926994,7691.017214817828
2030-09-17 02:00:00+00:00,4.355111705763386,7691.203738049001
2030-09-17 03:00:00+00:00,4.365415203666421,7691.390188213366
2030-09-17 04:00:00+00:00,4.365292076280452,7691.576538392124
2030-09-17 05:00:00+00:00,4.365122854948625,7691.762817022252
2030-09-17 06:00:00+00:00,4.3653273649655535,7691.949021213722
2030-09-17 07:00:00+00:00,3.968566244234096,7692.135057168074
2030-09-17 08:00:00+00:00,3.6376308852622636,7692.320974290903
2030-09-17 09:00:00+00:00,4.365313216600132,7692.506716039618
2030-09-17 10:00:00+00:00,4.365235611939588,7692.692394569592
2030-09-17 11:00:00+00:00,4.365311129291127,7692.877956091335
2030-09-17 12:00:00+00:00,4.365329422234614,7693.0634215495365
2030-09-17 13:00:00+00:00,4.365428310411242,7693.248824513614
2030-09-17 14:00:00+00:00,4.365436959614077,7693.434180827495
2030-09-17 15:00:00+00:00,4.365439813788266,7693.619449258873
2030-09-17 16:00:00+00:00,4.365412482371777,7692.805154756819
2030-09-17 17:00:00+00:00,4.3653861294894245,7691.891911571635
2030-09-17 18:00:00+00:00,4.365306343091048,7690.975057044924
2030-09-17 19:00:00+00:00,4.365188376993154,7690.061068934769
2030-09-17 20:00:00+00:00,3.888273005976589,7689.147668364233
2030-09-17 21:00:00+00:00,3.508541816913247,7688.238971826229
2030-09-17 22:00:00+00:00,3.256787989080617,7687.334701396816
2030-09-17 23:00:00+00:00,3.0328932763353396,7686.431355692068
2030-09-18 00:00:00+00:00,3.032842020505957,7685.52953325181
2030-09-18 01:00:00+00:00,3.032790439060057,7684.628314643442
2030-09-18 02:00:00+00:00,3.032738707440214,7683.727876025501
2030-09-18 03:00:00+00:00,3.0326844702966897,7682.829734397902
2030-09-18 04:00:00+00:00,2.828697528290832,7681.9343507053845
2030-09-18 05:00:00+00:00,2.527621460349256,7681.046223030762
2030-09-18 06:00:00+00:00,1.372995441184621,7680.169989017871
2030-09-18 07:00:00+00:00,1.1106289489202925,7679.298306003578
2030-09-18 08:00:00+00:00,0.8459263043399082,7678.42761090651
2030-09-18 09:00:00+00:00,0.5608387036075209,7677.557545007571
2030-09-18 10:00:00+00:00,0.26417465207920776,7676.687951169698
2030-09-18 11:00:00+00:00,1.4917173564787767e-05,7675.818681836306
2030-09-18 12:00:00+00:00,2.729659321477401e-05,7676.052239439288
2030-09-18 13:00:00+00:00,0.8660030499709191,7676.289478114914
2030-09-18 14:00:00+00:00,1.7319648804847003,7676.526133983829
2030-09-18 15:00:00+00:00,2.5979842161823483,7676.763872118331
2030-09-18 16:00:00+00:00,3.4639169128530827,7676.999634297377
2030-09-18 17:00:00+00:00,3.463908217623586,7677.2318532056015
2030-09-18 18:00:00+00:00,3.4638867004331746,7677.46136061715
2030-09-18 19:00:00+00:00,3.4638654976107,7677.690760860361
2030-09-18 20:00:00+00:00,3.4638445183980817,7677.919980432144
2030-09-18 21:00:00+00:00,3.46383741780814,7678.151605434027
2030-09-18 22:00:00+00:00,3.463829948913856,7678.383110315008
2030-09-18 23:00:00+00:00,3.463797043786535,7678.6094885364755
2030-09-19 00:00:00+00:00,3.355842229719013,7678.4030638430995
2030-09-19 01:00:00+00:00,3.224065810600222,7678.194692769825
2030-09-19 02:00:00+00:00,3.0768001229351896,7677.984966881803
2030-09-19 03:00:00+00:00,2.9619792006983863,7677.776343083855
2030-09-19 04:00:00+00:00,2.9618737685907437,7677.987134924035
2030-09-19 05:00:00+00:00,2.7921871963470544,7677.773986821927
2030-09-19 06:00:00+00:00,1.6374941970671426,7676.900688342785
2030-09-19 07:00:00+00:00,0.4828994315355701,7676.055004983665
2030-09-19 08:00:00+00:00,0.33080542891283515,7675.844603331442
2030-09-19 09:00:00+00:00,0.1333636174264338,7675.635389974869
2030-09-19 10:00:00+00:00,3.6796211536931504e-05,7675.43595934923
2030-09-19 11:00:00+00:00,0.09207368465483569,7675.669209652638
2030-09-19 12:00:00+00:00,0.9580221005425484,7675.90248964614
2030-09-19 13:00:00+00:00,1.824040727184421,7676.136521512531
2030-09-19 14:00:00+00:00,2.690053093650752,7676.369502176182
2030-09-19 15:00:00+00:00,3.5559392031847263,7676.601324042146
2030-09-19 16:00:00+00:00,3.6707387013199373,7676.83246306791
2030-09-19 17:00:00+00:00,3.735003686712355,7677.063349903333
2030-09-19 18:00:00+00:00,3.8541847768498783,7677.294173981916
2030-09-19 19:00:00+00:00,4.0500810559847915,7677.52503289571
2030-09-19 20:00:00+00:00,4.365420180393386,7677.756022533088
2030-09-19 21:00:00+00:00,4.3653696431536195,7677.965712031561
2030-09-19 22:00:00+00:00,4.365358482286217,7678.1878849028635
2030-09-19 23:00:00+00:00,4.365355781369966,7678.411560448887
2030-09-20 00:00:00+00:00,4.365349133598228,7678.621161525328
2030-09-20 01:00:00+00:00,4.3653469848359885,7678.830842369605
2030-09-20 02:00:00+00:00,4.365364059110115,7679.0547498827655
2030-09-20 03:00:00+00:00,4.365366626793789,7678.881394140871
2030-09-20 04:00:00+00:00,4.365359658420602,7678.013759731781
2030-09-20 05:00:00+00:00,4.365349165126069,7677.142631583845
2030-09-20 06:00:00+00:00,4.365241245246772,7676.2686790826965
2030-09-20 07:00:00+00:00,4.3652367205929865,7675.397843793343
2030-09-20 08:00:00+00:00,4.365242060898401,7674.530740028141
2030-09-20 09:00:00+00:00,4.365249304460668,7673.663784642918
2030-09-20 10:00:00+00:00,4.365260053880438,7672.796820291768
2030-09-20 11:00:00+00:00,4.365273688257787,7671.929803599523
2030-09-20 12:00:00+00:00,4.365290478612525,7671.062722243265
2030-09-20 13:00:00+00:00,4.365315289678835,7670.195553747549
2030-09-20 14:00:00+00:00,4.365354746609756,7669.328268024839
2030-09-20 15:00:00+00:00,4.365439386426051,7668.460147442744
2030-09-20 16:00:00+00:00,4.365438475065962,7667.583510251487
2030-09-20 17:00:00+00:00,4.0026183167006435,7666.705876933867
2030-09-20 18:00:00+00:00,3.5969367575878577,7665.827743458392
2030-09-20 19:00:00+00:00,3.272087183960886,7664.949394935094
2030-09-20 20:00:00+00:00,2.9705297874697676,7664.070924707322
2030-09-20 21:00:00+00:00,2.6891550115911125,7663.192339063139
2030-09-20 22:00:00+00:00,2.4327319434264356,7662.31362863648
2030-09-20 23:00:00+00:00,2.204030225313313,7661.434812930958
2030-09-21 00:00:00+00:00,2.003258697225894,7660.555821493083
2030-09-21 01:00:00+00:00,1.8324898766542999,7659.676106752563
2030-09-21 02:00:00+00:00,1.6313002834648345,7658.795756087428
2030-09-21 03:00:00+00:00,1.3902820207876394,7657.913312594068
2030-09-21 04:00:00+00:00,1.1202748770632212,7657.030031616548
2030-09-21 05:00:00+00:00,0.8157376531961306,7656.1460880273235
2030-09-21 06:00:00+00:00,0.48630917516610894,7655.261623977886
2030-09-21 07:00:00+00:00,0.12152818463288435,7654.376654434234
2030-09-21 08:00:00+00:00,2.354363478831957e-06,7653.491233219733
2030-09-21 09:00:00+00:00,9.703805183463187e-05,7652.608432685357
2030-09-21 10:00:00+00:00,0.0001277102066555516,7651.725428574891
2030-09-21 11:00:00+00:00,0.00014767472833490406,7650.842254529327
2030-09-21 12:00:00+00:00,0.00016194605928375902,7649.9589612805285
2030-09-21 13:00:00+00:00,0.00017242011161683175,7649.075520232401
2030-09-21 14:00:00+00:00,0.0001804645164753163,7648.191937010674
2030-09-21 15:00:00+00:00,0.0001868605985134715,7647.308242938621
2030-09-21 16:00:00+00:00,0.00019221391597940598,7646.424443052189
2030-09-21 17:00:00+00:00,0.00012471261477424979,7645.538844669555
2030-09-21 18:00:00+00:00,9.88947648526834e-05,7644.65344799553
2030-09-21 19:00:00+00:00,9.026468755100971e-05,7643.76870195818
2030-09-21 20:00:00+00:00,7.59419775813448e-05,7642.883782522976
2030-09-21 21:00:00+00:00,5.169536970978173e-05,7641.998608605065
2030-09-21 22:00:00+00:00,6.091958958586338e-05,7641.120599127433
2030-09-21 23:00:00+00:00,8.433063246847568e-05,7640.341093318044
2030-09-22 00:00:00+00:00,9.712252314742285e-05,7639.561685295914
2030-09-22 01:00:00+00:00,0.00010395137136016408,7638.781937886383
2030-09-22 02:00:00+00:00,0.00010623818081538348,7638.001943593508
2030-09-22 03:00:00+00:00,0.0001045740151777208,7637.221707836078
2030-09-22 04:00:00+00:00,9.858586133563998e-05,7636.430916253494
2030-09-22 05:00:00+00:00,6.942353631454855e-05,7635.554864698536
2030-09-22 06:00:00+00:00,4.711970451797095e-06,7634.678773306479
2030-09-22 07:00:00+00:00,3.1143976104791286e-06,7634.897661355151
2030-09-22 08:00:00+00:00,0.8658229575212326,7635.117577254811
2030-09-22 09:00:00+00:00,1.482768864551841,7635.337449914289
2030-09-22 10:00:00+00:00,2.09295064442264,7635.557304919143
2030-09-22 11:00:00+00:00,2.661605457449327,7635.777143604298
2030-09-22 12:00:00+00:00,3.527492587559546,7635.996979741405
2030-09-22 13:00:00+00:00,4.3654385524547425,7636.2167604412725
2030-09-22 14:00:00+00:00,4.365440436044141,7636.435792742463
2030-09-22 15:00:00+00:00,4.365436123705078,7635.554383247446
2030-09-22 16:00:00+00:00,4.365441360037731,7634.666349846153
2030-09-22 17:00:00+00:00,4.365399264010225,7633.776094391488
2030-09-22 18:00:00+00:00,4.365377387750156,7632.885791638881
2030-09-22 19:00:00+00:00,4.365362493444105,7631.995068237295
2030-09-22 20:00:00+00:00,4.365351516006802,7631.10349149534
2030-09-22 21:00:00+00:00,4.365342847077693,7630.210970212409
2030-09-22 22:00:00+00:00,4.365335840356347,7629.31721699875
2030-09-22 23:00:00+00:00,4.365329997603361,7628.421909938262
2030-09-23 00:00:00+00:00,4.365325382278951,7627.525449559511
2030-09-23 01:00:00+00:00,4.365321963934168,7626.628492004941
2030-09-23 02:00:00+00:00,4.3653195442264145,7625.730955697898
2030-09-23 03:00:00+00:00,4.3653179926552035,7624.832827121314
2030-09-23 04:00:00+00:00,4.365312880841556,7623.934222105692
2030-09-23 05:00:00+00:00,4.36531239969079,7623.03519678634
2030-09-23 06:00:00+00:00,4.365308904310349,7622.135745369286
2030-09-23 07:00:00+00:00,4.365305833126951,7621.236166818684
2030-09-23 08:00:00+00:00,4.365307074650694,7620.336581720953
2030-09-23 09:00:00+00:00,4.365308640309546,7619.436958015634
2030-09-23 10:00:00+00:00,4.365310866364762,7618.537297057203
2030-09-23 11:00:00+00:00,4.36531377622831,7617.637575663203
2030-09-23 12:00:00+00:00,4.365317356799932,7616.737768100968
2030-09-23 13:00:00+00:00,4.365321630311066,7615.837880890142
2030-09-23 14:00:00+00:00,4.365326847743523,7614.937867997363
2030-09-23 15:00:00+00:00,4.36533343805163,7614.037355793845
2030-09-23 16:00:00+00:00,4.365318656519587,7613.136413314711
2030-09-23 17:00:00+00:00,4.3653104670895795,7612.234907985553
2030-09-23 18:00:00+00:00,4.365300726242209,7611.33323198415
2030-09-23 19:00:00+00:00,4.3652918558469676,7610.431508917211
2030-09-23 20:00:00+00:00,4.36528390194857,7609.5297196829115
2030-09-23 21:00:00+00:00,4.365276672436557,7608.627875944595
2030-09-23 22:00:00+00:00,4.365274449765499,7607.726002868575
2030-09-23 23:00:00+00:00,4.365272633619095,7606.824037873431
2030-09-24 00:00:00+00:00,4.365271182019867,7605.922016384905
2030-09-24 01:00:00+00:00,4.365266343188954,7605.019938262484
2030-09-24 02:00:00+00:00,4.365261923078842,7604.117827633542
2030-09-24 03:00:00+00:00,4.36525817803558,7603.215688207458
2030-09-24 04:00:00+00:00,4.36525495303576,7602.31351093837
2030-09-24 05:00:00+00:00,4.365254697589775,7601.411306061453
2030-09-24 06:00:00+00:00,3.2105571981267618,7600.508932667062
2030-09-24 07:00:00+00:00,3.210554264509834,7599.606645735762
2030-09-24 08:00:00+00:00,3.2901816528388412,7598.704404422636
2030-09-24 09:00:00+00:00,3.3956501852300645,7597.8020689769455
2030-09-24 10:00:00+00:00,3.557055857437563,7596.899615350347
2030-09-24 11:00:00+00:00,3.7628523830202942,7595.997020122567
2030-09-24 12:00:00+00:00,3.965239407376768,7595.094278183281
2030-09-24 13:00:00+00:00,4.1391974010335835,7594.191408423416
2030-09-24 14:00:00+00:00,4.365439560429431,7593.288306426088
2030-09-24 15:00:00+00:00,4.365437903551968,7592.384524874466
2030-09-24 16:00:00+00:00,4.28914693462036,7591.479675157667
2030-09-24 17:00:00+00:00,3.134446575249662,7590.573383830564
2030-09-24 18:00:00+00:00,1.9797461616844512,7589.665901165015
2030-09-24 19:00:00+00:00,1.9331997019261717,7588.754595605472
2030-09-24 20:00:00+00:00,1.8907075294933224,7587.841839223892
2030-09-24 21:00:00+00:00,1.8455961780213672,7586.924043287277
2030-09-24 22:00:00+00:00,1.8455820705126769,7586.001289749465
2030-09-24 23:00:00+00:00,1.8455678943386258,7585.077141191708
2030-09-25 00:00:00+00:00,1.8455536908554337,7584.152043539345
2030-09-25 01:00:00+00:00,1.8455395854003969,7583.226125965566
2030-09-25 02:00:00+00:00,1.8455282103000892,7582.299053710473
2030-09-25 03:00:00+00:00,1.8455176008128438,7581.369060698976
2030-09-25 04:00:00+00:00,1.8057102709411383,7580.434757703594
2030-09-25 05:00:00+00:00,1.2210855658741038,7579.492470114312
2030-09-25 06:00:00+00:00,0.06651322693515434,7578.537250682542
2030-09-25 07:00:00+00:00,1.1926321156869877e-05,7577.577838366946
2030-09-25 08:00:00+00:00,1.0734768878651683e-05,7576.6173797854435
2030-09-25 09:00:00+00:00,6.44401088417844e-06,7575.656150103846
2030-09-25 10:00:00+00:00,3.0446223436577752e-05,7574.694374879147
2030-09-25 11:00:00+00:00,3.927334129058112e-05,7573.731916568725
2030-09-25 12:00:00+00:00,4.399826188964258e-05,7572.768755994601
2030-09-25 13:00:00+00:00,4.841504450554709e-05,7571.805048283943
2030-09-25 14:00:00+00:00,5.13771157052799e-05,7570.841103785868
2030-09-25 15:00:00+00:00,4.972392548382324e-05,7569.877007522664
2030-09-25 16:00:00+00:00,4.6980717240453974e-05,7568.912753267499
2030-09-25 17:00:00+00:00,3.520210731761927e-05,7567.948286743049
2030-09-25 18:00:00+00:00,2.847777450709197e-05,7566.983740477712
2030-09-25 19:00:00+00:00,1.955826068527003e-05,7566.019135559262
2030-09-25 20:00:00+00:00,1.7075599152859784e-05,7565.054521161606
2030-09-25 21:00:00+00:00,1.1444383182844342e-05,7564.089848043325
2030-09-25 22:00:00+00:00,6.572033178427829e-06,7563.125219734138
2030-09-25 23:00:00+00:00,5.2423072335369725e-05,7562.161085709187
2030-09-26 00:00:00+00:00,0.00034880145117971076,7561.197226294292
2030-09-26 01:00:00+00:00,0.00048713643306255727,7560.233697356573
2030-09-26 02:00:00+00:00,0.0009234555451519102,7559.271027124383
2030-09-26 03:00:00+00:00,0.001282224535863828,7558.309041912962
2030-09-26 04:00:00+00:00,0.4387711009819714,7557.347685621558
2030-09-26 05:00:00+00:00,0.8673273570672007,7556.386498545073
2030-09-26 06:00:00+00:00,0.8673626476659171,7555.425170184201
2030-09-26 07:00:00+00:00,1.1796422407450253,7554.463965511384
2030-09-26 08:00:00+00:00,1.5857574019643108,7553.502740131448
2030-09-26 09:00:00+00:00,2.041421167173909,7552.541504190875
2030-09-26 10:00:00+00:00,2.8865467103321465,7551.580286091508
2030-09-26 11:00:00+00:00,3.7525325432852155,7550.619323391122
2030-09-26 12:00:00+00:00,4.189893371321078,7549.658108272276
2030-09-26 13:00:00+00:00,4.365439484553846,7548.6968840385025
2030-09-26 14:00:00+00:00,4.353101140762453,7547.734688208576
2030-09-26 15:00:00+00:00,4.3487111441497825,7546.772472495215
2030-09-26 16:00:00+00:00,4.013727710618857,7545.810237126656
2030-09-26 17:00:00+00:00,2.85903109958074,7544.847864712534
2030-09-26 18:00:00+00:00,2.5866313348175156,7543.885550550989
2030-09-26 19:00:00+00:00,2.550599708392813,7542.923089940367
2030-09-26 20:00:00+00:00,2.5501192858185124,7541.960416870837
2030-09-26 21:00:00+00:00,2.5500960253931195,7540.997420333116
2030-09-26 22:00:00+00:00,2.5483155445935703,7540.034117741773
2030-09-26 23:00:00+00:00,2.5470682846809782,7539.070582919285
2030-09-27 00:00:00+00:00,2.3723106247589625,7538.1068777156115
2030-09-27 01:00:00+00:00,2.121560338223584,7537.143000212093
2030-09-27 02:00:00+00:00,1.8518529094771812,7536.178958597539
2030-09-27 03:00:00+00:00,1.5462683629656269,7535.214770256762
2030-09-27 04:00:00+00:00,1.2748096970262477,7534.250489627607
2030-09-27 05:00:00+00:00,0.9431884271709633,7533.286118303165
2030-09-27 06:00:00+00:00,0.4946023355711043,7532.321572690165
2030-09-27 07:00:00+00:00,3.42454385039039e-05,7531.356756771477
2030-09-27 08:00:00+00:00,8.402574898840214e-06,7530.3916963324655
2030-09-27 09:00:00+00:00,8.134342315100994e-06,7529.426640819289
2030-09-27 10:00:00+00:00,0.7524469202350119,7528.462181447834
2030-09-27 11:00:00+00:00,1.6184610687051535,7527.499276089736
2030-09-27 12:00:00+00:00,2.484452754751447,7526.534924139538
2030-09-27 13:00:00+00:00,2.4844228413658485,7525.5695351321065
2030-09-27 14:00:00+00:00,2.4843962914822777,7524.604122715048
2030-09-27 15:00:00+00:00,2.484181344495581,7523.638634276287
2030-09-27 16:00:00+00:00,1.8193577507298875,7522.673122903766
2030-09-27 17:00:00+00:00,0.6646641300148859,7521.707415809638
2030-09-27 18:00:00+00:00,0.0013121861662058884,7520.741874835083
2030-09-27 19:00:00+00:00,0.0010615807914406694,7519.776312971807
2030-09-27 20:00:00+00:00,0.0007190374169646162,7518.810722274633
2030-09-27 21:00:00+00:00,1.2083627220257646e-05,7517.845101767964
2030-09-27 22:00:00+00:00,1.288887535709006e-05,7516.8800757499375
2030-09-27 23:00:00+00:00,9.468278569062538e-06,7515.915390662234
2030-09-28 00:00:00+00:00,4.758347547631315e-05,7514.956095515345
2030-09-28 01:00:00+00:00,6.232901037513877e-05,7513.996843842551
2030-09-28 02:00:00+00:00,7.36409518381286e-05,7513.039712445479
2030-09-28 03:00:00+00:00,7.813472094093256e-05,7512.082557191018
2030-09-28 04:00:00+00:00,7.529227085429702e-05,7511.123782994942
2030-09-28 05:00:00+00:00,6.766165645815558e-05,7510.1652061703935
2030-09-28 06:00:00+00:00,3.6281767793382875e-05,7509.204466548477
2030-09-28 07:00:00+00:00,2.8097872856839296e-05,7508.895800653301
2030-09-28 08:00:00+00:00,5.45199904886529e-06,7509.022774529204
2030-09-28 09:00:00+00:00,0.00013194970863699532,7509.165969768836
2030-09-28 10:00:00+00:00,0.00017593626640300528,7509.309128863234
2030-09-28 11:00:00+00:00,0.08179935739404691,7509.452381363593
2030-09-28 12:00:00+00:00,0.08182326588050388,7509.595480174728
2030-09-28 13:00:00+00:00,0.08184903700376951,7509.738563057934
2030-09-28 14:00:00+00:00,0.08187561303573658,7509.881627122791
2030-09-28 15:00:00+00:00,0.08188050848528627,7510.024589680185
2030-09-28 16:00:00+00:00,0.08172034391075361,7510.167118949665
2030-09-28 17:00:00+00:00,0.08162145047316209,7510.309678875088
2030-09-28 18:00:00+00:00,6.893304993989396e-05,7510.45205549172
2030-09-28 19:00:00+00:00,5.761697101831224e-05,7510.5949561113075
2030-09-28 20:00:00+00:00,5.32846262506292e-06,7510.737833925355
2030-09-28 21:00:00+00:00,2.175149836194679e-05,7510.88135033149
2030-09-28 22:00:00+00:00,0.16526858373222142,7511.024959402353
2030-09-28 23:00:00+00:00,0.34865700387983156,7511.168543575815
2030-09-29 00:00:00+00:00,0.48682573789280925,7511.3121000185165
2030-09-29 01:00:00+00:00,0.6001421133098745,7511.455635358994
2030-09-29 02:00:00+00:00,0.691547262607274,7511.599146063139
2030-09-29 03:00:00+00:00,0.7249049828355469,7511.742633521389
2030-09-29 04:00:00+00:00,0.7251608154746829,7511.886083902149
2030-09-29 05:00:00+00:00,0.7254202733947723,7512.029507946413
2030-09-29 06:00:00+00:00,3.452304471626315e-05,7512.172848508259
2030-09-29 07:00:00+00:00,5.880361883147837e-05,7512.316416373637
2030-09-29 08:00:00+00:00,0.4724823336443295,7512.460251504783
2030-09-29 09:00:00+00:00,0.9476201975105104,7512.60421476512
2030-09-29 10:00:00+00:00,1.31126532936058,7512.748318270951
2030-09-29 11:00:00+00:00,2.1752960847694496,7512.892420710548
2030-09-29 12:00:00+00:00,3.0405220606801504,7513.03655627598
2030-09-29 13:00:00+00:00,3.9058430022616286,7513.180686765392
2030-09-29 14:00:00+00:00,4.365416905121976,7513.324790982202
2030-09-29 15:00:00+00:00,4.365436466317866,7513.468773183495
2030-09-29 16:00:00+00:00,3.9307139879552566,7513.61223604771
2030-09-29 17:00:00+00:00,3.5424896839149147,7513.755646153973
2030-09-29 18:00:00+00:00,3.2841311857310695,7513.899012147216
2030-09-29 19:00:00+00:00,3.076609279320219,7514.042347498383
2030-09-29 20:00:00+00:00,2.8498883643942086,7514.185642308204
2030-09-29 21:00:00+00:00,2.6222585773470146,7514.32889823628
2030-09-29 22:00:00+00:00,2.6221105856688305,7514.472167802327
2030-09-29 23:00:00+00:00,2.621963292362814,7514.615397587621
2030-09-30 00:00:00+00:00,2.6008605481323177,7514.758542130165
2030-09-30 01:00:00+00:00,2.49357596001969,7514.901648388357
2030-09-30 02:00:00+00:00,2.301208259934802,7515.044713842309
2030-09-30 03:00:00+00:00,2.0943614920125637,7515.187729740288
2030-09-30 04:00:00+00:00,1.8870241012455828,7515.330690921813
2030-09-30 05:00:00+00:00,1.4585886786052735,7515.473599917066
2030-09-30 06:00:00+00:00,0.3039026668406237,7515.615552928962
2030-09-30 07:00:00+00:00,5.869615500400153e-05,7515.758357555886
2030-09-30 08:00:00+00:00,0.2236965969779566,7515.901396215252
2030-09-30 09:00:00+00:00,1.0897009103636544,7516.044562290179
2030-09-30 10:00:00+00:00,1.9557006301129167,7516.187664602339
2030-09-30 11:00:00+00:00,2.710156858258696,7516.3305832504475
2030-09-30 12:00:00+00:00,3.545038413307541,7516.473490292808
2030-09-30 13:00:00+00:00,4.249746014570989,7516.616387447584
2030-09-30 14:00:00+00:00,4.359520236060357,7516.759250818407
2030-09-30 15:00:00+00:00,4.365393331344387,7516.902065797928
2030-09-30 16:00:00+00:00,3.2108331366823575,7517.044487849916
2030-09-30 17:00:00+00:00,2.0561390847706793,7517.172556067669
2030-09-30 18:00:00+00:00,0.9014538145670795,7517.3141413330995
2030-09-30 19:00:00+00:00,0.6155862593295791,7517.456613036179
2030-09-30 20:00:00+00:00,0.3421271760981037,7517.599047883631
2030-09-30 21:00:00+00:00,1.2976201488450383e-05,7517.741451177993
2030-09-30 22:00:00+00:00,0.00015383490606948495,7517.884234694223
2030-09-30 23:00:00+00:00,0.0003955401823591609,7518.027006526622
2030-10-01 00:00:00+00:00,0.0005371535855474783,7518.1697471290145
2030-10-01 01:00:00+00:00,0.0006312575691375611,7518.312452255297
2030-10-01 02:00:00+00:00,0.000696703374308688,7518.455117935552
2030-10-01 03:00:00+00:00,0.0007451891596243355,7518.5977445095195
2030-10-01 04:00:00+00:00,0.000738031269487319,7518.7403256170455
2030-10-01 05:00:00+00:00,0.0007046478753962538,7518.882868991221
2030-10-01 06:00:00+00:00,0.00011954017176435949,7519.025362355732
2030-10-01 07:00:00+00:00,9.409324512349771e-06,7519.167871883262
2030-10-01 08:00:00+00:00,0.021600820844705354,7519.3105577154365
2030-10-01 09:00:00+00:00,0.8875767340040287,7519.453270164132
2030-10-01 10:00:00+00:00,1.7458031557285985,7519.595894776657
2030-10-01 11:00:00+00:00,2.2078645074489245,7519.738482159514
2030-10-01 12:00:00+00:00,2.2636072829813294,7519.881034490154
2030-10-01 13:00:00+00:00,2.7433421069012662,7520.023552503143
2030-10-01 14:00:00+00:00,2.7976829446953557,7520.166060051837
2030-10-01 15:00:00+00:00,2.79832987628379,7520.308582672781
2030-10-01 16:00:00+00:00,2.542552535610342,7520.451082112716
2030-10-01 17:00:00+00:00,1.387894984610236,7520.593483563006
2030-10-01 18:00:00+00:00,1.388569466251816,7520.73595688909
2030-10-01 19:00:00+00:00,1.3892321463103774,7520.878394565011
2030-10-01 20:00:00+00:00,1.3898867459365198,7521.020797023485
2030-10-01 21:00:00+00:00,1.3905231283895532,7521.163163780288
2030-10-01 22:00:00+00:00,1.42751846406082,7521.30549558162
2030-10-01 23:00:00+00:00,1.4675304559003042,7521.4477878730195
2030-10-02 00:00:00+00:00,1.5059022332214456,7521.590040592466
2030-10-02 01:00:00+00:00,1.543652128168766,7521.732261339919
2030-10-02 02:00:00+00:00,1.5821768911722338,7521.874441843809
2030-10-02 03:00:00+00:00,1.613201695900246,7522.016584882234
2030-10-02 04:00:00+00:00,1.613856085444046,7522.158687775492
2030-10-02 05:00:00+00:00,1.6145259046907048,7522.300756607906
2030-10-02 06:00:00+00:00,1.6152260527517726,7522.442801553527
2030-10-02 07:00:00+00:00,1.6250716054120589,7522.584813919007
2030-10-02 08:00:00+00:00,1.635657820550863,7522.726788545831
2030-10-02 09:00:00+00:00,1.6460308805629769,7522.868723245943
2030-10-02 10:00:00+00:00,2.501196178300388,7523.010639017088
2030-10-02 11:00:00+00:00,3.367173558457863,7523.152595488948
2030-10-02 12:00:00+00:00,4.233153545681531,7523.294519043409
2030-10-02 13:00:00+00:00,4.280825745235136,7523.436383014192
2030-10-02 14:00:00+00:00,4.365347037266578,7523.578255321222
2030-10-02 15:00:00+00:00,4.357727986462437,7523.720076146172
2030-10-02 16:00:00+00:00,3.3124704594502945,7523.861875608539
2030-10-02 17:00:00+00:00,2.157776138376627,7524.002237697052
2030-10-02 18:00:00+00:00,1.2065476956819794,7524.143984319292
2030-10-02 19:00:00+00:00,0.05189104820202521,7524.285647701281
2030-10-02 20:00:00+00:00,0.030832272268776106,7524.427365629226
2030-10-02 21:00:00+00:00,8.368863688992477e-05,7524.569053005024
2030-10-02 22:00:00+00:00,0.3744970719135826,7524.710745723699
2030-10-02 23:00:00+00:00,0.7367231188911811,7524.85237403044
2030-10-03 00:00:00+00:00,1.4034060820228582,7524.993767886835
2030-10-03 01:00:00+00:00,2.2679659415519606,7525.13472698416
2030-10-03 02:00:00+00:00,3.009863391624266,7525.274761015638
2030-10-03 03:00:00+00:00,3.570940761485079,7525.4140194599795
2030-10-03 04:00:00+00:00,3.9363227894236466,7525.552610354696
2030-10-03 05:00:00+00:00,4.113322683396234,7525.690959939212
2030-10-03 06:00:00+00:00,4.179768757780767,7525.829247694035
2030-10-03 07:00:00+00:00,4.00933518843947,7525.967475398813
2030-10-03 08:00:00+00:00,4.0102372813238425,7526.105679147414
2030-10-03 09:00:00+00:00,4.06494598612894,7526.243823127821
2030-10-03 10:00:00+00:00,4.127010189985174,7526.381892431461
2030-10-03 11:00:00+00:00,4.2150529398417245,7526.519868617862
2030-10-03 12:00:00+00:00,4.363150510567895,7526.657779528617
2030-10-03 13:00:00+00:00,4.364877919205733,7526.795649412881
2030-10-03 14:00:00+00:00,4.364795622644072,7526.933479691684
2030-10-03 15:00:00+00:00,4.365423833928635,7527.071290714295
2030-10-03 16:00:00+00:00,4.3649786239083985,7527.2089832313495
2030-10-03 17:00:00+00:00,4.364789610691842,7527.346672877092
2030-10-03 18:00:00+00:00,4.364670457366144,7527.484376598115
2030-10-03 19:00:00+00:00,4.364591075644417,7527.622190684383
2030-10-03 20:00:00+00:00,4.3645386705590274,7527.760095846903
2030-10-03 21:00:00+00:00,4.364506648812656,7527.898080681655
2030-10-03 22:00:00+00:00,4.364533158823789,7528.036046544225
2030-10-03 23:00:00+00:00,4.364580084632131,7528.173976511396
2030-10-04 00:00:00+00:00,4.364652993456539,7528.311895370272
2030-10-04 01:00:00+00:00,4.364823782716957,7528.449895458327
2030-10-04 02:00:00+00:00,4.365152169534465,7528.5879057591455
2030-10-04 03:00:00+00:00,4.365438009139497,7528.725887297651
2030-10-04 04:00:00+00:00,4.3654392874243015,7528.863363005657
2030-10-04 05:00:00+00:00,4.365414326137693,7528.996552691567
2030-10-04 06:00:00+00:00,4.365356731954149,7529.096148539348
2030-10-04 07:00:00+00:00,4.365319067194162,7529.168052882568
2030-10-04 08:00:00+00:00,4.365308901012939,7529.292890217173
2030-10-04 09:00:00+00:00,4.365302597850956,7529.417763012469
2030-10-04 10:00:00+00:00,4.365297540609117,7529.538558295485
2030-10-04 11:00:00+00:00,4.365288005920694,7529.610459860442
2030-10-04 12:00:00+00:00,4.3652899009245205,7529.732365682291
2030-10-04 13:00:00+00:00,4.365297841881664,7529.857153597829
2030-10-04 14:00:00+00:00,4.365305139493037,7529.974580287884
2030-10-04 15:00:00+00:00,4.365307348369065,7529.112692805324
2030-10-04 16:00:00+00:00,4.365300877357431,7528.150532143265
2030-10-04 17:00:00+00:00,4.365296503771182,7527.187394238138
2030-10-04 18:00:00+00:00,4.365294772141741,7526.224300141684
2030-10-04 19:00:00+00:00,4.365296783719207,7525.262252536459
2030-10-04 20:00:00+00:00,4.365300055005202,7524.299434214349
2030-10-04 21:00:00+00:00,4.365307544267578,7523.337837945892
2030-10-04 22:00:00+00:00,4.365318723146079,7522.377028746805
2030-10-04 23:00:00+00:00,4.365335485656085,7521.417104565275
2030-10-05 00:00:00+00:00,4.365362549791162,7520.458135289907
2030-10-05 01:00:00+00:00,4.365419208859625,7519.500261597731
2030-10-05 02:00:00+00:00,4.365428788705111,7518.536827008144
2030-10-05 03:00:00+00:00,4.365427082969542,7517.572375659335
2030-10-05 04:00:00+00:00,4.365393338683383,7516.608007073529
2030-10-05 05:00:00+00:00,4.36537657884984,7515.644716902226
2030-10-05 06:00:00+00:00,4.365365946132669,7514.682346194118
2030-10-05 07:00:00+00:00,4.365358206397439,7513.721111766929
2030-10-05 08:00:00+00:00,4.365358259119729,7512.760378378312
2030-10-05 09:00:00+00:00,4.365360225277863,7511.79975325503
2030-10-05 10:00:00+00:00,4.365364153022203,7510.8391488854695
2030-10-05 11:00:00+00:00,4.365370512617585,7509.8785483723805
2030-10-05 12:00:00+00:00,4.365380404512599,7508.917943803041
2030-10-05 13:00:00+00:00,4.365396758418385,7507.95733892499
2030-10-05 14:00:00+00:00,4.365436146116843,7506.996747711436
2030-10-05 15:00:00+00:00,4.3184635174718,7506.035596994344
2030-10-05 16:00:00+00:00,4.0654851643998535,7505.07447675439
2030-10-05 17:00:00+00:00,3.864107562511236,7504.113363311162
2030-10-05 18:00:00+00:00,3.714875487654893,7503.152238646808
2030-10-05 19:00:00+00:00,3.593865133816908,7502.191071129226
2030-10-05 20:00:00+00:00,3.480338719954556,7501.229880933377
2030-10-05 21:00:00+00:00,3.3636115178148307,7500.268664868137
2030-10-05 22:00:00+00:00,3.250651403537024,7499.307423066515
2030-10-05 23:00:00+00:00,3.1060924396985583,7498.346152112969
2030-10-06 00:00:00+00:00,2.951498907550034,7497.384852609568
2030-10-06 01:00:00+00:00,2.802304251940809,7496.423529127864
2030-10-06 02:00:00+00:00,2.656801694264989,7495.46217598425
2030-10-06 03:00:00+00:00,2.5100414649003335,7494.500785381712
2030-10-06 04:00:00+00:00,2.3613495486139415,7493.5393637365305
2030-10-06 05:00:00+00:00,2.209498618855652,7492.5779009981425
2030-10-06 06:00:00+00:00,2.0561452033510563,7491.616403798064
2030-10-06 07:00:00+00:00,1.9261551386036537,7490.654707147624
2030-10-06 08:00:00+00:00,1.8577554825372187,7489.692740092813
2030-10-06 09:00:00+00:00,1.8577275115609155,7488.730611328467
2030-10-06 10:00:00+00:00,1.8576991512618963,7487.76827232722
2030-10-06 11:00:00+00:00,1.8576711998386042,7486.805867869431
2030-10-06 12:00:00+00:00,1.8576434198362073,7485.843370810053
2030-10-06 13:00:00+00:00,1.8576159366342215,7484.880836871868
2030-10-06 14:00:00+00:00,1.8575887512916491,7483.918282918221
2030-10-06 15:00:00+00:00,1.8112251254493779,7482.955686639737
2030-10-06 16:00:00+00:00,1.6971007231538666,7481.9930770124065
2030-10-06 17:00:00+00:00,1.574508295991026,7481.030456759739
2030-10-06 18:00:00+00:00,1.4523005337342543,7480.067810722723
2030-10-06 19:00:00+00:00,1.3311990603579693,7479.105137521179
2030-10-06 20:00:00+00:00,1.2209693037998801,7478.142445648278
2030-10-06 21:00:00+00:00,1.1525140800352867,7477.179729568791
2030-10-06 22:00:00+00:00,1.1524879147491267,7476.2170206166775
2030-10-06 23:00:00+00:00,1.0552380267438222,7475.254256618993
2030-10-07 00:00:00+00:00,0.9524434135900995,7474.2914665938215
2030-10-07 01:00:00+00:00,0.8461536600200542,7473.328650205523
2030-10-07 02:00:00+00:00,0.7451355050730348,7472.365810730068
2030-10-07 03:00:00+00:00,0.7066993014254945,7471.402951757544
2030-10-07 04:00:00+00:00,0.6667827956869947,7470.4400701562845
2030-10-07 05:00:00+00:00,0.4058930623221118,7469.4771654080405
2030-10-07 06:00:00+00:00,7.768723646049617e-06,7468.514256145047
2030-10-07 07:00:00+00:00,6.675370212346254e-06,7467.551621413996
2030-10-07 08:00:00+00:00,0.5804436428684082,7466.590187943123
2030-10-07 09:00:00+00:00,1.446452624012135,7465.630247748761
2030-10-07 10:00:00+00:00,2.312464782675723,7464.671623063906
2030-10-07 11:00:00+00:00,3.178472485234843,7463.7115173162665
2030-10-07 12:00:00+00:00,3.6707740332073393,7462.74999359876
2030-10-07 13:00:00+00:00,4.199139760538997,7461.788437284676
2030-10-07 14:00:00+00:00,4.365439920727986,7460.826853385631
2030-10-07 15:00:00+00:00,3.905436701444676,7459.863718594301
2030-10-07 16:00:00+00:00,3.4150197982959,7458.900524965725
2030-10-07 17:00:00+00:00,2.6340398311113105,7457.937270778652
2030-10-07 18:00:00+00:00,2.023535669728822,7456.973982802823
2030-10-07 19:00:00+00:00,1.6129294314727673,7456.010679461884
2030-10-07 20:00:00+00:00,1.2434646619370266,7455.047359412947
2030-10-07 21:00:00+00:00,0.8570756377845057,7454.084017010736
2030-10-07 22:00:00+00:00,0.6349435910618152,7453.120649568382
2030-10-07 23:00:00+00:00,0.6349173314048713,7452.1572895004965
2030-10-08 00:00:00+00:00,0.6348910023398419,7451.193904296002
2030-10-08 01:00:00+00:00,0.6348646610066996,7450.230496213028
2030-10-08 02:00:00+00:00,0.6348385262290196,7449.267067470792
2030-10-08 03:00:00+00:00,0.6348129174878059,7448.303618366072
2030-10-08 04:00:00+00:00,0.5573824666678754,7447.340118269414
2030-10-08 05:00:00+00:00,0.34041545776084065,7446.376608854443
2030-10-08 06:00:00+00:00,3.919356120294572e-06,7445.4130850103065
2030-10-08 07:00:00+00:00,2.1884211499454434e-05,7444.450340128894
2030-10-08 08:00:00+00:00,0.03195354063058635,7443.48827077823
2030-10-08 09:00:00+00:00,0.2498928669658529,7442.526193127671
2030-10-08 10:00:00+00:00,0.35180517525608784,7441.564105622267
2030-10-08 11:00:00+00:00,0.4969311461525037,7440.602011408237
2030-10-08 12:00:00+00:00,0.6450268493994433,7439.639900613053
2030-10-08 13:00:00+00:00,0.6670658833504258,7438.677771216659
2030-10-08 14:00:00+00:00,0.6882118959864454,7437.715603713327
2030-10-08 15:00:00+00:00,0.6882414450588135,7436.7530538048695
2030-10-08 16:00:00+00:00,0.6882469488400389,7435.790099146331
2030-10-08 17:00:00+00:00,0.6880576102013829,7434.826591473648
2030-10-08 18:00:00+00:00,2.5304237181675915e-05,7433.863047438634
2030-10-08 19:00:00+00:00,2.5126122817555276e-05,7432.90004262961
2030-10-08 20:00:00+00:00,2.5777456184458255e-05,7431.9373510087935
2030-10-08 21:00:00+00:00,4.556245779219151e-05,7430.97585674588
2030-10-08 22:00:00+00:00,6.976377295690252e-05,7430.015060777987
2030-10-08 23:00:00+00:00,8.303477023755972e-05,7429.054246431091
2030-10-09 00:00:00+00:00,9.097622859310251e-05,7428.093412739251
2030-10-09 01:00:00+00:00,9.520530981844886e-05,7427.13255810872
2030-10-09 02:00:00+00:00,8.856584859850145e-05,7426.170936285446
2030-10-09 03:00:00+00:00,7.807780265362095e-05,7425.209300153919
2030-10-09 04:00:00+00:00,7.695115154355696e-05,7424.249021972696
2030-10-09 05:00:00+00:00,7.148168887194801e-05,7423.288696440442
2030-10-09 06:00:00+00:00,4.1565033298503744e-05,7422.327422381676
2030-10-09 07:00:00+00:00,2.7332740854612767e-05,7421.3687216409
2030-10-09 08:00:00+00:00,2.2235869723649998e-05,7420.51457401825
2030-10-09 09:00:00+00:00,2.4919340362509174e-06,7420.643701233957
2030-10-09 10:00:00+00:00,1.4385594347144954e-05,7420.78980273549
2030-10-09 11:00:00+00:00,0.00011152103769735482,7420.936152528306
2030-10-09 12:00:00+00:00,4.73510002979104e-05,7421.082626658353
2030-10-09 13:00:00+00:00,0.46200584294683816,7421.229379121595
2030-10-09 14:00:00+00:00,0.8283407172099091,7421.376320975084
2030-10-09 15:00:00+00:00,1.1005074835222999,7421.523305367071
2030-10-09 16:00:00+00:00,1.1031109047417775,7421.670460895141
2030-10-09 17:00:00+00:00,1.1051650532195167,7421.817816802585
2030-10-09 18:00:00+00:00,1.2025570250194089,7421.965346879589
2030-10-09 19:00:00+00:00,1.3438771452230975,7422.112896559406
2030-10-09 20:00:00+00:00,1.5100726058415004,7422.260487960466
2030-10-09 21:00:00+00:00,1.6823915336509816,7422.408248888491
2030-10-09 22:00:00+00:00,1.7913215159506886,7422.556390535431
2030-10-09 23:00:00+00:00,1.9659640174586912,7422.705273994273
2030-10-10 00:00:00+00:00,2.138016470409798,7422.854948315287
2030-10-10 01:00:00+00:00,2.3031086536289207,7423.005463980602
2030-10-10 02:00:00+00:00,2.4577568213858076,7423.156626685214
2030-10-10 03:00:00+00:00,2.458131944992924,7423.30820243105
2030-10-10 04:00:00+00:00,2.4582054191410148,7423.459850124112
2030-10-10 05:00:00+00:00,2.4585772460058295,7423.611547402672
2030-10-10 06:00:00+00:00,2.4589573833458256,7423.763250823209
2030-10-10 07:00:00+00:00,2.4593274890485755,7423.9149757455125
2030-10-10 08:00:00+00:00,2.6686557760456853,7424.066762469118
2030-10-10 09:00:00+00:00,2.907589389605532,7424.218640541924
2030-10-10 10:00:00+00:00,3.175428002483014,7424.370627261655
2030-10-10 11:00:00+00:00,3.4606803048709565,7424.522792919867
2030-10-10 12:00:00+00:00,3.666900365636438,7424.675094680178
2030-10-10 13:00:00+00:00,4.082378385061551,7424.827495408269
2030-10-10 14:00:00+00:00,4.36500346147283,7424.980025580728
2030-10-10 15:00:00+00:00,4.365011194723879,7425.132736544803
2030-10-10 16:00:00+00:00,4.365437062963635,7425.285702851784
2030-10-10 17:00:00+00:00,4.365247909363648,7425.438212169271
2030-10-10 18:00:00+00:00,4.365167854676583,7425.590697582239
2030-10-10 19:00:00+00:00,4.365115649920101,7425.743062190624
2030-10-10 20:00:00+00:00,4.365078906960386,7425.895338380548
2030-10-10 21:00:00+00:00,4.365057434461734,7426.047557476388
2030-10-10 22:00:00+00:00,4.365063110899229,7426.199873339431
2030-10-10 23:00:00+00:00,4.365075650588804,7426.352236783148
2030-10-11 00:00:00+00:00,4.365095922660019,7426.504593196891
2030-10-11 01:00:00+00:00,4.365126963422358,7426.65683473912
2030-10-11 02:00:00+00:00,4.365173097894459,7426.809015446626
2030-10-11 03:00:00+00:00,4.365249422225763,7426.9611688923205
2030-10-11 04:00:00+00:00,4.365440260086181,7427.113301608409
2030-10-11 05:00:00+00:00,4.36538474192549,7427.223060939204
2030-10-11 06:00:00+00:00,4.3653626531495044,7427.332739726059
2030-10-11 07:00:00+00:00,4.3653520455005275,7427.456713696865
2030-10-11 08:00:00+00:00,4.365353712575676,7427.596931466672
2030-10-11 09:00:00+00:00,4.365361376944339,7427.73714381288
2030-10-11 10:00:00+00:00,4.365364276273637,7427.725843694848
2030-10-11 11:00:00+00:00,4.36536138131762,7426.7778624255425
2030-10-11 12:00:00+00:00,4.365297661893404,7425.823011958245
2030-10-11 13:00:00+00:00,4.365259719810077,7424.868201020867
2030-10-11 14:00:00+00:00,4.365233282519734,7423.9134236861655
2030-10-11 15:00:00+00:00,4.365212736631128,7422.9587451123525
2030-10-11 16:00:00+00:00,4.363366843195201,7422.003106293604
2030-10-11 17:00:00+00:00,4.36335068225958,7421.04857971422
2030-10-11 18:00:00+00:00,4.363334192609301,7420.094010712788
2030-10-11 19:00:00+00:00,4.363317913061956,7419.139397196742
2030-10-11 20:00:00+00:00,4.363302498961147,7418.184699560766
2030-10-11 21:00:00+00:00,4.363286830832602,7417.229795474808
2030-10-11 22:00:00+00:00,4.3632698747688705,7416.274238775232
2030-10-11 23:00:00+00:00,4.363263482589896,7415.318857946233
2030-10-12 00:00:00+00:00,4.363256412301186,7414.362520042584
2030-10-12 01:00:00+00:00,4.363249322860002,7413.405013853836
2030-10-12 02:00:00+00:00,4.3632424644406855,7412.446175268945
2030-10-12 03:00:00+00:00,4.363235615470043,7411.486602976538
2030-10-12 04:00:00+00:00,4.363228968266183,7410.526180437594
2030-10-12 05:00:00+00:00,4.363223031734169,7409.564639792222
2030-10-12 06:00:00+00:00,4.363208359246001,7408.601101111163
2030-10-12 07:00:00+00:00,4.363193762797957,7407.6363779836265
2030-10-12 08:00:00+00:00,4.363188644454925,7406.672240388107
2030-10-12 09:00:00+00:00,4.363183396843587,7405.707948235959
2030-10-12 10:00:00+00:00,4.3631779626081295,7404.7435742753205
2030-10-12 11:00:00+00:00,4.363172208339859,7403.779148442869
2030-10-12 12:00:00+00:00,4.363166809901817,7402.814667437456
2030-10-12 13:00:00+00:00,4.363155139879046,7401.849220221216
2030-10-12 14:00:00+00:00,4.363059783896667,7400.882487211234
2030-10-12 15:00:00+00:00,4.239989397850795,7399.915498082374
2030-10-12 16:00:00+00:00,3.8205322144915623,7398.948425421441
2030-10-12 17:00:00+00:00,2.6658781071156206,7397.980960985471
2030-10-12 18:00:00+00:00,2.061450757050151,7397.013798666416
2030-10-12 19:00:00+00:00,1.5438538460446531,7396.0467534560075
2030-10-12 20:00:00+00:00,0.8445142932871883,7395.07987788592
2030-10-12 21:00:00+00:00,0.3561000048913071,7394.113198558809
2030-10-12 22:00:00+00:00,0.0003707450312364443,7393.146786751938
2030-10-12 23:00:00+00:00,6.848591872827944e-05,7392.18078665059
2030-10-13 00:00:00+00:00,3.146603768884511e-05,7391.215921242207
2030-10-13 01:00:00+00:00,3.1714742537405886e-05,7390.267579436639
2030-10-13 02:00:00+00:00,2.5028934946629815e-05,7389.41073508604
2030-10-13 03:00:00+00:00,7.961381542913073e-06,7389.537681403371
2030-10-13 04:00:00+00:00,5.5459617958733255e-05,7389.680897504708
2030-10-13 05:00:00+00:00,6.403365151334664e-05,7389.824473461078
2030-10-13 06:00:00+00:00,5.548460282732202e-05,7389.96835612725
2030-10-13 07:00:00+00:00,0.42223302458088563,7390.113534740933
2030-10-13 08:00:00+00:00,1.288102517242526,7390.259349566664
2030-10-13 09:00:00+00:00,2.1521263934466526,7390.405489284878
2030-10-13 10:00:00+00:00,2.981634772866543,7390.551811240715
2030-10-13 11:00:00+00:00,3.0387538128752847,7390.698395986595
2030-10-13 12:00:00+00:00,3.462198303751776,7390.845328900975
2030-10-13 13:00:00+00:00,4.004267530046,7390.992604109104
2030-10-13 14:00:00+00:00,4.365432457230858,7391.140189369703
2030-10-13 15:00:00+00:00,4.365431489858973,7391.286721009182
2030-10-13 16:00:00+00:00,4.3653324487011576,7390.705552148445
2030-10-13 17:00:00+00:00,4.36528746494528,7390.102142695529
2030-10-13 18:00:00+00:00,4.365256382364351,7389.504833337694
2030-10-13 19:00:00+00:00,4.365232170868785,7388.908340206801
2030-10-13 20:00:00+00:00,4.365212809230582,7388.311849310038
2030-10-13 21:00:00+00:00,4.365208387238094,7388.444191191076
2030-10-13 22:00:00+00:00,4.365206104328442,7388.57655470604
2030-10-13 23:00:00+00:00,4.365205850018787,7388.708923559988
2030-10-14 00:00:00+00:00,4.3652074559756775,7388.841293319669
2030-10-14 01:00:00+00:00,4.3652110787711536,7388.973670754108
2030-10-14 02:00:00+00:00,4.365217014049339,7389.106046248984
2030-10-14 03:00:00+00:00,4.365225868146928,7389.238421916006
2030-10-14 04:00:00+00:00,4.365225750828911,7388.387664138527
2030-10-14 05:00:00+00:00,4.365220509617941,7387.442717930634
2030-10-14 06:00:00+00:00,4.365216690392055,7386.495389612412
2030-10-14 07:00:00+00:00,4.3652153846076756,7385.550410928386
2030-10-14 08:00:00+00:00,4.365217105911796,7384.608552154476
2030-10-14 09:00:00+00:00,4.365229800594548,7384.06473686547
2030-10-14 10:00:00+00:00,4.365246011459054,7383.52043672032
2030-10-14 11:00:00+00:00,4.3652651376604625,7382.669727838565
2030-10-14 12:00:00+00:00,4.3652915699419435,7382.125748759143
2030-10-14 13:00:00+00:00,4.3653324281505075,7381.5802134065
2030-10-14 14:00:00+00:00,4.365401259034726,7380.729834556903
2030-10-14 15:00:00+00:00,4.365417722183374,7379.777641760574
2030-10-14 16:00:00+00:00,4.365410164777791,7378.820753479376
2030-10-14 17:00:00+00:00,4.365374835080105,7377.863261413135
2030-10-14 18:00:00+00:00,4.365355233200888,7376.905994557712
2030-10-14 19:00:00+00:00,4.365341685141515,7375.950053028845
2030-10-14 20:00:00+00:00,4.365335347506715,7374.995352913634
2030-10-14 21:00:00+00:00,4.365334789050556,7374.042187023388
2030-10-14 22:00:00+00:00,4.365336163265852,7373.090428830295
2030-10-14 23:00:00+00:00,4.365339894558494,7372.139577850076
2030-10-15 00:00:00+00:00,4.365346273637538,7371.188998415381
2030-10-15 01:00:00+00:00,4.365355922502537,7370.238562688004
2030-10-15 02:00:00+00:00,4.365367174695411,7369.2881229665145
2030-10-15 03:00:00+00:00,4.365376479034154,7368.3375385980125
2030-10-15 04:00:00+00:00,4.365352435213668,7367.386359177462
2030-10-15 05:00:00+00:00,4.365335897704973,7366.435197933035
2030-10-15 06:00:00+00:00,4.365303418894841,7365.484049046421
2030-10-15 07:00:00+00:00,4.365292525229421,7364.533143723504
2030-10-15 08:00:00+00:00,4.365289519727394,7363.582605149215
2030-10-15 09:00:00+00:00,4.365287511248196,7362.632497203047
2030-10-15 10:00:00+00:00,4.365286508555248,7361.682750350088
2030-10-15 11:00:00+00:00,4.365286523981005,7360.733106807065
2030-10-15 12:00:00+00:00,4.365287439147722,7359.7838283193905
2030-10-15 13:00:00+00:00,4.365289309493947,7358.834608837543
2030-10-15 14:00:00+00:00,4.365292410966733,7357.885543395558
2030-10-15 15:00:00+00:00,4.365296963833081,7356.936580043687
2030-10-15 16:00:00+00:00,4.365297190789136,7355.987517845977
2030-10-15 17:00:00+00:00,4.365298500154732,7355.03855856745
2030-10-15 18:00:00+00:00,4.365308419375283,7354.089816991389
2030-10-15 19:00:00+00:00,4.3653202036986505,7353.1411589748495
2030-10-15 20:00:00+00:00,4.365334929175533,7352.192642924821
2030-10-15 21:00:00+00:00,4.365354509203779,7351.24438736699
2030-10-15 22:00:00+00:00,4.36538370817281,7350.296355840571
2030-10-15 23:00:00+00:00,4.365386574385763,7349.34810731789
2030-10-16 00:00:00+00:00,4.3653867463269265,7348.399789078594
2030-10-16 01:00:00+00:00,4.365397089968919,7347.451564347291
2030-10-16 02:00:00+00:00,4.3654037539755475,7346.5032751545605
2030-10-16 03:00:00+00:00,4.192402226225351,7345.554717517997
2030-10-16 04:00:00+00:00,3.8809150753910084,7344.606148527523
2030-10-16 05:00:00+00:00,3.5970182990984476,7343.657561369156
2030-10-16 06:00:00+00:00,2.4423211127265967,7342.708781547622
2030-10-16 07:00:00+00:00,1.4885344224113708,7341.760085608695
2030-10-16 08:00:00+00:00,1.1410843836909998,7340.811257585429
2030-10-16 09:00:00+00:00,0.8902701770577739,7339.862301616543
2030-10-16 10:00:00+00:00,0.640587077590877,7338.91319613671
2030-10-16 11:00:00+00:00,0.34303233440826486,7337.963952830683
2030-10-16 12:00:00+00:00,0.1597627896467978,7337.014551371481
2030-10-16 13:00:00+00:00,2.948475053930864e-05,7336.064890518359
2030-10-16 14:00:00+00:00,3.306281623525841e-06,7335.115084283732
2030-10-16 15:00:00+00:00,9.904398183194496e-06,7334.166450569842
2030-10-16 16:00:00+00:00,1.2256811873746865e-05,7333.219367292581
2030-10-16 17:00:00+00:00,2.015118760994633e-05,7332.279904314149
2030-10-16 18:00:00+00:00,3.806028820251575e-05,7332.425143513415
2030-10-16 19:00:00+00:00,3.059828329747439e-05,7332.148477651118
2030-10-16 20:00:00+00:00,2.530543317472982e-05,7332.301912925404
2030-10-16 21:00:00+00:00,4.987799627284633e-06,7332.458759227265
2030-10-16 22:00:00+00:00,0.29731801847410627,7332.620145440665
2030-10-16 23:00:00+00:00,0.7159557606285633,7332.780772990198
2030-10-17 00:00:00+00:00,1.5815765756753308,7332.940599575408
2030-10-17 01:00:00+00:00,2.3168645626667046,7333.0995286574
2030-10-17 02:00:00+00:00,2.693066121519026,7333.257775101681
2030-10-17 03:00:00+00:00,2.8931947560517584,7333.415566758759
2030-10-17 04:00:00+00:00,2.8932834362790754,7333.573161626003
2030-10-17 05:00:00+00:00,2.892478048528921,7333.730097325531
2030-10-17 06:00:00+00:00,2.3352382664248306,7333.88696448957
2030-10-17 07:00:00+00:00,2.3353334761605504,7334.044393635817
2030-10-17 08:00:00+00:00,2.5174099834792174,7334.201812616254
2030-10-17 09:00:00+00:00,2.7274457816560216,7334.359228857017
2030-10-17 10:00:00+00:00,2.943403867284001,7334.516740304727
2030-10-17 11:00:00+00:00,3.173763157619326,7334.674121630467
2030-10-17 12:00:00+00:00,3.632830812168332,7334.831432723243
2030-10-17 13:00:00+00:00,4.010290875034239,7334.988837365476
2030-10-17 14:00:00+00:00,4.365440402638646,7335.1462825507815
2030-10-17 15:00:00+00:00,4.365441644157539,7334.20314677102
2030-10-17 16:00:00+00:00,4.365424499881506,7333.251537993534
2030-10-17 17:00:00+00:00,4.36540478956084,7332.300037963104
2030-10-17 18:00:00+00:00,4.365395558115905,7331.348642582874
2030-10-17 19:00:00+00:00,4.3653867422233406,7330.39730478685
2030-10-17 20:00:00+00:00,4.3653806052692214,7329.446042517698
2030-10-17 21:00:00+00:00,4.365376407990498,7328.494874869702
2030-10-17 22:00:00+00:00,4.365377309226462,7327.54374061624
2030-10-17 23:00:00+00:00,4.365379511153197,7326.592616946778
2030-10-18 00:00:00+00:00,4.365378710501636,7325.641459936005
2030-10-18 01:00:00+00:00,4.365379645597205,7324.690309871749
2030-10-18 02:00:00+00:00,4.283780613120226,7323.739064669003
2030-10-18 03:00:00+00:00,3.902960478153828,7322.7878202790125
2030-10-18 04:00:00+00:00,3.524276800573065,7321.836576801341
2030-10-18 05:00:00+00:00,2.568056426352043,7320.885334427517
2030-10-18 06:00:00+00:00,1.4133611896459324,7319.934043153364
2030-10-18 07:00:00+00:00,0.44382453986524306,7318.9828235251225
2030-10-18 08:00:00+00:00,0.126464535024333,7318.031597076348
2030-10-18 09:00:00+00:00,5.6238756719138223e-05,7317.080296343487
2030-10-18 10:00:00+00:00,5.690830270686025e-05,7316.128972518406
2030-10-18 11:00:00+00:00,5.6290022215813456e-05,7315.17752792825
2030-10-18 12:00:00+00:00,5.366260810032775e-05,7314.225995607892
2030-10-18 13:00:00+00:00,4.939085780863204e-05,7313.274384740271
2030-10-18 14:00:00+00:00,4.264996462977714e-05,7312.322693859591
2030-10-18 15:00:00+00:00,3.18828768423867e-05,7311.370874155249
2030-10-18 16:00:00+00:00,9.195008456968196e-06,7310.418921708493
2030-10-18 17:00:00+00:00,2.0518079781210244e-06,7309.466993608262
2030-10-18 18:00:00+00:00,2.7402562503026755e-06,7308.522591691014
2030-10-18 19:00:00+00:00,3.470710090327676e-06,7308.679819107471
2030-10-18 20:00:00+00:00,2.7951832674441134e-05,7308.837549771864
2030-10-18 21:00:00+00:00,0.1302079828815583,7308.995160098303
2030-10-18 22:00:00+00:00,0.6386487141150156,7309.152623167578
2030-10-18 23:00:00+00:00,1.122319646043993,7309.310010305013
2030-10-19 00:00:00+00:00,1.9847664743209341,7309.467352279229
2030-10-19 01:00:00+00:00,2.700824311400112,7309.624668716177
2030-10-19 02:00:00+00:00,3.2620220649242646,7309.781970169573
2030-10-19 03:00:00+00:00,3.7416607063036427,7309.939260728656
2030-10-19 04:00:00+00:00,4.204480971121102,7310.096539457299
2030-10-19 05:00:00+00:00,4.365415123118604,7310.253806559462
2030-10-19 06:00:00+00:00,4.338114547073833,7310.41101106643
2030-10-19 07:00:00+00:00,3.183660129687393,7310.568189846052
2030-10-19 08:00:00+00:00,3.096943476759487,7310.725370338459
2030-10-19 09:00:00+00:00,2.9520719578761017,7310.882540809634
2030-10-19 10:00:00+00:00,1.7974216817429396,7311.039653434648
2030-10-19 11:00:00+00:00,1.2037591184293075,7311.196814175308
2030-10-19 12:00:00+00:00,1.1769115190216486,7311.353973427476
2030-10-19 13:00:00+00:00,1.0820012982342058,7311.511196125673
2030-10-19 14:00:00+00:00,0.8837635671115872,7311.668602094574
2030-10-19 15:00:00+00:00,0.6921440888647545,7311.826192032982
2030-10-19 16:00:00+00:00,0.428159440159395,7311.983928874068
2030-10-19 17:00:00+00:00,0.0258612647476398,7312.141833273765
2030-10-19 18:00:00+00:00,2.8257341960800534e-05,7312.300052691833
2030-10-19 19:00:00+00:00,0.04240620382849431,7312.458180727347
2030-10-19 20:00:00+00:00,0.0624053479056552,7312.616136217489
2030-10-19 21:00:00+00:00,0.07598265626302562,7312.773912842115
2030-10-19 22:00:00+00:00,0.08366711182624899,7312.931385808659
2030-10-19 23:00:00+00:00,0.0894910679489293,7313.08860891796
2030-10-20 00:00:00+00:00,0.09292180943143355,7313.245580777582
2030-10-20 01:00:00+00:00,0.09389582388842761,7313.402179573047
2030-10-20 02:00:00+00:00,0.09300975478090909,7313.558383640609
2030-10-20 03:00:00+00:00,0.0902521456396035,7313.7140981705825
2030-10-20 04:00:00+00:00,0.08535159998212899,7313.869336473926
2030-10-20 05:00:00+00:00,0.0788319447093926,7314.024227339824
2030-10-20 06:00:00+00:00,0.09514087856962969,7314.178803483965
2030-10-20 07:00:00+00:00,0.08079769518626537,7314.332630256187
2030-10-20 08:00:00+00:00,0.06305927184808792,7314.48591559807
2030-10-20 09:00:00+00:00,0.033617097403903284,7314.638863184173
2030-10-20 10:00:00+00:00,0.7199979137989978,7314.791632513695
2030-10-20 11:00:00+00:00,1.560927354073972,7314.944342501672
2030-10-20 12:00:00+00:00,2.2625358474617236,7315.097143832027
2030-10-20 13:00:00+00:00,2.9455088267986453,7315.249717709927
2030-10-20 14:00:00+00:00,2.9781909765243877,7315.402034178008
2030-10-20 15:00:00+00:00,3.008645865696361,7315.554135198575
2030-10-20 16:00:00+00:00,2.982729367429523,7315.706047699909
2030-10-20 17:00:00+00:00,2.95739831079767,7315.857827368128
2030-10-20 18:00:00+00:00,2.933185736994945,7316.009494574669
2030-10-20 19:00:00+00:00,2.939300191076622,7316.162145351837
2030-10-20 20:00:00+00:00,2.948715269009159,7316.315850330986
2030-10-20 21:00:00+00:00,2.958573932595898,7316.469916239912
2030-10-20 22:00:00+00:00,2.968328853981597,7316.624084165782
2030-10-20 23:00:00+00:00,2.977096389348546,7316.778252284415
2030-10-21 00:00:00+00:00,2.985809362931692,7316.932396874478
2030-10-21 01:00:00+00:00,2.9936045669705345,7317.086507648324
2030-10-21 02:00:00+00:00,2.995773784772849,7317.240593932439
2030-10-21 03:00:00+00:00,2.970983465667689,7317.394675666101
2030-10-21 04:00:00+00:00,2.9448900320547056,7317.548782507864
2030-10-21 05:00:00+00:00,2.6428586760568202,7317.702964261978
2030-10-21 06:00:00+00:00,1.9091667727669297,7317.857180946736
2030-10-21 07:00:00+00:00,1.8836628242566975,7318.011426690313
2030-10-21 08:00:00+00:00,1.8573982696300446,7318.165621075222
2030-10-21 09:00:00+00:00,1.8395457513953783,7318.319774280664
2030-10-21 10:00:00+00:00,1.8479256082094153,7318.473803861993
2030-10-21 11:00:00+00:00,1.8567467471489856,7318.6276694627095
2030-10-21 12:00:00+00:00,1.8647399594475473,7318.781332446879
2030-10-21 13:00:00+00:00,1.8726788116456659,7318.9347410775
2030-10-21 14:00:00+00:00,1.8786956684831453,7319.0876991464165
2030-10-21 15:00:00+00:00,1.845015412241936,7319.240188473857
2030-10-21 16:00:00+00:00,1.0509601763817984,7319.39221094725
2030-10-21 17:00:00+00:00,0.12447477456605009,7319.543988098789
2030-10-21 18:00:00+00:00,0.07720237731506716,7319.69552483548
2030-10-21 19:00:00+00:00,0.001528247042025169,7319.845709788561
2030-10-21 20:00:00+00:00,0.0869133175704062,7319.994730338671
2030-10-21 21:00:00+00:00,0.3649031576020913,7320.142338406217
2030-10-21 22:00:00+00:00,0.5935450195182181,7320.288521690749
2030-10-21 23:00:00+00:00,0.8334524302766672,7320.43378020842
2030-10-22 00:00:00+00:00,1.1140543538577434,7320.578758037045
2030-10-22 01:00:00+00:00,1.418009894748655,7320.723593259208
2030-10-22 02:00:00+00:00,1.737156624792768,7320.868389362844
2030-10-22 03:00:00+00:00,2.0683415457390737,7321.013157043769
2030-10-22 04:00:00+00:00,2.351025834227308,7321.1578779686815
2030-10-22 05:00:00+00:00,2.4861943125072306,7321.3025386161435
2030-10-22 06:00:00+00:00,2.6440183503595307,7321.447052534896
2030-10-22 07:00:00+00:00,2.989879935276477,7321.591376423184
2030-10-22 08:00:00+00:00,3.6129127279514117,7321.735405601146
2030-10-22 09:00:00+00:00,3.9538907939632195,7321.878961064399
2030-10-22 10:00:00+00:00,2.9390355331394997,7322.022104317837
2030-10-22 11:00:00+00:00,1.9373175979808481,7322.1651002044
2030-10-22 12:00:00+00:00,0.8383894780328289,7322.307691057596
2030-10-22 13:00:00+00:00,1.5023942906444432,7322.450188254725
2030-10-22 14:00:00+00:00,2.0443922812176085,7322.592499893659
2030-10-22 15:00:00+00:00,2.1336728913931147,7322.7346828020645
2030-10-22 16:00:00+00:00,1.7768026010760312,7322.8768236836
2030-10-22 17:00:00+00:00,0.9889546217450764,7323.018913563999
2030-10-22 18:00:00+00:00,0.40105117457623457,7323.161324100708
2030-10-22 19:00:00+00:00,0.4305279921927153,7323.306015608516
2030-10-22 20:00:00+00:00,0.507208819386897,7323.452970786351
2030-10-22 21:00:00+00:00,0.5512332531658244,7323.601130512398
2030-10-22 22:00:00+00:00,0.7592593809010049,7323.753001494893
2030-10-22 23:00:00+00:00,0.994393617385302,7323.9079815233035
2030-10-23 00:00:00+00:00,1.2176277669215974,7324.066961451565
2030-10-23 01:00:00+00:00,1.4180701977185828,7324.229323220004
2030-10-23 02:00:00+00:00,1.5973349211433108,7324.392597608962
2030-10-23 03:00:00+00:00,1.7552995095652792,7324.558044476269
2030-10-23 04:00:00+00:00,1.8975012968031668,7324.736366550402
2030-10-23 05:00:00+00:00,1.965501891201122,7324.921133728981
2030-10-23 06:00:00+00:00,1.998624599085124,7325.106150902039
2030-10-23 07:00:00+00:00,2.165768400565873,7325.293614603631
2030-10-23 08:00:00+00:00,2.3998513771554744,7325.481128819473
2030-10-23 09:00:00+00:00,2.6198826051719637,7325.668662446346
2030-10-23 10:00:00+00:00,2.8146978716235154,7325.856254465767
2030-10-23 11:00:00+00:00,3.0480784993819214,7326.043925561197
2030-10-23 12:00:00+00:00,3.3175207349244316,7326.231669940501
2030-10-23 13:00:00+00:00,3.6595134850343216,7326.41945636721
2030-10-23 14:00:00+00:00,4.01706491094742,7326.607282210681
2030-10-23 15:00:00+00:00,4.365417082556759,7326.795006839135
2030-10-23 16:00:00+00:00,4.365417612360503,7326.982018433761
2030-10-23 17:00:00+00:00,4.365272664135183,7327.167994922586
2030-10-23 18:00:00+00:00,4.365304185835968,7327.353190192119
2030-10-23 19:00:00+00:00,4.365374751240051,7327.538285773976
2030-10-23 20:00:00+00:00,4.365220471606649,7327.723487706387
2030-10-23 21:00:00+00:00,4.365168190212813,7327.909461753045
2030-10-23 22:00:00+00:00,4.36522345124318,7328.096047959435
2030-10-23 23:00:00+00:00,4.365362357683821,7328.283898583022
2030-10-24 00:00:00+00:00,4.365421213781087,7328.475084515258
2030-10-24 01:00:00+00:00,4.365428763198797,7328.666438511384
2030-10-24 02:00:00+00:00,4.365416486529306,7328.85757798505
2030-10-24 03:00:00+00:00,4.365439580469201,7329.04863349075
2030-10-24 04:00:00+00:00,4.365363201956361,7329.07706672529
2030-10-24 05:00:00+00:00,4.365233513749833,7328.175002914531
2030-10-24 06:00:00+00:00,4.225222768682501,7327.265435374301
2030-10-24 07:00:00+00:00,4.225035197991668,7326.358709342536
2030-10-24 08:00:00+00:00,4.2248403051146735,7325.452028765288
2030-10-24 09:00:00+00:00,4.224810947645926,7325.2296497663765
2030-10-24 10:00:00+00:00,4.364508544824989,7325.418326331877
2030-10-24 11:00:00+00:00,4.364480462421305,7325.194026592161
2030-10-24 12:00:00+00:00,4.365411099585748,7325.382448889707
2030-10-24 13:00:00+00:00,4.3654040371695695,7325.155223706737
2030-10-24 14:00:00+00:00,4.365394334759045,7324.245979150339
2030-10-24 15:00:00+00:00,4.363043572151261,7323.328897333745
2030-10-24 16:00:00+00:00,3.2083558066222557,7322.409807280515
2030-10-24 17:00:00+00:00,2.053682985189596,7321.491052293547
2030-10-24 18:00:00+00:00,0.8991900458600264,7320.5728320944
2030-10-24 19:00:00+00:00,0.0039074105499470515,7319.654613112217
2030-10-24 20:00:00+00:00,0.0021283804857416245,7318.736287560488
2030-10-24 21:00:00+00:00,3.280341641996559e-06,7317.817793476706
2030-10-24 22:00:00+00:00,3.6067260473844037e-06,7318.006146962196
2030-10-24 23:00:00+00:00,1.5575874952387844e-05,7318.195245448384
2030-10-25 00:00:00+00:00,0.0013167820204421274,7318.384382665302
2030-10-25 01:00:00+00:00,0.2836251215444967,7318.573481929555
2030-10-25 02:00:00+00:00,0.7111956786556655,7318.762590527627
2030-10-25 03:00:00+00:00,1.1869809856401388,7318.95168694744
2030-10-25 04:00:00+00:00,1.5723635765701836,7319.140768617782
2030-10-25 05:00:00+00:00,1.8744991657534034,7319.329836417969
2030-10-25 06:00:00+00:00,2.085975224804447,7319.518903840322
2030-10-25 07:00:00+00:00,2.316049320533744,7319.70890210556
2030-10-25 08:00:00+00:00,2.602318003197346,7319.900355467955
2030-10-25 09:00:00+00:00,2.9326342769940443,7320.092753642956
2030-10-25 10:00:00+00:00,3.264460693465216,7320.285852747453
2030-10-25 11:00:00+00:00,3.617840304482537,7320.4790068457305
2030-10-25 12:00:00+00:00,3.9905040115578734,7320.672149172638
2030-10-25 13:00:00+00:00,4.265539119967811,7320.865281738793
2030-10-25 14:00:00+00:00,4.360711277564904,7321.058408838138
2030-10-25 15:00:00+00:00,4.362550979146692,7321.251689422276
2030-10-25 16:00:00+00:00,3.939385162811556,7321.445929491958
2030-10-25 17:00:00+00:00,3.6392876378078927,7321.641560924221
2030-10-25 18:00:00+00:00,3.418950743190974,7321.840146773912
2030-10-25 19:00:00+00:00,3.4160325356890784,7322.041044288468
2030-10-25 20:00:00+00:00,3.41402224326715,7322.246010159515
2030-10-25 21:00:00+00:00,3.1756315558893258,7322.452676302918
2030-10-25 22:00:00+00:00,2.8823837087740114,7322.660339492096
2030-10-25 23:00:00+00:00,2.6591992103549105,7322.8707207343805
2030-10-26 00:00:00+00:00,2.412886919846951,7323.088154807528
2030-10-26 01:00:00+00:00,2.156646107831035,7323.306434484625
2030-10-26 02:00:00+00:00,1.791905139206848,7323.5249493269785
2030-10-26 03:00:00+00:00,1.428068632456596,7323.74352096814
2030-10-26 04:00:00+00:00,1.136948883521822,7323.962135930591
2030-10-26 05:00:00+00:00,0.8569792198309449,7324.180797456553
2030-10-26 06:00:00+00:00,0.506188736549616,7324.399480446826
2030-10-26 07:00:00+00:00,0.001484229080925135,7324.618291553543
2030-10-26 08:00:00+00:00,0.7164030355181962,7324.837135871612
2030-10-26 09:00:00+00:00,1.4169806523131128,7325.056040275169
2030-10-26 10:00:00+00:00,0.2647544665092853,7325.27503528948
2030-10-26 11:00:00+00:00,0.30226823915862905,7325.4941403717285
2030-10-26 12:00:00+00:00,0.46387866241123027,7325.7133288774785
2030-10-26 13:00:00+00:00,0.7447235104579397,7325.932522025635
2030-10-26 14:00:00+00:00,1.0144348618868848,7326.151895383394
2030-10-26 15:00:00+00:00,1.2313958127569447,7326.371982820167
2030-10-26 16:00:00+00:00,1.3839011128325664,7326.59931611643
2030-10-26 17:00:00+00:00,1.5216097361845535,7326.826681541341
2030-10-26 18:00:00+00:00,1.6534001363672957,7327.054039418379
2030-10-26 19:00:00+00:00,1.7893552857960908,7327.28151660033
2030-10-26 20:00:00+00:00,1.9249409707035903,7327.508995860456
2030-10-26 21:00:00+00:00,2.0665999708518568,7327.736539836961
2030-10-26 22:00:00+00:00,2.2373394359239747,7327.9644415102375
2030-10-26 23:00:00+00:00,2.4219753090639142,7328.192829573562
2030-10-27 00:00:00+00:00,2.6123989155645595,7328.42191659587
2030-10-27 01:00:00+00:00,2.8106070133749426,7328.651451519402
2030-10-27 02:00:00+00:00,2.992875509295093,7328.88114360005
2030-10-27 03:00:00+00:00,3.1326515876377963,7329.110820504533
2030-10-27 04:00:00+00:00,3.1881091385272784,7329.340492318437
2030-10-27 05:00:00+00:00,3.205644669945001,7329.570128313081
2030-10-27 06:00:00+00:00,3.218945566975769,7329.799806626982
2030-10-27 07:00:00+00:00,3.226753756722799,7330.029907263056
2030-10-27 08:00:00+00:00,3.2920487155368896,7330.261036986422
2030-10-27 09:00:00+00:00,3.3658390424664284,7330.493517852454
2030-10-27 10:00:00+00:00,3.4920600235250827,7330.734552140201
2030-10-27 11:00:00+00:00,3.6953429806302553,7330.982016029487
2030-10-27 12:00:00+00:00,3.933420608349946,7331.250560261094
2030-10-27 13:00:00+00:00,4.156979501509168,7331.521574922451
2030-10-27 14:00:00+00:00,4.263016990690504,7331.804802882718
2030-10-27 15:00:00+00:00,4.285768991871152,7332.088816217527
2030-10-27 16:00:00+00:00,4.286457300269008,7332.372760421489
2030-10-27 17:00:00+00:00,4.229008619751835,7332.656598197155
2030-10-27 18:00:00+00:00,4.203966042560674,7332.940363770984
2030-10-27 19:00:00+00:00,4.279586567052232,7333.223102859709
2030-10-27 20:00:00+00:00,4.276455791697939,7333.504763953342
2030-10-27 21:00:00+00:00,4.281820736543888,7333.786110366407
2030-10-27 22:00:00+00:00,4.285774413612483,7334.067607951313
2030-10-27 23:00:00+00:00,4.312957326819958,7334.350221348035
2030-10-28 00:00:00+00:00,4.365415619796398,7334.636735531487
2030-10-28 01:00:00+00:00,4.353445801750021,7334.925126114354
2030-10-28 02:00:00+00:00,4.329564940214843,7335.214035304972
2030-10-28 03:00:00+00:00,4.324058801706496,7335.5034005771495
2030-10-28 04:00:00+00:00,4.194291115618529,7335.7927245384735
2030-10-28 05:00:00+00:00,4.1204457913463,7336.081966104268
2030-10-28 06:00:00+00:00,3.7419611043341083,7336.371304537812
2030-10-28 07:00:00+00:00,2.6457470030141925,7336.66163999436
2030-10-28 08:00:00+00:00,1.4913430938125651,7336.953122647689
2030-10-28 09:00:00+00:00,1.0895098711667894,7337.2463540862345
2030-10-28 10:00:00+00:00,1.2407463677145263,7337.539831716362
2030-10-28 11:00:00+00:00,1.701400745167109,7337.833678027256
2030-10-28 12:00:00+00:00,2.5664386991914703,7338.127999384972
2030-10-28 13:00:00+00:00,3.4314875617910494,7338.422776572912
2030-10-28 14:00:00+00:00,4.194419410927841,7338.717718863994
2030-10-28 15:00:00+00:00,4.364450545550676,7339.0127838053795
2030-10-28 16:00:00+00:00,4.363791873026286,7339.308022946312
2030-10-28 17:00:00+00:00,4.3633925215210745,7339.603287639854
2030-10-28 18:00:00+00:00,4.363131578781964,7339.898600571234
2030-10-28 19:00:00+00:00,4.362960489279715,7340.194041963788
2030-10-28 20:00:00+00:00,4.3628872134633,7340.489562052929
2030-10-28 21:00:00+00:00,4.362822248834243,7340.785126461811
2030-10-28 22:00:00+00:00,4.362934984228635,7341.080757174983
2030-10-28 23:00:00+00:00,4.363129698401151,7341.376422473825
2030-10-29 00:00:00+00:00,4.3632996355154114,7341.672100037723
2030-10-29 01:00:00+00:00,4.363743447858169,7341.967766474544
2030-10-29 02:00:00+00:00,4.3642579125640575,7342.263404820177
2030-10-29 03:00:00+00:00,4.365409434112889,7342.559056894941
2030-10-29 04:00:00+00:00,4.363427912196263,7342.854654346018
2030-10-29 05:00:00+00:00,4.362492353166517,7343.150276063161
2030-10-29 06:00:00+00:00,4.361836448400868,7343.445917025588
2030-10-29 07:00:00+00:00,4.361308596489855,7343.741572732275
2030-10-29 08:00:00+00:00,4.360827263513912,7344.037258812797
2030-10-29 09:00:00+00:00,4.360664471007625,7344.332991616051
2030-10-29 10:00:00+00:00,4.3605137454277,7344.628810948381
2030-10-29 11:00:00+00:00,4.360372767174462,7344.924723953313
2030-10-29 12:00:00+00:00,4.360243522977037,7345.22075983426
2030-10-29 13:00:00+00:00,4.365420411103796,7345.516930066901
2030-10-29 14:00:00+00:00,4.365431718255934,7345.813139538993
2030-10-29 15:00:00+00:00,4.365367645021931,7346.109196940959
2030-10-29 16:00:00+00:00,4.365430610611087,7346.405315804848
2030-10-29 17:00:00+00:00,4.365396454012604,7346.700971268511
2030-10-29 18:00:00+00:00,4.36539368463155,7346.996147874193
2030-10-29 19:00:00+00:00,4.365334866405671,7347.288616419187
2030-10-29 20:00:00+00:00,4.365298398581453,7347.578659883966
2030-10-29 21:00:00+00:00,4.365244879221044,7347.867108450556
2030-10-29 22:00:00+00:00,4.365176577291319,7348.151534299202
2030-10-29 23:00:00+00:00,4.36514298814199,7348.432948011209
2030-10-30 00:00:00+00:00,4.365109336194961,7348.710311419141
2030-10-30 01:00:00+00:00,4.36507731941959,7348.9842290667975
2030-10-30 02:00:00+00:00,4.36505137899764,7349.257216329578
2030-10-30 03:00:00+00:00,4.365030929802478,7349.528034615952
2030-10-30 04:00:00+00:00,3.4640649768995617,7349.785282448378
2030-10-30 05:00:00+00:00,2.3093853504984976,7350.032955712128
2030-10-30 06:00:00+00:00,1.1546984474093394,7350.264850739184
2030-10-30 07:00:00+00:00,2.037672725886338e-05,7350.509868454161
2030-10-30 08:00:00+00:00,9.36211777848273e-05,7350.759408682001
2030-10-30 09:00:00+00:00,0.00015030106262495238,7351.009003355274
2030-10-30 10:00:00+00:00,0.0001605357781076649,7351.258535161355
2030-10-30 11:00:00+00:00,0.0003985436299893451,7351.508152098277
2030-10-30 12:00:00+00:00,0.0005331480142519039,7351.75771781165
2030-10-30 13:00:00+00:00,0.0005609043840356734,7352.007209428747
2030-10-30 14:00:00+00:00,0.0006410911178729522,7352.256693158432
2030-10-30 15:00:00+00:00,0.0007080670687346141,7352.506119142653
2030-10-30 16:00:00+00:00,0.0007293875812110322,7352.7555139384685
2030-10-30 17:00:00+00:00,0.0007489352609225977,7353.004926191379
2030-10-30 18:00:00+00:00,0.0007601206857150709,7353.254326860707
2030-10-30 19:00:00+00:00,0.14187237737861835,7353.503684424094
2030-10-30 20:00:00+00:00,0.2342372116073315,7353.752617511599
2030-10-30 21:00:00+00:00,0.23434039752701588,7354.000637126019
2030-10-30 22:00:00+00:00,0.4226051546768128,7354.248059370048
2030-10-30 23:00:00+00:00,0.6915927544062945,7354.4942209584
2030-10-31 00:00:00+00:00,0.9415037452583853,7354.737034636306
2030-10-31 01:00:00+00:00,1.156723590310488,7354.979596952815
2030-10-31 02:00:00+00:00,1.3494982656743444,7355.222154517955
2030-10-31 03:00:00+00:00,1.5126608646603308,7355.4647392544175
2030-10-31 04:00:00+00:00,1.6737123305602017,7355.707349753634
2030-10-31 05:00:00+00:00,1.809703246054429,7355.950000574028
2030-10-31 06:00:00+00:00,1.8098129635132727,7356.192641732625
2030-10-31 07:00:00+00:00,1.809925692662423,7356.435246366547
2030-10-31 08:00:00+00:00,1.8100290666884353,7356.677820733187
2030-10-31 09:00:00+00:00,1.8101307376584927,7356.920373958823
2030-10-31 10:00:00+00:00,2.0276606532429553,7357.1629740979815
2030-10-31 11:00:00+00:00,2.1796972466601487,7357.40558722667
2030-10-31 12:00:00+00:00,3.0456701470721987,7357.648253021942
2030-10-31 13:00:00+00:00,3.1869287020772155,7357.890843296502
2030-10-31 14:00:00+00:00,3.187032311618211,7358.1333942095325
2030-10-31 15:00:00+00:00,3.798801553768855,7358.375987528311
2030-10-31 16:00:00+00:00,3.7989772946255247,7358.618597451293
2030-10-31 17:00:00+00:00,3.799153144999487,7358.8612366123125
2030-10-31 18:00:00+00:00,3.79925473186458,7359.1039210947265
2030-10-31 19:00:00+00:00,4.002960410970389,7359.346696984069
2030-10-31 20:00:00+00:00,4.364696637358512,7359.589519972269
2030-10-31 21:00:00+00:00,4.364675752878734,7359.832192560011
2030-10-31 22:00:00+00:00,4.3646630564333995,7360.074938755307
2030-10-31 23:00:00+00:00,4.364654741660105,7360.317790641463
2030-11-01 00:00:00+00:00,4.364664384043089,7360.560970314873
2030-11-01 01:00:00+00:00,4.364677356284636,7360.8045088612425
2030-11-01 02:00:00+00:00,4.364677867402633,7361.048213918061
2030-11-01 03:00:00+00:00,4.364675904949676,7361.2920309721585
2030-11-01 04:00:00+00:00,4.364676755372385,7361.536007916346
2030-11-01 05:00:00+00:00,4.364680389680834,7361.780138873975
2030-11-01 06:00:00+00:00,4.364713943629915,7362.0244453578625
2030-11-01 07:00:00+00:00,4.364723199525964,7362.268018269113
2030-11-01 08:00:00+00:00,4.3647344985198,7362.510764594155
2030-11-01 09:00:00+00:00,4.364755751042924,7362.753599136272
2030-11-01 10:00:00+00:00,4.364816626566548,7362.996791578455
2030-11-01 11:00:00+00:00,4.364890941918855,7363.24060384805
2030-11-01 12:00:00+00:00,4.3649895251265285,7363.484732960262
2030-11-01 13:00:00+00:00,4.365025268268601,7363.728965967055
2030-11-01 14:00:00+00:00,4.365439507123776,7363.973365185616
2030-11-01 15:00:00+00:00,4.3654080993575075,7363.218029286052
2030-11-01 16:00:00+00:00,4.365373175691044,7362.36108396062
2030-11-01 17:00:00+00:00,4.36535539188912,7361.503321982822
2030-11-01 18:00:00+00:00,4.365344809151302,7360.64339792142
2030-11-01 19:00:00+00:00,4.365340111989934,7359.7833048652465
2030-11-01 20:00:00+00:00,4.3653398789627325,7358.921085509898
2030-11-01 21:00:00+00:00,4.365341831923987,7358.057302229674
2030-11-01 22:00:00+00:00,4.365347090752252,7357.193292039503
2030-11-01 23:00:00+00:00,4.365356738390476,7356.329193068921
2030-11-02 00:00:00+00:00,4.365376230765949,7355.463662821503
2030-11-02 01:00:00+00:00,4.365416960522924,7354.610730909186
2030-11-02 02:00:00+00:00,4.365422776597159,7353.770606818297
2030-11-02 03:00:00+00:00,3.998599145985859,7352.946684707964
2030-11-02 04:00:00+00:00,3.442979195364289,7352.129632145711
2030-11-02 05:00:00+00:00,2.8293023254763146,7351.315129999981
2030-11-02 06:00:00+00:00,2.1446631977491135,7350.505807817362
2030-11-02 07:00:00+00:00,1.712543392887643,7349.698168565803
2030-11-02 08:00:00+00:00,1.1875538287744616,7348.895002616212
2030-11-02 09:00:00+00:00,0.6017089686436323,7348.094018062664
2030-11-02 10:00:00+00:00,4.90006484330039e-05,7347.293768381464
2030-11-02 11:00:00+00:00,6.224512074636467e-06,7346.4947332503925
2030-11-02 12:00:00+00:00,2.1609227259929662e-06,7345.717057532085
2030-11-02 13:00:00+00:00,6.612593128248853e-06,7346.028266688527
2030-11-02 14:00:00+00:00,0.015798193819478723,7346.339848110768
2030-11-02 15:00:00+00:00,0.023638739322544604,7346.650770297395
2030-11-02 16:00:00+00:00,0.020169793736037594,7346.954487381464
2030-11-02 17:00:00+00:00,0.013836101954387156,7347.258119870656
2030-11-02 18:00:00+00:00,0.0005482011556627059,7347.561536643671
2030-11-02 19:00:00+00:00,0.022494959940632882,7347.864903778603
2030-11-02 20:00:00+00:00,0.5179836066372421,7348.168353426411
2030-11-02 21:00:00+00:00,1.2925523729309012,7348.472121268443
2030-11-02 22:00:00+00:00,1.9558232759325784,7348.776217769231
2030-11-02 23:00:00+00:00,2.772106553918476,7349.08090561144
2030-11-03 00:00:00+00:00,3.1621355479104545,7349.386516423553
2030-11-03 01:00:00+00:00,3.6054284552870866,7349.692465662993
2030-11-03 02:00:00+00:00,4.100071659095848,7349.998397363828
2030-11-03 03:00:00+00:00,4.365417160115769,7350.304515109853
2030-11-03 04:00:00+00:00,4.365167837442513,7350.610929777727
2030-11-03 05:00:00+00:00,4.217208013222593,7350.918067602203
2030-11-03 06:00:00+00:00,4.216335184653899,7351.22645781643
2030-11-03 07:00:00+00:00,4.217030669151213,7351.534578340573
2030-11-03 08:00:00+00:00,4.22996906275745,7351.841705769889
2030-11-03 09:00:00+00:00,4.244478532346354,7352.1475504795535
2030-11-03 10:00:00+00:00,4.262119584011388,7352.444968441923
2030-11-03 11:00:00+00:00,4.282641612781521,7352.735935478278
2030-11-03 12:00:00+00:00,4.312241685552714,7353.0056027625
2030-11-03 13:00:00+00:00,4.365016488947752,7353.272893319933
2030-11-03 14:00:00+00:00,4.365432754643195,7353.528099454221
2030-11-03 15:00:00+00:00,4.365433449435734,7353.782860940873
2030-11-03 16:00:00+00:00,4.365323757849211,7354.037666393635
2030-11-03 17:00:00+00:00,4.365296994432859,7354.292638013003
2030-11-03 18:00:00+00:00,4.365154492661857,7354.547619203883
2030-11-03 19:00:00+00:00,4.365069153609095,7354.802657044894
2030-11-03 20:00:00+00:00,4.365045700188637,7355.057795122547
2030-11-03 21:00:00+00:00,4.365029812625091,7355.312944391675
2030-11-03 22:00:00+00:00,4.365020128307295,7355.567916865078
2030-11-03 23:00:00+00:00,4.365015947834919,7355.822009125094
2030-11-04 00:00:00+00:00,4.365017485379037,7356.073283838549
2030-11-04 01:00:00+00:00,4.365005789440654,7356.329524950182
2030-11-04 02:00:00+00:00,4.365022373275592,7356.597347198817
2030-11-04 03:00:00+00:00,4.3649998043046905,7356.873418442295
2030-11-04 04:00:00+00:00,4.364848937812662,7357.160832847443
2030-11-04 05:00:00+00:00,4.364860082042531,7357.451428162561
2030-11-04 06:00:00+00:00,4.364858957771892,7357.744951403701
2030-11-04 07:00:00+00:00,4.364859451331929,7358.044373962617
2030-11-04 08:00:00+00:00,4.364886723293518,7358.345668182204
2030-11-04 09:00:00+00:00,4.364918629238716,7358.646400474877
2030-11-04 10:00:00+00:00,4.364964981108657,7358.948182210039
2030-11-04 11:00:00+00:00,4.364981264962022,7359.255034256165
2030-11-04 12:00:00+00:00,4.365057905148111,7359.575587975002
2030-11-04 13:00:00+00:00,4.365170418575065,7359.908100540487
2030-11-04 14:00:00+00:00,4.365439164490579,7360.244627936171
2030-11-04 15:00:00+00:00,4.3652483167340685,7360.562524646306
2030-11-04 16:00:00+00:00,4.362966877986416,7360.738977161127
2030-11-04 17:00:00+00:00,3.7782108065671087,7360.639968616801
2030-11-04 18:00:00+00:00,3.2984601948007923,7360.540512449551
2030-11-04 19:00:00+00:00,3.0267517323866455,7360.442411023021
2030-11-04 20:00:00+00:00,2.94175101303282,7360.350947300124
2030-11-04 21:00:00+00:00,2.9410685102692966,7360.574031601133
2030-11-04 22:00:00+00:00,2.940929349705879,7360.881173185419
2030-11-04 23:00:00+00:00,2.819268011103399,7360.786706808174
2030-11-05 00:00:00+00:00,2.5215914149323035,7360.687354970883
2030-11-05 01:00:00+00:00,2.2247422349695256,7360.58803026772
2030-11-05 02:00:00+00:00,1.7590056962999774,7360.487356616615
2030-11-05 03:00:00+00:00,1.448212764363789,7360.388426498035
2030-11-05 04:00:00+00:00,1.1913478698077875,7360.290599819652
2030-11-05 05:00:00+00:00,1.0246364544244828,7360.195194842988
2030-11-05 06:00:00+00:00,0.6695666815315592,7360.097538262768
2030-11-05 07:00:00+00:00,0.35830516012900987,7360.001527170499
2030-11-05 08:00:00+00:00,0.0010406535146460089,7359.907498176258
2030-11-05 09:00:00+00:00,0.00022818273560934742,7360.137148998663
2030-11-05 10:00:00+00:00,0.0002056902588230061,7360.473666977921
2030-11-05 11:00:00+00:00,0.00017388831136996554,7360.810926311385
2030-11-05 12:00:00+00:00,0.00016167408666661873,7361.15162606296
2030-11-05 13:00:00+00:00,0.000160379346108064,7361.495484622014
2030-11-05 14:00:00+00:00,0.00015461290458304594,7361.842247276329
2030-11-05 15:00:00+00:00,0.00014392488212352822,7362.198797430605
2030-11-05 16:00:00+00:00,0.00010341280337894717,7362.568253071473
2030-11-05 17:00:00+00:00,1.6609870845036544e-05,7362.946112940161
2030-11-05 18:00:00+00:00,9.685791388117891e-06,7363.3295041327765
2030-11-05 19:00:00+00:00,2.9826226548886085e-05,7363.714523217582
2030-11-05 20:00:00+00:00,0.0001162005926661344,7364.100173358358
2030-11-05 21:00:00+00:00,0.02996524238731319,7364.486322555993
2030-11-05 22:00:00+00:00,0.6921264069587462,7364.872803750886
2030-11-05 23:00:00+00:00,1.5581349660411468,7365.259793563117
2030-11-06 00:00:00+00:00,2.4241452012421845,7365.647261374262
2030-11-06 01:00:00+00:00,3.2901574975801338,7366.03524703272
2030-11-06 02:00:00+00:00,3.8400509518158925,7366.423494365299
2030-11-06 03:00:00+00:00,4.365378105725999,7366.812227577164
2030-11-06 04:00:00+00:00,4.365387316588271,7367.201340950595
2030-11-06 05:00:00+00:00,4.365379947131567,7367.590846488809
2030-11-06 06:00:00+00:00,4.36543280770054,7367.98093024796
2030-11-06 07:00:00+00:00,4.365414772293176,7368.370612575953
2030-11-06 08:00:00+00:00,4.365378304354735,7368.759968258763
2030-11-06 09:00:00+00:00,4.365365215986271,7369.150091622715
2030-11-06 10:00:00+00:00,4.365361937365634,7369.541105487222
2030-11-06 11:00:00+00:00,4.365368399505246,7369.933412045208
2030-11-06 12:00:00+00:00,4.365375253733612,7370.327782817194
2030-11-06 13:00:00+00:00,4.2674526138782864,7370.711250558099
2030-11-06 14:00:00+00:00,3.736059767817085,7371.098583621615
2030-11-06 15:00:00+00:00,2.581415629245821,7370.508324854964
2030-11-06 16:00:00+00:00,1.4267903353593998,7370.475649905759
2030-11-06 17:00:00+00:00,0.47971960100927713,7370.871479367853
2030-11-06 18:00:00+00:00,0.2278950264487375,7371.267880468214
2030-11-06 19:00:00+00:00,4.242650638495428e-05,7371.664557717761
2030-11-06 20:00:00+00:00,9.91104313521743e-06,7372.074629636452
2030-11-06 21:00:00+00:00,1.8982554218151836e-05,7372.487821487935
2030-11-06 22:00:00+00:00,6.717525988598241e-06,7372.901497614305
2030-11-06 23:00:00+00:00,0.3709352803824139,7373.316088348049
2030-11-07 00:00:00+00:00,0.9761616847573243,7373.731030134191
2030-11-07 01:00:00+00:00,1.8419103672212052,7374.146364255773
2030-11-07 02:00:00+00:00,2.7073072202277064,7374.562087363591
2030-11-07 03:00:00+00:00,3.5726747553208194,7374.978191871901
2030-11-07 04:00:00+00:00,3.9806008050321657,7375.394694981964
2030-11-07 05:00:00+00:00,4.365401774491648,7375.811784960308
2030-11-07 06:00:00+00:00,4.365437492644082,7376.229290801285
2030-11-07 07:00:00+00:00,4.365356245249941,7376.646456907221
2030-11-07 08:00:00+00:00,4.365324068514634,7377.0646852716745
2030-11-07 09:00:00+00:00,4.365305529639046,7377.484037562205
2030-11-07 10:00:00+00:00,4.365308556538385,7377.904886608778
2030-11-07 11:00:00+00:00,4.365320827787827,7378.327483136317
2030-11-07 12:00:00+00:00,4.365347146339309,7378.7520485628875
2030-11-07 13:00:00+00:00,4.365415453971403,7379.178615476419
2030-11-07 14:00:00+00:00,4.365438232735662,7379.607451812624
2030-11-07 15:00:00+00:00,3.9998210445173474,7378.934902484243
2030-11-07 16:00:00+00:00,3.438513726438015,7378.269043179637
2030-11-07 17:00:00+00:00,3.2293246919172054,7377.610101659799
2030-11-07 18:00:00+00:00,3.04018462579975,7376.958005367212
2030-11-07 19:00:00+00:00,2.8678090549343223,7376.3194029083015
2030-11-07 20:00:00+00:00,2.731164710478286,7375.70691815335
2030-11-07 21:00:00+00:00,2.6263183350745036,7375.134043989148
2030-11-07 22:00:00+00:00,2.497363426341241,7374.608985018715
2030-11-07 23:00:00+00:00,2.4968647681817306,7374.110334323004
2030-11-08 00:00:00+00:00,2.495649062502426,7373.619911017173
2030-11-08 01:00:00+00:00,2.494324779988259,7373.138621157813
2030-11-08 02:00:00+00:00,2.494271156215972,7372.668597161997
2030-11-08 03:00:00+00:00,2.494205333459945,7372.204383418881
2030-11-08 04:00:00+00:00,2.4940524965049575,7371.741225145061
2030-11-08 05:00:00+00:00,2.3777078367321955,7371.2782469031345
2030-11-08 06:00:00+00:00,2.3776436394341856,7370.816121349343
2030-11-08 07:00:00+00:00,2.2592577814141896,7370.353612028387
2030-11-08 08:00:00+00:00,2.259205844404059,7369.891508726381
2030-11-08 09:00:00+00:00,2.259152940237224,7369.428842892748
2030-11-08 10:00:00+00:00,2.259100357629862,7368.965619346123
2030-11-08 11:00:00+00:00,2.2590481100487767,7368.5021948046215
2030-11-08 12:00:00+00:00,2.258996692392142,7368.03912051411
2030-11-08 13:00:00+00:00,2.257196547592947,7367.577127823433
2030-11-08 14:00:00+00:00,2.195548827980435,7367.119648217398
2030-11-08 15:00:00+00:00,1.36587798215955,7366.66665668789
2030-11-08 16:00:00+00:00,0.21148776783925666,7366.219570654373
2030-11-08 17:00:00+00:00,0.12479314989493417,7365.774492024432
2030-11-08 18:00:00+00:00,0.0003009735764681593,7365.34032582036
2030-11-08 19:00:00+00:00,0.00021793103797185205,7364.919336692571
2030-11-08 20:00:00+00:00,0.00015664691414228816,7364.5039112668255
2030-11-08 21:00:00+00:00,5.2189019852265446e-05,7364.090341589045
2030-11-08 22:00:00+00:00,6.001630949707492e-06,7363.677952068134
2030-11-08 23:00:00+00:00,2.3519783574499312e-05,7364.36772019253
2030-11-09 00:00:00+00:00,0.33079262749749383,7365.053944144111
2030-11-09 01:00:00+00:00,0.8325519032024228,7365.7267609450155
2030-11-09 02:00:00+00:00,1.2748038311190257,7366.380872812081
2030-11-09 03:00:00+00:00,1.7117724434780133,7367.017680623437
2030-11-09 04:00:00+00:00,2.390230674276173,7367.6484431939125
2030-11-09 05:00:00+00:00,2.684857073095352,7368.277397560286
2030-11-09 06:00:00+00:00,2.7068408341987458,7368.901902117002
2030-11-09 07:00:00+00:00,2.7069103396800007,7369.525302457591
2030-11-09 08:00:00+00:00,2.960595662678354,7370.145256589535
2030-11-09 09:00:00+00:00,3.1162035288832692,7370.763790175303
2030-11-09 10:00:00+00:00,3.3013014230458864,7371.382256231804
2030-11-09 11:00:00+00:00,3.5948405125385414,7372.000376733936
2030-11-09 12:00:00+00:00,3.595927870562877,7372.618413176939
2030-11-09 13:00:00+00:00,4.0712278428378665,7373.236663417661
2030-11-09 14:00:00+00:00,4.071293900308238,7373.8550440093495
2030-11-09 15:00:00+00:00,4.365429914858991,7374.474098467416
2030-11-09 16:00:00+00:00,4.334917919791701,7375.08635660684
2030-11-09 17:00:00+00:00,3.9298604718474155,7375.701186344663
2030-11-09 18:00:00+00:00,3.2229298699181936,7376.320044805228
2030-11-09 19:00:00+00:00,2.8284419057558163,7376.946301688656
2030-11-09 20:00:00+00:00,2.5530288080350236,7377.576206814726
2030-11-09 21:00:00+00:00,2.2264687282478053,7378.208931184028
2030-11-09 22:00:00+00:00,1.8550433485025395,7378.843361150245
2030-11-09 23:00:00+00:00,1.5488831510347014,7379.478056205197
2030-11-10 00:00:00+00:00,0.95737727730946,7380.11250868894
2030-11-10 01:00:00+00:00,0.46900834575043227,7380.747185384415
2030-11-10 02:00:00+00:00,5.7408194437820035e-05,7381.382635980671
2030-11-10 03:00:00+00:00,6.08340283234656e-05,7382.026116398344
2030-11-10 04:00:00+00:00,5.10627180051344e-05,7382.670711929403
2030-11-10 05:00:00+00:00,1.3250528690122936e-05,7383.316403072169
2030-11-10 06:00:00+00:00,4.0127871299101916e-05,7383.964727328912
2030-11-10 07:00:00+00:00,1.4974420138054436e-05,7384.6154030638945
2030-11-10 08:00:00+00:00,0.3581876329067248,7385.270196890835
2030-11-10 09:00:00+00:00,1.2227598627663103,7385.928730166735
2030-11-10 10:00:00+00:00,2.0886514763462394,7386.590081112329
2030-11-10 11:00:00+00:00,2.6321221165639237,7387.252794570375
2030-11-10 12:00:00+00:00,3.2166376582371097,7387.916510171016
2030-11-10 13:00:00+00:00,4.079712715972567,7388.5810965192
2030-11-10 14:00:00+00:00,4.3654404415854495,7389.246647334215
2030-11-10 15:00:00+00:00,4.365419664595808,7389.892467860022
2030-11-10 16:00:00+00:00,4.365415312641749,7389.559258655456
2030-11-10 17:00:00+00:00,4.365412356518663,7389.127420274794
2030-11-10 18:00:00+00:00,4.365420436441337,7388.695426524573
2030-11-10 19:00:00+00:00,4.365421859994531,7388.258738265347
2030-11-10 20:00:00+00:00,4.365436029407433,7387.8223491343115
2030-11-10 21:00:00+00:00,4.365440270123237,7387.384900321351
2030-11-10 22:00:00+00:00,3.9361078326135566,7386.947429182082
2030-11-10 23:00:00+00:00,3.598497866891818,7386.510651451027
2030-11-11 00:00:00+00:00,3.3336593750105172,7386.073761054164
2030-11-11 01:00:00+00:00,2.2416947544640604,7385.630917748661
2030-11-11 02:00:00+00:00,1.2576203487361763,7385.176990081318
2030-11-11 03:00:00+00:00,0.7465155735616977,7384.715238134196
2030-11-11 04:00:00+00:00,0.353341946735051,7384.243001169936
2030-11-11 05:00:00+00:00,4.3926541077853826e-05,7383.76874912426
2030-11-11 06:00:00+00:00,2.9652583562533636e-06,7383.292417683192
2030-11-11 07:00:00+00:00,1.9481742769529816e-06,7382.811312440036
2030-11-11 08:00:00+00:00,0.5117553424209487,7383.436586816082
2030-11-11 09:00:00+00:00,1.2213967992726085,7384.061718429421
2030-11-11 10:00:00+00:00,2.087354809608084,7384.686708165114
2030-11-11 11:00:00+00:00,2.9533055039307614,7385.307249051939
2030-11-11 12:00:00+00:00,3.7323219112864163,7385.914631093676
2030-11-11 13:00:00+00:00,4.256093305295827,7386.5106735393965
2030-11-11 14:00:00+00:00,4.3654364584820184,7387.103627249298
2030-11-11 15:00:00+00:00,4.365422144303246,7387.694001178421
2030-11-11 16:00:00+00:00,4.364954260307789,7388.270019805215
2030-11-11 17:00:00+00:00,4.3647216837271205,7388.846772726517
2030-11-11 18:00:00+00:00,4.364549357582738,7389.424356148641
2030-11-11 19:00:00+00:00,4.364405666844578,7390.002843819181
2030-11-11 20:00:00+00:00,4.364281165501552,7390.582278959189
2030-11-11 21:00:00+00:00,4.364171265411106,7391.16269486458
2030-11-11 22:00:00+00:00,4.364069782081535,7391.744097071689
2030-11-11 23:00:00+00:00,4.36408579862841,7392.340687023874
2030-11-12 00:00:00+00:00,4.3641024135466315,7392.938277244419
2030-11-12 01:00:00+00:00,4.364360340888932,7393.537594038941
2030-11-12 02:00:00+00:00,4.364722967388677,7394.137924183266
2030-11-12 03:00:00+00:00,4.36535036272418,7394.739268616391
2030-11-12 04:00:00+00:00,4.36539189538713,7395.340912583374
2030-11-12 05:00:00+00:00,4.365361035048714,7395.783393397727
2030-11-12 06:00:00+00:00,4.365275031889985,7395.2896041966205
2030-11-12 07:00:00+00:00,4.365224053107141,7394.796890089207
2030-11-12 08:00:00+00:00,4.365171682034467,7394.304113916174
2030-11-12 09:00:00+00:00,4.3651574808018365,7393.824083414228
2030-11-12 10:00:00+00:00,4.365134317009101,7393.333067951108
2030-11-12 11:00:00+00:00,4.365111044601882,7392.842491755996
2030-11-12 12:00:00+00:00,4.365099828606596,7392.35679606152
2030-11-12 13:00:00+00:00,4.365085296484404,7391.866140505195
2030-11-12 14:00:00+00:00,4.365070526024702,7391.372746592682
2030-11-12 15:00:00+00:00,4.3650576156086345,7390.8708584778915
2030-11-12 16:00:00+00:00,4.365033469882536,7390.353796289155
2030-11-12 17:00:00+00:00,4.365011135755147,7389.829785236656
2030-11-12 18:00:00+00:00,4.365001752469562,7389.306787659714
2030-11-12 19:00:00+00:00,4.364994052500136,7388.7856350129305
2030-11-12 20:00:00+00:00,4.36499434245655,7388.277023145816
2030-11-12 21:00:00+00:00,4.364995163307046,7387.769921703412
2030-11-12 22:00:00+00:00,4.364997588139093,7387.270164294528
2030-11-12 23:00:00+00:00,4.365083479172726,7387.844002973886
2030-11-13 00:00:00+00:00,4.365092989679637,7387.404625835473
2030-11-13 01:00:00+00:00,4.36509869075151,7386.905267984897
2030-11-13 02:00:00+00:00,4.365105621242951,7386.4037022096345
2030-11-13 03:00:00+00:00,4.365106615818522,7385.891922996178
2030-11-13 04:00:00+00:00,4.365053150646384,7385.3737640425115
2030-11-13 05:00:00+00:00,4.36500477068534,7384.856341843005
2030-11-13 06:00:00+00:00,4.36490174383899,7384.339271679593
2030-11-13 07:00:00+00:00,4.262219001779225,7383.822745005498
2030-11-13 08:00:00+00:00,4.262177733345154,7383.307746745916
2030-11-13 09:00:00+00:00,4.262139816163069,7382.793356260471
2030-11-13 10:00:00+00:00,4.262112892147114,7382.2796635314435
2030-11-13 11:00:00+00:00,4.262085223369409,7381.765987584721
2030-11-13 12:00:00+00:00,4.262057977170128,7381.251267397952
2030-11-13 13:00:00+00:00,4.262031474186757,7380.7342129147755
2030-11-13 14:00:00+00:00,3.9638237195000414,7380.213594190617
2030-11-13 15:00:00+00:00,3.4477717586796843,7379.688971256845
2030-11-13 16:00:00+00:00,2.2930805800095473,7379.1622196290045
2030-11-13 17:00:00+00:00,1.1383981020134413,7378.636271594112
2030-11-13 18:00:00+00:00,0.7917040193947824,7378.111987145181
2030-11-13 19:00:00+00:00,0.38535331995065664,7377.588785040523
2030-11-13 20:00:00+00:00,7.6660309816677e-05,7377.06666856058
2030-11-13 21:00:00+00:00,2.5527525502412156e-05,7376.546662418919
2030-11-13 22:00:00+00:00,2.3657629109404816e-05,7376.134298151881
2030-11-13 23:00:00+00:00,1.0570566837064449e-05,7376.70663230121
2030-11-14 00:00:00+00:00,7.854454040924771e-06,7377.29492858093
2030-11-14 01:00:00+00:00,7.236393682051911e-06,7377.8856854308115
2030-11-14 02:00:00+00:00,0.27125592022046524,7378.477784960483
2030-11-14 03:00:00+00:00,0.7000219223485006,7379.0708895281105
2030-11-14 04:00:00+00:00,0.7115274884270043,7379.664982927633
2030-11-14 05:00:00+00:00,0.8847648059180409,7380.259890927945
2030-11-14 06:00:00+00:00,0.9663811914962308,7380.855703842298
2030-11-14 07:00:00+00:00,1.0193280110114742,7381.452172046582
2030-11-14 08:00:00+00:00,1.7342868479164537,7382.049143009608
2030-11-14 09:00:00+00:00,2.0392908977571054,7382.646595958153
2030-11-14 10:00:00+00:00,2.372559207177163,7383.244317612511
2030-11-14 11:00:00+00:00,2.7244006962806147,7383.84205546539
2030-11-14 12:00:00+00:00,3.1265333990974105,7384.439950178279
2030-11-14 13:00:00+00:00,3.4880827435310495,7385.038251370647
2030-11-14 14:00:00+00:00,3.9090171625206334,7385.635912670505
2030-11-14 15:00:00+00:00,4.365436525753639,7386.23131706924
2030-11-14 16:00:00+00:00,4.365434872830026,7386.8216565676075
2030-11-14 17:00:00+00:00,4.365383615148224,7387.404508223433
2030-11-14 18:00:00+00:00,4.36536024435063,7387.982071228401
2030-11-14 19:00:00+00:00,4.365317764589738,7388.545609805788
2030-11-14 20:00:00+00:00,4.365289955113603,7389.084817993113
2030-11-14 21:00:00+00:00,4.365270649596508,7389.586169374434
2030-11-14 22:00:00+00:00,4.365256732141744,7390.041517428087
2030-11-14 23:00:00+00:00,4.365246982763153,7390.47262039927
2030-11-15 00:00:00+00:00,4.365239806601804,7390.897148330165
2030-11-15 01:00:00+00:00,4.365246420935884,7391.315994510363
2030-11-15 02:00:00+00:00,4.36525687997883,7391.725462931325
2030-11-15 03:00:00+00:00,4.365272700614879,7392.130454447015
2030-11-15 04:00:00+00:00,4.3652974214510945,7392.535507969032
2030-11-15 05:00:00+00:00,4.365303178072552,7392.9375422836665
2030-11-15 06:00:00+00:00,4.3652935633473975,7392.917381452559
2030-11-15 07:00:00+00:00,4.36528754234292,7392.897207227929
2030-11-15 08:00:00+00:00,4.365283255677893,7392.878850930032
2030-11-15 09:00:00+00:00,4.365292229877598,7393.277402288416
2030-11-15 10:00:00+00:00,4.365305519521359,7393.677082874098
2030-11-15 11:00:00+00:00,4.365324931901091,7394.077867411752
2030-11-15 12:00:00+00:00,4.365356697949697,7394.479576073697
2030-11-15 13:00:00+00:00,4.365438676779475,7394.88106752177
2030-11-15 14:00:00+00:00,4.36544090405193,7394.186948451322
2030-11-15 15:00:00+00:00,4.365403359743326,7393.488584182752
2030-11-15 16:00:00+00:00,4.365389069404433,7392.785483712437
2030-11-15 17:00:00+00:00,4.365354506163248,7392.08141390861
2030-11-15 18:00:00+00:00,4.365331271126618,7391.367223161925
2030-11-15 19:00:00+00:00,4.365313837995566,7390.640779216775
2030-11-15 20:00:00+00:00,4.3652988999908935,7389.90972673567
2030-11-15 21:00:00+00:00,4.365286165235991,7389.177288846583
2030-11-15 22:00:00+00:00,4.365282021208949,7388.445479958498
2030-11-15 23:00:00+00:00,4.365278150943539,7387.714132151352
2030-11-16 00:00:00+00:00,4.36527468699001,7386.983579697077
2030-11-16 01:00:00+00:00,4.365271622692388,7386.253948597489
2030-11-16 02:00:00+00:00,4.365269005906825,7385.525253991263
2030-11-16 03:00:00+00:00,4.36526682870835,7384.797458036757
2030-11-16 04:00:00+00:00,4.365265174568016,7384.070413034054
2030-11-16 05:00:00+00:00,4.3652640385075205,7383.344199380756
2030-11-16 06:00:00+00:00,4.365263367521014,7382.618857661123
2030-11-16 07:00:00+00:00,4.365263158015483,7381.894327369348
2030-11-16 08:00:00+00:00,4.365263105838384,7381.170482171525
2030-11-16 09:00:00+00:00,4.365263458915413,7380.447450810862
2030-11-16 10:00:00+00:00,4.365264177841176,7379.725305472667
2030-11-16 11:00:00+00:00,4.365265289636422,7379.0040670365515
2030-11-16 12:00:00+00:00,4.365266824754189,7378.283768305367
2030-11-16 13:00:00+00:00,4.365268859821717,7377.564383716366
2030-11-16 14:00:00+00:00,4.365271549596052,7376.845896597159
2030-11-16 15:00:00+00:00,4.365275125440383,7376.128237047488
2030-11-16 16:00:00+00:00,4.365279534948006,7375.410826907183
2030-11-16 17:00:00+00:00,4.365284706015055,7374.692340317398
2030-11-16 18:00:00+00:00,4.365290619643789,7373.971373368649
2030-11-16 19:00:00+00:00,4.365297360534281,7373.2446113879505
2030-11-16 20:00:00+00:00,4.36530521046471,7372.515762446644
2030-11-16 21:00:00+00:00,4.365314625499538,7371.785336393104
2030-11-16 22:00:00+00:00,4.365326078905706,7371.054200811427
2030-11-16 23:00:00+00:00,4.365340226613904,7370.323353387285
2030-11-17 00:00:00+00:00,4.365358526862099,7369.592743789833
2030-11-17 01:00:00+00:00,4.36537039798594,7368.862743765245
2030-11-17 02:00:00+00:00,4.365366975399586,7368.13340693352
2030-11-17 03:00:00+00:00,4.3653490666789105,7367.404377086593
2030-11-17 04:00:00+00:00,4.365333341271293,7366.6755806354195
2030-11-17 05:00:00+00:00,4.365318597246788,7365.9466535218135
2030-11-17 06:00:00+00:00,4.365306884765362,7365.216820173362
2030-11-17 07:00:00+00:00,4.365296712278343,7364.4860972900315
2030-11-17 08:00:00+00:00,4.365286341894872,7363.753340107762
2030-11-17 09:00:00+00:00,4.365273255699095,7363.0184318427455
2030-11-17 10:00:00+00:00,4.365256146689133,7362.282283325524
2030-11-17 11:00:00+00:00,4.365233017302167,7361.546240105242
2030-11-17 12:00:00+00:00,4.3652056289681616,7360.810664407381
2030-11-17 13:00:00+00:00,4.365177058789544,7360.075696232743
2030-11-17 14:00:00+00:00,4.292458435880757,7359.34125172641
2030-11-17 15:00:00+00:00,4.141058571119435,7358.607289162974
2030-11-17 16:00:00+00:00,3.883155814595956,7357.873549256205
2030-11-17 17:00:00+00:00,3.0701270629986843,7357.140602068136
2030-11-17 18:00:00+00:00,2.899987474639265,7356.408454258066
2030-11-17 19:00:00+00:00,2.7485486619115833,7355.677138940756
2030-11-17 20:00:00+00:00,2.6588409149259133,7354.946635247161
2030-11-17 21:00:00+00:00,2.5788966533748248,7354.216938787271
2030-11-17 22:00:00+00:00,2.4970014078935208,7353.488043194336
2030-11-17 23:00:00+00:00,2.4265743009663674,7352.7599524454145
2030-11-18 00:00:00+00:00,2.356505126130618,7352.032660924828
2030-11-18 01:00:00+00:00,2.2920433642517852,7351.306168259428
2030-11-18 02:00:00+00:00,2.2414550150298225,7350.580474830349
2030-11-18 03:00:00+00:00,2.1783412309213586,7349.855575143208
2030-11-18 04:00:00+00:00,2.1192098986541836,7349.1314913568085
2030-11-18 05:00:00+00:00,1.982536159732375,7348.408226403384
2030-11-18 06:00:00+00:00,1.835109473542165,7347.685794068451
2030-11-18 07:00:00+00:00,1.6871250498339705,7346.964234465437
2030-11-18 08:00:00+00:00,1.5697305344433141,7346.24345647702
2030-11-18 09:00:00+00:00,1.450403707223926,7345.523463142315
2030-11-18 10:00:00+00:00,1.3516694010149208,7344.8042702784605
2030-11-18 11:00:00+00:00,1.2565197042582354,7344.085857992794
2030-11-18 12:00:00+00:00,1.1657878207423094,7343.36821186667
2030-11-18 13:00:00+00:00,1.1311553413290352,7342.651324120928
2030-11-18 14:00:00+00:00,1.131138457244578,7341.93519726287
2030-11-18 15:00:00+00:00,0.8731195505303968,7341.219829993378
2030-11-18 16:00:00+00:00,0.5229287591681413,7340.505217553474
2030-11-18 17:00:00+00:00,0.22245083576846342,7339.791344137799
2030-11-18 18:00:00+00:00,3.754605534546368e-05,7339.078211983019
2030-11-18 19:00:00+00:00,2.271724210731292e-05,7338.36587723001
2030-11-18 20:00:00+00:00,1.9422671312250612e-05,7337.654299892882
2030-11-18 21:00:00+00:00,1.2854289178898549e-05,7336.943441166616
2030-11-18 22:00:00+00:00,1.5996458198181498e-05,7336.233393468224
2030-11-18 23:00:00+00:00,1.405838888012584e-05,7335.524060980215
2030-11-19 00:00:00+00:00,2.636580742973242e-06,7334.815423903379
2030-11-19 01:00:00+00:00,1.616356777448318e-05,7334.108498500287
2030-11-19 02:00:00+00:00,3.183639561636514e-05,7333.402895954487
2030-11-19 03:00:00+00:00,7.379157444883586e-05,7332.698816665555
2030-11-19 04:00:00+00:00,0.0001134102335315987,7331.995721900338
2030-11-19 05:00:00+00:00,0.00013971849751322882,7331.293349634819
2030-11-19 06:00:00+00:00,0.00015825271704667196,7330.591693151418
2030-11-19 07:00:00+00:00,0.00017320207153075572,7329.890681889687
2030-11-19 08:00:00+00:00,0.0001912335837935718,7329.190765427467
2030-11-19 09:00:00+00:00,0.0002061447082784319,7328.491761305717
2030-11-19 10:00:00+00:00,0.00021854273664288914,7327.793523288816
2030-11-19 11:00:00+00:00,0.00022790534672790489,7327.095996905762
2030-11-19 12:00:00+00:00,0.0002348998947804798,7326.399353116315
2030-11-19 13:00:00+00:00,0.000245830471915056,7325.704219894441
2030-11-19 14:00:00+00:00,0.0002523441591513447,7325.009762727516
2030-11-19 15:00:00+00:00,0.0002594785326433204,7324.316583947329
2030-11-19 16:00:00+00:00,0.0002659316980775633,7323.624558138248
2030-11-19 17:00:00+00:00,0.0002678365656726626,7322.9331365545895
2030-11-19 18:00:00+00:00,0.00027098648471651895,7322.24295753446
2030-11-19 19:00:00+00:00,0.0002733771704974223,7321.553633205983
2030-11-19 20:00:00+00:00,0.0002745220925899339,7320.864619928826
2030-11-19 21:00:00+00:00,0.0002745751278833626,7320.175755291856
2030-11-19 22:00:00+00:00,0.0002660057219693757,7319.485979114247
2030-11-19 23:00:00+00:00,0.00026404771565735315,7318.797530090582
2030-11-20 00:00:00+00:00,0.0002604448813741748,7318.109558373518
2030-11-20 01:00:00+00:00,0.00025249872266792196,7317.42179859926
2030-11-20 02:00:00+00:00,0.0002353602001681669,7316.734050994594
2030-11-20 03:00:00+00:00,0.00021453785798633326,7316.04686219232
2030-11-20 04:00:00+00:00,0.00018911820235296528,7315.360246621737
2030-11-20 05:00:00+00:00,0.0001564228527820351,7314.674192940387
2030-11-20 06:00:00+00:00,0.00010972233503076216,7313.988702519451
2030-11-20 07:00:00+00:00,4.701136990835474e-06,7313.303776137223
2030-11-20 08:00:00+00:00,6.319683036909633e-06,7313.725013896346
2030-11-20 09:00:00+00:00,0.7763407489162972,7314.14805905883
2030-11-20 10:00:00+00:00,1.583065344428454,7314.57165860633
2030-11-20 11:00:00+00:00,2.228339681859471,7314.995812985446
2030-11-20 12:00:00+00:00,2.7923581638323722,7315.420526612995
2030-11-20 13:00:00+00:00,3.3544640330460944,7315.845817033221
2030-11-20 14:00:00+00:00,4.047491190344275,7316.271691842895
2030-11-20 15:00:00+00:00,4.3649545822133975,7316.698208734971
2030-11-20 16:00:00+00:00,4.3649594327067165,7317.125304530666
2030-11-20 17:00:00+00:00,4.364970645840107,7317.553149923201
2030-11-20 18:00:00+00:00,4.364987074436105,7317.981739388487
2030-11-20 19:00:00+00:00,4.365061571310466,7318.411243978594
2030-11-20 20:00:00+00:00,4.365169453602715,7318.841645888452
2030-11-20 21:00:00+00:00,4.365436678733425,7319.272932542197
2030-11-20 22:00:00+00:00,4.365433270956298,7319.703851003361
2030-11-20 23:00:00+00:00,4.365350608318531,7320.1128838287
2030-11-21 00:00:00+00:00,4.365312214476627,7320.52102794712
2030-11-21 01:00:00+00:00,4.365287545827024,7320.929834817037
2030-11-21 02:00:00+00:00,4.365270161890058,7321.339246977539
2030-11-21 03:00:00+00:00,4.365246998252758,7320.775298647464
2030-11-21 04:00:00+00:00,4.365229737209621,7320.211471024737
2030-11-21 05:00:00+00:00,4.365216378748523,7319.648044573223
2030-11-21 06:00:00+00:00,4.36519133225706,7318.991552423225
2030-11-21 07:00:00+00:00,4.365170766466204,7318.335551494584
2030-11-21 08:00:00+00:00,4.365153326505797,7317.67991318366
2030-11-21 09:00:00+00:00,4.365147364599924,7317.1174254094485
2030-11-21 10:00:00+00:00,4.365143852959659,7316.798985935051
2030-11-21 11:00:00+00:00,4.365141564772584,7316.717801664416
2030-11-21 12:00:00+00:00,4.365141293244112,7316.634283264038
2030-11-21 13:00:00+00:00,4.365125821336526,7315.972089450436
2030-11-21 14:00:00+00:00,4.365122930182752,7315.320191581507
2030-11-21 15:00:00+00:00,4.365113871153052,7314.6574353252345
2030-11-21 16:00:00+00:00,4.365093168853414,7313.990945637435
2030-11-21 17:00:00+00:00,4.365075259765399,7313.324344286882
2030-11-21 18:00:00+00:00,4.365059516182869,7312.657980850591
2030-11-21 19:00:00+00:00,4.36504572840721,7311.991850246463
2030-11-21 20:00:00+00:00,4.365033516114253,7311.325958390992
2030-11-21 21:00:00+00:00,4.365022748909019,7310.660309567407
2030-11-21 22:00:00+00:00,4.365013122905797,7309.994810083847
2030-11-21 23:00:00+00:00,4.365004791389785,7309.329303777434
2030-11-22 00:00:00+00:00,4.36500572271759,7308.667105407751
2030-11-22 01:00:00+00:00,4.365007469841757,7308.005000788547
2030-11-22 02:00:00+00:00,4.365010134957896,7307.343273617768
2030-11-22 03:00:00+00:00,4.365013980402529,7306.681964302928
2030-11-22 04:00:00+00:00,4.3650189132564945,7306.021090271722
2030-11-22 05:00:00+00:00,4.365016388913203,7305.357165908723
2030-11-22 06:00:00+00:00,4.365014896295305,7304.693664877697
2030-11-22 07:00:00+00:00,4.365014317607633,7304.03057221312
2030-11-22 08:00:00+00:00,4.365023912568081,7303.371377597441
2030-11-22 09:00:00+00:00,4.365034371699608,7302.712598584558
2030-11-22 10:00:00+00:00,4.365046721382068,7302.054215195612
2030-11-22 11:00:00+00:00,4.365059716117101,7301.396253734659
2030-11-22 12:00:00+00:00,4.365074477770247,7300.738734242155
2030-11-22 13:00:00+00:00,4.365091481675449,7300.0816642607115
2030-11-22 14:00:00+00:00,4.365112005458266,7299.425051091993
2030-11-22 15:00:00+00:00,4.365137209467851,7298.768902841058
2030-11-22 16:00:00+00:00,4.365125281073049,7298.106873421716
2030-11-22 17:00:00+00:00,4.365121052046563,7297.445847675976
2030-11-22 18:00:00+00:00,4.3651185375172785,7296.785381030602
2030-11-22 19:00:00+00:00,4.36511494384261,7296.12520970706
2030-11-22 20:00:00+00:00,4.36511212285857,7295.465527968595
2030-11-22 21:00:00+00:00,4.365110531342234,7294.806338709224
2030-11-22 22:00:00+00:00,4.36511031238211,7294.147619287981
2030-11-22 23:00:00+00:00,4.365112045836484,7293.489515923706
2030-11-23 00:00:00+00:00,4.365114777276842,7292.831888039105
2030-11-23 01:00:00+00:00,4.365120791722291,7292.174953162199
2030-11-23 02:00:00+00:00,4.365128185849108,7291.518494677614
2030-11-23 03:00:00+00:00,4.365135311614714,7290.862316999742
2030-11-23 04:00:00+00:00,4.3651433883630375,7290.206448395648
2030-11-23 05:00:00+00:00,4.365142423103453,7289.55021088196
2030-11-23 06:00:00+00:00,4.363957336217397,7288.893261797868
2030-11-23 07:00:00+00:00,4.354471014423494,7288.23670219942
2030-11-23 08:00:00+00:00,3.93565924393533,7287.580539752845
2030-11-23 09:00:00+00:00,3.9294512328326214,7286.924787791122
2030-11-23 10:00:00+00:00,3.4606099440807414,7286.269443687725
2030-11-23 11:00:00+00:00,3.1042692458943666,7285.614528510819
2030-11-23 12:00:00+00:00,2.7959481680619644,7284.960058483575
2030-11-23 13:00:00+00:00,2.511011471575926,7284.306031932854
2030-11-23 14:00:00+00:00,2.2103641539921717,7283.652441196727
2030-11-23 15:00:00+00:00,1.8908910231148708,7282.999265349041
2030-11-23 16:00:00+00:00,1.5385499982626587,7282.346508827603
2030-11-23 17:00:00+00:00,1.0635208306328499,7281.694182746586
2030-11-23 18:00:00+00:00,0.7049497307851675,7281.042300115889
2030-11-23 19:00:00+00:00,0.426965336197567,7280.390802818336
2030-11-23 20:00:00+00:00,0.20150579125936918,7279.739691579941
2030-11-23 21:00:00+00:00,0.0002932438237239886,7279.088961563367
2030-11-23 22:00:00+00:00,0.00028045065744308745,7278.4391200434275
2030-11-23 23:00:00+00:00,0.0002650257827617135,7277.789722024122
2030-11-24 00:00:00+00:00,0.00025984655468423294,7277.141217223225
2030-11-24 01:00:00+00:00,0.0003051091337540846,7276.496349902304
2030-11-24 02:00:00+00:00,0.11371893567647316,7275.855383021114
2030-11-24 03:00:00+00:00,0.4032897969894729,7275.214763737268
2030-11-24 04:00:00+00:00,0.6592219806862603,7274.574481204161
2030-11-24 05:00:00+00:00,0.9210502681182039,7273.934526901258
2030-11-24 06:00:00+00:00,1.1100193965948775,7273.294902170345
2030-11-24 07:00:00+00:00,1.1753266017783626,7272.655612311844
2030-11-24 08:00:00+00:00,1.2980872800779009,7272.016679564978
2030-11-24 09:00:00+00:00,1.387900354631077,7271.378100269882
2030-11-24 10:00:00+00:00,1.5907965118934866,7270.739894398046
2030-11-24 11:00:00+00:00,1.9594934764630894,7270.102046961589
2030-11-24 12:00:00+00:00,2.140992393675604,7269.4645468047165
2030-11-24 13:00:00+00:00,2.284826327609073,7268.827446599583
2030-11-24 14:00:00+00:00,2.4611140363433615,7268.190900917012
2030-11-24 15:00:00+00:00,2.6153532779687896,7267.554774027525
2030-11-24 16:00:00+00:00,2.6675790024900268,7266.9190198271035
2030-11-24 17:00:00+00:00,2.6865997934574533,7266.283596577871
2030-11-24 18:00:00+00:00,2.708073933297928,7265.6485038279325
2030-11-24 19:00:00+00:00,2.7412541641848827,7265.013747230275
2030-11-24 20:00:00+00:00,2.7865847532995325,7264.379367898749
2030-11-24 21:00:00+00:00,2.860261339226827,7263.745365477993
2030-11-24 22:00:00+00:00,2.9570980981952064,7263.111756964581
2030-11-24 23:00:00+00:00,3.121176917373161,7262.478564015252
2030-11-25 00:00:00+00:00,3.279645466392154,7261.845792286982
2030-11-25 01:00:00+00:00,3.439731823812803,7261.213403126287
2030-11-25 02:00:00+00:00,3.6095257941116805,7260.581333777022
2030-11-25 03:00:00+00:00,3.7603555527718284,7259.949543779492
2030-11-25 04:00:00+00:00,3.808720397112056,7259.317987522094
2030-11-25 05:00:00+00:00,3.808759405341945,7258.683157347084
2030-11-25 06:00:00+00:00,3.8087993659793473,7258.048557980348
2030-11-25 07:00:00+00:00,3.8088397616679357,7257.414129140635
2030-11-25 08:00:00+00:00,3.808878969248573,7256.779955651759
2030-11-25 09:00:00+00:00,3.8089638443002958,7256.147235284924
2030-11-25 10:00:00+00:00,3.809133117167107,7255.515565218007
2030-11-25 11:00:00+00:00,3.9014082759526603,7254.8856813041675
2030-11-25 12:00:00+00:00,4.006354479798739,7254.256133279079
2030-11-25 13:00:00+00:00,4.165958380553599,7253.6269701288975
2030-11-25 14:00:00+00:00,4.365132827054813,7252.998234924663
2030-11-25 15:00:00+00:00,4.365136883429911,7252.363815651559
2030-11-25 16:00:00+00:00,4.36513488918553,7251.729036362513
2030-11-25 17:00:00+00:00,4.365133969320101,7251.094600353475
2030-11-25 18:00:00+00:00,4.365133836725221,7250.460528882551
2030-11-25 19:00:00+00:00,4.365143609816997,7249.8274542095605
2030-11-25 20:00:00+00:00,4.365154480556675,7249.194698226557
2030-11-25 21:00:00+00:00,4.365167082599497,7248.562248106246
2030-11-25 22:00:00+00:00,4.365181662932394,7247.930061893463
2030-11-25 23:00:00+00:00,4.365198800767839,7247.298110342398
2030-11-26 00:00:00+00:00,4.365219428783343,7246.666401915228
2030-11-26 01:00:00+00:00,4.365244850179898,7246.034940132951
2030-11-26 02:00:00+00:00,4.365277772349515,7245.403716218711
2030-11-26 03:00:00+00:00,4.365326166042267,7244.772737227888
2030-11-26 04:00:00+00:00,4.365430466911075,7244.141992486581
2030-11-26 05:00:00+00:00,4.365441572662113,7243.509705124355
2030-11-26 06:00:00+00:00,4.365433373926415,7242.876450203235
2030-11-26 07:00:00+00:00,4.36540197066615,7242.243328948474
2030-11-26 08:00:00+00:00,4.365380566399805,7241.610342670586
2030-11-26 09:00:00+00:00,4.36535527584305,7240.977397176496
2030-11-26 10:00:00+00:00,4.3653067937358445,7240.344565763164
2030-11-26 11:00:00+00:00,4.365179349950704,7239.71186956817
2030-11-26 12:00:00+00:00,4.3650970852619455,7239.079184772178
2030-11-26 13:00:00+00:00,4.3650326856268045,7238.446375711393
2030-11-26 14:00:00+00:00,4.364977926871997,7237.8133925895945
2030-11-26 15:00:00+00:00,4.364930438251879,7237.180147810225
2030-11-26 16:00:00+00:00,4.364875370395121,7236.546555669337
2030-11-26 17:00:00+00:00,4.364836104994333,7235.912652823452
2030-11-26 18:00:00+00:00,4.364799531634232,7235.278470528121
2030-11-26 19:00:00+00:00,4.364765203037883,7234.643948480842
2030-11-26 20:00:00+00:00,4.3647328815204185,7234.009241403743
2030-11-26 21:00:00+00:00,4.3647024936962255,7233.374540715186
2030-11-26 22:00:00+00:00,4.364673349198394,7232.739956776365
2030-11-26 23:00:00+00:00,4.364661060434894,7232.105515176526
2030-11-27 00:00:00+00:00,4.364653294322011,7231.471231454397
2030-11-27 01:00:00+00:00,4.364645517192354,7230.837129286946
2030-11-27 02:00:00+00:00,4.36463778662378,7230.20323675976
2030-11-27 03:00:00+00:00,4.364630365441711,7229.56957967462
2030-11-27 04:00:00+00:00,4.364622906290715,7228.936180373796
2030-11-27 05:00:00+00:00,4.364615798087899,7228.3030318631745
2030-11-27 06:00:00+00:00,4.364609184393864,7227.670128865816
2030-11-27 07:00:00+00:00,4.364592882204821,7227.037434885324
2030-11-27 08:00:00+00:00,4.3645842535305475,7226.404976499417
2030-11-27 09:00:00+00:00,4.364576191403354,7225.772743152901
2030-11-27 10:00:00+00:00,4.364569753862523,7225.140738585759
2030-11-27 11:00:00+00:00,4.364563289384929,7224.508956243902
2030-11-27 12:00:00+00:00,4.364556751145103,7223.877382958218
2030-11-27 13:00:00+00:00,4.36455047104041,7223.245992479168
2030-11-27 14:00:00+00:00,4.364544577372482,7222.614770393833
2030-11-27 15:00:00+00:00,4.364531242442608,7221.9836479618125
2030-11-27 16:00:00+00:00,4.36451905745387,7221.352534352677
2030-11-27 17:00:00+00:00,4.36450753498275,7220.7213751326035
2030-11-27 18:00:00+00:00,4.364495966454231,7220.090215409018
2030-11-27 19:00:00+00:00,4.3644844872023345,7219.458926313885
2030-11-27 20:00:00+00:00,4.3644751312720995,7218.827479676921
2030-11-27 21:00:00+00:00,4.364465602904385,7218.195876623393
2030-11-27 22:00:00+00:00,4.364456349328548,7217.564165409333
2030-11-27 23:00:00+00:00,4.36445178811242,7216.932431183856
2030-11-28 00:00:00+00:00,4.364447254151187,7216.300740106823
2030-11-28 01:00:00+00:00,4.364442722583265,7215.669162574248
2030-11-28 02:00:00+00:00,4.3644382288954,7215.037724780628
2030-11-28 03:00:00+00:00,4.364433781399084,7214.406461273122
2030-11-28 04:00:00+00:00,4.36442952144797,7213.775395778036
2030-11-28 05:00:00+00:00,4.364414259714779,7213.1444947386135
2030-11-28 06:00:00+00:00,4.364244679832256,7212.513759719924
2030-11-28 07:00:00+00:00,4.3640913816878735,7211.883268248124
2030-11-28 08:00:00+00:00,4.36395673897163,7211.2530286174915
2030-11-28 09:00:00+00:00,4.363942239607317,7210.62300917972
2030-11-28 10:00:00+00:00,4.363927654877676,7209.993197113289
2030-11-28 11:00:00+00:00,4.363913210550761,7209.363536472655
2030-11-28 12:00:00+00:00,4.363899088735001,7208.733942240308
2030-11-28 13:00:00+00:00,4.363885419947115,7208.104403726469
2030-11-28 14:00:00+00:00,4.363665067478349,7207.474904231192
2030-11-28 15:00:00+00:00,3.4643232274924842,7206.84551176648
2030-11-28 16:00:00+00:00,2.309622983905913,7206.216117679344
2030-11-28 17:00:00+00:00,1.1549227379363984,7205.586839308939
2030-11-28 18:00:00+00:00,0.0004791156467136785,7204.957836397805
2030-11-28 19:00:00+00:00,0.00021950017766232417,7204.328964156522
2030-11-28 20:00:00+00:00,3.703672515760314e-05,7203.700222950352
2030-11-28 21:00:00+00:00,2.9178841982408563e-05,7203.07171894362
2030-11-28 22:00:00+00:00,1.0483667220900459e-05,7202.44341012529
2030-11-28 23:00:00+00:00,2.2029481118958562e-05,7201.815462592098
2030-11-29 00:00:00+00:00,2.6161857771331495e-05,7201.187741573762
2030-11-29 01:00:00+00:00,2.693257651534442e-05,7200.560228281818
2030-11-29 02:00:00+00:00,2.442202113302003e-05,7199.932914996276
2030-11-29 03:00:00+00:00,1.8993537475098396e-05,7199.305810800241
2030-11-29 04:00:00+00:00,1.3527619408349772e-05,7198.678943850102
2030-11-29 05:00:00+00:00,8.505356283032722e-06,7198.052355772301
2030-11-29 06:00:00+00:00,1.2189831637868274e-05,7197.426277749313
2030-11-29 07:00:00+00:00,3.1975214600964828e-06,7196.8004149384315
2030-11-29 08:00:00+00:00,1.663888446566162e-05,7196.2844242093415
2030-11-29 09:00:00+00:00,4.742188852655963e-06,7196.7478223805865
2030-11-29 10:00:00+00:00,0.46989238267853295,7197.231523340432
2030-11-29 11:00:00+00:00,0.9546877843114842,7197.715451600822
2030-11-29 12:00:00+00:00,1.6756716152680007,7198.199786784703
2030-11-29 13:00:00+00:00,2.048502878250982,7198.684712637464
2030-11-29 14:00:00+00:00,2.328190685581484,7199.170016349758
2030-11-29 15:00:00+00:00,2.4243734090671025,7199.655852896904
2030-11-29 16:00:00+00:00,2.4247172528538425,7200.142184117016
2030-11-29 17:00:00+00:00,2.42552222284666,7200.62926255357
2030-11-29 18:00:00+00:00,2.474800723042783,7201.1178216901035
2030-11-29 19:00:00+00:00,2.7281624692046353,7201.607426753148
2030-11-29 20:00:00+00:00,3.0049446656607683,7202.09782344481
2030-11-29 21:00:00+00:00,3.1991938532799837,7202.588814345444
2030-11-29 22:00:00+00:00,3.3788644250115816,7203.080051972813
2030-11-29 23:00:00+00:00,3.619608549082779,7203.57147242509
2030-11-30 00:00:00+00:00,3.9418779411828613,7204.063114693015
2030-11-30 01:00:00+00:00,4.271662505487077,7204.555034789779
2030-11-30 02:00:00+00:00,4.360996720379209,7205.047184954387
2030-11-30 03:00:00+00:00,4.361061513539701,7205.5396836300815
2030-11-30 04:00:00+00:00,4.361130129153819,7206.032597389583
2030-11-30 05:00:00+00:00,4.3650958448427195,7206.525813160307
2030-11-30 06:00:00+00:00,4.365113268581064,7207.018974358345
2030-11-30 07:00:00+00:00,4.3651189505527705,7207.5121755291275
2030-11-30 08:00:00+00:00,4.36512901016688,7208.00552023888
2030-11-30 09:00:00+00:00,4.365177685356965,7208.499106890916
2030-11-30 10:00:00+00:00,4.365254540214107,7208.992869510702
2030-11-30 11:00:00+00:00,4.365425705466793,7209.486837872303
2030-11-30 12:00:00+00:00,4.365426437021316,7209.979802797016
2030-11-30 13:00:00+00:00,4.365430759521211,7210.471587976354
2030-11-30 14:00:00+00:00,4.365426303208585,7209.9664200764055
2030-11-30 15:00:00+00:00,4.365393466877627,7209.354723838388
2030-11-30 16:00:00+00:00,4.365372420494304,7208.742772777126
2030-11-30 17:00:00+00:00,4.365338929414081,7208.130342430235
2030-11-30 18:00:00+00:00,4.365316924395568,7207.517999367355
2030-11-30 19:00:00+00:00,4.365311218015294,7206.906327687714
2030-11-30 20:00:00+00:00,4.365307344883711,7206.294795404767
2030-11-30 21:00:00+00:00,4.365305785034891,7205.683488702322
2030-11-30 22:00:00+00:00,4.3652981822703,7205.071820177996
2030-11-30 23:00:00+00:00,4.365293532250846,7204.460348527167
2030-12-01 00:00:00+00:00,4.365287883891464,7203.848837854308
2030-12-01 01:00:00+00:00,4.3652840854194945,7203.237469491154
2030-12-01 02:00:00+00:00,4.365282894944372,7202.6263176518905
2030-12-01 03:00:00+00:00,4.365289223148979,7202.01565356404
2030-12-01 04:00:00+00:00,4.365298091986145,7201.405153093909
2030-12-01 05:00:00+00:00,4.365307520741118,7200.794717717372
2030-12-01 06:00:00+00:00,4.365305344941933,7200.183828916389
2030-12-01 07:00:00+00:00,4.3653040426814425,7199.573051153565
2030-12-01 08:00:00+00:00,4.365304232447294,7198.962400972609
2030-12-01 09:00:00+00:00,4.365305120239092,7198.351916268778
2030-12-01 10:00:00+00:00,4.365317671446894,7197.741929550749
2030-12-01 11:00:00+00:00,4.36533497232686,7197.1321265789475
2030-12-01 12:00:00+00:00,4.365361285389478,7196.522529405766
2030-12-01 13:00:00+00:00,4.365368436595523,7195.912648134584
2030-12-01 14:00:00+00:00,4.365440013516788,7195.303053471257
2030-12-01 15:00:00+00:00,4.365402707927786,7194.692132199415
2030-12-01 16:00:00+00:00,4.365386593982539,7194.081312429113
2030-12-01 17:00:00+00:00,4.365375958364629,7193.470601016306
2030-12-01 18:00:00+00:00,4.365367990376512,7192.860040156431
2030-12-01 19:00:00+00:00,4.365363935875957,7192.249647112905
2030-12-01 20:00:00+00:00,4.3653608404233335,7191.63936634819
2030-12-01 21:00:00+00:00,4.3653585495539255,7191.02918848017
2030-12-01 22:00:00+00:00,4.36536023955005,7190.419143491935
2030-12-01 23:00:00+00:00,4.365362989967399,7189.809174497292
2030-12-02 00:00:00+00:00,4.365367110094032,7189.19929400803
2030-12-02 01:00:00+00:00,4.365373043859872,7188.589564012135
2030-12-02 02:00:00+00:00,4.3653818344901945,7187.980048684387
2030-12-02 03:00:00+00:00,4.365379318382974,7187.370678168943
2030-12-02 04:00:00+00:00,4.365378473679615,7186.761562349881
2030-12-02 05:00:00+00:00,4.36537598905564,7186.152645563356
2030-12-02 06:00:00+00:00,4.365356778541459,7185.543883753325
2030-12-02 07:00:00+00:00,4.36535652404007,7184.935356578356
2030-12-02 08:00:00+00:00,4.365356084340415,7184.326993584774
2030-12-02 09:00:00+00:00,4.365360368550001,7183.71884048026
2030-12-02 10:00:00+00:00,4.365365744675209,7183.1108662934685
2030-12-02 11:00:00+00:00,4.3653724597886665,7182.503072354965
2030-12-02 12:00:00+00:00,4.365381426182735,7181.895400329256
2030-12-02 13:00:00+00:00,4.3653945242338335,7181.2877803967485
2030-12-02 14:00:00+00:00,4.36539143809246,7180.680059973274
2030-12-02 15:00:00+00:00,3.6645309010795697,7180.072347981487
2030-12-02 16:00:00+00:00,2.9563985589065807,7179.464700398717
2030-12-02 17:00:00+00:00,2.7377772938432416,7178.857084173136
2030-12-02 18:00:00+00:00,2.6918551488293807,7178.249472149131
2030-12-02 19:00:00+00:00,2.691832662008813,7177.641856216604
2030-12-02 20:00:00+00:00,2.6918133917872926,7177.03429948389
2030-12-02 21:00:00+00:00,2.6917957600021905,7176.426814342317
2030-12-02 22:00:00+00:00,2.675421296215169,7175.819416376155
2030-12-02 23:00:00+00:00,2.675403500489988,7175.21215607193
2030-12-03 00:00:00+00:00,2.6753856384084527,7174.605018428024
2030-12-03 01:00:00+00:00,2.6753666423320666,7173.998002554013
2030-12-03 02:00:00+00:00,2.6753472192946943,7173.391116739294
2030-12-03 03:00:00+00:00,2.675327688437372,7172.784358524194
2030-12-03 04:00:00+00:00,2.5437801126993818,7172.177711076744
2030-12-03 05:00:00+00:00,2.4023306892248657,7171.5711886296
2030-12-03 06:00:00+00:00,2.185657629809592,7170.964791573656
2030-12-03 07:00:00+00:00,1.3585837893422172,7170.358512778897
2030-12-03 08:00:00+00:00,1.2039665932514343,7169.752350248349
2030-12-03 09:00:00+00:00,1.2039447239695154,7169.146300850598
2030-12-03 10:00:00+00:00,1.2039224695664503,7168.54035347608
2030-12-03 11:00:00+00:00,1.2038997811913932,7167.934497035755
2030-12-03 12:00:00+00:00,1.2038776678646343,7167.328744287905
2030-12-03 13:00:00+00:00,1.203855972395052,7166.7230765136255
2030-12-03 14:00:00+00:00,1.2037719814174566,7166.117464169342
2030-12-03 15:00:00+00:00,1.0427092158817208,7165.511915422589
2030-12-03 16:00:00+00:00,0.7369317166207453,7164.906444398724
2030-12-03 17:00:00+00:00,0.43516894758266117,7164.301040342155
2030-12-03 18:00:00+00:00,0.03698901011485384,7163.6956959884155
2030-12-03 19:00:00+00:00,1.774972908372408e-05,7163.090423178343
2030-12-03 20:00:00+00:00,1.473777329665864e-05,7162.485296628234
2030-12-03 21:00:00+00:00,1.8423668750776147e-05,7161.88033649566
2030-12-03 22:00:00+00:00,1.6198614713920184e-05,7161.275456012989
2030-12-03 23:00:00+00:00,1.4684097593264603e-05,7160.670724741617
2030-12-04 00:00:00+00:00,2.7264231122436544e-06,7160.066091069038
2030-12-04 01:00:00+00:00,3.366500096575642e-05,7159.462987080265
2030-12-04 02:00:00+00:00,5.40846266478831e-05,7158.860237689837
2030-12-04 03:00:00+00:00,6.377432381478471e-05,7158.257600958965
2030-12-04 04:00:00+00:00,6.811934430954824e-05,7157.655063164255
2030-12-04 05:00:00+00:00,6.884814582140214e-05,7157.05264413459
2030-12-04 06:00:00+00:00,5.7612073663878284e-05,7156.450001940013
2030-12-04 07:00:00+00:00,3.636893120154916e-05,7155.84755091373
2030-12-04 08:00:00+00:00,5.01234606027461e-05,7155.249134336767
2030-12-04 09:00:00+00:00,0.00014046913708996996,7154.668005329564
2030-12-04 10:00:00+00:00,0.0001877570605192971,7154.0870862682
2030-12-04 11:00:00+00:00,0.0002205535162771068,7153.506721033512
2030-12-04 12:00:00+00:00,0.00024560802936006513,7152.926186315168
2030-12-04 13:00:00+00:00,0.0002661981644577888,7152.345806919427
2030-12-04 14:00:00+00:00,0.00028360319253387724,7151.765593950181
2030-12-04 15:00:00+00:00,0.0002944248992870997,7151.178846504762
2030-12-04 16:00:00+00:00,0.0002967940202873081,7150.58569197661
2030-12-04 17:00:00+00:00,0.0002977653671279952,7149.992826232675
2030-12-04 18:00:00+00:00,0.0002974249170951102,7149.400304062613
2030-12-04 19:00:00+00:00,0.000295657942474234,7148.808079001485
2030-12-04 20:00:00+00:00,0.00029472902563708455,7148.218051449372
2030-12-04 21:00:00+00:00,0.00029226103564165547,7147.627927921919
2030-12-04 22:00:00+00:00,0.0002885292919265829,7147.038232452757
2030-12-04 23:00:00+00:00,0.00028288191697485083,7146.448712800217
2030-12-05 00:00:00+00:00,0.00027245196979607027,7145.857408028221
2030-12-05 01:00:00+00:00,0.0002594687315456479,7145.266156574556
2030-12-05 02:00:00+00:00,0.00024331622898005956,7144.674973855745
2030-12-05 03:00:00+00:00,0.00022379273860356367,7144.0838623094
2030-12-05 04:00:00+00:00,0.0001996922247258548,7143.492812915871
2030-12-05 05:00:00+00:00,0.00019667331470397224,7143.870657280857
2030-12-05 06:00:00+00:00,0.0001917096774784305,7144.251951036462
2030-12-05 07:00:00+00:00,0.0001703654549905832,7143.674362875535
2030-12-05 08:00:00+00:00,0.00017186500327604168,7144.174274100386
2030-12-05 09:00:00+00:00,0.00019219645367335404,7144.680180215732
2030-12-05 10:00:00+00:00,0.00019279795263617776,7145.184211461264
2030-12-05 11:00:00+00:00,0.0002038150325900521,7145.690191676709
2030-12-05 12:00:00+00:00,0.00021122881316955948,7146.19624727696
2030-12-05 13:00:00+00:00,0.00021562365822297454,7146.702334330123
2030-12-05 14:00:00+00:00,0.00021197065529340674,7147.207674820101
2030-12-05 15:00:00+00:00,0.00020119243959326017,7147.712141661452
2030-12-05 16:00:00+00:00,0.00018661617845303874,7148.216769459508
2030-12-05 17:00:00+00:00,0.00016698888896124389,7148.721820890822
2030-12-05 18:00:00+00:00,0.000140307634469549,7149.227784124501
2030-12-05 19:00:00+00:00,9.958266947324817e-05,7149.734767027414
2030-12-05 20:00:00+00:00,1.395167327822974e-05,7150.242863350546
2030-12-05 21:00:00+00:00,2.720981386025459e-05,7150.7564946896055
2030-12-05 22:00:00+00:00,0.4774725619514155,7151.270737531981
2030-12-05 23:00:00+00:00,0.9998877081667233,7151.785035038818
2030-12-06 00:00:00+00:00,1.4339293511956026,7152.299376320587
2030-12-06 01:00:00+00:00,1.8023518386870419,7152.813785098856
2030-12-06 02:00:00+00:00,2.2891415394988814,7153.328276965575
2030-12-06 03:00:00+00:00,3.129318053436012,7153.84285798889
2030-12-06 04:00:00+00:00,3.7985727830626246,7154.357537027374
2030-12-06 05:00:00+00:00,4.2240255608097375,7154.872302196691
2030-12-06 06:00:00+00:00,4.224161296589117,7155.387068305366
2030-12-06 07:00:00+00:00,4.365345225401693,7155.901984712301
2030-12-06 08:00:00+00:00,4.365344089042949,7156.416524790259
2030-12-06 09:00:00+00:00,4.365388613774329,7156.931296257189
2030-12-06 10:00:00+00:00,4.3654163118146005,7157.445946166116
2030-12-06 11:00:00+00:00,4.3654362589422115,7157.96027633925
2030-12-06 12:00:00+00:00,4.365418209825055,7157.3874135203
2030-12-06 13:00:00+00:00,4.365423905405825,7157.46146137631
2030-12-06 14:00:00+00:00,4.365417091307926,7156.870432994644
2030-12-06 15:00:00+00:00,4.365413166630991,7156.2779380756865
2030-12-06 16:00:00+00:00,3.749208796771751,7155.683660448002
2030-12-06 17:00:00+00:00,3.1262069171791054,7155.088879209722
2030-12-06 18:00:00+00:00,2.7333171010531245,7154.4928557446165
2030-12-06 19:00:00+00:00,2.485539571961046,7153.895973811422
2030-12-06 20:00:00+00:00,2.4708453467488214,7153.298496452736
2030-12-06 21:00:00+00:00,2.470655344789084,7152.700857878039
2030-12-06 22:00:00+00:00,2.470614403167015,7152.103162634649
2030-12-06 23:00:00+00:00,2.170950184058409,7151.505257134307
2030-12-07 00:00:00+00:00,1.9096256433071974,7150.907326076293
2030-12-07 01:00:00+00:00,1.6260965242821939,7150.309294715908
2030-12-07 02:00:00+00:00,1.32694522714377,7149.711215387834
2030-12-07 03:00:00+00:00,1.1698506808623146,7149.1129219098575
2030-12-07 04:00:00+00:00,0.8482295933721259,7148.514483510092
2030-12-07 05:00:00+00:00,0.4550320985290545,7147.916138684749
2030-12-07 06:00:00+00:00,0.00024333288670906077,7147.317985689753
2030-12-07 07:00:00+00:00,0.00023071845940282937,7146.720766099758
2030-12-07 08:00:00+00:00,0.00021551930539724223,7146.12389058623
2030-12-07 09:00:00+00:00,0.00019875996264341055,7145.527603021499
2030-12-07 10:00:00+00:00,0.00019221270453996482,7144.932218156414
2030-12-07 11:00:00+00:00,0.00019229975471516032,7144.337782613687
2030-12-07 12:00:00+00:00,0.00019089763571788668,7143.743618049669
2030-12-07 13:00:00+00:00,0.00018807346336796574,7143.149587254258
2030-12-07 14:00:00+00:00,0.00017454728987488716,7142.555191262019
2030-12-07 15:00:00+00:00,0.00015835615042372202,7141.961120657236
2030-12-07 16:00:00+00:00,0.0001380980481940269,7141.367317391567
2030-12-07 17:00:00+00:00,0.00011079255706744312,7140.773782156965
2030-12-07 18:00:00+00:00,8.692017986585626e-05,7140.180864004094
2030-12-07 19:00:00+00:00,5.954066069084686e-05,7139.5884328669335
2030-12-07 20:00:00+00:00,5.9611119517189225e-05,7139.003067702963
2030-12-07 21:00:00+00:00,5.849409867138647e-05,7138.426614302161
2030-12-07 22:00:00+00:00,5.0071180704430656e-05,7137.850585004901
2030-12-07 23:00:00+00:00,4.924024179387531e-05,7138.3487212138325
2030-12-08 00:00:00+00:00,4.353895474827087e-05,7138.852787525068
2030-12-08 01:00:00+00:00,5.933162690467362e-05,7139.3646989348845
2030-12-08 02:00:00+00:00,4.956414391864121e-05,7139.875545228999
2030-12-08 03:00:00+00:00,8.371734301187753e-05,7140.389189997238
2030-12-08 04:00:00+00:00,9.973962728560672e-05,7140.9029745623675
2030-12-08 05:00:00+00:00,0.00010276474482672354,7141.416802341452
2030-12-08 06:00:00+00:00,9.753288710151818e-05,7141.930754460254
2030-12-08 07:00:00+00:00,7.103922609428715e-05,7142.444510937062
2030-12-08 08:00:00+00:00,6.396926603095566e-05,7142.959226093402
2030-12-08 09:00:00+00:00,0.8448147137890348,7143.474768715872
2030-12-08 10:00:00+00:00,1.7104000767521783,7143.990395022528
2030-12-08 11:00:00+00:00,2.2991847071380187,7144.506051609864
2030-12-08 12:00:00+00:00,2.899086563495909,7145.021747682772
2030-12-08 13:00:00+00:00,3.4874534917626114,7145.537476208431
2030-12-08 14:00:00+00:00,4.16292296823607,7146.053249077598
2030-12-08 15:00:00+00:00,4.365391691224595,7146.569105289665
2030-12-08 16:00:00+00:00,4.3652850383350845,7147.08312172831
2030-12-08 17:00:00+00:00,4.365213942789255,7147.597174180884
2030-12-08 18:00:00+00:00,4.365134737410017,7148.110995594949
2030-12-08 19:00:00+00:00,4.365076328667929,7148.624871462059
2030-12-08 20:00:00+00:00,4.365029118003072,7149.1388032822115
2030-12-08 21:00:00+00:00,4.364989691614602,7149.652799542152
2030-12-08 22:00:00+00:00,4.364955460925751,7150.16683275884
2030-12-08 23:00:00+00:00,4.364944110305619,7150.68155072482
2030-12-09 00:00:00+00:00,4.364934504627795,7151.196277454916
2030-12-09 01:00:00+00:00,4.364926384921339,7151.71098390527
2030-12-09 02:00:00+00:00,4.364919978372218,7152.225673307189
2030-12-09 03:00:00+00:00,4.364915773187885,7152.740353739213
2030-12-09 04:00:00+00:00,4.36490092929729,7153.25437815322
2030-12-09 05:00:00+00:00,4.36488909777588,7153.768414556078
2030-12-09 06:00:00+00:00,4.364879136668059,7154.282469789404
2030-12-09 07:00:00+00:00,4.364870383728582,7154.796570038251
2030-12-09 08:00:00+00:00,4.364861244176242,7155.310737900328
2030-12-09 09:00:00+00:00,4.364863165033897,7155.825592358833
2030-12-09 10:00:00+00:00,4.36501857388626,7156.341368236146
2030-12-09 11:00:00+00:00,4.365333976161561,7156.857170578308
2030-12-09 12:00:00+00:00,4.365404261597814,7157.3727121399015
2030-12-09 13:00:00+00:00,4.365435428565857,7157.887295257957
2030-12-09 14:00:00+00:00,4.365415480248899,7157.298227008484
2030-12-09 15:00:00+00:00,4.214781464037892,7156.707177608005
2030-12-09 16:00:00+00:00,3.947580462185198,7156.1162214546575
2030-12-09 17:00:00+00:00,3.471342179422956,7155.525365380962
2030-12-09 18:00:00+00:00,3.411721759695574,7154.934612841724
2030-12-09 19:00:00+00:00,3.355482974430358,7154.343964483812
2030-12-09 20:00:00+00:00,3.355400422012298,7153.753607980609
2030-12-09 21:00:00+00:00,3.307601392923468,7153.163159701999
2030-12-09 22:00:00+00:00,3.260221480991591,7152.572809782643
2030-12-09 23:00:00+00:00,3.2601553709458093,7151.982772845278
2030-12-10 00:00:00+00:00,3.212341170528499,7151.392612563091
2030-12-10 01:00:00+00:00,3.1656837428236795,7150.802552511345
2030-12-10 02:00:00+00:00,3.1656133636738955,7150.212803360764
2030-12-10 03:00:00+00:00,3.1655657425102937,7149.623246788835
2030-12-10 04:00:00+00:00,3.165522315350913,7149.033796950713
2030-12-10 05:00:00+00:00,3.125938946710489,7148.444104396692
2030-12-10 06:00:00+00:00,3.0894595736944983,7147.854505330294
2030-12-10 07:00:00+00:00,3.0893313470685073,7147.26511419892
2030-12-10 08:00:00+00:00,3.0885896573501315,7146.675728486345
2030-12-10 09:00:00+00:00,3.0885925569223613,7146.089844638366
2030-12-10 10:00:00+00:00,3.515156002842101,7145.521969946858
2030-12-10 11:00:00+00:00,4.296401111840621,7144.954240380188
2030-12-10 12:00:00+00:00,4.365424945418072,7144.386507608306
2030-12-10 13:00:00+00:00,4.365430027643008,7143.799123706536
2030-12-10 14:00:00+00:00,4.365440988125012,7143.210685272043
2030-12-10 15:00:00+00:00,3.920876011376205,7142.620759430242
2030-12-10 16:00:00+00:00,3.6093443684137445,7142.030958719633
2030-12-10 17:00:00+00:00,3.199801920358265,7141.441243234074
2030-12-10 18:00:00+00:00,2.6541636324267066,7140.851619763404
2030-12-10 19:00:00+00:00,2.414950786594094,7140.262084456956
2030-12-10 20:00:00+00:00,2.210003914166777,7139.67263444059
2030-12-10 21:00:00+00:00,2.0133483245738923,7139.083270018894
2030-12-10 22:00:00+00:00,1.839127549809091,7138.493990231656
2030-12-10 23:00:00+00:00,1.670934819337636,7137.904791038412
2030-12-11 00:00:00+00:00,1.4823847355091524,7137.315671068487
2030-12-11 01:00:00+00:00,1.3058961961362792,7136.726627258019
2030-12-11 02:00:00+00:00,1.1009506942586855,7136.1376513708055
2030-12-11 03:00:00+00:00,0.8604074191317164,7135.548739186678
2030-12-11 04:00:00+00:00,0.6485592106100458,7134.9598954281955
2030-12-11 05:00:00+00:00,0.5826806239820406,7134.371108512071
2030-12-11 06:00:00+00:00,0.4235268806260325,7133.782375065038
2030-12-11 07:00:00+00:00,0.002491014462476594,7133.193648422828
2030-12-11 08:00:00+00:00,2.9681022732115445e-06,7132.604914163591
2030-12-11 09:00:00+00:00,5.257156384560497e-05,7132.017641886709
2030-12-11 10:00:00+00:00,7.571532872803227e-05,7131.430423651498
2030-12-11 11:00:00+00:00,0.00011238457529416086,7130.84352934116
2030-12-11 12:00:00+00:00,0.00012006006989298265,7130.256308908485
2030-12-11 13:00:00+00:00,0.00012612494680618708,7129.669138631298
2030-12-11 14:00:00+00:00,0.00012375532833686727,7129.081726851376
2030-12-11 15:00:00+00:00,0.00012059262191806445,7128.494373935148
2030-12-11 16:00:00+00:00,0.00011546494595580787,7127.907066906502
2030-12-11 17:00:00+00:00,0.00010730634921990169,7127.3197107654205
2030-12-11 18:00:00+00:00,9.51725807333393e-05,7126.732193815684
2030-12-11 19:00:00+00:00,7.637470250081086e-05,7126.144587538706
2030-12-11 20:00:00+00:00,8.462437733536904e-05,7125.558484757279
2030-12-11 21:00:00+00:00,8.792634789342171e-05,7124.972386244683
2030-12-11 22:00:00+00:00,0.00014706357880938867,7124.3903378407485
2030-12-11 23:00:00+00:00,0.00024909123989226843,7123.810922391891
2030-12-12 00:00:00+00:00,0.000314570544548686,7123.231501204345
2030-12-12 01:00:00+00:00,0.00037223308876775744,7122.652635878812
2030-12-12 02:00:00+00:00,0.0004191601707809311,7122.073856363146
2030-12-12 03:00:00+00:00,0.000458761973122769,7121.495168034924
2030-12-12 04:00:00+00:00,0.0004935764645841535,7120.916564929265
2030-12-12 05:00:00+00:00,0.0005253633394175847,7120.338053720185
2030-12-12 06:00:00+00:00,0.0005550125396301019,7119.759616604366
2030-12-12 07:00:00+00:00,0.0005684995286775719,7119.178374638646
2030-12-12 08:00:00+00:00,0.0005914726020240976,7118.600116660857
2030-12-12 09:00:00+00:00,0.0007461481041187405,7118.047790481998
2030-12-12 10:00:00+00:00,0.0007518946556736293,7117.46559138684
2030-12-12 11:00:00+00:00,0.0007678746122426377,7116.887559680167
2030-12-12 12:00:00+00:00,0.0007823507440734855,7116.309583002355
2030-12-12 13:00:00+00:00,0.0007974369237216181,7115.731678370045
2030-12-12 14:00:00+00:00,0.0007895183275950333,7115.147422702058
2030-12-12 15:00:00+00:00,0.0007752506036886599,7114.56246132265
2030-12-12 16:00:00+00:00,0.0007606589370058422,7113.977387864623
2030-12-12 17:00:00+00:00,0.0007445594604685671,7113.391984989793
2030-12-12 18:00:00+00:00,0.0007268997622001523,7112.805776760707
2030-12-12 19:00:00+00:00,0.0007076875437689584,7112.218628110115
2030-12-12 20:00:00+00:00,0.0006867166756284493,7111.63049134672
2030-12-12 21:00:00+00:00,0.0006641016010571378,7111.041968193069
2030-12-12 22:00:00+00:00,0.0006403016617503259,7110.453440152676
2030-12-12 23:00:00+00:00,0.0006122333020390057,7109.864975860294
2030-12-13 00:00:00+00:00,0.0006002757966326721,7109.277605779692
2030-12-13 01:00:00+00:00,0.0005873462259644966,7108.690302840449
2030-12-13 02:00:00+00:00,0.0005566935678300394,7108.102124766621
2030-12-13 03:00:00+00:00,0.0005177024340659592,7107.513940228678
2030-12-13 04:00:00+00:00,0.00047409856127593843,7106.925808287649
2030-12-13 05:00:00+00:00,0.0004251265418558506,7106.337728944556
2030-12-13 06:00:00+00:00,0.00036805304471917673,7105.749710364417
2030-12-13 07:00:00+00:00,0.0002965604481538505,7105.161736059353
2030-12-13 08:00:00+00:00,0.00019072541721129152,7104.573821228823
2030-12-13 09:00:00+00:00,0.0002003388916485182,7104.509791186803
2030-12-13 10:00:00+00:00,0.00020733745639303495,7104.865343097393
2030-12-13 11:00:00+00:00,0.00021097236089486442,7105.222608459529
2030-12-13 12:00:00+00:00,0.0002115345883264564,7105.161174991202
2030-12-13 13:00:00+00:00,0.00021119647977645,7105.098288444951
2030-12-13 14:00:00+00:00,0.00020592503536050451,7104.542477998164
2030-12-13 15:00:00+00:00,0.00019266811192842316,7103.967945845917
2030-12-13 16:00:00+00:00,0.00017520128312296032,7103.393460923717
2030-12-13 17:00:00+00:00,0.00015158074168373722,7102.819037860078
2030-12-13 18:00:00+00:00,0.00011816180944162738,7102.244664931561
2030-12-13 19:00:00+00:00,5.978330336046322e-05,7101.670348268324
2030-12-13 20:00:00+00:00,4.5897118699972475e-06,7101.190287012038
2030-12-13 21:00:00+00:00,0.00011163567707417202,7101.709498243786
2030-12-13 22:00:00+00:00,0.00015161291121992593,7102.228775398307
2030-12-13 23:00:00+00:00,0.00021346741734932085,7102.748208864551
2030-12-14 00:00:00+00:00,0.00025063502401830305,7103.267789003527
2030-12-14 01:00:00+00:00,0.00027489265851191155,7103.7876808607
2030-12-14 02:00:00+00:00,0.00029005074092805413,7104.308236078196
2030-12-14 03:00:00+00:00,0.000287923482598705,7104.829788883163
2030-12-14 04:00:00+00:00,0.0002714098375092366,7105.352648658079
2030-12-14 05:00:00+00:00,0.0002471183027427969,7105.876972806069
2030-12-14 06:00:00+00:00,0.00021091773132876366,7106.402597441748
2030-12-14 07:00:00+00:00,0.00015281576945838814,7106.928677400839
2030-12-14 08:00:00+00:00,1.9224641149998853e-05,7107.455011715844
2030-12-14 09:00:00+00:00,0.0004222240475734452,7107.981464943699
2030-12-14 10:00:00+00:00,0.1423429281978671,7108.507671380849
2030-12-14 11:00:00+00:00,0.6655036225773359,7109.03377849153
2030-12-14 12:00:00+00:00,0.9816110540403307,7109.559720812849
2030-12-14 13:00:00+00:00,1.5007259192554574,7110.08558140056
2030-12-14 14:00:00+00:00,2.1538023018717323,7110.611254747556
2030-12-14 15:00:00+00:00,2.3543077683976463,7111.136738693509
2030-12-14 16:00:00+00:00,2.354440963112924,7111.662053956087
2030-12-14 17:00:00+00:00,2.5561525209263367,7112.187280143667
2030-12-14 18:00:00+00:00,2.9369259274003188,7112.712389588363
2030-12-14 19:00:00+00:00,3.339737687421071,7113.237462528913
2030-12-14 20:00:00+00:00,3.8066780120798405,7113.762536599082
2030-12-14 21:00:00+00:00,4.365074186716656,7114.287618383521
2030-12-14 22:00:00+00:00,4.36478478894877,7114.812493246632
2030-12-14 23:00:00+00:00,4.364584352300021,7115.33737177426
2030-12-15 00:00:00+00:00,4.364428514826766,7115.862264243492
2030-12-15 01:00:00+00:00,4.364299525586677,7116.387174357017
2030-12-15 02:00:00+00:00,4.364190186565431,7116.912103616962
2030-12-15 03:00:00+00:00,4.3640921187207,7117.437051959245
2030-12-15 04:00:00+00:00,4.364006594154187,7117.962043740964
2030-12-15 05:00:00+00:00,4.363924458269435,7118.487047509593
2030-12-15 06:00:00+00:00,4.36385152704831,7119.01204220003
2030-12-15 07:00:00+00:00,4.363789203587625,7119.537062067977
2030-12-15 08:00:00+00:00,4.363731815943511,7120.062146884328
2030-12-15 09:00:00+00:00,4.363677654821731,7120.587280581063
2030-12-15 10:00:00+00:00,4.3636275400092455,7121.112445228134
2030-12-15 11:00:00+00:00,4.363580760482752,7121.637638612282
2030-12-15 12:00:00+00:00,4.363537462684516,7122.1628592441975
2030-12-15 13:00:00+00:00,4.363497582811086,7122.68807032319
2030-12-15 14:00:00+00:00,4.363460281053998,7123.213265400354
2030-12-15 15:00:00+00:00,4.363464747965283,7123.738518950557
2030-12-15 16:00:00+00:00,4.363478896057316,7124.263804484033
2030-12-15 17:00:00+00:00,4.363494699387855,7124.789113035223
2030-12-15 18:00:00+00:00,4.36350451915861,7125.314428517973
2030-12-15 19:00:00+00:00,4.363515826860712,7125.83978420177
2030-12-15 20:00:00+00:00,4.363529050357782,7126.365183247463
2030-12-15 21:00:00+00:00,4.363544431164311,7126.890623394238
2030-12-15 22:00:00+00:00,4.363544259239285,7127.4160865162485
2030-12-15 23:00:00+00:00,4.363545688295572,7127.941593065523
2030-12-16 00:00:00+00:00,4.3635501857464405,7128.467149268796
2030-12-16 01:00:00+00:00,4.363585725638149,7128.992787657652
2030-12-16 02:00:00+00:00,4.3636263559077335,7129.518473932923
2030-12-16 03:00:00+00:00,4.363636361510787,7130.044168873951
2030-12-16 04:00:00+00:00,4.363684812892889,7130.569940193937
2030-12-16 05:00:00+00:00,4.363739120213148,7131.095755273398
2030-12-16 06:00:00+00:00,4.363798607653594,7131.621615529358
2030-12-16 07:00:00+00:00,4.363863760152896,7132.147520915599
2030-12-16 08:00:00+00:00,4.363889229754041,7132.673436760794
2030-12-16 09:00:00+00:00,4.363965367575579,7133.199427846395
2030-12-16 10:00:00+00:00,4.364050092293959,7133.72546200871
2030-12-16 11:00:00+00:00,4.364564131881241,7134.251557018682
2030-12-16 12:00:00+00:00,4.364677340960249,7134.777674018656
2030-12-16 13:00:00+00:00,4.364828925557547,7135.303831465253
2030-12-16 14:00:00+00:00,4.364878771652144,7135.829972848109
2030-12-16 15:00:00+00:00,4.365439993828769,7136.356186350372
2030-12-16 16:00:00+00:00,4.3653655358749575,7136.840486256896
2030-12-16 17:00:00+00:00,4.365333845396047,7137.322361707773
2030-12-16 18:00:00+00:00,4.365314125409701,7137.801315127782
2030-12-16 19:00:00+00:00,4.365301182207801,7138.280280785043
2030-12-16 20:00:00+00:00,4.365292698007991,7138.75929084217
2030-12-16 21:00:00+00:00,4.365287587626863,7139.238356365832
2030-12-16 22:00:00+00:00,4.365285720166585,7139.717537275963
2030-12-16 23:00:00+00:00,4.365298279726862,7140.2322224320205
2030-12-17 00:00:00+00:00,4.365314548850091,7140.745652293732
2030-12-17 01:00:00+00:00,4.365342586405323,7141.260414296045
2030-12-17 02:00:00+00:00,4.365397401900603,7141.775209990967
2030-12-17 03:00:00+00:00,4.365424250917365,7141.302983374792
2030-12-17 04:00:00+00:00,4.36541913418242,7140.722868527155
2030-12-17 05:00:00+00:00,4.365426929675526,7140.142787312662
2030-12-17 06:00:00+00:00,4.365439690740782,7139.561731422542
2030-12-17 07:00:00+00:00,4.365436489720068,7138.979130598475
2030-12-17 08:00:00+00:00,4.365416655281829,7138.396334992711
2030-12-17 09:00:00+00:00,4.365408008078004,7137.813577835936
2030-12-17 10:00:00+00:00,3.9801336786464763,7137.2307955360675
2030-12-17 11:00:00+00:00,3.595562708208199,7136.648059866247
2030-12-17 12:00:00+00:00,3.2883897585455335,7136.0653676689
2030-12-17 13:00:00+00:00,2.964446449535619,7135.482709980043
2030-12-17 14:00:00+00:00,2.6912656161426467,7134.9000505732665
2030-12-17 15:00:00+00:00,1.5365692700224343,7134.317300765902
2030-12-17 16:00:00+00:00,1.269778978212237,7133.734668360339
2030-12-17 17:00:00+00:00,1.0081299437014717,7133.152070856195
2030-12-17 18:00:00+00:00,0.7116415753355319,7132.569505690472
2030-12-17 19:00:00+00:00,0.27178293890775035,7131.9869751971155
2030-12-17 20:00:00+00:00,1.7575267295505276e-05,7131.40448019379
2030-12-17 21:00:00+00:00,1.4237764969512232e-06,7130.822086404866
2030-12-17 22:00:00+00:00,4.05740670515237e-06,7131.335092840064
2030-12-17 23:00:00+00:00,1.4042329978264755e-05,7131.862124221706
2030-12-18 00:00:00+00:00,2.7021192975430124e-05,7132.389513882904
2030-12-18 01:00:00+00:00,3.692108541448188e-05,7132.917058219243
2030-12-18 02:00:00+00:00,1.4957478422072247e-05,7133.444699379371
2030-12-18 03:00:00+00:00,0.3204003182352404,7133.972560821337
2030-12-18 04:00:00+00:00,0.70502435491795,7134.500477948658
2030-12-18 05:00:00+00:00,1.0786199271923191,7135.028455698624
2030-12-18 06:00:00+00:00,1.0789390215672283,7135.55649945857
2030-12-18 07:00:00+00:00,1.0792217975647642,7136.084591964018
2030-12-18 08:00:00+00:00,1.1206410728107223,7136.612741321739
2030-12-18 09:00:00+00:00,1.120928016908299,7137.140919439661
2030-12-18 10:00:00+00:00,1.121194834071644,7137.669148833835
2030-12-18 11:00:00+00:00,1.1322919545662329,7138.197441501407
2030-12-18 12:00:00+00:00,1.4246556289927985,7138.7257789826435
2030-12-18 13:00:00+00:00,1.781898588538063,7139.254151917972
2030-12-18 14:00:00+00:00,2.158164083138095,7139.782550731699
2030-12-18 15:00:00+00:00,2.3999862506888405,7140.3109535045405
2030-12-18 16:00:00+00:00,2.683319699963354,7140.839347626042
2030-12-18 17:00:00+00:00,3.0001389188112766,7141.367785383467
2030-12-18 18:00:00+00:00,3.3547208938846325,7141.896266588277
2030-12-18 19:00:00+00:00,3.765735041718368,7142.424769103889
2030-12-18 20:00:00+00:00,3.923079919582991,7142.953303096954
2030-12-18 21:00:00+00:00,4.347839098969423,7143.481863478237
2030-12-18 22:00:00+00:00,4.365424614261229,7144.010461759955
2030-12-18 23:00:00+00:00,4.365235076588773,7144.538927301765
2030-12-19 00:00:00+00:00,4.365157311154418,7145.067623986728
2030-12-19 01:00:00+00:00,4.365151912004465,7145.596884388634
2030-12-19 02:00:00+00:00,4.365168437487652,7146.127340815548
2030-12-19 03:00:00+00:00,4.365214747969806,7146.65987621948
2030-12-19 04:00:00+00:00,4.365320494452129,7147.19484428735
2030-12-19 05:00:00+00:00,4.365267611953786,7147.731234695759
2030-12-19 06:00:00+00:00,4.365247362068381,7148.268446586114
2030-12-19 07:00:00+00:00,4.365248845761569,7148.807034669513
2030-12-19 08:00:00+00:00,4.365276675277959,7149.34664216578
2030-12-19 09:00:00+00:00,4.365353832844981,7149.887237240072
2030-12-19 10:00:00+00:00,4.364975378933341,7150.428174596323
2030-12-19 11:00:00+00:00,4.36491059231947,7150.969748495097
2030-12-19 12:00:00+00:00,4.3647981970103285,7151.511994730058
2030-12-19 13:00:00+00:00,4.364757830119952,7152.054637523731
2030-12-19 14:00:00+00:00,4.364683941753304,7152.597335928486
2030-12-19 15:00:00+00:00,3.210674039343787,7153.139979383067
2030-12-19 16:00:00+00:00,2.05598026253154,7153.666266851693
2030-12-19 17:00:00+00:00,0.9026534722811338,7154.209070760495
2030-12-19 18:00:00+00:00,0.6427973955033214,7154.751912904823
2030-12-19 19:00:00+00:00,0.4604676370862741,7155.294781838647
2030-12-19 20:00:00+00:00,0.28817078919663197,7155.837677673551
2030-12-19 21:00:00+00:00,0.007623476775224655,7156.380600570221
2030-12-19 22:00:00+00:00,2.8651811847360626e-05,7156.923557543339
2030-12-19 23:00:00+00:00,8.167429352302216e-05,7157.466863667584
2030-12-20 00:00:00+00:00,0.00026434920786823384,7158.010250698115
2030-12-20 01:00:00+00:00,0.000323500810323446,7158.553660573294
2030-12-20 02:00:00+00:00,0.00035515614987148726,7159.097101238271
2030-12-20 03:00:00+00:00,0.00035728499089334066,7159.640557535553
2030-12-20 04:00:00+00:00,0.00033314045694470137,7160.184029863473
2030-12-20 05:00:00+00:00,0.00028993575461512517,7160.727526806235
2030-12-20 06:00:00+00:00,0.00021277608433745512,7161.271043328774
2030-12-20 07:00:00+00:00,3.2220809791294804e-05,7161.814576623479
2030-12-20 08:00:00+00:00,0.031468283025750214,7162.358278464875
2030-12-20 09:00:00+00:00,0.89741824488519,7162.90203980113
2030-12-20 10:00:00+00:00,1.3660976375343734,7163.445778742939
2030-12-20 11:00:00+00:00,1.8242657361819297,7163.989524510013
2030-12-20 12:00:00+00:00,2.235986766006516,7164.533274892246
2030-12-20 13:00:00+00:00,2.601563328284741,7165.077026041398
2030-12-20 14:00:00+00:00,3.101384931642221,7165.62077340343
2030-12-20 15:00:00+00:00,3.517187296244941,7166.16453935252
2030-12-20 16:00:00+00:00,3.887149006700521,7166.708326116563
2030-12-20 17:00:00+00:00,4.365282452117378,7167.252131357196
2030-12-20 18:00:00+00:00,4.365429787915421,7167.7959300596995
2030-12-20 19:00:00+00:00,4.353661527271545,7168.339439946035
2030-12-20 20:00:00+00:00,4.347807156883818,7168.882959769582
2030-12-20 21:00:00+00:00,4.343559479339577,7169.426491095898
2030-12-20 22:00:00+00:00,4.341096828891038,7169.9700309302725
2030-12-20 23:00:00+00:00,4.338618077736765,7170.513555032014
2030-12-21 00:00:00+00:00,4.336619632034592,7171.057007127601
2030-12-21 01:00:00+00:00,4.334382256957086,7171.600223757595
2030-12-21 02:00:00+00:00,4.332371634220621,7172.142847590921
2030-12-21 03:00:00+00:00,4.330513086528912,7172.684477983421
2030-12-21 04:00:00+00:00,4.328790233380071,7173.224773706965
2030-12-21 05:00:00+00:00,4.327170850843575,7173.763570615228
2030-12-21 06:00:00+00:00,4.325633326740603,7174.301024817977
2030-12-21 07:00:00+00:00,4.324157345177078,7174.837824870397
2030-12-21 08:00:00+00:00,4.3248003240301,7175.374368098027
2030-12-21 09:00:00+00:00,4.325424225524954,7175.91090118957
2030-12-21 10:00:00+00:00,4.326053806417014,7176.447437160486
2030-12-21 11:00:00+00:00,4.326704868874489,7176.983962144405
2030-12-21 12:00:00+00:00,4.327378682843334,7177.520484921834
2030-12-21 13:00:00+00:00,4.328080645998739,7178.057015088662
2030-12-21 14:00:00+00:00,4.32880702332465,7178.5935537890955
2030-12-21 15:00:00+00:00,4.329488268837835,7179.130111857714
2030-12-21 16:00:00+00:00,4.3298975705889235,7179.666711014343
2030-12-21 17:00:00+00:00,4.3307036112674275,7180.203337329203
2030-12-21 18:00:00+00:00,4.331553278596239,7180.73999504005
2030-12-21 19:00:00+00:00,4.332431042557655,7181.276670362988
2030-12-21 20:00:00+00:00,4.33333633728006,7181.81337931759
2030-12-21 21:00:00+00:00,4.333435902189117,7182.350110734837
2030-12-21 22:00:00+00:00,4.333540158410538,7182.886930681043
2030-12-21 23:00:00+00:00,4.333647638828835,7183.423924367753
2030-12-22 00:00:00+00:00,4.333751284481067,7183.961601694478
2030-12-22 01:00:00+00:00,4.333853766574646,7184.499598974846
2030-12-22 02:00:00+00:00,4.333947651313704,7185.0377767933705
2030-12-22 03:00:00+00:00,4.334040924301829,7185.576010678928
2030-12-22 04:00:00+00:00,4.334136899939805,7186.114260992594
2030-12-22 05:00:00+00:00,4.334234924418897,7186.652521291961
2030-12-22 06:00:00+00:00,4.334333454601265,7187.190912155381
2030-12-22 07:00:00+00:00,4.334432043025443,7187.729547393743
2030-12-22 08:00:00+00:00,4.334529837740382,7188.268423307471
2030-12-22 09:00:00+00:00,4.336347417999237,7188.807544127471
2030-12-22 10:00:00+00:00,4.338295452820729,7189.3468577038775
2030-12-22 11:00:00+00:00,4.340406087917666,7189.886363563924
2030-12-22 12:00:00+00:00,4.342822865012047,7190.426094922101
2030-12-22 13:00:00+00:00,4.345602281137977,7190.966164218135
2030-12-22 14:00:00+00:00,4.348998322685828,7191.506645854277
2030-12-22 15:00:00+00:00,4.349224122999126,7192.049664692386
2030-12-22 16:00:00+00:00,4.349446982077988,7192.594278807587
2030-12-22 17:00:00+00:00,4.349673221781604,7193.140732687747
2030-12-22 18:00:00+00:00,4.349935216582252,7193.689192258634
2030-12-22 19:00:00+00:00,4.350298069073628,7194.240271893509
2030-12-22 20:00:00+00:00,4.365419497260569,7194.793889345829
2030-12-22 21:00:00+00:00,4.364777943664324,7195.351466449509
2030-12-22 22:00:00+00:00,4.364241518273196,7195.911983653758
2030-12-22 23:00:00+00:00,4.363866121447471,7196.472937751203
2030-12-23 00:00:00+00:00,4.363562165465262,7197.034076923293
2030-12-23 01:00:00+00:00,4.363303038654011,7197.595351746297
2030-12-23 02:00:00+00:00,4.363076816495173,7198.156884422587
2030-12-23 03:00:00+00:00,3.554138220032105,7198.718431134947
2030-12-23 04:00:00+00:00,2.9598705134961154,7199.280031012222
2030-12-23 05:00:00+00:00,2.9598236866586047,7199.841810668377
2030-12-23 06:00:00+00:00,2.959801280554694,7200.403665847557
2030-12-23 07:00:00+00:00,2.959742634148114,7200.965484777866
2030-12-23 08:00:00+00:00,2.959715842213438,7201.527393882025
2030-12-23 09:00:00+00:00,3.5632512110013757,7202.089560206572
2030-12-23 10:00:00+00:00,3.5632205595629087,7202.651609456949
2030-12-23 11:00:00+00:00,3.563189167458066,7203.213724632615
2030-12-23 12:00:00+00:00,3.563156639803765,7203.7758964459035
2030-12-23 13:00:00+00:00,3.5631861247173036,7204.33825913308
2030-12-23 14:00:00+00:00,4.365283822549384,7204.900755415087
2030-12-23 15:00:00+00:00,4.365267339019244,7205.463100994611
2030-12-23 16:00:00+00:00,4.36524162897128,7206.025389986656
2030-12-23 17:00:00+00:00,4.365183308859759,7206.587600009282
2030-12-23 18:00:00+00:00,4.365144808709699,7207.149855953573
2030-12-23 19:00:00+00:00,4.3651181369683725,7207.712129571218
2030-12-23 20:00:00+00:00,4.3650990747523934,7208.274433016519
2030-12-23 21:00:00+00:00,4.365085672938195,7208.836772890746
2030-12-23 22:00:00+00:00,4.365090344248989,7209.399232401034
2030-12-23 23:00:00+00:00,4.364951597435488,7209.961408269615
2030-12-24 00:00:00+00:00,4.364875483177671,7210.523665222075
2030-12-24 01:00:00+00:00,4.3648154464129405,7211.086023330504
2030-12-24 02:00:00+00:00,4.364763231605931,7211.648488697833
2030-12-24 03:00:00+00:00,4.3647190569855825,7212.211035446727
2030-12-24 04:00:00+00:00,3.240307643687437,7212.773438822686
2030-12-24 05:00:00+00:00,2.0856695581990974,7213.335782489362
2030-12-24 06:00:00+00:00,2.0855190602153333,7213.899065647425
2030-12-24 07:00:00+00:00,2.085513246762587,7214.463186048883
2030-12-24 08:00:00+00:00,2.3395286547510694,7215.02832134141
2030-12-24 09:00:00+00:00,2.339579012946566,7215.594436269317
2030-12-24 10:00:00+00:00,2.339632054839469,7216.161952077548
2030-12-24 11:00:00+00:00,2.3396855381203867,7216.73072795531
2030-12-24 12:00:00+00:00,2.3397396020469117,7217.30069796396
2030-12-24 13:00:00+00:00,2.3397943661910046,7217.871926822454
2030-12-24 14:00:00+00:00,2.3398490569722012,7218.444827030743
2030-12-24 15:00:00+00:00,2.3398678710946412,7219.019992286903
2030-12-24 16:00:00+00:00,2.3398915087739676,7219.598210185592
2030-12-24 17:00:00+00:00,2.3399106103425393,7220.180270221522
2030-12-24 18:00:00+00:00,2.339928829866988,7220.767122135607
2030-12-24 19:00:00+00:00,2.339947452745858,7221.360481514895
2030-12-24 20:00:00+00:00,2.339966236828738,7221.957859765112
2030-12-24 21:00:00+00:00,2.3399845313196517,7222.558979827687
2030-12-24 22:00:00+00:00,2.4232966516048657,7223.166179094204
2030-12-24 23:00:00+00:00,2.5289859483138475,7223.780869812751
2030-12-25 00:00:00+00:00,2.5294175061076793,7224.4040894832715
2030-12-25 01:00:00+00:00,2.6022839678832757,7225.0421622506665
2030-12-25 02:00:00+00:00,2.683241991793337,7225.694061092692
2030-12-25 03:00:00+00:00,2.6833518056694055,7226.3523100037055
2030-12-25 04:00:00+00:00,2.7944800347856487,7227.015278027628
2030-12-25 05:00:00+00:00,2.9247298473765495,7227.678626970581
2030-12-25 06:00:00+00:00,3.0591219662908684,7228.34201141778
2030-12-25 07:00:00+00:00,3.198778663222096,7229.005805894028
2030-12-25 08:00:00+00:00,3.3422707175064965,7229.669825141274
2030-12-25 09:00:00+00:00,3.523153360214047,7230.33387212565
2030-12-25 10:00:00+00:00,3.72248089210235,7230.997919086877
2030-12-25 11:00:00+00:00,3.7654522042899057,7231.661973821345
2030-12-25 12:00:00+00:00,3.7655667587379273,7232.326015398403
2030-12-25 13:00:00+00:00,3.7657917537799555,7232.990125329787
2030-12-25 14:00:00+00:00,4.221621839792887,7233.654318153027
2030-12-25 15:00:00+00:00,4.364066716591617,7234.318586194633
2030-12-25 16:00:00+00:00,4.365434829974663,7234.982915071239
2030-12-25 17:00:00+00:00,4.365402261124373,7235.644967478563
2030-12-25 18:00:00+00:00,4.36538438760749,7236.306263455315
2030-12-25 19:00:00+00:00,4.3653919213151555,7236.968419761468
2030-12-25 20:00:00+00:00,4.365420714400666,7237.630620670916
2030-12-25 21:00:00+00:00,4.365405007553973,7237.295151143899
2030-12-25 22:00:00+00:00,4.365413016252562,7237.940984522002
2030-12-25 23:00:00+00:00,4.365428233868453,7237.605250129778
2030-12-26 00:00:00+00:00,4.365425163620916,7237.163176535009
2030-12-26 01:00:00+00:00,4.1144486742863355,7236.7185964336795
2030-12-26 02:00:00+00:00,3.6557370255384214,7236.272991374229
2030-12-26 03:00:00+00:00,3.2552356180992286,7235.8257137544315
2030-12-26 04:00:00+00:00,2.887170922476321,7235.376373456712
2030-12-26 05:00:00+00:00,2.532032750412858,7234.925952822107
2030-12-26 06:00:00+00:00,2.072818340384623,7234.4750913765365
2030-12-26 07:00:00+00:00,1.148499258832386,7234.023095597647
2030-12-26 08:00:00+00:00,0.45296262201807785,7233.570251240711
2030-12-26 09:00:00+00:00,0.4522616076192304,7233.116570750825
2030-12-26 10:00:00+00:00,0.45182498927184545,7232.662465432386
2030-12-26 11:00:00+00:00,0.45178352479140194,7232.208077787795
2030-12-26 12:00:00+00:00,0.45174201753541876,7231.753122677555
2030-12-26 13:00:00+00:00,0.4516922937136977,7231.297922669694
2030-12-26 14:00:00+00:00,0.4515256766299947,7230.842670290729
2030-12-26 15:00:00+00:00,0.4119740760400047,7230.387459890013
2030-12-26 16:00:00+00:00,0.25978855282977814,7229.932304834444
2030-12-26 17:00:00+00:00,2.3302124150806116e-05,7229.477241306694
2030-12-26 18:00:00+00:00,1.0272829222583257e-05,7229.0233050468
2030-12-26 19:00:00+00:00,3.1936557110862385e-06,7228.577472292017
2030-12-26 20:00:00+00:00,1.7032316350374925e-05,7229.2313921924115
2030-12-26 21:00:00+00:00,0.4953075614212458,7229.885762741568
2030-12-26 22:00:00+00:00,0.983589187874886,7230.540261600346
2030-12-26 23:00:00+00:00,1.5713736102973488,7231.194888340833
2030-12-27 00:00:00+00:00,2.4373836683423655,7231.849908338229
2030-12-27 01:00:00+00:00,3.303394600135226,7232.505078317244
2030-12-27 02:00:00+00:00,3.720119080840261,7233.160109893652
2030-12-27 03:00:00+00:00,4.054328785697869,7233.8152865772245
2030-12-27 04:00:00+00:00,4.056982880234931,7234.470615226766
2030-12-27 05:00:00+00:00,4.143774016184472,7235.126252733188
2030-12-27 06:00:00+00:00,4.302134942005506,7235.782145223658
2030-12-27 07:00:00+00:00,4.3653745351498845,7236.438207641655
2030-12-27 08:00:00+00:00,4.365401339239136,7237.094322990667
2030-12-27 09:00:00+00:00,4.3647672283127585,7237.750248244427
2030-12-27 10:00:00+00:00,4.364490094115073,7238.406396813086
2030-12-27 11:00:00+00:00,4.364425148207209,7239.062859361219
2030-12-27 12:00:00+00:00,4.36426789407416,7239.719576557013
2030-12-27 13:00:00+00:00,4.359998906073355,7240.376637414382
2030-12-27 14:00:00+00:00,4.357577343670958,7241.034189708417
2030-12-27 15:00:00+00:00,4.355726571707558,7241.6921393966795
2030-12-27 16:00:00+00:00,4.3542102279424855,7242.350561657058
2030-12-27 17:00:00+00:00,4.352894405256718,7243.009667162257
2030-12-27 18:00:00+00:00,4.351721286405724,7243.669500635693
2030-12-27 19:00:00+00:00,4.350653508604381,7244.330155962653
2030-12-27 20:00:00+00:00,4.349667207933693,7244.992100212201
2030-12-27 21:00:00+00:00,4.3487424730659505,7245.655025258006
2030-12-27 22:00:00+00:00,4.348291103937061,7246.320592335593
2030-12-27 23:00:00+00:00,4.347797107276347,7246.987472000232
2030-12-28 00:00:00+00:00,4.347108028680798,7247.655732287579
2030-12-28 01:00:00+00:00,4.3463698263448,7248.325336045351
2030-12-28 02:00:00+00:00,4.3456867545489475,7248.996669427812
2030-12-28 03:00:00+00:00,4.3450225481470435,7249.671920317062
2030-12-28 04:00:00+00:00,4.344401871332351,7250.359508426135
2030-12-28 05:00:00+00:00,4.34438666670944,7251.065380712908
2030-12-28 06:00:00+00:00,4.344370146859855,7251.801202354209
2030-12-28 07:00:00+00:00,4.344356004524722,7252.542713009544
2030-12-28 08:00:00+00:00,4.344316276557718,7253.287660518532
2030-12-28 09:00:00+00:00,4.344313494686623,7254.035931765316
2030-12-28 10:00:00+00:00,4.3443092115371975,7254.787647196999
2030-12-28 11:00:00+00:00,4.34430469009977,7255.542058134197
2030-12-28 12:00:00+00:00,4.34430003855949,7256.29751925005
2030-12-28 13:00:00+00:00,4.344295576157595,7257.0534969540095
2030-12-28 14:00:00+00:00,4.3442919453671545,7257.8098975857565
2030-12-28 15:00:00+00:00,4.344289956919163,7258.566707592886
2030-12-28 16:00:00+00:00,4.3442898054534025,7259.323871507136
2030-12-28 17:00:00+00:00,4.344289302385791,7260.081390242311
2030-12-28 18:00:00+00:00,4.344287833518882,7260.839284092088
2030-12-28 19:00:00+00:00,4.3442860513431185,7261.598988822166
2030-12-28 20:00:00+00:00,4.344283807642933,7262.359960616191
2030-12-28 21:00:00+00:00,4.344281457652537,7263.121884216465
2030-12-28 22:00:00+00:00,4.344279024495696,7263.884388162187
2030-12-28 23:00:00+00:00,4.34427231669205,7264.647139850555
2030-12-29 00:00:00+00:00,4.3442387599962595,7265.409465743434
2030-12-29 01:00:00+00:00,4.3441997539680335,7266.171787069668
2030-12-29 02:00:00+00:00,4.344164862741867,7266.934363617375
2030-12-29 03:00:00+00:00,4.3441087622066625,7267.697442163084
2030-12-29 04:00:00+00:00,3.1897021229981273,7268.4610198209875
2030-12-29 05:00:00+00:00,2.66900569411813,7269.225525123254
2030-12-29 06:00:00+00:00,2.668950888603795,7269.990812677801
2030-12-29 07:00:00+00:00,2.6688959327027155,7270.757295187684
2030-12-29 08:00:00+00:00,2.668841159622893,7271.524920794341
2030-12-29 09:00:00+00:00,2.66881527583243,7272.293353026014
2030-12-29 10:00:00+00:00,2.668788903173487,7273.062379314405
2030-12-29 11:00:00+00:00,2.668762500547938,7273.8317310206
2030-12-29 12:00:00+00:00,2.6687364761799057,7274.601294774217
2030-12-29 13:00:00+00:00,2.668711318710198,7275.3709748904275
2030-12-29 14:00:00+00:00,2.668649906730238,7276.140597746968
2030-12-29 15:00:00+00:00,2.6685920728652666,7276.908103338361
2030-12-29 16:00:00+00:00,2.6684935826994707,7277.674377603814
2030-12-29 17:00:00+00:00,2.6684360135794614,7278.439278351255
2030-12-29 18:00:00+00:00,2.6683765740282546,7279.202594709593
2030-12-29 19:00:00+00:00,2.668375751597735,7279.963867105144
2030-12-29 20:00:00+00:00,2.668368226230747,7280.723018978271
2030-12-29 21:00:00+00:00,2.6683598876363597,7281.478200359259
2030-12-29 22:00:00+00:00,2.668359040041834,7282.230899414342
2030-12-29 23:00:00+00:00,2.668351937852177,7282.9835957699115
2030-12-30 00:00:00+00:00,2.6683447553693425,7283.7365609881035
2030-12-30 01:00:00+00:00,2.6683376049321645,7284.489849348844
2030-12-30 02:00:00+00:00,2.6683361928068914,7285.243363293933
2030-12-30 03:00:00+00:00,2.668341590871309,7285.997306795918
2030-12-30 04:00:00+00:00,2.668355503989174,7286.751690853914
2030-12-30 05:00:00+00:00,2.66836983329247,7287.506513086978
2030-12-30 06:00:00+00:00,2.6683840870002555,7288.261788863533
2030-12-30 07:00:00+00:00,2.66839854585032,7289.017536494479
2030-12-30 08:00:00+00:00,2.66839839418108,7289.773709921783
2030-12-30 09:00:00+00:00,2.6683955260161456,7290.530309040329
2030-12-30 10:00:00+00:00,2.668390135337869,7291.287332550008
2030-12-30 11:00:00+00:00,2.6683852409798754,7292.044802413704
2030-12-30 12:00:00+00:00,2.6683804435339575,7292.802736140453
2030-12-30 13:00:00+00:00,2.668385702756141,7293.561159958981
2030-12-30 14:00:00+00:00,2.6683851327570594,7294.32006270999
2030-12-30 15:00:00+00:00,2.668400528326392,7295.079557761159
2030-12-30 16:00:00+00:00,2.6684179348244816,7295.839734563669
2030-12-30 17:00:00+00:00,2.66841442462937,7296.600679309129
2030-12-30 18:00:00+00:00,2.668431482967679,7297.362512522982
2030-12-30 19:00:00+00:00,2.66842750978762,7298.1248774783
2030-12-30 20:00:00+00:00,2.668427440918891,7298.887825183957
2030-12-30 21:00:00+00:00,2.6684241060037435,7299.65132638818
2030-12-30 22:00:00+00:00,2.6684204094837645,7300.415371286145
2030-12-30 23:00:00+00:00,2.6684166387153647,7301.179962212791
2030-12-31 00:00:00+00:00,2.6684129398669363,7301.945068949413
2030-12-31 01:00:00+00:00,2.6684091506106924,7302.710675668742
2030-12-31 02:00:00+00:00,2.6684056536734095,7303.476787037341
2030-12-31 03:00:00+00:00,2.6684038264014833,7304.243443827534
2030-12-31 04:00:00+00:00,2.735011397145533,7305.010817112165
2030-12-31 05:00:00+00:00,2.8132631883188064,7305.778620225549
2030-12-31 06:00:00+00:00,2.8990539356334275,7306.546734145377
2030-12-31 07:00:00+00:00,3.000048172920885,7307.314732128071
2030-12-31 08:00:00+00:00,3.10156864753384,7308.082642779074
2030-12-31 09:00:00+00:00,3.173423717807445,7308.850147114254
2030-12-31 10:00:00+00:00,3.1735544840000527,7309.616872146424
2030-12-31 11:00:00+00:00,3.1736458036521773,7310.382975226002
2030-12-31 12:00:00+00:00,3.2886389548724777,7311.148575522656
2030-12-31 13:00:00+00:00,3.288780819015739,7311.913556736678
2030-12-31 14:00:00+00:00,3.2888760397136707,7312.677535142526
2030-12-31 15:00:00+00:00,3.4160151366612737,7313.439926432257
2030-12-31 16:00:00+00:00,3.5713206029892115,7314.1999619005055
2030-12-31 17:00:00+00:00,3.75416413207152,7314.9568552753735
2030-12-31 18:00:00+00:00,4.003321919042847,7315.709707389939
2030-12-31 19:00:00+00:00,4.363022977317469,7316.45683969282
2030-12-31 20:00:00+00:00,4.363068035082542,7317.200781932445
2030-12-31 21:00:00+00:00,4.363116157519117,7317.94211707473
2030-12-31 22:00:00+00:00,4.363167290782635,7318.678986387074
2030-12-31 23:00:00+00:00,4.363221132144589,7319.410210917387
