Unnamed: 0,HPHS,HDAM
2040-01-01 00:00:00+00:00,0.9364537816823751,0.8846819668071664
2040-01-01 01:00:00+00:00,0.9397339538051317,0.8848351080264597
2040-01-01 02:00:00+00:00,0.9431574586509824,0.8849891220748143
2040-01-01 03:00:00+00:00,0.9465827902321626,0.8851441254506274
2040-01-01 04:00:00+00:00,0.9465923594484564,0.8853021724783776
2040-01-01 05:00:00+00:00,0.9466012531582656,0.8854650161328446
2040-01-01 06:00:00+00:00,0.9466099404354552,0.8856333535021238
2040-01-01 07:00:00+00:00,0.9466258586029277,0.8858028280392529
2040-01-01 08:00:00+00:00,0.9466346878308045,0.8859731495768852
2040-01-01 09:00:00+00:00,0.9478112236378,0.8861441721638278
2040-01-01 10:00:00+00:00,0.951770457718747,0.8863208210635409
2040-01-01 11:00:00+00:00,0.9585743854712985,0.886497370076535
2040-01-01 12:00:00+00:00,0.9668785147220252,0.8866732620283014
2040-01-01 13:00:00+00:00,0.9779526739106301,0.8868464637665827
2040-01-01 14:00:00+00:00,0.9998953166742254,0.8870170666362251
2040-01-01 15:00:00+00:00,0.9998938417821469,0.8871836874797167
2040-01-01 16:00:00+00:00,0.9998909486617078,0.8872207665576338
2040-01-01 17:00:00+00:00,0.9998875977770334,0.8872550578394732
2040-01-01 18:00:00+00:00,0.9998844917504525,0.8872875287478392
2040-01-01 19:00:00+00:00,0.9998823494572016,0.8873191082231027
2040-01-01 20:00:00+00:00,0.9998819174601518,0.8874764922409365
2040-01-01 21:00:00+00:00,0.9998816327542066,0.8876325313892319
2040-01-01 22:00:00+00:00,0.9998815034485128,0.8877873531951809
2040-01-01 23:00:00+00:00,0.9998815051395544,0.8879410207812471
2040-01-02 00:00:00+00:00,0.9998802865788639,0.8879664266337796
2040-01-02 01:00:00+00:00,0.9998796288543834,0.887992740388804
2040-01-02 02:00:00+00:00,0.9998795423282973,0.8881351198895965
2040-01-02 03:00:00+00:00,0.9998793914895806,0.8881662355387944
2040-01-02 04:00:00+00:00,0.9998769590069383,0.8881871926525894
2040-01-02 05:00:00+00:00,0.9998747074713784,0.8882074920595315
2040-01-02 06:00:00+00:00,0.9998726494017264,0.8882271819767594
2040-01-02 07:00:00+00:00,0.9998707516802086,0.8882464675324764
2040-01-02 08:00:00+00:00,0.999868999783978,0.8882652413396562
2040-01-02 09:00:00+00:00,0.9998688055707305,0.888284025103516
2040-01-02 10:00:00+00:00,0.9998691266225019,0.8883029384632576
2040-01-02 11:00:00+00:00,0.9998695846809066,0.8883213984405991
2040-01-02 12:00:00+00:00,0.9998701839939435,0.8883394444614654
2040-01-02 13:00:00+00:00,0.999870965082462,0.8883571154913028
2040-01-02 14:00:00+00:00,0.9998718987715203,0.8883744318384497
2040-01-02 15:00:00+00:00,0.999871225157102,0.8883902725357091
2040-01-02 16:00:00+00:00,0.9998706687673092,0.8884057933649429
2040-01-02 17:00:00+00:00,0.9998702413741984,0.888421011982153
2040-01-02 18:00:00+00:00,0.9998699451397541,0.8884359450557712
2040-01-02 19:00:00+00:00,0.9998697826379457,0.8884506101176282
2040-01-02 20:00:00+00:00,0.9998717466791559,0.888466188595397
2040-01-02 21:00:00+00:00,0.9998738117451099,0.8884815131166355
2040-01-02 22:00:00+00:00,0.9998761322024482,0.8884966115591504
2040-01-02 23:00:00+00:00,0.9998786708253571,0.8885114962203937
2040-01-03 00:00:00+00:00,0.999881442637,0.8885261855358233
2040-01-03 01:00:00+00:00,0.9998844661385025,0.8885407060709853
2040-01-03 02:00:00+00:00,0.9998877723085812,0.8885550969878262
2040-01-03 03:00:00+00:00,0.9998913880345047,0.8885693960543057
2040-01-03 04:00:00+00:00,0.9998953417378844,0.8885837107685989
2040-01-03 05:00:00+00:00,0.999899684903533,0.8885979886772019
2040-01-03 06:00:00+00:00,0.9999044949170514,0.8886122908910075
2040-01-03 07:00:00+00:00,0.9999098745186439,0.8886264801243879
2040-01-03 08:00:00+00:00,0.9999159410819888,0.8886405424737608
2040-01-03 09:00:00+00:00,0.9999228795748224,0.8886544779022705
2040-01-03 10:00:00+00:00,0.9999272788271806,0.8886673899380944
2040-01-03 11:00:00+00:00,0.9999370450613657,0.8886811105121544
2040-01-03 12:00:00+00:00,0.9999495209305614,0.888694756923371
2040-01-03 13:00:00+00:00,0.9999570280729715,0.8887074615797013
2040-01-03 14:00:00+00:00,0.9999594915678155,0.8887197762360579
2040-01-03 15:00:00+00:00,0.9999591892696235,0.8887319324932076
2040-01-03 16:00:00+00:00,0.9999573146861398,0.8887439959941446
2040-01-03 17:00:00+00:00,0.9999558367255068,0.8887559986359237
2040-01-03 18:00:00+00:00,0.9999547048756886,0.8887679572793596
2040-01-03 19:00:00+00:00,0.9999538857511687,0.8887798660843136
2040-01-03 20:00:00+00:00,0.9999549008554888,0.8887917648015298
2040-01-03 21:00:00+00:00,0.9999562620571797,0.8888036319459833
2040-01-03 22:00:00+00:00,0.9999571439217554,0.8888154422475488
2040-01-03 23:00:00+00:00,0.999959359088811,0.8888272166633416
2040-01-04 00:00:00+00:00,0.9999621292188589,0.8888389455869644
2040-01-04 01:00:00+00:00,0.9999656154150794,0.888850634788522
2040-01-04 02:00:00+00:00,0.9999701163569912,0.888862272189129
2040-01-04 03:00:00+00:00,0.9999762472562451,0.8888738495145192
2040-01-04 04:00:00+00:00,0.9999857772273142,0.8888853702153111
2040-01-04 05:00:00+00:00,0.9999888721511574,0.888896807425719
2040-01-04 06:00:00+00:00,0.9999947336780403,0.8889082081761635
2040-01-04 07:00:00+00:00,0.9999911564897488,0.8889195217719719
2040-01-04 08:00:00+00:00,0.9999885820573374,0.8889307930757722
2040-01-04 09:00:00+00:00,0.9999881083724421,0.8889420280634616
2040-01-04 10:00:00+00:00,0.9999885109963474,0.8889532359065424
2040-01-04 11:00:00+00:00,0.9999893424683028,0.8889644119640353
2040-01-04 12:00:00+00:00,0.9999910740297628,0.8889755772553032
2040-01-04 13:00:00+00:00,0.999993463834883,0.8889867227770519
2040-01-04 14:00:00+00:00,0.9999994358555996,0.8889978486029345
2040-01-04 15:00:00+00:00,0.9999857160574513,0.8890089273644706
2040-01-04 16:00:00+00:00,0.9999789004393204,0.889019982040778
2040-01-04 17:00:00+00:00,0.9999739795437271,0.8890310247999978
2040-01-04 18:00:00+00:00,0.9999700402034084,0.8890420695626351
2040-01-04 19:00:00+00:00,0.9999667175928825,0.8890531024530305
2040-01-04 20:00:00+00:00,0.9999638287475789,0.8890641299459312
2040-01-04 21:00:00+00:00,0.9999612697619661,0.8890751571447923
2040-01-04 22:00:00+00:00,0.999958971884221,0.8890861815817197
2040-01-04 23:00:00+00:00,0.9999581140715603,0.8890972085587054
2040-01-05 00:00:00+00:00,0.9999573397450853,0.8891082385746022
2040-01-05 01:00:00+00:00,0.9999566446994118,0.8891192700413688
2040-01-05 02:00:00+00:00,0.9999560271629777,0.8891303022257763
2040-01-05 03:00:00+00:00,0.9999554795390341,0.8891413293610723
2040-01-05 04:00:00+00:00,0.9999549980302339,0.8891523551620244
2040-01-05 05:00:00+00:00,0.9999545677882641,0.8891633828098408
2040-01-05 06:00:00+00:00,0.9999533945647096,0.889174410166446
2040-01-05 07:00:00+00:00,0.9999523075650437,0.8891854417497259
2040-01-05 08:00:00+00:00,0.9999513016446423,0.8891964793939195
2040-01-05 09:00:00+00:00,0.9999503640992885,0.8892075195950528
2040-01-05 10:00:00+00:00,0.9999495089518295,0.8892185602208409
2040-01-05 11:00:00+00:00,0.9999487217779901,0.8892295963134847
2040-01-05 12:00:00+00:00,0.9999480008305646,0.8892406359378051
2040-01-05 13:00:00+00:00,0.9999473278890003,0.8892516782980767
2040-01-05 14:00:00+00:00,0.9999467166988326,0.8892627231770598
2040-01-05 15:00:00+00:00,0.9999461671601931,0.8892737712695352
2040-01-05 16:00:00+00:00,0.9999456679516177,0.8892848213639234
2040-01-05 17:00:00+00:00,0.9999452239094851,0.8892958750392187
2040-01-05 18:00:00+00:00,0.9999448303578287,0.8893069390453737
2040-01-05 19:00:00+00:00,0.9999445001752711,0.8893180050911487
2040-01-05 20:00:00+00:00,0.9999448768777299,0.8893290781786164
2040-01-05 21:00:00+00:00,0.9999453097143595,0.889340162712427
2040-01-05 22:00:00+00:00,0.9999457989393484,0.8893512714290125
2040-01-05 23:00:00+00:00,0.9999463467885337,0.8893623896326932
2040-01-06 00:00:00+00:00,0.9999469573606604,0.8893735153464393
2040-01-06 01:00:00+00:00,0.9999476316780749,0.889384656973904
2040-01-06 02:00:00+00:00,0.9999483706583358,0.8893958072864179
2040-01-06 03:00:00+00:00,0.9999491773796719,0.8894069637472444
2040-01-06 04:00:00+00:00,0.9999500569774078,0.8894181298734473
2040-01-06 05:00:00+00:00,0.9999510149854027,0.8894293105691318
2040-01-06 06:00:00+00:00,0.9999520570026473,0.8894405019666999
2040-01-06 07:00:00+00:00,0.9999531889804739,0.8894517070113024
2040-01-06 08:00:00+00:00,0.9999544085462772,0.8894629195240137
2040-01-06 09:00:00+00:00,0.9999557220844643,0.8894741357759967
2040-01-06 10:00:00+00:00,0.9999571478402925,0.8894853557198668
2040-01-06 11:00:00+00:00,0.9999586955478539,0.8894965799931525
2040-01-06 12:00:00+00:00,0.9999603859571572,0.8895078102817985
2040-01-06 13:00:00+00:00,0.9999614595430807,0.8895190466765234
2040-01-06 14:00:00+00:00,0.999961205286026,0.889530289338557
2040-01-06 15:00:00+00:00,0.8491654410041801,0.8895415376238515
2040-01-06 16:00:00+00:00,0.6974770030831146,0.8895527967420808
2040-01-06 17:00:00+00:00,0.554614085478587,0.8895640692560287
2040-01-06 18:00:00+00:00,0.39090125184499863,0.8895753508315243
2040-01-06 19:00:00+00:00,0.22340324552454946,0.88958664489967
2040-01-06 20:00:00+00:00,0.0643880821741834,0.8895979475796965
2040-01-06 21:00:00+00:00,0.06126646849168273,0.8896092621938613
2040-01-06 22:00:00+00:00,0.058356198285689026,0.8896205882659756
2040-01-06 23:00:00+00:00,0.055282546335884725,0.8896319255433027
2040-01-07 00:00:00+00:00,0.052007457898374715,0.8896432741688347
2040-01-07 01:00:00+00:00,0.04847175069301523,0.8896546362154655
2040-01-07 02:00:00+00:00,0.0447344984006264,0.8896660083248599
2040-01-07 03:00:00+00:00,0.04067242421612376,0.8896773899074112
2040-01-07 04:00:00+00:00,0.03612923457562666,0.8896887830149911
2040-01-07 05:00:00+00:00,0.030899961687915704,0.8897001913215514
2040-01-07 06:00:00+00:00,0.024627732264946647,0.889711614458908
2040-01-07 07:00:00+00:00,0.016268960900258398,0.889723053813403
2040-01-07 08:00:00+00:00,4.392223634705594e-05,0.8897345053038697
2040-01-07 09:00:00+00:00,4.3033263236163315e-05,0.8897459696238752
2040-01-07 10:00:00+00:00,4.202637155398334e-05,0.8897574448768051
2040-01-07 11:00:00+00:00,4.0937086140033425e-05,0.8897689306555328
2040-01-07 12:00:00+00:00,3.9761238321113204e-05,0.8897804280944297
2040-01-07 13:00:00+00:00,3.6604298058032185e-05,0.8897919357607621
2040-01-07 14:00:00+00:00,3.485464256835264e-05,0.8898034572324257
2040-01-07 15:00:00+00:00,3.0607701705006235e-05,0.8898149881588129
2040-01-07 16:00:00+00:00,2.548170293706267e-05,0.889826530667202
2040-01-07 17:00:00+00:00,1.8827428561425694e-05,0.8898380854816459
2040-01-07 18:00:00+00:00,7.708379409351828e-06,0.8898496524654201
2040-01-07 19:00:00+00:00,6.6252780501141924e-06,0.8898612347586042
2040-01-07 20:00:00+00:00,2.187731574323172e-05,0.8898728340299364
2040-01-07 21:00:00+00:00,2.3935254465515405e-05,0.889884446242112
2040-01-07 22:00:00+00:00,0.028826953023501238,0.8898960747415156
2040-01-07 23:00:00+00:00,0.08607221134349503,0.8899077172694848
2040-01-08 00:00:00+00:00,0.13612805330001967,0.8899193206625596
2040-01-08 01:00:00+00:00,0.1790936525892333,0.8899308597738624
2040-01-08 02:00:00+00:00,0.2173307429529455,0.8899423340540314
2040-01-08 03:00:00+00:00,0.252333499611461,0.8899537283496423
2040-01-08 04:00:00+00:00,0.2828574924567819,0.8899649704041614
2040-01-08 05:00:00+00:00,0.3096819631221258,0.8899759620642512
2040-01-08 06:00:00+00:00,0.3347116148883202,0.8899866207475322
2040-01-08 07:00:00+00:00,0.35890803280518796,0.8899970916243807
2040-01-08 08:00:00+00:00,0.3833993221805915,0.8900073722725753
2040-01-08 09:00:00+00:00,0.41037532080805467,0.890017462003959
2040-01-08 10:00:00+00:00,0.43779983206003353,0.8900270282814284
2040-01-08 11:00:00+00:00,0.4697616328394021,0.8900364130339674
2040-01-08 12:00:00+00:00,0.5030219805010243,0.8900456606988598
2040-01-08 13:00:00+00:00,0.5295720077439822,0.8900549492890524
2040-01-08 14:00:00+00:00,0.5513711122543183,0.8900643034355975
2040-01-08 15:00:00+00:00,0.5700875448449018,0.890073733632097
2040-01-08 16:00:00+00:00,0.58370058528058,0.8900832553545008
2040-01-08 17:00:00+00:00,0.6000100312155173,0.8900928734412198
2040-01-08 18:00:00+00:00,0.6211108932979855,0.8901025847704318
2040-01-08 19:00:00+00:00,0.6459923671752921,0.8901123925865534
2040-01-08 20:00:00+00:00,0.6736523365404181,0.8901222962360135
2040-01-08 21:00:00+00:00,0.7035800905418031,0.8901322945480133
2040-01-08 22:00:00+00:00,0.7351854566527624,0.8901423857530736
2040-01-08 23:00:00+00:00,0.7695555374479081,0.8901525691878398
2040-01-09 00:00:00+00:00,0.8077295099419609,0.8901628452919144
2040-01-09 01:00:00+00:00,0.85356806412293,0.8901732133835716
2040-01-09 02:00:00+00:00,0.9087789337404057,0.890183672046719
2040-01-09 03:00:00+00:00,0.9751267224659875,0.8901942192855608
2040-01-09 04:00:00+00:00,0.9929530060961713,0.8902048518274498
2040-01-09 05:00:00+00:00,0.9999785600396383,0.890215569646926
2040-01-09 06:00:00+00:00,0.9999830018533284,0.8902263704816833
2040-01-09 07:00:00+00:00,0.9999905230286629,0.8902372250395226
2040-01-09 08:00:00+00:00,0.9999910766718414,0.8902481566449675
2040-01-09 09:00:00+00:00,0.9999940693280231,0.8902591777972567
2040-01-09 10:00:00+00:00,0.999995066308388,0.8902702861630278
2040-01-09 11:00:00+00:00,0.9999968651836926,0.8902814893541166
2040-01-09 12:00:00+00:00,0.9999981456275042,0.8902928020962305
2040-01-09 13:00:00+00:00,0.9999994850452161,0.890304254499119
2040-01-09 14:00:00+00:00,0.9999997742005178,0.8903158755622957
2040-01-09 15:00:00+00:00,0.9863544501669513,0.890327649236118
2040-01-09 16:00:00+00:00,0.9789740288688723,0.8903395634846822
2040-01-09 17:00:00+00:00,0.9732928306025728,0.8903515809756442
2040-01-09 18:00:00+00:00,0.9686887188694594,0.8903636828314123
2040-01-09 19:00:00+00:00,0.9646839257385935,0.8903758641216926
2040-01-09 20:00:00+00:00,0.9610821766057701,0.8903881240622952
2040-01-09 21:00:00+00:00,0.9577798479549793,0.8904004643032409
2040-01-09 22:00:00+00:00,0.9547468167305005,0.8904128888843286
2040-01-09 23:00:00+00:00,0.9524092561653952,0.8904253922587475
2040-01-10 00:00:00+00:00,0.952405756145618,0.8904379743493835
2040-01-10 01:00:00+00:00,0.9524039701718633,0.8904506263347349
2040-01-10 02:00:00+00:00,0.9524021373841592,0.8904633416318951
2040-01-10 03:00:00+00:00,0.9523980891043706,0.8904761100341255
2040-01-10 04:00:00+00:00,0.9523935178956393,0.8904888972902777
2040-01-10 05:00:00+00:00,0.9503087115937012,0.890501718490851
2040-01-10 06:00:00+00:00,0.94829021885131,0.8905145545711682
2040-01-10 07:00:00+00:00,0.9463497554780571,0.8905274556279278
2040-01-10 08:00:00+00:00,0.9444751703119942,0.890540424889925
2040-01-10 09:00:00+00:00,0.9444734420016114,0.8905534723219706
2040-01-10 10:00:00+00:00,0.9444719512973817,0.8905666063879245
2040-01-10 11:00:00+00:00,0.9999974137461084,0.8905798262876033
2040-01-10 12:00:00+00:00,0.999996608380528,0.8905931014064863
2040-01-10 13:00:00+00:00,0.9999961193629979,0.8906064156062122
2040-01-10 14:00:00+00:00,0.9999958218570796,0.8906197688901808
2040-01-10 15:00:00+00:00,0.999995363507335,0.8906331660462785
2040-01-10 16:00:00+00:00,0.9999948352871886,0.8906466117440447
2040-01-10 17:00:00+00:00,0.9999944509431743,0.8906601055559192
2040-01-10 18:00:00+00:00,0.9999941736890868,0.8906736403950662
2040-01-10 19:00:00+00:00,0.9999942690573668,0.8906872214847791
2040-01-10 20:00:00+00:00,0.9999944527355369,0.890700842625762
2040-01-10 21:00:00+00:00,0.9999947332428595,0.8907145040481312
2040-01-10 22:00:00+00:00,0.9999951313539864,0.8907282123988959
2040-01-10 23:00:00+00:00,0.9999956715360426,0.8907419710221967
2040-01-11 00:00:00+00:00,0.999996126049118,0.8907557792694443
2040-01-11 01:00:00+00:00,0.999996090274253,0.8907696355154253
2040-01-11 02:00:00+00:00,0.9999959674891126,0.8907835455637387
2040-01-11 03:00:00+00:00,0.9865494032209556,0.8907975126710801
2040-01-11 04:00:00+00:00,0.9674741216668434,0.8908115363177446
2040-01-11 05:00:00+00:00,0.9548555414113228,0.8908256151000291
2040-01-11 06:00:00+00:00,0.9446683946454182,0.8908397424795986
2040-01-11 07:00:00+00:00,0.6892972794543857,0.8908539262872818
2040-01-11 08:00:00+00:00,0.6807053764874357,0.8908681673534024
2040-01-11 09:00:00+00:00,0.6726318170202865,0.8908824643037078
2040-01-11 10:00:00+00:00,0.6700108320667204,0.8908968140285086
2040-01-11 11:00:00+00:00,0.667606534812352,0.8909112187484415
2040-01-11 12:00:00+00:00,0.664869324609689,0.8909256726047252
2040-01-11 13:00:00+00:00,0.656814261882613,0.890940179958964
2040-01-11 14:00:00+00:00,0.6488081790996604,0.8909547469286384
2040-01-11 15:00:00+00:00,0.6400589257321266,0.890969380158553
2040-01-11 16:00:00+00:00,0.3791316484650518,0.890984076548238
2040-01-11 17:00:00+00:00,0.11781982699359593,0.8909988241026181
2040-01-11 18:00:00+00:00,0.08678996377965659,0.8910136123083646
2040-01-11 19:00:00+00:00,0.07701771340708187,0.8910284424019075
2040-01-11 20:00:00+00:00,0.06649584501766007,0.8910433094316427
2040-01-11 21:00:00+00:00,0.054491011858507916,0.8910582107150634
2040-01-11 22:00:00+00:00,0.039874200857207616,0.8910731476728126
2040-01-11 23:00:00+00:00,0.021317177031091893,0.8910881172490694
2040-01-12 00:00:00+00:00,0.018240909801207926,0.8911031175870874
2040-01-12 01:00:00+00:00,0.007248417187177712,0.8911181486792604
2040-01-12 02:00:00+00:00,7.466979197656333e-06,0.8911332105311512
2040-01-12 03:00:00+00:00,6.496574115112461e-06,0.8911483063313645
2040-01-12 04:00:00+00:00,2.1571220734426757e-07,0.8911634330106274
2040-01-12 05:00:00+00:00,7.709503547819288e-07,0.8911785908970963
2040-01-12 06:00:00+00:00,8.217144141912882e-07,0.8911937801657224
2040-01-12 07:00:00+00:00,5.540853179203295e-07,0.8912089968990555
2040-01-12 08:00:00+00:00,1.4032148287025825e-06,0.8912242432065329
2040-01-12 09:00:00+00:00,0.014727463331339095,0.8912395195951387
2040-01-12 10:00:00+00:00,0.21310749994329073,0.891254827851429
2040-01-12 11:00:00+00:00,0.4114889561135271,0.8912701854984241
2040-01-12 12:00:00+00:00,0.6098704177192487,0.8912855706238187
2040-01-12 13:00:00+00:00,0.808247287620694,0.8913009660094652
2040-01-12 14:00:00+00:00,0.8181097012077955,0.8913163913975234
2040-01-12 15:00:00+00:00,0.8181150403745665,0.8913318473628374
2040-01-12 16:00:00+00:00,0.8181179463802994,0.8913473351905757
2040-01-12 17:00:00+00:00,0.8181208457772338,0.8913628544441625
2040-01-12 18:00:00+00:00,0.8181237448604457,0.8913783986338066
2040-01-12 19:00:00+00:00,0.8181266433065535,0.8913939767732314
2040-01-12 20:00:00+00:00,0.8181295462871692,0.8914095821604942
2040-01-12 21:00:00+00:00,0.8181324569250495,0.8914252103286003
2040-01-12 22:00:00+00:00,0.818135963697915,0.8914408510698505
2040-01-12 23:00:00+00:00,0.8181388820161127,0.8914565136508261
2040-01-13 00:00:00+00:00,0.8181417877257173,0.8914721991884467
2040-01-13 01:00:00+00:00,0.8181444022601055,0.891487901699245
2040-01-13 02:00:00+00:00,0.8181472970576407,0.891503626808605
2040-01-13 03:00:00+00:00,0.8181502080301498,0.8915193761202259
2040-01-13 04:00:00+00:00,0.8181531089699978,0.8915351464635577
2040-01-13 05:00:00+00:00,0.8181561944704955,0.8915509333176357
2040-01-13 06:00:00+00:00,0.8181590794896922,0.8915667393992719
2040-01-13 07:00:00+00:00,0.8181620125598011,0.8915825629892362
2040-01-13 08:00:00+00:00,0.8198816724315132,0.8915984092944902
2040-01-13 09:00:00+00:00,0.8221407716464293,0.8916142802928939
2040-01-13 10:00:00+00:00,0.8238699057040068,0.8916301759459614
2040-01-13 11:00:00+00:00,0.8797935205421332,0.89164609581495
2040-01-13 12:00:00+00:00,0.9931564416672287,0.891662037933342
2040-01-13 13:00:00+00:00,0.9954746875931967,0.8916780019716395
2040-01-13 14:00:00+00:00,0.9999996694358348,0.8916939867060665
2040-01-13 15:00:00+00:00,0.999999459851186,0.8917099856329823
2040-01-13 16:00:00+00:00,0.9999971763601414,0.891726000247444
2040-01-13 17:00:00+00:00,0.9974172472641498,0.8917420297268572
2040-01-13 18:00:00+00:00,0.9974146237371514,0.8917580791463864
2040-01-13 19:00:00+00:00,0.9887808874688625,0.8917741456299373
2040-01-13 20:00:00+00:00,0.9803702259020186,0.8917902323769631
2040-01-13 21:00:00+00:00,0.9740585847026937,0.8918063359226308
2040-01-13 22:00:00+00:00,0.9688557788442942,0.8918224565232965
2040-01-13 23:00:00+00:00,0.9643369230039341,0.8918385943884002
2040-01-14 00:00:00+00:00,0.9602874045860879,0.8918547471816024
2040-01-14 01:00:00+00:00,0.9565503870210041,0.8918709128334048
2040-01-14 02:00:00+00:00,0.9530397383757117,0.8918870938138237
2040-01-14 03:00:00+00:00,0.9290135551351816,0.8919032909979903
2040-01-14 04:00:00+00:00,0.9247100356181635,0.8919195024232955
2040-01-14 05:00:00+00:00,0.6813310998401881,0.8919357243622816
2040-01-14 06:00:00+00:00,0.4168239475290721,0.8919519567735346
2040-01-14 07:00:00+00:00,0.1523166144780423,0.8919681982352158
2040-01-14 08:00:00+00:00,0.005742211726157625,0.8919844525098591
2040-01-14 09:00:00+00:00,9.84511892944654e-07,0.8920007198606711
2040-01-14 10:00:00+00:00,8.583099287975156e-06,0.8920170022848829
2040-01-14 11:00:00+00:00,0.011896675870474339,0.8920332981661999
2040-01-14 12:00:00+00:00,0.018333273215547213,0.892049605870849
2040-01-14 13:00:00+00:00,0.023313361977875684,0.8920659260600676
2040-01-14 14:00:00+00:00,0.02729812391106125,0.8920822562890336
2040-01-14 15:00:00+00:00,0.027299985442016235,0.8920985968586088
2040-01-14 16:00:00+00:00,0.027301844022111808,0.8921149464477213
2040-01-14 17:00:00+00:00,0.027323420446278158,0.8921313075184599
2040-01-14 18:00:00+00:00,0.029932781621408645,0.8921476771301791
2040-01-14 19:00:00+00:00,0.03233770549883842,0.892164053429413
2040-01-14 20:00:00+00:00,0.034601034771897916,0.8921804384369006
2040-01-14 21:00:00+00:00,0.22178040328402732,0.8921968304042356
2040-01-14 22:00:00+00:00,0.4094947568392465,0.8922132282873777
2040-01-14 23:00:00+00:00,0.5972054166956342,0.8922296325980239
2040-01-15 00:00:00+00:00,0.785439944030126,0.8922460434256256
2040-01-15 01:00:00+00:00,0.9730032716738743,0.8922624595905724
2040-01-15 02:00:00+00:00,0.9754054584607039,0.8922788787460652
2040-01-15 03:00:00+00:00,0.9778350858631587,0.8922953017776116
2040-01-15 04:00:00+00:00,0.9804469970617798,0.8923117273649308
2040-01-15 05:00:00+00:00,0.9804696288741119,0.8923281559018601
2040-01-15 06:00:00+00:00,0.9804716165370473,0.892344583863656
2040-01-15 07:00:00+00:00,0.9804735956331398,0.8923610094762566
2040-01-15 08:00:00+00:00,0.9804755444003723,0.8923774351867422
2040-01-15 09:00:00+00:00,0.9877719459594619,0.8923938628913962
2040-01-15 10:00:00+00:00,0.9999918244124352,0.8924102916923918
2040-01-15 11:00:00+00:00,0.9999998313363675,0.892426720265693
2040-01-15 12:00:00+00:00,0.9999994550963159,0.8924431474883838
2040-01-15 13:00:00+00:00,0.9999992870823372,0.8924595749473982
2040-01-15 14:00:00+00:00,0.9999997917144563,0.8924760017497971
2040-01-15 15:00:00+00:00,0.9999984207292265,0.892492426816497
2040-01-15 16:00:00+00:00,0.9999978147739842,0.8925088513247602
2040-01-15 17:00:00+00:00,0.9999974275329958,0.8925252745837751
2040-01-15 18:00:00+00:00,0.9999971521244616,0.8925416974448784
2040-01-15 19:00:00+00:00,0.9999969754858716,0.8925581171945312
2040-01-15 20:00:00+00:00,0.9999969609994351,0.8925745340821236
2040-01-15 21:00:00+00:00,0.9999970237036089,0.892590948817362
2040-01-15 22:00:00+00:00,0.9999971329387796,0.8926073609312887
2040-01-15 23:00:00+00:00,0.9999973186794955,0.8926237709740251
2040-01-16 00:00:00+00:00,0.9999976449816737,0.8926401769291713
2040-01-16 01:00:00+00:00,0.9999981568428756,0.8926565788107965
2040-01-16 02:00:00+00:00,0.9999988627985553,0.8926729767690773
2040-01-16 03:00:00+00:00,1.0,0.8926893698584336
2040-01-16 04:00:00+00:00,0.9417298371590527,0.8927057566274823
2040-01-16 05:00:00+00:00,0.9068048460588757,0.8927221373828268
2040-01-16 06:00:00+00:00,0.8794311357750499,0.8927385120427126
2040-01-16 07:00:00+00:00,0.8558875419980976,0.8927548791410767
2040-01-16 08:00:00+00:00,0.8358625257654002,0.8927712387045011
2040-01-16 09:00:00+00:00,0.8358622440634297,0.8927875883304818
2040-01-16 10:00:00+00:00,0.8358619608547554,0.8928039268877804
2040-01-16 11:00:00+00:00,0.8358616760728739,0.8928202471247257
2040-01-16 12:00:00+00:00,0.835861392342825,0.8928365298485569
2040-01-16 13:00:00+00:00,0.8358611106614039,0.8928527416327177
2040-01-16 14:00:00+00:00,0.8358608126236324,0.892868850936737
2040-01-16 15:00:00+00:00,0.8214656923694105,0.8928848735116243
2040-01-16 16:00:00+00:00,0.807168102639779,0.8929008241125492
2040-01-16 17:00:00+00:00,0.7727173258424094,0.8929167388733475
2040-01-16 18:00:00+00:00,0.5108496784303865,0.8929326362308131
2040-01-16 19:00:00+00:00,0.4978519745631092,0.8929485194704478
2040-01-16 20:00:00+00:00,0.4855228487966881,0.892964388259678
2040-01-16 21:00:00+00:00,0.48551235048577807,0.8929802408640088
2040-01-16 22:00:00+00:00,0.48551207114942496,0.8929960722796239
2040-01-16 23:00:00+00:00,0.485511723537575,0.8930118859408088
2040-01-17 00:00:00+00:00,0.4855113181109344,0.8930276794844565
2040-01-17 01:00:00+00:00,0.4855109720515306,0.8930434563662698
2040-01-17 02:00:00+00:00,0.48551066819018496,0.8930592132469894
2040-01-17 03:00:00+00:00,0.4855101383109778,0.8930749495264316
2040-01-17 04:00:00+00:00,0.47241081856126843,0.8930906660750134
2040-01-17 05:00:00+00:00,0.45915630742595204,0.8931063644920367
2040-01-17 06:00:00+00:00,0.44068272743335135,0.8931220443903949
2040-01-17 07:00:00+00:00,0.24531093265642256,0.8931377011615075
2040-01-17 08:00:00+00:00,0.2315344296592746,0.8931533355247258
2040-01-17 09:00:00+00:00,0.21797019434509202,0.8931689379667912
2040-01-17 10:00:00+00:00,0.21527069485886371,0.8931844994492314
2040-01-17 11:00:00+00:00,0.20775503380539515,0.8932000171191623
2040-01-17 12:00:00+00:00,0.19426161090248262,0.8932155110948385
2040-01-17 13:00:00+00:00,0.17923863811538696,0.8932309851476087
2040-01-17 14:00:00+00:00,0.16139426958797695,0.8932464363376065
2040-01-17 15:00:00+00:00,0.1411067271326418,0.8932618702896435
2040-01-17 16:00:00+00:00,0.11724749521008167,0.893277285236029
2040-01-17 17:00:00+00:00,0.08806450338199649,0.8932926810934186
2040-01-17 18:00:00+00:00,0.052424796268582825,0.893308058712704
2040-01-17 19:00:00+00:00,2.4634636396457736e-08,0.8933234168019355
2040-01-17 20:00:00+00:00,2.89839070738868e-07,0.8933387570117692
2040-01-17 21:00:00+00:00,7.637792322282029e-07,0.8933540771126272
2040-01-17 22:00:00+00:00,5.238113058945794e-07,0.8933693751645969
2040-01-17 23:00:00+00:00,2.668538565451336e-07,0.893384650753173
2040-01-18 00:00:00+00:00,2.1372294143793047e-07,0.8933999042785546
2040-01-18 01:00:00+00:00,2.105933828181683e-06,0.893415138290192
2040-01-18 02:00:00+00:00,2.3816007911509377e-06,0.8934303479563072
2040-01-18 03:00:00+00:00,3.204588910867847e-06,0.8934455349675043
2040-01-18 04:00:00+00:00,3.877069593940652e-06,0.893460698509414
2040-01-18 05:00:00+00:00,3.861073033829809e-06,0.8934758373338457
2040-01-18 06:00:00+00:00,3.1415096825346553e-06,0.8934909510448719
2040-01-18 07:00:00+00:00,5.385119600472696e-07,0.8935060342017285
2040-01-18 08:00:00+00:00,0.0013541052362411206,0.8935211181515089
2040-01-18 09:00:00+00:00,0.031206082182226175,0.893536172311676
2040-01-18 10:00:00+00:00,0.06098685563100892,0.8935511943990333
2040-01-18 11:00:00+00:00,0.09539542112535053,0.8935661836073331
2040-01-18 12:00:00+00:00,0.12920691813330534,0.8935811356681994
2040-01-18 13:00:00+00:00,0.1588197651235151,0.8935960498170639
2040-01-18 14:00:00+00:00,0.1845442745837602,0.8936109207232544
2040-01-18 15:00:00+00:00,0.20871911124881987,0.8936257440428172
2040-01-18 16:00:00+00:00,0.23240015776000827,0.8936405234183095
2040-01-18 17:00:00+00:00,0.2554336823696209,0.8936552644036059
2040-01-18 18:00:00+00:00,0.2784003668842202,0.8936699702808079
2040-01-18 19:00:00+00:00,0.29945079693859833,0.89368464657633
2040-01-18 20:00:00+00:00,0.3001830769001865,0.8936992938798858
2040-01-18 21:00:00+00:00,0.3009102997531973,0.8937139121389219
2040-01-18 22:00:00+00:00,0.30355747598617633,0.8937285006695069
2040-01-18 23:00:00+00:00,0.3116454364600515,0.8937430597351179
2040-01-19 00:00:00+00:00,0.31165055891065113,0.8937575849364228
2040-01-19 01:00:00+00:00,0.3116556628450389,0.893772082522881
2040-01-19 02:00:00+00:00,0.32250332426650463,0.8937865580010167
2040-01-19 03:00:00+00:00,0.33773306177360113,0.8938010057414615
2040-01-19 04:00:00+00:00,0.3537417246958901,0.8938154258703691
2040-01-19 05:00:00+00:00,0.3678100637475787,0.893829818264822
2040-01-19 06:00:00+00:00,0.3834225297301146,0.893844181566662
2040-01-19 07:00:00+00:00,0.3988754349838227,0.8938585176418214
2040-01-19 08:00:00+00:00,0.4145162298226686,0.8938728257840001
2040-01-19 09:00:00+00:00,0.4298979050994534,0.8938871072522615
2040-01-19 10:00:00+00:00,0.4447299209767011,0.8939013594531056
2040-01-19 11:00:00+00:00,0.458626609071689,0.8939155824967957
2040-01-19 12:00:00+00:00,0.47296518839327883,0.8939297759128711
2040-01-19 13:00:00+00:00,0.4872121478050193,0.8939439388797649
2040-01-19 14:00:00+00:00,0.501563438683343,0.893958069786388
2040-01-19 15:00:00+00:00,0.5160982070210514,0.8939721671999984
2040-01-19 16:00:00+00:00,0.5306409260110819,0.8939862305481976
2040-01-19 17:00:00+00:00,0.5458114576389038,0.894000259521121
2040-01-19 18:00:00+00:00,0.5612962044552597,0.8940142553661717
2040-01-19 19:00:00+00:00,0.5769445619873627,0.8940282142631807
2040-01-19 20:00:00+00:00,0.592850456735884,0.8940421400948301
2040-01-19 21:00:00+00:00,0.6090820799254606,0.8940560326877864
2040-01-19 22:00:00+00:00,0.6251757617313393,0.8940698936617333
2040-01-19 23:00:00+00:00,0.6416652255673834,0.8940837231393093
2040-01-20 00:00:00+00:00,0.6583805524431915,0.8940975214203504
2040-01-20 01:00:00+00:00,0.6758888707792576,0.8941112876521612
2040-01-20 02:00:00+00:00,0.6939919729466066,0.8941250213099109
2040-01-20 03:00:00+00:00,0.7127117823183811,0.8941387224442169
2040-01-20 04:00:00+00:00,0.7320823189015552,0.8941523912490104
2040-01-20 05:00:00+00:00,0.7523746211921549,0.8941660284180005
2040-01-20 06:00:00+00:00,0.7737005096673892,0.8941796333560713
2040-01-20 07:00:00+00:00,0.7964910758056608,0.8941932123998984
2040-01-20 08:00:00+00:00,0.8213338018357441,0.8942067685564111
2040-01-20 09:00:00+00:00,0.8488241742411184,0.8942203206641111
2040-01-20 10:00:00+00:00,0.8746955244979098,0.8942338948968722
2040-01-20 11:00:00+00:00,0.9044785850397179,0.8942474914362112
2040-01-20 12:00:00+00:00,0.9402321658742758,0.8942610784399418
2040-01-20 13:00:00+00:00,0.9828714085080952,0.8942746378877444
2040-01-20 14:00:00+00:00,0.9993129652498111,0.8942881660267551
2040-01-20 15:00:00+00:00,0.9999859000061212,0.8943016689503559
2040-01-20 16:00:00+00:00,0.9999878445903153,0.8943151411286552
2040-01-20 17:00:00+00:00,0.9999910559843621,0.8943285939827682
2040-01-20 18:00:00+00:00,0.9999986444615896,0.8943420255706952
2040-01-20 19:00:00+00:00,0.9999904968208788,0.8943554012867588
2040-01-20 20:00:00+00:00,0.9999856068158511,0.8943687394028638
2040-01-20 21:00:00+00:00,0.9999823444125715,0.8943820400109145
2040-01-20 22:00:00+00:00,0.9999798517997672,0.8943953031140054
2040-01-20 23:00:00+00:00,0.9999778555716115,0.8944085284148303
2040-01-21 00:00:00+00:00,0.9999761644622662,0.8944217167027296
2040-01-21 01:00:00+00:00,0.9999747475537017,0.8944348681566894
2040-01-21 02:00:00+00:00,0.9999735737388378,0.8944479830054989
2040-01-21 03:00:00+00:00,0.9999725864459594,0.8944610608714894
2040-01-21 04:00:00+00:00,0.9999721613814593,0.8944741018110908
2040-01-21 05:00:00+00:00,0.9999718575957113,0.8944871050482892
2040-01-21 06:00:00+00:00,0.9999720762791187,0.8945000713578292
2040-01-21 07:00:00+00:00,0.9999724276817579,0.8945130001611753
2040-01-21 08:00:00+00:00,0.9999729250579604,0.894525890466684
2040-01-21 09:00:00+00:00,0.9999735669989748,0.8945387420157216
2040-01-21 10:00:00+00:00,0.9999743617504624,0.8945515554528248
2040-01-21 11:00:00+00:00,0.9999753279433252,0.8945643305401663
2040-01-21 12:00:00+00:00,0.9999764982979799,0.8945770670062244
2040-01-21 13:00:00+00:00,0.9999774164383416,0.8945897644905647
2040-01-21 14:00:00+00:00,0.9999785307231861,0.894602422863814
2040-01-21 15:00:00+00:00,0.9999806543159994,0.8946150444729636
2040-01-21 16:00:00+00:00,0.9999797635382501,0.8946276253307278
2040-01-21 17:00:00+00:00,0.9999790149086458,0.8946401647451084
2040-01-21 18:00:00+00:00,0.9999784226428486,0.8946526648398752
2040-01-21 19:00:00+00:00,0.9999786615071748,0.894665127145892
2040-01-21 20:00:00+00:00,0.9999790606495079,0.8946775499957089
2040-01-21 21:00:00+00:00,0.9999786160973368,0.8946899314985611
2040-01-21 22:00:00+00:00,0.9999785311729372,0.8947022733573247
2040-01-21 23:00:00+00:00,0.9999785652134088,0.8947145749386916
2040-01-22 00:00:00+00:00,0.9999792345095673,0.8947268367901254
2040-01-22 01:00:00+00:00,0.9999795143378258,0.8947390564672232
2040-01-22 02:00:00+00:00,0.9999792499125335,0.8947512336778133
2040-01-22 03:00:00+00:00,0.9999794886332096,0.8947633707792932
2040-01-22 04:00:00+00:00,0.9999798632844862,0.894775466938528
2040-01-22 05:00:00+00:00,0.9999799585319514,0.8947875211269601
2040-01-22 06:00:00+00:00,0.9999801772736161,0.8947995336087711
2040-01-22 07:00:00+00:00,0.9999805236758941,0.8948115037247083
2040-01-22 08:00:00+00:00,0.9999809859935883,0.8948234317442636
2040-01-22 09:00:00+00:00,0.9999828919481804,0.8948353185682859
2040-01-22 10:00:00+00:00,0.9999852974254001,0.8948471638940971
2040-01-22 11:00:00+00:00,0.9999885480487886,0.8948589687196646
2040-01-22 12:00:00+00:00,0.9999938259999489,0.8948707302717201
2040-01-22 13:00:00+00:00,0.9999965025421207,0.8948824482699148
2040-01-22 14:00:00+00:00,0.9999985163030863,0.8948941230392307
2040-01-22 15:00:00+00:00,0.9999945481932064,0.8949057515763498
2040-01-22 16:00:00+00:00,0.9999925511270328,0.8949173365123344
2040-01-22 17:00:00+00:00,0.9999911982391521,0.8949288769245385
2040-01-22 18:00:00+00:00,0.9999901988949845,0.8949403734786385
2040-01-22 19:00:00+00:00,0.9999894317365866,0.8949518266208424
2040-01-22 20:00:00+00:00,0.9999893316187497,0.8949632371393779
2040-01-22 21:00:00+00:00,0.9999893644850377,0.8949746034104518
2040-01-22 22:00:00+00:00,0.9999895282137818,0.8949859274400924
2040-01-22 23:00:00+00:00,0.9999898297822997,0.8949972075639305
2040-01-23 00:00:00+00:00,0.9999902832968934,0.8950084435888016
2040-01-23 01:00:00+00:00,0.9999909201516229,0.8950196346698265
2040-01-23 02:00:00+00:00,0.9999918054608397,0.8950307815819766
2040-01-23 03:00:00+00:00,0.9999931041575234,0.8950418845388807
2040-01-23 04:00:00+00:00,0.9999930213276702,0.8950529425827946
2040-01-23 05:00:00+00:00,0.9999924400347042,0.8950639554991189
2040-01-23 06:00:00+00:00,0.9999921215714943,0.8950749241132591
2040-01-23 07:00:00+00:00,0.999991946299861,0.8950858482569107
2040-01-23 08:00:00+00:00,0.9999923414351237,0.8950967282855664
2040-01-23 09:00:00+00:00,0.9999928928276199,0.8951075635645832
2040-01-23 10:00:00+00:00,0.9999936850579545,0.895118353737056
2040-01-23 11:00:00+00:00,0.9999940826570998,0.8951290986619859
2040-01-23 12:00:00+00:00,0.9999958570906807,0.8951397997594028
2040-01-23 13:00:00+00:00,0.9999998432015093,0.8951504578432358
2040-01-23 14:00:00+00:00,0.9999996841088578,0.8951610706025432
2040-01-23 15:00:00+00:00,0.9999982968290827,0.8951716373753379
2040-01-23 16:00:00+00:00,0.9999972582526804,0.8951821577397074
2040-01-23 17:00:00+00:00,0.9999966064743759,0.8951926322973218
2040-01-23 18:00:00+00:00,0.9999962161562074,0.8952030606517775
2040-01-23 19:00:00+00:00,0.9999959810628057,0.8952134425213156
2040-01-23 20:00:00+00:00,0.9999959391346217,0.8952237775794814
2040-01-23 21:00:00+00:00,0.9999959092550492,0.8952340660309002
2040-01-23 22:00:00+00:00,0.9999959755561968,0.8952443075570493
2040-01-23 23:00:00+00:00,0.9999961163229221,0.8952545030929218
2040-01-24 00:00:00+00:00,0.9999963391009611,0.895264650520904
2040-01-24 01:00:00+00:00,0.9999966443164834,0.8952747496168397
2040-01-24 02:00:00+00:00,0.9999970528412535,0.8952848010822415
2040-01-24 03:00:00+00:00,0.9999975815418719,0.8952948045776165
2040-01-24 04:00:00+00:00,0.9792788187451755,0.8953047597495045
2040-01-24 05:00:00+00:00,0.9655490013680577,0.8953146658391129
2040-01-24 06:00:00+00:00,0.9552068584784634,0.8953245218775198
2040-01-24 07:00:00+00:00,0.9467254536010181,0.8953343299463257
2040-01-24 08:00:00+00:00,0.9467231417944497,0.8953440902485288
2040-01-24 09:00:00+00:00,0.9467220947222017,0.895353802257066
2040-01-24 10:00:00+00:00,0.9467210405154549,0.8953634653995223
2040-01-24 11:00:00+00:00,0.9467199867193655,0.8953730801946812
2040-01-24 12:00:00+00:00,0.9467189327050536,0.8953826465214322
2040-01-24 13:00:00+00:00,0.9467167576815666,0.8953921644102563
2040-01-24 14:00:00+00:00,0.9414500910041547,0.8954016334595538
2040-01-24 15:00:00+00:00,0.8532222844662093,0.8954110530980117
2040-01-24 16:00:00+00:00,0.5944407849883255,0.8954204247756694
2040-01-24 17:00:00+00:00,0.33553016219419557,0.8954297480917999
2040-01-24 18:00:00+00:00,0.33049509988486314,0.8954390228750115
2040-01-24 19:00:00+00:00,0.3254496372852742,0.8954482486889399
2040-01-24 20:00:00+00:00,0.3203131289483137,0.8954574253862049
2040-01-24 21:00:00+00:00,0.31516213100504603,0.8954665520542399
2040-01-24 22:00:00+00:00,0.30997912302559205,0.8954756289684586
2040-01-24 23:00:00+00:00,0.3050830761359418,0.8954846563335672
2040-01-25 00:00:00+00:00,0.30352022546377316,0.8954936336976442
2040-01-25 01:00:00+00:00,0.3027518764572642,0.8955025605892325
2040-01-25 02:00:00+00:00,0.29739699656202573,0.8955114373326931
2040-01-25 03:00:00+00:00,0.2920294015855091,0.895520264095355
2040-01-25 04:00:00+00:00,0.04280730259917604,0.8955290405945023
2040-01-25 05:00:00+00:00,0.03660906218804526,0.8955377670273162
2040-01-25 06:00:00+00:00,0.029082347026725807,0.895546442682931
2040-01-25 07:00:00+00:00,0.018986811549092944,0.89555506775489
2040-01-25 08:00:00+00:00,8.393474824164105e-08,0.8955636419339766
2040-01-25 09:00:00+00:00,7.114357794861924e-07,0.8955721703176895
2040-01-25 10:00:00+00:00,1.964817277494009e-06,0.8955806488716397
2040-01-25 11:00:00+00:00,3.0473661886435286e-06,0.8955890769702674
2040-01-25 12:00:00+00:00,3.4935228130496943e-06,0.8955974538227143
2040-01-25 13:00:00+00:00,3.1357407420446514e-06,0.8956057797935094
2040-01-25 14:00:00+00:00,2.256089709943944e-06,0.895614054272109
2040-01-25 15:00:00+00:00,1.8446084362720292e-07,0.8956222774994194
2040-01-25 16:00:00+00:00,2.7442438433604822e-06,0.8956304863274674
2040-01-25 17:00:00+00:00,1.3428014563965138e-06,0.8956386436515192
2040-01-25 18:00:00+00:00,3.290261447521605e-05,0.8956491411944818
2040-01-25 19:00:00+00:00,4.8251831557486975e-05,0.8957184944219466
2040-01-25 20:00:00+00:00,5.912039357888688e-05,0.895787723500975
2040-01-25 21:00:00+00:00,6.760446370954553e-05,0.8958577270363114
2040-01-25 22:00:00+00:00,7.458752939922943e-05,0.8959270917734405
2040-01-25 23:00:00+00:00,8.049670781676001e-05,0.8959973550059308
2040-01-26 00:00:00+00:00,8.564360971995343e-05,0.8960692705840179
2040-01-26 01:00:00+00:00,9.017180141485901e-05,0.8961409459647228
2040-01-26 02:00:00+00:00,9.419984041211629e-05,0.8962285373218247
2040-01-26 03:00:00+00:00,9.780259153090734e-05,0.8963169169387715
2040-01-26 04:00:00+00:00,0.00010933430005941742,0.8964543833289095
2040-01-26 05:00:00+00:00,0.00011228739565018058,0.8965415695318153
2040-01-26 06:00:00+00:00,0.00012110699153251654,0.8966789307265882
2040-01-26 07:00:00+00:00,0.00012355509694801506,0.8967548187205875
2040-01-26 08:00:00+00:00,0.0001257592459796839,0.8968350145580427
2040-01-26 09:00:00+00:00,0.0001277183795557323,0.8969215612663393
2040-01-26 10:00:00+00:00,0.0001294804160182224,0.8969900283819947
2040-01-26 11:00:00+00:00,0.00013106217088749492,0.8970575136519038
2040-01-26 12:00:00+00:00,0.00013246385822173514,0.8971242504087249
2040-01-26 13:00:00+00:00,0.00013371350542058842,0.897191234376904
2040-01-26 14:00:00+00:00,0.0001348156285193007,0.8972574529935161
2040-01-26 15:00:00+00:00,0.00013579392615317565,0.8973251867515029
2040-01-26 16:00:00+00:00,0.00013662835408964985,0.8973932051001605
2040-01-26 17:00:00+00:00,0.0001372980548388055,0.8974611355793237
2040-01-26 18:00:00+00:00,0.00013781970772762712,0.8975291105288964
2040-01-26 19:00:00+00:00,0.00013819815573190116,0.8975973909565235
2040-01-26 20:00:00+00:00,0.00013841772013102718,0.8976658806938966
2040-01-26 21:00:00+00:00,0.0001384757729091615,0.897734699648007
2040-01-26 22:00:00+00:00,0.0001384256257802315,0.8978215488169009
2040-01-26 23:00:00+00:00,0.00013823402573185463,0.897909917769312
2040-01-27 00:00:00+00:00,0.00013993388894152018,0.8980463176777959
2040-01-27 01:00:00+00:00,0.00014145891239233886,0.8981826644702517
2040-01-27 02:00:00+00:00,0.00014280945200534692,0.8983189596538821
2040-01-27 03:00:00+00:00,0.0001440040186692092,0.8984552135680853
2040-01-27 04:00:00+00:00,0.00014503632171256942,0.8985914288308121
2040-01-27 05:00:00+00:00,0.00014591404963427968,0.8987276118945611
2040-01-27 06:00:00+00:00,0.0001466429274118095,0.8988637582916563
2040-01-27 07:00:00+00:00,0.0001472274916186926,0.898999855859683
2040-01-27 08:00:00+00:00,0.00014765002609045676,0.8991359024462298
2040-01-27 09:00:00+00:00,0.000147924518739049,0.8992718929660434
2040-01-27 10:00:00+00:00,0.0001480515014169376,0.8994078507445986
2040-01-27 11:00:00+00:00,0.0001480415118645294,0.8995438519029976
2040-01-27 12:00:00+00:00,0.00014788992430686304,0.899679919093891
2040-01-27 13:00:00+00:00,0.00014759707789127483,0.8998160272488699
2040-01-27 14:00:00+00:00,0.00014714969916230906,0.8999521743282952
2040-01-27 15:00:00+00:00,0.00014458373467231015,0.9000644803185824
2040-01-27 16:00:00+00:00,0.00014181122804693576,0.9001510589896744
2040-01-27 17:00:00+00:00,0.0001388061910463139,0.9002376262804695
2040-01-27 18:00:00+00:00,0.00013556291998013955,0.9003242066105516
2040-01-27 19:00:00+00:00,0.000132073630431919,0.9004108432428245
2040-01-27 20:00:00+00:00,0.00012828859014940924,0.900497763348263
2040-01-27 21:00:00+00:00,0.0001241841548429415,0.9005846611835611
2040-01-27 22:00:00+00:00,0.00011971825147149683,0.9006718241477399
2040-01-27 23:00:00+00:00,0.00011479888551205602,0.9007593074804874
2040-01-28 00:00:00+00:00,0.00010939715999415774,0.9008466358761924
2040-01-28 01:00:00+00:00,0.00010344521481923483,0.9009334582384858
2040-01-28 02:00:00+00:00,9.678936738446955e-05,0.9010203491241034
2040-01-28 03:00:00+00:00,8.92883530254694e-05,0.9011070476524734
2040-01-28 04:00:00+00:00,8.064384349097491e-05,0.901193661841858
2040-01-28 05:00:00+00:00,7.037970478575866e-05,0.9012800888162072
2040-01-28 06:00:00+00:00,5.753339620552095e-05,0.9013664456307596
2040-01-28 07:00:00+00:00,3.9558593227609894e-05,0.9014527167003994
2040-01-28 08:00:00+00:00,6.900146818411406e-07,0.9015387109042792
2040-01-28 09:00:00+00:00,0.0039251368158324685,0.9016747895175131
2040-01-28 10:00:00+00:00,0.09825146455136177,0.9018108425542319
2040-01-28 11:00:00+00:00,0.2297262578418103,0.9019468795737807
2040-01-28 12:00:00+00:00,0.4281039188703137,0.9020829007628365
2040-01-28 13:00:00+00:00,0.49646466715151427,0.902218898601334
2040-01-28 14:00:00+00:00,0.4983488126165492,0.9023548763102927
2040-01-28 15:00:00+00:00,0.4983888089291739,0.9024908280358604
2040-01-28 16:00:00+00:00,0.49842856403413904,0.9026267422033437
2040-01-28 17:00:00+00:00,0.5003474588957867,0.902762615607662
2040-01-28 18:00:00+00:00,0.5022925257945142,0.902898447837251
2040-01-28 19:00:00+00:00,0.5042869504039889,0.9030342444051185
2040-01-28 20:00:00+00:00,0.5062974741301596,0.903170009160972
2040-01-28 21:00:00+00:00,0.5063379382161195,0.9033057494245444
2040-01-28 22:00:00+00:00,0.506378483976533,0.903441474749661
2040-01-28 23:00:00+00:00,0.5064187266035615,0.9035772109388408
2040-01-29 00:00:00+00:00,0.5064585714623328,0.9037129779830129
2040-01-29 01:00:00+00:00,0.5068052227601751,0.9038487711585118
2040-01-29 02:00:00+00:00,0.5075316235100094,0.9039846083385039
2040-01-29 03:00:00+00:00,0.5085213575254683,0.9041205173196061
2040-01-29 04:00:00+00:00,0.5105079519781911,0.904256507582312
2040-01-29 05:00:00+00:00,0.5105491271286344,0.904392568935915
2040-01-29 06:00:00+00:00,0.5105895703849068,0.9045287708460815
2040-01-29 07:00:00+00:00,0.5106300224189826,0.9046654105148563
2040-01-29 08:00:00+00:00,0.5106740463313495,0.9048024830330534
2040-01-29 09:00:00+00:00,0.510719129814234,0.904940314950312
2040-01-29 10:00:00+00:00,0.5107687476032543,0.9050799206929848
2040-01-29 11:00:00+00:00,0.5108089687874654,0.9052200220820225
2040-01-29 12:00:00+00:00,0.5108493070216245,0.9053609829461199
2040-01-29 13:00:00+00:00,0.510889527000017,0.9055023601319772
2040-01-29 14:00:00+00:00,0.5109298807574808,0.9056439633053132
2040-01-29 15:00:00+00:00,0.510970656881512,0.905785634092923
2040-01-29 16:00:00+00:00,0.5110110716309285,0.9059273878534202
2040-01-29 17:00:00+00:00,0.5110511259180962,0.9060692173313717
2040-01-29 18:00:00+00:00,0.513058184130523,0.906211067011539
2040-01-29 19:00:00+00:00,0.515068793259935,0.9063529073325923
2040-01-29 20:00:00+00:00,0.517084340264357,0.9064947193728299
2040-01-29 21:00:00+00:00,0.5191024589087092,0.9066365123063547
2040-01-29 22:00:00+00:00,0.5211178633914173,0.9067782953345994
2040-01-29 23:00:00+00:00,0.5231356763891148,0.9069200795749839
2040-01-30 00:00:00+00:00,0.5251592348696051,0.9070618642929069
2040-01-30 01:00:00+00:00,0.5271873618868775,0.9072036589141702
2040-01-30 02:00:00+00:00,0.5292198687756261,0.9073454845076838
2040-01-30 03:00:00+00:00,0.5312431520870668,0.9074873212118295
2040-01-30 04:00:00+00:00,0.5332738297413634,0.9076291373300859
2040-01-30 05:00:00+00:00,0.5353136191712956,0.9077709078540365
2040-01-30 06:00:00+00:00,0.5373537816858307,0.9079126433101314
2040-01-30 07:00:00+00:00,0.5393962827159952,0.9080543587758249
2040-01-30 08:00:00+00:00,0.5414493160430941,0.9081960819264694
2040-01-30 09:00:00+00:00,0.5435096725517558,0.908337882489934
2040-01-30 10:00:00+00:00,0.5457999038237161,0.9084798405750957
2040-01-30 11:00:00+00:00,0.6039354866678756,0.908622333215878
2040-01-30 12:00:00+00:00,0.7958955899911656,0.9087658080554809
2040-01-30 13:00:00+00:00,0.9775953361698814,0.9089106713747463
2040-01-30 14:00:00+00:00,0.9798982013466844,0.9090558494774928
2040-01-30 15:00:00+00:00,0.9824163554633866,0.9092010593955319
2040-01-30 16:00:00+00:00,0.9825229229766139,0.9093462390367454
2040-01-30 17:00:00+00:00,0.9826362022063281,0.9094913744420418
2040-01-30 18:00:00+00:00,0.9827677188375205,0.9096364611795604
2040-01-30 19:00:00+00:00,0.9829221831820972,0.909781494982739
2040-01-30 20:00:00+00:00,0.983103435789184,0.909926475650536
2040-01-30 21:00:00+00:00,0.9832760829857494,0.9100714030703042
2040-01-30 22:00:00+00:00,0.9833140226026286,0.91021627843385
2040-01-30 23:00:00+00:00,0.9833937601998017,0.9103611018666962
2040-01-31 00:00:00+00:00,0.9834554858800464,0.9105058741796063
2040-01-31 01:00:00+00:00,0.9834937249102359,0.9106505941076389
2040-01-31 02:00:00+00:00,0.9835420168952321,0.9107952609958216
2040-01-31 03:00:00+00:00,0.9835805014814168,0.9109398763130316
2040-01-31 04:00:00+00:00,0.9836176642327423,0.911084440495525
2040-01-31 05:00:00+00:00,0.9836549075663635,0.9112289544989937
2040-01-31 06:00:00+00:00,0.9836922346943386,0.9113734192662112
2040-01-31 07:00:00+00:00,0.9837296839090827,0.9115178317222153
2040-01-31 08:00:00+00:00,0.9846849123215836,0.9116621922765797
2040-01-31 09:00:00+00:00,0.9857072834691936,0.9118065026486347
2040-01-31 10:00:00+00:00,0.9868158218997893,0.9119507714498608
2040-01-31 11:00:00+00:00,0.9902735258004579,0.9120950202988447
2040-01-31 12:00:00+00:00,0.991673439204908,0.9122392754736869
2040-01-31 13:00:00+00:00,0.9933327705332043,0.9123836095865075
2040-01-31 14:00:00+00:00,0.9955465559397468,0.9125279841389237
2040-01-31 15:00:00+00:00,0.9999993570055429,0.9126723658293014
2040-01-31 16:00:00+00:00,0.999938939720453,0.912747774720088
2040-01-31 17:00:00+00:00,0.9999109072291482,0.9128226093149149
2040-01-31 18:00:00+00:00,0.9998903650608242,0.9128974246994314
2040-01-31 19:00:00+00:00,0.9998735319474187,0.912972381149207
2040-01-31 20:00:00+00:00,0.9998590807517833,0.9130471410237129
2040-01-31 21:00:00+00:00,0.9998463466907815,0.9131218472357315
2040-01-31 22:00:00+00:00,0.9998348758272654,0.9131964808496257
2040-01-31 23:00:00+00:00,0.9998243628607073,0.9132711984297505
2040-02-01 00:00:00+00:00,0.999814657045487,0.9133458226929111
2040-02-01 01:00:00+00:00,0.9998056396813474,0.9134204295020557
2040-02-01 02:00:00+00:00,0.9997972184774871,0.9134950634759789
2040-02-01 03:00:00+00:00,0.9997893521192432,0.9135691953338644
2040-02-01 04:00:00+00:00,0.9997819676858793,0.9136435669103169
2040-02-01 05:00:00+00:00,0.9997749741319554,0.9137177579701821
2040-02-01 06:00:00+00:00,0.9997683549945763,0.9137918972673589
2040-02-01 07:00:00+00:00,0.9997620624120069,0.9138663573483286
2040-02-01 08:00:00+00:00,0.9997560453089678,0.9139406267481917
2040-02-01 09:00:00+00:00,0.9997502621232456,0.9140149585674859
2040-02-01 10:00:00+00:00,0.9997446479909766,0.9140746713396656
2040-02-01 11:00:00+00:00,0.9997393095633287,0.9141343750413582
2040-02-01 12:00:00+00:00,0.9997342264513401,0.9142076362611561
2040-02-01 13:00:00+00:00,0.9997293596000953,0.9142827649706909
2040-02-01 14:00:00+00:00,0.9997246936412472,0.9143587749812346
2040-02-01 15:00:00+00:00,0.9997202189933195,0.9144344560676716
2040-02-01 16:00:00+00:00,0.9997159043008917,0.9145100844085484
2040-02-01 17:00:00+00:00,0.9997117816144876,0.9145863137555458
2040-02-01 18:00:00+00:00,0.999707791804119,0.9146630415634885
2040-02-01 19:00:00+00:00,0.9997039293684985,0.9147405498994031
2040-02-01 20:00:00+00:00,0.9997001966245392,0.9148214602207932
2040-02-01 21:00:00+00:00,0.999696591582408,0.9149109595959413
2040-02-01 22:00:00+00:00,0.9996944787464572,0.9150558253706224
2040-02-01 23:00:00+00:00,0.9996933930577303,0.9152012368257942
2040-02-02 00:00:00+00:00,0.9996923623759036,0.9153466243592332
2040-02-02 01:00:00+00:00,0.9996900753744998,0.9154907702263144
2040-02-02 02:00:00+00:00,0.9996874909228806,0.9156334969160781
2040-02-02 03:00:00+00:00,0.999685291701974,0.9157774540416473
2040-02-02 04:00:00+00:00,0.9996824326128471,0.9158730427543387
2040-02-02 05:00:00+00:00,0.9996796620548123,0.9159689924987405
2040-02-02 06:00:00+00:00,0.9996769810074517,0.9160648523788691
2040-02-02 07:00:00+00:00,0.9996744030668521,0.916160159302311
2040-02-02 08:00:00+00:00,0.9996718231580024,0.9162568777837665
2040-02-02 09:00:00+00:00,0.999671313208331,0.9164021566019914
2040-02-02 10:00:00+00:00,0.9996708491148866,0.9165474444237592
2040-02-02 11:00:00+00:00,0.99967050658571,0.9166927289627776
2040-02-02 12:00:00+00:00,0.999670299889994,0.9168380008219537
2040-02-02 13:00:00+00:00,0.9996719666946209,0.9169835590282148
2040-02-02 14:00:00+00:00,0.9996718058470005,0.9171287913379771
2040-02-02 15:00:00+00:00,0.9996716883056486,0.9172739908882538
2040-02-02 16:00:00+00:00,0.9996698287331481,0.9173690645872091
2040-02-02 17:00:00+00:00,0.9996680295149976,0.9174640477837913
2040-02-02 18:00:00+00:00,0.9996663057067758,0.917559059671267
2040-02-02 19:00:00+00:00,0.9996646515702396,0.9176540912270348
2040-02-02 20:00:00+00:00,0.9996630558206494,0.9177491449100676
2040-02-02 21:00:00+00:00,0.9996615335158445,0.917844163774995
2040-02-02 22:00:00+00:00,0.9996600837831547,0.9179391162463358
2040-02-02 23:00:00+00:00,0.9996587017213017,0.918034273416864
2040-02-03 00:00:00+00:00,0.9996573752459317,0.9181294278751789
2040-02-03 01:00:00+00:00,0.9996561149733014,0.9182247521956802
2040-02-03 02:00:00+00:00,0.9996549136924369,0.9183197787198903
2040-02-03 03:00:00+00:00,0.999653767311085,0.918414569383214
2040-02-03 04:00:00+00:00,0.9996526855947988,0.9185092688240569
2040-02-03 05:00:00+00:00,0.9996516345770011,0.9186036750937469
2040-02-03 06:00:00+00:00,0.9996506596388506,0.9186981224500559
2040-02-03 07:00:00+00:00,0.9996497372364314,0.9187925444687236
2040-02-03 08:00:00+00:00,0.9996488368431476,0.9188866682067481
2040-02-03 09:00:00+00:00,0.9996480644259678,0.9189811280475751
2040-02-03 10:00:00+00:00,0.9996492022451593,0.919125554803961
2040-02-03 11:00:00+00:00,0.9996504788723384,0.9192698068119276
2040-02-03 12:00:00+00:00,0.9996518335731328,0.9194138984272827
2040-02-03 13:00:00+00:00,0.9996532533170048,0.9195578614097647
2040-02-03 14:00:00+00:00,0.999654754055289,0.9197017059738615
2040-02-03 15:00:00+00:00,0.9996563434947705,0.9198454549045949
2040-02-03 16:00:00+00:00,0.9996567584317426,0.9199882974212047
2040-02-03 17:00:00+00:00,0.9996565068922293,0.9200844725081155
2040-02-03 18:00:00+00:00,0.9996563292675762,0.9201791079597088
2040-02-03 19:00:00+00:00,0.999656208334275,0.9202742564736363
2040-02-03 20:00:00+00:00,0.9996561213842784,0.9203702709096416
2040-02-03 21:00:00+00:00,0.9996561030828283,0.9204654712514747
2040-02-03 22:00:00+00:00,0.9996561386053708,0.9205604452817397
2040-02-03 23:00:00+00:00,0.9996562365233875,0.9206555091406207
2040-02-04 00:00:00+00:00,0.9996563869746172,0.9207514463033657
2040-02-04 01:00:00+00:00,0.9996588138099998,0.9208950656247159
2040-02-04 02:00:00+00:00,0.9996613206382533,0.9210387235410693
2040-02-04 03:00:00+00:00,0.9996635154786189,0.9211823146394493
2040-02-04 04:00:00+00:00,0.999664788887349,0.9213252404481679
2040-02-04 05:00:00+00:00,0.9996661355764663,0.9214682085252367
2040-02-04 06:00:00+00:00,0.9996675540044564,0.9216112200688577
2040-02-04 07:00:00+00:00,0.9996690323287822,0.9217542815817019
2040-02-04 08:00:00+00:00,0.9996720159146478,0.9218982019429101
2040-02-04 09:00:00+00:00,0.9996750703288098,0.9220421460745457
2040-02-04 10:00:00+00:00,0.9996757313964741,0.9221367061301947
2040-02-04 11:00:00+00:00,0.9996764571605153,0.922232443068421
2040-02-04 12:00:00+00:00,0.9996798523848263,0.9223765222165587
2040-02-04 13:00:00+00:00,0.9996833485646877,0.922520627622442
2040-02-04 14:00:00+00:00,0.9996869516787831,0.9226647430791256
2040-02-04 15:00:00+00:00,0.9996879399271227,0.9227587588689999
2040-02-04 16:00:00+00:00,0.9996890517189665,0.9228529390712118
2040-02-04 17:00:00+00:00,0.9996902241531626,0.9229472011644968
2040-02-04 18:00:00+00:00,0.9996914609268597,0.9230415802267661
2040-02-04 19:00:00+00:00,0.9996927615735067,0.9231361667357304
2040-02-04 20:00:00+00:00,0.9996941040658902,0.9232314750788745
2040-02-04 21:00:00+00:00,0.999695474928378,0.9233279248844993
2040-02-04 22:00:00+00:00,0.9996969651506717,0.9234226329830052
2040-02-04 23:00:00+00:00,0.9996985073276361,0.923517630767591
2040-02-05 00:00:00+00:00,0.9997000269952804,0.9236218138100979
2040-02-05 01:00:00+00:00,0.999705430071899,0.9237656896485563
2040-02-05 02:00:00+00:00,0.9997110308160073,0.923909475932664
2040-02-05 03:00:00+00:00,0.9997168541397715,0.9240531460123252
2040-02-05 04:00:00+00:00,0.9997229158055633,0.9241967044607098
2040-02-05 05:00:00+00:00,0.9997292227738479,0.9243402129767928
2040-02-05 06:00:00+00:00,0.9997358004371744,0.924483708279592
2040-02-05 07:00:00+00:00,0.9997426751123442,0.9246269368163105
2040-02-05 08:00:00+00:00,0.9997497736311524,0.9247697776175405
2040-02-05 09:00:00+00:00,0.9997571943845701,0.9249118591066805
2040-02-05 10:00:00+00:00,0.9997650617600053,0.9250521374685813
2040-02-05 11:00:00+00:00,0.9997731504381356,0.9251918740331411
2040-02-05 12:00:00+00:00,0.9997818944653222,0.9253307088487313
2040-02-05 13:00:00+00:00,0.9997911895639356,0.9254691031772083
2040-02-05 14:00:00+00:00,0.9997941187936444,0.9255374734482147
2040-02-05 15:00:00+00:00,0.99979726235035,0.9255707878386021
2040-02-05 16:00:00+00:00,0.9997983708552659,0.9255793289217285
2040-02-05 17:00:00+00:00,0.9998019586388444,0.9256472365415486
2040-02-05 18:00:00+00:00,0.9998021498456234,0.9256553498168678
2040-02-05 19:00:00+00:00,0.9998024156246502,0.9256634199364864
2040-02-05 20:00:00+00:00,0.9998027564112892,0.925671465667803
2040-02-05 21:00:00+00:00,0.9998031877528368,0.9256794787919181
2040-02-05 22:00:00+00:00,0.999803707518123,0.9256874502346691
2040-02-05 23:00:00+00:00,0.9998043194292766,0.9256953724554823
2040-02-06 00:00:00+00:00,0.9998050153535675,0.9257032473679172
2040-02-06 01:00:00+00:00,0.9998057760621899,0.9257110665129848
2040-02-06 02:00:00+00:00,0.999806616230575,0.9257188066136358
2040-02-06 03:00:00+00:00,0.9998075521441563,0.925726489811891
2040-02-06 04:00:00+00:00,0.9998085680399611,0.9257341495241239
2040-02-06 05:00:00+00:00,0.9998096704230816,0.9257418143113594
2040-02-06 06:00:00+00:00,0.9998112400576804,0.9257495132151669
2040-02-06 07:00:00+00:00,0.9998126062411037,0.9257571611052838
2040-02-06 08:00:00+00:00,0.9998139605794594,0.9257647602908452
2040-02-06 09:00:00+00:00,0.9998147121564734,0.9257722266601957
2040-02-06 10:00:00+00:00,0.9998161946884249,0.9257795398831904
2040-02-06 11:00:00+00:00,0.9998213239984838,0.925786829263453
2040-02-06 12:00:00+00:00,0.9998289748818243,0.9257931239650107
2040-02-06 13:00:00+00:00,0.9998332975190817,0.9257979869863644
2040-02-06 14:00:00+00:00,0.9998395339952778,0.9258025020632247
2040-02-06 15:00:00+00:00,0.9998462374029107,0.9258069449764701
2040-02-06 16:00:00+00:00,0.9998534834516386,0.9258113847255531
2040-02-06 17:00:00+00:00,0.9998565860810973,0.9258153341648012
2040-02-06 18:00:00+00:00,0.9998593684312437,0.9258192572210218
2040-02-06 19:00:00+00:00,0.9998620774205526,0.9258231823474462
2040-02-06 20:00:00+00:00,0.9998650273616201,0.9258271262792274
2040-02-06 21:00:00+00:00,0.9998682245173082,0.9258310889546593
2040-02-06 22:00:00+00:00,0.9998715437070385,0.9258350643391934
2040-02-06 23:00:00+00:00,0.9998751609487359,0.9258390572280409
2040-02-07 00:00:00+00:00,0.9998922667611571,0.9258436187009809
2040-02-07 01:00:00+00:00,0.999913475324257,0.9258481977854941
2040-02-07 02:00:00+00:00,0.9999319088129283,0.9258526231517493
2040-02-07 03:00:00+00:00,0.9999505017256272,0.9258569677880516
2040-02-07 04:00:00+00:00,0.9999946521974578,0.9258613242158186
2040-02-07 05:00:00+00:00,0.9999980734331175,0.9258652530656203
2040-02-07 06:00:00+00:00,0.9999909719900627,0.9258691148974167
2040-02-07 07:00:00+00:00,0.9999879340759796,0.9258729980804609
2040-02-07 08:00:00+00:00,0.9999861040037378,0.9258769007590676
2040-02-07 09:00:00+00:00,0.9999859652423577,0.925880827260954
2040-02-07 10:00:00+00:00,0.9999864726946623,0.9258847730715875
2040-02-07 11:00:00+00:00,0.9999875898772465,0.9258887332493846
2040-02-07 12:00:00+00:00,0.9999895526258118,0.9258927074281355
2040-02-07 13:00:00+00:00,0.9999931657287269,0.9258966396733709
2040-02-07 14:00:00+00:00,0.9999942228733146,0.9259005662028188
2040-02-07 15:00:00+00:00,0.9999972696293914,0.9259045018515761
2040-02-07 16:00:00+00:00,0.9999987993075075,0.9259084488587204
2040-02-07 17:00:00+00:00,0.9999910655120196,0.9259123804933925
2040-02-07 18:00:00+00:00,0.9999878188429806,0.9259163210037523
2040-02-07 19:00:00+00:00,0.9999855736457404,0.9259202731875033
2040-02-07 20:00:00+00:00,0.9999838726254893,0.9259242466109289
2040-02-07 21:00:00+00:00,0.9999825412678498,0.9259282430828008
2040-02-07 22:00:00+00:00,0.9999822540827829,0.9259322624091298
2040-02-07 23:00:00+00:00,0.9999821130987242,0.9259363016157388
2040-02-08 00:00:00+00:00,0.9999821241474947,0.9259403606583397
2040-02-08 01:00:00+00:00,0.9999822861619557,0.9259444399969881
2040-02-08 02:00:00+00:00,0.9999826045515663,0.9259485376574468
2040-02-08 03:00:00+00:00,0.9999830957720832,0.9259526445430206
2040-02-08 04:00:00+00:00,0.9999834030462097,0.9259567442631977
2040-02-08 05:00:00+00:00,0.9999831666635849,0.9259607922359328
2040-02-08 06:00:00+00:00,0.9999830708687895,0.9259647336991882
2040-02-08 07:00:00+00:00,0.9999831162571835,0.9259685113154362
2040-02-08 08:00:00+00:00,0.9999832934043649,0.9259720717521059
2040-02-08 09:00:00+00:00,0.9999845542995736,0.9259753733640059
2040-02-08 10:00:00+00:00,0.9999861681784568,0.9259784013403747
2040-02-08 11:00:00+00:00,0.9999883110979765,0.9259811711076861
2040-02-08 12:00:00+00:00,0.9999914216799103,0.9259838197285774
2040-02-08 13:00:00+00:00,0.9999975257885068,0.9259863875663359
2040-02-08 14:00:00+00:00,0.9999995363280336,0.9259888733633942
2040-02-08 15:00:00+00:00,0.9999998267791784,0.9259913046235356
2040-02-08 16:00:00+00:00,0.9380246657608912,0.9259936110822048
2040-02-08 17:00:00+00:00,0.8980633386799262,0.925995780717815
2040-02-08 18:00:00+00:00,0.8666078892825008,0.9259977629893725
2040-02-08 19:00:00+00:00,0.8392496244734224,0.9259995816415713
2040-02-08 20:00:00+00:00,0.8144537874309677,0.9260012937643972
2040-02-08 21:00:00+00:00,0.7915953342762478,0.9260029636452562
2040-02-08 22:00:00+00:00,0.771381362420655,0.9260046303380273
2040-02-08 23:00:00+00:00,0.7524583909757254,0.9260063042857665
2040-02-09 00:00:00+00:00,0.7346802905846357,0.9260079885109933
2040-02-09 01:00:00+00:00,0.7177832094566657,0.9260096923157078
2040-02-09 02:00:00+00:00,0.7015680540997783,0.9260114199879077
2040-02-09 03:00:00+00:00,0.6856515281023137,0.9260131653439716
2040-02-09 04:00:00+00:00,0.6688278655106494,0.9260149220367975
2040-02-09 05:00:00+00:00,0.6456648660657207,0.9260166850456931
2040-02-09 06:00:00+00:00,0.5476917105708927,0.9260184544122471
2040-02-09 07:00:00+00:00,0.3052910815246834,0.926020210685542
2040-02-09 08:00:00+00:00,0.29216825862276236,0.9260219405242595
2040-02-09 09:00:00+00:00,0.2921667518483412,0.9260236430006928
2040-02-09 10:00:00+00:00,0.2921652411173884,0.9260253295438666
2040-02-09 11:00:00+00:00,0.2921637312526764,0.9260270167720142
2040-02-09 12:00:00+00:00,0.2921622261056908,0.9260287120804248
2040-02-09 13:00:00+00:00,0.2921607202870252,0.9260304192899151
2040-02-09 14:00:00+00:00,0.29215921629113273,0.9260321473715762
2040-02-09 15:00:00+00:00,0.2819484590662393,0.9260339006487524
2040-02-09 16:00:00+00:00,0.2690770160278767,0.9260356822923739
2040-02-09 17:00:00+00:00,0.09104689452398229,0.9260374928340542
2040-02-09 18:00:00+00:00,0.03938549399014892,0.9260393330872446
2040-02-09 19:00:00+00:00,0.023011729404334495,0.926041203062575
2040-02-09 20:00:00+00:00,2.2347150100740386e-07,0.9260431025115209
2040-02-09 21:00:00+00:00,1.0509629989240939e-06,0.9260450341391561
2040-02-09 22:00:00+00:00,6.99938173239678e-07,0.9260469947817882
2040-02-09 23:00:00+00:00,5.415826750229234e-07,0.9260489866421484
2040-02-10 00:00:00+00:00,8.14062749881051e-07,0.9260510127741095
2040-02-10 01:00:00+00:00,3.1519252732208007e-06,0.9260530769119137
2040-02-10 02:00:00+00:00,0.00018834550856270416,0.9260551771297958
2040-02-10 03:00:00+00:00,0.000276131086134158,0.926057306816458
2040-02-10 04:00:00+00:00,0.0003420063339576885,0.9260594655636384
2040-02-10 05:00:00+00:00,0.0003946722960386521,0.9260616531264158
2040-02-10 06:00:00+00:00,0.00044088829742409665,0.9260638686823477
2040-02-10 07:00:00+00:00,0.00048224073646762407,0.9260661137682682
2040-02-10 08:00:00+00:00,0.0005186283211625983,0.9260683887934266
2040-02-10 09:00:00+00:00,0.04152929099655286,0.9260706937262724
2040-02-10 10:00:00+00:00,0.10879050934098572,0.9260730265343515
2040-02-10 11:00:00+00:00,0.30559630560971124,0.926075383646212
2040-02-10 12:00:00+00:00,0.5039732014827012,0.9260777683116921
2040-02-10 13:00:00+00:00,0.702333786794059,0.9260801784384666
2040-02-10 14:00:00+00:00,0.7966170274955002,0.9260826180288951
2040-02-10 15:00:00+00:00,0.8102839748157357,0.9260850782471663
2040-02-10 16:00:00+00:00,0.8246479456072533,0.9260875416321976
2040-02-10 17:00:00+00:00,0.8397040631571181,0.926090003782928
2040-02-10 18:00:00+00:00,0.8562563154282303,0.9260924603796783
2040-02-10 19:00:00+00:00,0.8759143193966353,0.9260949087397476
2040-02-10 20:00:00+00:00,0.8985850514038566,0.9260973534295115
2040-02-10 21:00:00+00:00,0.9246758728956742,0.92609979703066
2040-02-10 22:00:00+00:00,0.9511211411967522,0.9261022413929078
2040-02-10 23:00:00+00:00,0.9748006121391205,0.9261046807903195
2040-02-11 00:00:00+00:00,0.9992981748815327,0.92610711546584
2040-02-11 01:00:00+00:00,0.9993334644576837,0.9261095350666492
2040-02-11 02:00:00+00:00,0.999384298303588,0.9261119217547398
2040-02-11 03:00:00+00:00,0.9994835610370667,0.9261142728891243
2040-02-11 04:00:00+00:00,0.9995261083590139,0.9261165849097731
2040-02-11 05:00:00+00:00,0.9995771202287415,0.9261188626757614
2040-02-11 06:00:00+00:00,0.9996379004304281,0.9261211057069512
2040-02-11 07:00:00+00:00,0.9997104045910408,0.9261232968002482
2040-02-11 08:00:00+00:00,0.9997168012835312,0.9261254401107155
2040-02-11 09:00:00+00:00,0.9998496019268199,0.9261275329956759
2040-02-11 10:00:00+00:00,0.9998513739709527,0.9261295376629911
2040-02-11 11:00:00+00:00,0.9998532009149718,0.926131482541756
2040-02-11 12:00:00+00:00,0.9998572784301897,0.9261333808243226
2040-02-11 13:00:00+00:00,0.9998648715105659,0.9261352349184718
2040-02-11 14:00:00+00:00,0.9998731679457058,0.9261370669034777
2040-02-11 15:00:00+00:00,0.9998767757248468,0.9261388989823212
2040-02-11 16:00:00+00:00,0.999880318623217,0.926140739045775
2040-02-11 17:00:00+00:00,0.9998820041730141,0.9261425762822919
2040-02-11 18:00:00+00:00,0.9998837690638145,0.9261443936468388
2040-02-11 19:00:00+00:00,0.9998863793849366,0.9261461851319372
2040-02-11 20:00:00+00:00,0.9998899096779091,0.9261479663397952
2040-02-11 21:00:00+00:00,0.9998919818171687,0.9261497536466945
2040-02-11 22:00:00+00:00,0.9998941948823074,0.9261515624680279
2040-02-11 23:00:00+00:00,0.9998965399109084,0.9261533965882294
2040-02-12 00:00:00+00:00,0.9998989873584889,0.926155247230222
2040-02-12 01:00:00+00:00,0.9999015907947881,0.9261571032364726
2040-02-12 02:00:00+00:00,0.9999163834870016,0.9261589701701979
2040-02-12 03:00:00+00:00,0.9999347643078211,0.9261608456654555
2040-02-12 04:00:00+00:00,0.9999613790005453,0.9261627155758441
2040-02-12 05:00:00+00:00,0.9999651107630237,0.9261645262649133
2040-02-12 06:00:00+00:00,0.9999695673270819,0.9261661735431338
2040-02-12 07:00:00+00:00,0.999972758782643,0.9261676133304689
2040-02-12 08:00:00+00:00,0.9999800995610996,0.9261689691957958
2040-02-12 09:00:00+00:00,0.9999933221987554,0.9261702904668824
2040-02-12 10:00:00+00:00,0.9999983017513657,0.9261716089355567
2040-02-12 11:00:00+00:00,0.9999985478180007,0.926172933292094
2040-02-12 12:00:00+00:00,0.9999988071391741,0.9261742602524449
2040-02-12 13:00:00+00:00,0.9999995040291271,0.92617557922966
2040-02-12 14:00:00+00:00,0.9999995047100012,0.926176881882739
2040-02-12 15:00:00+00:00,0.9999997290988512,0.9261781802749876
2040-02-12 16:00:00+00:00,0.9821811888753913,0.9261794914111117
2040-02-12 17:00:00+00:00,0.8638853415172792,0.9261808230350882
2040-02-12 18:00:00+00:00,0.8550358684072662,0.9261821759032468
2040-02-12 19:00:00+00:00,0.846585664638413,0.9261835512526759
2040-02-12 20:00:00+00:00,0.8384963257060963,0.9261849494078463
2040-02-12 21:00:00+00:00,0.8306827670828576,0.9261863700994369
2040-02-12 22:00:00+00:00,0.8228874335739509,0.9261878120573448
2040-02-12 23:00:00+00:00,0.8155765683623225,0.926189272359704
2040-02-13 00:00:00+00:00,0.8085102333371332,0.9261907500234045
2040-02-13 01:00:00+00:00,0.8015742023632358,0.9261922456597388
2040-02-13 02:00:00+00:00,0.7950092886628568,0.9261937601716793
2040-02-13 03:00:00+00:00,0.7886121813082545,0.9261952928770574
2040-02-13 04:00:00+00:00,0.7816941179840811,0.926196842043047
2040-02-13 05:00:00+00:00,0.5214293389844575,0.9261984043398374
2040-02-13 06:00:00+00:00,0.2612655012527288,0.9261999788254569
2040-02-13 07:00:00+00:00,0.0011923248358048934,0.9262015646432125
2040-02-13 08:00:00+00:00,1.2966463333080145e-07,0.9262031550982122
2040-02-13 09:00:00+00:00,6.200024884457453e-07,0.926204747673958
2040-02-13 10:00:00+00:00,9.054572896066793e-06,0.9262063524591031
2040-02-13 11:00:00+00:00,5.918458040552097e-05,0.9262079605008685
2040-02-13 12:00:00+00:00,8.49522662411477e-05,0.9262095642839884
2040-02-13 13:00:00+00:00,0.00010408422183913578,0.926211173097371
2040-02-13 14:00:00+00:00,0.00010726145286890292,0.9262127888076066
2040-02-13 15:00:00+00:00,0.0001098642943561931,0.9262144200290254
2040-02-13 16:00:00+00:00,0.00011231610567617898,0.9262160676832963
2040-02-13 17:00:00+00:00,0.00011463402991004479,0.9262177322492469
2040-02-13 18:00:00+00:00,0.00011678017175609003,0.9262194123438515
2040-02-13 19:00:00+00:00,0.08543612944604935,0.9262211072856358
2040-02-13 20:00:00+00:00,0.1504107196142102,0.926222816736096
2040-02-13 21:00:00+00:00,0.20054290090743332,0.9262245406421239
2040-02-13 22:00:00+00:00,0.2421710303583704,0.9262262788021369
2040-02-13 23:00:00+00:00,0.28012858043897004,0.926228032188439
2040-02-14 00:00:00+00:00,0.3173259887832446,0.926229799771939
2040-02-14 01:00:00+00:00,0.3543816708284304,0.9262315796513199
2040-02-14 02:00:00+00:00,0.3906469030418299,0.9262333715538925
2040-02-14 03:00:00+00:00,0.42649133446569903,0.9262351753036556
2040-02-14 04:00:00+00:00,0.4646662336025031,0.9262369914525105
2040-02-14 05:00:00+00:00,0.5011550117195339,0.9262388203089087
2040-02-14 06:00:00+00:00,0.5383707384551912,0.9262406617620786
2040-02-14 07:00:00+00:00,0.5765933675831043,0.9262425154337015
2040-02-14 08:00:00+00:00,0.6193014727455486,0.9262443834815572
2040-02-14 09:00:00+00:00,0.6647415648141489,0.9262462634723126
2040-02-14 10:00:00+00:00,0.6884533986118251,0.9262481500520362
2040-02-14 11:00:00+00:00,0.7304514108853305,0.9262500280669921
2040-02-14 12:00:00+00:00,0.7762158688517985,0.9262518766541405
2040-02-14 13:00:00+00:00,0.8381008947213616,0.9262536890526196
2040-02-14 14:00:00+00:00,0.9157502057396126,0.9262554751648018
2040-02-14 15:00:00+00:00,0.9874527658014102,0.926257259299223
2040-02-14 16:00:00+00:00,0.9999916515548035,0.9262590419402833
2040-02-14 17:00:00+00:00,0.9999923352987404,0.9262608303030546
2040-02-14 18:00:00+00:00,0.9999939536095045,0.9262626312762718
2040-02-14 19:00:00+00:00,0.9999989007550826,0.9262644453134165
2040-02-14 20:00:00+00:00,0.9999977621187057,0.9262662630254033
2040-02-14 21:00:00+00:00,0.9999973228736599,0.926268092586925
2040-02-14 22:00:00+00:00,0.9999977142380831,0.926269936569834
2040-02-14 23:00:00+00:00,0.9999987233110348,0.9262717943615264
2040-02-15 00:00:00+00:00,0.9999998781942252,0.9262736649307529
2040-02-15 01:00:00+00:00,0.9999986242486665,0.926275542622821
2040-02-15 02:00:00+00:00,0.9999975632325576,0.9262774325254086
2040-02-15 03:00:00+00:00,0.9999966757564975,0.9262793406979563
2040-02-15 04:00:00+00:00,0.9999961006040109,0.9262812634598726
2040-02-15 05:00:00+00:00,0.999995698770587,0.9262832082454993
2040-02-15 06:00:00+00:00,0.9999954159144833,0.9262851751228428
2040-02-15 07:00:00+00:00,0.999995226397008,0.9262871543237818
2040-02-15 08:00:00+00:00,0.9999951113552631,0.9262891476071143
2040-02-15 09:00:00+00:00,0.9999953031349889,0.9262911602810154
2040-02-15 10:00:00+00:00,0.9999956271452977,0.9262931990018488
2040-02-15 11:00:00+00:00,0.9999960861975105,0.9262952860261748
2040-02-15 12:00:00+00:00,0.9999966302862997,0.9262974338023446
2040-02-15 13:00:00+00:00,0.999997661811491,0.926299649337705
2040-02-15 14:00:00+00:00,0.9999983369839361,0.9263019342772779
2040-02-15 15:00:00+00:00,0.9999987102827158,0.9263042784963817
2040-02-15 16:00:00+00:00,0.9844527361014852,0.926306667032093
2040-02-15 17:00:00+00:00,0.7224337256472175,0.9263090864983577
2040-02-15 18:00:00+00:00,0.46201381457122176,0.9263115330096408
2040-02-15 19:00:00+00:00,0.29510493923876285,0.9263139977455722
2040-02-15 20:00:00+00:00,0.2869924253910126,0.926316474569029
2040-02-15 21:00:00+00:00,0.27876251733863294,0.9263189636169515
2040-02-15 22:00:00+00:00,0.2703140862525995,0.9263214650270417
2040-02-15 23:00:00+00:00,0.2617410309342981,0.9263239807164743
2040-02-16 00:00:00+00:00,0.25313784206401363,0.9263265106813833
2040-02-16 01:00:00+00:00,0.24368975991952718,0.9263290536814889
2040-02-16 02:00:00+00:00,0.2436886146306194,0.926331610410073
2040-02-16 03:00:00+00:00,0.24368745626320784,0.9263341859147558
2040-02-16 04:00:00+00:00,0.24368285600584455,0.9263367788934503
2040-02-16 05:00:00+00:00,0.23939907075539,0.9263393909818544
2040-02-16 06:00:00+00:00,0.23934679002425271,0.9263420174532779
2040-02-16 07:00:00+00:00,0.2288315111336882,0.9263446614613478
2040-02-16 08:00:00+00:00,0.21926580550438446,0.9263473213597223
2040-02-16 09:00:00+00:00,0.20849912077976887,0.9263499971296327
2040-02-16 10:00:00+00:00,0.197390662158958,0.9263527077625142
2040-02-16 11:00:00+00:00,0.19088662987438051,0.926355491687547
2040-02-16 12:00:00+00:00,0.19088182619404898,0.9263583603266775
2040-02-16 13:00:00+00:00,0.19087808495510825,0.926361312911698
2040-02-16 14:00:00+00:00,0.17721968722398168,0.9263643366124575
2040-02-16 15:00:00+00:00,0.16260900304827447,0.9263674031268044
2040-02-16 16:00:00+00:00,0.1460627672551229,0.9263704867095132
2040-02-16 17:00:00+00:00,0.12791916564220537,0.9263735778960708
2040-02-16 18:00:00+00:00,0.10778272653075456,0.9263766725678864
2040-02-16 19:00:00+00:00,0.08505595603904861,0.9263797692032156
2040-02-16 20:00:00+00:00,0.05859523236538147,0.9263828669815717
2040-02-16 21:00:00+00:00,0.02648134108765318,0.9263859657809038
2040-02-16 22:00:00+00:00,0.0007895690267694436,0.926389066051501
2040-02-16 23:00:00+00:00,1.1078905332700795e-05,0.9263921668061906
2040-02-17 00:00:00+00:00,1.1104054600991204e-05,0.9263952679360434
2040-02-17 01:00:00+00:00,1.1122517542760282e-05,0.9263983685576828
2040-02-17 02:00:00+00:00,1.1160012957019428e-05,0.926401468358925
2040-02-17 03:00:00+00:00,1.1169863375149739e-05,0.9264045675156272
2040-02-17 04:00:00+00:00,1.1152294885189271e-05,0.9264076664071105
2040-02-17 05:00:00+00:00,1.087904877525979e-05,0.9264107647438781
2040-02-17 06:00:00+00:00,1.0579011940059398e-05,0.9264138620865134
2040-02-17 07:00:00+00:00,1.0232095535511688e-05,0.9264169579052742
2040-02-17 08:00:00+00:00,1.0598518795416316e-05,0.9264200522342159
2040-02-17 09:00:00+00:00,1.0911129052175421e-05,0.926423144992727
2040-02-17 10:00:00+00:00,1.1179785780719414e-05,0.9264262403347528
2040-02-17 11:00:00+00:00,1.140862269571068e-05,0.926429358820095
2040-02-17 12:00:00+00:00,1.1602538528788219e-05,0.9264325211786866
2040-02-17 13:00:00+00:00,1.1764238301164327e-05,0.9264357301909257
2040-02-17 14:00:00+00:00,1.1895186585787521e-05,0.9264389800935572
2040-02-17 15:00:00+00:00,1.1996412478204333e-05,0.9264422528268581
2040-02-17 16:00:00+00:00,1.1845413408385594e-05,0.9264455328989429
2040-02-17 17:00:00+00:00,1.1667692235491717e-05,0.9264488099037738
2040-02-17 18:00:00+00:00,1.1458990830767371e-05,0.926452083302606
2040-02-17 19:00:00+00:00,1.1217074284465716e-05,0.9264553523657505
2040-02-17 20:00:00+00:00,1.0939332366213686e-05,0.9264586179319003
2040-02-17 21:00:00+00:00,1.0623208334607061e-05,0.9264618795742127
2040-02-17 22:00:00+00:00,1.0263382178607825e-05,0.9264651366698825
2040-02-17 23:00:00+00:00,9.854015400861766e-06,0.9264683892057376
2040-02-18 00:00:00+00:00,9.469041116636782e-06,0.9264716357108648
2040-02-18 01:00:00+00:00,9.010078395127285e-06,0.9264748762185422
2040-02-18 02:00:00+00:00,8.397302885604104e-06,0.926478111063923
2040-02-18 03:00:00+00:00,7.674584574897959e-06,0.9264813402043187
2040-02-18 04:00:00+00:00,6.798976566122688e-06,0.9264845633711224
2040-02-18 05:00:00+00:00,5.68979323991565e-06,0.9264877809044547
2040-02-18 06:00:00+00:00,4.111191385409516e-06,0.9264909922233122
2040-02-18 07:00:00+00:00,6.212509123932697e-07,0.9264941973643274
2040-02-18 08:00:00+00:00,2.2462767095556324e-07,0.9264973977168103
2040-02-18 09:00:00+00:00,0.19838155832500917,0.9265005981271707
2040-02-18 10:00:00+00:00,0.39676320978205204,0.9265038014868785
2040-02-18 11:00:00+00:00,0.5951448447001981,0.9265070045332346
2040-02-18 12:00:00+00:00,0.7935264849584442,0.9265102264762552
2040-02-18 13:00:00+00:00,0.9919080452107029,0.9265134652900228
2040-02-18 14:00:00+00:00,0.9999994737847935,0.9265167163916732
2040-02-18 15:00:00+00:00,0.9999959112661975,0.9265199752008593
2040-02-18 16:00:00+00:00,0.8946827451418131,0.9265232263215751
2040-02-18 17:00:00+00:00,0.7087286012472608,0.9265264691623077
2040-02-18 18:00:00+00:00,0.5661262468850384,0.9265297049575041
2040-02-18 19:00:00+00:00,0.4343441823921315,0.9265329338057569
2040-02-18 20:00:00+00:00,0.2969006182137957,0.9265361552137006
2040-02-18 21:00:00+00:00,0.14151360546485883,0.9265393690031053
2040-02-18 22:00:00+00:00,0.03603632915799519,0.9265425751328933
2040-02-18 23:00:00+00:00,0.033381995027534805,0.9265457737364707
2040-02-19 00:00:00+00:00,0.030462478788948075,0.9265489648233458
2040-02-19 01:00:00+00:00,0.030459382091141168,0.9265521486869378
2040-02-19 02:00:00+00:00,0.030457681553949935,0.926555325066247
2040-02-19 03:00:00+00:00,0.03045598949674163,0.9265584933758746
2040-02-19 04:00:00+00:00,0.030454231415883208,0.9265616536153309
2040-02-19 05:00:00+00:00,0.024342323438538337,0.9265648056706934
2040-02-19 06:00:00+00:00,0.015921160760799812,0.9265679499181628
2040-02-19 07:00:00+00:00,6.014710694338781e-07,0.9265710862995715
2040-02-19 08:00:00+00:00,2.620339959124529e-07,0.9265742150469956
2040-02-19 09:00:00+00:00,4.190933398388464e-06,0.9265773409125849
2040-02-19 10:00:00+00:00,7.328032294482716e-06,0.9265804589065455
2040-02-19 11:00:00+00:00,9.182951733800403e-06,0.9265835852325078
2040-02-19 12:00:00+00:00,1.04376693648589e-05,0.9265867285406896
2040-02-19 13:00:00+00:00,1.1323492360268275e-05,0.9265898855291792
2040-02-19 14:00:00+00:00,1.192337738882606e-05,0.9265930545815962
2040-02-19 15:00:00+00:00,1.2300168348995564e-05,0.926596233228579
2040-02-19 16:00:00+00:00,1.187019348819733e-05,0.9265994138350043
2040-02-19 17:00:00+00:00,1.1234683089931703e-05,0.9266025883308877
2040-02-19 18:00:00+00:00,1.0315457781983645e-05,0.9266057551926905
2040-02-19 19:00:00+00:00,9.02935263219064e-06,0.926608919366504
2040-02-19 20:00:00+00:00,7.136490116143768e-06,0.9266120832687763
2040-02-19 21:00:00+00:00,3.864496700643517e-06,0.9266152464297404
2040-02-19 22:00:00+00:00,1.6700889837112013e-06,0.9266184074044267
2040-02-19 23:00:00+00:00,3.521040678836866e-06,0.9266215689388441
2040-02-20 00:00:00+00:00,6.589328761825661e-06,0.9266247242873222
2040-02-20 01:00:00+00:00,8.082334673992526e-06,0.9266278703105534
2040-02-20 02:00:00+00:00,1.2874658063332192e-05,0.9266310092346621
2040-02-20 03:00:00+00:00,1.897961522137828e-05,0.9266341390875646
2040-02-20 04:00:00+00:00,2.309957620923711e-05,0.9266372586271499
2040-02-20 05:00:00+00:00,3.0234460569066716e-05,0.9266403686965831
2040-02-20 06:00:00+00:00,3.592279825352227e-05,0.9266434679165408
2040-02-20 07:00:00+00:00,3.806720127569596e-05,0.9266465549482101
2040-02-20 08:00:00+00:00,0.00010530274472617346,0.9266496364072752
2040-02-20 09:00:00+00:00,0.1984774571084688,0.9266527097127774
2040-02-20 10:00:00+00:00,0.3968588862865379,0.9267862090349313
2040-02-20 11:00:00+00:00,0.5952403059146872,0.9269196974497498
2040-02-20 12:00:00+00:00,0.7936211447753874,0.9269229357539053
2040-02-20 13:00:00+00:00,0.9644657071489826,0.9269259635754893
2040-02-20 14:00:00+00:00,0.9645046360494854,0.9269289801420963
2040-02-20 15:00:00+00:00,0.9645250678855454,0.9269319851828617
2040-02-20 16:00:00+00:00,0.9645294688141708,0.9269349759481516
2040-02-20 17:00:00+00:00,0.96453389991913,0.9269379548883472
2040-02-20 18:00:00+00:00,0.9645383408259522,0.9269409221497049
2040-02-20 19:00:00+00:00,0.9645427634835194,0.9269438774166302
2040-02-20 20:00:00+00:00,0.9645469089004463,0.926946819509937
2040-02-20 21:00:00+00:00,0.9645507205942218,0.92694974846412
2040-02-20 22:00:00+00:00,0.9645544962222993,0.9269526642995618
2040-02-20 23:00:00+00:00,0.964558259976897,0.9269555673650506
2040-02-21 00:00:00+00:00,0.9645620297875472,0.9269584577025987
2040-02-21 01:00:00+00:00,0.9645658035765807,0.926961335285177
2040-02-21 02:00:00+00:00,0.9645695644794816,0.9269641993338524
2040-02-21 03:00:00+00:00,0.9645733158515898,0.9269670501971699
2040-02-21 04:00:00+00:00,0.9645770590379268,0.926969887929238
2040-02-21 05:00:00+00:00,0.9645807993836614,0.9269727122327227
2040-02-21 06:00:00+00:00,0.9645845387625764,0.9269755229540425
2040-02-21 07:00:00+00:00,0.9645882594176864,0.9269783191883774
2040-02-21 08:00:00+00:00,0.9646281480682959,0.9269811029953833
2040-02-21 09:00:00+00:00,0.9646682739685685,0.9269838718680323
2040-02-21 10:00:00+00:00,0.998531279025219,0.9269866253836858
2040-02-21 11:00:00+00:00,0.9985742337383405,0.9269893608732378
2040-02-21 12:00:00+00:00,0.9986167337858397,0.9269920736239113
2040-02-21 13:00:00+00:00,0.9986611194072161,0.9269947539591481
2040-02-21 14:00:00+00:00,0.9987066426897584,0.9269973884399424
2040-02-21 15:00:00+00:00,0.9987433697115351,0.9269999776308635
2040-02-21 16:00:00+00:00,0.9987478758115325,0.9270025409474856
2040-02-21 17:00:00+00:00,0.9987524139915039,0.9270050860634845
2040-02-21 18:00:00+00:00,0.9987569776573056,0.9270076144123326
2040-02-21 19:00:00+00:00,0.9987615726580222,0.9270101254959289
2040-02-21 20:00:00+00:00,0.9987661991461775,0.9270126204265485
2040-02-21 21:00:00+00:00,0.9987708501962759,0.9270150982603804
2040-02-21 22:00:00+00:00,0.9987755149166441,0.9270175574105842
2040-02-21 23:00:00+00:00,0.9987802198663845,0.9270199972419972
2040-02-22 00:00:00+00:00,0.9987848949404166,0.9270224171021071
2040-02-22 01:00:00+00:00,0.998789626039346,0.9270248182960931
2040-02-22 02:00:00+00:00,0.9987943719263426,0.9270272007373666
2040-02-22 03:00:00+00:00,0.9987990610212397,0.9270295582106695
2040-02-22 04:00:00+00:00,0.9988034931895621,0.9270318934864347
2040-02-22 05:00:00+00:00,0.9988076267448411,0.9270341988116648
2040-02-22 06:00:00+00:00,0.9988125220884518,0.9270364744868412
2040-02-22 07:00:00+00:00,0.9988169123618588,0.9270387295399114
2040-02-22 08:00:00+00:00,0.9988218551756138,0.9270409623346101
2040-02-22 09:00:00+00:00,0.9990229348707869,0.9270431708707616
2040-02-22 10:00:00+00:00,0.9992749355575552,0.9270453451043414
2040-02-22 11:00:00+00:00,0.9996626433125715,0.9270474621827455
2040-02-22 12:00:00+00:00,0.9996678325261488,0.9270495046951703
2040-02-22 13:00:00+00:00,0.999673174258287,0.9270514684753133
2040-02-22 14:00:00+00:00,0.9996786186926238,0.9270533526194968
2040-02-22 15:00:00+00:00,0.9996842433834757,0.9270551677996323
2040-02-22 16:00:00+00:00,0.999690062199657,0.9270569276892464
2040-02-22 17:00:00+00:00,0.9996960811083503,0.9270586464977214
2040-02-22 18:00:00+00:00,0.9997023187728656,0.9270603286341275
2040-02-22 19:00:00+00:00,0.9997087312713264,0.9270619817492013
2040-02-22 20:00:00+00:00,0.9997101759750707,0.9270636089323031
2040-02-22 21:00:00+00:00,0.9997116220553769,0.9270652137623138
2040-02-22 22:00:00+00:00,0.9997126260814209,0.9270667939094538
2040-02-22 23:00:00+00:00,0.9997136011829709,0.9270683481286819
2040-02-23 00:00:00+00:00,0.9997142617728436,0.9270698757625347
2040-02-23 01:00:00+00:00,0.9997149356060027,0.9270713779193288
2040-02-23 02:00:00+00:00,0.9997156262602215,0.9270728540175973
2040-02-23 03:00:00+00:00,0.99971674981324,0.9270742989852784
2040-02-23 04:00:00+00:00,0.9997178558459111,0.9270757118980858
2040-02-23 05:00:00+00:00,0.999718917726281,0.9270770921713178
2040-02-23 06:00:00+00:00,0.9997197604593272,0.9270784424361628
2040-02-23 07:00:00+00:00,0.9997205813991719,0.9270797600295264
2040-02-23 08:00:00+00:00,0.9997232111315184,0.927081048376822
2040-02-23 09:00:00+00:00,0.9997258348393083,0.9270823061406963
2040-02-23 10:00:00+00:00,0.9997285464876897,0.9270835133070636
2040-02-23 11:00:00+00:00,0.9997298560500252,0.9270846297465828
2040-02-23 12:00:00+00:00,0.999731196192469,0.9270856451600172
2040-02-23 13:00:00+00:00,0.9997325615184894,0.9270865601075867
2040-02-23 14:00:00+00:00,0.9997339637891552,0.9270873838032985
2040-02-23 15:00:00+00:00,0.9997354070794325,0.9270881462893126
2040-02-23 16:00:00+00:00,0.9997357087840429,0.927088871775544
2040-02-23 17:00:00+00:00,0.999736033937396,0.9270895718618739
2040-02-23 18:00:00+00:00,0.9997363778374911,0.9270902502260477
2040-02-23 19:00:00+00:00,0.9997367393392061,0.9270909094945572
2040-02-23 20:00:00+00:00,0.9997371154567821,0.9270915497806548
2040-02-23 21:00:00+00:00,0.9997375076829652,0.9270921709184802
2040-02-23 22:00:00+00:00,0.9997379088460724,0.9270927727016196
2040-02-23 23:00:00+00:00,0.9997383287052822,0.9270933550700873
2040-02-24 00:00:00+00:00,0.9997387683598303,0.9270939182054629
2040-02-24 01:00:00+00:00,0.9997392332875381,0.9270944625492176
2040-02-24 02:00:00+00:00,0.9997397157393485,0.9270949881104914
2040-02-24 03:00:00+00:00,0.9997402181437618,0.9270954952136998
2040-02-24 04:00:00+00:00,0.9997407462021216,0.9270959832498901
2040-02-24 05:00:00+00:00,0.999741299108353,0.927096452422478
2040-02-24 06:00:00+00:00,0.9997418763653789,0.9270969024397184
2040-02-24 07:00:00+00:00,0.9997424772662107,0.9270973331886365
2040-02-24 08:00:00+00:00,0.9997430508457488,0.927097744582205
2040-02-24 09:00:00+00:00,0.9997451657389824,0.9270981379437908
2040-02-24 10:00:00+00:00,0.9997473362098626,0.92709850725546
2040-02-24 11:00:00+00:00,0.9997495591113171,0.92709883094006
2040-02-24 12:00:00+00:00,0.9997518427703591,0.9270990881113603
2040-02-24 13:00:00+00:00,0.9997541636175279,0.9270992769882229
2040-02-24 14:00:00+00:00,0.99975653976874,0.927099403737001
2040-02-24 15:00:00+00:00,0.9997589864779804,0.9270994865936065
2040-02-24 16:00:00+00:00,0.9997614846606269,0.927099541270754
2040-02-24 17:00:00+00:00,0.9997622620740292,0.927099575119817
2040-02-24 18:00:00+00:00,0.999764870487015,0.9270995903264003
2040-02-24 19:00:00+00:00,0.9997675430241891,0.9270995858495195
2040-02-24 20:00:00+00:00,0.9997703307798118,0.9270995614450454
2040-02-24 21:00:00+00:00,0.9997729012262084,0.9270995172720011
2040-02-24 22:00:00+00:00,0.9997754892629723,0.9270994538148486
2040-02-24 23:00:00+00:00,0.9997781144591692,0.9270993710864169
2040-02-25 00:00:00+00:00,0.9997808035700022,0.9270992683500026
2040-02-25 01:00:00+00:00,0.999783563721945,0.9270991453813926
2040-02-25 02:00:00+00:00,0.9997867517340274,0.9270990023506931
2040-02-25 03:00:00+00:00,0.9997900318811349,0.9270988389700362
2040-02-25 04:00:00+00:00,0.9997934389236824,0.927098655248021
2040-02-25 05:00:00+00:00,0.9997969321012642,0.9270984512392357
2040-02-25 06:00:00+00:00,0.9998005358579847,0.9270982272966155
2040-02-25 07:00:00+00:00,0.999804254842688,0.9270979828645685
2040-02-25 08:00:00+00:00,0.9998080609885807,0.9270977180541025
2040-02-25 09:00:00+00:00,0.9998119919870903,0.9270974334318991
2040-02-25 10:00:00+00:00,0.9998160623474119,0.927097131503718
2040-02-25 11:00:00+00:00,0.9998202921166505,0.927096809364912
2040-02-25 12:00:00+00:00,0.9998246852125506,0.9270964514382025
2040-02-25 13:00:00+00:00,0.9998292558681953,0.9270960577944698
2040-02-25 14:00:00+00:00,0.9998340437218337,0.9270956318262389
2040-02-25 15:00:00+00:00,0.9998390705612581,0.9270951856644424
2040-02-25 16:00:00+00:00,0.9998443680272849,0.9270947416059724
2040-02-25 17:00:00+00:00,0.9998498977308911,0.9270942993041927
2040-02-25 18:00:00+00:00,0.9998557802203335,0.9270938522060231
2040-02-25 19:00:00+00:00,0.9998620769673894,0.927093387115764
2040-02-25 20:00:00+00:00,0.9998687751832754,0.9270929026296405
2040-02-25 21:00:00+00:00,0.99987591583398,0.9270923981763102
2040-02-25 22:00:00+00:00,0.9998824500862747,0.9270918731061204
2040-02-25 23:00:00+00:00,0.9998908420444078,0.9270913264428172
2040-02-26 00:00:00+00:00,0.9999001216961569,0.9270907573721604
2040-02-26 01:00:00+00:00,0.9999105809976339,0.9270901662521333
2040-02-26 02:00:00+00:00,0.9999226993314255,0.9270895530097909
2040-02-26 03:00:00+00:00,0.9999373683601741,0.9270889179470806
2040-02-26 04:00:00+00:00,0.9999566038688301,0.9270882606066939
2040-02-26 05:00:00+00:00,0.9999910392021474,0.9270875803451666
2040-02-26 06:00:00+00:00,0.9999914938009694,0.9270868721540083
2040-02-26 07:00:00+00:00,0.9999912963657072,0.9270861389660019
2040-02-26 08:00:00+00:00,0.9999925467385882,0.9270853834311784
2040-02-26 09:00:00+00:00,0.9999915950185416,0.9270846010353164
2040-02-26 10:00:00+00:00,0.9999910875121024,0.9270837967297741
2040-02-26 11:00:00+00:00,0.9999908607404037,0.9270829693531795
2040-02-26 12:00:00+00:00,0.9999897503625289,0.9270821458466068
2040-02-26 13:00:00+00:00,0.9999889760501585,0.927081360094336
2040-02-26 14:00:00+00:00,0.9999892149715002,0.9270806139614102
2040-02-26 15:00:00+00:00,0.9999897170386325,0.9270798991352744
2040-02-26 16:00:00+00:00,0.9999859734018028,0.9270792046874519
2040-02-26 17:00:00+00:00,0.9999818685090665,0.9270785185948804
2040-02-26 18:00:00+00:00,0.9999787614220564,0.9270778385478898
2040-02-26 19:00:00+00:00,0.9999771359578676,0.9270771484962412
2040-02-26 20:00:00+00:00,0.9999762100056552,0.9270764609401445
2040-02-26 21:00:00+00:00,0.9999754262695711,0.9270757778860699
2040-02-26 22:00:00+00:00,0.9999747645645617,0.9270750972114555
2040-02-26 23:00:00+00:00,0.9999742578383879,0.92707441562671
2040-02-27 00:00:00+00:00,0.9999738522487858,0.9270737256822364
2040-02-27 01:00:00+00:00,0.9999735406868853,0.9270730246190689
2040-02-27 02:00:00+00:00,0.999973320131218,0.927072308772663
2040-02-27 03:00:00+00:00,0.9999731828786659,0.9270715754619353
2040-02-27 04:00:00+00:00,0.9999727800616708,0.9270708223793663
2040-02-27 05:00:00+00:00,0.9999724593697059,0.9270700485866153
2040-02-27 06:00:00+00:00,0.9999722201530022,0.92706925186862
2040-02-27 07:00:00+00:00,0.9999716248882315,0.927068430359981
2040-02-27 08:00:00+00:00,0.9999715319284909,0.9270675857589882
2040-02-27 09:00:00+00:00,0.9999715232931284,0.9270667219956121
2040-02-27 10:00:00+00:00,0.999971170411102,0.9270658544478011
2040-02-27 11:00:00+00:00,0.9999712856923314,0.9270649990397332
2040-02-27 12:00:00+00:00,0.9999710853692328,0.9270641634363163
2040-02-27 13:00:00+00:00,0.9999715787009176,0.9270633514677886
2040-02-27 14:00:00+00:00,0.9999721683571174,0.9270625613657096
2040-02-27 15:00:00+00:00,0.9999728575677218,0.9270617818833595
2040-02-27 16:00:00+00:00,0.9999734043718382,0.9270610002933929
2040-02-27 17:00:00+00:00,0.9999722313437364,0.9270602018747707
2040-02-27 18:00:00+00:00,0.9999716969951241,0.9270593801098093
2040-02-27 19:00:00+00:00,0.9999711120489629,0.9270585337444621
2040-02-27 20:00:00+00:00,0.999970624104873,0.9270576617770454
2040-02-27 21:00:00+00:00,0.9999702566691312,0.9270567640236811
2040-02-27 22:00:00+00:00,0.9999701375265613,0.9270558412963308
2040-02-27 23:00:00+00:00,0.9999700601066263,0.9270548932242182
2040-02-28 00:00:00+00:00,0.9999701158651372,0.9270539198661929
2040-02-28 01:00:00+00:00,0.9999687551353442,0.9270529202744664
2040-02-28 02:00:00+00:00,0.9999675194053221,0.9270518954797807
2040-02-28 03:00:00+00:00,0.9999663866506961,0.9270508456035762
2040-02-28 04:00:00+00:00,0.9999653372189091,0.927049770047459
2040-02-28 05:00:00+00:00,0.9999643694233209,0.9270486687791616
2040-02-28 06:00:00+00:00,0.9999634821333774,0.9270475419212914
2040-02-28 07:00:00+00:00,0.9999626686659057,0.9270463894189624
2040-02-28 08:00:00+00:00,0.9999619090840125,0.9270452108631345
2040-02-28 09:00:00+00:00,0.9999612103463973,0.9270440064179083
2040-02-28 10:00:00+00:00,0.9999605664896615,0.9270427797025522
2040-02-28 11:00:00+00:00,0.999959973295711,0.9270415590622921
2040-02-28 12:00:00+00:00,0.9999594366149945,0.9270403552550988
2040-02-28 13:00:00+00:00,0.9999589454272447,0.9270391789203895
2040-02-28 14:00:00+00:00,0.9999585027577764,0.9270380275157922
2040-02-28 15:00:00+00:00,0.9999581055901807,0.9270368911132352
2040-02-28 16:00:00+00:00,0.9999577569515281,0.9270357554297852
2040-02-28 17:00:00+00:00,0.9999574592517997,0.927034602677294
2040-02-28 18:00:00+00:00,0.9999572041481837,0.9270334249604693
2040-02-28 19:00:00+00:00,0.9999569878923088,0.9270322224997721
2040-02-28 20:00:00+00:00,0.999956810818026,0.9270309943468205
2040-02-28 21:00:00+00:00,0.9999568012084515,0.9270297398435194
2040-02-28 22:00:00+00:00,0.9999569377332096,0.9270284597158881
2040-02-28 23:00:00+00:00,0.9999574366977916,0.9270271541329407
2040-02-29 00:00:00+00:00,0.9999579866470408,0.9270258225200023
2040-02-29 01:00:00+00:00,0.999958591035911,0.9270244646346365
2040-02-29 02:00:00+00:00,0.9999592524052527,0.9270230809468781
2040-02-29 03:00:00+00:00,0.9999598702423577,0.9270216711609875
2040-02-29 04:00:00+00:00,0.9999604938807786,0.9270202352061538
2040-02-29 05:00:00+00:00,0.9999606714919288,0.9270187729486536
2040-02-29 06:00:00+00:00,0.9999608910235942,0.9270172851357352
2040-02-29 07:00:00+00:00,0.9999611495759264,0.9270157714553473
2040-02-29 08:00:00+00:00,0.9999622199224443,0.927014232402186
2040-02-29 09:00:00+00:00,0.9999633903211572,0.9270126678696742
2040-02-29 10:00:00+00:00,0.9999646626115255,0.9270110817100321
2040-02-29 11:00:00+00:00,0.9999660516121611,0.9270094902561259
2040-02-29 12:00:00+00:00,0.9999675817144045,0.9270079032742078
2040-02-29 13:00:00+00:00,0.9999692675505759,0.9270063238650307
2040-02-29 14:00:00+00:00,0.9999711439778944,0.9270047553442927
2040-02-29 15:00:00+00:00,0.9999732531333081,0.9270031910588168
2040-02-29 16:00:00+00:00,0.99997567103449,0.92700161596212
2040-02-29 17:00:00+00:00,0.9999785245759281,0.9270000210371128
2040-02-29 18:00:00+00:00,0.9999820158279826,0.9269983987560529
2040-02-29 19:00:00+00:00,0.9999832535786276,0.9269967524735718
2040-02-29 20:00:00+00:00,0.9999847102088143,0.926995080071453
2040-02-29 21:00:00+00:00,0.9999976884548926,0.9269933801478139
2040-02-29 22:00:00+00:00,0.9999980776391287,0.9269916516778413
2040-02-29 23:00:00+00:00,0.9999994515126626,0.9269898959047846
2040-03-01 00:00:00+00:00,0.999999557432046,0.9269881108395128
2040-03-01 01:00:00+00:00,0.9999978451475263,0.9269862960953509
2040-03-01 02:00:00+00:00,0.9999960096653007,0.9269844534709943
2040-03-01 03:00:00+00:00,0.9999949004321149,0.9269825830636345
2040-03-01 04:00:00+00:00,0.997574811602081,0.9269806845424753
2040-03-01 05:00:00+00:00,0.9309903372896455,0.9269787578024448
2040-03-01 06:00:00+00:00,0.8798456089342516,0.9269768038691345
2040-03-01 07:00:00+00:00,0.8391977886473504,0.9269748224842208
2040-03-01 08:00:00+00:00,0.8284593701370598,0.9269728131092337
2040-03-01 09:00:00+00:00,0.802571143761046,0.9269707761407576
2040-03-01 10:00:00+00:00,0.7768414703908505,0.926968716379273
2040-03-01 11:00:00+00:00,0.7485637366662117,0.9269666459983632
2040-03-01 12:00:00+00:00,0.7216008470656509,0.9269645865939297
2040-03-01 13:00:00+00:00,0.7215976545089189,0.9269625406048568
2040-03-01 14:00:00+00:00,0.721596102387505,0.9269605015518344
2040-03-01 15:00:00+00:00,0.7215945496953329,0.9269584552989937
2040-03-01 16:00:00+00:00,0.7215740283323799,0.9269563865934806
2040-03-01 17:00:00+00:00,0.6967014487815482,0.9269542897398119
2040-03-01 18:00:00+00:00,0.6727689865937577,0.9269521644582087
2040-03-01 19:00:00+00:00,0.6503598533751526,0.9269500112166943
2040-03-01 20:00:00+00:00,0.6291818895541097,0.9269478299678923
2040-03-01 21:00:00+00:00,0.6088057446436819,0.9269456209391753
2040-03-01 22:00:00+00:00,0.5889684746004362,0.9269433840310043
2040-03-01 23:00:00+00:00,0.5695208697064147,0.9269411190397835
2040-03-02 00:00:00+00:00,0.5504828638446402,0.9269388253748485
2040-03-02 01:00:00+00:00,0.5317112023484172,0.926936503112432
2040-03-02 02:00:00+00:00,0.5130496475357674,0.926934152580419
2040-03-02 03:00:00+00:00,0.4939419675490075,0.926931772725403
2040-03-02 04:00:00+00:00,0.4737386114683009,0.9269293641684258
2040-03-02 05:00:00+00:00,0.4539112039523573,0.9269269266746116
2040-03-02 06:00:00+00:00,0.43157872834948074,0.9269244593717618
2040-03-02 07:00:00+00:00,0.4122674063496807,0.9269219639060722
2040-03-02 08:00:00+00:00,0.4122659250885031,0.9269194391619721
2040-03-02 09:00:00+00:00,0.4122644625825787,0.9269168854096028
2040-03-02 10:00:00+00:00,0.41226300475647554,0.9269143036193397
2040-03-02 11:00:00+00:00,0.4122615509822693,0.926911706214635
2040-03-02 12:00:00+00:00,0.41226010300924726,0.9269091168119413
2040-03-02 13:00:00+00:00,0.4122586566496765,0.9269065374411264
2040-03-02 14:00:00+00:00,0.3970654218362761,0.9269039648580955
2040-03-02 15:00:00+00:00,0.3813057081527067,0.9269014022927975
2040-03-02 16:00:00+00:00,0.3643606911357716,0.9268988322696157
2040-03-02 17:00:00+00:00,0.11321908414726335,0.9268962356655631
2040-03-02 18:00:00+00:00,0.03572145108631737,0.9268936104798366
2040-03-02 19:00:00+00:00,4.591197188714245e-05,0.9268909564663164
2040-03-02 20:00:00+00:00,7.646521480991367e-06,0.9268882737765488
2040-03-02 21:00:00+00:00,3.913624969472421e-06,0.9268855623470215
2040-03-02 22:00:00+00:00,1.6506757661425363e-07,0.9268828205296555
2040-03-02 23:00:00+00:00,1.938807560809621e-06,0.9268800551202783
2040-03-03 00:00:00+00:00,3.503855158605492e-06,0.9268772620400421
2040-03-03 01:00:00+00:00,5.2282439975711785e-06,0.9268744406724636
2040-03-03 02:00:00+00:00,6.1247789270727395e-06,0.9268715900463602
2040-03-03 03:00:00+00:00,6.566857533801987e-06,0.9268687102464002
2040-03-03 04:00:00+00:00,6.5767465871609885e-06,0.9268658011186143
2040-03-03 05:00:00+00:00,5.575337036527659e-06,0.926862862214043
2040-03-03 06:00:00+00:00,3.555099282455936e-06,0.9268598900779821
2040-03-03 07:00:00+00:00,7.484656349084073e-07,0.9268568890356057
2040-03-03 08:00:00+00:00,0.003390428107839483,0.9268538761873409
2040-03-03 09:00:00+00:00,0.02112928597492933,0.9268508345028867
2040-03-03 10:00:00+00:00,0.21950497603630736,0.9268477825352812
2040-03-03 11:00:00+00:00,0.41788130083511144,0.9268447235636744
2040-03-03 12:00:00+00:00,0.6162575235822667,0.9268416630548448
2040-03-03 13:00:00+00:00,0.8146332363211733,0.9268386055573449
2040-03-03 14:00:00+00:00,0.8236420043721654,0.9268355440154542
2040-03-03 15:00:00+00:00,0.8251466962974583,0.926832471690747
2040-03-03 16:00:00+00:00,0.8251508826807239,0.9268293686059087
2040-03-03 17:00:00+00:00,0.8251551591190373,0.9268262248933455
2040-03-03 18:00:00+00:00,0.825159433475586,0.9268230383042048
2040-03-03 19:00:00+00:00,0.8251637079273414,0.9268198186381842
2040-03-03 20:00:00+00:00,0.825167982178728,0.9268165660394
2040-03-03 21:00:00+00:00,0.8251722461298636,0.9268132812600465
2040-03-03 22:00:00+00:00,0.8251764920426362,0.9268099652529456
2040-03-03 23:00:00+00:00,0.8251807267247321,0.9268066191161698
2040-03-04 00:00:00+00:00,0.8251849576531428,0.9268032427817311
2040-03-04 01:00:00+00:00,0.8251891907558183,0.926799835332179
2040-03-04 02:00:00+00:00,0.8251934324603917,0.926796397355134
2040-03-04 03:00:00+00:00,0.8251976831982317,0.9267929284409623
2040-03-04 04:00:00+00:00,0.8252019383862602,0.9267894290629717
2040-03-04 05:00:00+00:00,0.8252061909599759,0.9267858994983192
2040-03-04 06:00:00+00:00,0.8252104373189625,0.9267823395715308
2040-03-04 07:00:00+00:00,0.8252146269960612,0.9267787494497995
2040-03-04 08:00:00+00:00,0.8252496718401318,0.926775132323559
2040-03-04 09:00:00+00:00,0.8920126199477417,0.9267714877841543
2040-03-04 10:00:00+00:00,0.9366686957661826,0.9267678181727944
2040-03-04 11:00:00+00:00,0.9383908114334362,0.9267641281328767
2040-03-04 12:00:00+00:00,0.9927064500348383,0.9267603821880568
2040-03-04 13:00:00+00:00,0.9951325919368544,0.9267565512936039
2040-03-04 14:00:00+00:00,0.999935885129913,0.9267526343452355
2040-03-04 15:00:00+00:00,0.9999876958057135,0.9267486335289122
2040-03-04 16:00:00+00:00,0.9999801693057357,0.9267445429022337
2040-03-04 17:00:00+00:00,0.7653910810157185,0.9267403876140977
2040-03-04 18:00:00+00:00,0.5681951826363234,0.9267361695832463
2040-03-04 19:00:00+00:00,0.5223584045660855,0.926731901083294
2040-03-04 20:00:00+00:00,0.5220747186725168,0.9267275663796529
2040-03-04 21:00:00+00:00,0.5220265636729784,0.9267231635556976
2040-03-04 22:00:00+00:00,0.5193612493632149,0.9267186978974141
2040-03-04 23:00:00+00:00,0.5167660124917425,0.9267141740279539
2040-03-05 00:00:00+00:00,0.5141675265684135,0.9267096031025026
2040-03-05 01:00:00+00:00,0.5115515397207394,0.9267049868442417
2040-03-05 02:00:00+00:00,0.5089250716509953,0.9267003298478618
2040-03-05 03:00:00+00:00,0.5063033345132263,0.9266956346053052
2040-03-05 04:00:00+00:00,0.5036903256501102,0.9266909029932258
2040-03-05 05:00:00+00:00,0.5010732115828673,0.9266861370118656
2040-03-05 06:00:00+00:00,0.31293129146690907,0.9266813383463578
2040-03-05 07:00:00+00:00,0.2845186953502154,0.9266765088831366
2040-03-05 08:00:00+00:00,0.22904996870273472,0.9266716477454073
2040-03-05 09:00:00+00:00,0.005291802873261996,0.9266667617783194
2040-03-05 10:00:00+00:00,1.4787571416122878e-05,0.9266618475054674
2040-03-05 11:00:00+00:00,2.23684182455841e-05,0.9266569055891909
2040-03-05 12:00:00+00:00,2.7476528695384773e-05,0.9266519201364729
2040-03-05 13:00:00+00:00,3.148525380015593e-05,0.9266468886214476
2040-03-05 14:00:00+00:00,3.4818716746891416e-05,0.9266418086304521
2040-03-05 15:00:00+00:00,3.760453703511695e-05,0.9266366857174618
2040-03-05 16:00:00+00:00,3.8351356534719174e-05,0.926631523656092
2040-03-05 17:00:00+00:00,3.894717904704264e-05,0.9266263283219027
2040-03-05 18:00:00+00:00,3.940929769665021e-05,0.9266211025270849
2040-03-05 19:00:00+00:00,4.1055438709451273e-05,0.926615847310975
2040-03-05 20:00:00+00:00,4.244740379711713e-05,0.9266105609872513
2040-03-05 21:00:00+00:00,4.364369034575182e-05,0.9266052423602088
2040-03-05 22:00:00+00:00,4.466661516051022e-05,0.9265998914951012
2040-03-05 23:00:00+00:00,4.461584910689243e-05,0.9265945061644845
2040-03-06 00:00:00+00:00,4.444295085826646e-05,0.9265890903146001
2040-03-06 01:00:00+00:00,4.413773999888095e-05,0.9265836434574468
2040-03-06 02:00:00+00:00,4.454273697349816e-05,0.926578168160441
2040-03-06 03:00:00+00:00,4.4805860284665e-05,0.9265726648144759
2040-03-06 04:00:00+00:00,4.398139273278309e-05,0.9265671370487765
2040-03-06 05:00:00+00:00,4.30055935256381e-05,0.9265615917110829
2040-03-06 06:00:00+00:00,4.18698836621868e-05,0.9265560299558633
2040-03-06 07:00:00+00:00,4.056105376403613e-05,0.9265504479866589
2040-03-06 08:00:00+00:00,4.376514561756931e-05,0.9265448575695321
2040-03-06 09:00:00+00:00,4.6556909085892725e-05,0.9265392538081065
2040-03-06 10:00:00+00:00,4.899195007744355e-05,0.9265336484907373
2040-03-06 11:00:00+00:00,5.5341057296535285e-05,0.9265280244009103
2040-03-06 12:00:00+00:00,6.0774866717485384e-05,0.926522359877382
2040-03-06 13:00:00+00:00,6.554343770055223e-05,0.9265166402475458
2040-03-06 14:00:00+00:00,6.707048852771772e-05,0.9265108625054544
2040-03-06 15:00:00+00:00,6.843097209870609e-05,0.926505034185027
2040-03-06 16:00:00+00:00,6.965646808468913e-05,0.9264991682034833
2040-03-06 17:00:00+00:00,7.074377874769228e-05,0.9264932800454058
2040-03-06 18:00:00+00:00,7.168996143604257e-05,0.9264873842847736
2040-03-06 19:00:00+00:00,7.251408771930376e-05,0.9264815007547728
2040-03-06 20:00:00+00:00,7.348107516103149e-05,0.9264756153819963
2040-03-06 21:00:00+00:00,7.409003512581445e-05,0.9264697096546431
2040-03-06 22:00:00+00:00,7.459301817438944e-05,0.9264637768812926
2040-03-06 23:00:00+00:00,7.49948533246617e-05,0.9264578149899
2040-03-07 00:00:00+00:00,7.529782891762293e-05,0.9264518235142124
2040-03-07 01:00:00+00:00,7.550239730462165e-05,0.9264458010111971
2040-03-07 02:00:00+00:00,7.560694544734771e-05,0.9264397467936438
2040-03-07 03:00:00+00:00,7.56199800303281e-05,0.9264336653191617
2040-03-07 04:00:00+00:00,7.553764066874166e-05,0.926427555502874
2040-03-07 05:00:00+00:00,7.535877896392293e-05,0.9264214190392418
2040-03-07 06:00:00+00:00,7.505779295752608e-05,0.9264152524945186
2040-03-07 07:00:00+00:00,7.609419530197882e-05,0.9264090614843749
2040-03-07 08:00:00+00:00,8.217834049069351e-05,0.9264028518660217
2040-03-07 09:00:00+00:00,8.762142557690817e-05,0.9263966163322853
2040-03-07 10:00:00+00:00,9.258633755963702e-05,0.9263903517522243
2040-03-07 11:00:00+00:00,9.712766746321294e-05,0.9263840419358468
2040-03-07 12:00:00+00:00,0.00010134433714260131,0.9263776875641726
2040-03-07 13:00:00+00:00,0.00010289347864673046,0.9263712838747797
2040-03-07 14:00:00+00:00,0.00010409591661389167,0.9263648496116011
2040-03-07 15:00:00+00:00,0.00010518197772998841,0.9263584261408228
2040-03-07 16:00:00+00:00,0.00010617743942554376,0.9263520336650559
2040-03-07 17:00:00+00:00,0.00010708749155716861,0.9263456875767133
2040-03-07 18:00:00+00:00,0.0001079121328679695,0.9263393862200243
2040-03-07 19:00:00+00:00,0.0001086565643651272,0.9263331279328301
2040-03-07 20:00:00+00:00,0.00010931750260418903,0.9263269164329259
2040-03-07 21:00:00+00:00,0.00010989371626198813,0.9263207632365617
2040-03-07 22:00:00+00:00,0.00011040017528900515,0.9263147006268397
2040-03-07 23:00:00+00:00,0.00011083637992872105,0.9263086553874176
2040-03-08 00:00:00+00:00,0.00011120405759986172,0.9263026197655874
2040-03-08 01:00:00+00:00,0.00011151903101272991,0.9262966092128884
2040-03-08 02:00:00+00:00,0.00011231428132668132,0.9262906198439175
2040-03-08 03:00:00+00:00,0.00011385382190075314,0.9262846612198863
2040-03-08 04:00:00+00:00,0.0001152771001881879,0.9262787438385653
2040-03-08 05:00:00+00:00,0.00011661032095863196,0.9262729004400071
2040-03-08 06:00:00+00:00,0.00011751185465089679,0.9262671403560919
2040-03-08 07:00:00+00:00,0.00011733540969819585,0.926261400586177
2040-03-08 08:00:00+00:00,0.00011711661267507477,0.9262556733403022
2040-03-08 09:00:00+00:00,0.00011810689058937747,0.9262499630797261
2040-03-08 10:00:00+00:00,0.0001177625072438291,0.9262442436493881
2040-03-08 11:00:00+00:00,0.00011734522766821617,0.9262384987781971
2040-03-08 12:00:00+00:00,0.00011684842967328983,0.9262327197067741
2040-03-08 13:00:00+00:00,0.00011828994759698625,0.9262269079426182
2040-03-08 14:00:00+00:00,0.0001196166660531048,0.9262210528011132
2040-03-08 15:00:00+00:00,0.00011983247837382252,0.9262151549421914
2040-03-08 16:00:00+00:00,0.00012049984058699789,0.9262092363856786
2040-03-08 17:00:00+00:00,0.00012021763954589524,0.9262032910569297
2040-03-08 18:00:00+00:00,0.00011986459982592464,0.9261973151298882
2040-03-08 19:00:00+00:00,0.00011986031890356865,0.9261913107984594
2040-03-08 20:00:00+00:00,0.00011968537052166328,0.926185275327007
2040-03-08 21:00:00+00:00,0.0001194061887842258,0.9261792090178239
2040-03-08 22:00:00+00:00,0.00011876408741611633,0.9261731109806224
2040-03-08 23:00:00+00:00,0.00011805107052940804,0.9261669817796606
2040-03-09 00:00:00+00:00,0.00011725143624344956,0.9261608220259225
2040-03-09 01:00:00+00:00,0.00011637169567299482,0.9261546346642805
2040-03-09 02:00:00+00:00,0.00011587558909602528,0.9261484252758354
2040-03-09 03:00:00+00:00,0.00011478890590986148,0.9261421922078502
2040-03-09 04:00:00+00:00,0.00011473689607670724,0.9261359397785525
2040-03-09 05:00:00+00:00,0.00011465308885620287,0.9261296663515307
2040-03-09 06:00:00+00:00,0.00011331176858161595,0.9261233773982881
2040-03-09 07:00:00+00:00,0.00011268188113735095,0.9261170846142898
2040-03-09 08:00:00+00:00,0.000115156360422645,0.9261107986143983
2040-03-09 09:00:00+00:00,0.0001174855451394891,0.9261044960678634
2040-03-09 10:00:00+00:00,0.00011965243581441381,0.9260981707940626
2040-03-09 11:00:00+00:00,0.00012167861708078711,0.926091810805624
2040-03-09 12:00:00+00:00,0.0001236099633246718,0.9260853924780801
2040-03-09 13:00:00+00:00,0.00012486875313450475,0.9260789090250656
2040-03-09 14:00:00+00:00,0.0001260324051893493,0.9260723636341573
2040-03-09 15:00:00+00:00,0.00012759039966734275,0.9260657522192881
2040-03-09 16:00:00+00:00,0.0001275849768772291,0.9260590796161516
2040-03-09 17:00:00+00:00,0.00012751783157162743,0.9260523733315914
2040-03-09 18:00:00+00:00,0.00012736779933704678,0.9260456357209177
2040-03-09 19:00:00+00:00,0.00012854287508854047,0.9260388752532007
2040-03-09 20:00:00+00:00,0.00012833438902379906,0.9260320745376556
2040-03-09 21:00:00+00:00,0.00012806430246674997,0.9260252415772693
2040-03-09 22:00:00+00:00,0.00012786839862276924,0.9260183787924164
2040-03-09 23:00:00+00:00,0.00012750440712821858,0.9260114831229772
2040-03-10 00:00:00+00:00,0.0001269495778845878,0.9260045551322772
2040-03-10 01:00:00+00:00,0.00012633818231062556,0.925997595369605
2040-03-10 02:00:00+00:00,0.00012557462636988336,0.925990603949672
2040-03-10 03:00:00+00:00,0.00012652980608893142,0.9259835936381323
2040-03-10 04:00:00+00:00,0.00012854694847265984,0.9259765599082133
2040-03-10 05:00:00+00:00,0.0001304476170157646,0.9259694948026969
2040-03-10 06:00:00+00:00,0.00013222742031323716,0.925962402777868
2040-03-10 07:00:00+00:00,0.0001338846680945683,0.92595527933698
2040-03-10 08:00:00+00:00,0.0001354318472111379,0.9259481229907743
2040-03-10 09:00:00+00:00,0.00013680108424687982,0.9259409336381274
2040-03-10 10:00:00+00:00,0.00013809918675411885,0.9259336948033727
2040-03-10 11:00:00+00:00,0.00013941690118747025,0.9259263951066946
2040-03-10 12:00:00+00:00,0.00014069718404357794,0.925919022515134
2040-03-10 13:00:00+00:00,0.00014179933709323707,0.9259115642105985
2040-03-10 14:00:00+00:00,0.00014281909571688025,0.9259040233905776
2040-03-10 15:00:00+00:00,0.00014377415737644287,0.9258964086790017
2040-03-10 16:00:00+00:00,0.061848143974227034,0.9258887980309614
2040-03-10 17:00:00+00:00,0.11151253081097552,0.9258811438676895
2040-03-10 18:00:00+00:00,0.1583371052117853,0.925873454817757
2040-03-10 19:00:00+00:00,0.20040815782352286,0.9258657344537514
2040-03-10 20:00:00+00:00,0.23993683006093044,0.9258579840006851
2040-03-10 21:00:00+00:00,0.27818922559801246,0.9258502037828169
2040-03-10 22:00:00+00:00,0.31262003688253565,0.9258423933436837
2040-03-10 23:00:00+00:00,0.3476310948630887,0.9258345520427352
2040-03-11 00:00:00+00:00,0.3831454661137156,0.9258266813061911
2040-03-11 01:00:00+00:00,0.41895160828949346,0.9258187824619012
2040-03-11 02:00:00+00:00,0.45501992408061165,0.9258108558564355
2040-03-11 03:00:00+00:00,0.49045111630605703,0.9258029005868832
2040-03-11 04:00:00+00:00,0.5262123737477594,0.9257949160520872
2040-03-11 05:00:00+00:00,0.5623858129642999,0.9257869017725274
2040-03-11 06:00:00+00:00,0.5994739744552516,0.9257788571341954
2040-03-11 07:00:00+00:00,0.6388134169466462,0.9257707811573804
2040-03-11 08:00:00+00:00,0.6790026504593104,0.9257626748133645
2040-03-11 09:00:00+00:00,0.7217253072153061,0.9257545354060948
2040-03-11 10:00:00+00:00,0.7668725642697494,0.9257463588061687
2040-03-11 11:00:00+00:00,0.8197924921102151,0.925738124660669
2040-03-11 12:00:00+00:00,0.8747848450034789,0.9257298313390862
2040-03-11 13:00:00+00:00,0.9412595206128946,0.9257214784128233
2040-03-11 14:00:00+00:00,0.9999813484641075,0.9257130674475178
2040-03-11 15:00:00+00:00,0.9999939443596397,0.925704574901475
2040-03-11 16:00:00+00:00,0.9999993485645068,0.9256960099519616
2040-03-11 17:00:00+00:00,0.9999970907620489,0.9256873575158874
2040-03-11 18:00:00+00:00,0.999997008572999,0.925678676701217
2040-03-11 19:00:00+00:00,0.9999952349411403,0.9256699623609901
2040-03-11 20:00:00+00:00,0.9999947224483315,0.9256612190788769
2040-03-11 21:00:00+00:00,0.9999234688638146,0.9256524438212218
2040-03-11 22:00:00+00:00,0.999890079004659,0.9256436386784318
2040-03-11 23:00:00+00:00,0.9828422472029675,0.9256348040368443
2040-03-12 00:00:00+00:00,0.9737154870735771,0.9256259392535054
2040-03-12 01:00:00+00:00,0.9667285085611907,0.9256170460256419
2040-03-12 02:00:00+00:00,0.9608975549315345,0.925608123648801
2040-03-12 03:00:00+00:00,0.9557912360457869,0.925599172724565
2040-03-12 04:00:00+00:00,0.9503194536640561,0.9255901930543771
2040-03-12 05:00:00+00:00,0.9449562588577773,0.9255811841115484
2040-03-12 06:00:00+00:00,0.9402683742841174,0.925572146533707
2040-03-12 07:00:00+00:00,0.9366519078788096,0.925563079536709
2040-03-12 08:00:00+00:00,0.936648225947982,0.9255539842754444
2040-03-12 09:00:00+00:00,0.9366445553766765,0.925544848872207
2040-03-12 10:00:00+00:00,0.9366408865022317,0.9255356608956596
2040-03-12 11:00:00+00:00,0.9366372238943698,0.9255264147203073
2040-03-12 12:00:00+00:00,0.9366335619051106,0.9255171080780936
2040-03-12 13:00:00+00:00,0.9366298992863622,0.9255077412477292
2040-03-12 14:00:00+00:00,0.9366262378281724,0.9254983176666058
2040-03-12 15:00:00+00:00,0.9366225728366517,0.925488842578949
2040-03-12 16:00:00+00:00,0.9366189158586586,0.9254793228938615
2040-03-12 17:00:00+00:00,0.9342917216048687,0.925469766237444
2040-03-12 18:00:00+00:00,0.9320342553205799,0.9254601785885446
2040-03-12 19:00:00+00:00,0.9235293796431318,0.9254505620366807
2040-03-12 20:00:00+00:00,0.9212841690008766,0.9254409177609458
2040-03-12 21:00:00+00:00,0.9192090210575589,0.9254312464389463
2040-03-12 22:00:00+00:00,0.9171849575663289,0.9254215472849346
2040-03-12 23:00:00+00:00,0.9152293780536875,0.9254118209321538
2040-03-13 00:00:00+00:00,0.9133369980043137,0.925402065241303
2040-03-13 01:00:00+00:00,0.9114919115617973,0.9253922806722925
2040-03-13 02:00:00+00:00,0.9096939395676602,0.9253824669033132
2040-03-13 03:00:00+00:00,0.907955293559212,0.9253726214793553
2040-03-13 04:00:00+00:00,0.9061920262697895,0.9253627385772831
2040-03-13 05:00:00+00:00,0.9044530718272603,0.925352813105062
2040-03-13 06:00:00+00:00,0.9027393596876736,0.9253428439123772
2040-03-13 07:00:00+00:00,0.9016627272167753,0.9253328349641805
2040-03-13 08:00:00+00:00,0.9016590284311402,0.9253227847422428
2040-03-13 09:00:00+00:00,0.9016553378769782,0.925312688764675
2040-03-13 10:00:00+00:00,0.9016516327036823,0.9253025320408949
2040-03-13 11:00:00+00:00,0.9016479251176891,0.9252923075024283
2040-03-13 12:00:00+00:00,0.9016442131623394,0.9252820230869848
2040-03-13 13:00:00+00:00,0.9016404938104597,0.9252716837970258
2040-03-13 14:00:00+00:00,0.9016367640949704,0.9252612904459676
2040-03-13 15:00:00+00:00,0.9016330233341519,0.9252508485898723
2040-03-13 16:00:00+00:00,0.900130298390988,0.9252403589642941
2040-03-13 17:00:00+00:00,0.6356238647972965,0.9252298227017517
2040-03-13 18:00:00+00:00,0.3711151512263839,0.9252192307053583
2040-03-13 19:00:00+00:00,0.1066085862892119,0.9252085696058092
2040-03-13 20:00:00+00:00,0.013659460844971489,0.9251978527168988
2040-03-13 21:00:00+00:00,0.009548694124818263,0.9251870969379117
2040-03-13 22:00:00+00:00,0.007471127130703406,0.9251763086271381
2040-03-13 23:00:00+00:00,0.004654513846629847,0.9251654896754257
2040-03-14 00:00:00+00:00,0.004627389729772656,0.9251546412695445
2040-03-14 01:00:00+00:00,2.1100820849084167e-06,0.9251437648264693
2040-03-14 02:00:00+00:00,8.33269652514684e-07,0.9251328644458359
2040-03-14 03:00:00+00:00,1.2022184585673521e-06,0.925121943559656
2040-03-14 04:00:00+00:00,2.806476002860965e-05,0.9251110349992318
2040-03-14 05:00:00+00:00,3.147331231077181e-05,0.9251000834370783
2040-03-14 06:00:00+00:00,3.4057408444824874e-05,0.9250891016271442
2040-03-14 07:00:00+00:00,4.334067149015348e-05,0.9250781029944584
2040-03-14 08:00:00+00:00,0.027597168675988513,0.9250670846488837
2040-03-14 09:00:00+00:00,0.08114831286960865,0.9250560323708268
2040-03-14 10:00:00+00:00,0.13165871852727684,0.9250449463733066
2040-03-14 11:00:00+00:00,0.184257018598996,0.9250338277216981
2040-03-14 12:00:00+00:00,0.2192632905167237,0.9250226681841469
2040-03-14 13:00:00+00:00,0.24778830769963572,0.9250114748126428
2040-03-14 14:00:00+00:00,0.2695912074292405,0.9250002340613636
2040-03-14 15:00:00+00:00,0.2912794324099166,0.9249889090739728
2040-03-14 16:00:00+00:00,0.303519232830526,0.9249774901689491
2040-03-14 17:00:00+00:00,0.30352670319029756,0.9249659498514614
2040-03-14 18:00:00+00:00,0.3089307493864817,0.9249543199025801
2040-03-14 19:00:00+00:00,0.3237645162233436,0.9249425843434954
2040-03-14 20:00:00+00:00,0.34010023059906813,0.9249307416725541
2040-03-14 21:00:00+00:00,0.35688067321560135,0.924918781315131
2040-03-14 22:00:00+00:00,0.3747559647047755,0.9249066715505809
2040-03-14 23:00:00+00:00,0.3923661654828574,0.9248944861161194
2040-03-15 00:00:00+00:00,0.4099136089194163,0.9248822329696423
2040-03-15 01:00:00+00:00,0.42693534730422705,0.9248698972196433
2040-03-15 02:00:00+00:00,0.44396823091779875,0.924857484560538
2040-03-15 03:00:00+00:00,0.46120374956594024,0.9248449867440708
2040-03-15 04:00:00+00:00,0.478114844826883,0.9248323896259351
2040-03-15 05:00:00+00:00,0.4949803007110257,0.924819659569156
2040-03-15 06:00:00+00:00,0.5118367098386143,0.9248067856203579
2040-03-15 07:00:00+00:00,0.5279288640547619,0.9247938278341215
2040-03-15 08:00:00+00:00,0.5463058513604312,0.9247807987416371
2040-03-15 09:00:00+00:00,0.5556193291888772,0.9247676994777504
2040-03-15 10:00:00+00:00,0.5726277901729788,0.9247545442782333
2040-03-15 11:00:00+00:00,0.5907647531894318,0.9247413556410429
2040-03-15 12:00:00+00:00,0.6080481101301628,0.9247281291587508
2040-03-15 13:00:00+00:00,0.6191140504707007,0.9247148767734499
2040-03-15 14:00:00+00:00,0.6387347798205153,0.9247016076977886
2040-03-15 15:00:00+00:00,0.6555766930040439,0.9246883274263307
2040-03-15 16:00:00+00:00,0.6735207580370447,0.924675027684804
2040-03-15 17:00:00+00:00,0.6911278661878404,0.9246617052541455
2040-03-15 18:00:00+00:00,0.704709807361746,0.9246483656185793
2040-03-15 19:00:00+00:00,0.7233090127809719,0.9246350000826731
2040-03-15 20:00:00+00:00,0.7420292164955136,0.9246216095544117
2040-03-15 21:00:00+00:00,0.7605831552737589,0.9246082003611101
2040-03-15 22:00:00+00:00,0.778854887260228,0.9245947912120847
2040-03-15 23:00:00+00:00,0.7915662584589631,0.9245813895381368
2040-03-16 00:00:00+00:00,0.7915733284702684,0.9245679865399027
2040-03-16 01:00:00+00:00,0.7915803876645687,0.9245545894876025
2040-03-16 02:00:00+00:00,0.7915874647138492,0.9245411873851394
2040-03-16 03:00:00+00:00,0.7915945141938163,0.9245277783970595
2040-03-16 04:00:00+00:00,0.7916014482440497,0.9245143620822072
2040-03-16 05:00:00+00:00,0.7916073020722546,0.9245009301807562
2040-03-16 06:00:00+00:00,0.7916131568787649,0.9244874710574592
2040-03-16 07:00:00+00:00,0.7916190947648182,0.924474005306628
2040-03-16 08:00:00+00:00,0.8188915653486118,0.9244605577976238
2040-03-16 09:00:00+00:00,0.8576400950673129,0.9244471310355371
2040-03-16 10:00:00+00:00,0.8849938128066882,0.9244337405341034
2040-03-16 11:00:00+00:00,0.8857075934284915,0.9244203917838147
2040-03-16 12:00:00+00:00,0.8857144522077486,0.9244070774647865
2040-03-16 13:00:00+00:00,0.9359125765658112,0.9243938272748001
2040-03-16 14:00:00+00:00,0.9586161112784501,0.9243806293282916
2040-03-16 15:00:00+00:00,0.9996913505843336,0.9243674867311075
2040-03-16 16:00:00+00:00,0.9997004638145952,0.9243544071255035
2040-03-16 17:00:00+00:00,0.9997030667788696,0.9243414060840794
2040-03-16 18:00:00+00:00,0.9997057407023298,0.9243284769693467
2040-03-16 19:00:00+00:00,0.9997084907663712,0.9243156325609402
2040-03-16 20:00:00+00:00,0.9997113180928355,0.9243028352104409
2040-03-16 21:00:00+00:00,0.9997142190421492,0.9242900812971173
2040-03-16 22:00:00+00:00,0.9997171776073315,0.9242773703825148
2040-03-16 23:00:00+00:00,0.9997202245537609,0.9242646993037361
2040-03-17 00:00:00+00:00,0.9997233502692432,0.9242520506103082
2040-03-17 01:00:00+00:00,0.9997265609773262,0.924239406222809
2040-03-17 02:00:00+00:00,0.9997318610765968,0.9242267541688933
2040-03-17 03:00:00+00:00,0.9997352426762356,0.9242140738589475
2040-03-17 04:00:00+00:00,0.9997387172572061,0.9242013666697187
2040-03-17 05:00:00+00:00,0.9997422953541718,0.9241886304736194
2040-03-17 06:00:00+00:00,0.9997459850465968,0.924175865562751
2040-03-17 07:00:00+00:00,0.9997497670581433,0.9241630734674187
2040-03-17 08:00:00+00:00,0.9997708929553639,0.9241502703378114
2040-03-17 09:00:00+00:00,0.9997944124541215,0.9241374509785503
2040-03-17 10:00:00+00:00,0.9998220245644179,0.9241246258470511
2040-03-17 11:00:00+00:00,0.9998554677674047,0.9241117981684198
2040-03-17 12:00:00+00:00,0.9998989613161001,0.9240989674089224
2040-03-17 13:00:00+00:00,0.9999845062684338,0.9240861324484485
2040-03-17 14:00:00+00:00,0.9999852926274846,0.9240732673448603
2040-03-17 15:00:00+00:00,0.9999833599203047,0.9240603805524303
2040-03-17 16:00:00+00:00,0.9999777672509879,0.9240474779138258
2040-03-17 17:00:00+00:00,0.9999739142343627,0.9240345549162798
2040-03-17 18:00:00+00:00,0.999970888725736,0.9240216071417774
2040-03-17 19:00:00+00:00,0.9999684450882431,0.9240086348965666
2040-03-17 20:00:00+00:00,0.9999666492320325,0.9239956453800037
2040-03-17 21:00:00+00:00,0.9999649597482563,0.9239826513415426
2040-03-17 22:00:00+00:00,0.9999636460039615,0.9239696550267951
2040-03-17 23:00:00+00:00,0.9999624700106416,0.9239566423239542
2040-03-18 00:00:00+00:00,0.9999615065226704,0.9239436032151239
2040-03-18 01:00:00+00:00,0.9999607355376248,0.9239305394618114
2040-03-18 02:00:00+00:00,0.9999601345164708,0.9239174563861919
2040-03-18 03:00:00+00:00,0.9999597111546925,0.923904358677488
2040-03-18 04:00:00+00:00,0.9999594371884003,0.9238912489376171
2040-03-18 05:00:00+00:00,0.9999593236311272,0.9238781301753445
2040-03-18 06:00:00+00:00,0.9999593638492181,0.9238650011606769
2040-03-18 07:00:00+00:00,0.999959706221592,0.9238518763051515
2040-03-18 08:00:00+00:00,0.999961414600994,0.923838750357719
2040-03-18 09:00:00+00:00,0.9999634351044113,0.9238256274279326
2040-03-18 10:00:00+00:00,0.9999658139738008,0.923812511101607
2040-03-18 11:00:00+00:00,0.9999686636804569,0.923799408291447
2040-03-18 12:00:00+00:00,0.9999721773798198,0.9237863321459717
2040-03-18 13:00:00+00:00,0.9999766467584253,0.9237732919675662
2040-03-18 14:00:00+00:00,0.9999851003668612,0.9237602755593661
2040-03-18 15:00:00+00:00,0.9999978681214928,0.9237472928834912
2040-03-18 16:00:00+00:00,0.9999953759001841,0.9237343503289442
2040-03-18 17:00:00+00:00,0.999988349690297,0.923721479995783
2040-03-18 18:00:00+00:00,0.999984394920213,0.9237085879015164
2040-03-18 19:00:00+00:00,0.9999815602294679,0.9236957069836924
2040-03-18 20:00:00+00:00,0.9999793493917447,0.9236828343700184
2040-03-18 21:00:00+00:00,0.9999775576739667,0.9236699594773966
2040-03-18 22:00:00+00:00,0.9999760713978187,0.9236570735020354
2040-03-18 23:00:00+00:00,0.9999748291789713,0.9236441789229598
2040-03-19 00:00:00+00:00,0.9999738409157148,0.9236312747203974
2040-03-19 01:00:00+00:00,0.9999737683012867,0.9236183625327755
2040-03-19 02:00:00+00:00,0.9999738069327029,0.9236054516919643
2040-03-19 03:00:00+00:00,0.9999739728841206,0.9235925542514569
2040-03-19 04:00:00+00:00,0.9999742485431378,0.9235796922604085
2040-03-19 05:00:00+00:00,0.9999746894979321,0.9235669077416848
2040-03-19 06:00:00+00:00,0.9999752340146406,0.9235542049233758
2040-03-19 07:00:00+00:00,0.999975991283821,0.9235415730937986
2040-03-19 08:00:00+00:00,0.9999769453399029,0.923529022365037
2040-03-19 09:00:00+00:00,0.9999781158015356,0.9235165627431007
2040-03-19 10:00:00+00:00,0.9999795448647669,0.9235041729051077
2040-03-19 11:00:00+00:00,0.9999813115458147,0.9234918618526915
2040-03-19 12:00:00+00:00,0.999983543926184,0.923479611819337
2040-03-19 13:00:00+00:00,0.9999864961049258,0.923467462981041
2040-03-19 14:00:00+00:00,0.9999908793921541,0.9234554241463032
2040-03-19 15:00:00+00:00,0.9999988965280316,0.9234434598263125
2040-03-19 16:00:00+00:00,0.9999995998131306,0.9234315555859575
2040-03-19 17:00:00+00:00,0.9999989105944233,0.9234196591513627
2040-03-19 18:00:00+00:00,0.9863310843040589,0.9234077428457246
2040-03-19 19:00:00+00:00,0.9794506266040202,0.9233958018560758
2040-03-19 20:00:00+00:00,0.9741679196364751,0.9233838346490905
2040-03-19 21:00:00+00:00,0.9699150005791932,0.9233718412750017
2040-03-19 22:00:00+00:00,0.9662129358161756,0.9233598197594187
2040-03-19 23:00:00+00:00,0.9629134741261328,0.9233477692975515
2040-03-20 00:00:00+00:00,0.9598951997127962,0.9233356899996857
2040-03-20 01:00:00+00:00,0.934643125332779,0.9233235813266404
2040-03-20 02:00:00+00:00,0.826374629348997,0.923311443181053
2040-03-20 03:00:00+00:00,0.6315939518687467,0.9232992760225122
2040-03-20 04:00:00+00:00,0.4386021323700624,0.9232870787388424
2040-03-20 05:00:00+00:00,0.22748555911441604,0.9232748516832162
2040-03-20 06:00:00+00:00,0.005330884572945856,0.9232625945483427
2040-03-20 07:00:00+00:00,3.2327189421930794e-07,0.9232503073938831
2040-03-20 08:00:00+00:00,4.324526842223077e-06,0.9232379965545167
2040-03-20 09:00:00+00:00,6.8781244147113985e-06,0.9232256558482012
2040-03-20 10:00:00+00:00,8.284609548560663e-06,0.9232132868460741
2040-03-20 11:00:00+00:00,9.141307131263196e-06,0.9232008932891514
2040-03-20 12:00:00+00:00,9.64915008339509e-06,0.923188482744516
2040-03-20 13:00:00+00:00,9.885168061371356e-06,0.9231760580818038
2040-03-20 14:00:00+00:00,9.87334361199745e-06,0.9231636174553949
2040-03-20 15:00:00+00:00,9.611224259773793e-06,0.9231511593038934
2040-03-20 16:00:00+00:00,8.166372140056974e-06,0.9231386783146769
2040-03-20 17:00:00+00:00,5.843938305176626e-06,0.9231261694623588
2040-03-20 18:00:00+00:00,3.2935044712631215e-07,0.9231136311093232
2040-03-20 19:00:00+00:00,9.357289517912068e-07,0.9231011383083296
2040-03-20 20:00:00+00:00,2.134018410227728e-05,0.9232189757580814
2040-03-20 21:00:00+00:00,2.9836375238057613e-05,0.9233367833576493
2040-03-20 22:00:00+00:00,3.514041876201789e-05,0.9234545614886471
2040-03-20 23:00:00+00:00,3.745357713079269e-05,0.923572308027681
2040-03-21 00:00:00+00:00,3.96342312564546e-05,0.9236900265580948
2040-03-21 01:00:00+00:00,4.0756321125281444e-05,0.9238077147599972
2040-03-21 02:00:00+00:00,4.092461193661487e-05,0.9239253727808178
2040-03-21 03:00:00+00:00,4.016416196475922e-05,0.9240430009641927
2040-03-21 04:00:00+00:00,3.843558688844146e-05,0.9241605992623513
2040-03-21 05:00:00+00:00,3.545383069366621e-05,0.9242781678886081
2040-03-21 06:00:00+00:00,3.068570716681046e-05,0.9243957073401027
2040-03-21 07:00:00+00:00,1.0752662008035885e-06,0.9245132082975979
2040-03-21 08:00:00+00:00,0.004184868171384637,0.924630736212063
2040-03-21 09:00:00+00:00,0.20256297882567967,0.9247482392103323
2040-03-21 10:00:00+00:00,0.4009411917230035,0.9248657158268618
2040-03-21 11:00:00+00:00,0.5993194055870568,0.9249831719715268
2040-03-21 12:00:00+00:00,0.7976976260134042,0.9251006138453274
2040-03-21 13:00:00+00:00,0.9960758422616289,0.9252180346473767
2040-03-21 14:00:00+00:00,0.9999991968976782,0.9253354221651731
2040-03-21 15:00:00+00:00,0.999998675333527,0.9254527325471481
2040-03-21 16:00:00+00:00,0.9999101833704831,0.925439685882284
2040-03-21 17:00:00+00:00,0.9998695210125578,0.9254266116002647
2040-03-21 18:00:00+00:00,0.999850610191413,0.9254135148602389
2040-03-21 19:00:00+00:00,0.9998369779636346,0.9254003949230272
2040-03-21 20:00:00+00:00,0.9998243173717403,0.9253872517635504
2040-03-21 21:00:00+00:00,0.9998117058291005,0.925374091645636
2040-03-21 22:00:00+00:00,0.9997957092834282,0.925360901783001
2040-03-21 23:00:00+00:00,0.9997810712927521,0.9253476923393409
2040-03-22 00:00:00+00:00,0.9997677830815177,0.9253344803073226
2040-03-22 01:00:00+00:00,0.9997635485214121,0.9253213000604257
2040-03-22 02:00:00+00:00,0.9997594924106634,0.9253081003399959
2040-03-22 03:00:00+00:00,0.9997489381063088,0.9252948243566527
2040-03-22 04:00:00+00:00,0.9997400410508873,0.9252815235094918
2040-03-22 05:00:00+00:00,0.9997318100028179,0.9252681962829935
2040-03-22 06:00:00+00:00,0.999723457448727,0.9252548423924406
2040-03-22 07:00:00+00:00,0.9997143295693345,0.9252414743464142
2040-03-22 08:00:00+00:00,0.9997104618522986,0.925228138937931
2040-03-22 09:00:00+00:00,0.999705872713003,0.9252147951802778
2040-03-22 10:00:00+00:00,0.9878008040375541,0.9252013973715901
2040-03-22 11:00:00+00:00,0.9816224552974343,0.9251879779828326
2040-03-22 12:00:00+00:00,0.9775032727240249,0.9251745285492408
2040-03-22 13:00:00+00:00,0.9740854722976108,0.9251610388384476
2040-03-22 14:00:00+00:00,0.9740766979918193,0.9251475328937964
2040-03-22 15:00:00+00:00,0.9740683620735797,0.9251339917115684
2040-03-22 16:00:00+00:00,0.9717162221807194,0.9251203856856928
2040-03-22 17:00:00+00:00,0.9684821194568547,0.9251067481914816
2040-03-22 18:00:00+00:00,0.9095855454376018,0.925093076497673
2040-03-22 19:00:00+00:00,0.9095763312962936,0.9250794005085142
2040-03-22 20:00:00+00:00,0.9095674069634626,0.9250656986094052
2040-03-22 21:00:00+00:00,0.9076881992888369,0.9250519409567928
2040-03-22 22:00:00+00:00,0.8535598336983247,0.9250381409437537
2040-03-22 23:00:00+00:00,0.8340097710957942,0.925024290101278
2040-03-23 00:00:00+00:00,0.8322186643689126,0.9250103772885302
2040-03-23 01:00:00+00:00,0.8304197526212964,0.9249964034401552
2040-03-23 02:00:00+00:00,0.8286454588876025,0.9249823760102492
2040-03-23 03:00:00+00:00,0.8268976635279235,0.9249682934852899
2040-03-23 04:00:00+00:00,0.825161489553667,0.9249541575484972
2040-03-23 05:00:00+00:00,0.8234334797829131,0.924939969914251
2040-03-23 06:00:00+00:00,0.8217006809264951,0.9249257337319124
2040-03-23 07:00:00+00:00,0.8201407360083081,0.9249114240991023
2040-03-23 08:00:00+00:00,0.8185361692677856,0.9248970357618647
2040-03-23 09:00:00+00:00,0.8168535241664873,0.9248825580628216
2040-03-23 10:00:00+00:00,0.8022373180177497,0.9248679804995313
2040-03-23 11:00:00+00:00,0.7866942207005339,0.9248532980656481
2040-03-23 12:00:00+00:00,0.7848965733347586,0.9248385034949759
2040-03-23 13:00:00+00:00,0.7832433401298565,0.9248235952224438
2040-03-23 14:00:00+00:00,0.7749077113796129,0.9248085755454404
2040-03-23 15:00:00+00:00,0.7621707784261883,0.924793443768502
2040-03-23 16:00:00+00:00,0.7288845481447657,0.9247781825490263
2040-03-23 17:00:00+00:00,0.6939435001063593,0.9247627762115915
2040-03-23 18:00:00+00:00,0.6701054436294608,0.9247472426023277
2040-03-23 19:00:00+00:00,0.6685675531562549,0.9247315698411835
2040-03-23 20:00:00+00:00,0.6670450676724934,0.9247157961254949
2040-03-23 21:00:00+00:00,0.6655272764085638,0.924699924733661
2040-03-23 22:00:00+00:00,0.6401125724786988,0.9246839561751836
2040-03-23 23:00:00+00:00,0.6231610728054816,0.9246678939913052
2040-03-24 00:00:00+00:00,0.6015218226812449,0.9246517546946331
2040-03-24 01:00:00+00:00,0.5847403188368128,0.924635557169103
2040-03-24 02:00:00+00:00,0.565634317217833,0.9246193173213478
2040-03-24 03:00:00+00:00,0.5394028839846037,0.9246030466789865
2040-03-24 04:00:00+00:00,0.5137443786481283,0.9245867479639841
2040-03-24 05:00:00+00:00,0.48828728292509577,0.9245704229658194
2040-03-24 06:00:00+00:00,0.4611800273690079,0.9245540711579668
2040-03-24 07:00:00+00:00,0.4360725205600544,0.9245376912652609
2040-03-24 08:00:00+00:00,0.43442252166607687,0.9245212784436303
2040-03-24 09:00:00+00:00,0.4344101396008154,0.9245048460242903
2040-03-24 10:00:00+00:00,0.4344013234233064,0.9244883725589579
2040-03-24 11:00:00+00:00,0.4343925222666909,0.9244718462400884
2040-03-24 12:00:00+00:00,0.6327734857265127,0.9245856445509375
2040-03-24 13:00:00+00:00,0.6327714900288327,0.9245691028642349
2040-03-24 14:00:00+00:00,0.632762686122113,0.9245524336194815
2040-03-24 15:00:00+00:00,0.6327490155784702,0.9245357132514967
2040-03-24 16:00:00+00:00,0.6061599015411714,0.9245189369420936
2040-03-24 17:00:00+00:00,0.5815971005410211,0.9245021291013851
2040-03-24 18:00:00+00:00,0.5566159616318879,0.92448529220144
2040-03-24 19:00:00+00:00,0.5320253154772007,0.9244684255563623
2040-03-24 20:00:00+00:00,0.5074197445347527,0.9244515228236868
2040-03-24 21:00:00+00:00,0.48246907039810355,0.9244345698146282
2040-03-24 22:00:00+00:00,0.4569662891650288,0.9244175647338635
2040-03-24 23:00:00+00:00,0.43084272707874244,0.9244005215730794
2040-03-25 00:00:00+00:00,0.4051268886337303,0.9243834497895349
2040-03-25 01:00:00+00:00,0.3798477491245195,0.9243663465593137
2040-03-25 02:00:00+00:00,0.35302850491299653,0.924349206023964
2040-03-25 03:00:00+00:00,0.3249266389820329,0.9243320248576052
2040-03-25 04:00:00+00:00,0.2971839917417481,0.924314800400353
2040-03-25 05:00:00+00:00,0.2678304987878874,0.924297530054465
2040-03-25 06:00:00+00:00,0.23624603378744047,0.9242802159074468
2040-03-25 07:00:00+00:00,0.20644206971796308,0.9242628441421359
2040-03-25 08:00:00+00:00,0.20643315223600833,0.924245447899247
2040-03-25 09:00:00+00:00,0.20649293252042528,0.9243581139141392
2040-03-25 10:00:00+00:00,0.4048718374134826,0.9244709162324322
2040-03-25 11:00:00+00:00,0.6032530213054984,0.9245837149666278
2040-03-25 12:00:00+00:00,0.8016266496195603,0.9246962954906117
2040-03-25 13:00:00+00:00,0.9999840009988619,0.9248087240985117
2040-03-25 14:00:00+00:00,0.9999793778335784,0.924790894651651
2040-03-25 15:00:00+00:00,0.9999747515082386,0.924772961306288
2040-03-25 16:00:00+00:00,0.9999598998630194,0.924754892563645
2040-03-25 17:00:00+00:00,0.9549284052723214,0.9247366863423566
2040-03-25 18:00:00+00:00,0.9136224428114319,0.9247184487034092
2040-03-25 19:00:00+00:00,0.8934868104118324,0.9247001451695637
2040-03-25 20:00:00+00:00,0.8777613642547286,0.9246817788158933
2040-03-25 21:00:00+00:00,0.8637507560002987,0.9246633598554564
2040-03-25 22:00:00+00:00,0.8508073662244963,0.9246448969280167
2040-03-25 23:00:00+00:00,0.8388061267191642,0.9246263887800005
2040-03-26 00:00:00+00:00,0.8275239616254836,0.9246078364556612
2040-03-26 01:00:00+00:00,0.8168565759532359,0.9245892387595547
2040-03-26 02:00:00+00:00,0.8067281632239814,0.9245705861105656
2040-03-26 03:00:00+00:00,0.7970606576135469,0.92455186533778
2040-03-26 04:00:00+00:00,0.7877682662480687,0.9245330538426951
2040-03-26 05:00:00+00:00,0.778802864290719,0.9245141095897781
2040-03-26 06:00:00+00:00,0.7701043262709869,0.9244950285531197
2040-03-26 07:00:00+00:00,0.7700937203927484,0.9244758328949356
2040-03-26 08:00:00+00:00,0.7700896741265314,0.9244565183840917
2040-03-26 09:00:00+00:00,0.7700879646721825,0.9244370823827556
2040-03-26 10:00:00+00:00,0.8094838126104462,0.9245467770962584
2040-03-26 11:00:00+00:00,0.9999845666202793,0.9246558952212433
2040-03-26 12:00:00+00:00,0.9999937100943962,0.9246365305478493
2040-03-26 13:00:00+00:00,0.9999936717840161,0.9246165389441541
2040-03-26 14:00:00+00:00,0.9999943938793292,0.9245963676887503
2040-03-26 15:00:00+00:00,0.9999948739014571,0.9245760447805883
2040-03-26 16:00:00+00:00,0.9999942661691328,0.9245555859823859
2040-03-26 17:00:00+00:00,0.9210201310941108,0.9245350451438105
2040-03-26 18:00:00+00:00,0.8615529140093169,0.9245144690820943
2040-03-26 19:00:00+00:00,0.8188606113601727,0.9244938636628259
2040-03-26 20:00:00+00:00,0.7946150698657363,0.9244732305370231
2040-03-26 21:00:00+00:00,0.7919205729321931,0.9244525703161934
2040-03-26 22:00:00+00:00,0.7892442776215044,0.9244318843247313
2040-03-26 23:00:00+00:00,0.7865927245968994,0.9244111731696221
2040-03-27 00:00:00+00:00,0.7839576601833275,0.924390436423204
2040-03-27 01:00:00+00:00,0.7813355511126996,0.9243696747492991
2040-03-27 02:00:00+00:00,0.7787228047377043,0.9243488891097541
2040-03-27 03:00:00+00:00,0.7760864115696174,0.9243280782753103
2040-03-27 04:00:00+00:00,0.773479647810626,0.9243072432674551
2040-03-27 05:00:00+00:00,0.7709134036178343,0.9242863840813957
2040-03-27 06:00:00+00:00,0.7683755613445037,0.924265501026135
2040-03-27 07:00:00+00:00,0.7683694968845048,0.9242445971059416
2040-03-27 08:00:00+00:00,0.7683636778786812,0.9242236700952706
2040-03-27 09:00:00+00:00,0.7683630236120125,0.9242027274964685
2040-03-27 10:00:00+00:00,0.9647244519663529,0.9241817844731193
2040-03-27 11:00:00+00:00,0.9999940898288056,0.9241608194044026
2040-03-27 12:00:00+00:00,0.9999935663510575,0.9241397965631564
2040-03-27 13:00:00+00:00,0.9999928364362142,0.9241187397696978
2040-03-27 14:00:00+00:00,0.9999930409837128,0.9240976594788107
2040-03-27 15:00:00+00:00,0.9999942817455384,0.9240765521717845
2040-03-27 16:00:00+00:00,0.9999984520630193,0.92405542071759
2040-03-27 17:00:00+00:00,0.9999948450148145,0.9240342572555958
2040-03-27 18:00:00+00:00,0.9999773223536003,0.9240130719095809
2040-03-27 19:00:00+00:00,0.9999680574464326,0.923991862445941
2040-03-27 20:00:00+00:00,0.9999631498371816,0.923970628735671
2040-03-27 21:00:00+00:00,0.9999576173426153,0.9239493701112897
2040-03-27 22:00:00+00:00,0.9999536648211605,0.9239280869391358
2040-03-27 23:00:00+00:00,0.9999496985668486,0.9239067783558845
2040-03-28 00:00:00+00:00,0.9999468825659737,0.9238854458248817
2040-03-28 01:00:00+00:00,0.9999448761671097,0.9238640898720515
2040-03-28 02:00:00+00:00,0.9999418173248186,0.9238427092497595
2040-03-28 03:00:00+00:00,0.9999390200649025,0.9238213049539378
2040-03-28 04:00:00+00:00,0.9999364384444163,0.9237998768496772
2040-03-28 05:00:00+00:00,0.9999340508687652,0.9237784245316475
2040-03-28 06:00:00+00:00,0.9999318020540352,0.923756947753049
2040-03-28 07:00:00+00:00,0.9999309405175502,0.9237354471158223
2040-03-28 08:00:00+00:00,0.9999301278835756,0.9237139220188075
2040-03-28 09:00:00+00:00,0.9999293806887298,0.9236923725312924
2040-03-28 10:00:00+00:00,0.9999284810830871,0.9236707938264686
2040-03-28 11:00:00+00:00,0.9999217188979477,0.9236491767877165
2040-03-28 12:00:00+00:00,0.941788063514764,0.9236275148715347
2040-03-28 13:00:00+00:00,0.9083521621541699,0.923605806614136
2040-03-28 14:00:00+00:00,0.8644441353577208,0.9235840527337446
2040-03-28 15:00:00+00:00,0.819435674263239,0.9235622566714641
2040-03-28 16:00:00+00:00,0.7729737882482349,0.9235404277304317
2040-03-28 17:00:00+00:00,0.7160585826110323,0.9235185693351107
2040-03-28 18:00:00+00:00,0.6643724574369644,0.9234966856370925
2040-03-28 19:00:00+00:00,0.6126462175719848,0.9234747752345762
2040-03-28 20:00:00+00:00,0.5640409614799307,0.9234528330743079
2040-03-28 21:00:00+00:00,0.5117023990796228,0.9234308518837772
2040-03-28 22:00:00+00:00,0.4665363165909611,0.9234088385168264
2040-03-28 23:00:00+00:00,0.42269902250691804,0.9233867902181563
2040-03-29 00:00:00+00:00,0.37636560914870626,0.9233646902119106
2040-03-29 01:00:00+00:00,0.3308469589116792,0.923342552633829
2040-03-29 02:00:00+00:00,0.28354002266394873,0.923320379462035
2040-03-29 03:00:00+00:00,0.22776118247941993,0.9232981799817359
2040-03-29 04:00:00+00:00,0.16619218287755663,0.9232759545523397
2040-03-29 05:00:00+00:00,0.09445187922054622,0.9232537029802028
2040-03-29 06:00:00+00:00,9.190719108713875e-06,0.9232314218616362
2040-03-29 07:00:00+00:00,7.959936145991526e-06,0.9232090984125724
2040-03-29 08:00:00+00:00,6.7119719662839335e-06,0.9231867271825043
2040-03-29 09:00:00+00:00,0.08514542793207647,0.9231643042977972
2040-03-29 10:00:00+00:00,0.08514130143569544,0.923141814562563
2040-03-29 11:00:00+00:00,0.0851372618605489,0.9231192750480373
2040-03-29 12:00:00+00:00,0.0851332300728849,0.9230966853957191
2040-03-29 13:00:00+00:00,0.08512919653599488,0.9230740485796172
2040-03-29 14:00:00+00:00,0.08512515777218056,0.9230513683595151
2040-03-29 15:00:00+00:00,0.0851211246489806,0.9230286411726403
2040-03-29 16:00:00+00:00,0.08511709330095932,0.9230058738512283
2040-03-29 17:00:00+00:00,0.08509970658812974,0.9229830710619339
2040-03-29 18:00:00+00:00,0.08334874324939313,0.9229602376286885
2040-03-29 19:00:00+00:00,0.08154673251247187,0.9229373765384324
2040-03-29 20:00:00+00:00,0.07970377363137462,0.9229144852114425
2040-03-29 21:00:00+00:00,0.07781386368351761,0.9228915593072273
2040-03-29 22:00:00+00:00,0.0758773336812302,0.9228685941238035
2040-03-29 23:00:00+00:00,0.0738920825479886,0.9228455910321467
2040-03-30 00:00:00+00:00,0.07186011486710901,0.922822555054168
2040-03-30 01:00:00+00:00,0.06978376352064906,0.922799488850898
2040-03-30 02:00:00+00:00,0.06763230041167373,0.9227763931123136
2040-03-30 03:00:00+00:00,0.06540530365757452,0.9227532681879176
2040-03-30 04:00:00+00:00,0.06309823408088812,0.9227301150280424
2040-03-30 05:00:00+00:00,0.06071463338456514,0.9227069352866574
2040-03-30 06:00:00+00:00,0.058246111253153446,0.9226837291961478
2040-03-30 07:00:00+00:00,0.0582419674052024,0.9226604961195022
2040-03-30 08:00:00+00:00,0.05823782647614349,0.9226372355560472
2040-03-30 09:00:00+00:00,0.058233701232402166,0.9226139493671064
2040-03-30 10:00:00+00:00,0.05822957105144912,0.9225906364183671
2040-03-30 11:00:00+00:00,0.05531142383881215,0.9225672955879387
2040-03-30 12:00:00+00:00,0.05198660691581494,0.9225439301777936
2040-03-30 13:00:00+00:00,0.048402139754357545,0.9225205406148809
2040-03-30 14:00:00+00:00,0.04450351961587594,0.9224971254392326
2040-03-30 15:00:00+00:00,0.04025854941507155,0.9224736856419166
2040-03-30 16:00:00+00:00,0.03549044337799334,0.922450222115132
2040-03-30 17:00:00+00:00,0.029877330966803322,0.9224267322994274
2040-03-30 18:00:00+00:00,0.02301737171368678,0.9224032171859355
2040-03-30 19:00:00+00:00,0.013871857469488564,0.9223796773274733
2040-03-30 20:00:00+00:00,0.00014170490252965354,0.9223561119236566
2040-03-30 21:00:00+00:00,0.0001393555284367117,0.92233252331849
2040-03-30 22:00:00+00:00,0.00013692057250732704,0.9223089100182797
2040-03-30 23:00:00+00:00,0.00013439508370836377,0.9222852713298706
2040-03-31 00:00:00+00:00,0.00013178024898570493,0.9222616076483793
2040-03-31 01:00:00+00:00,0.00012915706485511482,0.9222379190290982
2040-03-31 02:00:00+00:00,0.00011580462689058761,0.9222142029289393
2040-03-31 03:00:00+00:00,0.00010033668968990525,0.9221904606521955
2040-03-31 04:00:00+00:00,8.152447699799345e-05,0.9221666927356238
2040-03-31 05:00:00+00:00,5.5859609826452473e-05,0.9221428990188633
2040-03-31 06:00:00+00:00,4.913050840645079e-07,0.9221190791078613
2040-03-31 07:00:00+00:00,3.3128939683861045e-06,0.922095315048342
2040-03-31 08:00:00+00:00,4.4925794883115244e-06,0.9220715920093884
2040-03-31 09:00:00+00:00,7.145237962233752e-06,0.9220568126314633
2040-03-31 10:00:00+00:00,0.07494442277754564,0.9221632105659684
2040-03-31 11:00:00+00:00,0.27332378115908984,0.9222697055578637
2040-03-31 12:00:00+00:00,0.4717031741897672,0.922376178245325
2040-03-31 13:00:00+00:00,0.6700820818716615,0.9224826150437666
2040-03-31 14:00:00+00:00,0.8684588172404585,0.9225889968980688
2040-03-31 15:00:00+00:00,0.8684530038740168,0.9225651226809267
2040-03-31 16:00:00+00:00,0.8684437144570655,0.9225411913095836
2040-03-31 17:00:00+00:00,0.8623157363215971,0.9225171892469252
2040-03-31 18:00:00+00:00,0.8561047208134465,0.9224931606669279
2040-03-31 19:00:00+00:00,0.850057130088487,0.9224691048609954
2040-03-31 20:00:00+00:00,0.8441837341545494,0.9224450219566342
2040-03-31 21:00:00+00:00,0.8384821768709282,0.9224209122757434
2040-03-31 22:00:00+00:00,0.8329653616956063,0.9223967754361558
2040-03-31 23:00:00+00:00,0.8276085510134491,0.9223726119274945
2040-04-01 00:00:00+00:00,0.8224123947091665,0.9223484216276138
2040-04-01 01:00:00+00:00,0.8173851718003586,0.9223242044540932
2040-04-01 02:00:00+00:00,0.8124831911608985,0.9222999601024815
2040-04-01 03:00:00+00:00,0.807327814996263,0.9222756885178686
2040-04-01 04:00:00+00:00,0.619379098295102,0.9222513902005575
2040-04-01 05:00:00+00:00,0.39845425582530525,0.9222270653679067
2040-04-01 06:00:00+00:00,0.13967866237737175,0.9222027127497446
2040-04-01 07:00:00+00:00,0.13495889901575636,0.9221783322525848
2040-04-01 08:00:00+00:00,0.13494949729391945,0.9221539697445296
2040-04-01 09:00:00+00:00,0.20644587104975926,0.9222597521167495
2040-04-01 10:00:00+00:00,0.4048199597825517,0.9223655698134696
2040-04-01 11:00:00+00:00,0.6031994523303655,0.9224714181834742
2040-04-01 12:00:00+00:00,0.801578815677332,0.9225772415193785
2040-04-01 13:00:00+00:00,0.9999581346650981,0.9226830393033321
2040-04-01 14:00:00+00:00,0.999964085188693,0.9227885038648876
2040-04-01 15:00:00+00:00,0.9999587255210914,0.9227639632395068
2040-04-01 16:00:00+00:00,0.9999466156199176,0.9227393508758407
2040-04-01 17:00:00+00:00,0.9659639932254822,0.9227146836624693
2040-04-01 18:00:00+00:00,0.94719850014338,0.9226899873939404
2040-04-01 19:00:00+00:00,0.9335873692704768,0.9226652631471893
2040-04-01 20:00:00+00:00,0.9224833086174855,0.9226405109205308
2040-04-01 21:00:00+00:00,0.9127464361385009,0.9226157304687609
2040-04-01 22:00:00+00:00,0.9038413711147147,0.9225909221527709
2040-04-01 23:00:00+00:00,0.8955963469768136,0.9225660857778724
2040-04-02 00:00:00+00:00,0.8878838020664103,0.9225412202749106
2040-04-02 01:00:00+00:00,0.8806198872849926,0.9225163250493726
2040-04-02 02:00:00+00:00,0.8737256539257577,0.9224913999303542
2040-04-02 03:00:00+00:00,0.8671557640839375,0.9224664458410664
2040-04-02 04:00:00+00:00,0.8608734269416528,0.9224414634823431
2040-04-02 05:00:00+00:00,0.8548496960584693,0.9224164531746863
2040-04-02 06:00:00+00:00,0.8490313498962576,0.9223914142418623
2040-04-02 07:00:00+00:00,0.843382463731271,0.9223663450527307
2040-04-02 08:00:00+00:00,0.8433738027610046,0.9223412747063781
2040-04-02 09:00:00+00:00,0.843364956688055,0.9223161758764958
2040-04-02 10:00:00+00:00,0.843356069892831,0.9222910551701461
2040-04-02 11:00:00+00:00,0.8433472419155487,0.9222659173369461
2040-04-02 12:00:00+00:00,0.8433383811274382,0.9222407695938436
2040-04-02 13:00:00+00:00,0.8433294622628356,0.9222156075566944
2040-04-02 14:00:00+00:00,0.843319567914988,0.9221904276011488
2040-04-02 15:00:00+00:00,0.8432493985536462,0.9221652091206649
2040-04-02 16:00:00+00:00,0.8387916663745355,0.9221399613484015
2040-04-02 17:00:00+00:00,0.834407313968015,0.922114686510295
2040-04-02 18:00:00+00:00,0.8300721099534586,0.9220893829517735
2040-04-02 19:00:00+00:00,0.8258678535768212,0.9220640505985032
2040-04-02 20:00:00+00:00,0.8217644069292817,0.9220386888293354
2040-04-02 21:00:00+00:00,0.8177487886399911,0.9220132972881043
2040-04-02 22:00:00+00:00,0.8137880451490745,0.9219878764328255
2040-04-02 23:00:00+00:00,0.8099013292761055,0.9219624262087476
2040-04-03 00:00:00+00:00,0.8060851825472785,0.9219369468536416
2040-04-03 01:00:00+00:00,0.8023316460919848,0.9219114381676159
2040-04-03 02:00:00+00:00,0.7986340680485629,0.9218858994417413
2040-04-03 03:00:00+00:00,0.794995849904202,0.9218603314135917
2040-04-03 04:00:00+00:00,0.7914271108885119,0.9218347344456639
2040-04-03 05:00:00+00:00,0.7879296680313008,0.9218091082648013
2040-04-03 06:00:00+00:00,0.784486006847793,0.9217834525624292
2040-04-03 07:00:00+00:00,0.7674103695804493,0.9217577664812251
2040-04-03 08:00:00+00:00,0.7674011725765922,0.9217320757580915
2040-04-03 09:00:00+00:00,0.7673920431419337,0.9217063557150587
2040-04-03 10:00:00+00:00,0.8015827385480025,0.9218107489568058
2040-04-03 11:00:00+00:00,0.9999548578094049,0.9219152095092839
2040-04-03 12:00:00+00:00,0.9999708191096257,0.9220194427716633
2040-04-03 13:00:00+00:00,0.9999655397199496,0.9219936057797349
2040-04-03 14:00:00+00:00,0.9999615474913673,0.9219677368559899
2040-04-03 15:00:00+00:00,0.9999534861755391,0.9219418093212329
2040-04-03 16:00:00+00:00,0.9999472529072482,0.9219158494160336
2040-04-03 17:00:00+00:00,0.9999452051729204,0.9218898811518142
2040-04-03 18:00:00+00:00,0.9999435129415859,0.9218638786825998
2040-04-03 19:00:00+00:00,0.9999421152356821,0.9218378452351043
2040-04-03 20:00:00+00:00,0.9999409828028102,0.9218117812627866
2040-04-03 21:00:00+00:00,0.9999400980876383,0.9217856869680486
2040-04-03 22:00:00+00:00,0.9999394477458633,0.9217595620018868
2040-04-03 23:00:00+00:00,0.9999390241526295,0.9217334062953138
2040-04-04 00:00:00+00:00,0.9999388273974149,0.9217072200582925
2040-04-04 01:00:00+00:00,0.9999388529686942,0.9216810029151344
2040-04-04 02:00:00+00:00,0.9999390949166644,0.9216547549004512
2040-04-04 03:00:00+00:00,0.9999395568662458,0.9216284760294436
2040-04-04 04:00:00+00:00,0.9999402503549458,0.921602165756229
2040-04-04 05:00:00+00:00,0.9999411904147678,0.921575824449453
2040-04-04 06:00:00+00:00,0.9999423657659089,0.9215494519362546
2040-04-04 07:00:00+00:00,0.9999437753407391,0.9215230477512051
2040-04-04 08:00:00+00:00,0.9999454985557292,0.9214966122050712
2040-04-04 09:00:00+00:00,0.9999475764291011,0.9214701465055783
2040-04-04 10:00:00+00:00,0.9999500394794929,0.9214436533620772
2040-04-04 11:00:00+00:00,0.9999529913207414,0.9214171336860681
2040-04-04 12:00:00+00:00,0.9999565495707375,0.9213905865697626
2040-04-04 13:00:00+00:00,0.999960983875483,0.9213640118638066
2040-04-04 14:00:00+00:00,0.9999667532604714,0.9213374101698659
2040-04-04 15:00:00+00:00,0.9999748295729276,0.9213107813269792
2040-04-04 16:00:00+00:00,0.99998866621126,0.9212841249292607
2040-04-04 17:00:00+00:00,0.9999986432622348,0.9212574196453375
2040-04-04 18:00:00+00:00,0.9999866500560796,0.9212306058809339
2040-04-04 19:00:00+00:00,0.9999810043665129,0.92120376131157
2040-04-04 20:00:00+00:00,0.9999784172433002,0.9211768872411974
2040-04-04 21:00:00+00:00,0.9999763886606098,0.9211499822821367
2040-04-04 22:00:00+00:00,0.9999747900764676,0.9211230466237852
2040-04-04 23:00:00+00:00,0.9999734221434975,0.9210960800044471
2040-04-05 00:00:00+00:00,0.9999723463250252,0.9210690822929505
2040-04-05 01:00:00+00:00,0.9999712065936713,0.9210420528276795
2040-04-05 02:00:00+00:00,0.9999702453139212,0.921014991985843
2040-04-05 03:00:00+00:00,0.9999694735910082,0.9209878997083739
2040-04-05 04:00:00+00:00,0.9999689020761716,0.9209607761426678
2040-04-05 05:00:00+00:00,0.9999685141523355,0.9209336210861506
2040-04-05 06:00:00+00:00,0.9999682971717344,0.9209064345943215
2040-04-05 07:00:00+00:00,0.9999685665729583,0.9208792175365339
2040-04-05 08:00:00+00:00,0.9999698243996793,0.9208519717980533
2040-04-05 09:00:00+00:00,0.9999708442684035,0.9208246996089468
2040-04-05 10:00:00+00:00,0.9999718442938168,0.9207974068478163
2040-04-05 11:00:00+00:00,0.9999741847717774,0.920770102657314
2040-04-05 12:00:00+00:00,0.9999770816887283,0.9207427856601568
2040-04-05 13:00:00+00:00,0.9999808686371372,0.9207154555942813
2040-04-05 14:00:00+00:00,0.9999863198907907,0.9206881098036171
2040-04-05 15:00:00+00:00,0.9999974216062435,0.9206607421679017
2040-04-05 16:00:00+00:00,0.9999993653762896,0.9206333446966879
2040-04-05 17:00:00+00:00,0.9871689775584822,0.9206059061195747
2040-04-05 18:00:00+00:00,0.9267250410402766,0.9205784365834275
2040-04-05 19:00:00+00:00,0.887444674754722,0.9205509351498001
2040-04-05 20:00:00+00:00,0.8531179163709295,0.9205234020780615
2040-04-05 21:00:00+00:00,0.8140531641303169,0.9204958373175882
2040-04-05 22:00:00+00:00,0.7411673316273177,0.9204682411580194
2040-04-05 23:00:00+00:00,0.6605772443545049,0.9204406132184253
2040-04-06 00:00:00+00:00,0.5944900063911821,0.9204129538933323
2040-04-06 01:00:00+00:00,0.5262081345587064,0.9203852630048576
2040-04-06 02:00:00+00:00,0.4298141911510078,0.920357539761505
2040-04-06 03:00:00+00:00,0.31586017646982883,0.9203297846906257
2040-04-06 04:00:00+00:00,0.21909519937659802,0.9203019985321659
2040-04-06 05:00:00+00:00,0.05096099249124489,0.9202741811399858
2040-04-06 06:00:00+00:00,5.588286111249652e-07,0.9202463325079852
2040-04-06 07:00:00+00:00,7.951353572396663e-07,0.9202184634476247
2040-04-06 08:00:00+00:00,7.439074032475865e-06,0.9201906068704901
2040-04-06 09:00:00+00:00,0.09927915879392007,0.9201627482952734
2040-04-06 10:00:00+00:00,0.2665409113830329,0.9201348606831405
2040-04-06 11:00:00+00:00,0.46387567090393383,0.9201069429377284
2040-04-06 12:00:00+00:00,0.6612251017997145,0.9200789960235514
2040-04-06 13:00:00+00:00,0.8468633933186068,0.9200510189099
2040-04-06 14:00:00+00:00,0.9999757105540202,0.9200230108209506
2040-04-06 15:00:00+00:00,0.999978590382197,0.9199949431655042
2040-04-06 16:00:00+00:00,0.9999800654444472,0.9199668321337622
2040-04-06 17:00:00+00:00,0.7354762936810103,0.919938658462839
2040-04-06 18:00:00+00:00,0.4709680453127318,0.919910443004537
2040-04-06 19:00:00+00:00,0.20646437709197832,0.9198822017889327
2040-04-06 20:00:00+00:00,0.20646670360306477,0.9198539567870793
2040-04-06 21:00:00+00:00,0.2064689941122352,0.9198256771177369
2040-04-06 22:00:00+00:00,0.20647620549791662,0.9197973725934915
2040-04-06 23:00:00+00:00,0.2064833797424604,0.9197690333519982
2040-04-07 00:00:00+00:00,0.2064905002507892,0.9197406592075136
2040-04-07 01:00:00+00:00,0.20649757219705978,0.919712250295969
2040-04-07 02:00:00+00:00,0.2065010830314064,0.9196838024723789
2040-04-07 03:00:00+00:00,0.20650679353459736,0.9196553256331592
2040-04-07 04:00:00+00:00,0.20651394218377428,0.9196268170924928
2040-04-07 05:00:00+00:00,0.20651979090946895,0.9195982730211402
2040-04-07 06:00:00+00:00,0.20652474787523276,0.9195696935757379
2040-04-07 07:00:00+00:00,0.20653146022981422,0.9195410823890428
2040-04-07 08:00:00+00:00,0.4048242665699956,0.9195124496017548
2040-04-07 09:00:00+00:00,0.6031775265878936,0.9194837824972242
2040-04-07 10:00:00+00:00,0.8015471249082706,0.9194550907644773
2040-04-07 11:00:00+00:00,0.9998248134385553,0.9194263594332562
2040-04-07 12:00:00+00:00,0.9998320997436252,0.9193975932291207
2040-04-07 13:00:00+00:00,0.9998399337424942,0.9193688071315185
2040-04-07 14:00:00+00:00,0.999848462972825,0.9193400148930848
2040-04-07 15:00:00+00:00,0.9998576210566583,0.9193112113611384
2040-04-07 16:00:00+00:00,0.9998607421258753,0.9192823907205152
2040-04-07 17:00:00+00:00,0.9998614000540029,0.9192535451928744
2040-04-07 18:00:00+00:00,0.9998621253154588,0.9192246834117891
2040-04-07 19:00:00+00:00,0.99986291238693,0.9191957912389798
2040-04-07 20:00:00+00:00,0.9998637595975544,0.9191668677538083
2040-04-07 21:00:00+00:00,0.9998646731578843,0.9191379098428467
2040-04-07 22:00:00+00:00,0.9998656541951243,0.9191089198404184
2040-04-07 23:00:00+00:00,0.9998667167976849,0.9190798961620595
2040-04-08 00:00:00+00:00,0.9998678591063793,0.9190508386308455
2040-04-08 01:00:00+00:00,0.9998690847361813,0.9190217466340184
2040-04-08 02:00:00+00:00,0.9998704002576565,0.9189926203218235
2040-04-08 03:00:00+00:00,0.9998718069922277,0.91896345900684
2040-04-08 04:00:00+00:00,0.999873305260887,0.9189342623188438
2040-04-08 05:00:00+00:00,0.9998749235913572,0.9189050318895723
2040-04-08 06:00:00+00:00,0.9998777924459072,0.918875779014446
2040-04-08 07:00:00+00:00,0.9998833076082256,0.9188465058393028
2040-04-08 08:00:00+00:00,0.999889252893301,0.9188172385872166
2040-04-08 09:00:00+00:00,0.9998957533617955,0.9187880101747883
2040-04-08 10:00:00+00:00,0.9999029024693112,0.918758845225858
2040-04-08 11:00:00+00:00,0.999910853251654,0.9187297434752457
2040-04-08 12:00:00+00:00,0.999919890166935,0.9187006570615422
2040-04-08 13:00:00+00:00,0.9999304707686412,0.9186715442702915
2040-04-08 14:00:00+00:00,0.9999436435291263,0.9186424037690993
2040-04-08 15:00:00+00:00,0.9999614101395347,0.9186132748218134
2040-04-08 16:00:00+00:00,0.9999965979722497,0.9185842057768432
2040-04-08 17:00:00+00:00,0.959435539592045,0.9185551278469407
2040-04-08 18:00:00+00:00,0.9363324208597636,0.9185260992406166
2040-04-08 19:00:00+00:00,0.9191327082818255,0.9184970511915307
2040-04-08 20:00:00+00:00,0.9047961771721214,0.9184679731252081
2040-04-08 21:00:00+00:00,0.892190132939009,0.9184388626318527
2040-04-08 22:00:00+00:00,0.8807691611641759,0.9184097191853515
2040-04-08 23:00:00+00:00,0.8703418062337903,0.9183805413581466
2040-04-09 00:00:00+00:00,0.8605996443989782,0.9183513303163532
2040-04-09 01:00:00+00:00,0.8513357871608547,0.9183220870623714
2040-04-09 02:00:00+00:00,0.8424994524665986,0.9182928139119666
2040-04-09 03:00:00+00:00,0.8339918971658584,0.9182635301538917
2040-04-09 04:00:00+00:00,0.823928023126459,0.9182342732613447
2040-04-09 05:00:00+00:00,0.8129676164550368,0.9182050737183625
2040-04-09 06:00:00+00:00,0.8010259291201771,0.9181759578385387
2040-04-09 07:00:00+00:00,0.7940501024542278,0.918146893076033
2040-04-09 08:00:00+00:00,0.7940426236599019,0.9181178627212282
2040-04-09 09:00:00+00:00,0.7940372659577353,0.9180888449716706
2040-04-09 10:00:00+00:00,0.7940318786566066,0.9180598147926786
2040-04-09 11:00:00+00:00,0.7940264897220748,0.9180307686180383
2040-04-09 12:00:00+00:00,0.7940210897402281,0.9180017024649662
2040-04-09 13:00:00+00:00,0.7940156652964532,0.9179726202427413
2040-04-09 14:00:00+00:00,0.7940102354877793,0.9179435133779137
2040-04-09 15:00:00+00:00,0.7940047827705327,0.9179144011137581
2040-04-09 16:00:00+00:00,0.7885799198994458,0.917885270659976
2040-04-09 17:00:00+00:00,0.5291306621853585,0.917856121060291
2040-04-09 18:00:00+00:00,0.27032364683613286,0.917826942835003
2040-04-09 19:00:00+00:00,0.010494874319780457,0.9177977347340107
2040-04-09 20:00:00+00:00,2.389761604265938e-05,0.9177685056475751
2040-04-09 21:00:00+00:00,2.067929143740854e-05,0.917739294344258
2040-04-09 22:00:00+00:00,2.422994961143679e-05,0.9177101752881199
2040-04-09 23:00:00+00:00,4.504880555289383e-05,0.9176812085774836
2040-04-10 00:00:00+00:00,5.8530863312069114e-05,0.9176523780684528
2040-04-10 01:00:00+00:00,6.924133744967894e-05,0.91762369298349
2040-04-10 02:00:00+00:00,7.820787800122269e-05,0.9175950500176746
2040-04-10 03:00:00+00:00,8.599951364843699e-05,0.9175664162489876
2040-04-10 04:00:00+00:00,8.942633790709111e-05,0.9175377750582228
2040-04-10 05:00:00+00:00,9.175048888473926e-05,0.9175091270940591
2040-04-10 06:00:00+00:00,9.47823352549459e-05,0.9174804845645546
2040-04-10 07:00:00+00:00,9.98690184720165e-05,0.9174518352515771
2040-04-10 08:00:00+00:00,0.0001045795800664798,0.9174231707999767
2040-04-10 09:00:00+00:00,0.00010878654644614835,0.9173944865961617
2040-04-10 10:00:00+00:00,0.025022703890034772,0.9173657820502491
2040-04-10 11:00:00+00:00,0.22339973632269827,0.9173370599186773
2040-04-10 12:00:00+00:00,0.42177675997410363,0.9173083014149406
2040-04-10 13:00:00+00:00,0.42178464117804476,0.9172794819594426
2040-04-10 14:00:00+00:00,0.42178877751513727,0.917250619006659
2040-04-10 15:00:00+00:00,0.4217885012111723,0.9172217059609479
2040-04-10 16:00:00+00:00,0.41920863035930434,0.9171927443307212
2040-04-10 17:00:00+00:00,0.4057545869964748,0.9171637498360697
2040-04-10 18:00:00+00:00,0.36694930627224065,0.917134728196547
2040-04-10 19:00:00+00:00,0.10402868115214603,0.917105692697482
2040-04-10 20:00:00+00:00,0.08295475520650643,0.9170766556286035
2040-04-10 21:00:00+00:00,0.05679680246678101,0.9170476224548281
2040-04-10 22:00:00+00:00,0.04456671288933547,0.9170186026681012
2040-04-10 23:00:00+00:00,0.04141438529767055,0.9169896071415017
2040-04-11 00:00:00+00:00,0.038046453747340496,0.9169606362182982
2040-04-11 01:00:00+00:00,0.03444462791509589,0.9169317001528767
2040-04-11 02:00:00+00:00,0.030539313223932094,0.9169028181503809
2040-04-11 03:00:00+00:00,0.025972092715913556,0.9168740026323323
2040-04-11 04:00:00+00:00,0.0204077603948744,0.9168451944756368
2040-04-11 05:00:00+00:00,0.012721598556622919,0.9168163662573273
2040-04-11 06:00:00+00:00,6.982683458093504e-07,0.9167875072796062
2040-04-11 07:00:00+00:00,2.0119449452413287e-05,0.9168889035806332
2040-04-11 08:00:00+00:00,2.838470148980867e-05,0.9169902744437176
2040-04-11 09:00:00+00:00,3.394865857073866e-05,0.9170916510132179
2040-04-11 10:00:00+00:00,0.00016356751760400365,0.9171931247588927
2040-04-11 11:00:00+00:00,0.19750698742644773,0.9172946228662784
2040-04-11 12:00:00+00:00,0.19751756071126736,0.9173961186085922
2040-04-11 13:00:00+00:00,0.26473109087798435,0.9174988192856293
2040-04-11 14:00:00+00:00,0.2647350339736765,0.9176017004141791
2040-04-11 15:00:00+00:00,0.2647387622318204,0.9177046227429496
2040-04-11 16:00:00+00:00,0.2647424935603353,0.9178075210288652
2040-04-11 17:00:00+00:00,0.26472462757772247,0.9177803442847803
2040-04-11 18:00:00+00:00,0.2647068893696738,0.9177531602375333
2040-04-11 19:00:00+00:00,0.26468914744370564,0.9177259707536937
2040-04-11 20:00:00+00:00,0.2646714546617841,0.9176987875490638
2040-04-11 21:00:00+00:00,0.26465381213961675,0.9176715928211929
2040-04-11 22:00:00+00:00,0.26463616340938223,0.9176443630243566
2040-04-11 23:00:00+00:00,0.2646185380630188,0.9176170988888176
2040-04-12 00:00:00+00:00,0.2646008994510438,0.9175898004025778
2040-04-12 01:00:00+00:00,0.2645833321496385,0.9175624678368306
2040-04-12 02:00:00+00:00,0.2645657896494613,0.9175351001350476
2040-04-12 03:00:00+00:00,0.2645482479038298,0.9175076975557724
2040-04-12 04:00:00+00:00,0.26453071409499573,0.9174802594485458
2040-04-12 05:00:00+00:00,0.26451310264641753,0.9174527842292328
2040-04-12 06:00:00+00:00,9.467719309077795e-06,0.9174251380010173
2040-04-12 07:00:00+00:00,7.124884633217639e-07,0.9174066631264337
2040-04-12 08:00:00+00:00,8.281391104217188e-06,0.9175093513733436
2040-04-12 09:00:00+00:00,7.828004739670188e-05,0.917612020329517
2040-04-12 10:00:00+00:00,0.0001093010340539496,0.9177146711128
2040-04-12 11:00:00+00:00,0.00012837433531995656,0.9178172879602873
2040-04-12 12:00:00+00:00,0.00014143879696266987,0.9179198657273523
2040-04-12 13:00:00+00:00,0.00015026840607015998,0.9180223969289898
2040-04-12 14:00:00+00:00,0.00015203432677739968,0.9181248781784136
2040-04-12 15:00:00+00:00,0.0001460838991452663,0.9182273145884253
2040-04-12 16:00:00+00:00,0.0001370617695925492,0.9183297089759306
2040-04-12 17:00:00+00:00,0.0001254084284099152,0.9184320724653957
2040-04-12 18:00:00+00:00,0.00010654360181314577,0.9185344168352091
2040-04-12 19:00:00+00:00,7.643437555553117e-05,0.9186367374645525
2040-04-12 20:00:00+00:00,2.402921891938087e-06,0.9187390363286061
2040-04-12 21:00:00+00:00,0.012192681375603746,0.9188413222414458
2040-04-12 22:00:00+00:00,0.017829615183238265,0.9189435979139117
2040-04-12 23:00:00+00:00,0.02189249430265625,0.9190458929247894
2040-04-13 00:00:00+00:00,0.024878336433733092,0.9191481987772351
2040-04-13 01:00:00+00:00,0.027153518669688653,0.9192504912966831
2040-04-13 02:00:00+00:00,0.02892741436904116,0.9193527564256244
2040-04-13 03:00:00+00:00,0.030296968424494725,0.9194549875553787
2040-04-13 04:00:00+00:00,0.031058392318747723,0.9195571839409393
2040-04-13 05:00:00+00:00,0.028981014442255298,0.9196593457909422
2040-04-13 06:00:00+00:00,0.02935787560203952,0.9197614729655605
2040-04-13 07:00:00+00:00,0.029467225727394523,0.9198635654915251
2040-04-13 08:00:00+00:00,0.02926053841989177,0.9199656237092946
2040-04-13 09:00:00+00:00,0.03782273376386422,0.9200676451166397
2040-04-13 10:00:00+00:00,0.11988724518460979,0.9201696280749665
2040-04-13 11:00:00+00:00,0.31188539876492627,0.9202715741938569
2040-04-13 12:00:00+00:00,0.5038798554100575,0.9203734811054197
2040-04-13 13:00:00+00:00,0.6950016208103659,0.9204753485273424
2040-04-13 14:00:00+00:00,0.8830671776031678,0.9205771771222118
2040-04-13 15:00:00+00:00,0.9925095831961347,0.9206789661189045
2040-04-13 16:00:00+00:00,0.9999978689309982,0.9207807185679033
2040-04-13 17:00:00+00:00,0.9999875828721144,0.9208824290399635
2040-04-13 18:00:00+00:00,0.9973977898529469,0.9209841020042052
2040-04-13 19:00:00+00:00,0.9961713404059065,0.9210857402412475
2040-04-13 20:00:00+00:00,0.9952565970195446,0.9211873444289773
2040-04-13 21:00:00+00:00,0.9944824181897177,0.9212889132829499
2040-04-13 22:00:00+00:00,0.9937506366975477,0.9213904471214787
2040-04-13 23:00:00+00:00,0.9931354879692595,0.92149194598381
2040-04-14 00:00:00+00:00,0.9924549288685766,0.9215934099133926
2040-04-14 01:00:00+00:00,0.9917957386865713,0.9216948387957541
2040-04-14 02:00:00+00:00,0.9909490560456461,0.9217962319206136
2040-04-14 03:00:00+00:00,0.9900312492206939,0.9218975896432868
2040-04-14 04:00:00+00:00,0.9891894758189863,0.9219989119347369
2040-04-14 05:00:00+00:00,0.988364126700562,0.9221001990483784
2040-04-14 06:00:00+00:00,0.9875905348835728,0.9222014514950712
2040-04-14 07:00:00+00:00,0.9868976262165244,0.922302670359681
2040-04-14 08:00:00+00:00,0.9862259608807324,0.9224038566423897
2040-04-14 09:00:00+00:00,0.9859267652432566,0.9225050177236888
2040-04-14 10:00:00+00:00,0.9853153990741418,0.9226061609985103
2040-04-14 11:00:00+00:00,0.9852806058595213,0.92270730232306
2040-04-14 12:00:00+00:00,0.9852445866953609,0.9228084260593892
2040-04-14 13:00:00+00:00,0.9852091946154286,0.9229095114133476
2040-04-14 14:00:00+00:00,0.9851745260824449,0.9230105334140887
2040-04-14 15:00:00+00:00,0.9851385070331724,0.9231114983806179
2040-04-14 16:00:00+00:00,0.9839750743645324,0.9232124037493172
2040-04-14 17:00:00+00:00,0.9697120959919234,0.9233132748005213
2040-04-14 18:00:00+00:00,0.7052309041287702,0.9234141016834199
2040-04-14 19:00:00+00:00,0.44352436973743314,0.9235148910804587
2040-04-14 20:00:00+00:00,0.18264602480720682,0.9236156418493433
2040-04-14 21:00:00+00:00,0.1708562315873175,0.9237163572167537
2040-04-14 22:00:00+00:00,0.15922891897383473,0.9238170351646728
2040-04-14 23:00:00+00:00,0.1479325819193051,0.9239176771889122
2040-04-15 00:00:00+00:00,0.13602388670622947,0.9240182839302274
2040-04-15 01:00:00+00:00,0.12364678331051784,0.9241188562426063
2040-04-15 02:00:00+00:00,0.1090838471070413,0.9242193936452153
2040-04-15 03:00:00+00:00,0.0924262704282408,0.9243198965245446
2040-04-15 04:00:00+00:00,0.07262391681091511,0.9244203655263376
2040-04-15 05:00:00+00:00,0.046599392356589255,0.9245207988341774
2040-04-15 06:00:00+00:00,8.865900932950722e-05,0.9246211885884678
2040-04-15 07:00:00+00:00,2.285033254937132e-06,0.9247215332457479
2040-04-15 08:00:00+00:00,0.008191216541166337,0.9248218100118363
2040-04-15 09:00:00+00:00,0.20655222815396895,0.9249219800049217
2040-04-15 10:00:00+00:00,0.4049134175696853,0.9250220162442913
2040-04-15 11:00:00+00:00,0.6032750405291115,0.9251219178798709
2040-04-15 12:00:00+00:00,0.8016367257203533,0.9252217345167899
2040-04-15 13:00:00+00:00,0.9999979127361355,0.9253215062300899
2040-04-15 14:00:00+00:00,0.9999818070884963,0.9254212251403917
2040-04-15 15:00:00+00:00,0.9999841394235278,0.9255208625655628
2040-04-15 16:00:00+00:00,0.999996040415232,0.9256203712411769
2040-04-15 17:00:00+00:00,0.9999988618908358,0.9257197832000926
2040-04-15 18:00:00+00:00,0.9860148041308892,0.925818927678863
2040-04-15 19:00:00+00:00,0.9787616253680496,0.9259180223198635
2040-04-15 20:00:00+00:00,0.9733518628509623,0.9260170772482179
2040-04-15 21:00:00+00:00,0.9688645789339012,0.9261160946207613
2040-04-15 22:00:00+00:00,0.9649746084309194,0.9262150762416158
2040-04-15 23:00:00+00:00,0.9614833085331637,0.926314022877245
2040-04-16 00:00:00+00:00,0.9582972855526688,0.9264129332218073
2040-04-16 01:00:00+00:00,0.9553426589759575,0.926511807498815
2040-04-16 02:00:00+00:00,0.863654336575436,0.9266106434690957
2040-04-16 03:00:00+00:00,0.690342765068282,0.92670942211778
2040-04-16 04:00:00+00:00,0.4444669105111358,0.9268081049337029
2040-04-16 05:00:00+00:00,0.19775999041281936,0.9269066600873387
2040-04-16 06:00:00+00:00,0.005357795368287403,0.927005060811781
2040-04-16 07:00:00+00:00,5.138584620790374e-07,0.9271033384498715
2040-04-16 08:00:00+00:00,0.0009918013386833614,0.9272016820075942
2040-04-16 09:00:00+00:00,0.07302142598545505,0.9272999424689431
2040-04-16 10:00:00+00:00,0.2669613918388622,0.9273981380233998
2040-04-16 11:00:00+00:00,0.4608088526246264,0.9274962669239354
2040-04-16 12:00:00+00:00,0.6545967038193515,0.9275943264160759
2040-04-16 13:00:00+00:00,0.848541518129077,0.9276923149886597
2040-04-16 14:00:00+00:00,0.9902314218536628,0.9277902424410945
2040-04-16 15:00:00+00:00,0.9934430161870845,0.9278880945914761
2040-04-16 16:00:00+00:00,0.8498307689115849,0.9279858882452561
2040-04-16 17:00:00+00:00,0.6699844646457562,0.928083627844644
2040-04-16 18:00:00+00:00,0.539426722409138,0.9281813244984192
2040-04-16 19:00:00+00:00,0.4362906819911233,0.9282789796152884
2040-04-16 20:00:00+00:00,0.34998448751460237,0.9283765832106835
2040-04-16 21:00:00+00:00,0.29659690438938485,0.9284741015638509
2040-04-16 22:00:00+00:00,0.27953350459681037,0.9285714707840372
2040-04-16 23:00:00+00:00,0.27889980353852944,0.9286686229469436
2040-04-17 00:00:00+00:00,0.27828606367652825,0.9287655672289518
2040-04-17 01:00:00+00:00,0.27768608303094494,0.9288622947039598
2040-04-17 02:00:00+00:00,0.27547125435097897,0.9289589086652227
2040-04-17 03:00:00+00:00,0.27500858501444725,0.9290554420663044
2040-04-17 04:00:00+00:00,0.2626771763470939,0.9291519079631336
2040-04-17 05:00:00+00:00,0.2272799194647297,0.9292483077783725
2040-04-17 06:00:00+00:00,0.009492004710968649,0.9293446333305181
2040-04-17 07:00:00+00:00,0.009920795008279202,0.9294408967486434
2040-04-17 08:00:00+00:00,0.15660007583638633,0.9295371030490459
2040-04-17 09:00:00+00:00,0.1845455513590753,0.9296332558240278
2040-04-17 10:00:00+00:00,0.2649085156726617,0.9297293600669577
2040-04-17 11:00:00+00:00,0.4207255938304132,0.9298254159721108
2040-04-17 12:00:00+00:00,0.5852702242935859,0.9299214251047668
2040-04-17 13:00:00+00:00,0.7592056969385951,0.9300173897238464
2040-04-17 14:00:00+00:00,0.9277697522372451,0.9301133105051267
2040-04-17 15:00:00+00:00,0.9949209566692442,0.9302091907255006
2040-04-17 16:00:00+00:00,0.9963558408420237,0.9303050291125966
2040-04-17 17:00:00+00:00,0.9999985228328949,0.9304008241873303
2040-04-17 18:00:00+00:00,0.9999965308266181,0.930496564763564
2040-04-17 19:00:00+00:00,0.9999988100758529,0.9305922408744786
2040-04-17 20:00:00+00:00,0.999930870890238,0.9306877126563079
2040-04-17 21:00:00+00:00,0.9998993536430387,0.9307831078648263
2040-04-17 22:00:00+00:00,0.9998760025440531,0.9308784169161317
2040-04-17 23:00:00+00:00,0.9998566686259983,0.9309736292065138
2040-04-18 00:00:00+00:00,0.9899093562802833,0.9310686996190343
2040-04-18 01:00:00+00:00,0.9848377023314883,0.9311636643496836
2040-04-18 02:00:00+00:00,0.9429873188464416,0.9312585018413262
2040-04-18 03:00:00+00:00,0.9067311147904781,0.9313531995578984
2040-04-18 04:00:00+00:00,0.865333194669359,0.9314478162221027
2040-04-18 05:00:00+00:00,0.6141308765191901,0.9315423791637152
2040-04-18 06:00:00+00:00,0.5894958210467182,0.9316368982503265
2040-04-18 07:00:00+00:00,0.5894677839127836,0.9317314020558042
2040-04-18 08:00:00+00:00,0.5894506414853465,0.9318258722450802
2040-04-18 09:00:00+00:00,0.5721428949708641,0.9319202236935225
2040-04-18 10:00:00+00:00,0.5508909944039077,0.9320144832881413
2040-04-18 11:00:00+00:00,0.530090986153883,0.9321086533970169
2040-04-18 12:00:00+00:00,0.5107554677466055,0.932202729627652
2040-04-18 13:00:00+00:00,0.4959304051504442,0.9322955709659905
2040-04-18 14:00:00+00:00,0.495897422294789,0.9323881525199763
2040-04-18 15:00:00+00:00,0.49588545483849583,0.9324806695689885
2040-04-18 16:00:00+00:00,0.49587351091063325,0.9325732680301648
2040-04-18 17:00:00+00:00,0.47756981803725007,0.9326657620821984
2040-04-18 18:00:00+00:00,0.4554113597254266,0.9327582174239901
2040-04-18 19:00:00+00:00,0.4325632938437298,0.9328506071147619
2040-04-18 20:00:00+00:00,0.40889905545030125,0.9329429193470501
2040-04-18 21:00:00+00:00,0.38486927067869725,0.9330351704419269
2040-04-18 22:00:00+00:00,0.3610563287828254,0.9331273813256711
2040-04-18 23:00:00+00:00,0.3366696347537609,0.9332195520316716
2040-04-19 00:00:00+00:00,0.3107269160370307,0.9333116823448085
2040-04-19 01:00:00+00:00,0.28173363842534976,0.9334037725474592
2040-04-19 02:00:00+00:00,0.245998244242975,0.9334958239613336
2040-04-19 03:00:00+00:00,0.20695873968970196,0.9335878367486472
2040-04-19 04:00:00+00:00,0.16004471545910415,0.9336798109186496
2040-04-19 05:00:00+00:00,0.06546797545401925,0.9337717464917886
2040-04-19 06:00:00+00:00,2.712452614943297e-06,0.9338636416097177
2040-04-19 07:00:00+00:00,2.899995323539952e-06,0.9339556522902854
2040-04-19 08:00:00+00:00,4.3651381921924885e-05,0.9340476356391032
2040-04-19 09:00:00+00:00,0.0614226813836586,0.9341395623714668
2040-04-19 10:00:00+00:00,0.20640471389405857,0.9342314219320869
2040-04-19 11:00:00+00:00,0.40478099182931376,0.9343232285629797
2040-04-19 12:00:00+00:00,0.6031584194513603,0.934414983431836
2040-04-19 13:00:00+00:00,0.8015380571805415,0.9345066972055701
2040-04-19 14:00:00+00:00,0.9999143158211065,0.9345983633825754
2040-04-19 15:00:00+00:00,0.9999388237223088,0.9346899846541631
2040-04-19 16:00:00+00:00,0.9999985385525293,0.9347815685220285
2040-04-19 17:00:00+00:00,0.9999675736536832,0.9348729820917284
2040-04-19 18:00:00+00:00,0.9610740152698686,0.9349642913179301
2040-04-19 19:00:00+00:00,0.9584228937935598,0.9350555527875093
2040-04-19 20:00:00+00:00,0.9561505256975843,0.9351467625569397
2040-04-19 21:00:00+00:00,0.9540103708967793,0.9352379170066414
2040-04-19 22:00:00+00:00,0.9520595715521435,0.9353290068143852
2040-04-19 23:00:00+00:00,0.9500331205042142,0.9354200020880964
2040-04-20 00:00:00+00:00,0.9480771119258966,0.9355109115318039
2040-04-20 01:00:00+00:00,0.9458884106122015,0.9356017598158728
2040-04-20 02:00:00+00:00,0.9313642727069533,0.9356925602904764
2040-04-20 03:00:00+00:00,0.9182228911875675,0.9357833199658189
2040-04-20 04:00:00+00:00,0.904821027697008,0.9358740390113662
2040-04-20 05:00:00+00:00,0.7663889628560373,0.9359647168227357
2040-04-20 06:00:00+00:00,0.7562358962072384,0.9360553532945536
2040-04-20 07:00:00+00:00,0.7545165712874474,0.9361459487632143
2040-04-20 08:00:00+00:00,0.7527990800734066,0.9362365033244652
2040-04-20 09:00:00+00:00,0.7511053669099499,0.936327017184375
2040-04-20 10:00:00+00:00,0.7499276545195169,0.9364174898149084
2040-04-20 11:00:00+00:00,0.7499144750693292,0.9365079731599668
2040-04-20 12:00:00+00:00,0.7498971558572101,0.9365984062840356
2040-04-20 13:00:00+00:00,0.7498831267190534,0.9366888048659198
2040-04-20 14:00:00+00:00,0.7498711260380817,0.9367791673456792
2040-04-20 15:00:00+00:00,0.7486473120405673,0.9368694348003789
2040-04-20 16:00:00+00:00,0.7468823560816038,0.9369596621759166
2040-04-20 17:00:00+00:00,0.7152006520317741,0.937049849441742
2040-04-20 18:00:00+00:00,0.45071317145691214,0.9371399411015
2040-04-20 19:00:00+00:00,0.19049398014296376,0.9372300472222038
2040-04-20 20:00:00+00:00,0.12498315562329976,0.9373201122375614
2040-04-20 21:00:00+00:00,0.11677032750411441,0.9374101381503075
2040-04-20 22:00:00+00:00,0.10820242246993854,0.9375001237323801
2040-04-20 23:00:00+00:00,0.09926618664775051,0.9375900686399856
2040-04-21 00:00:00+00:00,0.09732185068011422,0.9376799723431547
2040-04-21 01:00:00+00:00,0.09555663461120295,0.937769834513815
2040-04-21 02:00:00+00:00,0.08516923440915695,0.9378596562937956
2040-04-21 03:00:00+00:00,0.07101749536147343,0.9379494375152488
2040-04-21 04:00:00+00:00,0.05345943573843889,0.9380391777768765
2040-04-21 05:00:00+00:00,0.02213904251409555,0.9381288768352989
2040-04-21 06:00:00+00:00,3.2417237982138567e-06,0.9382185329728057
2040-04-21 07:00:00+00:00,7.016413366048257e-06,0.938308304021785
2040-04-21 08:00:00+00:00,1.9300147509857275e-06,0.9383980321414875
2040-04-21 09:00:00+00:00,0.10673803130732225,0.938487733496196
2040-04-21 10:00:00+00:00,0.30511620365958475,0.9385773813067524
2040-04-21 11:00:00+00:00,0.5034956243737309,0.9386669554751121
2040-04-21 12:00:00+00:00,0.7018750598205884,0.9387564547977753
2040-04-21 13:00:00+00:00,0.9002544664970541,0.938845897117379
2040-04-21 14:00:00+00:00,0.9999961921217955,0.9389352867630932
2040-04-21 15:00:00+00:00,0.9999968321246033,0.9390246236334484
2040-04-21 16:00:00+00:00,0.999995116465124,0.9391138999490966
2040-04-21 17:00:00+00:00,0.999976004008872,0.9392030738954079
2040-04-21 18:00:00+00:00,0.999935238656659,0.9392921808611572
2040-04-21 19:00:00+00:00,0.9999119869803826,0.9393812464154795
2040-04-21 20:00:00+00:00,0.9998946469747704,0.939470270602337
2040-04-21 21:00:00+00:00,0.9998835818728454,0.9395592569692913
2040-04-21 22:00:00+00:00,0.9998790006710595,0.9396482130947094
2040-04-21 23:00:00+00:00,0.9998749079476512,0.9397371281568447
2040-04-22 00:00:00+00:00,0.9998712352670786,0.9398260001140337
2040-04-22 01:00:00+00:00,0.9998679039108953,0.9399148301499523
2040-04-22 02:00:00+00:00,0.9998633650856085,0.9400036108219322
2040-04-22 03:00:00+00:00,0.9998567320420809,0.9400923398482239
2040-04-22 04:00:00+00:00,0.999850666194652,0.9401810256069382
2040-04-22 05:00:00+00:00,0.9998451057679558,0.9402696680322705
2040-04-22 06:00:00+00:00,0.9998398802730313,0.9403582663162204
2040-04-22 07:00:00+00:00,0.999835130248715,0.9404468226682732
2040-04-22 08:00:00+00:00,0.9998336801013268,0.9405353525282911
2040-04-22 09:00:00+00:00,0.9998323916260435,0.9406238403204422
2040-04-22 10:00:00+00:00,0.9998307083002487,0.9407122831681547
2040-04-22 11:00:00+00:00,0.9998298143732913,0.9408006876606708
2040-04-22 12:00:00+00:00,0.9998291571810265,0.9408890485462655
2040-04-22 13:00:00+00:00,0.9998287455942223,0.9409773646966966
2040-04-22 14:00:00+00:00,0.9998285254835476,0.9410656383090413
2040-04-22 15:00:00+00:00,0.9998284575052109,0.9411538717261404
2040-04-22 16:00:00+00:00,0.9554245559440894,0.9412419480169418
2040-04-22 17:00:00+00:00,0.9153758584958213,0.9413299830608487
2040-04-22 18:00:00+00:00,0.7916721528288708,0.9414179759993562
2040-04-22 19:00:00+00:00,0.752095262335652,0.941505926600279
2040-04-22 20:00:00+00:00,0.7236062018029843,0.9415938353397543
2040-04-22 21:00:00+00:00,0.6983044348980251,0.9416817023091739
2040-04-22 22:00:00+00:00,0.6752916335442998,0.9417695250872258
2040-04-22 23:00:00+00:00,0.6473339131596665,0.9418573043223479
2040-04-23 00:00:00+00:00,0.62281872947321,0.9419450405901609
2040-04-23 01:00:00+00:00,0.6015693345265424,0.9420327334010413
2040-04-23 02:00:00+00:00,0.5808368895221143,0.9421203815464281
2040-04-23 03:00:00+00:00,0.4839025190752712,0.9422079852016353
2040-04-23 04:00:00+00:00,0.30730985843473074,0.9422955457623887
2040-04-23 05:00:00+00:00,0.07424707447474879,0.9423830629046976
2040-04-23 06:00:00+00:00,0.04731029683027756,0.9424705351318153
2040-04-23 07:00:00+00:00,2.909559874905948e-06,0.9425579632644602
2040-04-23 08:00:00+00:00,1.0929796601794904e-06,0.94264549960618
2040-04-23 09:00:00+00:00,0.19837938255454965,0.942733033066275
2040-04-23 10:00:00+00:00,0.39675736380318577,0.942820523656162
2040-04-23 11:00:00+00:00,0.5951353799213596,0.9429079711205447
2040-04-23 12:00:00+00:00,0.7935133929787239,0.9429953756858915
2040-04-23 13:00:00+00:00,0.9918913705382135,0.9430827366084659
2040-04-23 14:00:00+00:00,0.9999979602757412,0.9431700506674712
2040-04-23 15:00:00+00:00,0.9999989131736473,0.9432573072798931
2040-04-23 16:00:00+00:00,0.9999966662657606,0.9433444163536165
2040-04-23 17:00:00+00:00,0.9999996686360951,0.9434314111599325
2040-04-23 18:00:00+00:00,0.9999955063636722,0.943388069207131
2040-04-23 19:00:00+00:00,0.9999940891629073,0.9433446830388202
2040-04-23 20:00:00+00:00,0.9901166723255183,0.9433012510867965
2040-04-23 21:00:00+00:00,0.9851999965987388,0.9432577749209519
2040-04-23 22:00:00+00:00,0.9814827388553763,0.9432142542770465
2040-04-23 23:00:00+00:00,0.9777479260760247,0.9431706888936081
2040-04-24 00:00:00+00:00,0.8530722647969861,0.9431270785817796
2040-04-24 01:00:00+00:00,0.6707080218987403,0.9430834245948363
2040-04-24 02:00:00+00:00,0.46497370950038647,0.9430397266062247
2040-04-24 03:00:00+00:00,0.3067536790358481,0.9429959837950943
2040-04-24 04:00:00+00:00,0.15296398088823945,0.9429521964668266
2040-04-24 05:00:00+00:00,0.005430437162522986,0.9429083643178814
2040-04-24 06:00:00+00:00,4.147882023768558e-07,0.942864486330456
2040-04-24 07:00:00+00:00,1.3783426869126617e-06,0.9428206532405953
2040-04-24 08:00:00+00:00,6.02576344796612e-06,0.942907023678277
2040-04-24 09:00:00+00:00,7.285791748670888e-06,0.9429933822463854
2040-04-24 10:00:00+00:00,0.19838753228739264,0.9430798041321554
2040-04-24 11:00:00+00:00,0.39676782781942016,0.943166182745449
2040-04-24 12:00:00+00:00,0.5951481226658466,0.9432525167033052
2040-04-24 13:00:00+00:00,0.7935278962832628,0.9433387994969615
2040-04-24 14:00:00+00:00,0.7935219487983515,0.9434249033036434
2040-04-24 15:00:00+00:00,0.7935158605346914,0.943510960297056
2040-04-24 16:00:00+00:00,0.7935098985552465,0.9435969731382876
2040-04-24 17:00:00+00:00,0.7934986913938977,0.9436828988569844
2040-04-24 18:00:00+00:00,0.776046211092489,0.9437686623178231
2040-04-24 19:00:00+00:00,0.750957847833858,0.9438543822350489
2040-04-24 20:00:00+00:00,0.7131176667811371,0.9439400582101858
2040-04-24 21:00:00+00:00,0.6770255833164442,0.944025689726468
2040-04-24 22:00:00+00:00,0.6770141910804447,0.9441113925683373
2040-04-24 23:00:00+00:00,0.6760936959249247,0.9441969348772079
2040-04-25 00:00:00+00:00,0.6415253523105011,0.9442824303498649
2040-04-25 01:00:00+00:00,0.6099317067756169,0.9443678797111439
2040-04-25 02:00:00+00:00,0.5977504701521529,0.9444532821446123
2040-04-25 03:00:00+00:00,0.5977391911176498,0.9445387578388584
2040-04-25 04:00:00+00:00,0.5976374823216873,0.9446240930506326
2040-04-25 05:00:00+00:00,0.5974893365867773,0.9447093771427586
2040-04-25 06:00:00+00:00,0.5973510458983716,0.9447946193544245
2040-04-25 07:00:00+00:00,0.5973395261281258,0.9448799301885625
2040-04-25 08:00:00+00:00,0.597327854410673,0.9449652161482065
2040-04-25 09:00:00+00:00,0.5973160670007561,0.9450504812405415
2040-04-25 10:00:00+00:00,0.5973043565483417,0.9451357366490192
2040-04-25 11:00:00+00:00,0.5972927611397427,0.9452209635300061
2040-04-25 12:00:00+00:00,0.5972811236878023,0.9453062046047237
2040-04-25 13:00:00+00:00,0.5972694668227357,0.945391453680638
2040-04-25 14:00:00+00:00,0.5972578369513993,0.9454766736485118
2040-04-25 15:00:00+00:00,0.5972463131889071,0.9455618837890557
2040-04-25 16:00:00+00:00,0.5972349962425257,0.9456469849933593
2040-04-25 17:00:00+00:00,0.5959825100762525,0.9457319812715849
2040-04-25 18:00:00+00:00,0.5704867928309679,0.9458169841930376
2040-04-25 19:00:00+00:00,0.5393781053493136,0.9459020398022068
2040-04-25 20:00:00+00:00,0.5062392820559004,0.9459871298465136
2040-04-25 21:00:00+00:00,0.47516434736970686,0.9460722360238112
2040-04-25 22:00:00+00:00,0.4490253315923435,0.9461573507023398
2040-04-25 23:00:00+00:00,0.42295070448782535,0.9462424630189613
2040-04-26 00:00:00+00:00,0.39603929070101257,0.9463275627676966
2040-04-26 01:00:00+00:00,0.3679375181916821,0.9464126414994344
2040-04-26 02:00:00+00:00,0.336023828686524,0.9464976946853734
2040-04-26 03:00:00+00:00,0.2904991442937913,0.9465827203433742
2040-04-26 04:00:00+00:00,0.171507950616052,0.9466677151134019
2040-04-26 05:00:00+00:00,0.04947716625887107,0.9467526770057917
2040-04-26 06:00:00+00:00,2.751346960765838e-05,0.9468376007141821
2040-04-26 07:00:00+00:00,1.5219128451850698e-06,0.9469226047744065
2040-04-26 08:00:00+00:00,0.053928685387965324,0.9470077432017412
2040-04-26 09:00:00+00:00,0.11166665828200636,0.9470928385330518
2040-04-26 10:00:00+00:00,0.14338374849115912,0.94717789103826
2040-04-26 11:00:00+00:00,0.16721415856040714,0.947262899945607
2040-04-26 12:00:00+00:00,0.3654932793544762,0.9473478654479602
2040-04-26 13:00:00+00:00,0.5637657274714429,0.9474327886490838
2040-04-26 14:00:00+00:00,0.7620340162647214,0.9475176690149649
2040-04-26 15:00:00+00:00,0.9603064122508451,0.9476025045764649
2040-04-26 16:00:00+00:00,0.9966227150127831,0.9476872952640328
2040-04-26 17:00:00+00:00,0.9999974225364816,0.947772041367259
2040-04-26 18:00:00+00:00,0.9999946962613669,0.9478567105333013
2040-04-26 19:00:00+00:00,0.9997033791583917,0.9479412450660504
2040-04-26 20:00:00+00:00,0.9995802645412275,0.9480257357131875
2040-04-26 21:00:00+00:00,0.999490111082442,0.9481101826451398
2040-04-26 22:00:00+00:00,0.9994140718175784,0.948194585244064
2040-04-26 23:00:00+00:00,0.9993447283349713,0.9482789435650975
2040-04-27 00:00:00+00:00,0.9992825773872176,0.9483632600672145
2040-04-27 01:00:00+00:00,0.999226147286558,0.9484475332430383
2040-04-27 02:00:00+00:00,0.9991802902195334,0.9485317643118616
2040-04-27 03:00:00+00:00,0.7442984300271966,0.9486159408414216
2040-04-27 04:00:00+00:00,0.4798129046806608,0.9487000346731618
2040-04-27 05:00:00+00:00,0.40325408496759707,0.9487841207324631
2040-04-27 06:00:00+00:00,0.4032062943618711,0.9488681742247911
2040-04-27 07:00:00+00:00,0.4031572857986192,0.9489521957961217
2040-04-27 08:00:00+00:00,0.4032718719450949,0.949036279776162
2040-04-27 09:00:00+00:00,0.40339500901474085,0.9491203245047446
2040-04-27 10:00:00+00:00,0.5276225656430996,0.9492043295202058
2040-04-27 11:00:00+00:00,0.5570859773987317,0.9492882946830703
2040-04-27 12:00:00+00:00,0.6685573647641225,0.9493722203615746
2040-04-27 13:00:00+00:00,0.7992409129771169,0.9494561059664932
2040-04-27 14:00:00+00:00,0.7993530754403556,0.949539948776987
2040-04-27 15:00:00+00:00,0.7994652794670457,0.9496237484470622
2040-04-27 16:00:00+00:00,0.7994748525386155,0.949707498335596
2040-04-27 17:00:00+00:00,0.7994844277461686,0.9497912032239103
2040-04-27 18:00:00+00:00,0.7994939544353756,0.9498748636156428
2040-04-27 19:00:00+00:00,0.7995034925656143,0.9499584806300987
2040-04-27 20:00:00+00:00,0.799513104588888,0.9500420532906774
2040-04-27 21:00:00+00:00,0.7995228509794426,0.9501255799863335
2040-04-27 22:00:00+00:00,0.7995325461835238,0.950209062188652
2040-04-27 23:00:00+00:00,0.7995421593583488,0.950292500038924
2040-04-28 00:00:00+00:00,0.7996603531491234,0.9503759000667423
2040-04-28 01:00:00+00:00,0.7997736934476225,0.950459255702689
2040-04-28 02:00:00+00:00,0.7998866211229979,0.9505425666592734
2040-04-28 03:00:00+00:00,0.7999999853818732,0.9506258329326033
2040-04-28 04:00:00+00:00,0.8001182339766516,0.9507090535965567
2040-04-28 05:00:00+00:00,0.8001278935940865,0.9507922229749556
2040-04-28 06:00:00+00:00,0.800238833491874,0.9508753531122554
2040-04-28 07:00:00+00:00,0.8003491221731052,0.9509584375934418
2040-04-28 08:00:00+00:00,0.8004694020293227,0.9510414757536014
2040-04-28 09:00:00+00:00,0.8005895754872282,0.9511244674833756
2040-04-28 10:00:00+00:00,0.8006924643171753,0.9512074133706295
2040-04-28 11:00:00+00:00,0.9990715888006839,0.9512903404998375
2040-04-28 12:00:00+00:00,0.9992095789115097,0.9513731958555224
2040-04-28 13:00:00+00:00,0.9993595380694063,0.9514560045437855
2040-04-28 14:00:00+00:00,0.9995591787121882,0.9515387656396617
2040-04-28 15:00:00+00:00,0.9999466540296348,0.9516214800275656
2040-04-28 16:00:00+00:00,0.99994711445872,0.9517041218227674
2040-04-28 17:00:00+00:00,0.9857759746816304,0.9517865959446056
2040-04-28 18:00:00+00:00,0.9777636656181962,0.9518690260633226
2040-04-28 19:00:00+00:00,0.9719345148790194,0.9519514115415693
2040-04-28 20:00:00+00:00,0.9671495803090372,0.9520337524142418
2040-04-28 21:00:00+00:00,0.8179301707114319,0.9521160480347834
2040-04-28 22:00:00+00:00,0.6675750387238493,0.9521982990397262
2040-04-28 23:00:00+00:00,0.5543167111981722,0.9522805040497337
2040-04-29 00:00:00+00:00,0.4766683562525719,0.9523626637744608
2040-04-29 01:00:00+00:00,0.4726231632201361,0.9524447769932555
2040-04-29 02:00:00+00:00,0.4686145804577164,0.9525268449051705
2040-04-29 03:00:00+00:00,0.3539939965938258,0.9526088674682295
2040-04-29 04:00:00+00:00,0.21142456080931638,0.9526908447951445
2040-04-29 05:00:00+00:00,0.017238190386246573,0.9527727759042379
2040-04-29 06:00:00+00:00,0.011074675423307189,0.9528546613347634
2040-04-29 07:00:00+00:00,1.6603775697830335e-06,0.9529365037904066
2040-04-29 08:00:00+00:00,5.954165926465654e-06,0.953018470403499
2040-04-29 09:00:00+00:00,5.908206313909574e-06,0.9531003975799409
2040-04-29 10:00:00+00:00,0.004549682861932035,0.9531822882466126
2040-04-29 11:00:00+00:00,0.006899430801335518,0.9532641339858853
2040-04-29 12:00:00+00:00,0.10284514276838458,0.9533459341745573
2040-04-29 13:00:00+00:00,0.10472144552190106,0.9534276891188509
2040-04-29 14:00:00+00:00,0.1063987547579657,0.9535093969997809
2040-04-29 15:00:00+00:00,0.15746712512190145,0.9535910561101717
2040-04-29 16:00:00+00:00,0.15912910059491545,0.9536726664853458
2040-04-29 17:00:00+00:00,0.16082455596713405,0.9537542352654432
2040-04-29 18:00:00+00:00,0.1608469957498142,0.9538357630827771
2040-04-29 19:00:00+00:00,0.16086950659660143,0.9539172801454744
2040-04-29 20:00:00+00:00,0.16089203549769482,0.9539988014388203
2040-04-29 21:00:00+00:00,0.16091455830315882,0.9540802937232624
2040-04-29 22:00:00+00:00,0.1609370999535739,0.9541617430206666
2040-04-29 23:00:00+00:00,0.16095966965789435,0.9542431469643519
2040-04-30 00:00:00+00:00,0.1609822615980826,0.9543245059079166
2040-04-30 01:00:00+00:00,0.16100490213007831,0.9544058195286984
2040-04-30 02:00:00+00:00,0.16102753510772835,0.9544870896622223
2040-04-30 03:00:00+00:00,0.16105024098447857,0.9545683138007062
2040-04-30 04:00:00+00:00,0.16107299809680348,0.9546494915031111
2040-04-30 05:00:00+00:00,0.16109577318150795,0.9547306230597729
2040-04-30 06:00:00+00:00,0.16263456800541654,0.9548117094361446
2040-04-30 07:00:00+00:00,0.17310079821922925,0.954892750707071
2040-04-30 08:00:00+00:00,0.18327175344685728,0.9549737471145564
2040-04-30 09:00:00+00:00,0.18476020526944095,0.955054697545077
2040-04-30 10:00:00+00:00,0.18623815663445606,0.9551356029301143
2040-04-30 11:00:00+00:00,0.3845320743205818,0.9552164617691986
2040-04-30 12:00:00+00:00,0.5828820534074739,0.9552972737178896
2040-04-30 13:00:00+00:00,0.7812617216371918,0.9553780531366143
2040-04-30 14:00:00+00:00,0.9796113195748319,0.9554587802748673
2040-04-30 15:00:00+00:00,0.9968033929282683,0.9555394651157636
2040-04-30 16:00:00+00:00,0.9999989953296579,0.95562010876092
2040-04-30 17:00:00+00:00,0.9875071509222312,0.9557005264658235
2040-04-30 18:00:00+00:00,0.9400691804353074,0.9557809014833356
2040-04-30 19:00:00+00:00,0.9130078210891424,0.9558612431126664
2040-04-30 20:00:00+00:00,0.8919378902966356,0.9559415516836097
2040-04-30 21:00:00+00:00,0.8684497255423352,0.9560218267168509
2040-04-30 22:00:00+00:00,0.8324101678698631,0.9561020665966743
2040-04-30 23:00:00+00:00,0.8083689929137863,0.9561822712137565
2040-05-01 00:00:00+00:00,0.7876211056656813,0.9562624450603986
2040-05-01 01:00:00+00:00,0.7677711977431158,0.9563425819322291
2040-05-01 02:00:00+00:00,0.7234603611199735,0.9564226819373627
2040-05-01 03:00:00+00:00,0.5141012890248438,0.9565027460771411
2040-05-01 04:00:00+00:00,0.2704781857069918,0.9565827743412225
2040-05-01 05:00:00+00:00,0.02447818005060116,0.9566627647484252
2040-05-01 06:00:00+00:00,2.1508304656846044e-05,0.956742721318009
2040-05-01 07:00:00+00:00,1.1391182490424387e-06,0.9568227005568971
2040-05-01 08:00:00+00:00,0.0005668469242356201,0.956902759692662
2040-05-01 09:00:00+00:00,0.08456025399868532,0.9569827799975776
2040-05-01 10:00:00+00:00,0.08478938514126985,0.9570627648349121
2040-05-01 11:00:00+00:00,0.2802628744770327,0.9571427160154943
2040-05-01 12:00:00+00:00,0.4725032130138298,0.9572226301555431
2040-05-01 13:00:00+00:00,0.5598088317577317,0.9573025083205516
2040-05-01 14:00:00+00:00,0.5666852501953736,0.9573823482951801
2040-05-01 15:00:00+00:00,0.5699620894877648,0.9574621639258423
2040-05-01 16:00:00+00:00,0.5701979539411474,0.9575419730058397
2040-05-01 17:00:00+00:00,0.5704765361464799,0.9576217737628551
2040-05-01 18:00:00+00:00,0.5704966747717691,0.9577015485378804
2040-05-01 19:00:00+00:00,0.570516820804261,0.957781279879692
2040-05-01 20:00:00+00:00,0.5705368966431026,0.9578609702836705
2040-05-01 21:00:00+00:00,0.570556677474651,0.9579406239709808
2040-05-01 22:00:00+00:00,0.5708109799326702,0.9580202487353697
2040-05-01 23:00:00+00:00,0.5708310470789196,0.9580998426388453
2040-05-02 00:00:00+00:00,0.5708511599603951,0.9581794105522601
2040-05-02 01:00:00+00:00,0.5708712182630865,0.9582589626529062
2040-05-02 02:00:00+00:00,0.5708907943616527,0.9583385055541513
2040-05-02 03:00:00+00:00,0.5709107959388761,0.9584180481954946
2040-05-02 04:00:00+00:00,0.3064164073456363,0.9584975837775
2040-05-02 05:00:00+00:00,0.04190877548118405,0.9585769435109933
2040-05-02 06:00:00+00:00,0.04192863206324904,0.9586564700643622
2040-05-02 07:00:00+00:00,0.04194892130302948,0.9587359591019764
2040-05-02 08:00:00+00:00,0.04229046237031839,0.9588153994952018
2040-05-02 09:00:00+00:00,0.04264390818250379,0.9588947817208765
2040-05-02 10:00:00+00:00,0.24101967991481196,0.958974088005733
2040-05-02 11:00:00+00:00,0.35271164502488317,0.9590533292652286
2040-05-02 12:00:00+00:00,0.3530455983667261,0.9591324622591298
2040-05-02 13:00:00+00:00,0.35333863882360883,0.9592114868571022
2040-05-02 14:00:00+00:00,0.3536305636002489,0.9592904044481572
2040-05-02 15:00:00+00:00,0.35387895747788045,0.9593692219138389
2040-05-02 16:00:00+00:00,0.35390072831795005,0.9594479284875786
2040-05-02 17:00:00+00:00,0.35392217295124223,0.9595265123253034
2040-05-02 18:00:00+00:00,0.11640612611692328,0.9596049692931179
2040-05-02 19:00:00+00:00,0.11642760353591972,0.9596832870083166
2040-05-02 20:00:00+00:00,0.11644914623884275,0.9597614780677868
2040-05-02 21:00:00+00:00,0.1164712418982457,0.9598395627829038
2040-05-02 22:00:00+00:00,0.11649349197165289,0.9599175502307703
2040-05-02 23:00:00+00:00,0.11651574914605847,0.9599954507738734
2040-05-03 00:00:00+00:00,0.11653801839469817,0.9600732749282751
2040-05-03 01:00:00+00:00,0.11671934493752119,0.9601510315724234
2040-05-03 02:00:00+00:00,0.11689473118413449,0.9602287237559991
2040-05-03 03:00:00+00:00,0.11706352202630493,0.9603063529387305
2040-05-03 04:00:00+00:00,0.11708564544634527,0.9603839220545833
2040-05-03 05:00:00+00:00,0.11710801313441414,0.9604614337539765
2040-05-03 06:00:00+00:00,1.3241679351151845e-05,0.9605388859354766
2040-05-03 07:00:00+00:00,1.3014369509960235e-05,0.9606162896955877
2040-05-03 08:00:00+00:00,1.5315428415792369e-06,0.9606936430297928
2040-05-03 09:00:00+00:00,0.06949801505868577,0.9607709600178079
2040-05-03 10:00:00+00:00,0.23829696379557533,0.9608482309874528
2040-05-03 11:00:00+00:00,0.4308453472990998,0.9609254554867851
2040-05-03 12:00:00+00:00,0.6232176578806957,0.9610026327484407
2040-05-03 13:00:00+00:00,0.8162465713154002,0.9610797629927516
2040-05-03 14:00:00+00:00,0.9973544498017941,0.9611568442369363
2040-05-03 15:00:00+00:00,0.9999986148866885,0.9612338775927882
2040-05-03 16:00:00+00:00,0.999999116043133,0.9613108523130877
2040-05-03 17:00:00+00:00,0.9999903794941601,0.9613876833541751
2040-05-03 18:00:00+00:00,0.9458081604135027,0.9614643056576253
2040-05-03 19:00:00+00:00,0.9160839458216432,0.9615408812623842
2040-05-03 20:00:00+00:00,0.8930340713956072,0.9616174107433919
2040-05-03 21:00:00+00:00,0.8734107097441012,0.961693893902295
2040-05-03 22:00:00+00:00,0.8409139312856498,0.9617703303499894
2040-05-03 23:00:00+00:00,0.8001771094070981,0.961846720332224
2040-05-04 00:00:00+00:00,0.7567679859104878,0.9619230613233695
2040-05-04 01:00:00+00:00,0.7061503349308712,0.9619993547828787
2040-05-04 02:00:00+00:00,0.6433527345049629,0.9620755992922514
2040-05-04 03:00:00+00:00,0.5556623325035517,0.9621517950414055
2040-05-04 04:00:00+00:00,0.41990388430067416,0.9622279436945758
2040-05-04 05:00:00+00:00,0.21918779224179552,0.9623040453825787
2040-05-04 06:00:00+00:00,0.20648274646234782,0.9623800993990245
2040-05-04 07:00:00+00:00,0.20647108609314896,0.9624561895229952
2040-05-04 08:00:00+00:00,0.20645943524518837,0.9625322245913168
2040-05-04 09:00:00+00:00,0.2064669890466007,0.9626083218937941
2040-05-04 10:00:00+00:00,0.40484716941884946,0.9626844184940276
2040-05-04 11:00:00+00:00,0.6032276305579428,0.962760466073379
2040-05-04 12:00:00+00:00,0.8016080889818823,0.9628364617391008
2040-05-04 13:00:00+00:00,0.9999882733880824,0.9629124037666924
2040-05-04 14:00:00+00:00,0.9999930731641583,0.9629882299018548
2040-05-04 15:00:00+00:00,0.9999933152330439,0.9630639123478759
2040-05-04 16:00:00+00:00,0.9999990878010706,0.9631395485734976
2040-05-04 17:00:00+00:00,0.9999949906996959,0.9630848510963524
2040-05-04 18:00:00+00:00,0.9941431527166649,0.9630300983940914
2040-05-04 19:00:00+00:00,0.7460355135725887,0.9629752984678125
2040-05-04 20:00:00+00:00,0.49951997442812696,0.9629204519462002
2040-05-04 21:00:00+00:00,0.3327132901803088,0.9628655598921598
2040-05-04 22:00:00+00:00,0.32979191254520956,0.9628106215510729
2040-05-04 23:00:00+00:00,0.326845259760148,0.9627556365375322
2040-05-05 00:00:00+00:00,0.3238712891191523,0.9627006044104864
2040-05-05 01:00:00+00:00,0.3208707155638247,0.9626455257555734
2040-05-05 02:00:00+00:00,0.31773404957423923,0.962590400710395
2040-05-05 03:00:00+00:00,0.314732498469144,0.9625352289486127
2040-05-05 04:00:00+00:00,0.2498577912165215,0.9624800120506921
2040-05-05 05:00:00+00:00,0.006095875699119103,0.9624247494994277
2040-05-05 06:00:00+00:00,1.3574850295553512e-06,0.9623694409310237
2040-05-05 07:00:00+00:00,2.7510658682722e-06,0.9623142005559041
2040-05-05 08:00:00+00:00,0.06143092031164294,0.9623890840456505
2040-05-05 09:00:00+00:00,0.2597979292381571,0.9624639699534026
2040-05-05 10:00:00+00:00,0.4581756484597172,0.9625388798535527
2040-05-05 11:00:00+00:00,0.6565533912632124,0.9626137449164757
2040-05-05 12:00:00+00:00,0.8549216568548207,0.9626885000127905
2040-05-05 13:00:00+00:00,0.9999959327600265,0.9627631630242941
2040-05-05 14:00:00+00:00,0.9999955497486368,0.9627076197765212
2040-05-05 15:00:00+00:00,0.9999996618610684,0.962652037349268
2040-05-05 16:00:00+00:00,0.9999841048702732,0.9625962996351076
2040-05-05 17:00:00+00:00,0.9389935375740482,0.9625405277373993
2040-05-05 18:00:00+00:00,0.7759800156045424,0.9624847167245245
2040-05-05 19:00:00+00:00,0.6745583629688592,0.9624288595781544
2040-05-05 20:00:00+00:00,0.5958797482523155,0.9623729561440796
2040-05-05 21:00:00+00:00,0.5204632560969766,0.9623170060328797
2040-05-05 22:00:00+00:00,0.45592660085842296,0.9622610098542638
2040-05-05 23:00:00+00:00,0.395861812412759,0.962204966984506
2040-05-06 00:00:00+00:00,0.33397481503052057,0.9621488797044175
2040-05-06 01:00:00+00:00,0.25964515656814025,0.9620927489287285
2040-05-06 02:00:00+00:00,0.1868312660350231,0.9620365809633429
2040-05-06 03:00:00+00:00,0.13270498805029501,0.9619803817335906
2040-05-06 04:00:00+00:00,0.08017157810554482,0.9619241567989762
2040-05-06 05:00:00+00:00,0.007156661156954918,0.9618679059558104
2040-05-06 06:00:00+00:00,2.830364889177706e-07,0.9618116280355294
2040-05-06 07:00:00+00:00,4.4411874862133935e-06,0.9618856269630135
2040-05-06 08:00:00+00:00,4.635864638242292e-06,0.9619596655545359
2040-05-06 09:00:00+00:00,0.1983846558686184,0.9620338021678762
2040-05-06 10:00:00+00:00,0.396764761726949,0.9621079147707289
2040-05-06 11:00:00+00:00,0.5951449203826992,0.9621820072490653
2040-05-06 12:00:00+00:00,0.7935249551410586,0.9622560916340063
2040-05-06 13:00:00+00:00,0.7935130946783358,0.9623300400889955
2040-05-06 14:00:00+00:00,0.7935012163674555,0.9624040750492322
2040-05-06 15:00:00+00:00,0.7934874536239344,0.9624781500794054
2040-05-06 16:00:00+00:00,0.7404488045859037,0.9625523774398778
2040-05-06 17:00:00+00:00,0.6859616897826272,0.9626266690208353
2040-05-06 18:00:00+00:00,0.6294662313154978,0.9627009820063533
2040-05-06 19:00:00+00:00,0.57970294838864,0.9627752585126121
2040-05-06 20:00:00+00:00,0.5322701765583362,0.9628494532071171
2040-05-06 21:00:00+00:00,0.48425054821798696,0.9629235921584423
2040-05-06 22:00:00+00:00,0.4329076704160014,0.9629976898233336
2040-05-06 23:00:00+00:00,0.38299081325709766,0.9630717456302653
2040-05-07 00:00:00+00:00,0.3346760637889023,0.9631457574231161
2040-05-07 01:00:00+00:00,0.28494788526730175,0.9632197250370828
2040-05-07 02:00:00+00:00,0.23195425531742375,0.9632936464179491
2040-05-07 03:00:00+00:00,0.17198830218803265,0.9633675245187124
2040-05-07 04:00:00+00:00,0.09877011989851314,0.963441358852059
2040-05-07 05:00:00+00:00,0.0006458146604247656,0.9635151482897051
2040-05-07 06:00:00+00:00,0.0006317401170873077,0.9635889419538362
2040-05-07 07:00:00+00:00,0.0006265576796428858,0.9636627236174317
2040-05-07 08:00:00+00:00,0.0006213434824508546,0.9637364619406084
2040-05-07 09:00:00+00:00,0.0006160018073775284,0.9638101619218046
2040-05-07 10:00:00+00:00,0.0006105118287894619,0.963883835499889
2040-05-07 11:00:00+00:00,0.000604925987600754,0.9639574914245972
2040-05-07 12:00:00+00:00,0.0005992231512736594,0.9640311426919355
2040-05-07 13:00:00+00:00,0.0005934563448192846,0.9641048010656756
2040-05-07 14:00:00+00:00,0.0005875091993132755,0.9641784499145469
2040-05-07 15:00:00+00:00,0.0005814635312717642,0.9642520789552494
2040-05-07 16:00:00+00:00,0.0005752444787289625,0.9643256791608111
2040-05-07 17:00:00+00:00,0.0005554875026509712,0.9643992266958811
2040-05-07 18:00:00+00:00,0.000534880796511447,0.9644727572173277
2040-05-07 19:00:00+00:00,0.0005132688363195106,0.9645462590557606
2040-05-07 20:00:00+00:00,0.0004904202663891997,0.9646197474045001
2040-05-07 21:00:00+00:00,0.00046627830639733837,0.9646932060735757
2040-05-07 22:00:00+00:00,0.00044055829239524335,0.9647666195411674
2040-05-07 23:00:00+00:00,0.00041292819366639777,0.9648399895463635
2040-05-08 00:00:00+00:00,0.0003829695017632148,0.9649133146744965
2040-05-08 01:00:00+00:00,0.0003500288867924325,0.9649866006529791
2040-05-08 02:00:00+00:00,0.00031312536088001764,0.9650598552431573
2040-05-08 03:00:00+00:00,0.00027053324560646945,0.9651330831011814
2040-05-08 04:00:00+00:00,0.00021881361233200213,0.9652062728848921
2040-05-08 05:00:00+00:00,0.00014876025649433332,0.9652794257582701
2040-05-08 06:00:00+00:00,1.000737834358939e-06,0.9653525405477801
2040-05-08 07:00:00+00:00,7.725041681802454e-06,0.9654257405128871
2040-05-08 08:00:00+00:00,0.036626089277960926,0.9654988967268805
2040-05-08 09:00:00+00:00,0.23500502248564759,0.9655720104235717
2040-05-08 10:00:00+00:00,0.433383908230177,0.9656450706346912
2040-05-08 11:00:00+00:00,0.6317627908004607,0.9657180759145507
2040-05-08 12:00:00+00:00,0.8301416747375523,0.9657910308298376
2040-05-08 13:00:00+00:00,0.9992330288455123,0.9658639287343322
2040-05-08 14:00:00+00:00,0.9999865979595589,0.9659367781803233
2040-05-08 15:00:00+00:00,0.9999834515101417,0.9660095611870608
2040-05-08 16:00:00+00:00,0.9999935928425531,0.9660822631008292
2040-05-08 17:00:00+00:00,0.9942107598913712,0.9661548747567853
2040-05-08 18:00:00+00:00,0.7816976057207181,0.9662274232437237
2040-05-08 19:00:00+00:00,0.518753313104207,0.9662999260928034
2040-05-08 20:00:00+00:00,0.25425862521388354,0.9663723768299304
2040-05-08 21:00:00+00:00,0.05891417680150817,0.9664447802335029
2040-05-08 22:00:00+00:00,0.047841903439341214,0.966517124908445
2040-05-08 23:00:00+00:00,0.044641553100381814,0.9665894116927976
2040-05-09 00:00:00+00:00,0.041202384636758946,0.9666616369237689
2040-05-09 01:00:00+00:00,0.03745320214009085,0.9667337907124235
2040-05-09 02:00:00+00:00,0.033249834824770994,0.9668058663367428
2040-05-09 03:00:00+00:00,0.02836914554368808,0.9668778548734902
2040-05-09 04:00:00+00:00,0.02236425197348395,0.9669497548234292
2040-05-09 05:00:00+00:00,0.01402437734893607,0.9670215701615019
2040-05-09 06:00:00+00:00,0.0013615071821446942,0.9670933068943307
2040-05-09 07:00:00+00:00,0.001351518670052303,0.9671649827298029
2040-05-09 08:00:00+00:00,0.0013409867493042202,0.9672365980130018
2040-05-09 09:00:00+00:00,0.0013304219703807098,0.9673081567896279
2040-05-09 10:00:00+00:00,0.0013195430771317635,0.9673796720643005
2040-05-09 11:00:00+00:00,0.001308526879636608,0.9674511473235445
2040-05-09 12:00:00+00:00,0.0012989314016679336,0.9675225827897763
2040-05-09 13:00:00+00:00,0.0012877683150733926,0.9675939735604348
2040-05-09 14:00:00+00:00,0.0012764229558245893,0.9676653243445127
2040-05-09 15:00:00+00:00,0.0012646113730589454,0.9677366340431911
2040-05-09 16:00:00+00:00,0.0012529020999719287,0.9678079030437957
2040-05-09 17:00:00+00:00,0.0012095606592479689,0.9678791302008676
2040-05-09 18:00:00+00:00,0.0011637166349624667,0.9679503175525973
2040-05-09 19:00:00+00:00,0.0011157456641880472,0.9680214625303731
2040-05-09 20:00:00+00:00,0.0010653064240816975,0.968092563946046
2040-05-09 21:00:00+00:00,0.0010120330537242378,0.9681636225403317
2040-05-09 22:00:00+00:00,0.0009554407791323912,0.9682346385018038
2040-05-09 23:00:00+00:00,0.000894774459912722,0.9683056119135202
2040-05-10 00:00:00+00:00,0.0008290501418260814,0.9683765419255831
2040-05-10 01:00:00+00:00,0.0007568952210324222,0.9684474284382069
2040-05-10 02:00:00+00:00,0.0006762189129290243,0.9685182718597092
2040-05-10 03:00:00+00:00,0.0005833363837937164,0.9685890722857831
2040-05-10 04:00:00+00:00,0.000470985412727978,0.9686598296809312
2040-05-10 05:00:00+00:00,0.0003194003187520967,0.9687305438998124
2040-05-10 06:00:00+00:00,1.402073757239258e-05,0.9688012170926661
2040-05-10 07:00:00+00:00,0.00024985473613981386,0.9688718824265969
2040-05-10 08:00:00+00:00,0.00036554880505456787,0.9689425249047445
2040-05-10 09:00:00+00:00,0.0004569109310104447,0.9690131628647944
2040-05-10 10:00:00+00:00,0.0005344534714023189,0.9690837932891312
2040-05-10 11:00:00+00:00,0.1579557884192424,0.9691544375149106
2040-05-10 12:00:00+00:00,0.35633429752533546,0.9692250774253652
2040-05-10 13:00:00+00:00,0.3564033288966449,0.9692956896902412
2040-05-10 14:00:00+00:00,0.35646483624479386,0.969366307033668
2040-05-10 15:00:00+00:00,0.35652782062761895,0.9694369305988091
2040-05-10 16:00:00+00:00,0.35659014718301507,0.9695076097099127
2040-05-10 17:00:00+00:00,0.35665217028167695,0.9695783079606763
2040-05-10 18:00:00+00:00,0.3566597667843205,0.9696489778033445
2040-05-10 19:00:00+00:00,0.35666739181339396,0.9697196077191547
2040-05-10 20:00:00+00:00,0.3566749916834111,0.9697901976037064
2040-05-10 21:00:00+00:00,0.35668258479227005,0.9698607500257925
2040-05-10 22:00:00+00:00,0.35669018127066626,0.9699312711353647
2040-05-10 23:00:00+00:00,0.3566977732150254,0.9700017721321512
2040-05-11 00:00:00+00:00,0.3567053674243804,0.9700722766518197
2040-05-11 01:00:00+00:00,0.3567129610254529,0.9701428096507375
2040-05-11 02:00:00+00:00,0.3567205710090967,0.9702133769148693
2040-05-11 03:00:00+00:00,0.3567282032148696,0.9702839739182053
2040-05-11 04:00:00+00:00,0.3567357230752777,0.9703545880722563
2040-05-11 05:00:00+00:00,0.35674251138221513,0.9704252007692235
2040-05-11 06:00:00+00:00,0.356749950042419,0.970495805325318
2040-05-11 07:00:00+00:00,0.3567730736916001,0.9705663800090982
2040-05-11 08:00:00+00:00,0.3567961383383467,0.9706369360440006
2040-05-11 09:00:00+00:00,0.35681921941398653,0.9707074661614371
2040-05-11 10:00:00+00:00,0.35684222784264474,0.9707779705299977
2040-05-11 11:00:00+00:00,0.356865271468526,0.9708484497951716
2040-05-11 12:00:00+00:00,0.3568883366367846,0.9709189048333191
2040-05-11 13:00:00+00:00,0.3569113661285597,0.9709893400736249
2040-05-11 14:00:00+00:00,0.35693432267514513,0.9710597487450073
2040-05-11 15:00:00+00:00,0.356957385744765,0.971130129354071
2040-05-11 16:00:00+00:00,0.3569805558602947,0.971200481017871
2040-05-11 17:00:00+00:00,0.3569879665037476,0.9712707976593001
2040-05-11 18:00:00+00:00,0.3569954181666692,0.9713410810823817
2040-05-11 19:00:00+00:00,0.35700288386533924,0.971411326205813
2040-05-11 20:00:00+00:00,0.35701032360681917,0.9714815377462713
2040-05-11 21:00:00+00:00,0.35701773877238857,0.9715517265411165
2040-05-11 22:00:00+00:00,0.3570251731430177,0.9716219111543734
2040-05-11 23:00:00+00:00,0.35703249525044767,0.9716921063890006
2040-05-12 00:00:00+00:00,0.3570758471846,0.9717623149366473
2040-05-12 01:00:00+00:00,0.35711892642468246,0.9718325386523058
2040-05-12 02:00:00+00:00,0.35716161756571185,0.9719027710447636
2040-05-12 03:00:00+00:00,0.3572045483023603,0.971973006346487
2040-05-12 04:00:00+00:00,0.35721610463954195,0.9720432309468361
2040-05-12 05:00:00+00:00,0.3572275891736455,0.972113430625618
2040-05-12 06:00:00+00:00,0.35726849998363447,0.9721836011259112
2040-05-12 07:00:00+00:00,0.35730913285571325,0.9722537450035407
2040-05-12 08:00:00+00:00,0.35735232154395397,0.9723238692598565
2040-05-12 09:00:00+00:00,0.3573967357628569,0.972393965699455
2040-05-12 10:00:00+00:00,0.3574690237203116,0.9724640341404869
2040-05-12 11:00:00+00:00,0.5558258788832464,0.9725340800377903
2040-05-12 12:00:00+00:00,0.7542055490921423,0.9726041098712266
2040-05-12 13:00:00+00:00,0.9525603720001719,0.9726740979406246
2040-05-12 14:00:00+00:00,0.9997402728441457,0.9727440506427101
2040-05-12 15:00:00+00:00,0.9997939924268606,0.9728139651209634
2040-05-12 16:00:00+00:00,0.9998652825844221,0.9728838310849568
2040-05-12 17:00:00+00:00,0.9999955806737175,0.9729536519659425
2040-05-12 18:00:00+00:00,0.9999759004496749,0.9730234170563542
2040-05-12 19:00:00+00:00,0.9999682063677799,0.9730931514373131
2040-05-12 20:00:00+00:00,0.9999642128800645,0.9731628500705757
2040-05-12 21:00:00+00:00,0.9999623684470776,0.9732325128936579
2040-05-12 22:00:00+00:00,0.9999623895049323,0.9733021422333814
2040-05-12 23:00:00+00:00,0.9999642255182554,0.9733717432808753
2040-05-13 00:00:00+00:00,0.9999682128952063,0.9734413192862321
2040-05-13 01:00:00+00:00,0.9999756950566607,0.9735108692306215
2040-05-13 02:00:00+00:00,0.9999940779737807,0.9735803744415883
2040-05-13 03:00:00+00:00,0.999991073349005,0.9736498057997929
2040-05-13 04:00:00+00:00,0.9999751377272896,0.9737191456493541
2040-05-13 05:00:00+00:00,0.9999669941193167,0.9737884334368898
2040-05-13 06:00:00+00:00,0.9998613978142628,0.9738576306349689
2040-05-13 07:00:00+00:00,0.9998564626182701,0.9739268051206418
2040-05-13 08:00:00+00:00,0.9998549536413512,0.9739959290122645
2040-05-13 09:00:00+00:00,0.9998537159425706,0.9740650004602788
2040-05-13 10:00:00+00:00,0.9998527219438673,0.9741340200324891
2040-05-13 11:00:00+00:00,0.999851964720803,0.9742029830457175
2040-05-13 12:00:00+00:00,0.9998514448736391,0.9742718748799362
2040-05-13 13:00:00+00:00,0.9998510883392845,0.9743406953882096
2040-05-13 14:00:00+00:00,0.9993947015101856,0.9744092497049285
2040-05-13 15:00:00+00:00,0.9991300533723624,0.974477678951967
2040-05-13 16:00:00+00:00,0.9989125051513543,0.9745458229499409
2040-05-13 17:00:00+00:00,0.9987286794122867,0.9746138159125436
2040-05-13 18:00:00+00:00,0.9985806347522302,0.9746817013044582
2040-05-13 19:00:00+00:00,0.9984380995603107,0.9747495067467175
2040-05-13 20:00:00+00:00,0.9983099679412007,0.974817262276984
2040-05-13 21:00:00+00:00,0.9981970900877984,0.9748849750921043
2040-05-13 22:00:00+00:00,0.9980914182044576,0.9749526448138753
2040-05-13 23:00:00+00:00,0.9979916318607195,0.9750202752602339
2040-05-14 00:00:00+00:00,0.9979808336971197,0.97508792164485
2040-05-14 01:00:00+00:00,0.9979700804106661,0.9751555414515081
2040-05-14 02:00:00+00:00,0.997957859732348,0.9752231346101703
2040-05-14 03:00:00+00:00,0.9979378267500499,0.9752906867346178
2040-05-14 04:00:00+00:00,0.9978593457596316,0.975358192163025
2040-05-14 05:00:00+00:00,0.997840004017044,0.9754257126159231
2040-05-14 06:00:00+00:00,0.9977986660213709,0.9754932148379164
2040-05-14 07:00:00+00:00,0.9977580805609547,0.9755607071061766
2040-05-14 08:00:00+00:00,0.9976885991313226,0.975628172595373
2040-05-14 09:00:00+00:00,0.997678009042847,0.9756956558615072
2040-05-14 10:00:00+00:00,0.9976674329485513,0.9757630911684418
2040-05-14 11:00:00+00:00,0.9976568533801591,0.9758304665184336
2040-05-14 12:00:00+00:00,0.997659567116957,0.9758978421705722
2040-05-14 13:00:00+00:00,0.9999899206598766,0.9759651497593251
2040-05-14 14:00:00+00:00,0.9999895134843241,0.9760323366662245
2040-05-14 15:00:00+00:00,0.9999890998225079,0.976099431023968
2040-05-14 16:00:00+00:00,0.9999901648387232,0.9761664575484924
2040-05-14 17:00:00+00:00,0.9999959995976794,0.9762334256492986
2040-05-14 18:00:00+00:00,0.9999994905261216,0.976299152211156
2040-05-14 19:00:00+00:00,0.9999978736395005,0.9762356602830415
2040-05-14 20:00:00+00:00,0.9999971072287921,0.9761720885654287
2040-05-14 21:00:00+00:00,0.9999966572793796,0.9761084532745067
2040-05-14 22:00:00+00:00,0.9997645386839178,0.9760447706632428
2040-05-14 23:00:00+00:00,0.9996517785463022,0.9759810462706419
2040-05-15 00:00:00+00:00,0.999569035912474,0.9759172815703138
2040-05-15 01:00:00+00:00,0.9994978635607542,0.9758534672003122
2040-05-15 02:00:00+00:00,0.9994392250035972,0.9757895972052605
2040-05-15 03:00:00+00:00,0.7349501465227739,0.9757256771976784
2040-05-15 04:00:00+00:00,0.4704498799792942,0.9756617325031423
2040-05-15 05:00:00+00:00,0.2059500176609803,0.9755977883285866
2040-05-15 06:00:00+00:00,0.002028798674070893,0.9755338809028984
2040-05-15 07:00:00+00:00,0.0019714985791217665,0.9754700808626313
2040-05-15 08:00:00+00:00,0.0019137336751579059,0.97540639309585
2040-05-15 09:00:00+00:00,0.0018535474627278806,0.9753428259915456
2040-05-15 10:00:00+00:00,0.0017903479385125074,0.9752794433859286
2040-05-15 11:00:00+00:00,0.0017245409426212006,0.9752162530314866
2040-05-15 12:00:00+00:00,0.0017210234689323768,0.9751533055713776
2040-05-15 13:00:00+00:00,0.001712061259930319,0.9750904789255294
2040-05-15 14:00:00+00:00,0.0017084524908784725,0.9750277876838318
2040-05-15 15:00:00+00:00,0.0017048114080579731,0.9749651964601289
2040-05-15 16:00:00+00:00,0.0017011444555618332,0.9749026476941711
2040-05-15 17:00:00+00:00,0.0016975122326011898,0.9748400874671911
2040-05-15 18:00:00+00:00,0.001603839081174683,0.974777498655987
2040-05-15 19:00:00+00:00,0.001600118403982134,0.974714877590004
2040-05-15 20:00:00+00:00,0.0015963895388980437,0.9746522231291814
2040-05-15 21:00:00+00:00,0.0015926251334750887,0.9745895350041692
2040-05-15 22:00:00+00:00,0.001533391494106193,0.9745268122427847
2040-05-15 23:00:00+00:00,0.0013959304877388685,0.974464055746899
2040-05-16 00:00:00+00:00,0.0012422159325841114,0.9744012662156922
2040-05-16 01:00:00+00:00,0.0010664019944379142,0.974338456065643
2040-05-16 02:00:00+00:00,0.0008527115715148252,0.9742756244901261
2040-05-16 03:00:00+00:00,0.0005811966780286935,0.9742127952622591
2040-05-16 04:00:00+00:00,8.261923327673021e-06,0.9741500026098662
2040-05-16 05:00:00+00:00,3.0170777240927865e-06,0.9740872813145328
2040-05-16 06:00:00+00:00,9.73945554506717e-07,0.9740246247178405
2040-05-16 07:00:00+00:00,6.36261800025748e-07,0.9739619861517793
2040-05-16 08:00:00+00:00,0.016584867415623792,0.9739021468146568
2040-05-16 09:00:00+00:00,0.025476914116442605,0.9738423995446494
2040-05-16 10:00:00+00:00,0.032240202039978225,0.973782776694372
2040-05-16 11:00:00+00:00,0.037884268814799366,0.9737232804738818
2040-05-16 12:00:00+00:00,0.04288087099047089,0.973663909110067
2040-05-16 13:00:00+00:00,0.04727526502628697,0.9736046297448337
2040-05-16 14:00:00+00:00,0.05129773111400902,0.9735453983521078
2040-05-16 15:00:00+00:00,0.055047651855982115,0.973486189495348
2040-05-16 16:00:00+00:00,0.05855402345399017,0.973426981695444
2040-05-16 17:00:00+00:00,0.05856148402673486,0.9733653607431967
2040-05-16 18:00:00+00:00,0.05856899180050704,0.973303711628137
2040-05-16 19:00:00+00:00,0.058576476484139266,0.9732420298104452
2040-05-16 20:00:00+00:00,0.058583933506986,0.9731803150953784
2040-05-16 21:00:00+00:00,0.05859138861899758,0.9731185668196047
2040-05-16 22:00:00+00:00,0.05859885000662161,0.9730567844976344
2040-05-16 23:00:00+00:00,0.05860631702458269,0.9729949685150034
2040-05-17 00:00:00+00:00,0.05861378630843689,0.9729331196177433
2040-05-17 01:00:00+00:00,0.058621251302427964,0.9728712378099453
2040-05-17 02:00:00+00:00,0.0586286988470764,0.9728093210829657
2040-05-17 03:00:00+00:00,0.06092252439074656,0.9727498036830986
2040-05-17 04:00:00+00:00,0.06296336985298973,0.9726902288612573
2040-05-17 05:00:00+00:00,0.06492882666880856,0.9726306108750323
2040-05-17 06:00:00+00:00,0.06681660359681235,0.9725709479223141
2040-05-17 07:00:00+00:00,0.06865350241126189,0.9725112203333282
2040-05-17 08:00:00+00:00,0.2060552758463949,0.9724515418213622
2040-05-17 09:00:00+00:00,0.2911302892823406,0.9723917877293131
2040-05-17 10:00:00+00:00,0.2928763177732568,0.9723318644657537
2040-05-17 11:00:00+00:00,0.29459746755700944,0.972271857037949
2040-05-17 12:00:00+00:00,0.3741937043505667,0.9722118914185565
2040-05-17 13:00:00+00:00,0.5184913935705822,0.9721518741521816
2040-05-17 14:00:00+00:00,0.6634238924797038,0.9720917760314448
2040-05-17 15:00:00+00:00,0.8618003105862878,0.972158934942325
2040-05-17 16:00:00+00:00,0.9964475720420876,0.9720986389925982
2040-05-17 17:00:00+00:00,0.9999948202960016,0.9720381478652506
2040-05-17 18:00:00+00:00,0.9656692750666832,0.9719748651038906
2040-05-17 19:00:00+00:00,0.949547362375636,0.9719115481205064
2040-05-17 20:00:00+00:00,0.8253777458350523,0.971848196535949
2040-05-17 21:00:00+00:00,0.8153813880627333,0.9717848084251279
2040-05-17 22:00:00+00:00,0.6188013637731511,0.9717213775592854
2040-05-17 23:00:00+00:00,0.43416479394409596,0.9716578932916361
2040-05-18 00:00:00+00:00,0.43156957111014577,0.9715943324740951
2040-05-18 01:00:00+00:00,0.2751786739686974,0.9715306697965824
2040-05-18 02:00:00+00:00,0.08398235064436606,0.9714669003955081
2040-05-18 03:00:00+00:00,0.0813143481541007,0.9714030299252729
2040-05-18 04:00:00+00:00,0.07859310665325563,0.9713390756420427
2040-05-18 05:00:00+00:00,0.07562705055855652,0.9712750630184326
2040-05-18 06:00:00+00:00,0.07405238871108387,0.9712109975463252
2040-05-18 07:00:00+00:00,0.07405173790992128,0.9711469285288836
2040-05-18 08:00:00+00:00,0.07405110166099282,0.9710828178405283
2040-05-18 09:00:00+00:00,0.0740504645600072,0.9710186946420987
2040-05-18 10:00:00+00:00,0.07404987506130278,0.9709545725525017
2040-05-18 11:00:00+00:00,0.26968538748520055,0.970890563327068
2040-05-18 12:00:00+00:00,0.46806482731378374,0.9709566997844894
2040-05-18 13:00:00+00:00,0.6664440870168011,0.9710228542732359
2040-05-18 14:00:00+00:00,0.8648233147708455,0.9710891038748241
2040-05-18 15:00:00+00:00,0.9999823432922856,0.9710253500271566
2040-05-18 16:00:00+00:00,0.9999823805598229,0.9709618432354067
2040-05-18 17:00:00+00:00,0.9999600773301579,0.9708989221206473
2040-05-18 18:00:00+00:00,0.9799759038663725,0.9708369570435368
2040-05-18 19:00:00+00:00,0.9701055348528799,0.970775228262417
2040-05-18 20:00:00+00:00,0.8883696152749743,0.970713791293976
2040-05-18 21:00:00+00:00,0.7814032059493845,0.9706530466413669
2040-05-18 22:00:00+00:00,0.7746025483958898,0.970593031919309
2040-05-18 23:00:00+00:00,0.7680493222983377,0.9705337658241437
2040-05-19 00:00:00+00:00,0.7614714166402081,0.970475266891477
2040-05-19 01:00:00+00:00,0.7551772359121756,0.9704175818184558
2040-05-19 02:00:00+00:00,0.748969260160359,0.9703609090363126
2040-05-19 03:00:00+00:00,0.7367692391596452,0.9703048005940164
2040-05-19 04:00:00+00:00,0.5284805203380644,0.9702488447741591
2040-05-19 05:00:00+00:00,0.27027285415594376,0.9701929561484345
2040-05-19 06:00:00+00:00,0.011295801068333076,0.9701371651575122
2040-05-19 07:00:00+00:00,3.376034284577141e-05,0.9700814413008826
2040-05-19 08:00:00+00:00,3.53930018746806e-05,0.970025816567171
2040-05-19 09:00:00+00:00,3.661131536830586e-05,0.9699702269626839
2040-05-19 10:00:00+00:00,3.7448254210157466e-05,0.9699146524279766
2040-05-19 11:00:00+00:00,3.795849177654815e-05,0.9698590865065679
2040-05-19 12:00:00+00:00,3.815326423455825e-05,0.9698035247058352
2040-05-19 13:00:00+00:00,3.8044721470814525e-05,0.969747980823445
2040-05-19 14:00:00+00:00,3.762314051251644e-05,0.9696924567304418
2040-05-19 15:00:00+00:00,3.687418366070518e-05,0.9696369330795055
2040-05-19 16:00:00+00:00,3.3871573124793576e-05,0.9695813764751314
2040-05-19 17:00:00+00:00,3.011644769798468e-05,0.969525796149993
2040-05-19 18:00:00+00:00,2.5203477858799665e-05,0.9694701924675413
2040-05-19 19:00:00+00:00,1.8119952342568785e-05,0.9694145657670978
2040-05-19 20:00:00+00:00,3.4531765624412823e-06,0.9693589194395374
2040-05-19 21:00:00+00:00,1.885056103708221e-05,0.9694334001817898
2040-05-19 22:00:00+00:00,2.579857216057676e-05,0.9695078663336725
2040-05-19 23:00:00+00:00,3.985462501527808e-05,0.9695824041327255
2040-05-20 00:00:00+00:00,4.9401756200034506e-05,0.9696569199207263
2040-05-20 01:00:00+00:00,5.6643940137372946e-05,0.9697314103995701
2040-05-20 02:00:00+00:00,8.227515234061131e-05,0.9698059371836014
2040-05-20 03:00:00+00:00,8.742426443492815e-05,0.9698804092905757
2040-05-20 04:00:00+00:00,9.191257021060548e-05,0.9699548730485429
2040-05-20 05:00:00+00:00,9.584326544630807e-05,0.9700293200549562
2040-05-20 06:00:00+00:00,0.00010556285672288345,0.9701038470626523
2040-05-20 07:00:00+00:00,0.00010856151701450972,0.9701783139221571
2040-05-20 08:00:00+00:00,0.00011122913965842102,0.970252779779324
2040-05-20 09:00:00+00:00,0.00011354102945574396,0.970327270636468
2040-05-20 10:00:00+00:00,0.00011924713228058939,0.9704018277820814
2040-05-20 11:00:00+00:00,0.0001243595770195303,0.9704763910309434
2040-05-20 12:00:00+00:00,0.00012899557179131576,0.9705509542185015
2040-05-20 13:00:00+00:00,0.0001332173979613942,0.9706255220113376
2040-05-20 14:00:00+00:00,0.0001370701236442059,0.9707000966406847
2040-05-20 15:00:00+00:00,0.00014062616662628718,0.9707746809603347
2040-05-20 16:00:00+00:00,0.00014148200948777508,0.970849206322868
2040-05-20 17:00:00+00:00,0.00014218197271709525,0.9709237392157538
2040-05-20 18:00:00+00:00,0.00014270653538984854,0.9709982761126317
2040-05-20 19:00:00+00:00,0.0001430693268026032,0.9710729008767904
2040-05-20 20:00:00+00:00,0.0001432721775831632,0.9711476548201482
2040-05-20 21:00:00+00:00,0.00014330730051038802,0.9712225409168878
2040-05-20 22:00:00+00:00,0.0001454222668092638,0.9712976345815981
2040-05-20 23:00:00+00:00,0.00014734642262300798,0.9713727999300357
2040-05-21 00:00:00+00:00,0.000149065340038815,0.9714480054246218
2040-05-21 01:00:00+00:00,0.00015058758015821727,0.9715232121356847
2040-05-21 02:00:00+00:00,0.00015191882939547221,0.971598412964444
2040-05-21 03:00:00+00:00,0.00015306255509626407,0.9716736085176514
2040-05-21 04:00:00+00:00,0.0001537515702564357,0.9717487796402282
2040-05-21 05:00:00+00:00,0.0001545180484344133,0.9718239305217978
2040-05-21 06:00:00+00:00,0.0001550853547078479,0.9718990345106567
2040-05-21 07:00:00+00:00,0.00015548660993753096,0.9719740971822863
2040-05-21 08:00:00+00:00,0.00015576565400273663,0.9720491274041179
2040-05-21 09:00:00+00:00,0.000155933734811348,0.9721241219340778
2040-05-21 10:00:00+00:00,0.00015585599276794773,0.9721990849190195
2040-05-21 11:00:00+00:00,0.00015565769836876594,0.9722740200787817
2040-05-21 12:00:00+00:00,0.0001553199050297726,0.9723489268825416
2040-05-21 13:00:00+00:00,0.0001547882786775935,0.9724238033455376
2040-05-21 14:00:00+00:00,0.0001540929938886177,0.9724986538208763
2040-05-21 15:00:00+00:00,0.0001532268741523663,0.9725734815126678
2040-05-21 16:00:00+00:00,0.00014968275765779064,0.9726482305998299
2040-05-21 17:00:00+00:00,0.00014584165759025288,0.9727229544485027
2040-05-21 18:00:00+00:00,0.00014169342955381607,0.9727976544794501
2040-05-21 19:00:00+00:00,0.0001371864668209162,0.972872327586288
2040-05-21 20:00:00+00:00,0.00013228938422825385,0.9729469761403442
2040-05-21 21:00:00+00:00,0.00012695490428720263,0.9730216052279537
2040-05-21 22:00:00+00:00,0.00012112097925298388,0.9730962283391856
2040-05-21 23:00:00+00:00,0.00011467607868002042,0.9731708665054498
2040-05-22 00:00:00+00:00,0.00010749207620120461,0.9732455549243436
2040-05-22 01:00:00+00:00,9.937435808444736e-05,0.9733203303448104
2040-05-22 02:00:00+00:00,9.003764919284226e-05,0.973395252272781
2040-05-22 03:00:00+00:00,7.894611260291217e-05,0.9734703298260183
2040-05-22 04:00:00+00:00,6.512260369393153e-05,0.9735455616137778
2040-05-22 05:00:00+00:00,4.570065994334796e-05,0.9736208614374502
2040-05-22 06:00:00+00:00,1.960776770170966e-06,0.9736961261727609
2040-05-22 07:00:00+00:00,2.7999391668706884e-05,0.9737714745623056
2040-05-22 08:00:00+00:00,4.1779534756939584e-05,0.9738468414637099
2040-05-22 09:00:00+00:00,4.9997917478808214e-05,0.973922279574928
2040-05-22 10:00:00+00:00,5.5392957125651245e-05,0.9739976298802762
2040-05-22 11:00:00+00:00,5.8896496065415125e-05,0.9740728317531608
2040-05-22 12:00:00+00:00,0.19841826869120316,0.9741478752144381
2040-05-22 13:00:00+00:00,0.2950300307178406,0.9742228338388537
2040-05-22 14:00:00+00:00,0.2950319850859449,0.9742976958500691
2040-05-22 15:00:00+00:00,0.49340787956129184,0.9743726399022516
2040-05-22 16:00:00+00:00,0.49340983521332543,0.9744475786589614
2040-05-22 17:00:00+00:00,0.4934107254258565,0.9745225092947112
2040-05-22 18:00:00+00:00,0.4934092060317834,0.9745974630818388
2040-05-22 19:00:00+00:00,0.49340765096800093,0.9746724000532401
2040-05-22 20:00:00+00:00,0.4934060763032911,0.9747473155146154
2040-05-22 21:00:00+00:00,0.4934044946880578,0.9748222090353303
2040-05-22 22:00:00+00:00,0.49340292570371114,0.9748970810187209
2040-05-22 23:00:00+00:00,0.49340137157527864,0.9749719309815851
2040-05-23 00:00:00+00:00,0.49339984870126485,0.975046757924337
2040-05-23 01:00:00+00:00,0.493398321222191,0.9751215493284053
2040-05-23 02:00:00+00:00,0.49339678580457974,0.9751963061871571
2040-05-23 03:00:00+00:00,0.49339528778812497,0.9752710047625648
2040-05-23 04:00:00+00:00,0.4933937834153534,0.9753456109153429
2040-05-23 05:00:00+00:00,0.49339219648657257,0.9754200914711411
2040-05-23 06:00:00+00:00,0.4933905845433272,0.9754944551468936
2040-05-23 07:00:00+00:00,0.49339264545914907,0.9755687682607905
2040-05-23 08:00:00+00:00,0.49339470091729454,0.9756429926664159
2040-05-23 09:00:00+00:00,0.49339681994272266,0.9757170862116082
2040-05-23 10:00:00+00:00,0.4933988478413668,0.9757910113368407
2040-05-23 11:00:00+00:00,0.4934008929378271,0.975864757046539
2040-05-23 12:00:00+00:00,0.49340290877500265,0.9759383262849674
2040-05-23 13:00:00+00:00,0.49340493804417845,0.9760117650604572
2040-05-23 14:00:00+00:00,0.49340698558959883,0.9760851175803783
2040-05-23 15:00:00+00:00,0.49340535324912055,0.9761584131066232
2040-05-23 16:00:00+00:00,0.4934037839351504,0.9762316776808547
2040-05-23 17:00:00+00:00,0.4934021924087298,0.9763049750513534
2040-05-23 18:00:00+00:00,0.49340064757808577,0.976378393046346
2040-05-23 19:00:00+00:00,0.49339910554825267,0.9764518094344193
2040-05-23 20:00:00+00:00,0.49339757020116715,0.9765252122219517
2040-05-23 21:00:00+00:00,0.49339608956824205,0.9765985967212043
2040-05-23 22:00:00+00:00,0.4933946084401721,0.9766719616718832
2040-05-23 23:00:00+00:00,0.4933931276865459,0.9767453062058873
2040-05-24 00:00:00+00:00,0.49339356081767805,0.9768186310586802
2040-05-24 01:00:00+00:00,0.49339392864228815,0.9768919350260798
2040-05-24 02:00:00+00:00,0.49339437870451797,0.9769652190958932
2040-05-24 03:00:00+00:00,0.49339299789132424,0.9770384814761922
2040-05-24 04:00:00+00:00,0.4933916228296162,0.9771117234301628
2040-05-24 05:00:00+00:00,0.49339203854844044,0.9771849456027165
2040-05-24 06:00:00+00:00,0.4933904373129078,0.9772581464009834
2040-05-24 07:00:00+00:00,0.4933924220801537,0.9773313285268137
2040-05-24 08:00:00+00:00,0.49339453556676516,0.9774044932569833
2040-05-24 09:00:00+00:00,0.5823704517074152,0.9774776471344457
2040-05-24 10:00:00+00:00,0.6834526933523427,0.9775507924210165
2040-05-24 11:00:00+00:00,0.8818282752022456,0.9776239388846686
2040-05-24 12:00:00+00:00,0.9999490700414015,0.977697102184389
2040-05-24 13:00:00+00:00,0.9999529052342068,0.977770257456753
2040-05-24 14:00:00+00:00,0.9999592380044503,0.9778434116113041
2040-05-24 15:00:00+00:00,0.9999700630436446,0.9779165644868072
2040-05-24 16:00:00+00:00,0.9999961043179451,0.9779897104912552
2040-05-24 17:00:00+00:00,0.9999890400223518,0.9780628154982655
2040-05-24 18:00:00+00:00,0.9848630610066879,0.9781358634611678
2040-05-24 19:00:00+00:00,0.8347540464432917,0.9782088975791001
2040-05-24 20:00:00+00:00,0.5762484662423177,0.9782819147972143
2040-05-24 21:00:00+00:00,0.31563184792359555,0.9783549142259114
2040-05-24 22:00:00+00:00,0.3062089843296595,0.9784278970711435
2040-05-24 23:00:00+00:00,0.2983542112396459,0.9785008672537826
2040-05-25 00:00:00+00:00,0.29062498124356684,0.9785738316919633
2040-05-25 01:00:00+00:00,0.28082197282741445,0.9786468001681125
2040-05-25 02:00:00+00:00,0.2176738438121014,0.9787197864428172
2040-05-25 03:00:00+00:00,0.11416295904325462,0.9787928043114151
2040-05-25 04:00:00+00:00,0.018579117607838615,0.9788658563114726
2040-05-25 05:00:00+00:00,0.0031564314214302678,0.9789389270204775
2040-05-25 06:00:00+00:00,1.2636256224359154e-05,0.979011999321836
2040-05-25 07:00:00+00:00,1.5389695183338668e-05,0.9790851094427387
2040-05-25 08:00:00+00:00,1.5086832695254879e-05,0.9791582037644505
2040-05-25 09:00:00+00:00,1.139960662167915e-05,0.9792312605370797
2040-05-25 10:00:00+00:00,0.0002687927045391095,0.979304286424397
2040-05-25 11:00:00+00:00,0.19864678245134568,0.9793772610767497
2040-05-25 12:00:00+00:00,0.397026684291916,0.979450188488407
2040-05-25 13:00:00+00:00,0.595404729918094,0.9795230317608086
2040-05-25 14:00:00+00:00,0.7937486066094085,0.9795957189140139
2040-05-25 15:00:00+00:00,0.7937327625816836,0.9796682094364694
2040-05-25 16:00:00+00:00,0.7937164077307322,0.9797402929068896
2040-05-25 17:00:00+00:00,0.779149502968817,0.9798117066451066
2040-05-25 18:00:00+00:00,0.7635282755352968,0.979882111407011
2040-05-25 19:00:00+00:00,0.7427639497703,0.9799522315680511
2040-05-25 20:00:00+00:00,0.6070152000331347,0.9800220063262701
2040-05-25 21:00:00+00:00,0.4573202933122788,0.9800910237684078
2040-05-25 22:00:00+00:00,0.4419851045396071,0.9801592278263449
2040-05-25 23:00:00+00:00,0.41492267971846475,0.9802265848543623
2040-05-26 00:00:00+00:00,0.3930207432654751,0.980293074911941
2040-05-26 01:00:00+00:00,0.37580760477039,0.9803586484351746
2040-05-26 02:00:00+00:00,0.3595366028177774,0.9804231136181888
2040-05-26 03:00:00+00:00,0.34333579824744254,0.9804869245144372
2040-05-26 04:00:00+00:00,0.25588482468807683,0.9805505047946597
2040-05-26 05:00:00+00:00,0.00241934413570496,0.9806139559175525
2040-05-26 06:00:00+00:00,2.020131842164011e-06,0.9806772523384065
2040-05-26 07:00:00+00:00,4.805705998015333e-06,0.9807404533765921
2040-05-26 08:00:00+00:00,0.008093088845500376,0.9808035355524414
2040-05-26 09:00:00+00:00,0.20647197767968467,0.9808665301801551
2040-05-26 10:00:00+00:00,0.40485083816545525,0.9809294502793241
2040-05-26 11:00:00+00:00,0.6032296954030514,0.9809922996663509
2040-05-26 12:00:00+00:00,0.8016080579691868,0.9810550843974241
2040-05-26 13:00:00+00:00,0.9999854271656141,0.9811177940245638
2040-05-26 14:00:00+00:00,0.9999897256304079,0.9811804201414736
2040-05-26 15:00:00+00:00,0.999986214612224,0.9812429911068192
2040-05-26 16:00:00+00:00,0.9999957233658872,0.9813055280732711
2040-05-26 17:00:00+00:00,0.9999895004305169,0.9813680266781236
2040-05-26 18:00:00+00:00,0.9999914249652601,0.9814304996809232
2040-05-26 19:00:00+00:00,0.9667814925715184,0.9814929233897505
2040-05-26 20:00:00+00:00,0.9667985981783888,0.9815553380523205
2040-05-26 21:00:00+00:00,0.9668159299535386,0.9816177295951791
2040-05-26 22:00:00+00:00,0.9668332861043591,0.9816800855592619
2040-05-26 23:00:00+00:00,0.9668506607039402,0.9817424099075287
2040-05-27 00:00:00+00:00,0.9673303664722032,0.9818046999506543
2040-05-27 01:00:00+00:00,0.9678182056424515,0.9818669568128908
2040-05-27 02:00:00+00:00,0.9683142970241622,0.9819291831835114
2040-05-27 03:00:00+00:00,0.9688184769373553,0.9819913658336193
2040-05-27 04:00:00+00:00,0.9693303864806033,0.98205350924587
2040-05-27 05:00:00+00:00,0.9698488521458967,0.9821156185753177
2040-05-27 06:00:00+00:00,0.970565658430357,0.9821776447633757
2040-05-27 07:00:00+00:00,0.970582242027686,0.9822396309232778
2040-05-27 08:00:00+00:00,0.9711178150051574,0.9823015721759757
2040-05-27 09:00:00+00:00,0.9716664622769943,0.9823634367171757
2040-05-27 10:00:00+00:00,0.9974284703852727,0.982425235679134
2040-05-27 11:00:00+00:00,0.9985410847415425,0.9824870010262972
2040-05-27 12:00:00+00:00,0.9999977242954731,0.982548798469992
2040-05-27 13:00:00+00:00,0.9999677031360161,0.982610590463745
2040-05-27 14:00:00+00:00,0.9999196085836781,0.9826724420551449
2040-05-27 15:00:00+00:00,0.9998290444454638,0.9827345887941364
2040-05-27 16:00:00+00:00,0.9997731450695556,0.9827971838504292
2040-05-27 17:00:00+00:00,0.999729940534669,0.9828600097097219
2040-05-27 18:00:00+00:00,0.9996935969408568,0.9829233920180155
2040-05-27 19:00:00+00:00,0.9996616455529066,0.9829867161163194
2040-05-27 20:00:00+00:00,0.9996328348851119,0.9830499579932318
2040-05-27 21:00:00+00:00,0.9996064348440187,0.9831131163190162
2040-05-27 22:00:00+00:00,0.9995819171845761,0.9831761488928121
2040-05-27 23:00:00+00:00,0.999559013374697,0.9832391147139612
2040-05-28 00:00:00+00:00,0.9995374674401923,0.9833020287469788
2040-05-28 01:00:00+00:00,0.999517074762977,0.9833649212128075
2040-05-28 02:00:00+00:00,0.9994976842560144,0.983427780164719
2040-05-28 03:00:00+00:00,0.9994791912220689,0.9834906051841955
2040-05-28 04:00:00+00:00,0.9994614893642629,0.9835534113839097
2040-05-28 05:00:00+00:00,0.9994444589328196,0.9836162044024551
2040-05-28 06:00:00+00:00,0.9994280789287087,0.9836790005787643
2040-05-28 07:00:00+00:00,0.9994225581644027,0.9837418466431915
2040-05-28 08:00:00+00:00,0.9994171567465409,0.9838046918035976
2040-05-28 09:00:00+00:00,0.9994118778023942,0.9838675440617547
2040-05-28 10:00:00+00:00,0.9994066934304581,0.9839304114992814
2040-05-28 11:00:00+00:00,0.9994016169710855,0.9839933010428817
2040-05-28 12:00:00+00:00,0.999396646113057,0.9840562246484111
2040-05-28 13:00:00+00:00,0.9993917848586883,0.9841191981732196
2040-05-28 14:00:00+00:00,0.9993870217261681,0.9841822409400439
2040-05-28 15:00:00+00:00,0.9993818427899127,0.9842453530844061
2040-05-28 16:00:00+00:00,0.9993699537901164,0.9843084843295085
2040-05-28 17:00:00+00:00,0.9993583546803738,0.9843716583023668
2040-05-28 18:00:00+00:00,0.9993472139540254,0.9844348613052987
2040-05-28 19:00:00+00:00,0.9989157036816857,0.9844979858746855
2040-05-28 20:00:00+00:00,0.9988888512631328,0.9845612048013958
2040-05-28 21:00:00+00:00,0.9988782300950306,0.9846245062630652
2040-05-28 22:00:00+00:00,0.9988677296010875,0.9846878714726699
2040-05-28 23:00:00+00:00,0.9988574052327287,0.9847512986315426
2040-05-29 00:00:00+00:00,0.9988472053817716,0.9848147505825838
2040-05-29 01:00:00+00:00,0.9988371304971339,0.9848781895960501
2040-05-29 02:00:00+00:00,0.9987846211115414,0.9849414458915414
2040-05-29 03:00:00+00:00,0.9650505747194124,0.9850045337922481
2040-05-29 04:00:00+00:00,0.9415695069601496,0.9850674730246662
2040-05-29 05:00:00+00:00,0.9241497587436679,0.9851303161080972
2040-05-29 06:00:00+00:00,0.9099803011657176,0.985193110278384
2040-05-29 07:00:00+00:00,0.8946652005502649,0.9852558805512431
2040-05-29 08:00:00+00:00,0.8833705712534362,0.9853184665612481
2040-05-29 09:00:00+00:00,0.8731900440197623,0.9853808046442194
2040-05-29 10:00:00+00:00,0.8635403036983541,0.9854429839885884
2040-05-29 11:00:00+00:00,0.8547414520767225,0.9855050543303288
2040-05-29 12:00:00+00:00,0.8473058623469898,0.9855669769603166
2040-05-29 13:00:00+00:00,0.8472568775472251,0.9856288439784805
2040-05-29 14:00:00+00:00,0.8472454934247005,0.9856906885627211
2040-05-29 15:00:00+00:00,0.8472340665200765,0.9857522952196802
2040-05-29 16:00:00+00:00,0.8472226296707045,0.9858137882583082
2040-05-29 17:00:00+00:00,0.8472112614751844,0.9858752306329016
2040-05-29 18:00:00+00:00,0.8410427212297803,0.9859364745977012
2040-05-29 19:00:00+00:00,0.8348449853444748,0.9859976986733493
2040-05-29 20:00:00+00:00,0.8288615993633284,0.9860589072219006
2040-05-29 21:00:00+00:00,0.8230291187498404,0.9861201005710027
2040-05-29 22:00:00+00:00,0.8173553180172669,0.9861812786722179
2040-05-29 23:00:00+00:00,0.8109673128177001,0.9862424414325004
2040-05-30 00:00:00+00:00,0.5511893961247978,0.9863035878522151
2040-05-30 01:00:00+00:00,0.29186410122787676,0.9863647200392429
2040-05-30 02:00:00+00:00,0.032369254898436985,0.986425837184725
2040-05-30 03:00:00+00:00,0.026016277857329816,0.986486941309551
2040-05-30 04:00:00+00:00,0.017420570427581515,0.9865480373533766
2040-05-30 05:00:00+00:00,8.679544021156312e-05,0.9866091234439879
2040-05-30 06:00:00+00:00,5.018898909359125e-05,0.9866702858680876
2040-05-30 07:00:00+00:00,4.399386834734442e-05,0.9867315904253579
2040-05-30 08:00:00+00:00,4.024544571013158e-05,0.9867929648111647
2040-05-30 09:00:00+00:00,3.5113300414885135e-05,0.9868543584366262
2040-05-30 10:00:00+00:00,2.97589779513527e-05,0.9869157627657678
2040-05-30 11:00:00+00:00,0.05220572297526822,0.9869772278876284
2040-05-30 12:00:00+00:00,0.25058539803654445,0.9870387326350372
2040-05-30 13:00:00+00:00,0.4489650258743568,0.9871002506408296
2040-05-30 14:00:00+00:00,0.6473444488029538,0.987161750441228
2040-05-30 15:00:00+00:00,0.6473339709719657,0.9872231461738741
2040-05-30 16:00:00+00:00,0.6473217221514731,0.9872845187698016
2040-05-30 17:00:00+00:00,0.6471755767361109,0.9873457851902353
2040-05-30 18:00:00+00:00,0.6469799114396981,0.9874068913334485
2040-05-30 19:00:00+00:00,0.6442887081068661,0.9874679605069081
2040-05-30 20:00:00+00:00,0.6414995855627137,0.9875290081028761
2040-05-30 21:00:00+00:00,0.6386907755291358,0.9875900391750546
2040-05-30 22:00:00+00:00,0.6360564469849214,0.987651055138081
2040-05-30 23:00:00+00:00,0.6334499456950763,0.987712058516747
2040-05-31 00:00:00+00:00,0.6308706282082015,0.9877730481895883
2040-05-31 01:00:00+00:00,0.5037266460606366,0.987834024852357
2040-05-31 02:00:00+00:00,0.38408076382938794,0.987894990554399
2040-05-31 03:00:00+00:00,0.2591749114649507,0.987955944976501
2040-05-31 04:00:00+00:00,0.11715566390613998,0.9880168872200161
2040-05-31 05:00:00+00:00,0.005150136736490335,0.9880778166818436
2040-05-31 06:00:00+00:00,3.170613321150414e-06,0.9881387341153061
2040-05-31 07:00:00+00:00,0.0018661655583930704,0.9881997534574025
2040-05-31 08:00:00+00:00,0.00387529085370682,0.9882607564569408
2040-05-31 09:00:00+00:00,0.005153895285001554,0.9883217406757936
2040-05-31 10:00:00+00:00,0.20331487905334608,0.9883827002569691
2040-05-31 11:00:00+00:00,0.4016947392485403,0.9884436490017445
2040-05-31 12:00:00+00:00,0.6000746170583443,0.988504541878413
2040-05-31 13:00:00+00:00,0.7984544848806101,0.9885654046106228
2040-05-31 14:00:00+00:00,0.9968325501361753,0.9886262277133964
2040-05-31 15:00:00+00:00,0.9983494807051229,0.9886870069057511
2040-05-31 16:00:00+00:00,0.9999981925744889,0.9887477593907503
2040-05-31 17:00:00+00:00,0.9999948938333217,0.9888083561959343
2040-05-31 18:00:00+00:00,0.9999937158444924,0.9888688067769388
2040-05-31 19:00:00+00:00,0.9903016882458962,0.9887991750939481
2040-05-31 20:00:00+00:00,0.9854806483012855,0.9887295291702226
2040-05-31 21:00:00+00:00,0.9818690329321021,0.98865987009359
2040-05-31 22:00:00+00:00,0.9786220971055107,0.988590196708673
2040-05-31 23:00:00+00:00,0.8789318730045848,0.9885205033855619
2040-06-01 00:00:00+00:00,0.7961841754288712,0.9884507843222424
2040-06-01 01:00:00+00:00,0.7331277888166933,0.9883810291893854
2040-06-01 02:00:00+00:00,0.6725974092774244,0.9883112235919619
2040-06-01 03:00:00+00:00,0.6211415606093783,0.9882413532032696
2040-06-01 04:00:00+00:00,0.45947853754672396,0.9881714115807554
2040-06-01 05:00:00+00:00,0.19497766834620894,0.9881013556502559
2040-06-01 06:00:00+00:00,0.19244166520845368,0.9880313021048831
2040-06-01 07:00:00+00:00,0.19244788877973407,0.9880913855939624
2040-06-01 08:00:00+00:00,0.1924555547127517,0.9881514513511761
2040-06-01 09:00:00+00:00,0.3908337304908269,0.9882116146986457
2040-06-01 10:00:00+00:00,0.5892143130722256,0.9882717909640492
2040-06-01 11:00:00+00:00,0.78759491221716,0.9883319367549473
2040-06-01 12:00:00+00:00,0.9859754659941443,0.9883920494317834
2040-06-01 13:00:00+00:00,0.9999513110734148,0.9884520218583686
2040-06-01 14:00:00+00:00,0.9999596025604777,0.9885119070867139
2040-06-01 15:00:00+00:00,0.9999720243362922,0.9885717690118325
2040-06-01 16:00:00+00:00,0.9999990264457755,0.988631608393073
2040-06-01 17:00:00+00:00,0.9999963045783139,0.9885611559230997
2040-06-01 18:00:00+00:00,0.9841139593481626,0.9884906718582855
2040-06-01 19:00:00+00:00,0.9761996139146397,0.9884201721025836
2040-06-01 20:00:00+00:00,0.9704284527203013,0.9883496570171325
2040-06-01 21:00:00+00:00,0.965426337958318,0.9882791275066425
2040-06-01 22:00:00+00:00,0.9612666116800356,0.9882085836181432
2040-06-01 23:00:00+00:00,0.9575193924718051,0.9881380262004715
2040-06-02 00:00:00+00:00,0.9540668678172257,0.988067455406907
2040-06-02 01:00:00+00:00,0.9506341671775833,0.9879968708572145
2040-06-02 02:00:00+00:00,0.7442362624744951,0.987926273107101
2040-06-02 03:00:00+00:00,0.49845362232609314,0.9878556621242128
2040-06-02 04:00:00+00:00,0.2527024486850833,0.9877850381412039
2040-06-02 05:00:00+00:00,0.005850305586059838,0.9877144000220697
2040-06-02 06:00:00+00:00,1.1014301721756614e-06,0.9876437478560868
2040-06-02 07:00:00+00:00,1.671308857340241e-06,0.9875731865406308
2040-06-02 08:00:00+00:00,7.6875358178978e-06,0.9876328395186825
2040-06-02 09:00:00+00:00,8.893357556433191e-06,0.9876924843000993
2040-06-02 10:00:00+00:00,7.1272398788399875e-06,0.9877521159498902
2040-06-02 11:00:00+00:00,0.16546328334380792,0.987811824046059
2040-06-02 12:00:00+00:00,0.36384314262114137,0.9878715518932402
2040-06-02 13:00:00+00:00,0.5622234176934896,0.9879312705452783
2040-06-02 14:00:00+00:00,0.760603314928576,0.9879909717823148
2040-06-02 15:00:00+00:00,0.8681746871308847,0.9880506252001013
2040-06-02 16:00:00+00:00,0.8681628806336519,0.9881101757244696
2040-06-02 17:00:00+00:00,0.8681459520205157,0.9881697012858407
2040-06-02 18:00:00+00:00,0.8179987551575866,0.9882291718230454
2040-06-02 19:00:00+00:00,0.7733563861612981,0.988288629697329
2040-06-02 20:00:00+00:00,0.7344897196303848,0.9883480746235261
2040-06-02 21:00:00+00:00,0.6975521751310362,0.988407505918621
2040-06-02 22:00:00+00:00,0.6617927368821563,0.9884669243113146
2040-06-02 23:00:00+00:00,0.628249741419828,0.9885263288387675
2040-06-03 00:00:00+00:00,0.5959179271810614,0.9885857193584723
2040-06-03 01:00:00+00:00,0.5624774233477312,0.9886450956921362
2040-06-03 02:00:00+00:00,0.5250737508928353,0.9887044572889968
2040-06-03 03:00:00+00:00,0.48437305237398653,0.9887638047598358
2040-06-03 04:00:00+00:00,0.33478726674913656,0.9888231380917247
2040-06-03 05:00:00+00:00,0.09179813207988553,0.9888824566719895
2040-06-03 06:00:00+00:00,0.04295819346380289,0.9889417611455557
2040-06-03 07:00:00+00:00,2.8974232189121204e-06,0.9890010506265763
2040-06-03 08:00:00+00:00,1.1105174790244487e-06,0.9890604743382727
2040-06-03 09:00:00+00:00,4.6662988648611765e-06,0.9891199178046278
2040-06-03 10:00:00+00:00,0.19837115982367684,0.9891793476945016
2040-06-03 11:00:00+00:00,0.3967476667545711,0.9892387423495209
2040-06-03 12:00:00+00:00,0.5951242015865837,0.9892980435197554
2040-06-03 13:00:00+00:00,0.7934906843581091,0.9893571646312774
2040-06-03 14:00:00+00:00,0.9918567778304856,0.9894161295218091
2040-06-03 15:00:00+00:00,0.9999990518212857,0.9894747086077201
2040-06-03 16:00:00+00:00,0.9999933878689953,0.9895327552631651
2040-06-03 17:00:00+00:00,0.9999959321207575,0.9895905083738905
2040-06-03 18:00:00+00:00,0.9755166672535459,0.9896474957796391
2040-06-03 19:00:00+00:00,0.9621511091270533,0.9897043965933668
2040-06-03 20:00:00+00:00,0.9526152999375248,0.9897611941075856
2040-06-03 21:00:00+00:00,0.9448656552817236,0.9898178862819706
2040-06-03 22:00:00+00:00,0.9381581548712629,0.9898744921683874
2040-06-03 23:00:00+00:00,0.9321264528892018,0.9899310353108335
2040-06-04 00:00:00+00:00,0.926478557535375,0.9899875226873531
2040-06-04 01:00:00+00:00,0.9210884477878094,0.9900439614181445
2040-06-04 02:00:00+00:00,0.9146800754969879,0.9901003670486151
2040-06-04 03:00:00+00:00,0.6862604244600732,0.9901567433202801
2040-06-04 04:00:00+00:00,0.43053657446175,0.9902130834793744
2040-06-04 05:00:00+00:00,0.16606947797034727,0.9902693494134348
2040-06-04 06:00:00+00:00,0.011050416318443711,0.9903255910052334
2040-06-04 07:00:00+00:00,0.0029542555840534096,0.9903817940850071
2040-06-04 08:00:00+00:00,0.0029433514823576966,0.990438006626988
2040-06-04 09:00:00+00:00,0.20132369659156343,0.9904943038471121
2040-06-04 10:00:00+00:00,0.399704478614617,0.9905505572031583
2040-06-04 11:00:00+00:00,0.5980854337222452,0.9906067592980115
2040-06-04 12:00:00+00:00,0.796466218950852,0.9906628921277694
2040-06-04 13:00:00+00:00,0.994846937851288,0.9907189416359551
2040-06-04 14:00:00+00:00,0.9949317935447636,0.9907748448504989
2040-06-04 15:00:00+00:00,0.9949275882322833,0.9908305826003897
2040-06-04 16:00:00+00:00,0.9949158243564825,0.9908861900925822
2040-06-04 17:00:00+00:00,0.9132740509740427,0.9909416711311236
2040-06-04 18:00:00+00:00,0.8188877029998068,0.9909970940815227
2040-06-04 19:00:00+00:00,0.733690421893721,0.9910524425117789
2040-06-04 20:00:00+00:00,0.6682365824414703,0.99110773341921
2040-06-04 21:00:00+00:00,0.6125666895915997,0.9911629607481464
2040-06-04 22:00:00+00:00,0.5617872927070097,0.9912180746469477
2040-06-04 23:00:00+00:00,0.5126036602458569,0.9912730531767229
2040-06-05 00:00:00+00:00,0.46372696361317156,0.9913278938424066
2040-06-05 01:00:00+00:00,0.41398731703713393,0.9913826061862367
2040-06-05 02:00:00+00:00,0.36237086849724043,0.9914372046925939
2040-06-05 03:00:00+00:00,0.30526345542907946,0.9914917014204895
2040-06-05 04:00:00+00:00,0.23165666822196412,0.9915461118608618
2040-06-05 05:00:00+00:00,0.09589360835788206,0.9916004428388909
2040-06-05 06:00:00+00:00,0.000963357259753512,0.9916547098657814
2040-06-05 07:00:00+00:00,1.1774536768887631e-06,0.991708885907468
2040-06-05 08:00:00+00:00,4.662400558016667e-06,0.9917631944213553
2040-06-05 09:00:00+00:00,0.19838288700297071,0.9918174827915333
2040-06-05 10:00:00+00:00,0.3967623615081859,0.9918717475141938
2040-06-05 11:00:00+00:00,0.5951418170225572,0.9919259869747065
2040-06-05 12:00:00+00:00,0.7935212790885317,0.9919802059800708
2040-06-05 13:00:00+00:00,0.9919007876766228,0.9920344023953994
2040-06-05 14:00:00+00:00,0.9999857453191505,0.9920885624129095
2040-06-05 15:00:00+00:00,0.999935935415883,0.992142694610731
2040-06-05 16:00:00+00:00,0.8753276046826634,0.9921968047855705
2040-06-05 17:00:00+00:00,0.8370273387537904,0.9922508988592055
2040-06-05 18:00:00+00:00,0.7811827252102677,0.9923049767856802
2040-06-05 19:00:00+00:00,0.7246983238123819,0.9923590382013653
2040-06-05 20:00:00+00:00,0.6798169340535621,0.9924130828372519
2040-06-05 21:00:00+00:00,0.6399343853400599,0.9924671109928386
2040-06-05 22:00:00+00:00,0.6029298261656219,0.9925211229394255
2040-06-05 23:00:00+00:00,0.5670059550646946,0.9925751187800288
2040-06-06 00:00:00+00:00,0.5313916295123196,0.992629098731354
2040-06-06 01:00:00+00:00,0.4956173031243898,0.9926830625653106
2040-06-06 02:00:00+00:00,0.4593006390355336,0.9927370098181787
2040-06-06 03:00:00+00:00,0.4222325299500486,0.9927909401779926
2040-06-06 04:00:00+00:00,0.38286164314978993,0.9928448474369439
2040-06-06 05:00:00+00:00,0.3420894823295497,0.9928987323675473
2040-06-06 06:00:00+00:00,0.07758516299229859,0.9929525760011745
2040-06-06 07:00:00+00:00,5.65440574546612e-05,0.9930063590843605
2040-06-06 08:00:00+00:00,1.833768493014717e-06,0.9930600573248468
2040-06-06 09:00:00+00:00,0.19594146581423136,0.9931136979810239
2040-06-06 10:00:00+00:00,0.3943161617086142,0.9931672868844369
2040-06-06 11:00:00+00:00,0.5926908841437992,0.993220823920128
2040-06-06 12:00:00+00:00,0.7910656863774727,0.9932743018506414
2040-06-06 13:00:00+00:00,0.989420973426528,0.993327710487709
2040-06-06 14:00:00+00:00,0.9999985170413068,0.9933810848218626
2040-06-06 15:00:00+00:00,0.999998505882737,0.9934344091257509
2040-06-06 16:00:00+00:00,0.9999289121044663,0.9934876145570579
2040-06-06 17:00:00+00:00,0.9558604936105168,0.9935407856976273
2040-06-06 18:00:00+00:00,0.8812308940850109,0.9935939396085838
2040-06-06 19:00:00+00:00,0.6306920426143716,0.9936470765906877
2040-06-06 20:00:00+00:00,0.4918063470534836,0.9937001964741935
2040-06-06 21:00:00+00:00,0.40784750294565447,0.9937532991128846
2040-06-06 22:00:00+00:00,0.37889790646478794,0.9938063841448356
2040-06-06 23:00:00+00:00,0.34821886364419086,0.9938594495700387
2040-06-07 00:00:00+00:00,0.3162387186663667,0.993912496716821
2040-06-07 01:00:00+00:00,0.2822429788598562,0.9939655245726586
2040-06-07 02:00:00+00:00,0.24443331938386292,0.9940185315915862
2040-06-07 03:00:00+00:00,0.1975694621139717,0.9940715176752882
2040-06-07 04:00:00+00:00,0.11463871624929248,0.9941244840186685
2040-06-07 05:00:00+00:00,0.07034392614035631,0.9941774306766592
2040-06-07 06:00:00+00:00,1.6529457924416004e-06,0.9942303566288193
2040-06-07 07:00:00+00:00,7.497494399987417e-06,0.994283358111989
2040-06-07 08:00:00+00:00,1.3501438739113962e-05,0.9943363443953337
2040-06-07 09:00:00+00:00,0.16833538306173393,0.9943893172178422
2040-06-07 10:00:00+00:00,0.36671232464612885,0.9944422793520519
2040-06-07 11:00:00+00:00,0.5650897047415723,0.994495226734108
2040-06-07 12:00:00+00:00,0.7634670590831345,0.9945481609983803
2040-06-07 13:00:00+00:00,0.9618436998184496,0.9946010832205953
2040-06-07 14:00:00+00:00,0.9999806472250108,0.9946540494061987
2040-06-07 15:00:00+00:00,0.9999825995130993,0.9947070827231949
2040-06-07 16:00:00+00:00,0.9999987514400179,0.9947602244357377
2040-06-07 17:00:00+00:00,0.9999924407670261,0.9948132880184446
2040-06-07 18:00:00+00:00,0.9999709842565504,0.9948662323184673
2040-06-07 19:00:00+00:00,0.9999602445166045,0.9949191597330808
2040-06-07 20:00:00+00:00,0.9999527450744509,0.9949720678734271
2040-06-07 21:00:00+00:00,0.9999469838641112,0.9950249562881206
2040-06-07 22:00:00+00:00,0.9999423707844874,0.9950778250068674
2040-06-07 23:00:00+00:00,0.9999385975572264,0.9951306749066675
2040-06-08 00:00:00+00:00,0.9999354850066811,0.9951835055118392
2040-06-08 01:00:00+00:00,0.9999329156154612,0.9952363173952505
2040-06-08 02:00:00+00:00,0.9999308153372385,0.9952891103394275
2040-06-08 03:00:00+00:00,0.9999291290994923,0.9953418840782063
2040-06-08 04:00:00+00:00,0.9999278170106843,0.9953946396838962
2040-06-08 05:00:00+00:00,0.9999268283587377,0.9954473810823924
2040-06-08 06:00:00+00:00,0.9999269114217249,0.9955001512835319
2040-06-08 07:00:00+00:00,0.9999273648406203,0.9955530019991284
2040-06-08 08:00:00+00:00,0.999929277547518,0.9956059306336994
2040-06-08 09:00:00+00:00,0.9999319698375942,0.9956589271482928
2040-06-08 10:00:00+00:00,0.999935218554179,0.9957119907151347
2040-06-08 11:00:00+00:00,0.9999391374683683,0.9957651080650851
2040-06-08 12:00:00+00:00,0.9999439127560219,0.995818269006568
2040-06-08 13:00:00+00:00,0.999949845997564,0.9958714992594364
2040-06-08 14:00:00+00:00,0.9999575085424942,0.9959248069414486
2040-06-08 15:00:00+00:00,0.9999666898629401,0.9959781284255147
2040-06-08 16:00:00+00:00,0.9999862912114529,0.996031471354002
2040-06-08 17:00:00+00:00,0.9999994468726742,0.9960847742099443
2040-06-08 18:00:00+00:00,0.9999943112779461,0.9960077883276349
2040-06-08 19:00:00+00:00,0.9999924791084394,0.9959308187140054
2040-06-08 20:00:00+00:00,0.9999921938324238,0.9958538566841337
2040-06-08 21:00:00+00:00,0.9999923104713622,0.9957768936826996
2040-06-08 22:00:00+00:00,0.9999942453163227,0.9956999485174447
2040-06-08 23:00:00+00:00,0.9999940517738106,0.9956229902925082
2040-06-09 00:00:00+00:00,0.9999894154795865,0.9955460204366107
2040-06-09 01:00:00+00:00,0.9999866269762682,0.9954690388673135
2040-06-09 02:00:00+00:00,0.9999846347764312,0.9953920444884697
2040-06-09 03:00:00+00:00,0.999983129234951,0.9953150382945208
2040-06-09 04:00:00+00:00,0.9999819677937574,0.9952380233970026
2040-06-09 05:00:00+00:00,0.9999810699124128,0.9951609989454526
2040-06-09 06:00:00+00:00,0.9999803942126083,0.9950839606146296
2040-06-09 07:00:00+00:00,0.9999799143578969,0.9950069049568132
2040-06-09 08:00:00+00:00,0.9999796194644947,0.994929832602752
2040-06-09 09:00:00+00:00,0.9999794972907746,0.9948527442966937
2040-06-09 10:00:00+00:00,0.9999795383953266,0.9947756410213359
2040-06-09 11:00:00+00:00,0.9999807049575377,0.9946985255737638
2040-06-09 12:00:00+00:00,0.9999821989169352,0.9946213912550347
2040-06-09 13:00:00+00:00,0.999984121905,0.9945442369810545
2040-06-09 14:00:00+00:00,0.9999867158517641,0.9944670656659614
2040-06-09 15:00:00+00:00,0.9999905686315141,0.9943898764871333
2040-06-09 16:00:00+00:00,0.9999994847306563,0.9943126683983524
2040-06-09 17:00:00+00:00,0.9930032941241803,0.9942354320221295
2040-06-09 18:00:00+00:00,0.9897159520587951,0.9941581767108042
2040-06-09 19:00:00+00:00,0.7898961961009597,0.9940809021265383
2040-06-09 20:00:00+00:00,0.6256905191291618,0.9940036084171174
2040-06-09 21:00:00+00:00,0.6069253729409222,0.9939262955196541
2040-06-09 22:00:00+00:00,0.6043801591795244,0.9938489629459953
2040-06-09 23:00:00+00:00,0.42235111548503085,0.9937716106972414
2040-06-10 00:00:00+00:00,0.4198401174877815,0.9936942388330099
2040-06-10 01:00:00+00:00,0.2395743662377459,0.9936168475051221
2040-06-10 02:00:00+00:00,0.2370316338733993,0.9935394371744799
2040-06-10 03:00:00+00:00,0.23447752359939578,0.9934620080783172
2040-06-10 04:00:00+00:00,0.011642543099263472,0.9933845601108366
2040-06-10 05:00:00+00:00,0.006899155286980426,0.9933070933795198
2040-06-10 06:00:00+00:00,1.7738278243749204e-07,0.9932296078932995
2040-06-10 07:00:00+00:00,1.9499495664869823e-05,0.9932824082896671
2040-06-10 08:00:00+00:00,2.7641564705750235e-05,0.993335190357453
2040-06-10 09:00:00+00:00,2.9309062105070723e-05,0.9933878405774276
2040-06-10 10:00:00+00:00,3.302745534727448e-05,0.9934405937182853
2040-06-10 11:00:00+00:00,4.1052465074405933e-05,0.9934933879955358
2040-06-10 12:00:00+00:00,4.692777614474246e-05,0.993546169215862
2040-06-10 13:00:00+00:00,5.093579881531633e-05,0.9935989332066129
2040-06-10 14:00:00+00:00,5.4103497668258905e-05,0.9936516890556153
2040-06-10 15:00:00+00:00,5.447521056392646e-05,0.9937043802082443
2040-06-10 16:00:00+00:00,5.440932942676269e-05,0.9937570557338032
2040-06-10 17:00:00+00:00,5.3904578382221475e-05,0.993809717011059
2040-06-10 18:00:00+00:00,5.2955579586051784e-05,0.9938623642988988
2040-06-10 19:00:00+00:00,5.152544887909548e-05,0.9939149948222058
2040-06-10 20:00:00+00:00,4.955179165594815e-05,0.9939676073088596
2040-06-10 21:00:00+00:00,4.693826809267992e-05,0.9940202020426409
2040-06-10 22:00:00+00:00,4.354962537578021e-05,0.9940727791655587
2040-06-10 23:00:00+00:00,3.907288381821649e-05,0.9941253373383429
2040-06-11 00:00:00+00:00,3.7138125081031025e-05,0.9941779389779847
2040-06-11 01:00:00+00:00,3.695247721980151e-05,0.9942305542749512
2040-06-11 02:00:00+00:00,3.598973357643869e-05,0.9942831519563463
2040-06-11 03:00:00+00:00,3.415829308522117e-05,0.9943357317459569
2040-06-11 04:00:00+00:00,3.124098450270883e-05,0.994388293084565
2040-06-11 05:00:00+00:00,2.671967649920667e-05,0.994440835694948
2040-06-11 06:00:00+00:00,7.843477388789912e-07,0.9944933331803916
2040-06-11 07:00:00+00:00,5.085321953535281e-05,0.9945459334771294
2040-06-11 08:00:00+00:00,6.79809623887609e-05,0.9945985218857731
2040-06-11 09:00:00+00:00,7.473395013235256e-05,0.9946510996580247
2040-06-11 10:00:00+00:00,7.35506421607727e-05,0.9947036658715646
2040-06-11 11:00:00+00:00,0.19844305920529207,0.9947562200685764
2040-06-11 12:00:00+00:00,0.39681189133263023,0.9948087610629688
2040-06-11 13:00:00+00:00,0.595182273926906,0.9948612862210893
2040-06-11 14:00:00+00:00,0.6791732841512048,0.9949137940435288
2040-06-11 15:00:00+00:00,0.6791626811365511,0.9949662847310309
2040-06-11 16:00:00+00:00,0.6791419143003867,0.9950187624470436
2040-06-11 17:00:00+00:00,0.6791143566221214,0.995071224998336
2040-06-11 18:00:00+00:00,0.6790869567497206,0.995123670573579
2040-06-11 19:00:00+00:00,0.679059565547637,0.9951761020101031
2040-06-11 20:00:00+00:00,0.6790320688906594,0.9952285172108005
2040-06-11 21:00:00+00:00,0.6790044839636277,0.995280914788816
2040-06-11 22:00:00+00:00,0.678976791705918,0.9953332935380156
2040-06-11 23:00:00+00:00,0.678949105080234,0.9953856533084842
2040-06-12 00:00:00+00:00,0.6789215759753578,0.9954379941390893
2040-06-12 01:00:00+00:00,0.6788939391734915,0.9954903168142807
2040-06-12 02:00:00+00:00,0.6788662964404377,0.9955426241554926
2040-06-12 03:00:00+00:00,0.6788387294955807,0.9955949253925377
2040-06-12 04:00:00+00:00,0.6788111829982729,0.9956472335433636
2040-06-12 05:00:00+00:00,0.6787835163025217,0.9956995605997533
2040-06-12 06:00:00+00:00,0.6787628215420788,0.9957518750190647
2040-06-12 07:00:00+00:00,0.6787519506066473,0.9958041768715449
2040-06-12 08:00:00+00:00,0.6787415434287082,0.9958564600185505
2040-06-12 09:00:00+00:00,0.6787139411001092,0.9959087320179283
2040-06-12 10:00:00+00:00,0.6787045710451592,0.9959609938691613
2040-06-12 11:00:00+00:00,0.6786943230530279,0.9960132545155256
2040-06-12 12:00:00+00:00,0.6786837376960383,0.9960655113351107
2040-06-12 13:00:00+00:00,0.678673157430396,0.996117789563001
2040-06-12 14:00:00+00:00,0.678662642609633,0.9961701191458681
2040-06-12 15:00:00+00:00,0.6786521741535579,0.9962225558752347
2040-06-12 16:00:00+00:00,0.6786389635626311,0.9962752058743058
2040-06-12 17:00:00+00:00,0.6786249271887196,0.9963280855310624
2040-06-12 18:00:00+00:00,0.6786103366635934,0.9963811211827651
2040-06-12 19:00:00+00:00,0.6785823820579182,0.996434279403348
2040-06-12 20:00:00+00:00,0.6785544636917988,0.996487437377946
2040-06-12 21:00:00+00:00,0.6785266294020211,0.9965405778286303
2040-06-12 22:00:00+00:00,0.6784987348253239,0.9965937005807013
2040-06-12 23:00:00+00:00,0.6784708804267829,0.9966468052766201
2040-06-13 00:00:00+00:00,0.678443087682986,0.9966998917930326
2040-06-13 01:00:00+00:00,0.6784153705417344,0.9967529603008441
2040-06-13 02:00:00+00:00,0.678387550174318,0.996806010789948
2040-06-13 03:00:00+00:00,0.6783599811201968,0.996859043333748
2040-06-13 04:00:00+00:00,0.4693491482787067,0.9969120576006686
2040-06-13 05:00:00+00:00,0.2522395428751178,0.9969650539461247
2040-06-13 06:00:00+00:00,0.25221148730168574,0.9970180333410996
2040-06-13 07:00:00+00:00,0.2521845825118094,0.9970709983472978
2040-06-13 08:00:00+00:00,0.29026958895501864,0.9971239486920801
2040-06-13 09:00:00+00:00,0.48854110465391926,0.9971768848624051
2040-06-13 10:00:00+00:00,0.5245020432806978,0.9972298039119484
2040-06-13 11:00:00+00:00,0.5760131585207562,0.9972827058114611
2040-06-13 12:00:00+00:00,0.6260104520673243,0.9973355907337891
2040-06-13 13:00:00+00:00,0.6695320120261549,0.9973884584535934
2040-06-13 14:00:00+00:00,0.6697255376094993,0.9974413068691543
2040-06-13 15:00:00+00:00,0.715401608792788,0.997494135999224
2040-06-13 16:00:00+00:00,0.7935138044221061,0.997546947339343
2040-06-13 17:00:00+00:00,0.7935578868826736,0.99759974125847
2040-06-13 18:00:00+00:00,0.5290497889129308,0.9976523356045499
2040-06-13 19:00:00+00:00,0.2645416252108803,0.997704912170943
2040-06-13 20:00:00+00:00,3.3674248435238246e-05,0.9977575128525497
2040-06-13 21:00:00+00:00,3.6559246379544953e-05,0.9978102372886465
2040-06-13 22:00:00+00:00,1.382030690956117e-05,0.9978629445331337
2040-06-13 23:00:00+00:00,0.00011079278548559564,0.9979156361410328
2040-06-14 00:00:00+00:00,0.00014437628794121413,0.9979683105327529
2040-06-14 01:00:00+00:00,0.000161027261591958,0.9980209677186905
2040-06-14 02:00:00+00:00,0.00016597101269229703,0.998073607949675
2040-06-14 03:00:00+00:00,0.00016077181517406,0.9981262312948052
2040-06-14 04:00:00+00:00,0.00014399522943345645,0.9981788376028521
2040-06-14 05:00:00+00:00,0.00010827291501705855,0.9982314269386446
2040-06-14 06:00:00+00:00,4.676089155340425e-06,0.9982839997852493
2040-06-14 07:00:00+00:00,0.003512612623281437,0.9983365597437268
2040-06-14 08:00:00+00:00,0.01534442930388073,0.9983891050554778
2040-06-14 09:00:00+00:00,0.08646105821934402,0.9984416392495502
2040-06-14 10:00:00+00:00,0.16585798059625156,0.9984941650395196
2040-06-14 11:00:00+00:00,0.35625785008843264,0.9985466821574498
2040-06-14 12:00:00+00:00,0.5469335395442221,0.9985991921334167
2040-06-14 13:00:00+00:00,0.7320875855973631,0.998651692547741
2040-06-14 14:00:00+00:00,0.8914282783317732,0.9987041163611248
2040-06-14 15:00:00+00:00,0.9936445733187528,0.9987564405943246
2040-06-14 16:00:00+00:00,0.9965487344256176,0.9988086264754709
2040-06-14 17:00:00+00:00,0.9999967273388028,0.9988607835170614
2040-06-14 18:00:00+00:00,0.9998808024297778,0.9989129205631739
2040-06-14 19:00:00+00:00,0.9006794835479894,0.9989650416001238
2040-06-14 20:00:00+00:00,0.825425349767803,0.9990171474977217
2040-06-14 21:00:00+00:00,0.7525070238863327,0.9990692382234388
2040-06-14 22:00:00+00:00,0.7074271655321243,0.99912131398613
2040-06-14 23:00:00+00:00,0.6681577069813387,0.9991733747794705
2040-06-15 00:00:00+00:00,0.6323964271559834,0.9992254205897544
2040-06-15 01:00:00+00:00,0.5969954261732244,0.9992774506063329
2040-06-15 02:00:00+00:00,0.4291431265837656,0.9993294649701664
2040-06-15 03:00:00+00:00,0.3682221032369314,0.9993814638088816
2040-06-15 04:00:00+00:00,0.1496869853606041,0.9994334454251409
2040-06-15 05:00:00+00:00,0.1052023316990175,0.9994854045682985
2040-06-15 06:00:00+00:00,0.056874786045947937,0.9995373240433469
2040-06-15 07:00:00+00:00,0.05681276930643127,0.999589128170535
2040-06-15 08:00:00+00:00,0.25513939484584214,0.9996408424275967
2040-06-15 09:00:00+00:00,0.4535150629114765,0.9996924602844591
2040-06-15 10:00:00+00:00,0.6518907029166963,0.9997439755927572
2040-06-15 11:00:00+00:00,0.8502663098409208,0.9997954022065376
2040-06-15 12:00:00+00:00,0.9999690567729642,0.99984674702135
2040-06-15 13:00:00+00:00,0.9999671093400593,0.99989798553371
2040-06-15 14:00:00+00:00,0.9999994667828827,0.9999491114628679
2040-06-15 15:00:00+00:00,0.9999994852224707,1.0
2040-06-15 16:00:00+00:00,0.9999953392185127,0.9999205520465022
2040-06-15 17:00:00+00:00,0.9999820344002583,0.9998410519523514
2040-06-15 18:00:00+00:00,0.8946358652123004,0.9997615162749743
2040-06-15 19:00:00+00:00,0.6301399761701177,0.9996819284184817
2040-06-15 20:00:00+00:00,0.3656330554958666,0.9996022958688501
2040-06-15 21:00:00+00:00,0.1933209885247662,0.999522634341262
2040-06-15 22:00:00+00:00,0.11676160882257766,0.9994429202994927
2040-06-15 23:00:00+00:00,0.028726378431095427,0.999363179548889
2040-06-16 00:00:00+00:00,0.02485642975456689,0.9992834090845115
2040-06-16 01:00:00+00:00,0.0213381435143825,0.9992036140448052
2040-06-16 02:00:00+00:00,0.01728254161033275,0.999123794937318
2040-06-16 03:00:00+00:00,0.012000032907236413,0.9990439505954556
2040-06-16 04:00:00+00:00,0.0026025837120291313,0.9989640799759323
2040-06-16 05:00:00+00:00,2.2171646249785633e-06,0.9988841824460867
2040-06-16 06:00:00+00:00,5.086487642474275e-06,0.9988042904303236
2040-06-16 07:00:00+00:00,8.348374774914426e-06,0.9987243918727757
2040-06-16 08:00:00+00:00,9.58431212221002e-06,0.9986444750127595
2040-06-16 09:00:00+00:00,9.72608214144746e-06,0.998564537182595
2040-06-16 10:00:00+00:00,8.845244931810955e-06,0.9984845787067445
2040-06-16 11:00:00+00:00,6.426443783966799e-06,0.998404597163292
2040-06-16 12:00:00+00:00,0.019567850432946645,0.998324937069175
2040-06-16 13:00:00+00:00,0.21794654225887886,0.9983751720715701
2040-06-16 14:00:00+00:00,0.4163256928269687,0.9984254287922852
2040-06-16 15:00:00+00:00,0.6147044522841506,0.9984756264964315
2040-06-16 16:00:00+00:00,0.8130803244183308,0.9985250562664122
2040-06-16 17:00:00+00:00,0.8130718997705179,0.998444968091319
2040-06-16 18:00:00+00:00,0.8121694048404017,0.9983648531510289
2040-06-16 19:00:00+00:00,0.8112728112053017,0.9982847239053155
2040-06-16 20:00:00+00:00,0.8103909355574914,0.9982045810673771
2040-06-16 21:00:00+00:00,0.8095156422635073,0.9981244243816746
2040-06-16 22:00:00+00:00,0.8086317302852872,0.998044253368633
2040-06-16 23:00:00+00:00,0.8077481094181004,0.9979640665440999
2040-06-17 00:00:00+00:00,0.8068719544684005,0.9978838634451955
2040-06-17 01:00:00+00:00,0.8059930578990318,0.9978036437917369
2040-06-17 02:00:00+00:00,0.8051170419161826,0.9977234073590744
2040-06-17 03:00:00+00:00,0.8042454304667942,0.9976431542110603
2040-06-17 04:00:00+00:00,0.8033781408486075,0.9975628837116571
2040-06-17 05:00:00+00:00,0.8025097042749348,0.9974825962035558
2040-06-17 06:00:00+00:00,0.8025013122245105,0.9974022997603117
2040-06-17 07:00:00+00:00,0.8016265100969616,0.9973219764071036
2040-06-17 08:00:00+00:00,0.8016180260527339,0.9972416440427997
2040-06-17 09:00:00+00:00,0.8016178333546589,0.9971613335828952
2040-06-17 10:00:00+00:00,0.999994541696504,0.997210868676402
2040-06-17 11:00:00+00:00,0.9999968417309152,0.9971305069743416
2040-06-17 12:00:00+00:00,0.9999983154421772,0.9970500814341626
2040-06-17 13:00:00+00:00,0.9999977033256731,0.9969695994888993
2040-06-17 14:00:00+00:00,0.9999978515459322,0.9968890826428464
2040-06-17 15:00:00+00:00,0.9999989668604217,0.9968085395224677
2040-06-17 16:00:00+00:00,0.9999844316054677,0.9967279632427776
2040-06-17 17:00:00+00:00,0.9516966122708084,0.9966473622397967
2040-06-17 18:00:00+00:00,0.9080767946284004,0.9965667385339225
2040-06-17 19:00:00+00:00,0.6902518965187356,0.9964860946314361
2040-06-17 20:00:00+00:00,0.4562374249036003,0.9964054314216849
2040-06-17 21:00:00+00:00,0.3884715829883293,0.9963247485884617
2040-06-17 22:00:00+00:00,0.36340572813118693,0.9962440473348005
2040-06-17 23:00:00+00:00,0.3384794702334087,0.9961633315377578
2040-06-18 00:00:00+00:00,0.31367893254294094,0.9960825983358363
2040-06-18 01:00:00+00:00,0.28646049513140265,0.9960018475492066
2040-06-18 02:00:00+00:00,0.2484444272826212,0.9959210776226345
2040-06-18 03:00:00+00:00,0.2071672697912046,0.995840288527881
2040-06-18 04:00:00+00:00,0.16259442184517298,0.995759480632157
2040-06-18 05:00:00+00:00,0.06067540397531936,0.995678654028852
2040-06-18 06:00:00+00:00,2.973780831110889e-06,0.9955978089532194
2040-06-18 07:00:00+00:00,1.673453639556967e-06,0.9955169474921025
2040-06-18 08:00:00+00:00,9.324312971155156e-06,0.9954360713083785
2040-06-18 09:00:00+00:00,1.2802546004463681e-05,0.9953551687358307
2040-06-18 10:00:00+00:00,1.691902708737822e-05,0.9952742420962187
2040-06-18 11:00:00+00:00,1.9606506497168983e-05,0.9951932912636778
2040-06-18 12:00:00+00:00,2.0820138519231073e-05,0.9951123235650381
2040-06-18 13:00:00+00:00,2.170239191990264e-05,0.995031340376249
2040-06-18 14:00:00+00:00,0.1984022532055627,0.9949504182641764
2040-06-18 15:00:00+00:00,0.19840284637204086,0.9948694176409801
2040-06-18 16:00:00+00:00,0.19840351553230198,0.9947883933589575
2040-06-18 17:00:00+00:00,0.1984041198405019,0.9947073517746106
2040-06-18 18:00:00+00:00,0.1984037576147268,0.994626287234085
2040-06-18 19:00:00+00:00,0.19840340604619935,0.9945451998562232
2040-06-18 20:00:00+00:00,0.19840306789285134,0.9944640912950967
2040-06-18 21:00:00+00:00,0.1984037070053398,0.9943829650250932
2040-06-18 22:00:00+00:00,0.19840333283599831,0.9943018399649335
2040-06-18 23:00:00+00:00,0.19840296816255312,0.9942207563455482
2040-06-19 00:00:00+00:00,0.19840350423681985,0.9941396626629365
2040-06-19 01:00:00+00:00,0.19840316627649116,0.9940585512181805
2040-06-19 02:00:00+00:00,0.1984027920911921,0.9939774175775788
2040-06-19 03:00:00+00:00,0.1984024165801728,0.9938962526783272
2040-06-19 04:00:00+00:00,0.1984020362476297,0.9938150438538629
2040-06-19 05:00:00+00:00,0.1984016445110055,0.9937337914346905
2040-06-19 06:00:00+00:00,0.19840125064744446,0.9936525626212991
2040-06-19 07:00:00+00:00,0.19840086925278175,0.9935714071603564
2040-06-19 08:00:00+00:00,0.19840046790842403,0.9934903842742133
2040-06-19 09:00:00+00:00,0.19840005246628004,0.993409403786
2040-06-19 10:00:00+00:00,0.19839962951319626,0.9933284300802004
2040-06-19 11:00:00+00:00,0.19840012586975206,0.9932474494990318
2040-06-19 12:00:00+00:00,0.19840076148296967,0.9931664491522647
2040-06-19 13:00:00+00:00,0.2608498051105373,0.993085397030597
2040-06-19 14:00:00+00:00,0.4592304847995259,0.9930043135964586
2040-06-19 15:00:00+00:00,0.4592321235307392,0.9929230378066385
2040-06-19 16:00:00+00:00,0.4592326308380609,0.9928416062135905
2040-06-19 17:00:00+00:00,0.4567057936876694,0.9927601619326444
2040-06-19 18:00:00+00:00,0.42603380930964346,0.992678987324212
2040-06-19 19:00:00+00:00,0.37768422049983497,0.9925977102954837
2040-06-19 20:00:00+00:00,0.2716346434223768,0.992516542898006
2040-06-19 21:00:00+00:00,0.18320174791803623,0.9924355497860052
2040-06-19 22:00:00+00:00,0.11061203487175693,0.992354725453779
2040-06-19 23:00:00+00:00,0.03725870535534412,0.9922740335292992
2040-06-20 00:00:00+00:00,0.03408579108130609,0.9921934351984032
2040-06-20 01:00:00+00:00,0.030928719807024076,0.9921128775283427
2040-06-20 02:00:00+00:00,0.02748064032980914,0.9920323324793939
2040-06-20 03:00:00+00:00,0.023601111962503817,0.9919518007413396
2040-06-20 04:00:00+00:00,0.01886316309506971,0.9918712847649122
2040-06-20 05:00:00+00:00,0.01252411283961464,0.9917907833044924
2040-06-20 06:00:00+00:00,1.8846882055379725e-06,0.9917102991936755
2040-06-20 07:00:00+00:00,5.192158638381722e-07,0.991629820512007
2040-06-20 08:00:00+00:00,6.141391509185132e-07,0.9916796254172856
2040-06-20 09:00:00+00:00,9.834248665615239e-06,0.9917296267808556
2040-06-20 10:00:00+00:00,0.0001054702861940014,0.9917796340381692
2040-06-20 11:00:00+00:00,0.00014583361142761614,0.9918296699311893
2040-06-20 12:00:00+00:00,0.000173223676550794,0.9918797291952073
2040-06-20 13:00:00+00:00,0.00019354343022582533,0.9919298043127484
2040-06-20 14:00:00+00:00,0.0002090205706331412,0.9919798736190601
2040-06-20 15:00:00+00:00,0.00022090973132842087,0.9920299399428937
2040-06-20 16:00:00+00:00,0.00022945897820880054,0.9920800409068078
2040-06-20 17:00:00+00:00,0.000235553802827486,0.9921301407749564
2040-06-20 18:00:00+00:00,0.00023004276818065832,0.9921802262314156
2040-06-20 19:00:00+00:00,0.0002215419323506985,0.9922302955023917
2040-06-20 20:00:00+00:00,0.0002090459424787595,0.9922803474644174
2040-06-20 21:00:00+00:00,0.00019550769360612337,0.9923303809627211
2040-06-20 22:00:00+00:00,0.00017814707407213102,0.9923803952897072
2040-06-20 23:00:00+00:00,0.00015606453975520364,0.9924303903486139
2040-06-21 00:00:00+00:00,0.0001277830617654143,0.9924803661863202
2040-06-21 01:00:00+00:00,0.00011649084219432175,0.992530323099193
2040-06-21 02:00:00+00:00,9.917822607016407e-05,0.9925802604370357
2040-06-21 03:00:00+00:00,7.116052947021217e-05,0.99263017823884
2040-06-21 04:00:00+00:00,6.714847302963338e-06,0.9926800766125548
2040-06-21 05:00:00+00:00,4.009707327536166e-06,0.9927299583370163
2040-06-21 06:00:00+00:00,0.045909673709931764,0.992779823760336
2040-06-21 07:00:00+00:00,0.08893815999982416,0.9928296765297532
2040-06-21 08:00:00+00:00,0.12566009246738552,0.9928795263618019
2040-06-21 09:00:00+00:00,0.17901433639898515,0.9929293625218301
2040-06-21 10:00:00+00:00,0.20531526455801186,0.992979179012796
2040-06-21 11:00:00+00:00,0.23210590033216902,0.9930289744426943
2040-06-21 12:00:00+00:00,0.25394168622789176,0.9930787426464658
2040-06-21 13:00:00+00:00,0.27272210111393347,0.9931284853386744
2040-06-21 14:00:00+00:00,0.29076796122386356,0.9931782045915185
2040-06-21 15:00:00+00:00,0.3074528988480733,0.9932279005199114
2040-06-21 16:00:00+00:00,0.32377523264364866,0.9932775736848618
2040-06-21 17:00:00+00:00,0.3389842839476979,0.9933272277314542
2040-06-21 18:00:00+00:00,0.3255105411283507,0.993376862954098
2040-06-21 19:00:00+00:00,0.3063120817700698,0.9934264851754672
2040-06-21 20:00:00+00:00,0.2854997651581605,0.9934761000512738
2040-06-21 21:00:00+00:00,0.2619865818591276,0.9935257103091898
2040-06-21 22:00:00+00:00,0.2404757340328198,0.9935753186797904
2040-06-21 23:00:00+00:00,0.21949670897080814,0.9936249267745214
2040-06-22 00:00:00+00:00,0.1972571983152109,0.9936745440697029
2040-06-22 01:00:00+00:00,0.1727519414355518,0.9937241704260619
2040-06-22 02:00:00+00:00,0.150224832882769,0.9937738142547133
2040-06-22 03:00:00+00:00,0.13127865449439538,0.9938234720742519
2040-06-22 04:00:00+00:00,0.12084610534389038,0.9938731388839595
2040-06-22 05:00:00+00:00,0.1290022517493025,0.993922801961209
2040-06-22 06:00:00+00:00,0.1361690753719469,0.9939724671714261
2040-06-22 07:00:00+00:00,0.142709869010685,0.9940221300390047
2040-06-22 08:00:00+00:00,0.1487415596553673,0.9940717922964318
2040-06-22 09:00:00+00:00,0.15460610757192136,0.9941214464204414
2040-06-22 10:00:00+00:00,0.16021304294365418,0.9941710981472668
2040-06-22 11:00:00+00:00,0.16557868444987384,0.9942207822628473
2040-06-22 12:00:00+00:00,0.35363162435573736,0.9942704957335352
2040-06-22 13:00:00+00:00,0.5480927563218241,0.9943202608768598
2040-06-22 14:00:00+00:00,0.7425733976689797,0.994370069260219
2040-06-22 15:00:00+00:00,0.9322376921640502,0.9944198952694036
2040-06-22 16:00:00+00:00,0.9382799877930498,0.9944697429125136
2040-06-22 17:00:00+00:00,0.9439258702149891,0.9945196103602661
2040-06-22 18:00:00+00:00,0.9526825764515566,0.9945694890862615
2040-06-22 19:00:00+00:00,0.9636618304991662,0.9946193551817414
2040-06-22 20:00:00+00:00,0.9791336185467115,0.9946692054760632
2040-06-22 21:00:00+00:00,0.9881504466904893,0.994719038597486
2040-06-22 22:00:00+00:00,0.9999952631976776,0.9947688590818524
2040-06-22 23:00:00+00:00,0.9999758370948283,0.9948186616483103
2040-06-23 00:00:00+00:00,0.9999552967189455,0.9948684493530898
2040-06-23 01:00:00+00:00,0.9999546976428629,0.9949182221906099
2040-06-23 02:00:00+00:00,0.9999993431570918,0.9949679825858825
2040-06-23 03:00:00+00:00,0.9999965001707565,0.9950176782066144
2040-06-23 04:00:00+00:00,0.9999806156720256,0.995067236832611
2040-06-23 05:00:00+00:00,0.9999731106917283,0.9951167847990048
2040-06-23 06:00:00+00:00,0.9999681793468311,0.9951663182265379
2040-06-23 07:00:00+00:00,0.9999665055376353,0.9952159161424553
2040-06-23 08:00:00+00:00,0.9999662941673056,0.9952655311301702
2040-06-23 09:00:00+00:00,0.9999647825769228,0.9953150848659872
2040-06-23 10:00:00+00:00,0.9999639930160922,0.9953646295979656
2040-06-23 11:00:00+00:00,0.9999644438845753,0.9954141856501445
2040-06-23 12:00:00+00:00,0.9999656116287314,0.9954637356437837
2040-06-23 13:00:00+00:00,0.999966879220939,0.9955132624374429
2040-06-23 14:00:00+00:00,0.9999689965225241,0.9955627814107745
2040-06-23 15:00:00+00:00,0.9999722074566769,0.9956122991867469
2040-06-23 16:00:00+00:00,0.9999871703521176,0.9956618522359669
2040-06-23 17:00:00+00:00,0.9999993972085779,0.9957113399456631
2040-06-23 18:00:00+00:00,0.9575218584418886,0.9956305238368776
2040-06-23 19:00:00+00:00,0.8570283698905825,0.9955496908112141
2040-06-23 20:00:00+00:00,0.7376458846734972,0.9954688390471321
2040-06-23 21:00:00+00:00,0.6573198919781436,0.9953879687872151
2040-06-23 22:00:00+00:00,0.6005738416196165,0.9953070811784613
2040-06-23 23:00:00+00:00,0.5475600451085105,0.9952261767962091
2040-06-24 00:00:00+00:00,0.516726911719496,0.9951452554313039
2040-06-24 01:00:00+00:00,0.4898077037374298,0.9950643173017261
2040-06-24 02:00:00+00:00,0.4586779558303333,0.9949833624648692
2040-06-24 03:00:00+00:00,0.3791400966565927,0.994902391337019
2040-06-24 04:00:00+00:00,0.1361544047826511,0.9948214070577495
2040-06-24 05:00:00+00:00,0.039088233216555184,0.9947404131441278
2040-06-24 06:00:00+00:00,1.0055777552699586e-05,0.9946594123833534
2040-06-24 07:00:00+00:00,1.310580243754002e-06,0.9945784081922636
2040-06-24 08:00:00+00:00,0.10057260202928751,0.9944976755467979
2040-06-24 09:00:00+00:00,0.2989502605190919,0.9945465949102615
2040-06-24 10:00:00+00:00,0.4350402675031382,0.9944658380426462
2040-06-24 11:00:00+00:00,0.5111475832739719,0.9943850679289291
2040-06-24 12:00:00+00:00,0.6139833341563288,0.9943042852111919
2040-06-24 13:00:00+00:00,0.7935608292278147,0.9942234937602116
2040-06-24 14:00:00+00:00,0.9834994387364248,0.9941426942161704
2040-06-24 15:00:00+00:00,0.9967705135443451,0.9940619103000788
2040-06-24 16:00:00+00:00,0.9999994752142063,0.9939811252173096
2040-06-24 17:00:00+00:00,0.9999790594962219,0.993900032489176
2040-06-24 18:00:00+00:00,0.9949874082847834,0.9938189270414262
2040-06-24 19:00:00+00:00,0.8539494802944472,0.9937378075133492
2040-06-24 20:00:00+00:00,0.7356171018764395,0.9936566721800467
2040-06-24 21:00:00+00:00,0.5976467909131133,0.9935755203586983
2040-06-24 22:00:00+00:00,0.4739436562914975,0.9934943511021207
2040-06-24 23:00:00+00:00,0.3460602715409528,0.9934131609460927
2040-06-25 00:00:00+00:00,0.21583634751669903,0.9933319526715486
2040-06-25 01:00:00+00:00,0.21336698245584346,0.993250726531705
2040-06-25 02:00:00+00:00,0.21088225752172884,0.9931694839135963
2040-06-25 03:00:00+00:00,0.20829772304522004,0.9930882249906028
2040-06-25 04:00:00+00:00,0.010461931550216443,0.9930069495709912
2040-06-25 05:00:00+00:00,0.007051290091016417,0.9929256579017754
2040-06-25 06:00:00+00:00,4.336127966846068e-07,0.992844350704958
2040-06-25 07:00:00+00:00,8.409438361013603e-06,0.9928926786864973
2040-06-25 08:00:00+00:00,0.00023407810696898142,0.992941644325265
2040-06-25 09:00:00+00:00,0.000348475612889046,0.9929905946463599
2040-06-25 10:00:00+00:00,0.00043356709001254114,0.9930395343161249
2040-06-25 11:00:00+00:00,0.0004415654460389112,0.9930883683097216
2040-06-25 12:00:00+00:00,0.0004434876347149967,0.9931366207629645
2040-06-25 13:00:00+00:00,0.0004453677752530652,0.9931848675608204
2040-06-25 14:00:00+00:00,0.00044718798942983633,0.993233079476239
2040-06-25 15:00:00+00:00,0.00044894663575762274,0.993281267080949
2040-06-25 16:00:00+00:00,0.00045063620424841595,0.9933294398899093
2040-06-25 17:00:00+00:00,0.0004523123032314692,0.9933775970739374
2040-06-25 18:00:00+00:00,0.00045205188655027663,0.9932978692522209
2040-06-25 19:00:00+00:00,0.0004517528090935507,0.9932181287774038
2040-06-25 20:00:00+00:00,0.00045140847283973887,0.9931383752016611
2040-06-25 21:00:00+00:00,0.00045101935597089473,0.9930585898925489
2040-06-25 22:00:00+00:00,0.0004505861062430849,0.9929787656029833
2040-06-25 23:00:00+00:00,0.00045012633468748386,0.9928989187892233
2040-06-26 00:00:00+00:00,0.0004496312936804579,0.9928191209205708
2040-06-26 01:00:00+00:00,0.00044911616886268116,0.9927394366410055
2040-06-26 02:00:00+00:00,0.00044856336374446756,0.9926599372953081
2040-06-26 03:00:00+00:00,0.0004479713360553955,0.9925806519528835
2040-06-26 04:00:00+00:00,0.00044733774468574164,0.9925015277141079
2040-06-26 05:00:00+00:00,0.00044663632873093715,0.9924224560916063
2040-06-26 06:00:00+00:00,0.0004460915214075378,0.9923446506440644
2040-06-26 07:00:00+00:00,0.00046096643109467357,0.9923939772895396
2040-06-26 08:00:00+00:00,0.00047531434644788444,0.9924431541194809
2040-06-26 09:00:00+00:00,0.0004891739835288895,0.9924922689830799
2040-06-26 10:00:00+00:00,0.000502380047496044,0.9925413623937908
2040-06-26 11:00:00+00:00,0.0005151380647820437,0.9925904423729053
2040-06-26 12:00:00+00:00,0.0005275646713157436,0.9926395164857797
2040-06-26 13:00:00+00:00,0.0005395776537497707,0.9926885959322027
2040-06-26 14:00:00+00:00,0.0005511036451200724,0.9927376727886686
2040-06-26 15:00:00+00:00,0.0005622130951659801,0.9927867395734657
2040-06-26 16:00:00+00:00,0.0005730345364237536,0.9928357017488477
2040-06-26 17:00:00+00:00,0.0005764058885469142,0.9928842750208512
2040-06-26 18:00:00+00:00,0.0005797660921148619,0.9929323721943876
2040-06-26 19:00:00+00:00,0.0005830925270453231,0.9929804030558275
2040-06-26 20:00:00+00:00,0.0005863539917149383,0.9930282733722143
2040-06-26 21:00:00+00:00,0.0005895501636773012,0.993075935186374
2040-06-26 22:00:00+00:00,0.0005926797793538827,0.993123394123302
2040-06-26 23:00:00+00:00,0.0005957464006908819,0.9931706867221259
2040-06-27 00:00:00+00:00,0.0005987532389730558,0.9932178522472077
2040-06-27 01:00:00+00:00,0.000601702159458655,0.9932649452309266
2040-06-27 02:00:00+00:00,0.0006045981924132587,0.9933119979414924
2040-06-27 03:00:00+00:00,0.0006074393951448671,0.993359011348354
2040-06-27 04:00:00+00:00,0.0006102240959512737,0.9934059814003895
2040-06-27 05:00:00+00:00,0.000612937934179184,0.9934529055808023
2040-06-27 06:00:00+00:00,0.0006155793739734681,0.9934997825237543
2040-06-27 07:00:00+00:00,0.0006181672735116285,0.9935466471539971
2040-06-27 08:00:00+00:00,0.0006256747398774956,0.9935936011348636
2040-06-27 09:00:00+00:00,0.000633021121632602,0.9936405145168612
2040-06-27 10:00:00+00:00,0.0006358500075148252,0.9936873181446423
2040-06-27 11:00:00+00:00,0.0006398290789624387,0.9937341200554427
2040-06-27 12:00:00+00:00,0.000646733413932351,0.9937809234764214
2040-06-27 13:00:00+00:00,0.000653493977543256,0.993827683029049
2040-06-27 14:00:00+00:00,0.000660123375721972,0.9938744196958779
2040-06-27 15:00:00+00:00,0.0006666353722983388,0.9939211350669201
2040-06-27 16:00:00+00:00,0.0006730355897319465,0.9939677868097446
2040-06-27 17:00:00+00:00,0.0006793366585950791,0.9940144126032777
2040-06-27 18:00:00+00:00,0.0006856073556799668,0.9940610232640928
2040-06-27 19:00:00+00:00,0.0006917350677590312,0.9941076334264686
2040-06-27 20:00:00+00:00,0.0006977475303214175,0.9941542556793046
2040-06-27 21:00:00+00:00,0.0007036557551469103,0.9942009158064257
2040-06-27 22:00:00+00:00,0.0007094868736037065,0.9942476709067444
2040-06-27 23:00:00+00:00,0.0007152396972624726,0.9942946057742921
2040-06-28 00:00:00+00:00,0.0007209241774189493,0.9943418313893791
2040-06-28 01:00:00+00:00,0.0007265253279771449,0.9943897892279294
2040-06-28 02:00:00+00:00,0.0007320442978768289,0.9944394057574123
2040-06-28 03:00:00+00:00,0.0007374766985523713,0.9944899859688866
2040-06-28 04:00:00+00:00,0.0007428257483358809,0.9945410405545234
2040-06-28 05:00:00+00:00,0.0007480661344960504,0.9945922192568513
2040-06-28 06:00:00+00:00,0.0007532016946594617,0.994643441188899
2040-06-28 07:00:00+00:00,0.0007582315225478165,0.9946946639254295
2040-06-28 08:00:00+00:00,0.0007632412436517405,0.9947458805275675
2040-06-28 09:00:00+00:00,0.0007681715500969781,0.9947970988900157
2040-06-28 10:00:00+00:00,0.000772977073162099,0.9948483249127642
2040-06-28 11:00:00+00:00,0.0007777538205504657,0.9948995649612
2040-06-28 12:00:00+00:00,0.0007825498184709301,0.9949508072971595
2040-06-28 13:00:00+00:00,0.0007872916748080573,0.9950020438304612
2040-06-28 14:00:00+00:00,0.00079193874496088,0.9950532715774715
2040-06-28 15:00:00+00:00,0.0007965249988028663,0.9951044873027671
2040-06-28 16:00:00+00:00,0.0008010246006502096,0.9951556926028999
2040-06-28 17:00:00+00:00,0.0008019863083676165,0.9952067247701571
2040-06-28 18:00:00+00:00,0.0008029122330529645,0.9952577409133524
2040-06-28 19:00:00+00:00,0.0008038298738909498,0.9953087355359336
2040-06-28 20:00:00+00:00,0.0008047420472274273,0.995359703467802
2040-06-28 21:00:00+00:00,0.000805643388964876,0.9954106410327156
2040-06-28 22:00:00+00:00,0.0008065395929096757,0.9954615471836348
2040-06-28 23:00:00+00:00,0.0008074318338054997,0.9955124194252872
2040-06-29 00:00:00+00:00,0.0008083171732784641,0.9955632479570954
2040-06-29 01:00:00+00:00,0.0008091967979971903,0.9956140337023657
2040-06-29 02:00:00+00:00,0.0008100789162938382,0.9956647684569131
2040-06-29 03:00:00+00:00,0.0008109572078811867,0.9957154550169262
2040-06-29 04:00:00+00:00,0.0008118161792903281,0.995766098525044
2040-06-29 05:00:00+00:00,0.0008126307362449553,0.9958167102593259
2040-06-29 06:00:00+00:00,5.911184228133515e-07,0.9957373076113888
2040-06-29 07:00:00+00:00,5.533790562676753e-06,0.9957881883424462
2040-06-29 08:00:00+00:00,0.0030709528243059326,0.9958390398012101
2040-06-29 09:00:00+00:00,0.1764960643588258,0.9958898664705876
2040-06-29 10:00:00+00:00,0.2132241186274292,0.9959406633257951
2040-06-29 11:00:00+00:00,0.250828628334305,0.9959913962526198
2040-06-29 12:00:00+00:00,0.3613955567225845,0.9960420707550234
2040-06-29 13:00:00+00:00,0.5578361753795313,0.9960926698135848
2040-06-29 14:00:00+00:00,0.7561977516732896,0.9961431979301292
2040-06-29 15:00:00+00:00,0.9545599193778022,0.9961936788825104
2040-06-29 16:00:00+00:00,0.9968332513123302,0.9962441069810575
2040-06-29 17:00:00+00:00,0.9999993594882975,0.996294484176968
2040-06-29 18:00:00+00:00,0.9999847390918463,0.9963446342080639
2040-06-29 19:00:00+00:00,0.9999699733064823,0.9963946742358858
2040-06-29 20:00:00+00:00,0.9999612825948846,0.9964446976069992
2040-06-29 21:00:00+00:00,0.9999550257770305,0.9964947046724076
2040-06-29 22:00:00+00:00,0.9999501928278423,0.9965446931263823
2040-06-29 23:00:00+00:00,0.9999463341987894,0.9965946641652624
2040-06-30 00:00:00+00:00,0.9999432120020301,0.9966446178940327
2040-06-30 01:00:00+00:00,0.9999406844196842,0.9966945554224603
2040-06-30 02:00:00+00:00,0.9999386652447351,0.9967444735230924
2040-06-30 03:00:00+00:00,0.9999370711999462,0.9967943708272026
2040-06-30 04:00:00+00:00,0.9999358662523012,0.9968442414865496
2040-06-30 05:00:00+00:00,0.9999350094144993,0.9968940885115971
2040-06-30 06:00:00+00:00,0.9999344514162933,0.9969439152267535
2040-06-30 07:00:00+00:00,0.9999341881295286,0.9969936853534219
2040-06-30 08:00:00+00:00,0.9999361339744011,0.997043520216664
2040-06-30 09:00:00+00:00,0.9999385830068901,0.9970933413603603
2040-06-30 10:00:00+00:00,0.9999420949261308,0.9971431592540789
2040-06-30 11:00:00+00:00,0.999946400949316,0.9971929611675029
2040-06-30 12:00:00+00:00,0.9999515590986692,0.9972427486206199
2040-06-30 13:00:00+00:00,0.9999583945555203,0.9972925159711775
2040-06-30 14:00:00+00:00,0.9999661664988346,0.9973422597644872
2040-06-30 15:00:00+00:00,0.9999709051890043,0.9973919079343527
2040-06-30 16:00:00+00:00,0.9999952835523066,0.9974416176100778
2040-06-30 17:00:00+00:00,0.9999996690897043,0.997362730577307
2040-06-30 18:00:00+00:00,0.9930039516384576,0.9972821141357958
2040-06-30 19:00:00+00:00,0.9896805281933246,0.9972014829082704
2040-06-30 20:00:00+00:00,0.8422378093242225,0.9971208354537779
2040-06-30 21:00:00+00:00,0.6556552945825245,0.9970401711775249
2040-06-30 22:00:00+00:00,0.5049177255963481,0.9969594900431601
2040-06-30 23:00:00+00:00,0.3548442983104756,0.9968787930006701
2040-07-01 00:00:00+00:00,0.2145437093204853,0.9967980807284353
2040-07-01 01:00:00+00:00,0.0756035897190694,0.9967173530050675
2040-07-01 02:00:00+00:00,0.0701946912195391,0.9966366095907954
2040-07-01 03:00:00+00:00,0.06470864585157292,0.9965558499838078
2040-07-01 04:00:00+00:00,0.010397487166003066,0.9964750713357351
2040-07-01 05:00:00+00:00,0.0022035463190912792,0.9963942694931583
2040-07-01 06:00:00+00:00,3.779346324710348e-07,0.9963134422793135
2040-07-01 07:00:00+00:00,4.9511627244044235e-06,0.9962343120261368
2040-07-01 08:00:00+00:00,6.719894330490351e-06,0.9962831009298189
2040-07-01 09:00:00+00:00,5.481480117050517e-06,0.996331870849873
2040-07-01 10:00:00+00:00,0.19838573305044296,0.9963814333327279
2040-07-01 11:00:00+00:00,0.39676659205782877,0.9964309854677739
2040-07-01 12:00:00+00:00,0.5951473996004006,0.9964805185813972
2040-07-01 13:00:00+00:00,0.5951370000047319,0.9965292234088718
2040-07-01 14:00:00+00:00,0.595126449649865,0.9965778954768234
2040-07-01 15:00:00+00:00,0.5951159031770685,0.9966265324096084
2040-07-01 16:00:00+00:00,0.5947252862790908,0.9965472522717919
2040-07-01 17:00:00+00:00,0.5943422984120874,0.9964679556780978
2040-07-01 18:00:00+00:00,0.5939606397921025,0.9963886480424478
2040-07-01 19:00:00+00:00,0.5935786627951661,0.9963093302219876
2040-07-01 20:00:00+00:00,0.5931952487440084,0.9962300005560623
2040-07-01 21:00:00+00:00,0.5928106212989623,0.9961506579564265
2040-07-01 22:00:00+00:00,0.5924245380223213,0.9960713052608325
2040-07-01 23:00:00+00:00,0.5920355987097322,0.9959919423710965
2040-07-02 00:00:00+00:00,0.5916295561515299,0.995912562595895
2040-07-02 01:00:00+00:00,0.5916192987771878,0.9959610816919237
2040-07-02 02:00:00+00:00,0.5916090224043205,0.9960096356807793
2040-07-02 03:00:00+00:00,0.5915987471736016,0.9960582503615354
2040-07-02 04:00:00+00:00,0.5915884844426085,0.9961069091101274
2040-07-02 05:00:00+00:00,0.5915781969300246,0.9961556147405838
2040-07-02 06:00:00+00:00,0.5915677710305052,0.9962043775665973
2040-07-02 07:00:00+00:00,0.5915574556811098,0.9962533113185573
2040-07-02 08:00:00+00:00,0.5915472236627226,0.9963023843598152
2040-07-02 09:00:00+00:00,0.5915369864548156,0.9963515311052407
2040-07-02 10:00:00+00:00,0.5915266388180733,0.9964007285720409
2040-07-02 11:00:00+00:00,0.5915162982957939,0.9964499943808333
2040-07-02 12:00:00+00:00,0.5915060424358828,0.9964992766105829
2040-07-02 13:00:00+00:00,0.591495715806784,0.9965485744046202
2040-07-02 14:00:00+00:00,0.5914853583266687,0.9965978674337818
2040-07-02 15:00:00+00:00,0.5914750456374196,0.9966471516688425
2040-07-02 16:00:00+00:00,0.590041116130591,0.9965683938036518
2040-07-02 17:00:00+00:00,0.5816137435812592,0.9964895885680639
2040-07-02 18:00:00+00:00,0.5666057008360599,0.9964107780109028
2040-07-02 19:00:00+00:00,0.46109838960327093,0.9963319732059176
2040-07-02 20:00:00+00:00,0.3175663708691501,0.9962531575927257
2040-07-02 21:00:00+00:00,0.14959005199885672,0.9961743290114629
2040-07-02 22:00:00+00:00,0.13944263242949514,0.9960954864600954
2040-07-02 23:00:00+00:00,0.12594719464872198,0.9960166114011836
2040-07-03 00:00:00+00:00,0.11457878313929472,0.9959376551855452
2040-07-03 01:00:00+00:00,0.10346294654349267,0.9958585569090406
2040-07-03 02:00:00+00:00,0.09113936431785614,0.9957792444453479
2040-07-03 03:00:00+00:00,0.07664373353131958,0.9956996879044736
2040-07-03 04:00:00+00:00,0.054106559213897634,0.995619937029412
2040-07-03 05:00:00+00:00,0.02817439490448161,0.9955400764511588
2040-07-03 06:00:00+00:00,5.237938655028166e-07,0.9954601553994361
2040-07-03 07:00:00+00:00,0.0013802564138813732,0.9955091163267927
2040-07-03 08:00:00+00:00,0.009484589283891754,0.9955580537188407
2040-07-03 09:00:00+00:00,0.18122869025358018,0.9956069614628185
2040-07-03 10:00:00+00:00,0.19549743331719438,0.995655834570432
2040-07-03 11:00:00+00:00,0.3938499422675789,0.9957046781954939
2040-07-03 12:00:00+00:00,0.5922258987071312,0.9957534946356859
2040-07-03 13:00:00+00:00,0.7906020172317398,0.9958022779450227
2040-07-03 14:00:00+00:00,0.9881012211728424,0.9958510368323278
2040-07-03 15:00:00+00:00,0.9948211417668178,0.995899767585311
2040-07-03 16:00:00+00:00,0.9966776901512937,0.9959484804893592
2040-07-03 17:00:00+00:00,0.9999995338996515,0.9959971788631349
2040-07-03 18:00:00+00:00,0.9999843635659236,0.9959169701598586
2040-07-03 19:00:00+00:00,0.9999781917479992,0.9958367774322662
2040-07-03 20:00:00+00:00,0.9999744243131463,0.9957565649167655
2040-07-03 21:00:00+00:00,0.9999700739697382,0.9956752708680652
2040-07-03 22:00:00+00:00,0.999966927497964,0.9955939598490616
2040-07-03 23:00:00+00:00,0.9999646283391566,0.9955126375479941
2040-07-04 00:00:00+00:00,0.9999610393519502,0.9954310396562893
2040-07-04 01:00:00+00:00,0.9999580183154451,0.995349416891407
2040-07-04 02:00:00+00:00,0.9999553095199014,0.9952677581855979
2040-07-04 03:00:00+00:00,0.9999531470443243,0.9951860791082155
2040-07-04 04:00:00+00:00,0.9999514333657247,0.9951043804892178
2040-07-04 05:00:00+00:00,0.9999501099536051,0.9950226648723374
2040-07-04 06:00:00+00:00,0.9999491145821204,0.9949409317209229
2040-07-04 07:00:00+00:00,0.9999484895125272,0.9948591722456513
2040-07-04 08:00:00+00:00,0.9999483957035832,0.9947774142519331
2040-07-04 09:00:00+00:00,0.9999502812273412,0.9946959063003866
2040-07-04 10:00:00+00:00,0.9999526496284615,0.9946143660458691
2040-07-04 11:00:00+00:00,0.9999556169309031,0.9945327980206452
2040-07-04 12:00:00+00:00,0.9999593096744714,0.9944512098126977
2040-07-04 13:00:00+00:00,0.9999640072916224,0.9943696034883037
2040-07-04 14:00:00+00:00,0.9999702661908492,0.9942879831265627
2040-07-04 15:00:00+00:00,0.9999793942482192,0.9942063426622696
2040-07-04 16:00:00+00:00,0.999999316199774,0.9941246878078013
2040-07-04 17:00:00+00:00,0.9943243224604227,0.9940425013278394
2040-07-04 18:00:00+00:00,0.7439849639888767,0.9939602995324592
2040-07-04 19:00:00+00:00,0.47947665710446413,0.9938780581910103
2040-07-04 20:00:00+00:00,0.21496990449461237,0.9937957801966114
2040-07-04 21:00:00+00:00,0.046620053069457074,0.9937134405544747
2040-07-04 22:00:00+00:00,0.04295154423689936,0.9936309786259427
2040-07-04 23:00:00+00:00,0.03949362284471027,0.9935483097988043
2040-07-05 00:00:00+00:00,0.0358607314921436,0.9934653230894313
2040-07-05 01:00:00+00:00,0.03185158396813273,0.993381576757445
2040-07-05 02:00:00+00:00,0.027278374979288533,0.9932961442351984
2040-07-05 03:00:00+00:00,0.021787410033333978,0.9932097204411724
2040-07-05 04:00:00+00:00,0.01438148045521623,0.993122794350093
2040-07-05 05:00:00+00:00,1.7141595654616927e-06,0.9930357151808378
2040-07-05 06:00:00+00:00,3.978199344845169e-06,0.9929486021296329
2040-07-05 07:00:00+00:00,1.51318094464468e-06,0.992861443892089
2040-07-05 08:00:00+00:00,3.7675828775145024e-06,0.9928976305329258
2040-07-05 09:00:00+00:00,1.3846539761795223e-05,0.9929407191637547
2040-07-05 10:00:00+00:00,0.19839459740560733,0.9929838754623639
2040-07-05 11:00:00+00:00,0.39677548438793714,0.9930269841169597
2040-07-05 12:00:00+00:00,0.5951563385347725,0.9930700569353136
2040-07-05 13:00:00+00:00,0.7935370846471632,0.9931131008213955
2040-07-05 14:00:00+00:00,0.9919176075024076,0.9931561196604177
2040-07-05 15:00:00+00:00,0.9919085976416498,0.9931925282650012
2040-07-05 16:00:00+00:00,0.9918990929525272,0.9932284349165378
2040-07-05 17:00:00+00:00,0.9918895475186014,0.9932643327883006
2040-07-05 18:00:00+00:00,0.9154452794038299,0.9931773381568951
2040-07-05 19:00:00+00:00,0.7649006584974875,0.9930903332544314
2040-07-05 20:00:00+00:00,0.7162841941677497,0.9930033166251624
2040-07-05 21:00:00+00:00,0.6783482508027678,0.992916288299927
2040-07-05 22:00:00+00:00,0.6458116808921024,0.9928292474958583
2040-07-05 23:00:00+00:00,0.6141553315288018,0.9927421939390063
2040-07-06 00:00:00+00:00,0.5825359909312174,0.9926551277139845
2040-07-06 01:00:00+00:00,0.5485075868427939,0.9925680489471956
2040-07-06 02:00:00+00:00,0.507048210726237,0.9924809573091152
2040-07-06 03:00:00+00:00,0.44816480341851195,0.9923938529405316
2040-07-06 04:00:00+00:00,0.29437540357097286,0.9923067354961072
2040-07-06 05:00:00+00:00,0.18936479564722927,0.9922196044520202
2040-07-06 06:00:00+00:00,2.7618119335666734e-05,0.9921324589307305
2040-07-06 07:00:00+00:00,5.383747770610547e-07,0.9920732268437011
2040-07-06 08:00:00+00:00,4.2325489461008486e-05,0.9921160138274696
2040-07-06 09:00:00+00:00,3.972426075170456e-05,0.992158787604833
2040-07-06 10:00:00+00:00,0.19841415640571486,0.9922015511749755
2040-07-06 11:00:00+00:00,0.396788389635976,0.9922443003606986
2040-07-06 12:00:00+00:00,0.595162619112594,0.9922870332486284
2040-07-06 13:00:00+00:00,0.7935368562127366,0.9923297450275169
2040-07-06 14:00:00+00:00,0.9919103404836764,0.992372439315188
2040-07-06 15:00:00+00:00,0.9918523844102446,0.9924151137616113
2040-07-06 16:00:00+00:00,0.9917832382137786,0.9924577723482948
2040-07-06 17:00:00+00:00,0.9917134394856484,0.99250041518482
2040-07-06 18:00:00+00:00,0.8933456793220242,0.9925430448528725
2040-07-06 19:00:00+00:00,0.8197372941150306,0.9925856606317798
2040-07-06 20:00:00+00:00,0.7709114203816368,0.9926282630569201
2040-07-06 21:00:00+00:00,0.7287212045589455,0.9926708517526415
2040-07-06 22:00:00+00:00,0.6911883553045464,0.992713426485292
2040-07-06 23:00:00+00:00,0.6525570892133463,0.9927559864518497
2040-07-07 00:00:00+00:00,0.6046851406087096,0.9927985324299641
2040-07-07 01:00:00+00:00,0.542465551338449,0.9928410636488398
2040-07-07 02:00:00+00:00,0.46065615934292803,0.992883581548954
2040-07-07 03:00:00+00:00,0.4254569767478744,0.992926086102742
2040-07-07 04:00:00+00:00,0.387815303942303,0.9929685774442674
2040-07-07 05:00:00+00:00,0.34245185045907245,0.9930110554693176
2040-07-07 06:00:00+00:00,0.0779531242709224,0.9930535178463765
2040-07-07 07:00:00+00:00,0.00017189492585025225,0.9930959678276355
2040-07-07 08:00:00+00:00,4.589355858034436e-06,0.9931383961208464
2040-07-07 09:00:00+00:00,0.14046619229558252,0.9931808032122543
2040-07-07 10:00:00+00:00,0.3387873281781722,0.9932231860015426
2040-07-07 11:00:00+00:00,0.5371095907757233,0.9932655467756347
2040-07-07 12:00:00+00:00,0.7354321999195688,0.9933078813781763
2040-07-07 13:00:00+00:00,0.9337539767831623,0.9933501935989982
2040-07-07 14:00:00+00:00,0.999995720855299,0.9933924822016732
2040-07-07 15:00:00+00:00,0.9999560105641688,0.9934347462292643
2040-07-07 16:00:00+00:00,0.9999472146136842,0.99347699059929
2040-07-07 17:00:00+00:00,0.9999972588301338,0.993519218348483
2040-07-07 18:00:00+00:00,0.9316182163680018,0.9935614237704469
2040-07-07 19:00:00+00:00,0.8843796058301785,0.993603612978245
2040-07-07 20:00:00+00:00,0.8486597597331238,0.9936457878056991
2040-07-07 21:00:00+00:00,0.8186984299818141,0.9936879488211555
2040-07-07 22:00:00+00:00,0.7928279261937956,0.9937300955540916
2040-07-07 23:00:00+00:00,0.7688273424593144,0.9937722277807745
2040-07-08 00:00:00+00:00,0.7461150468506372,0.993814346261661
2040-07-08 01:00:00+00:00,0.7239850666971572,0.9938564505086561
2040-07-08 02:00:00+00:00,0.7007376295248589,0.9938985404400088
2040-07-08 03:00:00+00:00,0.6654542519922395,0.9939406157478943
2040-07-08 04:00:00+00:00,0.4090486275866613,0.9939826767133425
2040-07-08 05:00:00+00:00,0.14697040551087134,0.994024723344966
2040-07-08 06:00:00+00:00,0.11617222109200925,0.9940667556169286
2040-07-08 07:00:00+00:00,0.08426811983467196,0.9941087735280657
2040-07-08 08:00:00+00:00,0.08423583782699316,0.9941507777539276
2040-07-08 09:00:00+00:00,0.0080983501270271,0.9941927658474097
2040-07-08 10:00:00+00:00,0.20647748792186033,0.9942347506771341
2040-07-08 11:00:00+00:00,0.4048566094717966,0.9942767202496487
2040-07-08 12:00:00+00:00,0.6032357240943291,0.9943186748346319
2040-07-08 13:00:00+00:00,0.8016148866892959,0.9943606138296175
2040-07-08 14:00:00+00:00,0.9999915257292332,0.994402534588255
2040-07-08 15:00:00+00:00,0.9999991352412291,0.9944444326847892
2040-07-08 16:00:00+00:00,0.9999949085187774,0.9944861823060387
2040-07-08 17:00:00+00:00,0.9981663085938872,0.9943981014734263
2040-07-08 18:00:00+00:00,0.9091785714600041,0.9943100018411801
2040-07-08 19:00:00+00:00,0.6850245181746246,0.9942218898920064
2040-07-08 20:00:00+00:00,0.6303856254308101,0.9941337644815776
2040-07-08 21:00:00+00:00,0.5861180339081962,0.9940456254188534
2040-07-08 22:00:00+00:00,0.5496512783717161,0.9939574694945275
2040-07-08 23:00:00+00:00,0.517049369610971,0.9938692985671391
2040-07-09 00:00:00+00:00,0.4864764317991254,0.9937811050528189
2040-07-09 01:00:00+00:00,0.45599991972203807,0.993692874487259
2040-07-09 02:00:00+00:00,0.42461609581446164,0.993604580379647
2040-07-09 03:00:00+00:00,0.3904846715757213,0.9935161966868722
2040-07-09 04:00:00+00:00,0.34170928847299353,0.9934277413389522
2040-07-09 05:00:00+00:00,0.26083994900071705,0.9933392070720098
2040-07-09 06:00:00+00:00,5.751132141996676e-07,0.9932505766523375
2040-07-09 07:00:00+00:00,0.00025834528585925125,0.9932916993792485
2040-07-09 08:00:00+00:00,0.0005280487466989998,0.993332657986295
2040-07-09 09:00:00+00:00,0.1988995907276279,0.9933735131882172
2040-07-09 10:00:00+00:00,0.3972776013232613,0.9934142800968115
2040-07-09 11:00:00+00:00,0.5956491390821296,0.9934549411326186
2040-07-09 12:00:00+00:00,0.7940206305778617,0.993495552838835
2040-07-09 13:00:00+00:00,0.9923921613215105,0.9935361106720855
2040-07-09 14:00:00+00:00,0.9995675314324932,0.9935766361350107
2040-07-09 15:00:00+00:00,0.9997209373217162,0.9936171379504156
2040-07-09 16:00:00+00:00,0.9999990763239391,0.9936576172586461
2040-07-09 17:00:00+00:00,0.9999984711850496,0.9936980364126482
2040-07-09 18:00:00+00:00,0.937544741694018,0.9936085100126656
2040-07-09 19:00:00+00:00,0.8941854978848152,0.9935189507028157
2040-07-09 20:00:00+00:00,0.8608182883192108,0.9934293758249217
2040-07-09 21:00:00+00:00,0.8322183345125876,0.9933397852886199
2040-07-09 22:00:00+00:00,0.8065611072394016,0.9932501790462978
2040-07-09 23:00:00+00:00,0.7828262221147305,0.9931605565803076
2040-07-10 00:00:00+00:00,0.7605224631143795,0.9930709184353916
2040-07-10 01:00:00+00:00,0.73845195123463,0.9929812633439411
2040-07-10 02:00:00+00:00,0.7158857723415654,0.9928915914463684
2040-07-10 03:00:00+00:00,0.6920117616806516,0.9928019038089329
2040-07-10 04:00:00+00:00,0.661997064786408,0.9927121985455221
2040-07-10 05:00:00+00:00,0.637177502599312,0.9926224746234205
2040-07-10 06:00:00+00:00,0.6191809281004119,0.9925327320391366
2040-07-10 07:00:00+00:00,0.6032449251175551,0.9924429668133387
2040-07-10 08:00:00+00:00,0.6032346327577368,0.9924763753489123
2040-07-10 09:00:00+00:00,0.6032242732815263,0.9925097635122023
2040-07-10 10:00:00+00:00,0.603219175530691,0.9925491901085475
2040-07-10 11:00:00+00:00,0.6032242658282584,0.9925891837485369
2040-07-10 12:00:00+00:00,0.8016051597298807,0.9926292572417331
2040-07-10 13:00:00+00:00,0.9999860979823374,0.9926693138937589
2040-07-10 14:00:00+00:00,0.9999922552300777,0.9927092250906752
2040-07-10 15:00:00+00:00,0.9999926840103877,0.9927485387701214
2040-07-10 16:00:00+00:00,0.9999944804049704,0.9927817704876953
2040-07-10 17:00:00+00:00,0.9999987326867485,0.9926917843016021
2040-07-10 18:00:00+00:00,0.9592077458588747,0.9926012738376024
2040-07-10 19:00:00+00:00,0.9342146763517417,0.992510742332617
2040-07-10 20:00:00+00:00,0.9174229500051342,0.9924201914560625
2040-07-10 21:00:00+00:00,0.9033844336076052,0.9923296206134091
2040-07-10 22:00:00+00:00,0.891235014335944,0.9922390323796216
2040-07-10 23:00:00+00:00,0.87998371986359,0.9921484263085372
2040-07-11 00:00:00+00:00,0.8685176161049042,0.9920578012242423
2040-07-11 01:00:00+00:00,0.8448357970922953,0.9919671564529907
2040-07-11 02:00:00+00:00,0.7127110583874838,0.9918764921976979
2040-07-11 03:00:00+00:00,0.4523553084052515,0.9917858101921385
2040-07-11 04:00:00+00:00,0.1911597005854388,0.9916951113301523
2040-07-11 05:00:00+00:00,0.034957615976873246,0.9916043943920065
2040-07-11 06:00:00+00:00,0.023464711782717928,0.9915136590734134
2040-07-11 07:00:00+00:00,4.4931028001232384e-06,0.9914229001223304
2040-07-11 08:00:00+00:00,2.569419663947822e-06,0.9913321378402822
2040-07-11 09:00:00+00:00,0.13826952478320348,0.9912418421976068
2040-07-11 10:00:00+00:00,0.27158941346980736,0.9911515281343479
2040-07-11 11:00:00+00:00,0.4699603431544779,0.9910880782684127
2040-07-11 12:00:00+00:00,0.6683336977772137,0.991125609799178
2040-07-11 13:00:00+00:00,0.8667042758062472,0.9910628621153428
2040-07-11 14:00:00+00:00,0.9999807760230338,0.9909724757801954
2040-07-11 15:00:00+00:00,0.9999990867504432,0.9908817987211829
2040-07-11 16:00:00+00:00,0.9999994984319821,0.9907908708037715
2040-07-11 17:00:00+00:00,0.9999939431617889,0.9906999041157243
2040-07-11 18:00:00+00:00,0.9876400739013175,0.9906089193781242
2040-07-11 19:00:00+00:00,0.7285517009820641,0.9905179191178236
2040-07-11 20:00:00+00:00,0.4696768889250819,0.9904269025632798
2040-07-11 21:00:00+00:00,0.41627275556792537,0.9903358697895834
2040-07-11 22:00:00+00:00,0.3653047632873912,0.9902448198144408
2040-07-11 23:00:00+00:00,0.3236140580303493,0.9901537526441802
2040-07-12 00:00:00+00:00,0.30192111608720307,0.9900626683451397
2040-07-12 01:00:00+00:00,0.2562396407914547,0.989971566904828
2040-07-12 02:00:00+00:00,0.19583529984857884,0.9898804486508305
2040-07-12 03:00:00+00:00,0.1181828683853279,0.9897893135905281
2040-07-12 04:00:00+00:00,0.028365032565839027,0.9896981616277982
2040-07-12 05:00:00+00:00,0.018756734287512133,0.9896069921351391
2040-07-12 06:00:00+00:00,5.56608586647243e-07,0.9895158061907484
2040-07-12 07:00:00+00:00,7.826731378928328e-07,0.9894246250911957
2040-07-12 08:00:00+00:00,1.969675751482299e-05,0.9893336650631448
2040-07-12 09:00:00+00:00,0.005558038336362105,0.9892429617284934
2040-07-12 10:00:00+00:00,0.1590540096257257,0.989152239969518
2040-07-12 11:00:00+00:00,0.35743524468133836,0.9891914605103472
2040-07-12 12:00:00+00:00,0.5558164955166423,0.9892306635114029
2040-07-12 13:00:00+00:00,0.7541977466163268,0.9892698488942521
2040-07-12 14:00:00+00:00,0.9525788393971204,0.9893090132953711
2040-07-12 15:00:00+00:00,0.9999806890757797,0.9892182058146812
2040-07-12 16:00:00+00:00,0.9999994232500972,0.9891271064898094
2040-07-12 17:00:00+00:00,0.9999986014330097,0.9890357451799692
2040-07-12 18:00:00+00:00,0.965889039254384,0.9889443578469544
2040-07-12 19:00:00+00:00,0.7308026373831864,0.988852952724007
2040-07-12 20:00:00+00:00,0.6036779124500391,0.9887615299259759
2040-07-12 21:00:00+00:00,0.5281265738965865,0.9886700897513643
2040-07-12 22:00:00+00:00,0.44678996849947156,0.9885786321321834
2040-07-12 23:00:00+00:00,0.384150355369233,0.9884871570771414
2040-07-13 00:00:00+00:00,0.31900675898599384,0.9883956645849419
2040-07-13 01:00:00+00:00,0.244052318709259,0.9883041546625132
2040-07-13 02:00:00+00:00,0.16706111297068654,0.9882126272170587
2040-07-13 03:00:00+00:00,0.12070540734543075,0.9881210816677426
2040-07-13 04:00:00+00:00,0.0829641817663569,0.9880295181137244
2040-07-13 05:00:00+00:00,0.05041460596768008,0.9879379363299219
2040-07-13 06:00:00+00:00,4.349645573225777e-07,0.9878463370133288
2040-07-13 07:00:00+00:00,1.8806217340403954e-05,0.9877549736736003
2040-07-13 08:00:00+00:00,0.004919868932607509,0.9876638684721082
2040-07-13 09:00:00+00:00,0.160034113524372,0.9875727413564799
2040-07-13 10:00:00+00:00,0.35841534663084407,0.9876115573660484
2040-07-13 11:00:00+00:00,0.556796596371364,0.9876503565059501
2040-07-13 12:00:00+00:00,0.7551778496892563,0.9876891386348471
2040-07-13 13:00:00+00:00,0.9535590322862342,0.9877279018807692
2040-07-13 14:00:00+00:00,0.9999340397166773,0.9876366902170429
2040-07-13 15:00:00+00:00,0.9999545098832217,0.987545251827026
2040-07-13 16:00:00+00:00,0.9999996826556825,0.9874537956899972
2040-07-13 17:00:00+00:00,0.9997572761986608,0.9873620021848731
2040-07-13 18:00:00+00:00,0.9946272475805371,0.9872701906202731
2040-07-13 19:00:00+00:00,0.8285173463097764,0.9871783615519898
2040-07-13 20:00:00+00:00,0.6268153861737781,0.9870865141783143
2040-07-13 21:00:00+00:00,0.47815363627218804,0.9869946496718436
2040-07-13 22:00:00+00:00,0.3281521916407879,0.986902768538484
2040-07-13 23:00:00+00:00,0.18958478463090903,0.9868108704609883
2040-07-14 00:00:00+00:00,0.18709307653965326,0.9867189562383542
2040-07-14 01:00:00+00:00,0.021267031964805717,0.9866270258399175
2040-07-14 02:00:00+00:00,0.018380950701413008,0.9865350788959778
2040-07-14 03:00:00+00:00,0.014885718129824886,0.986443114667926
2040-07-14 04:00:00+00:00,0.010132408097681189,0.9863511330925361
2040-07-14 05:00:00+00:00,6.278584296736807e-05,0.9862591342103151
2040-07-14 06:00:00+00:00,7.313402276559399e-07,0.9861671178188239
2040-07-14 07:00:00+00:00,6.728801176164464e-07,0.986075098054106
2040-07-14 08:00:00+00:00,1.9723130429593562e-05,0.9859833035914402
2040-07-14 09:00:00+00:00,0.10255540577658447,0.985891769881528
2040-07-14 10:00:00+00:00,0.30093652654640024,0.9859301756271647
2040-07-14 11:00:00+00:00,0.4993177703865935,0.9859685679464698
2040-07-14 12:00:00+00:00,0.6976990083435213,0.9860069437190117
2040-07-14 13:00:00+00:00,0.8960800912605087,0.986045299473318
2040-07-14 14:00:00+00:00,0.9999612052176804,0.9859536827584782
2040-07-14 15:00:00+00:00,0.99997300079935,0.9858617756662873
2040-07-14 16:00:00+00:00,0.9999996812383427,0.9857698511762495
2040-07-14 17:00:00+00:00,0.999998246456611,0.9856776565369583
2040-07-14 18:00:00+00:00,0.9541041015848606,0.9855854409304927
2040-07-14 19:00:00+00:00,0.8119610041193519,0.9854932071088585
2040-07-14 20:00:00+00:00,0.71274170263543,0.985400955975285
2040-07-14 21:00:00+00:00,0.6374694405844736,0.9853086871086032
2040-07-14 22:00:00+00:00,0.5790130181809133,0.9852164003785259
2040-07-14 23:00:00+00:00,0.5145862303812307,0.9851240963410844
2040-07-15 00:00:00+00:00,0.4492143318285767,0.9850317735437637
2040-07-15 01:00:00+00:00,0.379487795947919,0.984939432703286
2040-07-15 02:00:00+00:00,0.3074642754058821,0.9848470740815757
2040-07-15 03:00:00+00:00,0.22766093612321822,0.9847546979823574
2040-07-15 04:00:00+00:00,0.10112795867659917,0.9846623037567296
2040-07-15 05:00:00+00:00,0.025784162419078806,0.9845698920496923
2040-07-15 06:00:00+00:00,1.511614663954438e-06,0.9844774631837041
2040-07-15 07:00:00+00:00,9.573934430460267e-07,0.9843850218618182
2040-07-15 08:00:00+00:00,6.442338650973852e-07,0.9842925708888202
2040-07-15 09:00:00+00:00,0.008119944070515582,0.9842003468490582
2040-07-15 10:00:00+00:00,0.206491504437873,0.9841083785856848
2040-07-15 11:00:00+00:00,0.4048726817051901,0.9841463472678006
2040-07-15 12:00:00+00:00,0.6032538574114593,0.9841842978025672
2040-07-15 13:00:00+00:00,0.8016254363672536,0.9840922758315953
2040-07-15 14:00:00+00:00,0.9999958235351599,0.9840002360846793
2040-07-15 15:00:00+00:00,0.9999993607343568,0.9839077274057683
2040-07-15 16:00:00+00:00,0.9999993850753757,0.9838151395142946
2040-07-15 17:00:00+00:00,0.9866153999086396,0.9837225239841455
2040-07-15 18:00:00+00:00,0.9792458421134258,0.9836298901235991
2040-07-15 19:00:00+00:00,0.973866241042655,0.983537237644843
2040-07-15 20:00:00+00:00,0.9694942717368135,0.9834445666974747
2040-07-15 21:00:00+00:00,0.9657312081280646,0.9833518775522258
2040-07-15 22:00:00+00:00,0.9613360474774405,0.983259169838665
2040-07-15 23:00:00+00:00,0.9582170531778612,0.9831664433396053
2040-07-16 00:00:00+00:00,0.923866794095628,0.9830736980538215
2040-07-16 01:00:00+00:00,0.8495606928818107,0.9829809339247231
2040-07-16 02:00:00+00:00,0.6807044069553626,0.9828881508234039
2040-07-16 03:00:00+00:00,0.45868253025208433,0.9827953490307478
2040-07-16 04:00:00+00:00,0.22821614842904128,0.9827025285519225
2040-07-16 05:00:00+00:00,0.22448400245055372,0.9826096893743949
2040-07-16 06:00:00+00:00,0.005316102349193799,0.9825168315022054
2040-07-16 07:00:00+00:00,7.596260167848091e-07,0.9824239545807928
2040-07-16 08:00:00+00:00,2.390903669354132e-06,0.982331070453889
2040-07-16 09:00:00+00:00,1.6377296076876615e-06,0.9822381679500649
2040-07-16 10:00:00+00:00,0.19838196785809747,0.9821454909380379
2040-07-16 11:00:00+00:00,0.39676256761878403,0.9820530695088766
2040-07-16 12:00:00+00:00,0.5951432523059814,0.9819890281724729
2040-07-16 13:00:00+00:00,0.7935238403182361,0.9818965674932612
2040-07-16 14:00:00+00:00,0.9919042807114179,0.9818038163581617
2040-07-16 15:00:00+00:00,0.9999981805271471,0.981710830836122
2040-07-16 16:00:00+00:00,0.9999974837395672,0.9816178003260589
2040-07-16 17:00:00+00:00,0.9734255310809038,0.9815247451189764
2040-07-16 18:00:00+00:00,0.7879912965130029,0.981431672118868
2040-07-16 19:00:00+00:00,0.5472218399233287,0.9813385807692736
2040-07-16 20:00:00+00:00,0.44545720307814485,0.9812454712208833
2040-07-16 21:00:00+00:00,0.3917724858050215,0.9811523432792637
2040-07-16 22:00:00+00:00,0.37835276543567137,0.981059196996225
2040-07-16 23:00:00+00:00,0.3644383689242551,0.9809660325000327
2040-07-17 00:00:00+00:00,0.3500424748511301,0.9808728498932964
2040-07-17 01:00:00+00:00,0.33468746508464775,0.9807796481262504
2040-07-17 02:00:00+00:00,0.3139999797842609,0.9806864272068491
2040-07-17 03:00:00+00:00,0.26471583201470733,0.9805931856867766
2040-07-17 04:00:00+00:00,0.1647119839449399,0.9804999250174287
2040-07-17 05:00:00+00:00,0.03004492756787196,0.9804066453399957
2040-07-17 06:00:00+00:00,4.207202864042583e-07,0.9803133462506675
2040-07-17 07:00:00+00:00,3.916230350581012e-06,0.9802205511365571
2040-07-17 08:00:00+00:00,3.97224919550882e-06,0.9802506485573761
2040-07-17 09:00:00+00:00,0.13909500590981447,0.9802877004607894
2040-07-17 10:00:00+00:00,0.33747597198229323,0.9803248092981195
2040-07-17 11:00:00+00:00,0.5358569280224392,0.9803619004355388
2040-07-17 12:00:00+00:00,0.7342378942071741,0.9803989732417359
2040-07-17 13:00:00+00:00,0.9326186315654873,0.9804360258815225
2040-07-17 14:00:00+00:00,0.932615426826903,0.9804726487832405
2040-07-17 15:00:00+00:00,0.9326049439340923,0.9805027568743955
2040-07-17 16:00:00+00:00,0.9325946210265891,0.980532702242543
2040-07-17 17:00:00+00:00,0.9129485227454774,0.9804397232160436
2040-07-17 18:00:00+00:00,0.8534385566460356,0.9803467314360544
2040-07-17 19:00:00+00:00,0.8030797797488879,0.9802537240338179
2040-07-17 20:00:00+00:00,0.7631982874334269,0.9801606987293673
2040-07-17 21:00:00+00:00,0.7262251630262988,0.9800676538911194
2040-07-17 22:00:00+00:00,0.6938443108280135,0.9799745895031743
2040-07-17 23:00:00+00:00,0.6633797683395484,0.9798815055717308
2040-07-18 00:00:00+00:00,0.6342860257693204,0.9797884027941117
2040-07-18 01:00:00+00:00,0.605151735202266,0.9796952807034786
2040-07-18 02:00:00+00:00,0.5724999055989145,0.9796021394129834
2040-07-18 03:00:00+00:00,0.5370517647822156,0.9795089783376244
2040-07-18 04:00:00+00:00,0.4993838726070343,0.9794157964845223
2040-07-18 05:00:00+00:00,0.28022357622837507,0.9793225934574898
2040-07-18 06:00:00+00:00,0.018229655509028626,0.9792293635038446
2040-07-18 07:00:00+00:00,2.281041167283763e-05,0.9791361136623823
2040-07-18 08:00:00+00:00,6.567248216072978e-07,0.9791673470432682
2040-07-18 09:00:00+00:00,0.19837060888095345,0.9792040161625005
2040-07-18 10:00:00+00:00,0.3967430903961802,0.9792406656018348
2040-07-18 11:00:00+00:00,0.5951213455545136,0.9792772976161147
2040-07-18 12:00:00+00:00,0.7934998957855651,0.9793139095726221
2040-07-18 13:00:00+00:00,0.9918722983293468,0.9793504975930333
2040-07-18 14:00:00+00:00,0.9999993879431911,0.9793870633534296
2040-07-18 15:00:00+00:00,0.9999770736373095,0.9794181540233227
2040-07-18 16:00:00+00:00,0.9473939060634706,0.9793247329676076
2040-07-18 17:00:00+00:00,0.9242415506111257,0.9792312919503332
2040-07-18 18:00:00+00:00,0.9001485536208939,0.9791378343059198
2040-07-18 19:00:00+00:00,0.6399978714539634,0.9790443565131899
2040-07-18 20:00:00+00:00,0.5755446111954006,0.9789508617392406
2040-07-18 21:00:00+00:00,0.5574992668023541,0.9788573474638217
2040-07-18 22:00:00+00:00,0.5403537755461402,0.9787638143016267
2040-07-18 23:00:00+00:00,0.5229927842074121,0.9786702614589678
2040-07-19 00:00:00+00:00,0.5052248648175666,0.9785766882338001
2040-07-19 01:00:00+00:00,0.4866697007079307,0.9784830953793046
2040-07-19 02:00:00+00:00,0.4667418309617948,0.9783894826846452
2040-07-19 03:00:00+00:00,0.4455872901143858,0.9782958496722471
2040-07-19 04:00:00+00:00,0.4245792619910288,0.9782021962243537
2040-07-19 05:00:00+00:00,0.4019808741409423,0.978108522457361
2040-07-19 06:00:00+00:00,0.385937490535188,0.97801482499575
2040-07-19 07:00:00+00:00,0.385926141141826,0.9779971940610568
2040-07-19 08:00:00+00:00,0.3859159088023325,0.9780276110954598
2040-07-19 09:00:00+00:00,0.38590579307121087,0.9780583366021666
2040-07-19 10:00:00+00:00,0.3858956889870248,0.9780890454931256
2040-07-19 11:00:00+00:00,0.4013237967047017,0.9781251141302613
2040-07-19 12:00:00+00:00,0.5997046481675211,0.9781612385114433
2040-07-19 13:00:00+00:00,0.7980855003440998,0.9781973435556275
2040-07-19 14:00:00+00:00,0.9964661551075646,0.978233423481866
2040-07-19 15:00:00+00:00,0.9964579283268556,0.9782673355920721
2040-07-19 16:00:00+00:00,0.9964477266504836,0.9782975915573634
2040-07-19 17:00:00+00:00,0.9964377637617541,0.9783278245515592
2040-07-19 18:00:00+00:00,0.9258714571089569,0.9782338695792807
2040-07-19 19:00:00+00:00,0.8788772573349323,0.9781398967555025
2040-07-19 20:00:00+00:00,0.8427756378334652,0.9780459040264937
2040-07-19 21:00:00+00:00,0.8116882510052953,0.9779518910473785
2040-07-19 22:00:00+00:00,0.7839966123658174,0.9778578576960307
2040-07-19 23:00:00+00:00,0.75727998986068,0.9777638033377088
2040-07-20 00:00:00+00:00,0.6792646108483831,0.9776697282817357
2040-07-20 01:00:00+00:00,0.5119663082228818,0.9775756322665922
2040-07-20 02:00:00+00:00,0.4432166745709849,0.9774815153162426
2040-07-20 03:00:00+00:00,0.40790878408302067,0.9773873779506951
2040-07-20 04:00:00+00:00,0.3497345027789338,0.9772932200091762
2040-07-20 05:00:00+00:00,0.10074513280415508,0.977199040164298
2040-07-20 06:00:00+00:00,0.06709462343887343,0.9771048376516878
2040-07-20 07:00:00+00:00,0.00809956612124079,0.9770106140255205
2040-07-20 08:00:00+00:00,0.008089304013820534,0.9770396016055549
2040-07-20 09:00:00+00:00,0.20646989702019722,0.977075288639577
2040-07-20 10:00:00+00:00,0.404850862643207,0.9771109573062917
2040-07-20 11:00:00+00:00,0.6032318217581499,0.9771466046788091
2040-07-20 12:00:00+00:00,0.8016127805486364,0.9771822308601764
2040-07-20 13:00:00+00:00,0.9999937279218928,0.977217836747859
2040-07-20 14:00:00+00:00,0.9999929321126413,0.9772525919398763
2040-07-20 15:00:00+00:00,0.9999936972767521,0.9772814305293679
2040-07-20 16:00:00+00:00,0.9999987066871713,0.9771897119037363
2040-07-20 17:00:00+00:00,0.9999995121737411,0.9770947938350149
2040-07-20 18:00:00+00:00,0.9348097756625627,0.9769998108368687
2040-07-20 19:00:00+00:00,0.8948036195310257,0.9769048068468039
2040-07-20 20:00:00+00:00,0.8631635507939288,0.9768097818667921
2040-07-20 21:00:00+00:00,0.8336134749398705,0.9767147353476434
2040-07-20 22:00:00+00:00,0.7933801386986601,0.9766196672907583
2040-07-20 23:00:00+00:00,0.7634705938475602,0.9765245784864084
2040-07-21 00:00:00+00:00,0.7380822513618032,0.9764294681384796
2040-07-21 01:00:00+00:00,0.7131735618082766,0.9763343355850574
2040-07-21 02:00:00+00:00,0.6832879469467465,0.9762391807121071
2040-07-21 03:00:00+00:00,0.5733124954311651,0.9761440047201919
2040-07-21 04:00:00+00:00,0.3112859770192501,0.9760488076835887
2040-07-21 05:00:00+00:00,0.04830956718670753,0.9759535884329765
2040-07-21 06:00:00+00:00,0.022405087636613714,0.9758583471643192
2040-07-21 07:00:00+00:00,3.935481170429412e-07,0.9757630846998895
2040-07-21 08:00:00+00:00,0.052376388480079125,0.9756683257503624
2040-07-21 09:00:00+00:00,0.10857558293421542,0.9755735376532843
2040-07-21 10:00:00+00:00,0.3069567146612152,0.9756086803316283
2040-07-21 11:00:00+00:00,0.505337939159419,0.9756438032069137
2040-07-21 12:00:00+00:00,0.7037190773111708,0.9756789016820322
2040-07-21 13:00:00+00:00,0.8992528423150709,0.9755840237429382
2040-07-21 14:00:00+00:00,0.9999876350472194,0.9754891322619957
2040-07-21 15:00:00+00:00,0.9999994618880327,0.9753939224364977
2040-07-21 16:00:00+00:00,0.9999987060977601,0.9752985374732238
2040-07-21 17:00:00+00:00,0.9490904365197296,0.9752031444320642
2040-07-21 18:00:00+00:00,0.898352726828354,0.9751077333121555
2040-07-21 19:00:00+00:00,0.7608824805810316,0.975012308299312
2040-07-21 20:00:00+00:00,0.7248457992002117,0.9749168733723234
2040-07-21 21:00:00+00:00,0.6462622630841203,0.9748214228486131
2040-07-21 22:00:00+00:00,0.5680094250392558,0.9747259539169069
2040-07-21 23:00:00+00:00,0.5323675944885775,0.9746304653347341
2040-07-22 00:00:00+00:00,0.4997312865519021,0.9745349563610913
2040-07-22 01:00:00+00:00,0.46826319394487836,0.9744394264153741
2040-07-22 02:00:00+00:00,0.4378033071235049,0.974343874863769
2040-07-22 03:00:00+00:00,0.40133124934121167,0.9742483017113279
2040-07-22 04:00:00+00:00,0.3132211040450552,0.9741527072925401
2040-07-22 05:00:00+00:00,0.05104659133649696,0.9740570912997767
2040-07-22 06:00:00+00:00,4.173197000744945e-06,0.9739614533922702
2040-07-22 07:00:00+00:00,5.090376478618771e-06,0.9738657986670317
2040-07-22 08:00:00+00:00,3.069878730070341e-05,0.9737701287583646
2040-07-22 09:00:00+00:00,3.146053790735325e-05,0.9736744361736915
2040-07-22 10:00:00+00:00,0.19841260720309672,0.9735792451173706
2040-07-22 11:00:00+00:00,0.39679378214059935,0.973484036871231
2040-07-22 12:00:00+00:00,0.595174948579272,0.9733888068361185
2040-07-22 13:00:00+00:00,0.7935560736275644,0.9732935588124032
2040-07-22 14:00:00+00:00,0.9919366099568451,0.9731978025924554
2040-07-22 15:00:00+00:00,0.9999947610304296,0.9731020345908157
2040-07-22 16:00:00+00:00,0.9999964013464964,0.9730062713386252
2040-07-22 17:00:00+00:00,0.9568940391565781,0.9729104924352475
2040-07-22 18:00:00+00:00,0.9177612822723872,0.9728146926168704
2040-07-22 19:00:00+00:00,0.6919469542067034,0.972718881226573
2040-07-22 20:00:00+00:00,0.5461634994513859,0.9726230492573519
2040-07-22 21:00:00+00:00,0.4342582650122959,0.9725271947991406
2040-07-22 22:00:00+00:00,0.3987269453314924,0.9724313214261184
2040-07-22 23:00:00+00:00,0.38062840855722235,0.9723354314215734
2040-07-23 00:00:00+00:00,0.3627330824212663,0.9722395286086036
2040-07-23 01:00:00+00:00,0.34400738274390824,0.9721436147299951
2040-07-23 02:00:00+00:00,0.32390894299974793,0.9720476925207754
2040-07-23 03:00:00+00:00,0.29485811654566635,0.9719517554491137
2040-07-23 04:00:00+00:00,0.25643187462118494,0.9718558098066958
2040-07-23 05:00:00+00:00,0.07485622380634535,0.9717598738735752
2040-07-23 06:00:00+00:00,0.02423816014270607,0.9716639825786667
2040-07-23 07:00:00+00:00,1.7649722787022622e-06,0.9715681166725206
2040-07-23 08:00:00+00:00,7.912816409476349e-07,0.9714723107071782
2040-07-23 09:00:00+00:00,1.5311839550845432e-06,0.971376561600366
2040-07-23 10:00:00+00:00,0.14020802947119987,0.9712810592209034
2040-07-23 11:00:00+00:00,0.2064922013834719,0.9711855423427294
2040-07-23 12:00:00+00:00,0.4048678230850755,0.9711186898352793
2040-07-23 13:00:00+00:00,0.6032490723308479,0.9711533553553848
2040-07-23 14:00:00+00:00,0.8016303098927664,0.9711880085916428
2040-07-23 15:00:00+00:00,0.9999992513604395,0.9710927642082339
2040-07-23 16:00:00+00:00,0.9999993140006421,0.9709970900625824
2040-07-23 17:00:00+00:00,0.999988278942663,0.9709014529001121
2040-07-23 18:00:00+00:00,0.9946514839588849,0.9708058250654921
2040-07-23 19:00:00+00:00,0.8632782281178935,0.9707101822380549
2040-07-23 20:00:00+00:00,0.8439026259984109,0.9706145184676654
2040-07-23 21:00:00+00:00,0.6426747382774812,0.9705188336038385
2040-07-23 22:00:00+00:00,0.6400843721515537,0.9704231277650632
2040-07-23 23:00:00+00:00,0.6375294807109706,0.9703274011857258
2040-07-24 00:00:00+00:00,0.4917987054270802,0.970231653746133
2040-07-24 01:00:00+00:00,0.3564282203837727,0.9701358861346373
2040-07-24 02:00:00+00:00,0.20235635856717926,0.9700400983690111
2040-07-24 03:00:00+00:00,0.02152540526548902,0.969944290261258
2040-07-24 04:00:00+00:00,0.018540646800787722,0.9698484622272805
2040-07-24 05:00:00+00:00,0.013704450123563677,0.9697526173251948
2040-07-24 06:00:00+00:00,0.008614090371802979,0.9696567607817095
2040-07-24 07:00:00+00:00,1.7051698437088024e-06,0.9695608993538369
2040-07-24 08:00:00+00:00,7.327925918753186e-07,0.969465054570352
2040-07-24 09:00:00+00:00,0.06661278495868422,0.9693693146864867
2040-07-24 10:00:00+00:00,0.264992619858956,0.9692740964399063
2040-07-24 11:00:00+00:00,0.4633727868690876,0.9692062875209537
2040-07-24 12:00:00+00:00,0.6617529089806297,0.9691138555228148
2040-07-24 13:00:00+00:00,0.8601328652439364,0.9690187001904031
2040-07-24 14:00:00+00:00,0.9999994037878914,0.9689230599281701
2040-07-24 15:00:00+00:00,0.9999984798241727,0.9688273530454588
2040-07-24 16:00:00+00:00,0.9999995027036231,0.9687316265182313
2040-07-24 17:00:00+00:00,0.9718685619956586,0.9686358720042404
2040-07-24 18:00:00+00:00,0.8795816156606934,0.9685400971140024
2040-07-24 19:00:00+00:00,0.7902728674728243,0.9684443010731335
2040-07-24 20:00:00+00:00,0.719387588128553,0.9683484844113353
2040-07-24 21:00:00+00:00,0.6678441777057537,0.9682526481907432
2040-07-24 22:00:00+00:00,0.6242533936573698,0.9681567924122855
2040-07-24 23:00:00+00:00,0.5879066396168849,0.9680609170793159
2040-07-25 00:00:00+00:00,0.5566763449739734,0.9679650220846089
2040-07-25 01:00:00+00:00,0.5231018606191614,0.9678691074234231
2040-07-25 02:00:00+00:00,0.47960258798282673,0.9677731733851961
2040-07-25 03:00:00+00:00,0.4375405037306236,0.9676772201355258
2040-07-25 04:00:00+00:00,0.39439594456805543,0.9675812489263005
2040-07-25 05:00:00+00:00,0.3481200990085718,0.9674852607963282
2040-07-25 06:00:00+00:00,0.30423403028650625,0.9673892550985466
2040-07-25 07:00:00+00:00,0.30423174667821234,0.9672932591062015
2040-07-25 08:00:00+00:00,0.2535494780280837,0.9671972980277025
2040-07-25 09:00:00+00:00,0.2064599619678776,0.967101418375063
2040-07-25 10:00:00+00:00,0.20645719547879582,0.9670056411107005
2040-07-25 11:00:00+00:00,0.40483877264047363,0.9669101104420024
2040-07-25 12:00:00+00:00,0.6032204299752207,0.966814931821225
2040-07-25 13:00:00+00:00,0.8016020816161514,0.9667197390463683
2040-07-25 14:00:00+00:00,0.9999832184442724,0.9666240082878806
2040-07-25 15:00:00+00:00,0.9999810186497633,0.9665282873044927
2040-07-25 16:00:00+00:00,0.9999790792873091,0.9664326886342839
2040-07-25 17:00:00+00:00,0.9935258713265938,0.9663371835642026
2040-07-25 18:00:00+00:00,0.8230046416977093,0.96624166357345
2040-07-25 19:00:00+00:00,0.5701363449436813,0.9661461351030028
2040-07-25 20:00:00+00:00,0.3174213771603655,0.9660506137813807
2040-07-25 21:00:00+00:00,0.06643819103579952,0.9659550848834072
2040-07-25 22:00:00+00:00,0.06302996702666723,0.965859541605489
2040-07-25 23:00:00+00:00,0.059401091570241586,0.965763982539442
2040-07-26 00:00:00+00:00,0.055514735466628384,0.9656684035552887
2040-07-26 01:00:00+00:00,0.05121752161857507,0.9655728044814599
2040-07-26 02:00:00+00:00,0.046616539165525744,0.965477185148529
2040-07-26 03:00:00+00:00,0.04139813730955773,0.9653815461721107
2040-07-26 04:00:00+00:00,0.03540208967672538,0.9652858886590158
2040-07-26 05:00:00+00:00,0.028156302493362317,0.9651902121525939
2040-07-26 06:00:00+00:00,0.018717492681300133,0.9650945171834532
2040-07-26 07:00:00+00:00,4.54604234516935e-07,0.9649990389656863
2040-07-26 08:00:00+00:00,9.456141882486474e-07,0.9649039146551841
2040-07-26 09:00:00+00:00,4.836446263129316e-07,0.9648089661549264
2040-07-26 10:00:00+00:00,3.235928944550633e-05,0.9647146131066293
2040-07-26 11:00:00+00:00,4.7009543891128034e-05,0.9646202565885454
2040-07-26 12:00:00+00:00,5.741205315839453e-05,0.9645258827301855
2040-07-26 13:00:00+00:00,6.570837521196554e-05,0.9644314925734804
2040-07-26 14:00:00+00:00,7.252989341963559e-05,0.9643370852401283
2040-07-26 15:00:00+00:00,7.832237081712801e-05,0.9642426568682163
2040-07-26 16:00:00+00:00,8.065903939540262e-05,0.964147964993638
2040-07-26 17:00:00+00:00,8.207378689664436e-05,0.9640532119339624
2040-07-26 18:00:00+00:00,4.9829402871808905e-05,0.9639582699216366
2040-07-26 19:00:00+00:00,3.008115367381205e-05,0.9638633153956728
2040-07-26 20:00:00+00:00,3.0405843041485933e-05,0.9637685128842735
2040-07-26 21:00:00+00:00,3.025396597522473e-05,0.9636736992034484
2040-07-26 22:00:00+00:00,2.9558175041216545e-05,0.9635788746633215
2040-07-26 23:00:00+00:00,2.8300248905173064e-05,0.9634840365722727
2040-07-27 00:00:00+00:00,2.8238773350188975e-05,0.9633894978081541
2040-07-27 01:00:00+00:00,2.7456687625657e-05,0.9632949217013153
2040-07-27 02:00:00+00:00,2.5988897217537495e-05,0.9632003275253658
2040-07-27 03:00:00+00:00,2.3681466778017628e-05,0.963105717353523
2040-07-27 04:00:00+00:00,2.0147916431135296e-05,0.9630110885046951
2040-07-27 05:00:00+00:00,1.4273570073733042e-05,0.962916435414699
2040-07-27 06:00:00+00:00,4.86799144173943e-07,0.9628217655102024
2040-07-27 07:00:00+00:00,0.0035756009142428606,0.9628570329575368
2040-07-27 08:00:00+00:00,0.005416850805863287,0.9628922949481952
2040-07-27 09:00:00+00:00,0.011811702816257017,0.9629275687116443
2040-07-27 10:00:00+00:00,0.10270193645733784,0.9629628819925093
2040-07-27 11:00:00+00:00,0.3008323901757709,0.9629982433944221
2040-07-27 12:00:00+00:00,0.30941813031400167,0.9630336452349378
2040-07-27 13:00:00+00:00,0.314704364788095,0.9630690536037259
2040-07-27 14:00:00+00:00,0.31891346350899996,0.9631044492336794
2040-07-27 15:00:00+00:00,0.3221049205290942,0.963139827053444
2040-07-27 16:00:00+00:00,0.3233247499954091,0.9631751890075123
2040-07-27 17:00:00+00:00,0.3233749882806402,0.9632105348742908
2040-07-27 18:00:00+00:00,0.32342413519941676,0.9632458632877051
2040-07-27 19:00:00+00:00,0.06349719584234534,0.9632811735600574
2040-07-27 20:00:00+00:00,0.00011290336566278557,0.9633164664515504
2040-07-27 21:00:00+00:00,0.00013933699806779377,0.9633517431158595
2040-07-27 22:00:00+00:00,0.0001551560900022154,0.9633870022347429
2040-07-27 23:00:00+00:00,0.00016451234124284102,0.9634222439048234
2040-07-28 00:00:00+00:00,0.00016804686863812547,0.9634574679570493
2040-07-28 01:00:00+00:00,0.00016615962621384077,0.9634926750748306
2040-07-28 02:00:00+00:00,0.00015850026038223924,0.9635278652776935
2040-07-28 03:00:00+00:00,0.00014375781272302646,0.9635630383266378
2040-07-28 04:00:00+00:00,0.00011848275315009463,0.9635981942208053
2040-07-28 05:00:00+00:00,7.0277874759006e-05,0.9636333343987116
2040-07-28 06:00:00+00:00,3.466143651726388e-06,0.9636684587604564
2040-07-28 07:00:00+00:00,0.002995110312625155,0.9637035691407146
2040-07-28 08:00:00+00:00,0.0876568509843425,0.9637386645417999
2040-07-28 09:00:00+00:00,0.18229716698021503,0.9637737468898743
2040-07-28 10:00:00+00:00,0.25644769411889123,0.9638088511014553
2040-07-28 11:00:00+00:00,0.42648031560060434,0.963843949920997
2040-07-28 12:00:00+00:00,0.5919059737027896,0.963879034588148
2040-07-28 13:00:00+00:00,0.7508450396264428,0.9639141063386493
2040-07-28 14:00:00+00:00,0.8659471677560677,0.9639491570722097
2040-07-28 15:00:00+00:00,0.9969173790549616,0.9639841666895681
2040-07-28 16:00:00+00:00,0.9999966282167568,0.9640191324031553
2040-07-28 17:00:00+00:00,0.9999118938660533,0.9640540618176573
2040-07-28 18:00:00+00:00,0.9998085366845789,0.964088976708004
2040-07-28 19:00:00+00:00,0.9997507641043647,0.9641238783586131
2040-07-28 20:00:00+00:00,0.9997096048665334,0.9641587575910129
2040-07-28 21:00:00+00:00,0.9996778937898165,0.9641936156995046
2040-07-28 22:00:00+00:00,0.9996523301032593,0.9642284557109608
2040-07-28 23:00:00+00:00,0.9996486780596692,0.9642632808580167
2040-07-29 00:00:00+00:00,0.999648017758593,0.9642980964802038
2040-07-29 01:00:00+00:00,0.9996502445625262,0.9643329023386076
2040-07-29 02:00:00+00:00,0.9996550693956137,0.9643676948895429
2040-07-29 03:00:00+00:00,0.9996482218965476,0.9644024715792241
2040-07-29 04:00:00+00:00,0.9996442715362932,0.964437233558152
2040-07-29 05:00:00+00:00,0.9996428176093759,0.9644719804718953
2040-07-29 06:00:00+00:00,0.9996440810607398,0.9645067123755137
2040-07-29 07:00:00+00:00,0.9996651967848573,0.9645414426139722
2040-07-29 08:00:00+00:00,0.9996923008498287,0.9645761673186006
2040-07-29 09:00:00+00:00,0.9997257940619652,0.9646108794966013
2040-07-29 10:00:00+00:00,0.9997702062235914,0.964645583374659
2040-07-29 11:00:00+00:00,0.9998361998472366,0.9646802789596929
2040-07-29 12:00:00+00:00,0.999969811855877,0.9647149678363798
2040-07-29 13:00:00+00:00,0.9999572597834822,0.9647496429332296
2040-07-29 14:00:00+00:00,0.9999620375246139,0.9647843024948778
2040-07-29 15:00:00+00:00,0.9999833061228819,0.9648189138046374
2040-07-29 16:00:00+00:00,0.9999994533372126,0.9648534782245666
2040-07-29 17:00:00+00:00,0.9995425181638037,0.9647866167662416
2040-07-29 18:00:00+00:00,0.984012111787968,0.9646994885798877
2040-07-29 19:00:00+00:00,0.9752654341825875,0.9646123807248304
2040-07-29 20:00:00+00:00,0.9687498499885405,0.964525282168562
2040-07-29 21:00:00+00:00,0.9635620869289566,0.9644382043467351
2040-07-29 22:00:00+00:00,0.9590565954663021,0.9643511330988366
2040-07-29 23:00:00+00:00,0.9550136758342718,0.9642640524890022
2040-07-30 00:00:00+00:00,0.9513126449809892,0.9641769646892661
2040-07-30 01:00:00+00:00,0.9478901011634437,0.9640898753713544
2040-07-30 02:00:00+00:00,0.9446853820993856,0.9640027644444848
2040-07-30 03:00:00+00:00,0.9416491675845682,0.9639156331952269
2040-07-30 04:00:00+00:00,0.7167528105654811,0.9638277752079379
2040-07-30 05:00:00+00:00,0.4549768189644077,0.963739372452308
2040-07-30 06:00:00+00:00,0.45151728387289186,0.9636518841880561
2040-07-30 07:00:00+00:00,0.4514621754086589,0.9636816165011117
2040-07-30 08:00:00+00:00,0.45145173109780673,0.9637152560943918
2040-07-30 09:00:00+00:00,0.6498323307766944,0.9637494283957234
2040-07-30 10:00:00+00:00,0.6498217742345402,0.9637829670069712
2040-07-30 11:00:00+00:00,0.6498112284200627,0.9638164853318242
2040-07-30 12:00:00+00:00,0.6498094887659456,0.9638504030203191
2040-07-30 13:00:00+00:00,0.649809473258703,0.9638843459333947
2040-07-30 14:00:00+00:00,0.6497989398890283,0.9639178031318056
2040-07-30 15:00:00+00:00,0.6497882336101198,0.9639511623857725
2040-07-30 16:00:00+00:00,0.6469906727307029,0.963863279172056
2040-07-30 17:00:00+00:00,0.6469801529252283,0.9638964363837286
2040-07-30 18:00:00+00:00,0.6442337165266561,0.9638084780023125
2040-07-30 19:00:00+00:00,0.46344949378280625,0.9637198147350435
2040-07-30 20:00:00+00:00,0.2677886562482011,0.9636311494655233
2040-07-30 21:00:00+00:00,0.26501861718220443,0.96354317925821
2040-07-30 22:00:00+00:00,0.26226159673182425,0.9634552054097153
2040-07-30 23:00:00+00:00,0.25948831842037273,0.9633672105930351
2040-07-31 00:00:00+00:00,0.2567041029433462,0.9632791981472301
2040-07-31 01:00:00+00:00,0.25391251794448905,0.9631911682821777
2040-07-31 02:00:00+00:00,0.2511180789086224,0.963103118892578
2040-07-31 03:00:00+00:00,0.2483273424217414,0.9630150504674408
2040-07-31 04:00:00+00:00,0.24554853875060778,0.9629269571625503
2040-07-31 05:00:00+00:00,0.2427953587267821,0.962838835684911
2040-07-31 06:00:00+00:00,0.24000580998409532,0.9627506356080355
2040-07-31 07:00:00+00:00,5.697004168766671e-07,0.9626616963411903
2040-07-31 08:00:00+00:00,0.0019173990736207213,0.9626951379635732
2040-07-31 09:00:00+00:00,0.005414419951744825,0.9627284929478542
2040-07-31 10:00:00+00:00,0.2037912711075832,0.9627617662190793
2040-07-31 11:00:00+00:00,0.4021681053403342,0.9627949370297051
2040-07-31 12:00:00+00:00,0.6005449537607255,0.9628280673375651
2040-07-31 13:00:00+00:00,0.7989218168955626,0.9628611699824212
2040-07-31 14:00:00+00:00,0.9972911291547518,0.9628942491798267
2040-07-31 15:00:00+00:00,0.9985051743155443,0.962927303382013
2040-07-31 16:00:00+00:00,0.9999982953721819,0.9629603419417235
2040-07-31 17:00:00+00:00,0.9998942830374368,0.9629933485995811
2040-07-31 18:00:00+00:00,0.9998838712233228,0.9630263431256184
2040-07-31 19:00:00+00:00,0.8446074295615765,0.9630593201541049
2040-07-31 20:00:00+00:00,0.80979232943162,0.9630922831422877
2040-07-31 21:00:00+00:00,0.8067151063908523,0.9631252316082483
2040-07-31 22:00:00+00:00,0.8038185648710457,0.9631581655111797
2040-07-31 23:00:00+00:00,0.8009332751702015,0.9631910846939707
2040-08-01 00:00:00+00:00,0.7980722251147113,0.9632239895664094
2040-08-01 01:00:00+00:00,0.7952347342739375,0.9632568798214908
2040-08-01 02:00:00+00:00,0.7924059798529403,0.9632897553603605
2040-08-01 03:00:00+00:00,0.6998140074240714,0.9633226164474441
2040-08-01 04:00:00+00:00,0.49338450907934234,0.9633554621215136
2040-08-01 05:00:00+00:00,0.26450942496442803,0.9633882913952173
2040-08-01 06:00:00+00:00,1.6322202857320387e-06,0.9633200287737441
2040-08-01 07:00:00+00:00,1.5219941984044577e-05,0.9633528161858749
2040-08-01 08:00:00+00:00,4.054667293932773e-05,0.9633855353711696
2040-08-01 09:00:00+00:00,0.19578869109628777,0.9634181397344797
2040-08-01 10:00:00+00:00,0.3927339778902023,0.9634506093110617
2040-08-01 11:00:00+00:00,0.5911108534413921,0.9634829947792192
2040-08-01 12:00:00+00:00,0.7894877758012875,0.9635153376402386
2040-08-01 13:00:00+00:00,0.9493964759297205,0.9635476569754414
2040-08-01 14:00:00+00:00,0.9807156892301141,0.9635799594625569
2040-08-01 15:00:00+00:00,0.9999661832381904,0.9636122095894087
2040-08-01 16:00:00+00:00,0.999999328685994,0.963644302876597
2040-08-01 17:00:00+00:00,0.9951542762124895,0.9636761142311463
2040-08-01 18:00:00+00:00,0.8428257556328372,0.9637079062131804
2040-08-01 19:00:00+00:00,0.5783270320904893,0.9637395240194131
2040-08-01 20:00:00+00:00,0.4970427071902958,0.9637712498686215
2040-08-01 21:00:00+00:00,0.4278112400172157,0.9638029501290714
2040-08-01 22:00:00+00:00,0.35089393273328556,0.9638346307246053
2040-08-01 23:00:00+00:00,0.28202353376816663,0.9638662930447432
2040-08-02 00:00:00+00:00,0.15932106627112916,0.9638979402210429
2040-08-02 01:00:00+00:00,0.004885266666895919,0.963929573536571
2040-08-02 02:00:00+00:00,2.325830229282246e-05,0.9639611974812725
2040-08-02 03:00:00+00:00,8.16530339582797e-06,0.9639929004278519
2040-08-02 04:00:00+00:00,9.65014272556386e-06,0.9640247248503641
2040-08-02 05:00:00+00:00,9.30780838169872e-07,0.9640566188503772
2040-08-02 06:00:00+00:00,2.2690240314894112e-06,0.9640886449735377
2040-08-02 07:00:00+00:00,0.0028780090243939248,0.9641204331388873
2040-08-02 08:00:00+00:00,0.018346073505463,0.9641518445391747
2040-08-02 09:00:00+00:00,0.09725889475723284,0.9641830512760036
2040-08-02 10:00:00+00:00,0.27159202378272396,0.9642141494382525
2040-08-02 11:00:00+00:00,0.4499178159069997,0.964245219854032
2040-08-02 12:00:00+00:00,0.62708257334407,0.9642762717940108
2040-08-02 13:00:00+00:00,0.8037660160904793,0.9643073059826663
2040-08-02 14:00:00+00:00,0.9838892852940919,0.9643383238857606
2040-08-02 15:00:00+00:00,0.9968700892139513,0.9643693266956108
2040-08-02 16:00:00+00:00,0.9999971202755176,0.9644003140585522
2040-08-02 17:00:00+00:00,0.9999994967461624,0.9644312824080418
2040-08-02 18:00:00+00:00,0.9404666563905866,0.9643322829319064
2040-08-02 19:00:00+00:00,0.7629589375442264,0.9642332689682631
2040-08-02 20:00:00+00:00,0.5074009797126343,0.9641342380600278
2040-08-02 21:00:00+00:00,0.47502783531240506,0.9640351868839464
2040-08-02 22:00:00+00:00,0.44382814867893394,0.9639361136804353
2040-08-02 23:00:00+00:00,0.4101660093172399,0.96383701874405
2040-08-03 00:00:00+00:00,0.3664168815255869,0.9637379090298461
2040-08-03 01:00:00+00:00,0.33129686811439396,0.9636387833772913
2040-08-03 02:00:00+00:00,0.2959409964424279,0.9635396411861938
2040-08-03 03:00:00+00:00,0.2567930962653583,0.9634404825796112
2040-08-03 04:00:00+00:00,0.2070999701067722,0.9633413074160744
2040-08-03 05:00:00+00:00,0.11722079514203729,0.9632421153004033
2040-08-03 06:00:00+00:00,2.3791338693097368e-05,0.9631429045850116
2040-08-03 07:00:00+00:00,5.786044266543998e-07,0.9631669801824824
2040-08-03 08:00:00+00:00,0.048927827178037675,0.9631976784338508
2040-08-03 09:00:00+00:00,0.2438940023527672,0.9632283324299818
2040-08-03 10:00:00+00:00,0.44054403537760867,0.9632589153221884
2040-08-03 11:00:00+00:00,0.633159613730354,0.9632894180193572
2040-08-03 12:00:00+00:00,0.8224999047668017,0.9633198471112195
2040-08-03 13:00:00+00:00,0.9999991280541639,0.9633502355562581
2040-08-03 14:00:00+00:00,0.9999966831183982,0.9633805325404196
2040-08-03 15:00:00+00:00,0.9999672973660347,0.9634046577331378
2040-08-03 16:00:00+00:00,0.9999526095560339,0.9634283504036669
2040-08-03 17:00:00+00:00,0.9531910785990976,0.9633287158610855
2040-08-03 18:00:00+00:00,0.909477899080287,0.9632290682224813
2040-08-03 19:00:00+00:00,0.6994450424741003,0.9631294065847498
2040-08-03 20:00:00+00:00,0.6250348856240184,0.9630297308641623
2040-08-03 21:00:00+00:00,0.5551801333102797,0.9629300402334169
2040-08-03 22:00:00+00:00,0.5217383441745995,0.9628303346647562
2040-08-03 23:00:00+00:00,0.4953147788763775,0.9627306141542101
2040-08-04 00:00:00+00:00,0.46986042885175006,0.9626308787297955
2040-08-04 01:00:00+00:00,0.44463126573775863,0.9625311273989604
2040-08-04 02:00:00+00:00,0.4197900852418857,0.9624313600056925
2040-08-04 03:00:00+00:00,0.396278114529209,0.9623315757421834
2040-08-04 04:00:00+00:00,0.3715436678776453,0.9622317747089181
2040-08-04 05:00:00+00:00,0.3447572485798702,0.9621319568614503
2040-08-04 06:00:00+00:00,0.23792068343642617,0.9620321196808262
2040-08-04 07:00:00+00:00,0.2064765784621351,0.961932266560603
2040-08-04 08:00:00+00:00,0.20646631406081029,0.9619561095949386
2040-08-04 09:00:00+00:00,0.40484697667797576,0.9619861712498133
2040-08-04 10:00:00+00:00,0.603227905128918,0.9620161818555346
2040-08-04 11:00:00+00:00,0.8016087934984649,0.9620461652404018
2040-08-04 12:00:00+00:00,0.9999896050238607,0.9620761308130088
2040-08-04 13:00:00+00:00,0.9999861635089444,0.9620998424213455
2040-08-04 14:00:00+00:00,0.9999846297577318,0.9621230926276576
2040-08-04 15:00:00+00:00,0.9999826074624233,0.9620230452650816
2040-08-04 16:00:00+00:00,0.9999805341825757,0.9619227290560912
2040-08-04 17:00:00+00:00,0.9999746766569284,0.9618222432628295
2040-08-04 18:00:00+00:00,0.999970764616113,0.9617217466355903
2040-08-04 19:00:00+00:00,0.9999679021401272,0.9616212263211006
2040-08-04 20:00:00+00:00,0.9999657716436924,0.9615206846545079
2040-08-04 21:00:00+00:00,0.999965840209274,0.9614201891728976
2040-08-04 22:00:00+00:00,0.9999663729534081,0.9613196764130612
2040-08-04 23:00:00+00:00,0.9999673746158727,0.9612191454838093
2040-08-05 00:00:00+00:00,0.9999689019254856,0.9611185911432727
2040-08-05 01:00:00+00:00,0.9999710587976643,0.9610180143444901
2040-08-05 02:00:00+00:00,0.9999740476196649,0.9609174207482888
2040-08-05 03:00:00+00:00,0.9999767246620472,0.960816778818089
2040-08-05 04:00:00+00:00,0.9999727184054019,0.9607160168125967
2040-08-05 05:00:00+00:00,0.9999696816614098,0.9606152374916593
2040-08-05 06:00:00+00:00,0.9999672887390954,0.9605144408333178
2040-08-05 07:00:00+00:00,0.9999669090606392,0.960413628653907
2040-08-05 08:00:00+00:00,0.999965464283294,0.9603127782017774
2040-08-05 09:00:00+00:00,0.999965767285982,0.9602119196980191
2040-08-05 10:00:00+00:00,0.9999650280496846,0.9601110221866938
2040-08-05 11:00:00+00:00,0.9999646040686456,0.9600100999757889
2040-08-05 12:00:00+00:00,0.9999644716712043,0.9599091514707854
2040-08-05 13:00:00+00:00,0.9999662753045282,0.9598081951301936
2040-08-05 14:00:00+00:00,0.9999923399170487,0.9597072540069567
2040-08-05 15:00:00+00:00,0.9999996492912233,0.9596062611591543
2040-08-05 16:00:00+00:00,0.9925096862738755,0.959505179765708
2040-08-05 17:00:00+00:00,0.9887306395331152,0.9594040778898099
2040-08-05 18:00:00+00:00,0.7633737582839726,0.9593029462313284
2040-08-05 19:00:00+00:00,0.4988699751455675,0.9592017652819512
2040-08-05 20:00:00+00:00,0.23436765854020145,0.9591005525843417
2040-08-05 21:00:00+00:00,0.05048329474174356,0.9589993091298695
2040-08-05 22:00:00+00:00,0.04727753009866302,0.9588980328346103
2040-08-05 23:00:00+00:00,0.04401821126088663,0.9587967225706386
2040-08-06 00:00:00+00:00,0.040530409920088835,0.9586953793811827
2040-08-06 01:00:00+00:00,0.036601964180258385,0.9585939982190297
2040-08-06 02:00:00+00:00,0.032201087421648955,0.9584925897237941
2040-08-06 03:00:00+00:00,0.0272694033094858,0.9583911549679669
2040-08-06 04:00:00+00:00,0.021348803281640315,0.9582897042845664
2040-08-06 05:00:00+00:00,0.013377006048650008,0.9581882738449347
2040-08-06 06:00:00+00:00,0.0001314111188922874,0.9580869433242881
2040-08-06 07:00:00+00:00,0.00012583128202435905,0.9579858760411064
2040-08-06 08:00:00+00:00,0.00012467512416086451,0.9578850395001389
2040-08-06 09:00:00+00:00,0.0001234899633792768,0.9577843271715358
2040-08-06 10:00:00+00:00,0.00012226035769262252,0.9576836871414339
2040-08-06 11:00:00+00:00,0.00012195698957567884,0.957583077373246
2040-08-06 12:00:00+00:00,0.00013180526687268162,0.9574824792334098
2040-08-06 13:00:00+00:00,0.00013173296156219276,0.9573818851130655
2040-08-06 14:00:00+00:00,0.00013032488018385917,0.9572813849015502
2040-08-06 15:00:00+00:00,0.00012887072202065285,0.9571809371247544
2040-08-06 16:00:00+00:00,0.00012735878657539078,0.9570804905422683
2040-08-06 17:00:00+00:00,0.00012577458813811814,0.956980072076124
2040-08-06 18:00:00+00:00,0.00012129073634987167,0.9568796535400796
2040-08-06 19:00:00+00:00,0.00011657031798928629,0.9567792306133357
2040-08-06 20:00:00+00:00,0.00011157176974794126,0.956678794210896
2040-08-06 21:00:00+00:00,0.0001062510745516428,0.9565783444646847
2040-08-06 22:00:00+00:00,0.00010055740808676212,0.9564778795416851
2040-08-06 23:00:00+00:00,9.442182651968358e-05,0.9563774009111805
2040-08-07 00:00:00+00:00,8.775039495596297e-05,0.9562769075180548
2040-08-07 01:00:00+00:00,8.039705049450156e-05,0.9561763990376706
2040-08-07 02:00:00+00:00,7.213656054220518e-05,0.9560758753005322
2040-08-07 03:00:00+00:00,6.25744668950638e-05,0.9559753365021466
2040-08-07 04:00:00+00:00,5.090224456620926e-05,0.9558747825544031
2040-08-07 05:00:00+00:00,3.485866484750348e-05,0.9557742134703592
2040-08-07 06:00:00+00:00,6.718830377239244e-07,0.9556736292276802
2040-08-07 07:00:00+00:00,6.841460237234713e-07,0.9555730476417788
2040-08-07 08:00:00+00:00,0.003386302567141884,0.9555959320604419
2040-08-07 09:00:00+00:00,0.06794335661661093,0.955619288770897
2040-08-07 10:00:00+00:00,0.0985037803778301,0.955642641718786
2040-08-07 11:00:00+00:00,0.10018251253725537,0.9556655091466334
2040-08-07 12:00:00+00:00,0.12029186537826206,0.9556888460758332
2040-08-07 13:00:00+00:00,0.31867052306037236,0.9557185476653332
2040-08-07 14:00:00+00:00,0.33707715813825295,0.9557418615837511
2040-08-07 15:00:00+00:00,0.3387310421237876,0.9557646818646244
2040-08-07 16:00:00+00:00,0.33873822662151293,0.9556645057621961
2040-08-07 17:00:00+00:00,0.338745615583897,0.9555643206661864
2040-08-07 18:00:00+00:00,0.15932421912821904,0.9554636363255772
2040-08-07 19:00:00+00:00,5.865392880492454e-05,0.9553629372665673
2040-08-07 20:00:00+00:00,1.70091747977163e-05,0.9552622269317089
2040-08-07 21:00:00+00:00,2.0403050127658353e-05,0.9551619798793991
2040-08-07 22:00:00+00:00,2.2476166031212612e-05,0.9550617209662673
2040-08-07 23:00:00+00:00,2.363109954735925e-05,0.9549614469092043
2040-08-08 00:00:00+00:00,2.400464292394192e-05,0.9548611527687949
2040-08-08 01:00:00+00:00,2.3672582980813394e-05,0.9547608428461263
2040-08-08 02:00:00+00:00,2.2596484583345264e-05,0.9546605172546629
2040-08-08 03:00:00+00:00,2.0609289491845357e-05,0.9545601762695093
2040-08-08 04:00:00+00:00,1.729885643700715e-05,0.9544598195860236
2040-08-08 05:00:00+00:00,1.1320840364531184e-05,0.9543594462009252
2040-08-08 06:00:00+00:00,8.143020233163405e-07,0.9542599106526243
2040-08-08 07:00:00+00:00,0.00425878316366049,0.9542894501395487
2040-08-08 08:00:00+00:00,0.0064762001557848135,0.954318975552725
2040-08-08 09:00:00+00:00,0.015466255824539784,0.9543484884971036
2040-08-08 10:00:00+00:00,0.20080257352446657,0.9543779856224451
2040-08-08 11:00:00+00:00,0.3991807306312453,0.9544074757209116
2040-08-08 12:00:00+00:00,0.5975587194549062,0.954436952406613
2040-08-08 13:00:00+00:00,0.795936838542829,0.9544664181624847
2040-08-08 14:00:00+00:00,0.9870134793809406,0.9544958642773682
2040-08-08 15:00:00+00:00,0.9966845582104785,0.9545252997270631
2040-08-08 16:00:00+00:00,0.9999991739415753,0.9545547570580082
2040-08-08 17:00:00+00:00,0.9999730186292729,0.9544831777753693
2040-08-08 18:00:00+00:00,0.9524319927706413,0.9543827039215841
2040-08-08 19:00:00+00:00,0.9173724566533382,0.9542822225011057
2040-08-08 20:00:00+00:00,0.8368554598976323,0.9541817272138828
2040-08-08 21:00:00+00:00,0.8087859631792215,0.9540812173943876
2040-08-08 22:00:00+00:00,0.7882699916009462,0.9539806917219535
2040-08-08 23:00:00+00:00,0.7699821560003348,0.9538801503189029
2040-08-09 00:00:00+00:00,0.753327111628529,0.9537795942376963
2040-08-09 01:00:00+00:00,0.7376725939731732,0.9536790223653193
2040-08-09 02:00:00+00:00,0.7218089050999349,0.9535784300251176
2040-08-09 03:00:00+00:00,0.7123746614161426,0.9534777807322639
2040-08-09 04:00:00+00:00,0.7078714906356945,0.9533770396563296
2040-08-09 05:00:00+00:00,0.6946736845786807,0.9532761891986222
2040-08-09 06:00:00+00:00,0.6796932719177337,0.95317521834322
2040-08-09 07:00:00+00:00,0.41806618498064535,0.9530742305137676
2040-08-09 08:00:00+00:00,0.4048467758923742,0.9529732266555827
2040-08-09 09:00:00+00:00,0.40483670652468695,0.9529952889010386
2040-08-09 10:00:00+00:00,0.40482656095177233,0.9530173623787093
2040-08-09 11:00:00+00:00,0.40481842145811375,0.9530441440908628
2040-08-09 12:00:00+00:00,0.6031989987622226,0.9530730679971458
2040-08-09 13:00:00+00:00,0.8015796725507677,0.9531019849629286
2040-08-09 14:00:00+00:00,0.9999603128468268,0.9531308937410842
2040-08-09 15:00:00+00:00,0.9999531620392428,0.9531533944397074
2040-08-09 16:00:00+00:00,0.9999336336217417,0.9530523308342829
2040-08-09 17:00:00+00:00,0.9534571365236189,0.9529510037384772
2040-08-09 18:00:00+00:00,0.8103831651750972,0.9528496639236147
2040-08-09 19:00:00+00:00,0.576031250651594,0.9527483107738535
2040-08-09 20:00:00+00:00,0.443374102791765,0.9526469438066334
2040-08-09 21:00:00+00:00,0.400174070533677,0.9525455628678209
2040-08-09 22:00:00+00:00,0.37344748959886925,0.9524441679605238
2040-08-09 23:00:00+00:00,0.34417445751567194,0.9523427589090541
2040-08-10 00:00:00+00:00,0.30717843747040735,0.952241335692292
2040-08-10 01:00:00+00:00,0.264780879799573,0.9521398986792322
2040-08-10 02:00:00+00:00,0.2184096214133209,0.9520384480657509
2040-08-10 03:00:00+00:00,0.16632896448030554,0.9519369839418339
2040-08-10 04:00:00+00:00,0.10141415354647909,0.951835506052631
2040-08-10 05:00:00+00:00,9.506954357950012e-05,0.9517340141687697
2040-08-10 06:00:00+00:00,3.9235280990244716e-05,0.9516325810072734
2040-08-10 07:00:00+00:00,5.193172112554012e-07,0.9515313084284255
2040-08-10 08:00:00+00:00,0.014146218752238341,0.951559977021686
2040-08-10 09:00:00+00:00,0.20824147765859288,0.951588631507448
2040-08-10 10:00:00+00:00,0.40011122649727154,0.9516172719441286
2040-08-10 11:00:00+00:00,0.5861947109810169,0.9516458990938242
2040-08-10 12:00:00+00:00,0.7845719943890519,0.9516745169384192
2040-08-10 13:00:00+00:00,0.9829492661953568,0.9517031238286888
2040-08-10 14:00:00+00:00,0.9994913552871281,0.9517317141539875
2040-08-10 15:00:00+00:00,0.9999361046888103,0.9517602927131948
2040-08-10 16:00:00+00:00,0.999999506755109,0.9517888581886095
2040-08-10 17:00:00+00:00,0.9999676795583118,0.9516874586867703
2040-08-10 18:00:00+00:00,0.9463777230084663,0.9515858003641267
2040-08-10 19:00:00+00:00,0.9141241491944679,0.9514841306397922
2040-08-10 20:00:00+00:00,0.8889912452992065,0.9513824487738533
2040-08-10 21:00:00+00:00,0.8673215826835968,0.9512807551820471
2040-08-10 22:00:00+00:00,0.8501384735443932,0.9511790489670942
2040-08-10 23:00:00+00:00,0.8342046382404471,0.9510773302955757
2040-08-11 00:00:00+00:00,0.8191834725891155,0.9509755990143695
2040-08-11 01:00:00+00:00,0.8044233706293159,0.9508738556078961
2040-08-11 02:00:00+00:00,0.7867098023837721,0.9507720996740583
2040-08-11 03:00:00+00:00,0.6895181475057702,0.9506703304343217
2040-08-11 04:00:00+00:00,0.43116725290248953,0.9505685477254394
2040-08-11 05:00:00+00:00,0.16943408903337537,0.9504667518452943
2040-08-11 06:00:00+00:00,0.1549323061366883,0.950364944252715
2040-08-11 07:00:00+00:00,0.14124700572958981,0.9502631253798259
2040-08-11 08:00:00+00:00,0.14123230052730648,0.9501615474439092
2040-08-11 09:00:00+00:00,0.1412224881830761,0.9500602352967173
2040-08-11 10:00:00+00:00,0.14121262524972708,0.9499589101049094
2040-08-11 11:00:00+00:00,0.14120284649565804,0.9498575816226569
2040-08-11 12:00:00+00:00,0.2878659717269298,0.9498858319401138
2040-08-11 13:00:00+00:00,0.48328131093104437,0.9499140704367255
2040-08-11 14:00:00+00:00,0.6608118140268975,0.9499423020278789
2040-08-11 15:00:00+00:00,0.6608148308197406,0.9499704702359248
2040-08-11 16:00:00+00:00,0.6608049623934522,0.9498691021713404
2040-08-11 17:00:00+00:00,0.6429848537790971,0.9497672029109651
2040-08-11 18:00:00+00:00,0.45914472382971483,0.9496652848107809
2040-08-11 19:00:00+00:00,0.3743672707569513,0.9495633523777157
2040-08-11 20:00:00+00:00,0.3254482733828209,0.9494614075345841
2040-08-11 21:00:00+00:00,0.303872380415993,0.9493594501483483
2040-08-11 22:00:00+00:00,0.2814140576887467,0.9492574811069315
2040-08-11 23:00:00+00:00,0.25935814831146287,0.9491554990925772
2040-08-12 00:00:00+00:00,0.2364735730720748,0.9490535040679297
2040-08-12 01:00:00+00:00,0.21172665232655014,0.9489514967789168
2040-08-12 02:00:00+00:00,0.18448721707470606,0.9488494759482298
2040-08-12 03:00:00+00:00,0.15336267353812288,0.9487474418495827
2040-08-12 04:00:00+00:00,0.11635243239634252,0.9486453953833379
2040-08-12 05:00:00+00:00,0.06539283775457405,0.9485433351891513
2040-08-12 06:00:00+00:00,4.006386391673189e-05,0.9484412586595217
2040-08-12 07:00:00+00:00,1.3422331385507e-05,0.9483394222616501
2040-08-12 08:00:00+00:00,7.046861982745214e-07,0.9483659823777281
2040-08-12 09:00:00+00:00,0.19677255664763696,0.9483940747285362
2040-08-12 10:00:00+00:00,0.3951396980818396,0.9484221573937055
2040-08-12 11:00:00+00:00,0.5935130974993559,0.9484502315822169
2040-08-12 12:00:00+00:00,0.7918865226541248,0.948478296195826
2040-08-12 13:00:00+00:00,0.9902547151000329,0.9485063521796429
2040-08-12 14:00:00+00:00,0.999999419073569,0.9485343963296071
2040-08-12 15:00:00+00:00,0.9999968392291457,0.9484327522996719
2040-08-12 16:00:00+00:00,0.9999996688456552,0.9483308230844317
2040-08-12 17:00:00+00:00,0.9999952179935995,0.9482283532587158
2040-08-12 18:00:00+00:00,0.9440100908456848,0.9481258691557514
2040-08-12 19:00:00+00:00,0.9114408433821456,0.9480233720802166
2040-08-12 20:00:00+00:00,0.8906256938786367,0.9479208622300072
2040-08-12 21:00:00+00:00,0.6961094230049338,0.9478183399490745
2040-08-12 22:00:00+00:00,0.6781873283673463,0.947715805283402
2040-08-12 23:00:00+00:00,0.6603537932897137,0.9476132557407826
2040-08-13 00:00:00+00:00,0.6432918807668817,0.947510693990603
2040-08-13 01:00:00+00:00,0.626662949114023,0.9474081205749276
2040-08-13 02:00:00+00:00,0.6097813652902333,0.9473055348220636
2040-08-13 03:00:00+00:00,0.5865780866374758,0.9472029352541126
2040-08-13 04:00:00+00:00,0.3246860077062296,0.9471003131359628
2040-08-13 05:00:00+00:00,0.06130181801891423,0.9469976349293954
2040-08-13 06:00:00+00:00,1.402942876530214e-06,0.9468948173022437
2040-08-13 07:00:00+00:00,4.629227892546808e-07,0.9467917047677572
2040-08-13 08:00:00+00:00,0.003748745638891402,0.9466888593057262
2040-08-13 09:00:00+00:00,0.04616792114481421,0.946585864651747
2040-08-13 10:00:00+00:00,0.16541746383069098,0.946482765823664
2040-08-13 11:00:00+00:00,0.31852809234709484,0.9463796135323895
2040-08-13 12:00:00+00:00,0.4681233212846376,0.9462764281285116
2040-08-13 13:00:00+00:00,0.5156665394524098,0.9461732143394791
2040-08-13 14:00:00+00:00,0.5175186744852226,0.9460698756158282
2040-08-13 15:00:00+00:00,0.5175271429483383,0.9459661783189316
2040-08-13 16:00:00+00:00,0.5175408348297557,0.9458625068461368
2040-08-13 17:00:00+00:00,0.5175481680871363,0.9457587114693335
2040-08-13 18:00:00+00:00,0.5175554655267074,0.945654888466565
2040-08-13 19:00:00+00:00,0.2530483470147368,0.9455508123114691
2040-08-13 20:00:00+00:00,1.5673612275672986e-05,0.9454467512880308
2040-08-13 21:00:00+00:00,1.95413268004625e-05,0.9453428726803262
2040-08-13 22:00:00+00:00,2.1934566461389257e-05,0.9452389799234003
2040-08-13 23:00:00+00:00,2.337561145461391e-05,0.9451350714119808
2040-08-14 00:00:00+00:00,2.4066999911765684e-05,0.9450311476529835
2040-08-14 01:00:00+00:00,2.432008822034042e-05,0.9449272291387862
2040-08-14 02:00:00+00:00,2.3916868189497317e-05,0.9448232977886118
2040-08-14 03:00:00+00:00,2.429136059345841e-05,0.9447196340272999
2040-08-14 04:00:00+00:00,2.3968383993372955e-05,0.9446159556193641
2040-08-14 05:00:00+00:00,2.290535108520283e-05,0.9445122640186555
2040-08-14 06:00:00+00:00,1.7778866238971973e-05,0.944408260865576
2040-08-14 07:00:00+00:00,7.743964550918891e-06,0.9443042432662818
2040-08-14 08:00:00+00:00,1.440762050604285e-06,0.9443235175280107
2040-08-14 09:00:00+00:00,0.07918948812238392,0.9443497009227689
2040-08-14 10:00:00+00:00,0.008101229977544274,0.9443758382445188
2040-08-14 11:00:00+00:00,0.20648072098161008,0.9444020051169798
2040-08-14 12:00:00+00:00,0.4048606354128393,0.9444281554024025
2040-08-14 13:00:00+00:00,0.6032401776315289,0.9444542903937849
2040-08-14 14:00:00+00:00,0.8016201819282129,0.9444804127443776
2040-08-14 15:00:00+00:00,0.9999983613768714,0.9445065113515759
2040-08-14 16:00:00+00:00,0.9999758363647332,0.9445256724851933
2040-08-14 17:00:00+00:00,0.9644286881794276,0.9444218007410738
2040-08-14 18:00:00+00:00,0.8225911660916194,0.9443179234047681
2040-08-14 19:00:00+00:00,0.6595913034821675,0.9442140346540795
2040-08-14 20:00:00+00:00,0.5423556146657936,0.9441101336210816
2040-08-14 21:00:00+00:00,0.4979231042877879,0.9440062200201137
2040-08-14 22:00:00+00:00,0.4589012319745951,0.9439022936439597
2040-08-14 23:00:00+00:00,0.4205659884941046,0.9437983540736474
2040-08-15 00:00:00+00:00,0.38268041897436694,0.9436944013663151
2040-08-15 01:00:00+00:00,0.35114455457675764,0.943590435726558
2040-08-15 02:00:00+00:00,0.313584706949331,0.9434864580736746
2040-08-15 03:00:00+00:00,0.27141425674358055,0.9433824679599017
2040-08-15 04:00:00+00:00,0.2220454440484932,0.9432784635484328
2040-08-15 05:00:00+00:00,0.16046134309580198,0.9431744459703094
2040-08-15 06:00:00+00:00,0.0433367615083935,0.9430704121589136
2040-08-15 07:00:00+00:00,0.007995004656042708,0.9429663601526876
2040-08-15 08:00:00+00:00,0.007985027010410727,0.9429857828099192
2040-08-15 09:00:00+00:00,0.20636596089579662,0.9430116549736466
2040-08-15 10:00:00+00:00,0.4047468772302744,0.9430375149354365
2040-08-15 11:00:00+00:00,0.6031277977752498,0.9430633597069878
2040-08-15 12:00:00+00:00,0.8015087311740227,0.9430891888620526
2040-08-15 13:00:00+00:00,0.9998893578536531,0.9431149979836699
2040-08-15 14:00:00+00:00,0.9998808776210311,0.94313383300305
2040-08-15 15:00:00+00:00,0.9998344250866875,0.9430296587565011
2040-08-15 16:00:00+00:00,0.9997995583377115,0.9429254362898578
2040-08-15 17:00:00+00:00,0.9997712359917121,0.942821182966407
2040-08-15 18:00:00+00:00,0.7571382431428877,0.9427167123255108
2040-08-15 19:00:00+00:00,0.5186750660029641,0.9426122230928269
2040-08-15 20:00:00+00:00,0.2829777722603593,0.9425077207966466
2040-08-15 21:00:00+00:00,0.051317152583811844,0.9424032061045207
2040-08-15 22:00:00+00:00,0.048364601143848246,0.9422986817619009
2040-08-15 23:00:00+00:00,0.0451564782220334,0.9421941480389661
2040-08-16 00:00:00+00:00,0.04166110942695537,0.9420896052826636
2040-08-16 01:00:00+00:00,0.03790976183496532,0.9419850547760602
2040-08-16 02:00:00+00:00,0.03370952850222875,0.9418804936402594
2040-08-16 03:00:00+00:00,0.028840724243802046,0.9417759204219877
2040-08-16 04:00:00+00:00,0.02284046706569919,0.9416713346318046
2040-08-16 05:00:00+00:00,0.014186856797908457,0.9415667361177947
2040-08-16 06:00:00+00:00,5.485129587409263e-05,0.9414621220459305
2040-08-16 07:00:00+00:00,5.599485791770337e-07,0.9413576745236789
2040-08-16 08:00:00+00:00,2.051161043749293e-05,0.9413831607018878
2040-08-16 09:00:00+00:00,4.2449346661029634e-05,0.9414086264794501
2040-08-16 10:00:00+00:00,3.669029527027619e-05,0.9414340703778156
2040-08-16 11:00:00+00:00,0.19841153320107205,0.9414594959066955
2040-08-16 12:00:00+00:00,0.39678637325619315,0.9414848991513156
2040-08-16 13:00:00+00:00,0.5951611922738653,0.9415102843757748
2040-08-16 14:00:00+00:00,0.7935360914565669,0.9415356492074507
2040-08-16 15:00:00+00:00,0.7935876685097416,0.9415609980540309
2040-08-16 16:00:00+00:00,0.7935136246131775,0.9415863310558557
2040-08-16 17:00:00+00:00,0.7933916581932513,0.9416116502674937
2040-08-16 18:00:00+00:00,0.7774261570474473,0.9416369566234621
2040-08-16 19:00:00+00:00,0.7623379458659532,0.9416622502718408
2040-08-16 20:00:00+00:00,0.7479218884302432,0.9416875312850915
2040-08-16 21:00:00+00:00,0.7339731028853836,0.9417127999624746
2040-08-16 22:00:00+00:00,0.7211046645406252,0.941738056480234
2040-08-16 23:00:00+00:00,0.7084256354328072,0.9417633018053795
2040-08-17 00:00:00+00:00,0.6987265033718821,0.9417885372422088
2040-08-17 01:00:00+00:00,0.6926032236380728,0.9418137600979971
2040-08-17 02:00:00+00:00,0.6870725675340001,0.9418389698904932
2040-08-17 03:00:00+00:00,0.6761771514600388,0.9418641664094122
2040-08-17 04:00:00+00:00,0.6657861339678527,0.941889351674483
2040-08-17 05:00:00+00:00,0.6640049108886309,0.94191452889444
2040-08-17 06:00:00+00:00,0.6639298735036945,0.9419397066397154
2040-08-17 07:00:00+00:00,0.6638555300221307,0.9419648897149754
2040-08-17 08:00:00+00:00,0.6544752938474311,0.9419900699724927
2040-08-17 09:00:00+00:00,0.64526878219007,0.942015250345671
2040-08-17 10:00:00+00:00,0.6341060754380361,0.9420404266764527
2040-08-17 11:00:00+00:00,0.634031211880022,0.9420656126630792
2040-08-17 12:00:00+00:00,0.8324044525227161,0.9420908307759256
2040-08-17 13:00:00+00:00,0.9777821005407897,0.9421160746243051
2040-08-17 14:00:00+00:00,0.9999760974389074,0.9421413335902012
2040-08-17 15:00:00+00:00,0.9999835247789342,0.9421666042835155
2040-08-17 16:00:00+00:00,0.9999994644972133,0.9421918733930708
2040-08-17 17:00:00+00:00,0.999910954016778,0.9421180994688315
2040-08-17 18:00:00+00:00,0.9620515628913378,0.9420146455897034
2040-08-17 19:00:00+00:00,0.9364529384073778,0.9419111867040274
2040-08-17 20:00:00+00:00,0.8982659467979365,0.9418077192804681
2040-08-17 21:00:00+00:00,0.8822363704243318,0.9417042559269261
2040-08-17 22:00:00+00:00,0.8663077411406653,0.9416008026151252
2040-08-17 23:00:00+00:00,0.8531523518683801,0.9414973771482054
2040-08-18 00:00:00+00:00,0.8396308736326878,0.9413940261886288
2040-08-18 01:00:00+00:00,0.8236448335381805,0.9412907731932298
2040-08-18 02:00:00+00:00,0.8017424065241248,0.9411875655612221
2040-08-18 03:00:00+00:00,0.5402326920373642,0.9410843384888886
2040-08-18 04:00:00+00:00,0.275753241515675,0.9409800484088383
2040-08-18 05:00:00+00:00,0.01838588197680871,0.9408768086763617
2040-08-18 06:00:00+00:00,8.633556404385937e-07,0.9407735666284005
2040-08-18 07:00:00+00:00,0.0035650394767171648,0.9407990129063143
2040-08-18 08:00:00+00:00,0.031810316202248924,0.9408244454305189
2040-08-18 09:00:00+00:00,0.1629519922681334,0.9408498667708327
2040-08-18 10:00:00+00:00,0.1803730241261859,0.9408752802293644
2040-08-18 11:00:00+00:00,0.34471993413131113,0.9409006906145453
2040-08-18 12:00:00+00:00,0.5430647543609646,0.9409260939028914
2040-08-18 13:00:00+00:00,0.74144317915542,0.9409515375066068
2040-08-18 14:00:00+00:00,0.9398014005923,0.9409769914898052
2040-08-18 15:00:00+00:00,0.9964713450691368,0.9410024277072273
2040-08-18 16:00:00+00:00,0.9999993809088292,0.9410278341952683
2040-08-18 17:00:00+00:00,0.9999994219369867,0.9409232818058019
2040-08-18 18:00:00+00:00,0.932245588173311,0.9408181908800278
2040-08-18 19:00:00+00:00,0.8930372780712105,0.9407130883969091
2040-08-18 20:00:00+00:00,0.8610601005961876,0.9406079737470224
2040-08-18 21:00:00+00:00,0.8389508894402202,0.9405028463777002
2040-08-18 22:00:00+00:00,0.8163356513789825,0.9403977064203568
2040-08-18 23:00:00+00:00,0.797171746195497,0.9402925549334841
2040-08-19 00:00:00+00:00,0.7792360401116121,0.9401873926010113
2040-08-19 01:00:00+00:00,0.7617655858179246,0.9400822186954845
2040-08-19 02:00:00+00:00,0.7447838515186435,0.9399770333724093
2040-08-19 03:00:00+00:00,0.7298690532959119,0.939871837303597
2040-08-19 04:00:00+00:00,0.5385122637160522,0.9397666294561354
2040-08-19 05:00:00+00:00,0.27400479537168987,0.9396614052408788
2040-08-19 06:00:00+00:00,0.012238152127448216,0.9395561755831834
2040-08-19 07:00:00+00:00,8.918740609020337e-06,0.9394509314689836
2040-08-19 08:00:00+00:00,0.001690434369204782,0.9393456976429052
2040-08-19 09:00:00+00:00,0.17599294075736027,0.9392404487509508
2040-08-19 10:00:00+00:00,0.3743736126869824,0.9391356894656985
2040-08-19 11:00:00+00:00,0.5727542664267508,0.9390309089375609
2040-08-19 12:00:00+00:00,0.7711346908281879,0.9389258299491654
2040-08-19 13:00:00+00:00,0.9444723535855118,0.9388205178459812
2040-08-19 14:00:00+00:00,0.9851846060357838,0.9387151910528692
2040-08-19 15:00:00+00:00,0.9988381065409628,0.938609851037406
2040-08-19 16:00:00+00:00,0.9999823383291379,0.9385044982613684
2040-08-19 17:00:00+00:00,0.9942856010277841,0.9383991067675408
2040-08-19 18:00:00+00:00,0.7297773628027303,0.9382936946575108
2040-08-19 19:00:00+00:00,0.46526912352134303,0.938188271093828
2040-08-19 20:00:00+00:00,0.22711599620570389,0.9380828452455072
2040-08-19 21:00:00+00:00,0.1200388710434566,0.937977407084725
2040-08-19 22:00:00+00:00,0.04514065228512591,0.9378719573466896
2040-08-19 23:00:00+00:00,0.042046492262522175,0.9377664952911924
2040-08-20 00:00:00+00:00,0.03871693154275286,0.9376610216645257
2040-08-20 01:00:00+00:00,0.035077763525910646,0.9375555353737647
2040-08-20 02:00:00+00:00,0.031061643789821642,0.9374500367299599
2040-08-20 03:00:00+00:00,0.026490306835219198,0.937344525694598
2040-08-20 04:00:00+00:00,0.020970861499186217,0.9372390023388932
2040-08-20 05:00:00+00:00,0.013477362701224177,0.9371334674476423
2040-08-20 06:00:00+00:00,8.70887016752855e-07,0.9370279211213618
2040-08-20 07:00:00+00:00,1.993566319737523e-05,0.936922609692664
2040-08-20 08:00:00+00:00,0.005605907407975736,0.9368175624235456
2040-08-20 09:00:00+00:00,0.07410900082008685,0.9367125007840629
2040-08-20 10:00:00+00:00,0.2724901767514249,0.9367373722111552
2040-08-20 11:00:00+00:00,0.47087139376821985,0.9367622222404522
2040-08-20 12:00:00+00:00,0.6692526079321358,0.9367870547589603
2040-08-20 13:00:00+00:00,0.8676312609569595,0.9368117083215648
2040-08-20 14:00:00+00:00,0.9999617263027176,0.9367065569199293
2040-08-20 15:00:00+00:00,0.9999731202494294,0.9366011129436227
2040-08-20 16:00:00+00:00,0.9999998261800519,0.9364956639141295
2040-08-20 17:00:00+00:00,0.9274275084227568,0.9363899298965329
2040-08-20 18:00:00+00:00,0.8039279674164569,0.9362841828897608
2040-08-20 19:00:00+00:00,0.6430053828627713,0.9361784225812699
2040-08-20 20:00:00+00:00,0.5868454049643235,0.9360726504053789
2040-08-20 21:00:00+00:00,0.5410770382741513,0.9359668663917611
2040-08-20 22:00:00+00:00,0.4948850824817802,0.9358610705427017
2040-08-20 23:00:00+00:00,0.45227404520571085,0.9357552627438113
2040-08-21 00:00:00+00:00,0.41161810203446686,0.9356494429874331
2040-08-21 01:00:00+00:00,0.36637685419934746,0.9355436099848286
2040-08-21 02:00:00+00:00,0.3207605617761941,0.9354377639869224
2040-08-21 03:00:00+00:00,0.2672173286720953,0.9353319056058841
2040-08-21 04:00:00+00:00,0.19847338154370722,0.9352260350797668
2040-08-21 05:00:00+00:00,0.09265612414098202,0.9351201522071751
2040-08-21 06:00:00+00:00,5.369745626641761e-06,0.9350142570930873
2040-08-21 07:00:00+00:00,4.842276524902012e-06,0.934908352075041
2040-08-21 08:00:00+00:00,3.7296362038401216e-06,0.9348024347771329
2040-08-21 09:00:00+00:00,0.15465481154401964,0.9346965110444728
2040-08-21 10:00:00+00:00,0.35303629338797077,0.9345908354102194
2040-08-21 11:00:00+00:00,0.5514176997921395,0.9344851524068514
2040-08-21 12:00:00+00:00,0.5514148626847862,0.9343792014819309
2040-08-21 13:00:00+00:00,0.5514120042532529,0.934273240761058
2040-08-21 14:00:00+00:00,0.5514091535370051,0.9341672680587726
2040-08-21 15:00:00+00:00,0.533071518388949,0.934061282134356
2040-08-21 16:00:00+00:00,0.5108639874153856,0.9339552837223306
2040-08-21 17:00:00+00:00,0.4863472784875537,0.9338492732376528
2040-08-21 18:00:00+00:00,0.45257969332623577,0.9337432515974046
2040-08-21 19:00:00+00:00,0.3821777088611421,0.933637217683393
2040-08-21 20:00:00+00:00,0.35972856569838585,0.933531172416742
2040-08-21 21:00:00+00:00,0.33688803746590323,0.9334251156231572
2040-08-21 22:00:00+00:00,0.312014190142016,0.9333190472043733
2040-08-21 23:00:00+00:00,0.28638997428391355,0.9332129668731249
2040-08-22 00:00:00+00:00,0.2597990669710389,0.9331068743920526
2040-08-22 01:00:00+00:00,0.23308660691089086,0.9330007693264718
2040-08-22 02:00:00+00:00,0.20440908967747418,0.9328946511807855
2040-08-22 03:00:00+00:00,0.17320482075330065,0.9327885199707686
2040-08-22 04:00:00+00:00,0.13742204791045806,0.9326823768824142
2040-08-22 05:00:00+00:00,0.025454558637652235,0.9325762207513522
2040-08-22 06:00:00+00:00,2.369951020849626e-07,0.9324700519353669
2040-08-22 07:00:00+00:00,1.718141698647315e-05,0.9323640773603201
2040-08-22 08:00:00+00:00,2.6443543727413172e-05,0.9322581098786045
2040-08-22 09:00:00+00:00,0.004116910478894798,0.9321524406751842
2040-08-22 10:00:00+00:00,0.20248658766848845,0.9320512215690112
2040-08-22 11:00:00+00:00,0.4008590192625308,0.9320722736940715
2040-08-22 12:00:00+00:00,0.599237894482867,0.9320963815787187
2040-08-22 13:00:00+00:00,0.7976134241333946,0.9321199299144309
2040-08-22 14:00:00+00:00,0.9959672653997795,0.9320144677055523
2040-08-22 15:00:00+00:00,0.9999692328176966,0.9319087245406815
2040-08-22 16:00:00+00:00,0.9999777516520105,0.9318026578890343
2040-08-22 17:00:00+00:00,0.9999739067097088,0.9316964148516742
2040-08-22 18:00:00+00:00,0.9999711453010252,0.9315901612389648
2040-08-22 19:00:00+00:00,0.9999690649946741,0.9314838957660214
2040-08-22 20:00:00+00:00,0.9999674960308051,0.9313776183727956
2040-08-22 21:00:00+00:00,0.9999666737969225,0.9312713314406893
2040-08-22 22:00:00+00:00,0.9999661998773776,0.9311650314085699
2040-08-22 23:00:00+00:00,0.9999660224319863,0.9310587170917136
2040-08-23 00:00:00+00:00,0.9999673221776458,0.9309523978803529
2040-08-23 01:00:00+00:00,0.9999690585346077,0.9308460622531803
2040-08-23 02:00:00+00:00,0.9999713418410593,0.9307397132352743
2040-08-23 03:00:00+00:00,0.9999743470277633,0.9306333528914943
2040-08-23 04:00:00+00:00,0.9999784009126743,0.9305269817656289
2040-08-23 05:00:00+00:00,0.9999843586530395,0.9304206001598482
2040-08-23 06:00:00+00:00,0.9430221548009973,0.9303141628639738
2040-08-23 07:00:00+00:00,0.9172434701143078,0.9302077341760888
2040-08-23 08:00:00+00:00,0.8931212829095398,0.9301013427245025
2040-08-23 09:00:00+00:00,0.8741768673038716,0.9299950243167627
2040-08-23 10:00:00+00:00,0.856111356815754,0.9298887917019003
2040-08-23 11:00:00+00:00,0.8397797431796835,0.9297826200707224
2040-08-23 12:00:00+00:00,0.8250977618764607,0.9296764845073161
2040-08-23 13:00:00+00:00,0.8118980188013771,0.9295703714481569
2040-08-23 14:00:00+00:00,0.7989348449555589,0.9294642996746247
2040-08-23 15:00:00+00:00,0.7861084529090185,0.9293582929248129
2040-08-23 16:00:00+00:00,0.786102131518187,0.9292524005227473
2040-08-23 17:00:00+00:00,0.7744916794616971,0.9291466104416665
2040-08-23 18:00:00+00:00,0.5133478123368669,0.9290408750403409
2040-08-23 19:00:00+00:00,0.2520644845138218,0.928935150881485
2040-08-23 20:00:00+00:00,0.24008652296992947,0.9288294174047721
2040-08-23 21:00:00+00:00,0.1645101803557638,0.9287236722367521
2040-08-23 22:00:00+00:00,0.15163365067137796,0.9286179152463616
2040-08-23 23:00:00+00:00,0.1368337700079933,0.9285121455049355
2040-08-24 00:00:00+00:00,0.1211915931065734,0.9284063616188033
2040-08-24 01:00:00+00:00,0.10380399802201332,0.928300566197371
2040-08-24 02:00:00+00:00,0.08396369271152683,0.9281947590869419
2040-08-24 03:00:00+00:00,0.06013285276091373,0.92808894079861
2040-08-24 04:00:00+00:00,0.03132915016701166,0.9279831096213335
2040-08-24 05:00:00+00:00,6.153946515933556e-05,0.9278772618424077
2040-08-24 06:00:00+00:00,6.125305240033425e-05,0.9277714061626815
2040-08-24 07:00:00+00:00,6.356900221102473e-05,0.927665537942824
2040-08-24 08:00:00+00:00,0.00016361738685193757,0.9275596757078494
2040-08-24 09:00:00+00:00,0.0002240505986781057,0.9274537913608928
2040-08-24 10:00:00+00:00,0.00027104651050620826,0.9273478899214974
2040-08-24 11:00:00+00:00,0.00027289376986982747,0.9272419338808123
2040-08-24 12:00:00+00:00,0.00027471455246924105,0.9271359284301337
2040-08-24 13:00:00+00:00,0.0003068462491409145,0.9270298992733922
2040-08-24 14:00:00+00:00,0.0003085429775109782,0.9269238063559398
2040-08-24 15:00:00+00:00,0.00031017031962217104,0.9268176776260547
2040-08-24 16:00:00+00:00,0.0003117226416737479,0.9267115362557474
2040-08-24 17:00:00+00:00,0.00030766427505919886,0.9266053705973729
2040-08-24 18:00:00+00:00,0.00030350547023798974,0.9264992083469245
2040-08-24 19:00:00+00:00,0.0002992345117534073,0.9263930312632851
2040-08-24 20:00:00+00:00,0.0002948677731428026,0.9262868382873664
2040-08-24 21:00:00+00:00,0.0002903729762697805,0.9261806270248201
2040-08-24 22:00:00+00:00,0.0002857737518568421,0.9260743832210347
2040-08-24 23:00:00+00:00,0.00028105156157323083,0.9259680883144373
2040-08-25 00:00:00+00:00,0.00027619668601379236,0.925861694280087
2040-08-25 01:00:00+00:00,0.0002711937392299063,0.9257551748478496
2040-08-25 02:00:00+00:00,0.000266036795765795,0.9256485815163388
2040-08-25 03:00:00+00:00,0.0002607251524164098,0.9255419517266039
2040-08-25 04:00:00+00:00,0.0002552551741997829,0.9254353080288517
2040-08-25 05:00:00+00:00,0.0002496035139760205,0.9253286585127434
2040-08-25 06:00:00+00:00,0.000243681979977012,0.9252220131506392
2040-08-25 07:00:00+00:00,0.0002442035006334753,0.9251153850512355
2040-08-25 08:00:00+00:00,0.07088154460961746,0.9250087897898608
2040-08-25 09:00:00+00:00,0.269260501267762,0.9249026172341186
2040-08-25 10:00:00+00:00,0.4676396202696508,0.9247964312410915
2040-08-25 11:00:00+00:00,0.6660185950215315,0.9246902314265868
2040-08-25 12:00:00+00:00,0.8643969999499348,0.9245837436743496
2040-08-25 13:00:00+00:00,0.9322561801598066,0.924477039458284
2040-08-25 14:00:00+00:00,0.9469251167417853,0.9243702916346943
2040-08-25 15:00:00+00:00,0.9536713087586138,0.9242635261848761
2040-08-25 16:00:00+00:00,0.9999971060568453,0.9241567500115814
2040-08-25 17:00:00+00:00,0.9999991245208348,0.9240499055586551
2040-08-25 18:00:00+00:00,0.986574891714667,0.9239430166953895
2040-08-25 19:00:00+00:00,0.979684085661419,0.9238361172428198
2040-08-25 20:00:00+00:00,0.9745139053973508,0.9237292095813007
2040-08-25 21:00:00+00:00,0.9702046041163128,0.923622292035849
2040-08-25 22:00:00+00:00,0.9664463612945914,0.9235153646140225
2040-08-25 23:00:00+00:00,0.9630366916398273,0.9234084256138843
2040-08-26 00:00:00+00:00,0.9599473617551483,0.9233014749931683
2040-08-26 01:00:00+00:00,0.9413771272447917,0.9231945133832428
2040-08-26 02:00:00+00:00,0.9229408335176612,0.9230875409317286
2040-08-26 03:00:00+00:00,0.8948736525379476,0.9229805565910167
2040-08-26 04:00:00+00:00,0.7548986450136109,0.9228735604839458
2040-08-26 05:00:00+00:00,0.49039152233160205,0.9227665501291161
2040-08-26 06:00:00+00:00,0.22588991896912855,0.9226595305130278
2040-08-26 07:00:00+00:00,0.20646041325560432,0.9225525005466033
2040-08-26 08:00:00+00:00,0.20645568005284543,0.9224454626508035
2040-08-26 09:00:00+00:00,0.20645847550578547,0.9223384241266284
2040-08-26 10:00:00+00:00,0.4048396260005061,0.9222318972434476
2040-08-26 11:00:00+00:00,0.603220815535574,0.922125364846838
2040-08-26 12:00:00+00:00,0.8016019837705497,0.9220188224481146
2040-08-26 13:00:00+00:00,0.9999825253843005,0.9219117994278397
2040-08-26 14:00:00+00:00,0.9999953070833001,0.9218047292528246
2040-08-26 15:00:00+00:00,0.999997063442889,0.9216976567278121
2040-08-26 16:00:00+00:00,0.9999972666386819,0.9215905997976028
2040-08-26 17:00:00+00:00,0.9939694930647519,0.9214835315470892
2040-08-26 18:00:00+00:00,0.7871412306074738,0.9213764542213813
2040-08-26 19:00:00+00:00,0.7839373613523474,0.92126936605074
2040-08-26 20:00:00+00:00,0.7810106791634844,0.9211622669258117
2040-08-26 21:00:00+00:00,0.7780918797430548,0.9210551573384952
2040-08-26 22:00:00+00:00,0.7752047307325138,0.9209480366915883
2040-08-26 23:00:00+00:00,0.7723391723887856,0.9208409066299974
2040-08-27 00:00:00+00:00,0.7695042332054354,0.9207337664018708
2040-08-27 01:00:00+00:00,0.7666915022078964,0.9206266167666763
2040-08-27 02:00:00+00:00,0.7635196122403051,0.9205194577184876
2040-08-27 03:00:00+00:00,0.6916948322461333,0.9204122879570038
2040-08-27 04:00:00+00:00,0.46309439356125737,0.9203051077974134
2040-08-27 05:00:00+00:00,0.22771612183484258,0.9201979164136402
2040-08-27 06:00:00+00:00,0.08695277197135746,0.9200907136521959
2040-08-27 07:00:00+00:00,0.08694905557253567,0.9199835011761175
2040-08-27 08:00:00+00:00,0.08694773279211442,0.9198762783692345
2040-08-27 09:00:00+00:00,0.285328804746308,0.919769082190862
2040-08-27 10:00:00+00:00,0.48371024267388574,0.9196623717980061
2040-08-27 11:00:00+00:00,0.6820884119377086,0.9195551298091991
2040-08-27 12:00:00+00:00,0.80160385426911,0.9194478761442202
2040-08-27 13:00:00+00:00,0.9999820605903996,0.9193406154626284
2040-08-27 14:00:00+00:00,0.9999894240549952,0.9192333419451029
2040-08-27 15:00:00+00:00,0.9999885136253315,0.9191260539635038
2040-08-27 16:00:00+00:00,0.9999878400868625,0.9190187564800455
2040-08-27 17:00:00+00:00,0.9915680251858081,0.9189114461232032
2040-08-27 18:00:00+00:00,0.8362962828540162,0.9188041255975952
2040-08-27 19:00:00+00:00,0.7899566938205778,0.9186967962744179
2040-08-27 20:00:00+00:00,0.7364715862824398,0.9185894580021738
2040-08-27 21:00:00+00:00,0.7323809775370322,0.9184821108989089
2040-08-27 22:00:00+00:00,0.47478290219183406,0.9183747549631524
2040-08-27 23:00:00+00:00,0.23353855448039096,0.9182673903077854
2040-08-28 00:00:00+00:00,0.1343464561419538,0.9181600167603985
2040-08-28 01:00:00+00:00,0.04196145855994868,0.9180526326762098
2040-08-28 02:00:00+00:00,0.03738265434872635,0.9179452380109014
2040-08-28 03:00:00+00:00,0.03212029472498759,0.9178378327624899
2040-08-28 04:00:00+00:00,0.02575235223427823,0.9177304168239337
2040-08-28 05:00:00+00:00,0.01708103318691919,0.9176229902112202
2040-08-28 06:00:00+00:00,8.770508369886448e-07,0.9175155527382823
2040-08-28 07:00:00+00:00,6.975260831766381e-07,0.9174081123425534
2040-08-28 08:00:00+00:00,0.198377745179308,0.9173007716966475
2040-08-28 09:00:00+00:00,1.952425028412342e-06,0.9171933164859166
2040-08-28 10:00:00+00:00,0.19379121261476068,0.9170863598720258
2040-08-28 11:00:00+00:00,0.3895454637475253,0.916979389402613
2040-08-28 12:00:00+00:00,0.5044391210114895,0.9168724018480543
2040-08-28 13:00:00+00:00,0.7001677604384394,0.9167654029179199
2040-08-28 14:00:00+00:00,0.8985383813066744,0.9166874557141743
2040-08-28 15:00:00+00:00,0.9999993453020296,0.916580435590066
2040-08-28 16:00:00+00:00,0.9999992619606629,0.9164728860966862
2040-08-28 17:00:00+00:00,0.9942544355412698,0.9163653125588899
2040-08-28 18:00:00+00:00,0.7480816780340387,0.9162577270877778
2040-08-28 19:00:00+00:00,0.5047858754817395,0.9161501311215917
2040-08-28 20:00:00+00:00,0.410422645858208,0.9160425243523158
2040-08-28 21:00:00+00:00,0.4075634965155378,0.9159349069593913
2040-08-28 22:00:00+00:00,0.4046899022290547,0.9158272790728893
2040-08-28 23:00:00+00:00,0.40180482229281034,0.9157196409835043
2040-08-29 00:00:00+00:00,0.3989039738818818,0.9156119930018229
2040-08-29 01:00:00+00:00,0.3960050142278927,0.9155043346672959
2040-08-29 02:00:00+00:00,0.39307076972175803,0.9153966664421443
2040-08-29 03:00:00+00:00,0.38988325312181205,0.9152889882285915
2040-08-29 04:00:00+00:00,0.25400799446604827,0.9151813000436441
2040-08-29 05:00:00+00:00,0.006000159185088505,0.9150736019972536
2040-08-29 06:00:00+00:00,3.386887633996355e-07,0.9149658940584013
2040-08-29 07:00:00+00:00,8.149448030737047e-06,0.9148584867925857
2040-08-29 08:00:00+00:00,2.692574435746222e-05,0.9148745125526277
2040-08-29 09:00:00+00:00,3.673650312274795e-05,0.914890533803588
2040-08-29 10:00:00+00:00,4.37049258471157e-05,0.9149069810137597
2040-08-29 11:00:00+00:00,4.9133565662998794e-05,0.9149234273004809
2040-08-29 12:00:00+00:00,5.3525306198309885e-05,0.9149398606344747
2040-08-29 13:00:00+00:00,5.709565348051723e-05,0.9149562653915162
2040-08-29 14:00:00+00:00,6.0123041225819674e-05,0.9149726806902854
2040-08-29 15:00:00+00:00,6.266415516396486e-05,0.9149890917490862
2040-08-29 16:00:00+00:00,6.477125676019806e-05,0.9150050436209061
2040-08-29 17:00:00+00:00,6.465823133886745e-05,0.9148977620944022
2040-08-29 18:00:00+00:00,6.430538964987568e-05,0.9147904724219011
2040-08-29 19:00:00+00:00,6.367732788399805e-05,0.9146831750465946
2040-08-29 20:00:00+00:00,6.276003694940397e-05,0.9145758699329134
2040-08-29 21:00:00+00:00,6.153509641324664e-05,0.9144685567958412
2040-08-29 22:00:00+00:00,5.997891470355646e-05,0.9143612352072801
2040-08-29 23:00:00+00:00,5.805161108376929e-05,0.9142539049005023
2040-08-30 00:00:00+00:00,5.5698551381802407e-05,0.914146565782407
2040-08-30 01:00:00+00:00,5.285081950050915e-05,0.9140392169020713
2040-08-30 02:00:00+00:00,4.9404479518697275e-05,0.9139318586496022
2040-08-30 03:00:00+00:00,4.5185499800421876e-05,0.9138244899118547
2040-08-30 04:00:00+00:00,3.9899223594773676e-05,0.9137171103075797
2040-08-30 05:00:00+00:00,3.295098338267301e-05,0.9136097193326428
2040-08-30 06:00:00+00:00,2.2728092999479828e-05,0.9135023149087252
2040-08-30 07:00:00+00:00,6.394973219105716e-07,0.9133948814549402
2040-08-30 08:00:00+00:00,1.8660541294106408e-05,0.9134173399633085
2040-08-30 09:00:00+00:00,1.7686865992257748e-05,0.9134397095480494
2040-08-30 10:00:00+00:00,0.008129381274197057,0.9134619809802235
2040-08-30 11:00:00+00:00,0.20649936551247564,0.9134841869506682
2040-08-30 12:00:00+00:00,0.4048696943486396,0.9135063541657467
2040-08-30 13:00:00+00:00,0.6032436518688932,0.9135284836537467
2040-08-30 14:00:00+00:00,0.8016194605996663,0.913550559962346
2040-08-30 15:00:00+00:00,0.999989145284554,0.9135725532852614
2040-08-30 16:00:00+00:00,0.9999994108774828,0.9135944216288066
2040-08-30 17:00:00+00:00,0.9823608646920895,0.9134862191231907
2040-08-30 18:00:00+00:00,0.9609915701618923,0.9133779539395814
2040-08-30 19:00:00+00:00,0.940267781237086,0.9132696566652606
2040-08-30 20:00:00+00:00,0.9200170272464514,0.9131613471183078
2040-08-30 21:00:00+00:00,0.9062637872990571,0.9130530277472445
2040-08-30 22:00:00+00:00,0.6421586463018895,0.9129446814989388
2040-08-30 23:00:00+00:00,0.37771285945797584,0.9128362388797712
2040-08-31 00:00:00+00:00,0.11655188580442931,0.9127278846406156
2040-08-31 01:00:00+00:00,0.09561938579364478,0.9126195218685537
2040-08-31 02:00:00+00:00,0.08422156917855907,0.9125111489361493
2040-08-31 03:00:00+00:00,0.0703974241366642,0.9124027650878506
2040-08-31 04:00:00+00:00,0.05405618874400909,0.9122943697389942
2040-08-31 05:00:00+00:00,0.03249750739695285,0.9121859630012423
2040-08-31 06:00:00+00:00,5.367603359111072e-07,0.9120775421832034
2040-08-31 07:00:00+00:00,1.5783716816298624e-05,0.912099050223605
2040-08-31 08:00:00+00:00,3.249014356281079e-06,0.912120546320879
2040-08-31 09:00:00+00:00,0.1983568709506698,0.9121420333858612
2040-08-31 10:00:00+00:00,0.39671356928965906,0.9121635079318781
2040-08-31 11:00:00+00:00,0.5950672092151508,0.9121849664905403
2040-08-31 12:00:00+00:00,0.7934205091029883,0.9122064094899988
2040-08-31 13:00:00+00:00,0.9917779462809762,0.9122278396906695
2040-08-31 14:00:00+00:00,0.9999963916153765,0.9122492557850326
2040-08-31 15:00:00+00:00,0.999859176406904,0.9122706558843147
2040-08-31 16:00:00+00:00,0.998508824378188,0.9122920349171489
2040-08-31 17:00:00+00:00,0.7905572350520371,0.9123133894811448
2040-08-31 18:00:00+00:00,0.530158134120881,0.9123347175886359
2040-08-31 19:00:00+00:00,0.27010307901072617,0.9123560329119027
2040-08-31 20:00:00+00:00,0.12211404315946807,0.9123773347217743
2040-08-31 21:00:00+00:00,0.11575055857725708,0.9123986201271361
2040-08-31 22:00:00+00:00,0.10907975178985219,0.9124198936232341
2040-08-31 23:00:00+00:00,0.10197707795101656,0.9124411568214175
2040-09-01 00:00:00+00:00,0.0943730222774577,0.9124624095438676
2040-09-01 01:00:00+00:00,0.08613289112301604,0.9124836519703335
2040-09-01 02:00:00+00:00,0.07700398062984283,0.9125048842041391
2040-09-01 03:00:00+00:00,0.06658914093799681,0.9125261060544952
2040-09-01 04:00:00+00:00,0.05408274756349541,0.912547315919447
2040-09-01 05:00:00+00:00,0.03554766908700162,0.9125685097504507
2040-09-01 06:00:00+00:00,0.006821102814878819,0.9125896774631664
2040-09-01 07:00:00+00:00,6.415882530465325e-05,0.9126108273826264
2040-09-01 08:00:00+00:00,3.2488473136463193e-06,0.9126319642183797
2040-09-01 09:00:00+00:00,0.00857806666761383,0.912653089829171
2040-09-01 10:00:00+00:00,0.20686214984295526,0.9126741993373328
2040-09-01 11:00:00+00:00,0.40514581297815966,0.912695291248005
2040-09-01 12:00:00+00:00,0.6034297344873992,0.9127163669290709
2040-09-01 13:00:00+00:00,0.801714343211113,0.9127374281492873
2040-09-01 14:00:00+00:00,0.9999969343325442,0.9127584768696233
2040-09-01 15:00:00+00:00,0.9999858784012202,0.9127795104653907
2040-09-01 16:00:00+00:00,0.9999995947651678,0.9128005318214661
2040-09-01 17:00:00+00:00,0.9999585737042687,0.9126911219699005
2040-09-01 18:00:00+00:00,0.9849685248174501,0.9125816959216426
2040-09-01 19:00:00+00:00,0.977489775797586,0.9124722587818053
2040-09-01 20:00:00+00:00,0.9718229299443589,0.9123628086299091
2040-09-01 21:00:00+00:00,0.9670995357139099,0.912253346741129
2040-09-01 22:00:00+00:00,0.9629597676818111,0.912143873249222
2040-09-01 23:00:00+00:00,0.9592178260950431,0.9120343893301199
2040-09-02 00:00:00+00:00,0.9557889829187283,0.9119248950523884
2040-09-02 01:00:00+00:00,0.9373895342376559,0.9118153897260518
2040-09-02 02:00:00+00:00,0.9343779728626149,0.9117058735822767
2040-09-02 03:00:00+00:00,0.9314930768231147,0.9115963476364766
2040-09-02 04:00:00+00:00,0.9005179936545131,0.9114868118225551
2040-09-02 05:00:00+00:00,0.6693259376326823,0.9113772664865708
2040-09-02 06:00:00+00:00,0.4048180006892893,0.9112676641050926
2040-09-02 07:00:00+00:00,0.4048095597558586,0.9111581122913394
2040-09-02 08:00:00+00:00,0.40481435389596476,0.911049011093981
2040-09-02 09:00:00+00:00,0.4048357738222914,0.9109640798702937
2040-09-02 10:00:00+00:00,0.6032062621082488,0.9109845108839111
2040-09-02 11:00:00+00:00,0.8015873737908985,0.9110053185351535
2040-09-02 12:00:00+00:00,0.9999447204751387,0.9110254334313878
2040-09-02 13:00:00+00:00,0.9999900129441479,0.9110397894151807
2040-09-02 14:00:00+00:00,0.9999972933880932,0.910930352919251
2040-09-02 15:00:00+00:00,0.9999998017050375,0.9108206794719187
2040-09-02 16:00:00+00:00,0.994716546044774,0.910710888261642
2040-09-02 17:00:00+00:00,0.7976190298518179,0.9106010828956638
2040-09-02 18:00:00+00:00,0.5698786101675372,0.9104912657308549
2040-09-02 19:00:00+00:00,0.350635575840497,0.9103814388022633
2040-09-02 20:00:00+00:00,0.15144598577453464,0.9102716022891738
2040-09-02 21:00:00+00:00,0.09793174207048194,0.9101617564995268
2040-09-02 22:00:00+00:00,0.09516237300329008,0.9100519013546917
2040-09-02 23:00:00+00:00,0.09228805347175241,0.9099420359595566
2040-09-03 00:00:00+00:00,0.08932019075930155,0.9098321603145504
2040-09-03 01:00:00+00:00,0.0862473616793401,0.9097222735915046
2040-09-03 02:00:00+00:00,0.028092540944959322,0.9096123749836234
2040-09-03 03:00:00+00:00,0.024478241293789015,0.9095024657669908
2040-09-03 04:00:00+00:00,0.02016556518950601,0.9093925456367997
2040-09-03 05:00:00+00:00,0.011853044669935068,0.909282614675833
2040-09-03 06:00:00+00:00,3.136510109223577e-07,0.9091726728412843
2040-09-03 07:00:00+00:00,4.919415501776737e-07,0.909062737721949
2040-09-03 08:00:00+00:00,5.266585910209274e-07,0.9089817276013734
2040-09-03 09:00:00+00:00,0.16569315670085286,0.9090022383909149
2040-09-03 10:00:00+00:00,0.2990906264489794,0.9090227362706731
2040-09-03 11:00:00+00:00,0.49271713883808266,0.9090432217993376
2040-09-03 12:00:00+00:00,0.6829360954461419,0.9090636956030398
2040-09-03 13:00:00+00:00,0.8660858043977268,0.9090841577835055
2040-09-03 14:00:00+00:00,0.9999994964268616,0.9091046079741867
2040-09-03 15:00:00+00:00,0.9999965491603712,0.9090243365768542
2040-09-03 16:00:00+00:00,0.9999974303088839,0.9089148145979716
2040-09-03 17:00:00+00:00,0.9002466863163009,0.9088047838655652
2040-09-03 18:00:00+00:00,0.7734838237158254,0.9086947417404467
2040-09-03 19:00:00+00:00,0.7209615543890752,0.9085846872304572
2040-09-03 20:00:00+00:00,0.6844651039345889,0.9084746206866489
2040-09-03 21:00:00+00:00,0.6532868626795209,0.9083645420722272
2040-09-03 22:00:00+00:00,0.62376346507678,0.9082544513930892
2040-09-03 23:00:00+00:00,0.5957070154194861,0.908144348603792
2040-09-04 00:00:00+00:00,0.5691625970077745,0.9080342337645823
2040-09-04 01:00:00+00:00,0.5434912125839692,0.9079241080057385
2040-09-04 02:00:00+00:00,0.5173665444940844,0.9078139719022307
2040-09-04 03:00:00+00:00,0.4909947490007552,0.9077038254342842
2040-09-04 04:00:00+00:00,0.4635161268690077,0.907593668149426
2040-09-04 05:00:00+00:00,0.4029601214668097,0.9074835000228378
2040-09-04 06:00:00+00:00,0.14089740505279172,0.9073733209968708
2040-09-04 07:00:00+00:00,1.7558917986384486e-05,0.9072631311674844
2040-09-04 08:00:00+00:00,3.059652215560607e-05,0.9071531497420785
2040-09-04 09:00:00+00:00,0.19841161462240944,0.9071733804136727
2040-09-04 10:00:00+00:00,0.39679282370919633,0.9071936038594567
2040-09-04 11:00:00+00:00,0.5951740369121404,0.9072138156602184
2040-09-04 12:00:00+00:00,0.7935552547644701,0.9072340154982179
2040-09-04 13:00:00+00:00,0.9919363490023437,0.9072542013820589
2040-09-04 14:00:00+00:00,0.999998207157645,0.9071444298093553
2040-09-04 15:00:00+00:00,0.9999994573592363,0.90703415969541
2040-09-04 16:00:00+00:00,0.9999846857846082,0.906923836752071
2040-09-04 17:00:00+00:00,0.858893423342976,0.9068135019270975
2040-09-04 18:00:00+00:00,0.5943890270214075,0.9067031561714111
2040-09-04 19:00:00+00:00,0.32988484764261816,0.9065928003749403
2040-09-04 20:00:00+00:00,0.17267261086375388,0.9064824352207913
2040-09-04 21:00:00+00:00,0.04932967420688715,0.9063720597794489
2040-09-04 22:00:00+00:00,0.046512122726070124,0.906261674062322
2040-09-04 23:00:00+00:00,0.04348690592948644,0.9061512780673477
2040-09-05 00:00:00+00:00,0.040209295760097206,0.906040871763442
2040-09-05 01:00:00+00:00,0.036660816544176536,0.9059304551465333
2040-09-05 02:00:00+00:00,0.032723397441360956,0.9058200282249039
2040-09-05 03:00:00+00:00,0.028216532523543805,0.9057095910830781
2040-09-05 04:00:00+00:00,0.022781281370729396,0.9055991437198349
2040-09-05 05:00:00+00:00,0.014698342632992406,0.9054886857747456
2040-09-05 06:00:00+00:00,3.6672314139518128e-06,0.9053782172139014
2040-09-05 07:00:00+00:00,2.4149466152294004e-06,0.9052677399347185
2040-09-05 08:00:00+00:00,0.0038186535392326277,0.9051572644535552
2040-09-05 09:00:00+00:00,0.19195467829628834,0.9050467767532689
2040-09-05 10:00:00+00:00,0.20097775079494978,0.9049362765713121
2040-09-05 11:00:00+00:00,0.20148378429909966,0.9048257637758836
2040-09-05 12:00:00+00:00,0.20196812364207453,0.9047152396634676
2040-09-05 13:00:00+00:00,0.20252560921998103,0.9046047116367815
2040-09-05 14:00:00+00:00,0.20434864326246088,0.9044942331516935
2040-09-05 15:00:00+00:00,0.20435277205408273,0.9043837716853923
2040-09-05 16:00:00+00:00,0.2061918645700926,0.9042733062373275
2040-09-05 17:00:00+00:00,0.20619619826198557,0.9041628284241364
2040-09-05 18:00:00+00:00,0.20620057533307762,0.9040523415771372
2040-09-05 19:00:00+00:00,0.20620494539942755,0.9039418430055669
2040-09-05 20:00:00+00:00,0.20620930068062215,0.9038313351857866
2040-09-05 21:00:00+00:00,0.20621365285827215,0.903720823118688
2040-09-05 22:00:00+00:00,0.2062179824173714,0.9036103155901234
2040-09-05 23:00:00+00:00,0.20622230186254323,0.903499813934991
2040-09-06 00:00:00+00:00,0.20622662143344417,0.9033893288479679
2040-09-06 01:00:00+00:00,0.20623093881190296,0.9032788730704723
2040-09-06 02:00:00+00:00,0.20623525756133382,0.9031684521095877
2040-09-06 03:00:00+00:00,0.20623958648540244,0.9030580588428316
2040-09-06 04:00:00+00:00,0.20770946259679335,0.9029476829044084
2040-09-06 05:00:00+00:00,0.2095480830868936,0.9028373078786492
2040-09-06 06:00:00+00:00,0.21129516801512818,0.9027269251401895
2040-09-06 07:00:00+00:00,0.2129972563995082,0.9026165292957127
2040-09-06 08:00:00+00:00,0.34502737362910485,0.9025061199280181
2040-09-06 09:00:00+00:00,0.41294274001746767,0.9023956935366384
2040-09-06 10:00:00+00:00,0.5468566509554202,0.9022852508096663
2040-09-06 11:00:00+00:00,0.5643671115954433,0.902174782461032
2040-09-06 12:00:00+00:00,0.5660044595414144,0.9020642870852148
2040-09-06 13:00:00+00:00,0.6784601153141947,0.9019537824392914
2040-09-06 14:00:00+00:00,0.876269690840879,0.901843267985148
2040-09-06 15:00:00+00:00,0.999950323051439,0.901732747587812
2040-09-06 16:00:00+00:00,0.9999972815245459,0.9016222092345649
2040-09-06 17:00:00+00:00,0.9230765504719548,0.9015116486358624
2040-09-06 18:00:00+00:00,0.8794863338506276,0.9014010791149453
2040-09-06 19:00:00+00:00,0.8430723637451285,0.9012905008458149
2040-09-06 20:00:00+00:00,0.8124505906463748,0.9011799135137941
2040-09-06 21:00:00+00:00,0.7853635813929993,0.9010693225980635
2040-09-06 22:00:00+00:00,0.7106509353108813,0.9009587414439316
2040-09-06 23:00:00+00:00,0.635502143198922,0.9008481905296463
2040-09-07 00:00:00+00:00,0.5264979921795637,0.9007377303066206
2040-09-07 01:00:00+00:00,0.34246814954171695,0.9006274310030846
2040-09-07 02:00:00+00:00,0.30986866596809637,0.9005174092571964
2040-09-07 03:00:00+00:00,0.2829782897855077,0.9004081777877895
2040-09-07 04:00:00+00:00,0.19379072057210336,0.9002995110232874
2040-09-07 05:00:00+00:00,0.09858734633960697,0.9001915875325377
2040-09-07 06:00:00+00:00,1.2824469918047674e-05,0.9000840232896009
2040-09-07 07:00:00+00:00,4.939726782457934e-06,0.899976477854743
2040-09-07 08:00:00+00:00,0.08022211645219096,0.8998689382373135
2040-09-07 09:00:00+00:00,0.2786032760615809,0.8997619059241823
2040-09-07 10:00:00+00:00,0.47698443228004345,0.8996548625414592
2040-09-07 11:00:00+00:00,0.675365565993018,0.8995478060041096
2040-09-07 12:00:00+00:00,0.8737466783114304,0.8994407432255612
2040-09-07 13:00:00+00:00,0.9999978425363566,0.8993331510737612
2040-09-07 14:00:00+00:00,0.9999961072036062,0.8992255358111158
2040-09-07 15:00:00+00:00,0.9999956928819164,0.8991179115924547
2040-09-07 16:00:00+00:00,0.999995945165138,0.899010278895588
2040-09-07 17:00:00+00:00,0.9646559019225729,0.8989026328759875
2040-09-07 18:00:00+00:00,0.7762513799927059,0.8987949771454457
2040-09-07 19:00:00+00:00,0.6320149255153841,0.8986873162875931
2040-09-07 20:00:00+00:00,0.6010770868164462,0.898579652153666
2040-09-07 21:00:00+00:00,0.586361981401836,0.8984719883051902
2040-09-07 22:00:00+00:00,0.5716901419101369,0.898364325379555
2040-09-07 23:00:00+00:00,0.5573617589367909,0.8982566637817903
2040-09-08 00:00:00+00:00,0.5430528173658001,0.8981489993505549
2040-09-08 01:00:00+00:00,0.5286084781157651,0.8980413325831157
2040-09-08 02:00:00+00:00,0.5137032910819888,0.897933663300256
2040-09-08 03:00:00+00:00,0.49712519140166456,0.8978259849677165
2040-09-08 04:00:00+00:00,0.4765797460486778,0.8977182962370064
2040-09-08 05:00:00+00:00,0.26158488181042927,0.8976105971628817
2040-09-08 06:00:00+00:00,2.82381411466604e-06,0.8975028876311096
2040-09-08 07:00:00+00:00,3.2596546511466075e-07,0.8973951702762102
2040-09-08 08:00:00+00:00,0.004725634318256326,0.897287993948372
2040-09-08 09:00:00+00:00,0.01801668289519033,0.8971807898760357
2040-09-08 10:00:00+00:00,0.02998815181269933,0.8970735774629061
2040-09-08 11:00:00+00:00,0.02998046253097348,0.8969658771043991
2040-09-08 12:00:00+00:00,0.029972723148927145,0.8968581739103837
2040-09-08 13:00:00+00:00,0.02949772140329311,0.8967504719555653
2040-09-08 14:00:00+00:00,0.02798311449923674,0.8966427852265645
2040-09-08 15:00:00+00:00,0.02635250212372623,0.8965351397404512
2040-09-08 16:00:00+00:00,0.024633088230387335,0.896427589506717
2040-09-08 17:00:00+00:00,0.01911121022572689,0.8963201710059756
2040-09-08 18:00:00+00:00,0.011730045612746246,0.8962129091970285
2040-09-08 19:00:00+00:00,0.009254359305764666,0.8961058263565143
2040-09-08 20:00:00+00:00,0.005965778010430002,0.8959990039115361
2040-09-08 21:00:00+00:00,6.611011890334419e-06,0.895892400167881
2040-09-08 22:00:00+00:00,1.163363272157001e-05,0.8957864681787562
2040-09-08 23:00:00+00:00,1.3806788132576469e-05,0.8956806004172975
2040-09-09 00:00:00+00:00,1.578147352946571e-05,0.8955761654388814
2040-09-09 01:00:00+00:00,1.704329669263445e-05,0.8954999143211443
2040-09-09 02:00:00+00:00,1.7198765972068833e-05,0.8954237697252994
2040-09-09 03:00:00+00:00,1.6296799605596763e-05,0.8953475406995054
2040-09-09 04:00:00+00:00,1.407498276725739e-05,0.8952712188606584
2040-09-09 05:00:00+00:00,9.372005386533312e-06,0.895194958289062
2040-09-09 06:00:00+00:00,6.035233827417049e-07,0.8952181278457175
2040-09-09 07:00:00+00:00,0.002635420274177439,0.89524222414421
2040-09-09 08:00:00+00:00,0.016318814932839435,0.8952663222970194
2040-09-09 09:00:00+00:00,0.21013198608789047,0.8952904349552293
2040-09-09 10:00:00+00:00,0.39841307334705955,0.8953145471441393
2040-09-09 11:00:00+00:00,0.5559007794048595,0.8953386704995663
2040-09-09 12:00:00+00:00,0.7542787273640118,0.8953628065457577
2040-09-09 13:00:00+00:00,0.952656567184191,0.8953869443987891
2040-09-09 14:00:00+00:00,0.9582836248361684,0.8954110756607182
2040-09-09 15:00:00+00:00,0.959754786851446,0.895435204695519
2040-09-09 16:00:00+00:00,0.9611345069726934,0.8954593269288113
2040-09-09 17:00:00+00:00,0.9624532342132172,0.8954834406170569
2040-09-09 18:00:00+00:00,0.9636883178251875,0.8955075463516635
2040-09-09 19:00:00+00:00,0.9648234237115881,0.8955316560665811
2040-09-09 20:00:00+00:00,0.9658722903741218,0.8955557767281331
2040-09-09 21:00:00+00:00,0.9668535335344819,0.8955799178317114
2040-09-09 22:00:00+00:00,0.9683612640592092,0.8956041037962913
2040-09-09 23:00:00+00:00,0.969635691342186,0.8956283265509236
2040-09-10 00:00:00+00:00,0.970523258302274,0.89565256564303
2040-09-10 01:00:00+00:00,0.9713367028249846,0.8956768115615377
2040-09-10 02:00:00+00:00,0.9720949685000609,0.8957010848824212
2040-09-10 03:00:00+00:00,0.9728202515898158,0.8957254056843674
2040-09-10 04:00:00+00:00,0.9735380759594117,0.8957497969392122
2040-09-10 05:00:00+00:00,0.9735777196021429,0.8957742563772462
2040-09-10 06:00:00+00:00,0.9736170985144308,0.8957987647015021
2040-09-10 07:00:00+00:00,0.974231023277351,0.895823269669047
2040-09-10 08:00:00+00:00,0.9779436851601384,0.8958477702627718
2040-09-10 09:00:00+00:00,0.9823751409947798,0.8958722722604368
2040-09-10 10:00:00+00:00,0.988152425625731,0.8958967794855777
2040-09-10 11:00:00+00:00,0.9970317135435379,0.8959213118845232
2040-09-10 12:00:00+00:00,0.9982659371063901,0.8959458679477086
2040-09-10 13:00:00+00:00,0.9999978192432022,0.8959704411286377
2040-09-10 14:00:00+00:00,0.9999913476970291,0.8959950770294814
2040-09-10 15:00:00+00:00,0.9999993470422553,0.8960197571981454
2040-09-10 16:00:00+00:00,0.9999992836954569,0.895914546601011
2040-09-10 17:00:00+00:00,0.9999933464816867,0.8958088541782969
2040-09-10 18:00:00+00:00,0.9999911238054913,0.8957031811209761
2040-09-10 19:00:00+00:00,0.9999898816185722,0.8955975171550378
2040-09-10 20:00:00+00:00,0.9999892748156322,0.8954918622999638
2040-09-10 21:00:00+00:00,0.9999891693123613,0.8953862131853648
2040-09-10 22:00:00+00:00,0.9999895412471304,0.8952805691486541
2040-09-10 23:00:00+00:00,0.9999904369366506,0.8951749292441543
2040-09-11 00:00:00+00:00,0.9999920976955965,0.89506929758634
2040-09-11 01:00:00+00:00,0.9999954161235163,0.8949636633557614
2040-09-11 02:00:00+00:00,0.9999978922434072,0.8948580250407171
2040-09-11 03:00:00+00:00,0.9999963705841886,0.8947523810715613
2040-09-11 04:00:00+00:00,0.9999783682850247,0.8946467434372399
2040-09-11 05:00:00+00:00,0.9999688228980972,0.8945411148740289
2040-09-11 06:00:00+00:00,0.9999617275144209,0.89443549058391
2040-09-11 07:00:00+00:00,0.9999559926684286,0.8943298658680281
2040-09-11 08:00:00+00:00,0.9999542517674068,0.8942242416561351
2040-09-11 09:00:00+00:00,0.9999526599836229,0.8941186190707232
2040-09-11 10:00:00+00:00,0.9999511951213916,0.8940130078487687
2040-09-11 11:00:00+00:00,0.9999498565053735,0.8939074137350068
2040-09-11 12:00:00+00:00,0.9999486230456344,0.8938018429210768
2040-09-11 13:00:00+00:00,0.9999474846410937,0.8936963005116356
2040-09-11 14:00:00+00:00,0.999945553051081,0.8935908184722886
2040-09-11 15:00:00+00:00,0.9999445133080183,0.8934853579784586
2040-09-11 16:00:00+00:00,0.9914475087085389,0.8933799447408542
2040-09-11 17:00:00+00:00,0.7331952290312709,0.8932745489562174
2040-09-11 18:00:00+00:00,0.47537913881285104,0.8931691495233809
2040-09-11 19:00:00+00:00,0.2126741252416077,0.8930637471914951
2040-09-11 20:00:00+00:00,0.16195909955667856,0.8929583381181051
2040-09-11 21:00:00+00:00,0.13892734242963087,0.8928529212785249
2040-09-11 22:00:00+00:00,0.13422706239738924,0.892747496498109
2040-09-11 23:00:00+00:00,0.08081458091310356,0.8926420637798693
2040-09-12 00:00:00+00:00,0.059500441049203275,0.8925366231578005
2040-09-12 01:00:00+00:00,0.05394119576877205,0.8924311741379316
2040-09-12 02:00:00+00:00,0.04777942806639038,0.8923257167261424
2040-09-12 03:00:00+00:00,0.040692207349234025,0.892220251409088
2040-09-12 04:00:00+00:00,0.032386795589766114,0.8921147782995149
2040-09-12 05:00:00+00:00,0.021293545694228807,0.892009297590028
2040-09-12 06:00:00+00:00,2.6272787384323523e-06,0.8919038091505691
2040-09-12 07:00:00+00:00,1.012348656785138e-05,0.8917983232359469
2040-09-12 08:00:00+00:00,1.3977062365070463e-05,0.8916928328621854
2040-09-12 09:00:00+00:00,1.6597202750197362e-05,0.8915873391441619
2040-09-12 10:00:00+00:00,1.8558923749538346e-05,0.8914818441957617
2040-09-12 11:00:00+00:00,2.0061347310214235e-05,0.8913763529640671
2040-09-12 12:00:00+00:00,2.1217260904853224e-05,0.8912708614926026
2040-09-12 13:00:00+00:00,2.2092163889117177e-05,0.8911653643422313
2040-09-12 14:00:00+00:00,2.1884600712208704e-05,0.8910598096804525
2040-09-12 15:00:00+00:00,2.1488260072021053e-05,0.8909542506727026
2040-09-12 16:00:00+00:00,2.0893065828458334e-05,0.890848755333883
2040-09-12 17:00:00+00:00,2.0075655310369743e-05,0.8907433048604766
2040-09-12 18:00:00+00:00,1.9001014325699545e-05,0.8906379003912529
2040-09-12 19:00:00+00:00,1.7606611101821528e-05,0.890532509945302
2040-09-12 20:00:00+00:00,1.5787699000514974e-05,0.8904271198251371
2040-09-12 21:00:00+00:00,1.335690463019896e-05,0.8903217238191543
2040-09-12 22:00:00+00:00,1.0727307789401766e-05,0.8902163145725047
2040-09-12 23:00:00+00:00,5.39171803561906e-06,0.8901108881113198
2040-09-13 00:00:00+00:00,3.254923575617679e-06,0.8900054448506243
2040-09-13 01:00:00+00:00,1.6614658533090366e-06,0.8899000392676825
2040-09-13 02:00:00+00:00,1.4535002292028303e-06,0.8897946713819532
2040-09-13 03:00:00+00:00,2.553734142522895e-05,0.8896900042749946
2040-09-13 04:00:00+00:00,3.6692301847711235e-05,0.8895853989358024
2040-09-13 05:00:00+00:00,4.446559312827944e-05,0.8894808474797059
2040-09-13 06:00:00+00:00,5.0455660652437634e-05,0.8893763387681927
2040-09-13 07:00:00+00:00,5.525719561365499e-05,0.8892718730242714
2040-09-13 08:00:00+00:00,5.925938894199875e-05,0.8891674483461167
2040-09-13 09:00:00+00:00,6.266546070141629e-05,0.8890630401494434
2040-09-13 10:00:00+00:00,6.555805632442722e-05,0.888958643996549
2040-09-13 11:00:00+00:00,6.804805698669256e-05,0.8888542565265377
2040-09-13 12:00:00+00:00,7.017518938824743e-05,0.888749868981013
2040-09-13 13:00:00+00:00,7.196497001497175e-05,0.8886454792413859
2040-09-13 14:00:00+00:00,7.343584059861456e-05,0.8885410838725228
2040-09-13 15:00:00+00:00,7.464864221458667e-05,0.8884366824996167
2040-09-13 16:00:00+00:00,7.559386713149053e-05,0.8883322785968382
2040-09-13 17:00:00+00:00,7.462656873745343e-05,0.888227572691731
2040-09-13 18:00:00+00:00,7.342058679034616e-05,0.8881228648574533
2040-09-13 19:00:00+00:00,7.196021481363809e-05,0.8880181557001802
2040-09-13 20:00:00+00:00,7.021194352303903e-05,0.88791345024833
2040-09-13 21:00:00+00:00,6.816331820489144e-05,0.8878087573566681
2040-09-13 22:00:00+00:00,6.579232410844872e-05,0.8877040829036765
2040-09-13 23:00:00+00:00,6.302853153789877e-05,0.8875994208420259
2040-09-14 00:00:00+00:00,5.981980752166171e-05,0.8874947107510928
2040-09-14 01:00:00+00:00,5.606456087341049e-05,0.8873898755337961
2040-09-14 02:00:00+00:00,5.1616838156461454e-05,0.8872847864158748
2040-09-14 03:00:00+00:00,4.622218452047184e-05,0.8871789075690878
2040-09-14 04:00:00+00:00,3.9410791945632327e-05,0.8870724521324319
2040-09-14 05:00:00+00:00,3.0060449735508102e-05,0.8869652378690497
2040-09-14 06:00:00+00:00,1.3715579794464989e-05,0.8868576480196994
2040-09-14 07:00:00+00:00,4.357203892141412e-07,0.8867503226875506
2040-09-14 08:00:00+00:00,0.05862360587970262,0.8867729421100556
2040-09-14 09:00:00+00:00,0.11029318055243027,0.8867955549420378
2040-09-14 10:00:00+00:00,0.14527829164600825,0.8868181614698672
2040-09-14 11:00:00+00:00,0.2976893857117947,0.8868407619186813
2040-09-14 12:00:00+00:00,0.4749327188215886,0.8868633557630383
2040-09-14 13:00:00+00:00,0.535062082025647,0.8868859427962352
2040-09-14 14:00:00+00:00,0.5590479584326963,0.8869085214251464
2040-09-14 15:00:00+00:00,0.5777752227861723,0.8869310926649087
2040-09-14 16:00:00+00:00,0.5834867074929946,0.8869536558781036
2040-09-14 17:00:00+00:00,0.5863249485648563,0.8869762110829346
2040-09-14 18:00:00+00:00,0.5942769401492608,0.8869987629106132
2040-09-14 19:00:00+00:00,0.5976939566617835,0.8870213501005003
2040-09-14 20:00:00+00:00,0.6093569778569017,0.887044021027249
2040-09-14 21:00:00+00:00,0.6027852846376475,0.8870667826369999
2040-09-14 22:00:00+00:00,0.603458973272597,0.8870896676294909
2040-09-14 23:00:00+00:00,0.6167146568852523,0.8871127137755155
2040-09-15 00:00:00+00:00,0.6126340478997325,0.8871358793510182
2040-09-15 01:00:00+00:00,0.6069393779039557,0.8871590863654761
2040-09-15 02:00:00+00:00,0.599157403068759,0.8871823448331695
2040-09-15 03:00:00+00:00,0.558061485821409,0.8872056636483957
2040-09-15 04:00:00+00:00,0.44918341347427,0.8872290279808556
2040-09-15 05:00:00+00:00,0.2323405197355476,0.887252437471483
2040-09-15 06:00:00+00:00,0.008071728539608256,0.8872758860113397
2040-09-15 07:00:00+00:00,0.012968584477965821,0.8872993420104399
2040-09-15 08:00:00+00:00,0.02402545945153351,0.8873227961941517
2040-09-15 09:00:00+00:00,0.14965504776885613,0.8873462443012977
2040-09-15 10:00:00+00:00,0.3425584540846279,0.8873696855749837
2040-09-15 11:00:00+00:00,0.5362154134950962,0.8873931220432584
2040-09-15 12:00:00+00:00,0.7298004307719285,0.8874165505277847
2040-09-15 13:00:00+00:00,0.922179135840547,0.8874399560642038
2040-09-15 14:00:00+00:00,0.9889473711967478,0.8874633430575765
2040-09-15 15:00:00+00:00,0.9933338510887763,0.887486729577985
2040-09-15 16:00:00+00:00,0.9999972123825711,0.887510038792984
2040-09-15 17:00:00+00:00,0.9998697424950542,0.8875332576161646
2040-09-15 18:00:00+00:00,0.9998148600579265,0.8875563208157388
2040-09-15 19:00:00+00:00,0.9997898521608116,0.8875791911277608
2040-09-15 20:00:00+00:00,0.9997661779228593,0.8876017891500643
2040-09-15 21:00:00+00:00,0.9997448284321417,0.8876241565419848
2040-09-15 22:00:00+00:00,0.999727874001059,0.8876463335228796
2040-09-15 23:00:00+00:00,0.9997137394208804,0.8876684399247053
2040-09-16 00:00:00+00:00,0.9997026093419626,0.8876904653780574
2040-09-16 01:00:00+00:00,0.9996938782912562,0.8877124839955974
2040-09-16 02:00:00+00:00,0.9996876473946729,0.8877344963709979
2040-09-16 03:00:00+00:00,0.9996834371415497,0.8877565001779092
2040-09-16 04:00:00+00:00,0.9996811267573951,0.8877784971372189
2040-09-16 05:00:00+00:00,0.9996808075905296,0.8878004870727716
2040-09-16 06:00:00+00:00,0.9996820665339999,0.8878224683314263
2040-09-16 07:00:00+00:00,0.9996987805598799,0.8878444334737267
2040-09-16 08:00:00+00:00,0.9997035808372509,0.8878663843912779
2040-09-16 09:00:00+00:00,0.9997106082698843,0.8878883119273365
2040-09-16 10:00:00+00:00,0.9997412556561758,0.8879102351658467
2040-09-16 11:00:00+00:00,0.9997808267518834,0.8879321450056168
2040-09-16 12:00:00+00:00,0.9998365404984066,0.8879540453556333
2040-09-16 13:00:00+00:00,0.9999378908035089,0.8879759397253942
2040-09-16 14:00:00+00:00,0.9999960822005347,0.8879978433158814
2040-09-16 15:00:00+00:00,0.898246472780025,0.8880197829152958
2040-09-16 16:00:00+00:00,0.74373736457519,0.8880418304060579
2040-09-16 17:00:00+00:00,0.737736944008169,0.8880640193124844
2040-09-16 18:00:00+00:00,0.7318356399760527,0.888086337258134
2040-09-16 19:00:00+00:00,0.7261098686089471,0.8881090983062073
2040-09-16 20:00:00+00:00,0.7202069586295544,0.888131999909583
2040-09-16 21:00:00+00:00,0.45990477513401923,0.8881554540272798
2040-09-16 22:00:00+00:00,0.4536390758875193,0.888179428101771
2040-09-16 23:00:00+00:00,0.4478501035803537,0.888203510777335
2040-09-17 00:00:00+00:00,0.4420242482324328,0.8882276701368336
2040-09-17 01:00:00+00:00,0.43622564305691414,0.888251900428329
2040-09-17 02:00:00+00:00,0.430457519252829,0.8882762223404747
2040-09-17 03:00:00+00:00,0.42470502687974176,0.8883008228158655
2040-09-17 04:00:00+00:00,0.41899511086939245,0.8883258407358204
2040-09-17 05:00:00+00:00,0.30454723876522033,0.8883517109438719
2040-09-17 06:00:00+00:00,0.044231702410465826,0.8883790329634796
2040-09-17 07:00:00+00:00,0.03777531882767021,0.888406834648976
2040-09-17 08:00:00+00:00,0.029817618779857488,0.8884347523003681
2040-09-17 09:00:00+00:00,0.019080242603551532,0.8884627438536814
2040-09-17 10:00:00+00:00,0.00012691357139657134,0.8884907908182715
2040-09-17 11:00:00+00:00,0.00011849832579647205,0.8885188778006725
2040-09-17 12:00:00+00:00,0.00012027208385652114,0.8885470075992972
2040-09-17 13:00:00+00:00,0.00012011885658434396,0.8885751672187242
2040-09-17 14:00:00+00:00,0.061362529694299416,0.8886032649038248
2040-09-17 15:00:00+00:00,0.25954378069716105,0.8886313184180563
2040-09-17 16:00:00+00:00,0.2595422745241022,0.8886593235779399
2040-09-17 17:00:00+00:00,0.25953489355264997,0.8886872957786172
2040-09-17 18:00:00+00:00,0.25952754511968085,0.8887152459914776
2040-09-17 19:00:00+00:00,0.2595202285599352,0.8887431791340435
2040-09-17 20:00:00+00:00,0.2595129490787895,0.8887710949287434
2040-09-17 21:00:00+00:00,0.2595056537434573,0.8887989978043902
2040-09-17 22:00:00+00:00,0.25949840491011755,0.8888268862261808
2040-09-17 23:00:00+00:00,0.2594911757076918,0.8888547627828117
2040-09-18 00:00:00+00:00,0.2594839685303779,0.8888826255709557
2040-09-18 01:00:00+00:00,0.2594767759835938,0.8889104834801649
2040-09-18 02:00:00+00:00,0.2594695816377171,0.8889383351414354
2040-09-18 03:00:00+00:00,0.2594623267462837,0.8889661748888784
2040-09-18 04:00:00+00:00,0.2594550048794375,0.888993995945569
2040-09-18 05:00:00+00:00,0.2594475760964714,0.8890217962286746
2040-09-18 06:00:00+00:00,0.25943969398911687,0.8890495783128181
2040-09-18 07:00:00+00:00,0.25943222406329025,0.8890773478674128
2040-09-18 08:00:00+00:00,0.32834883557685307,0.8891051074532522
2040-09-18 09:00:00+00:00,0.3984386961240124,0.8891328537949635
2040-09-18 10:00:00+00:00,0.44110530050201635,0.8891605764473217
2040-09-18 11:00:00+00:00,0.6391281000494069,0.8891882709384273
2040-09-18 12:00:00+00:00,0.817056554612836,0.8892159309145157
2040-09-18 13:00:00+00:00,0.9257928866202737,0.8892435519269589
2040-09-18 14:00:00+00:00,0.9276743009986961,0.8892710997083816
2040-09-18 15:00:00+00:00,0.9295844397655251,0.8892986108210277
2040-09-18 16:00:00+00:00,0.9315576604095379,0.8893260571599246
2040-09-18 17:00:00+00:00,0.9315849944921801,0.8893534735319278
2040-09-18 18:00:00+00:00,0.931612352145161,0.889380882520067
2040-09-18 19:00:00+00:00,0.933723191022161,0.8894082961312407
2040-09-18 20:00:00+00:00,0.9359799478643143,0.8894357250778798
2040-09-18 21:00:00+00:00,0.9383097924705546,0.8894631861286004
2040-09-18 22:00:00+00:00,0.9407679639433305,0.8894906709431938
2040-09-18 23:00:00+00:00,0.9433415158210733,0.8895181750869361
2040-09-19 00:00:00+00:00,0.9433684747266462,0.8895456905627471
2040-09-19 01:00:00+00:00,0.9433955410608199,0.889573218689993
2040-09-19 02:00:00+00:00,0.9434224691753056,0.8896007584501237
2040-09-19 03:00:00+00:00,0.9434495856682563,0.8896283063635141
2040-09-19 04:00:00+00:00,0.943476803542529,0.8896558564582908
2040-09-19 05:00:00+00:00,0.943504033912018,0.8896834087373273
2040-09-19 06:00:00+00:00,0.9435304270657797,0.8897109724131028
2040-09-19 07:00:00+00:00,0.9473168853287705,0.8897385593549021
2040-09-19 08:00:00+00:00,0.9519244850634134,0.8897661703958598
2040-09-19 09:00:00+00:00,0.956391031763208,0.8897937989405138
2040-09-19 10:00:00+00:00,0.9612664362985621,0.8898214264809338
2040-09-19 11:00:00+00:00,0.9669179863771697,0.889849047855275
2040-09-19 12:00:00+00:00,0.9737999514309553,0.8898766629363349
2040-09-19 13:00:00+00:00,0.9831760800517378,0.8899042665664928
2040-09-19 14:00:00+00:00,0.9999990404308093,0.8899318563874408
2040-09-19 15:00:00+00:00,0.9999991095571675,0.8899593572741576
2040-09-19 16:00:00+00:00,0.9999993557792601,0.8898564663121212
2040-09-19 17:00:00+00:00,0.9924028891580812,0.8897534054765032
2040-09-19 18:00:00+00:00,0.7614028467330399,0.8896502858464933
2040-09-19 19:00:00+00:00,0.5338025572920482,0.889547140957021
2040-09-19 20:00:00+00:00,0.36825515493601435,0.8894439817824912
2040-09-19 21:00:00+00:00,0.27624785362622994,0.8893408090582208
2040-09-19 22:00:00+00:00,0.13902431115594488,0.8892376216853185
2040-09-19 23:00:00+00:00,0.1361488640289453,0.8891344219538287
2040-09-20 00:00:00+00:00,0.13328246367130803,0.889031201588726
2040-09-20 01:00:00+00:00,0.13033106823935126,0.8889278962714533
2040-09-20 02:00:00+00:00,0.1273285962336102,0.8888245162464261
2040-09-20 03:00:00+00:00,0.12425767721458801,0.8887208903795936
2040-09-20 04:00:00+00:00,0.12112839250975564,0.8886171661352259
2040-09-20 05:00:00+00:00,0.11793767893619227,0.8885133640587101
2040-09-20 06:00:00+00:00,0.006586854189340754,0.888409500845147
2040-09-20 07:00:00+00:00,8.401040254227784e-07,0.8883055782328314
2040-09-20 08:00:00+00:00,5.8056258463511255e-06,0.8882016857438602
2040-09-20 09:00:00+00:00,6.988008099640092e-06,0.8880977646654276
2040-09-20 10:00:00+00:00,0.17524311133441098,0.8879942635709263
2040-09-20 11:00:00+00:00,0.34881111955650834,0.8878907419387115
2040-09-20 12:00:00+00:00,0.5271505999298345,0.8877872058715439
2040-09-20 13:00:00+00:00,0.7220281360883886,0.8876836538327263
2040-09-20 14:00:00+00:00,0.9048496991946731,0.8875800833429865
2040-09-20 15:00:00+00:00,0.9999371861254638,0.8874765036220079
2040-09-20 16:00:00+00:00,0.9999366911139043,0.8873724653038615
2040-09-20 17:00:00+00:00,0.9999349196052011,0.8872683944586208
2040-09-20 18:00:00+00:00,0.9999334000455895,0.8871643111636016
2040-09-20 19:00:00+00:00,0.9999321055653089,0.8870602170727947
2040-09-20 20:00:00+00:00,0.9999310176754747,0.8869561074519836
2040-09-20 21:00:00+00:00,0.999930122513183,0.8868519679535606
2040-09-20 22:00:00+00:00,0.9999294095562555,0.8867477797976505
2040-09-20 23:00:00+00:00,0.9999288719631412,0.8866435278314131
2040-09-21 00:00:00+00:00,0.9999285012529544,0.8865392126159716
2040-09-21 01:00:00+00:00,0.9999282961938415,0.8864348415751669
2040-09-21 02:00:00+00:00,0.9999282559955749,0.8863304266985086
2040-09-21 03:00:00+00:00,0.9999283811103553,0.8862259912733014
2040-09-21 04:00:00+00:00,0.9999286733825875,0.8861215478794139
2040-09-21 05:00:00+00:00,0.9999291335411671,0.8860171005602508
2040-09-21 06:00:00+00:00,0.9999297518545032,0.885912648506421
2040-09-21 07:00:00+00:00,0.999932689154256,0.8858082127119413
2040-09-21 08:00:00+00:00,0.999936019331379,0.8857037727019894
2040-09-21 09:00:00+00:00,0.9999397622768171,0.885599329418095
2040-09-21 10:00:00+00:00,0.9999441248419624,0.8854948841582782
2040-09-21 11:00:00+00:00,0.9999492851997998,0.8853904371699716
2040-09-21 12:00:00+00:00,0.9999554565325044,0.8852859867931958
2040-09-21 13:00:00+00:00,0.9999634078792362,0.8851815327333812
2040-09-21 14:00:00+00:00,0.9999748361297779,0.8850770760394099
2040-09-21 15:00:00+00:00,0.9999988252317696,0.8849726174285701
2040-09-21 16:00:00+00:00,0.9999997311517921,0.8848680873397463
2040-09-21 17:00:00+00:00,0.9999981728011701,0.8847635331459266
2040-09-21 18:00:00+00:00,0.9884767547752196,0.8846589722733066
2040-09-21 19:00:00+00:00,0.982242072214537,0.884554362050402
2040-09-21 20:00:00+00:00,0.977475652779564,0.8844496515032148
2040-09-21 21:00:00+00:00,0.9734880360885565,0.8843448299818728
2040-09-21 22:00:00+00:00,0.9699964993020557,0.8842398637403757
2040-09-21 23:00:00+00:00,0.9668573290314503,0.8841347150216646
2040-09-22 00:00:00+00:00,0.963977387996837,0.8840294307574748
2040-09-22 01:00:00+00:00,0.961291530558486,0.8839240880552388
2040-09-22 02:00:00+00:00,0.958714446806496,0.8838186773434785
2040-09-22 03:00:00+00:00,0.9481847133678581,0.8837131969977231
2040-09-22 04:00:00+00:00,0.9389537861583224,0.8836076640519452
2040-09-22 05:00:00+00:00,0.9306358266598047,0.8835020786098534
2040-09-22 06:00:00+00:00,0.9229884183577317,0.8833964462478863
2040-09-22 07:00:00+00:00,0.9209387115787482,0.8832907989917191
2040-09-22 08:00:00+00:00,0.9209359517351994,0.8831851480503949
2040-09-22 09:00:00+00:00,0.9209331997988476,0.8830794927892511
2040-09-22 10:00:00+00:00,0.9209304665592221,0.8829738329907312
2040-09-22 11:00:00+00:00,0.9209277423574804,0.882868166084906
2040-09-22 12:00:00+00:00,0.9209250250628572,0.8827624890678416
2040-09-22 13:00:00+00:00,0.9999984535909023,0.8826568061385103
2040-09-22 14:00:00+00:00,0.9999986344435448,0.8825511055987099
2040-09-22 15:00:00+00:00,0.9999993085082715,0.8824453457749186
2040-09-22 16:00:00+00:00,0.9724000304461221,0.88233954438565
2040-09-22 17:00:00+00:00,0.9383842489935412,0.8822336767618392
2040-09-22 18:00:00+00:00,0.9167300599820074,0.882127789115582
2040-09-22 19:00:00+00:00,0.8988990082602459,0.8820218959458618
2040-09-22 20:00:00+00:00,0.6371481172477473,0.8819159950034103
2040-09-22 21:00:00+00:00,0.6223551566753185,0.8818100876675421
2040-09-22 22:00:00+00:00,0.6081759172544404,0.8817041745047655
2040-09-22 23:00:00+00:00,0.5942633511041359,0.8815982505412043
2040-09-23 00:00:00+00:00,0.5805595694807462,0.8814923199332048
2040-09-23 01:00:00+00:00,0.5668286950110836,0.8813863850608876
2040-09-23 02:00:00+00:00,0.5533992148306531,0.8812804463945714
2040-09-23 03:00:00+00:00,0.5400808863753873,0.8811745042950074
2040-09-23 04:00:00+00:00,0.5264031074264084,0.8810685577506386
2040-09-23 05:00:00+00:00,0.26451435592796974,0.8809626072690956
2040-09-23 06:00:00+00:00,5.411046633514354e-06,0.8808566507715355
2040-09-23 07:00:00+00:00,1.3167595411865166e-06,0.8807506916763704
2040-09-23 08:00:00+00:00,3.7500236535275463e-06,0.8806447291743508
2040-09-23 09:00:00+00:00,0.19838534321134862,0.8805387784890126
2040-09-23 10:00:00+00:00,0.39676708190235616,0.8804333297648275
2040-09-23 11:00:00+00:00,0.5951488108678028,0.8803278662305918
2040-09-23 12:00:00+00:00,0.7935305562278272,0.8802223833006285
2040-09-23 13:00:00+00:00,0.9919122974755121,0.8801168912209811
2040-09-23 14:00:00+00:00,0.9999995747710647,0.8800108283297021
2040-09-23 15:00:00+00:00,0.9999999605082339,0.8799047001030917
2040-09-23 16:00:00+00:00,0.993318190493312,0.8797984495100193
2040-09-23 17:00:00+00:00,0.7405667846677321,0.8796920460539368
2040-09-23 18:00:00+00:00,0.4901972950910602,0.8795855030567955
2040-09-23 19:00:00+00:00,0.48714116596976853,0.879478494101926
2040-09-23 20:00:00+00:00,0.48403111584984426,0.8793713147102125
2040-09-23 21:00:00+00:00,0.4808751741051529,0.879263543364106
2040-09-23 22:00:00+00:00,0.47767383660097595,0.8791551885289418
2040-09-23 23:00:00+00:00,0.47444272658670933,0.8790466698237319
2040-09-24 00:00:00+00:00,0.4711949519681229,0.8789380396330743
2040-09-24 01:00:00+00:00,0.4679366754250548,0.8788293131248043
2040-09-24 02:00:00+00:00,0.46469761075997795,0.8787204508184664
2040-09-24 03:00:00+00:00,0.4615027372909877,0.8786112454024113
2040-09-24 04:00:00+00:00,0.45834659825729035,0.8785015349673745
2040-09-24 05:00:00+00:00,0.2534933541572182,0.8783908866920296
2040-09-24 06:00:00+00:00,0.006422931212418256,0.8782787194833541
2040-09-24 07:00:00+00:00,6.103997762262384e-08,0.8781660596466987
2040-09-24 08:00:00+00:00,3.6738834502352765e-07,0.8780532757789401
2040-09-24 09:00:00+00:00,1.525966573870175e-06,0.877940403248254
2040-09-24 10:00:00+00:00,1.3338328500238956e-06,0.8778274538643527
2040-09-24 11:00:00+00:00,0.19838064328389365,0.8777144302068633
2040-09-24 12:00:00+00:00,0.3967613152370267,0.8776013269926283
2040-09-24 13:00:00+00:00,0.39675821986199894,0.8774881505984634
2040-09-24 14:00:00+00:00,0.3967552367858196,0.8773749464063986
2040-09-24 15:00:00+00:00,0.3955320393510033,0.8772617265448014
2040-09-24 16:00:00+00:00,0.39277850722427615,0.8771484881198458
2040-09-24 17:00:00+00:00,0.12827552615879204,0.8770352278415114
2040-09-24 18:00:00+00:00,0.027528728976601476,0.8769219550924062
2040-09-24 19:00:00+00:00,0.024448706390050406,0.8768086742596322
2040-09-24 20:00:00+00:00,0.020913034422861895,0.8766953853144656
2040-09-24 21:00:00+00:00,0.01666086769033297,0.8765820867879343
2040-09-24 22:00:00+00:00,0.011000941786144603,0.8764687838319967
2040-09-24 23:00:00+00:00,3.8540215549995e-05,0.8763554755989376
2040-09-25 00:00:00+00:00,3.3624359631451e-05,0.8762421803530729
2040-09-25 01:00:00+00:00,2.3457310626990346e-05,0.8761289239478657
2040-09-25 02:00:00+00:00,2.2672322037976122e-05,0.8760157642959532
2040-09-25 03:00:00+00:00,2.1777998142646855e-05,0.8759026844477972
2040-09-25 04:00:00+00:00,2.0735542093759574e-05,0.8757896750976281
2040-09-25 05:00:00+00:00,1.950073881223996e-05,0.8756766856104509
2040-09-25 06:00:00+00:00,1.801239764574356e-05,0.8755636970046399
2040-09-25 07:00:00+00:00,1.6171764478054853e-05,0.8754507055222258
2040-09-25 08:00:00+00:00,1.3671628420230738e-05,0.8753377115788183
2040-09-25 09:00:00+00:00,0.1983946639765426,0.8752247318425037
2040-09-25 10:00:00+00:00,0.39677601165826126,0.8751117679740783
2040-09-25 11:00:00+00:00,0.5951575678578346,0.8749993103634346
2040-09-25 12:00:00+00:00,0.7935391078199329,0.8748868517721956
2040-09-25 13:00:00+00:00,0.9919200559250468,0.8747738722408882
2040-09-25 14:00:00+00:00,0.9342040184843835,0.874660873892525
2040-09-25 15:00:00+00:00,0.934200704215326,0.874547873820699
2040-09-25 16:00:00+00:00,0.9030611628395897,0.8744348708342968
2040-09-25 17:00:00+00:00,0.7310562297059575,0.8743218643219479
2040-09-25 18:00:00+00:00,0.7051509216458753,0.8742088520297947
2040-09-25 19:00:00+00:00,0.6825028902181871,0.8740958224898444
2040-09-25 20:00:00+00:00,0.6610997122600579,0.873982767821638
2040-09-25 21:00:00+00:00,0.6402664392836163,0.8738696723559395
2040-09-25 22:00:00+00:00,0.6206008835428322,0.8737565440282067
2040-09-25 23:00:00+00:00,0.6015244309706547,0.8736433882946543
2040-09-26 00:00:00+00:00,0.5823689833800547,0.8735302126313907
2040-09-26 01:00:00+00:00,0.563122572161911,0.873417016712196
2040-09-26 02:00:00+00:00,0.5440146400706637,0.8733038015081216
2040-09-26 03:00:00+00:00,0.5245408769662379,0.8731905690701857
2040-09-26 04:00:00+00:00,0.5001679840565578,0.873077325792969
2040-09-26 05:00:00+00:00,0.2945665780749866,0.8729640718472199
2040-09-26 06:00:00+00:00,0.03272237726441006,0.8728507974304579
2040-09-26 07:00:00+00:00,2.645220441534478e-07,0.8727374913098316
2040-09-26 08:00:00+00:00,4.738978267406455e-06,0.8726246882236964
2040-09-26 09:00:00+00:00,4.2595787366022936e-06,0.8725118546433485
2040-09-26 10:00:00+00:00,0.19838490115878304,0.8725289594195055
2040-09-26 11:00:00+00:00,0.3967658289393995,0.8725460522074491
2040-09-26 12:00:00+00:00,0.5951467600809205,0.8725631356361129
2040-09-26 13:00:00+00:00,0.7518031365598214,0.8725801240440318
2040-09-26 14:00:00+00:00,0.7517931386699428,0.8724672523036897
2040-09-26 15:00:00+00:00,0.7517830691508459,0.8723543744956335
2040-09-26 16:00:00+00:00,0.5604650992598897,0.8722411998600799
2040-09-26 17:00:00+00:00,0.29595654354205675,0.8721277900488966
2040-09-26 18:00:00+00:00,0.06342783113035745,0.8720146136680209
2040-09-26 19:00:00+00:00,0.03697300015921221,0.8719014329518472
2040-09-26 20:00:00+00:00,0.031367447122622544,0.8717882493241745
2040-09-26 21:00:00+00:00,0.02791561397665328,0.8716750625641999
2040-09-26 22:00:00+00:00,0.023966971480797225,0.8715618728411859
2040-09-26 23:00:00+00:00,0.019175191392365235,0.8714486797102008
2040-09-27 00:00:00+00:00,0.012538781831320412,0.8713354830518983
2040-09-27 01:00:00+00:00,0.00013575569609929002,0.8712222820143907
2040-09-27 02:00:00+00:00,0.00012477504445575202,0.8711093779215645
2040-09-27 03:00:00+00:00,0.00011241933685465717,0.8709964706645883
2040-09-27 04:00:00+00:00,9.800515323929775e-05,0.8708835597010458
2040-09-27 05:00:00+00:00,8.04563930329517e-05,0.8707706453237317
2040-09-27 06:00:00+00:00,5.661261006116288e-05,0.8706577277480112
2040-09-27 07:00:00+00:00,1.0004114617268e-05,0.8705448026867064
2040-09-27 08:00:00+00:00,9.347772717875116e-06,0.8705616888359242
2040-09-27 09:00:00+00:00,8.618415148787136e-06,0.8705786119907493
2040-09-27 10:00:00+00:00,2.1699790183410017e-05,0.8705955854889678
2040-09-27 11:00:00+00:00,3.0583744170074136e-05,0.8706125589677444
2040-09-27 12:00:00+00:00,0.029254926513998098,0.870629535665119
2040-09-27 13:00:00+00:00,0.029241631772834262,0.8706464456841916
2040-09-27 14:00:00+00:00,0.0292281784490238,0.8706633533920017
2040-09-27 15:00:00+00:00,0.029214724953579855,0.8706802590005067
2040-09-27 16:00:00+00:00,0.028193084719777925,0.870697130847133
2040-09-27 17:00:00+00:00,0.02659171257330892,0.8707140015752567
2040-09-27 18:00:00+00:00,0.025485971985777324,0.8707308699892852
2040-09-27 19:00:00+00:00,0.024335291628259374,0.8707477382477027
2040-09-27 20:00:00+00:00,0.023128502472501904,0.8707646039914838
2040-09-27 21:00:00+00:00,0.021855351592728417,0.8707814676036746
2040-09-27 22:00:00+00:00,0.020504174240074183,0.8707983286289278
2040-09-27 23:00:00+00:00,0.019059562188051413,0.8708151868451319
2040-09-28 00:00:00+00:00,0.01749953577691537,0.8708320418541502
2040-09-28 01:00:00+00:00,0.01578759969260236,0.8708488943982606
2040-09-28 02:00:00+00:00,0.013870462507169088,0.8708657439978739
2040-09-28 03:00:00+00:00,0.01165609568829242,0.8708825907959252
2040-09-28 04:00:00+00:00,0.008907560971021184,0.8708994341101587
2040-09-28 05:00:00+00:00,0.004928888811913863,0.8709162740455128
2040-09-28 06:00:00+00:00,4.415529397112306e-06,0.8709331104399362
2040-09-28 07:00:00+00:00,5.594687735945288e-06,0.8709500624840254
2040-09-28 08:00:00+00:00,7.081380492995004e-06,0.8709670492973404
2040-09-28 09:00:00+00:00,0.1983855898001849,0.8709840698124351
2040-09-28 10:00:00+00:00,0.39676429147862713,0.8710011074134902
2040-09-28 11:00:00+00:00,0.595143512657592,0.8710181454965619
2040-09-28 12:00:00+00:00,0.7935233609419474,0.8710351900500821
2040-09-28 13:00:00+00:00,0.9919025297148756,0.871052231190113
2040-09-28 14:00:00+00:00,0.9999959529299451,0.8710692589359956
2040-09-28 15:00:00+00:00,0.9999913617094024,0.871086261725163
2040-09-28 16:00:00+00:00,0.9946530224897393,0.8711032324842352
2040-09-28 17:00:00+00:00,0.7640713615988096,0.871120197387565
2040-09-28 18:00:00+00:00,0.7614592171049116,0.871137157390557
2040-09-28 19:00:00+00:00,0.7588296787799088,0.8711541139828799
2040-09-28 20:00:00+00:00,0.7561658641906226,0.8711710659246833
2040-09-28 21:00:00+00:00,0.7534811786656072,0.8711880133937266
2040-09-28 22:00:00+00:00,0.7507379828853619,0.8712049568562505
2040-09-28 23:00:00+00:00,0.7481620539994206,0.8712218956795175
2040-09-29 00:00:00+00:00,0.6297812650894019,0.8712388297083079
2040-09-29 01:00:00+00:00,0.5128007099921886,0.8712557593870166
2040-09-29 02:00:00+00:00,0.39581773057843844,0.8712726844285463
2040-09-29 03:00:00+00:00,0.2232227074412279,0.871289603570782
2040-09-29 04:00:00+00:00,0.020429351059283,0.8713065161991491
2040-09-29 05:00:00+00:00,0.01193016853785397,0.8713234225375268
2040-09-29 06:00:00+00:00,0.008123964380673582,0.8713403229542926
2040-09-29 07:00:00+00:00,0.008109953708148461,0.8713572252354886
2040-09-29 08:00:00+00:00,0.008094702626869893,0.871374119542181
2040-09-29 09:00:00+00:00,0.20647477532697353,0.8713910579846604
2040-09-29 10:00:00+00:00,0.4048548748775133,0.8714079915541938
2040-09-29 11:00:00+00:00,0.6032349160479034,0.8714249211585245
2040-09-29 12:00:00+00:00,0.80161493474614,0.8714418493648074
2040-09-29 13:00:00+00:00,0.9999892834567123,0.8714587604952932
2040-09-29 14:00:00+00:00,0.9999862016551349,0.8714756351847466
2040-09-29 15:00:00+00:00,0.999986129623054,0.8714925084968241
2040-09-29 16:00:00+00:00,0.9257493404770398,0.8715092957452772
2040-09-29 17:00:00+00:00,0.7849286381181259,0.8715260850617604
2040-09-29 18:00:00+00:00,0.740343564876551,0.8715428719835553
2040-09-29 19:00:00+00:00,0.704545152931555,0.8715596550034065
2040-09-29 20:00:00+00:00,0.6715786632490691,0.8715764339607281
2040-09-29 21:00:00+00:00,0.6387267299586628,0.8715932093595405
2040-09-29 22:00:00+00:00,0.6086558092024963,0.871609980995672
2040-09-29 23:00:00+00:00,0.5795967203386594,0.8716267488077127
2040-09-30 00:00:00+00:00,0.5510426666545354,0.8716435127770388
2040-09-30 01:00:00+00:00,0.5213690443612925,0.8716602725047029
2040-09-30 02:00:00+00:00,0.4910989192587174,0.871677027585765
2040-09-30 03:00:00+00:00,0.4588875504389803,0.8716937779968464
2040-09-30 04:00:00+00:00,0.41656373525863405,0.8717105247672844
2040-09-30 05:00:00+00:00,0.23935208545134679,0.8717272676077852
2040-09-30 06:00:00+00:00,2.8699480950713165e-05,0.8717440083587825
2040-09-30 07:00:00+00:00,7.72772882666038e-07,0.8717607778646043
2040-09-30 08:00:00+00:00,1.5445856245431175e-05,0.8717776460804085
2040-09-30 09:00:00+00:00,0.00011150671218559801,0.8717945125077105
2040-09-30 10:00:00+00:00,0.19848855835570198,0.8718113790285312
2040-09-30 11:00:00+00:00,0.3968655585727263,0.8718282412172104
2040-09-30 12:00:00+00:00,0.5952427691144919,0.8718450993243176
2040-09-30 13:00:00+00:00,0.7936197961659944,0.8718619533303814
2040-09-30 14:00:00+00:00,0.7935672854721716,0.8718788008541732
2040-09-30 15:00:00+00:00,0.7934639374389791,0.8718956503177574
2040-09-30 16:00:00+00:00,0.7568227800333016,0.8719124989437556
2040-09-30 17:00:00+00:00,0.49493337250443603,0.8719293468086204
2040-09-30 18:00:00+00:00,0.4548968415793105,0.8719461904990278
2040-09-30 19:00:00+00:00,0.4225925374018794,0.8719630300267467
2040-09-30 20:00:00+00:00,0.3905431211899048,0.871979865447581
2040-09-30 21:00:00+00:00,0.35901424549780037,0.871996696696667
2040-09-30 22:00:00+00:00,0.33682648884101224,0.8720135235428129
2040-09-30 23:00:00+00:00,0.3210642357897887,0.8720303457503696
2040-10-01 00:00:00+00:00,0.3209445705983003,0.872047163464045
2040-10-01 01:00:00+00:00,0.32013473930685343,0.8720639772871305
2040-10-01 02:00:00+00:00,0.2916527560109337,0.8720807863621152
2040-10-01 03:00:00+00:00,0.2485431744038569,0.8720975910257657
2040-10-01 04:00:00+00:00,0.19556393400640926,0.8721143912686815
2040-10-01 05:00:00+00:00,0.12687961899408892,0.8721311874956243
2040-10-01 06:00:00+00:00,0.008451207381369456,0.8721479808712874
2040-10-01 07:00:00+00:00,0.008329108520447506,0.8721647701269373
2040-10-01 08:00:00+00:00,0.008277402199711641,0.8721815551140106
2040-10-01 09:00:00+00:00,0.20646240859324938,0.8721983368271781
2040-10-01 10:00:00+00:00,0.40483935799908105,0.8722151200484469
2040-10-01 11:00:00+00:00,0.6032163990617925,0.8722319017346155
2040-10-01 12:00:00+00:00,0.8015933781079823,0.8722486796665893
2040-10-01 13:00:00+00:00,0.9999704958797586,0.8722654568493685
2040-10-01 14:00:00+00:00,0.9999640581605733,0.8722822297986704
2040-10-01 15:00:00+00:00,0.999965661217037,0.8722990014447094
2040-10-01 16:00:00+00:00,0.9999714635224073,0.8723157705698035
2040-10-01 17:00:00+00:00,0.735496881000325,0.8723325340090103
2040-10-01 18:00:00+00:00,0.735539260094037,0.8723492971899782
2040-10-01 19:00:00+00:00,0.7355777749166132,0.872366058537214
2040-10-01 20:00:00+00:00,0.7356160670220931,0.8723828181919754
2040-10-01 21:00:00+00:00,0.7356543385141574,0.8723995740014476
2040-10-01 22:00:00+00:00,0.7356926911072099,0.8724163255089027
2040-10-01 23:00:00+00:00,0.7357310517040205,0.8724330694622359
2040-10-02 00:00:00+00:00,0.7357693750734268,0.8724497858744856
2040-10-02 01:00:00+00:00,0.735807721231776,0.8724664510031247
2040-10-02 02:00:00+00:00,0.7358460947634085,0.8724830076554805
2040-10-02 03:00:00+00:00,0.7358845085588465,0.8724994732016829
2040-10-02 04:00:00+00:00,0.7359229800148402,0.8725158603137995
2040-10-02 05:00:00+00:00,0.7359615634122805,0.8725322190866878
2040-10-02 06:00:00+00:00,0.7360000496473287,0.872548570566295
2040-10-02 07:00:00+00:00,0.7360364844074906,0.8725649172971702
2040-10-02 08:00:00+00:00,0.7377395105720402,0.8725812593022547
2040-10-02 09:00:00+00:00,0.7539473028131783,0.8725975940509305
2040-10-02 10:00:00+00:00,0.775202628760549,0.8726139200236991
2040-10-02 11:00:00+00:00,0.9735811095942847,0.8726302406536555
2040-10-02 12:00:00+00:00,0.9963381312403556,0.8726465480161144
2040-10-02 13:00:00+00:00,0.999978155836541,0.8726628508134133
2040-10-02 14:00:00+00:00,0.9999944512926858,0.8726791492139325
2040-10-02 15:00:00+00:00,0.9999986224833117,0.8726954413441526
2040-10-02 16:00:00+00:00,0.9999688160939164,0.8727116791146349
2040-10-02 17:00:00+00:00,0.9999561100962568,0.8727279169164217
2040-10-02 18:00:00+00:00,0.9999474230734068,0.8727441564769446
2040-10-02 19:00:00+00:00,0.9999408477062235,0.8727604091358807
2040-10-02 20:00:00+00:00,0.9999356331508671,0.8727766725564734
2040-10-02 21:00:00+00:00,0.9999314207688578,0.8727929453568908
2040-10-02 22:00:00+00:00,0.9999279754216858,0.8728092151200774
2040-10-02 23:00:00+00:00,0.9999252189663751,0.8728254808130139
2040-10-03 00:00:00+00:00,0.9999230359850113,0.8728417452199096
2040-10-03 01:00:00+00:00,0.9999213563502184,0.8728580187353394
2040-10-03 02:00:00+00:00,0.9999201045547537,0.8728742932143878
2040-10-03 03:00:00+00:00,0.9999198368620046,0.8728905674383566
2040-10-03 04:00:00+00:00,0.9999195324713857,0.8729068359423482
2040-10-03 05:00:00+00:00,0.9999196248772445,0.87292310182971
2040-10-03 06:00:00+00:00,0.999920125430501,0.8729393697692465
2040-10-03 07:00:00+00:00,0.9999209185154313,0.8729556562657325
2040-10-03 08:00:00+00:00,0.9999259976970201,0.8729719608116187
2040-10-03 09:00:00+00:00,0.9999322201983215,0.872988269126718
2040-10-03 10:00:00+00:00,0.9999398073066615,0.8730045781023947
2040-10-03 11:00:00+00:00,0.9999496444343697,0.8730208841609909
2040-10-03 12:00:00+00:00,0.9999637754328214,0.8730371877609628
2040-10-03 13:00:00+00:00,0.99999321427343,0.873053487391654
2040-10-03 14:00:00+00:00,0.9999933122808498,0.8730697022230822
2040-10-03 15:00:00+00:00,0.9999954262533753,0.8730858644016232
2040-10-03 16:00:00+00:00,0.9999989275863974,0.8731016968056877
2040-10-03 17:00:00+00:00,0.9999917462292689,0.8729875740876407
2040-10-03 18:00:00+00:00,0.9999906794979132,0.8728734612825834
2040-10-03 19:00:00+00:00,0.9999905281423012,0.8727593597021706
2040-10-03 20:00:00+00:00,0.9999912616748898,0.872645277121385
2040-10-03 21:00:00+00:00,0.9999931719615384,0.8725312319217461
2040-10-03 22:00:00+00:00,0.9999917545239765,0.8724172610796362
2040-10-03 23:00:00+00:00,0.9999912285084837,0.8723033939773518
2040-10-04 00:00:00+00:00,0.999986533965441,0.872189633408738
2040-10-04 01:00:00+00:00,0.9999835376271702,0.8720760067946917
2040-10-04 02:00:00+00:00,0.9999813768106187,0.8719625318312227
2040-10-04 03:00:00+00:00,0.9999785055158571,0.8718491381811696
2040-10-04 04:00:00+00:00,0.9999762572533785,0.871735836928224
2040-10-04 05:00:00+00:00,0.99997444525317,0.8716226624377988
2040-10-04 06:00:00+00:00,0.9999729571705945,0.871509595788369
2040-10-04 07:00:00+00:00,0.9999717285398263,0.8713966626173878
2040-10-04 08:00:00+00:00,0.9999716451112476,0.8712837766350489
2040-10-04 09:00:00+00:00,0.999971624558549,0.8711709030954868
2040-10-04 10:00:00+00:00,0.9999719156992937,0.8710580322873426
2040-10-04 11:00:00+00:00,0.999972398729558,0.8709451619244175
2040-10-04 12:00:00+00:00,0.9999730828256241,0.8708322910602341
2040-10-04 13:00:00+00:00,0.9999739887748496,0.8707194201572962
2040-10-04 14:00:00+00:00,0.9999751256776243,0.870606550838433
2040-10-04 15:00:00+00:00,0.9999765077773181,0.8704936830182002
2040-10-04 16:00:00+00:00,0.9211809448329481,0.8703808108306469
2040-10-04 17:00:00+00:00,0.7479212125118309,0.8702679394233245
2040-10-04 18:00:00+00:00,0.7023552705861421,0.8701550666931177
2040-10-04 19:00:00+00:00,0.6602940698731321,0.8700421889243756
2040-10-04 20:00:00+00:00,0.6173241430977804,0.86992930848267
2040-10-04 21:00:00+00:00,0.5664005169322305,0.8698164249905959
2040-10-04 22:00:00+00:00,0.48313306603600836,0.869703538474701
2040-10-04 23:00:00+00:00,0.44548701906546195,0.8695906485347028
2040-10-05 00:00:00+00:00,0.39984068613289475,0.8694777552442685
2040-10-05 01:00:00+00:00,0.3610942109483167,0.8693648591397652
2040-10-05 02:00:00+00:00,0.32108734548590556,0.8692519595495666
2040-10-05 03:00:00+00:00,0.27777431849649475,0.8691390555578521
2040-10-05 04:00:00+00:00,0.2279515668781079,0.8690261479183182
2040-10-05 05:00:00+00:00,0.16232986780513406,0.8689132354536694
2040-10-05 06:00:00+00:00,0.06797870754451595,0.8688003189444803
2040-10-05 07:00:00+00:00,1.505050957684169e-05,0.8686873790142967
2040-10-05 08:00:00+00:00,1.309481242090094e-05,0.8685744099613725
2040-10-05 09:00:00+00:00,1.09818726487627e-05,0.8684614186489373
2040-10-05 10:00:00+00:00,0.19838221702675815,0.8683484157704646
2040-10-05 11:00:00+00:00,0.20570877394429038,0.8682354036574724
2040-10-05 12:00:00+00:00,0.2057050453421476,0.8681223688867035
2040-10-05 13:00:00+00:00,0.20570042624339885,0.8680093295533857
2040-10-05 14:00:00+00:00,0.2056957889850872,0.8678962878594305
2040-10-05 15:00:00+00:00,0.20569115306963423,0.8677832449805107
2040-10-05 16:00:00+00:00,0.20274005135245757,0.8676701991895022
2040-10-05 17:00:00+00:00,0.19972606209830693,0.8675571521341374
2040-10-05 18:00:00+00:00,0.19661719047519424,0.8674441020568765
2040-10-05 19:00:00+00:00,0.06889534392639314,0.8673310487916132
2040-10-05 20:00:00+00:00,0.06533262222623422,0.8672179933439675
2040-10-05 21:00:00+00:00,0.06192563280894363,0.8671049351091389
2040-10-05 22:00:00+00:00,0.05834683348140254,0.8669918739678599
2040-10-05 23:00:00+00:00,0.054546660581896736,0.86687881016273
2040-10-06 00:00:00+00:00,0.050476688745061435,0.8667657432707343
2040-10-06 01:00:00+00:00,0.04605392860592401,0.8666526732918696
2040-10-06 02:00:00+00:00,0.04118123498303463,0.866539600566919
2040-10-06 03:00:00+00:00,0.035720338810335345,0.8664265255340009
2040-10-06 04:00:00+00:00,0.029067752208873674,0.8663134477910069
2040-10-06 05:00:00+00:00,0.019932611067125114,0.8662003673388494
2040-10-06 06:00:00+00:00,5.027647579387278e-07,0.8660872863589724
2040-10-06 07:00:00+00:00,2.9448742334733605e-06,0.8659744567053779
2040-10-06 08:00:00+00:00,1.4415196128821207e-05,0.8659916725079764
2040-10-06 09:00:00+00:00,0.19839530678869008,0.8660090628770611
2040-10-06 10:00:00+00:00,0.3967762462831607,0.8660264511232614
2040-10-06 11:00:00+00:00,0.4071150194703875,0.8660437273457426
2040-10-06 12:00:00+00:00,0.40711926675642357,0.8660609320093846
2040-10-06 13:00:00+00:00,0.40712262916857,0.8660781327861439
2040-10-06 14:00:00+00:00,0.40711335524033937,0.8659652889362344
2040-10-06 15:00:00+00:00,0.4071040885381905,0.8658524395651761
2040-10-06 16:00:00+00:00,0.4005043582676396,0.8657394823596015
2040-10-06 17:00:00+00:00,0.22718153537469088,0.8656265183133653
2040-10-06 18:00:00+00:00,0.16267750464531516,0.8655135504678184
2040-10-06 19:00:00+00:00,0.15538732131715297,0.8654005810253842
2040-10-06 20:00:00+00:00,0.1481442830150937,0.8652876096546432
2040-10-06 21:00:00+00:00,0.14061390176155106,0.8651746356557867
2040-10-06 22:00:00+00:00,0.13272492459516974,0.8650616587371543
2040-10-06 23:00:00+00:00,0.12443490478167768,0.8649486789278178
2040-10-07 00:00:00+00:00,0.11566352132991702,0.864835696174747
2040-10-07 01:00:00+00:00,0.10630960794871375,0.8647227107121596
2040-10-07 02:00:00+00:00,0.09619590800376052,0.8646097227902105
2040-10-07 03:00:00+00:00,0.08500700272334602,0.8644967324049324
2040-10-07 04:00:00+00:00,0.07223874571458445,0.864383739819798
2040-10-07 05:00:00+00:00,0.05677348974201786,0.864270745859173
2040-10-07 06:00:00+00:00,0.03619520640242398,0.8641577499284488
2040-10-07 07:00:00+00:00,6.056437012332167e-05,0.8640447506228819
2040-10-07 08:00:00+00:00,6.476471854566529e-05,0.8640618923325892
2040-10-07 09:00:00+00:00,6.895283940100927e-05,0.8640790419534597
2040-10-07 10:00:00+00:00,7.70255367752028e-05,0.8640962291961914
2040-10-07 11:00:00+00:00,8.38521359263101e-05,0.8641134151773933
2040-10-07 12:00:00+00:00,8.66141923824546e-05,0.864130561014258
2040-10-07 13:00:00+00:00,8.890445230067859e-05,0.8641477047981435
2040-10-07 14:00:00+00:00,9.048008090041033e-05,0.8641648351777599
2040-10-07 15:00:00+00:00,9.176473723167208e-05,0.8641819579179136
2040-10-07 16:00:00+00:00,9.104969093878844e-05,0.864198984372657
2040-10-07 17:00:00+00:00,9.017771278094702e-05,0.8642160063958281
2040-10-07 18:00:00+00:00,8.900673830893728e-05,0.8642330265737964
2040-10-07 19:00:00+00:00,8.75318971804173e-05,0.8642500462205432
2040-10-07 20:00:00+00:00,8.577054495086488e-05,0.8642670641169762
2040-10-07 21:00:00+00:00,8.370076010021774e-05,0.8642840800918336
2040-10-07 22:00:00+00:00,8.126518550113077e-05,0.8643010932799464
2040-10-07 23:00:00+00:00,7.840167342826789e-05,0.8643181032070526
2040-10-08 00:00:00+00:00,7.509247311680602e-05,0.864335111675579
2040-10-08 01:00:00+00:00,7.124417094738174e-05,0.8643521178232006
2040-10-08 02:00:00+00:00,6.676004674413007e-05,0.8643691225764083
2040-10-08 03:00:00+00:00,6.145636521540146e-05,0.8643861256103498
2040-10-08 04:00:00+00:00,5.5043846368997634e-05,0.8644031268318186
2040-10-08 05:00:00+00:00,4.6980050265049136e-05,0.8644201259761866
2040-10-08 06:00:00+00:00,3.6015628033923925e-05,0.8644371242867401
2040-10-08 07:00:00+00:00,1.7418046769485452e-05,0.8644541247239997
2040-10-08 08:00:00+00:00,1.443148253748963e-06,0.8644712270635159
2040-10-08 09:00:00+00:00,1.3279767276377231e-05,0.8644885045938906
2040-10-08 10:00:00+00:00,1.4212003326830253e-05,0.8645057930878158
2040-10-08 11:00:00+00:00,1.9961679107572186e-06,0.8645230900776942
2040-10-08 12:00:00+00:00,0.016017655535927468,0.8645404173292396
2040-10-08 13:00:00+00:00,0.02512012868532751,0.864557769119392
2040-10-08 14:00:00+00:00,0.031460468807324005,0.8645751431873133
2040-10-08 15:00:00+00:00,0.03670083051581382,0.8645925222856948
2040-10-08 16:00:00+00:00,0.04131770793067919,0.8646099216751789
2040-10-08 17:00:00+00:00,0.04135120153782872,0.8646273443523033
2040-10-08 18:00:00+00:00,0.041384329900111504,0.8646447873242501
2040-10-08 19:00:00+00:00,0.044870929304724076,0.8646622329707924
2040-10-08 20:00:00+00:00,0.04812385267913407,0.864679683541371
2040-10-08 21:00:00+00:00,0.0511897957944553,0.8646971540420137
2040-10-08 22:00:00+00:00,0.05408788831891867,0.8647146692755876
2040-10-08 23:00:00+00:00,0.05683168907363442,0.8647322716372287
2040-10-09 00:00:00+00:00,0.05945994797778282,0.864749966932499
2040-10-09 01:00:00+00:00,0.06200821074743529,0.8647677610555065
2040-10-09 02:00:00+00:00,0.06204176273808465,0.8647856308363218
2040-10-09 03:00:00+00:00,0.06207598547537742,0.8648035497673117
2040-10-09 04:00:00+00:00,0.06211035453681114,0.8648214780762657
2040-10-09 05:00:00+00:00,0.06214475256565438,0.8648394112662546
2040-10-09 06:00:00+00:00,0.062179308743831346,0.8648573451498508
2040-10-09 07:00:00+00:00,0.06424316416709844,0.8648752817612574
2040-10-09 08:00:00+00:00,0.20077536328861315,0.8648932249535185
2040-10-09 09:00:00+00:00,0.3991505471260494,0.8649111820323138
2040-10-09 10:00:00+00:00,0.5975289535593078,0.8649291544942237
2040-10-09 11:00:00+00:00,0.7811805291217915,0.8649471421768732
2040-10-09 12:00:00+00:00,0.9570863998248126,0.8649651458524902
2040-10-09 13:00:00+00:00,0.9799271234107026,0.8649831611507566
2040-10-09 14:00:00+00:00,0.9957146009415878,0.8650011916166287
2040-10-09 15:00:00+00:00,0.9999992493563681,0.8650192461131428
2040-10-09 16:00:00+00:00,0.9999693890466963,0.865037200143666
2040-10-09 17:00:00+00:00,0.9982524566941797,0.8650551087409784
2040-10-09 18:00:00+00:00,0.9973971211879874,0.865073014837336
2040-10-09 19:00:00+00:00,0.997359038124993,0.8650909276929477
2040-10-09 20:00:00+00:00,0.9973472538243339,0.8651088605915419
2040-10-09 21:00:00+00:00,0.9973358186261018,0.8651267867078642
2040-10-09 22:00:00+00:00,0.9973226436093663,0.865144715320978
2040-10-09 23:00:00+00:00,0.9973095561779016,0.8651626496136212
2040-10-10 00:00:00+00:00,0.9972965522701467,0.8651805830400876
2040-10-10 01:00:00+00:00,0.9972836433687569,0.8651985029495887
2040-10-10 02:00:00+00:00,0.9972725317259247,0.8652164200825265
2040-10-10 03:00:00+00:00,0.9972413837488059,0.8652343044537026
2040-10-10 04:00:00+00:00,0.9970560055565663,0.8652521642572945
2040-10-10 05:00:00+00:00,0.9968716645469603,0.865270020018634
2040-10-10 06:00:00+00:00,0.9966993946532883,0.8652878680218705
2040-10-10 07:00:00+00:00,0.9966886155285568,0.865305742116283
2040-10-10 08:00:00+00:00,0.9966762502998906,0.8653235981889673
2040-10-10 09:00:00+00:00,0.9965297007948434,0.8653414055195895
2040-10-10 10:00:00+00:00,0.9963861776855439,0.8653592208644827
2040-10-10 11:00:00+00:00,0.9962520449589188,0.8653770484544547
2040-10-10 12:00:00+00:00,0.9911852654267922,0.8653948736166553
2040-10-10 13:00:00+00:00,0.9910566723632962,0.8654127128716279
2040-10-10 14:00:00+00:00,0.9862561322797199,0.8654305482727666
2040-10-10 15:00:00+00:00,0.9824089868260637,0.8654483958722297
2040-10-10 16:00:00+00:00,0.8020477076004284,0.865466253963414
2040-10-10 17:00:00+00:00,0.7683828475768075,0.8654841200535766
2040-10-10 18:00:00+00:00,0.7652646430801815,0.8655019817232358
2040-10-10 19:00:00+00:00,0.7621803806096584,0.8655198383888528
2040-10-10 20:00:00+00:00,0.7589867111442774,0.8655376851722958
2040-10-10 21:00:00+00:00,0.7559633121500755,0.8655555076789864
2040-10-10 22:00:00+00:00,0.7529857758507762,0.865573253379529
2040-10-10 23:00:00+00:00,0.750043372467659,0.8655908980160482
2040-10-11 00:00:00+00:00,0.749078296619967,0.8656084294660733
2040-10-11 01:00:00+00:00,0.7489513145399315,0.8656258312556895
2040-10-11 02:00:00+00:00,0.7488241948613455,0.865643076423871
2040-10-11 03:00:00+00:00,0.748696874434497,0.8656602336453378
2040-10-11 04:00:00+00:00,0.7485693666703205,0.865677292879868
2040-10-11 05:00:00+00:00,0.7484417428904051,0.8656942202177051
2040-10-11 06:00:00+00:00,0.7456589281229516,0.8657110247178605
2040-10-11 07:00:00+00:00,0.7455334235922516,0.8657276971730512
2040-10-11 08:00:00+00:00,0.745521328558618,0.8657443666449571
2040-10-11 09:00:00+00:00,0.7455093540693185,0.8657610174909864
2040-10-11 10:00:00+00:00,0.7454974002989778,0.8657776590442127
2040-10-11 11:00:00+00:00,0.820273618863347,0.8657943848298909
2040-10-11 12:00:00+00:00,0.9999926256044156,0.8658111040797816
2040-10-11 13:00:00+00:00,0.9999902316174725,0.8658277259727132
2040-10-11 14:00:00+00:00,0.9999899828974163,0.8658443359405533
2040-10-11 15:00:00+00:00,0.9999902107556069,0.865860890914036
2040-10-11 16:00:00+00:00,0.9999907737454987,0.865877336120911
2040-10-11 17:00:00+00:00,0.8712032141354943,0.8657637015212302
2040-10-11 18:00:00+00:00,0.8712124144979629,0.8657802389664119
2040-10-11 19:00:00+00:00,0.8712213394497328,0.8657967883682611
2040-10-11 20:00:00+00:00,0.8712301784144718,0.8658133578536739
2040-10-11 21:00:00+00:00,0.8712391227843597,0.8658299506739188
2040-10-11 22:00:00+00:00,0.8712480789363939,0.865846574567789
2040-10-11 23:00:00+00:00,0.8712570343642834,0.8658632300469608
2040-10-12 00:00:00+00:00,0.8712675034912035,0.8658799280276755
2040-10-12 01:00:00+00:00,0.8712781629237465,0.8658966724975371
2040-10-12 02:00:00+00:00,0.8737312628617095,0.8659135124121764
2040-10-12 03:00:00+00:00,0.8762556783794441,0.865930408635031
2040-10-12 04:00:00+00:00,0.8788477325968864,0.8659473584034107
2040-10-12 05:00:00+00:00,0.8815042692169096,0.8659643503065949
2040-10-12 06:00:00+00:00,0.8842387810212501,0.8659813783963156
2040-10-12 07:00:00+00:00,0.8873916345386268,0.8659984971494324
2040-10-12 08:00:00+00:00,0.8903234382841684,0.8660156841677302
2040-10-12 09:00:00+00:00,0.8932693356937171,0.8660329143748624
2040-10-12 10:00:00+00:00,0.8962651136963097,0.8660501664360895
2040-10-12 11:00:00+00:00,0.8993884391242346,0.8660674497012032
2040-10-12 12:00:00+00:00,0.9025505563849028,0.866084773546631
2040-10-12 13:00:00+00:00,0.9058107080995311,0.8661021376310649
2040-10-12 14:00:00+00:00,0.9096671631374826,0.8661195383480143
2040-10-12 15:00:00+00:00,0.9132042985953815,0.8661369690134697
2040-10-12 16:00:00+00:00,0.9132147943324079,0.8661543859279421
2040-10-12 17:00:00+00:00,0.9132251863572075,0.8661718314656339
2040-10-12 18:00:00+00:00,0.913235548932018,0.866189298816513
2040-10-12 19:00:00+00:00,0.9132459338253893,0.866206775554044
2040-10-12 20:00:00+00:00,0.9132620053234413,0.8662242746048351
2040-10-12 21:00:00+00:00,0.917652251757865,0.8662418056804954
2040-10-12 22:00:00+00:00,0.9176626130089822,0.8662592910043249
2040-10-12 23:00:00+00:00,0.9176728585179929,0.8662767767405652
2040-10-13 00:00:00+00:00,0.9176831383209575,0.8662942626655434
2040-10-13 01:00:00+00:00,0.917693421993297,0.8663117496448185
2040-10-13 02:00:00+00:00,0.9177035952787157,0.8663292360786418
2040-10-13 03:00:00+00:00,0.9177138578259119,0.8663467233937724
2040-10-13 04:00:00+00:00,0.9177240317064222,0.8663642112992614
2040-10-13 05:00:00+00:00,0.917734188130274,0.8663816988626653
2040-10-13 06:00:00+00:00,0.9177443362478377,0.8663991835824504
2040-10-13 07:00:00+00:00,0.9177543754939018,0.8664166663234025
2040-10-13 08:00:00+00:00,0.9177712991705474,0.866434171745436
2040-10-13 09:00:00+00:00,0.9278387821138813,0.8664517069676729
2040-10-13 10:00:00+00:00,0.9278487673115032,0.8664692049357201
2040-10-13 11:00:00+00:00,0.9278593747966012,0.8664867216365065
2040-10-13 12:00:00+00:00,0.9439120643281669,0.8665043044175256
2040-10-13 13:00:00+00:00,0.9687541182272519,0.8665219131901422
2040-10-13 14:00:00+00:00,0.9999771750627211,0.8665395702010679
2040-10-13 15:00:00+00:00,0.9999993998551954,0.8665572287142065
2040-10-13 16:00:00+00:00,0.9712801966244488,0.8664446456266576
2040-10-13 17:00:00+00:00,0.9548097291155976,0.8663320909826541
2040-10-13 18:00:00+00:00,0.9424930612932585,0.8662195628109046
2040-10-13 19:00:00+00:00,0.9323437291558512,0.8661071903276242
2040-10-13 20:00:00+00:00,0.923543869586775,0.8659949512714358
2040-10-13 21:00:00+00:00,0.915997946523644,0.8658828752824692
2040-10-13 22:00:00+00:00,0.909147733661056,0.8657709647031859
2040-10-13 23:00:00+00:00,0.9027745809502462,0.8656591605905929
2040-10-14 00:00:00+00:00,0.8964469101574805,0.8655473883963725
2040-10-14 01:00:00+00:00,0.8904076574851973,0.8654356332289282
2040-10-14 02:00:00+00:00,0.8846742280516061,0.8653238849218091
2040-10-14 03:00:00+00:00,0.8791484584543144,0.8652121373228087
2040-10-14 04:00:00+00:00,0.8442309766103311,0.8651003921319751
2040-10-14 05:00:00+00:00,0.8390340075971551,0.864988649140225
2040-10-14 06:00:00+00:00,0.8290604488247232,0.8648769170056844
2040-10-14 07:00:00+00:00,0.8240916620366415,0.8647652040466308
2040-10-14 08:00:00+00:00,0.8240860537830843,0.8646535238283204
2040-10-14 09:00:00+00:00,0.8240804135684868,0.8645418941772695
2040-10-14 10:00:00+00:00,0.8240747737162776,0.864430306922272
2040-10-14 11:00:00+00:00,0.8240691344515401,0.8643187317914385
2040-10-14 12:00:00+00:00,0.8240634922607893,0.8642071995402996
2040-10-14 13:00:00+00:00,0.8240578826094282,0.8640956742183065
2040-10-14 14:00:00+00:00,0.8240522484717054,0.863984166974911
2040-10-14 15:00:00+00:00,0.824046614930689,0.8638726717413507
2040-10-14 16:00:00+00:00,0.8200559870911082,0.8637611752776159
2040-10-14 17:00:00+00:00,0.8160980425212964,0.8636496909067842
2040-10-14 18:00:00+00:00,0.8160730073614968,0.8635382200133479
2040-10-14 19:00:00+00:00,0.8160563161010809,0.8634267592123782
2040-10-14 20:00:00+00:00,0.8160506624969797,0.8633153165997566
2040-10-14 21:00:00+00:00,0.8160450028463208,0.8632039046635115
2040-10-14 22:00:00+00:00,0.8160393220257623,0.8630925190783592
2040-10-14 23:00:00+00:00,0.8160336097322118,0.8629811314107274
2040-10-15 00:00:00+00:00,0.8125182967387257,0.8628697416371768
2040-10-15 01:00:00+00:00,0.8090228915160442,0.8627583548625526
2040-10-15 02:00:00+00:00,0.8055584746598323,0.8626469683247744
2040-10-15 03:00:00+00:00,0.8020708027202537,0.8625355803061587
2040-10-15 04:00:00+00:00,0.5675969727829192,0.8624241908888987
2040-10-15 05:00:00+00:00,0.30309448936537203,0.8623127973965301
2040-10-15 06:00:00+00:00,0.03858672545010627,0.8622013925410045
2040-10-15 07:00:00+00:00,0.00396822678494763,0.8620899881108148
2040-10-15 08:00:00+00:00,1.0600280373079128e-06,0.8619785682775446
2040-10-15 09:00:00+00:00,2.0109348878691936e-06,0.8618672142772933
2040-10-15 10:00:00+00:00,2.521961923748503e-05,0.8618859630080858
2040-10-15 11:00:00+00:00,3.598367250779832e-05,0.8619046953120368
2040-10-15 12:00:00+00:00,4.319388025578311e-05,0.8619234089809694
2040-10-15 13:00:00+00:00,6.39942883603782e-05,0.8619421846226505
2040-10-15 14:00:00+00:00,7.862113082159975e-05,0.8619609345511033
2040-10-15 15:00:00+00:00,9.039419415403405e-05,0.8619796925914991
2040-10-15 16:00:00+00:00,0.025025404521404945,0.8619985504203032
2040-10-15 17:00:00+00:00,0.06619833229927546,0.862017491683057
2040-10-15 18:00:00+00:00,0.11385683071538576,0.8620365048924836
2040-10-15 19:00:00+00:00,0.15646380477659652,0.8620555435381047
2040-10-15 20:00:00+00:00,0.1952453272703207,0.8620746049066792
2040-10-15 21:00:00+00:00,0.23069505234015003,0.8620936579071831
2040-10-15 22:00:00+00:00,0.2640331357065128,0.862112667463152
2040-10-15 23:00:00+00:00,0.2944624127241224,0.8621315879307694
2040-10-16 00:00:00+00:00,0.3242157050351052,0.8621504121951818
2040-10-16 01:00:00+00:00,0.35294469288636643,0.8621691331605961
2040-10-16 02:00:00+00:00,0.3806728651046776,0.862187773915098
2040-10-16 03:00:00+00:00,0.4074957344608364,0.8622063611776649
2040-10-16 04:00:00+00:00,0.43183098727714864,0.8622249322597753
2040-10-16 05:00:00+00:00,0.4318394217639147,0.8622434424788087
2040-10-16 06:00:00+00:00,0.43184785537598214,0.8622619474748251
2040-10-16 07:00:00+00:00,0.4319161887748679,0.862280490679801
2040-10-16 08:00:00+00:00,0.45566204107787306,0.8622990321339141
2040-10-16 09:00:00+00:00,0.4820333222902097,0.8623175731535271
2040-10-16 10:00:00+00:00,0.514629533476721,0.8623361251199175
2040-10-16 11:00:00+00:00,0.5520794831982813,0.8623546617374651
2040-10-16 12:00:00+00:00,0.7486867792019917,0.8623731902240084
2040-10-16 13:00:00+00:00,0.945578352191208,0.8623917296824553
2040-10-16 14:00:00+00:00,0.9999772871961564,0.8624102736679412
2040-10-16 15:00:00+00:00,0.999999562079871,0.8624287787547354
2040-10-16 16:00:00+00:00,0.9999965699764387,0.8623170218207922
2040-10-16 17:00:00+00:00,0.9865661735894043,0.8622052791451599
2040-10-16 18:00:00+00:00,0.9800105696981403,0.862093548218799
2040-10-16 19:00:00+00:00,0.9751313082253426,0.861981825185942
2040-10-16 20:00:00+00:00,0.9710993408263211,0.8618701109905205
2040-10-16 21:00:00+00:00,0.9678097907385128,0.8617584078863926
2040-10-16 22:00:00+00:00,0.9646302461657607,0.8616467049584812
2040-10-16 23:00:00+00:00,0.961712752947304,0.8615350032555723
2040-10-17 00:00:00+00:00,0.7445355515093389,0.8614233018786559
2040-10-17 01:00:00+00:00,0.7009361126597224,0.8613116012014551
2040-10-17 02:00:00+00:00,0.6982795222641625,0.8611999014800396
2040-10-17 03:00:00+00:00,0.6956264818708928,0.8610882017561443
2040-10-17 04:00:00+00:00,0.5352049427055781,0.8609765021194651
2040-10-17 05:00:00+00:00,0.2707013731727032,0.8608648010956342
2040-10-17 06:00:00+00:00,0.006199498918207914,0.8607531022282965
2040-10-17 07:00:00+00:00,6.397478284759143e-07,0.8606414052619684
2040-10-17 08:00:00+00:00,1.1493472379782622e-06,0.8605297565087056
2040-10-17 09:00:00+00:00,8.751405218055184e-06,0.8605482588750935
2040-10-17 10:00:00+00:00,1.4727959184931451e-05,0.8605668395195835
2040-10-17 11:00:00+00:00,1.7580739806728788e-05,0.8605854055423504
2040-10-17 12:00:00+00:00,2.0557351737420277e-05,0.8606039975874699
2040-10-17 13:00:00+00:00,2.0660166857640042e-05,0.8606225435710374
2040-10-17 14:00:00+00:00,2.119968925913705e-05,0.860641122374193
2040-10-17 15:00:00+00:00,2.054739539836185e-05,0.8606596859770772
2040-10-17 16:00:00+00:00,1.63942286580891e-05,0.8606781927435699
2040-10-17 17:00:00+00:00,7.91882985934094e-06,0.8606966882244365
2040-10-17 18:00:00+00:00,2.4820460846149375e-05,0.8607153111640102
2040-10-17 19:00:00+00:00,4.605149999000393e-05,0.8607339253430194
2040-10-17 20:00:00+00:00,6.857466498751573e-05,0.8607525250584457
2040-10-17 21:00:00+00:00,8.408033166378035e-05,0.8607711048243759
2040-10-17 22:00:00+00:00,9.620047477565407e-05,0.8607896672936912
2040-10-17 23:00:00+00:00,0.00010617632444164958,0.8608082208486589
2040-10-18 00:00:00+00:00,0.00011467280840991424,0.8608267689979548
2040-10-18 01:00:00+00:00,0.0001222002145879899,0.860845314292986
2040-10-18 02:00:00+00:00,0.00012874807812426076,0.8608638578186183
2040-10-18 03:00:00+00:00,0.0001344852593753676,0.8608823999752685
2040-10-18 04:00:00+00:00,0.00013958683465691208,0.8609009406748933
2040-10-18 05:00:00+00:00,0.00014412005489530686,0.8609194798519778
2040-10-18 06:00:00+00:00,0.0001481900543107513,0.8609380175998101
2040-10-18 07:00:00+00:00,0.00014846980513694957,0.8609565481512683
2040-10-18 08:00:00+00:00,0.00015156061585534244,0.8609750826462099
2040-10-18 09:00:00+00:00,0.00015426716977339289,0.8609936159482328
2040-10-18 10:00:00+00:00,0.00015372763792255968,0.8610121438473219
2040-10-18 11:00:00+00:00,0.00015293100775043878,0.8610306705374783
2040-10-18 12:00:00+00:00,0.0001518725043202459,0.8610491969066001
2040-10-18 13:00:00+00:00,0.00015053959893949668,0.8610677307754218
2040-10-18 14:00:00+00:00,0.00014892708411580214,0.8610862863748583
2040-10-18 15:00:00+00:00,0.0001470449405496623,0.8611048637391526
2040-10-18 16:00:00+00:00,0.00014489412724716892,0.8611234586607414
2040-10-18 17:00:00+00:00,0.0001424159990804369,0.861142073351086
2040-10-18 18:00:00+00:00,0.0001395916342796677,0.8611607249314825
2040-10-18 19:00:00+00:00,0.00013638660469557663,0.8611793599927392
2040-10-18 20:00:00+00:00,0.0001327442951582916,0.8611979748042441
2040-10-18 21:00:00+00:00,0.00012860400187519582,0.8612165686104504
2040-10-18 22:00:00+00:00,0.00012390548074576744,0.8612351267216793
2040-10-18 23:00:00+00:00,0.0001185937424397954,0.8612536554973932
2040-10-19 00:00:00+00:00,0.00011254710319554384,0.8612721547758334
2040-10-19 01:00:00+00:00,0.00010559165069874272,0.8612906101955526
2040-10-19 02:00:00+00:00,9.751206316291062e-05,0.8613090192438752
2040-10-19 03:00:00+00:00,8.789468934212907e-05,0.8613273707488027
2040-10-19 04:00:00+00:00,7.611589255024649e-05,0.8613456662842638
2040-10-19 05:00:00+00:00,6.079562374534775e-05,0.8613639209593453
2040-10-19 06:00:00+00:00,3.750219136497026e-05,0.8613821385578271
2040-10-19 07:00:00+00:00,2.2507780315552157e-05,0.861400272470306
2040-10-19 08:00:00+00:00,2.050979835562186e-05,0.861418354076279
2040-10-19 09:00:00+00:00,1.7186241049714864e-05,0.8614363975302461
2040-10-19 10:00:00+00:00,0.19839169375767982,0.8614544352622678
2040-10-19 11:00:00+00:00,0.39674808412444884,0.8614724626784288
2040-10-19 12:00:00+00:00,0.5950876099631168,0.8614905003558864
2040-10-19 13:00:00+00:00,0.5950895062008944,0.8615085060016453
2040-10-19 14:00:00+00:00,0.5950718499547165,0.8615264737144276
2040-10-19 15:00:00+00:00,0.5950541857253697,0.8615444162630456
2040-10-19 16:00:00+00:00,0.5665119217867339,0.8615623336568079
2040-10-19 17:00:00+00:00,0.5418440670749511,0.8615802355100223
2040-10-19 18:00:00+00:00,0.5186175359153643,0.8615981242295279
2040-10-19 19:00:00+00:00,0.49600054278879985,0.8616161285193464
2040-10-19 20:00:00+00:00,0.473824038324301,0.8616342566577707
2040-10-19 21:00:00+00:00,0.4522996854538318,0.8616524272041041
2040-10-19 22:00:00+00:00,0.4304109003097169,0.8616706097261375
2040-10-19 23:00:00+00:00,0.40713643527133,0.8616887922852356
2040-10-20 00:00:00+00:00,0.38324828955269047,0.8617069720728944
2040-10-20 01:00:00+00:00,0.35874348497893566,0.8617251478834184
2040-10-20 02:00:00+00:00,0.33353204734632935,0.8617433208114269
2040-10-20 03:00:00+00:00,0.30706201756733387,0.8617614932129442
2040-10-20 04:00:00+00:00,0.27808926976395243,0.8617796685183942
2040-10-20 05:00:00+00:00,0.2274925618321566,0.8617978525577581
2040-10-20 06:00:00+00:00,0.05930628520795689,0.8618160406738019
2040-10-20 07:00:00+00:00,1.71524448328368e-06,0.8618342318983304
2040-10-20 08:00:00+00:00,0.00010882165220450119,0.8618524447866955
2040-10-20 09:00:00+00:00,0.00015491489919200303,0.8618706528042602
2040-10-20 10:00:00+00:00,0.0001860436611857327,0.8618888462734763
2040-10-20 11:00:00+00:00,0.00020939800690124337,0.8619070204725748
2040-10-20 12:00:00+00:00,0.0002280256077455997,0.8619251708775463
2040-10-20 13:00:00+00:00,0.00024343075167584856,0.8619432913918877
2040-10-20 14:00:00+00:00,0.00025570110983825177,0.8619613589869516
2040-10-20 15:00:00+00:00,0.0002661435082493729,0.861979371600671
2040-10-20 16:00:00+00:00,0.00026575695229170005,0.8619973291169143
2040-10-20 17:00:00+00:00,0.0002639515657387507,0.8620152578385225
2040-10-20 18:00:00+00:00,0.0002607954621437003,0.862033158360591
2040-10-20 19:00:00+00:00,0.000256052981999038,0.8620509001072675
2040-10-20 20:00:00+00:00,0.00024967614088118904,0.8620685047849292
2040-10-20 21:00:00+00:00,0.00024969827994018905,0.8620859438297219
2040-10-20 22:00:00+00:00,0.00024799698952374176,0.8621032155081063
2040-10-20 23:00:00+00:00,0.00024457808985024564,0.862120378557546
2040-10-21 00:00:00+00:00,0.00023934860284764248,0.8621375086350216
2040-10-21 01:00:00+00:00,0.00023220930443399896,0.8621546219661266
2040-10-21 02:00:00+00:00,0.0002229530394948029,0.862171730703751
2040-10-21 03:00:00+00:00,0.00021133641535643478,0.8621888361032362
2040-10-21 04:00:00+00:00,0.00019649132468527034,0.8622059359970604
2040-10-21 05:00:00+00:00,0.0001771820730211367,0.8622230287823162
2040-10-21 06:00:00+00:00,0.0001515222194091085,0.862240104313621
2040-10-21 07:00:00+00:00,0.00011394015173536555,0.8622571573722733
2040-10-21 08:00:00+00:00,8.879928987372988e-05,0.8622741760993027
2040-10-21 09:00:00+00:00,0.19846636415233404,0.8622911452339571
2040-10-21 10:00:00+00:00,0.39683665071749863,0.8623080631206822
2040-10-21 11:00:00+00:00,0.5951706580620507,0.8623249623887496
2040-10-21 12:00:00+00:00,0.5951233741594162,0.8623418122411113
2040-10-21 13:00:00+00:00,0.5950759679080654,0.862358650926195
2040-10-21 14:00:00+00:00,0.5950268425815199,0.8623754678059261
2040-10-21 15:00:00+00:00,0.5704072292545412,0.8623922692438202
2040-10-21 16:00:00+00:00,0.5437267896903399,0.8624090658712186
2040-10-21 17:00:00+00:00,0.51565354001095,0.8624258565342285
2040-10-21 18:00:00+00:00,0.48956087925937225,0.8624426849112479
2040-10-21 19:00:00+00:00,0.4521054516680807,0.8624597812416988
2040-10-21 20:00:00+00:00,0.42235660517712315,0.862477143477538
2040-10-21 21:00:00+00:00,0.3909945333823227,0.8624946472128966
2040-10-21 22:00:00+00:00,0.3892427005882459,0.8625125869340685
2040-10-21 23:00:00+00:00,0.38734362299920666,0.8625308918741853
2040-10-22 00:00:00+00:00,0.3851092747015464,0.8625496666777815
2040-10-22 01:00:00+00:00,0.3823980101219664,0.8625688387314631
2040-10-22 02:00:00+00:00,0.3789531259081174,0.8625881179818855
2040-10-22 03:00:00+00:00,0.3740480913063404,0.8626076524244021
2040-10-22 04:00:00+00:00,0.3668919965923977,0.8626286992662079
2040-10-22 05:00:00+00:00,0.35145024553719445,0.8626505031674804
2040-10-22 06:00:00+00:00,0.3154351210057305,0.8626723364177291
2040-10-22 07:00:00+00:00,0.2806146263546392,0.8626944569259573
2040-10-22 08:00:00+00:00,0.28056759464164427,0.8627165836934152
2040-10-22 09:00:00+00:00,0.47870196575703705,0.8627387143586621
2040-10-22 10:00:00+00:00,0.47865577886893584,0.862760850247372
2040-10-22 11:00:00+00:00,0.6032240942034557,0.8627829969946528
2040-10-22 12:00:00+00:00,0.8016016585696023,0.8628051567557001
2040-10-22 13:00:00+00:00,0.9999791812875556,0.8628273214570492
2040-10-22 14:00:00+00:00,0.9999772264003304,0.862849484803421
2040-10-22 15:00:00+00:00,0.9999989441669588,0.8628716362296504
2040-10-22 16:00:00+00:00,0.9999640042634569,0.8628936684880291
2040-10-22 17:00:00+00:00,0.9998948010041739,0.862915582964796
2040-10-22 18:00:00+00:00,0.9998543582436187,0.8629374058321533
2040-10-22 19:00:00+00:00,0.9998240800467865,0.8629592184272349
2040-10-22 20:00:00+00:00,0.9997992429625044,0.8629810502598527
2040-10-22 21:00:00+00:00,0.9997776749949926,0.8630029728852586
2040-10-22 22:00:00+00:00,0.999758628610665,0.8630249662050862
2040-10-22 23:00:00+00:00,0.9997413833934071,0.8630471084139051
2040-10-23 00:00:00+00:00,0.9994568644466759,0.8630696392792548
2040-10-23 01:00:00+00:00,0.9912992094527576,0.8630922029392306
2040-10-23 02:00:00+00:00,0.9871517787016036,0.8631147714112821
2040-10-23 03:00:00+00:00,0.9839021384392577,0.8631373410088446
2040-10-23 04:00:00+00:00,0.8570250838731668,0.8631599114503791
2040-10-23 05:00:00+00:00,0.7247587688431334,0.8631824815407375
2040-10-23 06:00:00+00:00,0.49733054399733256,0.8632050529153477
2040-10-23 07:00:00+00:00,0.4142028219263247,0.8632276312856602
2040-10-23 08:00:00+00:00,0.41159002786322296,0.8632502145434585
2040-10-23 09:00:00+00:00,0.4115747406584801,0.863272797736618
2040-10-23 10:00:00+00:00,0.4115594270695975,0.8632953565490673
2040-10-23 11:00:00+00:00,0.41154411667302815,0.8633179098362922
2040-10-23 12:00:00+00:00,0.41152876406069655,0.8633404587298407
2040-10-23 13:00:00+00:00,0.4115133208196716,0.8633629826224231
2040-10-23 14:00:00+00:00,0.41115570148070263,0.8633854777117692
2040-10-23 15:00:00+00:00,0.4111402209717422,0.8634079473319212
2040-10-23 16:00:00+00:00,0.1860021919225074,0.8634303398324009
2040-10-23 17:00:00+00:00,0.010439696910035197,0.8634527073464238
2040-10-23 18:00:00+00:00,0.006970977867226411,0.8634750563823561
2040-10-23 19:00:00+00:00,6.853918270481874e-05,0.863497389644064
2040-10-23 20:00:00+00:00,4.6730903974839504e-05,0.863519713685452
2040-10-23 21:00:00+00:00,1.121008704174476e-06,0.8635420160367498
2040-10-23 22:00:00+00:00,0.00012692191739597998,0.8635643521072006
2040-10-23 23:00:00+00:00,0.00018635694585712506,0.8635866766209083
2040-10-24 00:00:00+00:00,0.00022805104425975886,0.8636089940318421
2040-10-24 01:00:00+00:00,0.00026060045873144713,0.8636313066216966
2040-10-24 02:00:00+00:00,0.0002873333526117047,0.8636536203492831
2040-10-24 03:00:00+00:00,0.00030990963500526726,0.8636759326581789
2040-10-24 04:00:00+00:00,0.0003293318813937815,0.863698243226851
2040-10-24 05:00:00+00:00,0.0003462622095333935,0.8637205521628452
2040-10-24 06:00:00+00:00,0.0003610903000483394,0.8637428610416475
2040-10-24 07:00:00+00:00,0.00037399168297831003,0.863765279197974
2040-10-24 08:00:00+00:00,0.00038474793940012866,0.863787868165533
2040-10-24 09:00:00+00:00,0.00039432537666602113,0.8638105680794548
2040-10-24 10:00:00+00:00,0.00040253517139899085,0.8638333503037073
2040-10-24 11:00:00+00:00,0.0004096137834117809,0.8638561389640833
2040-10-24 12:00:00+00:00,0.000415320400524177,0.8638789262430768
2040-10-24 13:00:00+00:00,0.00041979463454419266,0.8639017123717749
2040-10-24 14:00:00+00:00,0.0004233423189226411,0.8639244978915359
2040-10-24 15:00:00+00:00,0.0004183208392024111,0.8639473013850636
2040-10-24 16:00:00+00:00,0.00041250767156459836,0.8639702177988506
2040-10-24 17:00:00+00:00,0.0004056813192298393,0.8639932976706796
2040-10-24 18:00:00+00:00,0.00039780257411321286,0.8640167246044302
2040-10-24 19:00:00+00:00,0.0003887405784648036,0.8640404230591043
2040-10-24 20:00:00+00:00,0.0003783565484142476,0.8640645994013674
2040-10-24 21:00:00+00:00,0.0003665361622752452,0.8640889755046666
2040-10-24 22:00:00+00:00,0.0003530909378265281,0.8641134687269364
2040-10-24 23:00:00+00:00,0.000337794702576833,0.8641382812166704
2040-10-25 00:00:00+00:00,0.00032019261349291366,0.8641639221541543
2040-10-25 01:00:00+00:00,0.00029985283974611236,0.8641896624100892
2040-10-25 02:00:00+00:00,0.0002901847376062082,0.8642154306331399
2040-10-25 03:00:00+00:00,0.0002782422159523356,0.8642412055044081
2040-10-25 04:00:00+00:00,0.00024448061904142987,0.8642669851193437
2040-10-25 05:00:00+00:00,0.00020160065365520155,0.8642927701861537
2040-10-25 06:00:00+00:00,0.00014044348402217393,0.8643185577540882
2040-10-25 07:00:00+00:00,2.1851294904246406e-06,0.8643443602481735
2040-10-25 08:00:00+00:00,0.031060146425359,0.8643701729778833
2040-10-25 09:00:00+00:00,0.10988019643061696,0.8643959927798716
2040-10-25 10:00:00+00:00,0.1283598410940716,0.8644218236576904
2040-10-25 11:00:00+00:00,0.3088379929588594,0.8644476670060577
2040-10-25 12:00:00+00:00,0.4810260445302611,0.8644735201661558
2040-10-25 13:00:00+00:00,0.4985928504290827,0.8644993738939216
2040-10-25 14:00:00+00:00,0.5154710767537194,0.8645252488070505
2040-10-25 15:00:00+00:00,0.530745930280929,0.864551207610773
2040-10-25 16:00:00+00:00,0.5154802954253571,0.8645780175932805
2040-10-25 17:00:00+00:00,0.4998802587752351,0.8646048313658425
2040-10-25 18:00:00+00:00,0.4841563721296631,0.8646316442664609
2040-10-25 19:00:00+00:00,0.46744006757432444,0.8646584711916117
2040-10-25 20:00:00+00:00,0.4501812456655554,0.8646852983655328
2040-10-25 21:00:00+00:00,0.4332540518280894,0.8647121331544445
2040-10-25 22:00:00+00:00,0.4176681829648049,0.8647390099667029
2040-10-25 23:00:00+00:00,0.4031504873105562,0.8647659439163249
2040-10-26 00:00:00+00:00,0.4016932838651683,0.8647929599765101
2040-10-26 01:00:00+00:00,0.41526434223983816,0.864820028659335
2040-10-26 02:00:00+00:00,0.4291946975445266,0.8648471157952419
2040-10-26 03:00:00+00:00,0.44331282815131534,0.8648742011389161
2040-10-26 04:00:00+00:00,0.45726993873840327,0.8649012858851282
2040-10-26 05:00:00+00:00,0.4595700366103032,0.8649283664076103
2040-10-26 06:00:00+00:00,0.46117613659851264,0.864955451890284
2040-10-26 07:00:00+00:00,0.47370200129248086,0.86498258693095
2040-10-26 08:00:00+00:00,0.4885954473572476,0.8650098427770505
2040-10-26 09:00:00+00:00,0.5023789478189601,0.865037257329615
2040-10-26 10:00:00+00:00,0.5199279778880029,0.8650656765723703
2040-10-26 11:00:00+00:00,0.7143426964923721,0.8650948510743934
2040-10-26 12:00:00+00:00,0.9086268512553767,0.8651265017359621
2040-10-26 13:00:00+00:00,0.9305240022359499,0.8651584425620633
2040-10-26 14:00:00+00:00,0.9514810539401852,0.8651918180015045
2040-10-26 15:00:00+00:00,0.9710280302715039,0.8652252857143669
2040-10-26 16:00:00+00:00,0.9728311743809355,0.8652587453727117
2040-10-26 17:00:00+00:00,0.9747654201265049,0.8652921925597783
2040-10-26 18:00:00+00:00,0.9774124952933876,0.8653256312755673
2040-10-26 19:00:00+00:00,0.9813922293818399,0.8653589494126307
2040-10-26 20:00:00+00:00,0.9866853306970685,0.8653921409407773
2040-10-26 21:00:00+00:00,0.9953242930538628,0.8654252955035397
2040-10-26 22:00:00+00:00,0.9975508239982245,0.8654584678249153
2040-10-26 23:00:00+00:00,0.9999966960529892,0.8654917712754986
2040-10-27 00:00:00+00:00,0.9999278974056117,0.865525529255215
2040-10-27 01:00:00+00:00,0.9999053555406779,0.8655595139540553
2040-10-27 02:00:00+00:00,0.9998963144520457,0.8655935596079487
2040-10-27 03:00:00+00:00,0.9998964596455084,0.8656276587669981
2040-10-27 04:00:00+00:00,0.999905030564166,0.8656617531109324
2040-10-27 05:00:00+00:00,0.9999244775961632,0.8656958377647449
2040-10-27 06:00:00+00:00,0.8287011666720475,0.8657299324916629
2040-10-27 07:00:00+00:00,0.5643027277788131,0.8657641440762327
2040-10-27 08:00:00+00:00,0.2999016505831563,0.8657984915783637
2040-10-27 09:00:00+00:00,0.2999534087175397,0.865833044750522
2040-10-27 10:00:00+00:00,0.3040887894077936,0.8658676252825763
2040-10-27 11:00:00+00:00,0.5024512153940569,0.8659022499299789
2040-10-27 12:00:00+00:00,0.7008278849770972,0.8659369328348265
2040-10-27 13:00:00+00:00,0.8992045166466415,0.8659716692773499
2040-10-27 14:00:00+00:00,0.9033898109039316,0.8660064218775813
2040-10-27 15:00:00+00:00,0.9046754436235498,0.8660411889425512
2040-10-27 16:00:00+00:00,0.9047271045813057,0.8660759779268824
2040-10-27 17:00:00+00:00,0.9047787757660631,0.8661107699474666
2040-10-27 18:00:00+00:00,0.9048304189878517,0.8661455676563257
2040-10-27 19:00:00+00:00,0.9048819592561166,0.8661803804533587
2040-10-27 20:00:00+00:00,0.9049334392885526,0.8662152024594069
2040-10-27 21:00:00+00:00,0.9049847519569555,0.866250029766189
2040-10-27 22:00:00+00:00,0.9050359729240768,0.8662848646707426
2040-10-27 23:00:00+00:00,0.9050869994237362,0.8663197036340909
2040-10-28 00:00:00+00:00,0.905138091721284,0.8663545441684857
2040-10-28 01:00:00+00:00,0.9051890037335326,0.8663893832821133
2040-10-28 02:00:00+00:00,0.9052398051391816,0.8664242191887773
2040-10-28 03:00:00+00:00,0.9052903711308791,0.8664590567024886
2040-10-28 04:00:00+00:00,0.9053407582194544,0.8664938958131475
2040-10-28 05:00:00+00:00,0.9053911603645746,0.8665287377337845
2040-10-28 06:00:00+00:00,0.9054419992857545,0.866563581892065
2040-10-28 07:00:00+00:00,0.9054923909808117,0.8665984276976941
2040-10-28 08:00:00+00:00,0.9071127579351858,0.8666332772042414
2040-10-28 09:00:00+00:00,0.9151465011124706,0.8666681314854269
2040-10-28 10:00:00+00:00,0.9330061776851238,0.8667029959199278
2040-10-28 11:00:00+00:00,0.9600415951501896,0.8667378713539104
2040-10-28 12:00:00+00:00,0.9952281331190934,0.8667727612200105
2040-10-28 13:00:00+00:00,0.997962166330994,0.8668076643240947
2040-10-28 14:00:00+00:00,0.9999978433468453,0.8668425811248499
2040-10-28 15:00:00+00:00,0.9999983943371744,0.8668774973476732
2040-10-28 16:00:00+00:00,0.9352070853409905,0.8669123766348785
2040-10-28 17:00:00+00:00,0.8968253259811385,0.8669472498151068
2040-10-28 18:00:00+00:00,0.8652804360051088,0.8669820722985744
2040-10-28 19:00:00+00:00,0.8315222026485611,0.8670166177520383
2040-10-28 20:00:00+00:00,0.8077548790906984,0.8670508815737396
2040-10-28 21:00:00+00:00,0.787503164962272,0.8670849754138681
2040-10-28 22:00:00+00:00,0.7691052629306047,0.8671186096333067
2040-10-28 23:00:00+00:00,0.7515855730740609,0.8671518811775542
2040-10-29 00:00:00+00:00,0.7348028654302572,0.8671846828173562
2040-10-29 01:00:00+00:00,0.7186464385746574,0.8672170844042977
2040-10-29 02:00:00+00:00,0.7030743077431774,0.8672493774978205
2040-10-29 03:00:00+00:00,0.6879067052088546,0.8672814157928375
2040-10-29 04:00:00+00:00,0.6727862360282918,0.8673119429068531
2040-10-29 05:00:00+00:00,0.6565004588508104,0.8673417144903537
2040-10-29 06:00:00+00:00,0.39480964807160546,0.8673714588111485
2040-10-29 07:00:00+00:00,0.1345672810146905,0.8674009169484223
2040-10-29 08:00:00+00:00,0.13455190392107763,0.8674303775503288
2040-10-29 09:00:00+00:00,0.13453681270075657,0.867459838598119
2040-10-29 10:00:00+00:00,0.134528995267463,0.8674892995099258
2040-10-29 11:00:00+00:00,0.33290272169237234,0.8675187773259857
2040-10-29 12:00:00+00:00,0.5312763782818457,0.8675482490876305
2040-10-29 13:00:00+00:00,0.5312611942171698,0.867577690834278
2040-10-29 14:00:00+00:00,0.5312458408370854,0.8676071260172494
2040-10-29 15:00:00+00:00,0.5152997387838676,0.867636547845271
2040-10-29 16:00:00+00:00,0.4824952680800712,0.867665972069099
2040-10-29 17:00:00+00:00,0.44272812701489994,0.8676953984133325
2040-10-29 18:00:00+00:00,0.41554253364748456,0.867724823505327
2040-10-29 19:00:00+00:00,0.3929457399609794,0.8677542284279516
2040-10-29 20:00:00+00:00,0.37011163937186975,0.8677835835805885
2040-10-29 21:00:00+00:00,0.34710773726035027,0.8678128360659266
2040-10-29 22:00:00+00:00,0.3270138012070955,0.8678420137619162
2040-10-29 23:00:00+00:00,0.32334304593507046,0.8678710433688289
2040-10-30 00:00:00+00:00,0.32332578438150944,0.8678996857470127
2040-10-30 01:00:00+00:00,0.32330829821822576,0.8679282985117134
2040-10-30 02:00:00+00:00,0.3232907911782929,0.8679569107075239
2040-10-30 03:00:00+00:00,0.3011132766126229,0.8679855201159087
2040-10-30 04:00:00+00:00,0.27134712670218714,0.8680141325037586
2040-10-30 05:00:00+00:00,0.23835436582750175,0.8680427495632199
2040-10-30 06:00:00+00:00,0.1991770673556259,0.8680713699999949
2040-10-30 07:00:00+00:00,0.160596856877901,0.8680999857246151
2040-10-30 08:00:00+00:00,0.16058139118474826,0.8681286044439877
2040-10-30 09:00:00+00:00,0.16057308246298324,0.8681572237471209
2040-10-30 10:00:00+00:00,0.3589464187273083,0.8681858678020986
2040-10-30 11:00:00+00:00,0.5573263350047913,0.8682145277343143
2040-10-30 12:00:00+00:00,0.755699737623301,0.868243170001332
2040-10-30 13:00:00+00:00,0.9540713001935498,0.8682718119074114
2040-10-30 14:00:00+00:00,0.954055869092476,0.8683004278194103
2040-10-30 15:00:00+00:00,0.9424754110935022,0.8683290375137201
2040-10-30 16:00:00+00:00,0.9289359178425821,0.8683576525644899
2040-10-30 17:00:00+00:00,0.9175096191909948,0.8683862711988901
2040-10-30 18:00:00+00:00,0.9074830379528138,0.8684148969388175
2040-10-30 19:00:00+00:00,0.8985749516008135,0.8684435288114704
2040-10-30 20:00:00+00:00,0.8910256660481631,0.8684721662547873
2040-10-30 21:00:00+00:00,0.8844478124479075,0.8685008100466824
2040-10-30 22:00:00+00:00,0.8811344206262446,0.8685294609091077
2040-10-30 23:00:00+00:00,0.8811199129022717,0.8685581306142229
2040-10-31 00:00:00+00:00,0.881104808909149,0.8685868339820749
2040-10-31 01:00:00+00:00,0.8810896513345509,0.8686155794835249
2040-10-31 02:00:00+00:00,0.881075328462065,0.8686443493439118
2040-10-31 03:00:00+00:00,0.8785919247454103,0.8686731275000749
2040-10-31 04:00:00+00:00,0.8729976034991466,0.8687019244437485
2040-10-31 05:00:00+00:00,0.8675684903112844,0.8687307394097578
2040-10-31 06:00:00+00:00,0.8623152569057372,0.8687595682756326
2040-10-31 07:00:00+00:00,0.8572572066222566,0.8687883174124884
2040-10-31 08:00:00+00:00,0.8572419593484913,0.8688169758545266
2040-10-31 09:00:00+00:00,0.8572266349175677,0.8688456423805492
2040-10-31 10:00:00+00:00,0.8572112918783447,0.8688743462181073
2040-10-31 11:00:00+00:00,0.8571959464344274,0.8689031228181151
2040-10-31 12:00:00+00:00,0.8571806491897506,0.8689319367503211
2040-10-31 13:00:00+00:00,0.8571652827968126,0.8689607695186838
2040-10-31 14:00:00+00:00,0.8571482649011041,0.8689896147091742
2040-10-31 15:00:00+00:00,0.8571307309666331,0.8690184566255145
2040-10-31 16:00:00+00:00,0.8535100868698529,0.8690472131436766
2040-10-31 17:00:00+00:00,0.8501133436376963,0.8690758773193449
2040-10-31 18:00:00+00:00,0.8462793703499983,0.869104287751691
2040-10-31 19:00:00+00:00,0.8424879830974895,0.8691325634431252
2040-10-31 20:00:00+00:00,0.8387740877924837,0.8691604740016405
2040-10-31 21:00:00+00:00,0.8351440994232157,0.8691883201194258
2040-10-31 22:00:00+00:00,0.831550859679679,0.8692162294180037
2040-10-31 23:00:00+00:00,0.8280265953384786,0.8692441488228099
2040-11-01 00:00:00+00:00,0.8245630579007235,0.869271839891368
2040-11-01 01:00:00+00:00,0.8211710891478013,0.8693010870433139
2040-11-01 02:00:00+00:00,0.817809133430214,0.869332583172891
2040-11-01 03:00:00+00:00,0.8089139393737954,0.8693661889330875
2040-11-01 04:00:00+00:00,0.7495526051199314,0.8694006013825183
2040-11-01 05:00:00+00:00,0.510678945878522,0.8694353133810679
2040-11-01 06:00:00+00:00,0.26729417027534547,0.8694706338151742
2040-11-01 07:00:00+00:00,0.02305659752279705,0.8695061516940998
2040-11-01 08:00:00+00:00,0.019322156025783327,0.8695421948768356
2040-11-01 09:00:00+00:00,0.014706869885987049,0.8695784942752238
2040-11-01 10:00:00+00:00,0.008129057917437838,0.8696148798936058
2040-11-01 11:00:00+00:00,3.0501940555962097e-06,0.8696513803931653
2040-11-01 12:00:00+00:00,1.1164724701597128e-06,0.8696879968840299
2040-11-01 13:00:00+00:00,3.965668400341038e-06,0.8697246856512885
2040-11-01 14:00:00+00:00,0.03908753680327833,0.86976139192587
2040-11-01 15:00:00+00:00,0.05924448827852368,0.8697980207110823
2040-11-01 16:00:00+00:00,0.07367297934528055,0.8698338032590739
2040-11-01 17:00:00+00:00,0.08637976809735252,0.869869575867428
2040-11-01 18:00:00+00:00,0.09769322562686802,0.8699053231301528
2040-11-01 19:00:00+00:00,0.1078287998581943,0.8699410641966558
2040-11-01 20:00:00+00:00,0.11703696215893863,0.8699768148926927
2040-11-01 21:00:00+00:00,0.09260636424207058,0.8700126029550523
2040-11-01 22:00:00+00:00,0.0990556726943173,0.8700484296291944
2040-11-01 23:00:00+00:00,0.10587211364504573,0.8700843257494261
2040-11-02 00:00:00+00:00,0.03337353522598536,0.8701203302751307
2040-11-02 01:00:00+00:00,0.02360956826547102,0.8701563745525521
2040-11-02 02:00:00+00:00,0.02724178153040806,0.8701924167685073
2040-11-02 03:00:00+00:00,0.030044636148847444,0.8702284807976909
2040-11-02 04:00:00+00:00,0.03222742037745632,0.8702645849721621
2040-11-02 05:00:00+00:00,0.03229575768279704,0.870300775527031
2040-11-02 06:00:00+00:00,0.009797512152701453,0.8703371128387424
2040-11-02 07:00:00+00:00,0.010380873476586287,0.870373417304769
2040-11-02 08:00:00+00:00,0.13006069766600284,0.8704096048124708
2040-11-02 09:00:00+00:00,0.31888210208625867,0.8704456416494062
2040-11-02 10:00:00+00:00,0.5090663547818217,0.8704806886503225
2040-11-02 11:00:00+00:00,0.6954077628412605,0.8705149778916975
2040-11-02 12:00:00+00:00,0.765719014404494,0.8705467651988948
2040-11-02 13:00:00+00:00,0.8703513089824197,0.8705782733361375
2040-11-02 14:00:00+00:00,0.9999991894680176,0.8706083628337665
2040-11-02 15:00:00+00:00,0.9999972464746502,0.8706383964398169
2040-11-02 16:00:00+00:00,0.9999779409054419,0.8706684414085056
2040-11-02 17:00:00+00:00,0.9999694950584374,0.8706985029336325
2040-11-02 18:00:00+00:00,0.9999644871503427,0.8707285796713228
2040-11-02 19:00:00+00:00,0.9999613238322186,0.8707586632101654
2040-11-02 20:00:00+00:00,0.999959431549831,0.8707887534923294
2040-11-02 21:00:00+00:00,0.9999600707286738,0.8708188486932259
2040-11-02 22:00:00+00:00,0.9999617718580532,0.8708489230866856
2040-11-02 23:00:00+00:00,0.9999647348544758,0.8708788940606614
2040-11-03 00:00:00+00:00,0.9999693740086831,0.8709085340689712
2040-11-03 01:00:00+00:00,0.9999722159314666,0.8709387557135904
2040-11-03 02:00:00+00:00,0.9999785476304782,0.8709703354594249
2040-11-03 03:00:00+00:00,0.9999723564997058,0.8710028319022741
2040-11-03 04:00:00+00:00,0.9999667722597698,0.8710366634606823
2040-11-03 05:00:00+00:00,0.9999582079332076,0.8710708079073052
2040-11-03 06:00:00+00:00,0.9999510898857628,0.8711052924572091
2040-11-03 07:00:00+00:00,0.9999455087684821,0.8711404699361704
2040-11-03 08:00:00+00:00,0.9999438419056857,0.871175909113311
2040-11-03 09:00:00+00:00,0.9999418574649648,0.871211267069384
2040-11-03 10:00:00+00:00,0.9999411974934204,0.8712467632851169
2040-11-03 11:00:00+00:00,0.9999409931890697,0.8712828605460302
2040-11-03 12:00:00+00:00,0.9999412304795936,0.8713205618633179
2040-11-03 13:00:00+00:00,0.9999419153462782,0.8713596678446822
2040-11-03 14:00:00+00:00,0.999942486303651,0.8713992350926447
2040-11-03 15:00:00+00:00,0.9999396610157342,0.8714388337330314
2040-11-03 16:00:00+00:00,0.9994195489535982,0.8713490079219632
2040-11-03 17:00:00+00:00,0.7722547104515319,0.8712591920186528
2040-11-03 18:00:00+00:00,0.6066350685019914,0.871169403002276
2040-11-03 19:00:00+00:00,0.6063604239568504,0.8710796482387931
2040-11-03 20:00:00+00:00,0.6060867711206961,0.8709899036572659
2040-11-03 21:00:00+00:00,0.6058138117984375,0.8709001693161407
2040-11-03 22:00:00+00:00,0.6055404707707395,0.8708104423728297
2040-11-03 23:00:00+00:00,0.6052275742100889,0.8707207212606302
2040-11-04 00:00:00+00:00,0.6049139711383242,0.8706310132191879
2040-11-04 01:00:00+00:00,0.6046398708435022,0.8705413264392972
2040-11-04 02:00:00+00:00,0.6043647302089861,0.8704516551467126
2040-11-04 03:00:00+00:00,0.6040883994565361,0.8703619997348916
2040-11-04 04:00:00+00:00,0.6038116253262212,0.8702723598220696
2040-11-04 05:00:00+00:00,0.6035342185414755,0.8701827377824419
2040-11-04 06:00:00+00:00,0.6034781176022284,0.8700933952318827
2040-11-04 07:00:00+00:00,0.6034438170240859,0.870004387591222
2040-11-04 08:00:00+00:00,0.6034391411779373,0.8700441090359239
2040-11-04 09:00:00+00:00,0.6034384215566168,0.8700841783040469
2040-11-04 10:00:00+00:00,0.6034372186417675,0.8701242681043223
2040-11-04 11:00:00+00:00,0.6034363613940505,0.8701644606242283
2040-11-04 12:00:00+00:00,0.6034354889710121,0.8702048140537398
2040-11-04 13:00:00+00:00,0.6034346010485496,0.8702454230818664
2040-11-04 14:00:00+00:00,0.6034342494858816,0.8702863909067478
2040-11-04 15:00:00+00:00,0.6034338852249825,0.8703285089552862
2040-11-04 16:00:00+00:00,0.6034335105428128,0.8703722197571478
2040-11-04 17:00:00+00:00,0.6034331240700567,0.8704169178488699
2040-11-04 18:00:00+00:00,0.6034346632422648,0.8704620745471597
2040-11-04 19:00:00+00:00,0.6034361924359505,0.8705073401780855
2040-11-04 20:00:00+00:00,0.6034377111130923,0.8705526608241191
2040-11-04 21:00:00+00:00,0.6034392193328673,0.8705980329305755
2040-11-04 22:00:00+00:00,0.6034407326934912,0.8706434440743628
2040-11-04 23:00:00+00:00,0.6034422596329169,0.8706888879244845
2040-11-05 00:00:00+00:00,0.6034437828377979,0.8707343850772201
2040-11-05 01:00:00+00:00,0.6034453080714327,0.8707799401841072
2040-11-05 02:00:00+00:00,0.6034468306701732,0.8708255586292747
2040-11-05 03:00:00+00:00,0.6034483414702985,0.8708712340534032
2040-11-05 04:00:00+00:00,0.6034498422798228,0.8709169690406089
2040-11-05 05:00:00+00:00,0.6034513533536552,0.8709627627220156
2040-11-05 06:00:00+00:00,0.6034509532252211,0.8710085750182108
2040-11-05 07:00:00+00:00,0.6034505545371758,0.8710544381392634
2040-11-05 08:00:00+00:00,0.6034501602308281,0.8711003508036439
2040-11-05 09:00:00+00:00,0.6034497758083346,0.871146353751874
2040-11-05 10:00:00+00:00,0.6034512864554316,0.871192506336879
2040-11-05 11:00:00+00:00,0.6034508586444712,0.8712387617315535
2040-11-05 12:00:00+00:00,0.6034504226396141,0.8712852949301292
2040-11-05 13:00:00+00:00,0.603449754710277,0.8713322505063184
2040-11-05 14:00:00+00:00,0.603449096099485,0.8713796654153458
2040-11-05 15:00:00+00:00,0.6034484647270772,0.8714277089953734
2040-11-05 16:00:00+00:00,0.6034480881481555,0.8714760201265459
2040-11-05 17:00:00+00:00,0.6034486470075044,0.8715244730498315
2040-11-05 18:00:00+00:00,0.6034501357799695,0.8715730098493025
2040-11-05 19:00:00+00:00,0.6034516221209064,0.8716215778078955
2040-11-05 20:00:00+00:00,0.6034531066459098,0.8716701773104002
2040-11-05 21:00:00+00:00,0.6034545848205511,0.8717188084225697
2040-11-05 22:00:00+00:00,0.6034560551608791,0.8717674702103373
2040-11-05 23:00:00+00:00,0.6034575269822455,0.8718161706399659
2040-11-06 00:00:00+00:00,0.6034590019213619,0.8718649123640094
2040-11-06 01:00:00+00:00,0.6034604761608523,0.8719136985029062
2040-11-06 02:00:00+00:00,0.6034619557251216,0.8719625311958974
2040-11-06 03:00:00+00:00,0.6034634361474444,0.8720114085940636
2040-11-06 04:00:00+00:00,0.6034649330455417,0.8720603334889536
2040-11-06 05:00:00+00:00,0.603466430097854,0.8721093272479833
2040-11-06 06:00:00+00:00,0.6034679434679563,0.8721583824185165
2040-11-06 07:00:00+00:00,0.6034675287138813,0.872207485356061
2040-11-06 08:00:00+00:00,0.6034670970232315,0.8722567119395475
2040-11-06 09:00:00+00:00,0.6034666940151429,0.8723060707811883
2040-11-06 10:00:00+00:00,0.6034663110215026,0.8723555855789029
2040-11-06 11:00:00+00:00,0.6034659543948871,0.8724053044750733
2040-11-06 12:00:00+00:00,0.6034646253129086,0.8724552114466146
2040-11-06 13:00:00+00:00,0.603463309832863,0.8725053539097215
2040-11-06 14:00:00+00:00,0.6034614074455037,0.8725558244352625
2040-11-06 15:00:00+00:00,0.6034575690471387,0.8726066805290901
2040-11-06 16:00:00+00:00,0.6034536865780962,0.8726583240153966
2040-11-06 17:00:00+00:00,0.6034498015545005,0.8727107803710685
2040-11-06 18:00:00+00:00,0.6034459235884582,0.8727640410168994
2040-11-06 19:00:00+00:00,0.6034420535646527,0.8728188868289805
2040-11-06 20:00:00+00:00,0.6034381930328878,0.8728768005906954
2040-11-06 21:00:00+00:00,0.6034343393559624,0.8729393671164041
2040-11-06 22:00:00+00:00,0.6034304828287602,0.8730075499137996
2040-11-06 23:00:00+00:00,0.6034266341637011,0.8730788257802683
2040-11-07 00:00:00+00:00,0.6034227889648685,0.8731510728376357
2040-11-07 01:00:00+00:00,0.6034189462678085,0.8732243927007729
2040-11-07 02:00:00+00:00,0.6034151068242617,0.8732989727369425
2040-11-07 03:00:00+00:00,0.6034112773536783,0.8733742458337537
2040-11-07 04:00:00+00:00,0.6034074526501931,0.8734496738828773
2040-11-07 05:00:00+00:00,0.6034036325538675,0.8735251483835974
2040-11-07 06:00:00+00:00,0.6033998161677667,0.8736006575869572
2040-11-07 07:00:00+00:00,0.6033959871005439,0.8736761858627617
2040-11-07 08:00:00+00:00,0.6033920710077987,0.8737516891198858
2040-11-07 09:00:00+00:00,0.6033907201891933,0.8738273171359585
2040-11-07 10:00:00+00:00,0.6033893644156394,0.8739028794989808
2040-11-07 11:00:00+00:00,0.6033879910464865,0.8739784181919611
2040-11-07 12:00:00+00:00,0.6033852771885075,0.8740539128892667
2040-11-07 13:00:00+00:00,0.6033813465273257,0.8741294943447451
2040-11-07 14:00:00+00:00,0.6033774261603415,0.8742056103561165
2040-11-07 15:00:00+00:00,0.6033735142112271,0.8742822555399528
2040-11-07 16:00:00+00:00,0.603369604281527,0.8743596067438146
2040-11-07 17:00:00+00:00,0.6033656420979422,0.8744371807927879
2040-11-07 18:00:00+00:00,0.60336168126764,0.874516039161639
2040-11-07 19:00:00+00:00,0.6033578356282102,0.8745963870822542
2040-11-07 20:00:00+00:00,0.603356579075389,0.874677539406444
2040-11-07 21:00:00+00:00,0.6033573308494624,0.8747589793072167
2040-11-07 22:00:00+00:00,0.6033580527072653,0.8748403557190056
2040-11-07 23:00:00+00:00,0.603359253329324,0.8749215472825504
2040-11-08 00:00:00+00:00,0.6033599467956621,0.875002223947772
2040-11-08 01:00:00+00:00,0.6033605458272335,0.8750813258240437
2040-11-08 02:00:00+00:00,0.6033589919354883,0.8751581515581327
2040-11-08 03:00:00+00:00,0.60335763064464,0.8752329509561281
2040-11-08 04:00:00+00:00,0.6033562656865055,0.8753070401114507
2040-11-08 05:00:00+00:00,0.6033548869874179,0.8753809165076522
2040-11-08 06:00:00+00:00,0.6033534933401314,0.8754542697461137
2040-11-08 07:00:00+00:00,0.6033520687938805,0.8755275054562062
2040-11-08 08:00:00+00:00,0.6033530428862065,0.875600403369189
2040-11-08 09:00:00+00:00,0.6033661921633897,0.8756731927275337
2040-11-08 10:00:00+00:00,0.6033773401041602,0.8757459739700049
2040-11-08 11:00:00+00:00,0.603390848917033,0.8758187147707982
2040-11-08 12:00:00+00:00,0.603391631322204,0.875891387370568
2040-11-08 13:00:00+00:00,0.6033924822388499,0.875964082582323
2040-11-08 14:00:00+00:00,0.6033930434946696,0.8760368006361628
2040-11-08 15:00:00+00:00,0.6033916136855383,0.8761095120664755
2040-11-08 16:00:00+00:00,0.603390219449561,0.8761823662963927
2040-11-08 17:00:00+00:00,0.6033888610079745,0.8762555268418518
2040-11-08 18:00:00+00:00,0.6033875029237613,0.8763291611698211
2040-11-08 19:00:00+00:00,0.6033861414495977,0.8764036642344225
2040-11-08 20:00:00+00:00,0.603386869661968,0.8764786703134264
2040-11-08 21:00:00+00:00,0.6033875455780748,0.8765540068388693
2040-11-08 22:00:00+00:00,0.6033861863326669,0.876629470100875
2040-11-08 23:00:00+00:00,0.6033848254582156,0.8767049643399341
2040-11-09 00:00:00+00:00,0.6033834631980188,0.8767804305015512
2040-11-09 01:00:00+00:00,0.603382075651302,0.8768559227322599
2040-11-09 02:00:00+00:00,0.6033806764646932,0.8769315056258389
2040-11-09 03:00:00+00:00,0.6033792992838108,0.8770072258069647
2040-11-09 04:00:00+00:00,0.603377932602335,0.8770830770057524
2040-11-09 05:00:00+00:00,0.6033765712388333,0.8771590567445618
2040-11-09 06:00:00+00:00,0.6033752097804138,0.8772351884183335
2040-11-09 07:00:00+00:00,0.6033738469101586,0.8773116008044178
2040-11-09 08:00:00+00:00,0.6033744536835134,0.8773885128898267
2040-11-09 09:00:00+00:00,0.603375089393602,0.8774658637956442
2040-11-09 10:00:00+00:00,0.6033758293912646,0.8775435425300245
2040-11-09 11:00:00+00:00,0.6033766129289118,0.877621385220836
2040-11-09 12:00:00+00:00,0.6033774123542757,0.8776993456479157
2040-11-09 13:00:00+00:00,0.6033781291731399,0.8777774075516582
2040-11-09 14:00:00+00:00,0.6033787763104019,0.8778555829630037
2040-11-09 15:00:00+00:00,0.6033774674730158,0.8779337665699164
2040-11-09 16:00:00+00:00,0.6033736169395396,0.8780118946695896
2040-11-09 17:00:00+00:00,0.6033697392266407,0.8780901148588413
2040-11-09 18:00:00+00:00,0.603365877819486,0.8781684294818984
2040-11-09 19:00:00+00:00,0.6033620177839775,0.8782468390954351
2040-11-09 20:00:00+00:00,0.6033581094584117,0.878325346803972
2040-11-09 21:00:00+00:00,0.6033542200547088,0.8784039545132623
2040-11-09 22:00:00+00:00,0.6033503287653843,0.878482661058048
2040-11-09 23:00:00+00:00,0.6033464383337215,0.8785614491827395
2040-11-10 00:00:00+00:00,0.6033425453265641,0.87864022421902
2040-11-10 01:00:00+00:00,0.6033386364688846,0.8787182980387734
2040-11-10 02:00:00+00:00,0.6029621482107843,0.8786656756831422
2040-11-10 03:00:00+00:00,0.6029493914312373,0.8787216244788013
2040-11-10 04:00:00+00:00,0.6029443700175651,0.8787960831365579
2040-11-10 05:00:00+00:00,0.6029404373035989,0.8788704685336872
2040-11-10 06:00:00+00:00,0.6029364996995371,0.878944603859499
2040-11-10 07:00:00+00:00,0.602935120661082,0.8790182320001596
2040-11-10 08:00:00+00:00,0.6029338009534302,0.8790916302705266
2040-11-10 09:00:00+00:00,0.6029354964824009,0.8791651015841505
2040-11-10 10:00:00+00:00,0.6029363303400151,0.8792385453955294
2040-11-10 11:00:00+00:00,0.8013172023847942,0.8793116033258641
2040-11-10 12:00:00+00:00,0.9996980940500197,0.8793831263104327
2040-11-10 13:00:00+00:00,0.9996985725698068,0.879453157299981
2040-11-10 14:00:00+00:00,0.999697301975944,0.8795227582252846
2040-11-10 15:00:00+00:00,0.9996961957230326,0.8795922862209351
2040-11-10 16:00:00+00:00,0.999693397655514,0.879661697203665
2040-11-10 17:00:00+00:00,0.9996920643323742,0.8797313033301212
2040-11-10 18:00:00+00:00,0.9996907898334857,0.8798010064048158
2040-11-10 19:00:00+00:00,0.9996900900252464,0.8798708464640564
2040-11-10 20:00:00+00:00,0.9996894650942458,0.8799407973083246
2040-11-10 21:00:00+00:00,0.9996889150133269,0.8800108631348108
2040-11-10 22:00:00+00:00,0.999688438692841,0.8800810447334498
2040-11-10 23:00:00+00:00,0.9996880467368572,0.8801513431177647
2040-11-11 00:00:00+00:00,0.9996877276406451,0.8802217590463964
2040-11-11 01:00:00+00:00,0.9996874827411247,0.8802922917238233
2040-11-11 02:00:00+00:00,0.9996873075667292,0.8803629434170329
2040-11-11 03:00:00+00:00,0.999687199174895,0.8804337143316864
2040-11-11 04:00:00+00:00,0.9996871636515413,0.8805046062821367
2040-11-11 05:00:00+00:00,0.999687170826397,0.8805756161165589
2040-11-11 06:00:00+00:00,0.9996850830455439,0.880646526697284
2040-11-11 07:00:00+00:00,0.999683091794727,0.8807175653364426
2040-11-11 08:00:00+00:00,0.9996811302193267,0.8807887208992808
2040-11-11 09:00:00+00:00,0.9996793095591989,0.8808599933514621
2040-11-11 10:00:00+00:00,0.9996775397006196,0.8809313605390584
2040-11-11 11:00:00+00:00,0.9996758474520628,0.8810027759642455
2040-11-11 12:00:00+00:00,0.9996756145723236,0.8810743344510023
2040-11-11 13:00:00+00:00,0.9996740723937397,0.8811456091236227
2040-11-11 14:00:00+00:00,0.9996726106275396,0.8812166953021002
2040-11-11 15:00:00+00:00,0.9996712621726005,0.8812867887520716
2040-11-11 16:00:00+00:00,0.9996699664142664,0.8813554520932488
2040-11-11 17:00:00+00:00,0.9996687377633874,0.8814232951273041
2040-11-11 18:00:00+00:00,0.9996675698673303,0.8814909074644036
2040-11-11 19:00:00+00:00,0.9996664736204779,0.8815586060001884
2040-11-11 20:00:00+00:00,0.9996654503746002,0.8816264823937491
2040-11-11 21:00:00+00:00,0.999665832963805,0.8816947057678975
2040-11-11 22:00:00+00:00,0.9996661204419341,0.8817630961750628
2040-11-11 23:00:00+00:00,0.999666433833877,0.8818316454058562
2040-11-12 00:00:00+00:00,0.9996670417815147,0.8819003331713507
2040-11-12 01:00:00+00:00,0.9996676903772781,0.8819691183142531
2040-11-12 02:00:00+00:00,0.9996670633874908,0.8820378199732465
2040-11-12 03:00:00+00:00,0.9996665134457217,0.8821066167365936
2040-11-12 04:00:00+00:00,0.9996660815321708,0.8821755096142792
2040-11-12 05:00:00+00:00,0.9996656749914786,0.882244493321126
2040-11-12 06:00:00+00:00,0.9996653170480454,0.8823135628397799
2040-11-12 07:00:00+00:00,0.9996649904166033,0.8823827333931369
2040-11-12 08:00:00+00:00,0.9996647198842005,0.8824520047853526
2040-11-12 09:00:00+00:00,0.9996666524538257,0.8825215522525434
2040-11-12 10:00:00+00:00,0.9996687019149233,0.8825911517364295
2040-11-12 11:00:00+00:00,0.9996709124156049,0.8826607576449886
2040-11-12 12:00:00+00:00,0.9996731477771991,0.8827302367197475
2040-11-12 13:00:00+00:00,0.999675456661887,0.8827994409659395
2040-11-12 14:00:00+00:00,0.9996755719641833,0.8828681285362082
2040-11-12 15:00:00+00:00,0.9996754668028663,0.8829362778723584
2040-11-12 16:00:00+00:00,0.9996753569470633,0.8830043282188088
2040-11-12 17:00:00+00:00,0.9996753085945659,0.8830724251512382
2040-11-12 18:00:00+00:00,0.9996753703291273,0.8831406163030617
2040-11-12 19:00:00+00:00,0.9996755271975086,0.8832089349811848
2040-11-12 20:00:00+00:00,0.9996757772284621,0.8832773846590081
2040-11-12 21:00:00+00:00,0.9996760948718069,0.8833459625214017
2040-11-12 22:00:00+00:00,0.999676766725592,0.8834147361910755
2040-11-12 23:00:00+00:00,0.9996775021680677,0.8834836333745205
2040-11-13 00:00:00+00:00,0.9996783036159209,0.8835526508262121
2040-11-13 01:00:00+00:00,0.9996791632777682,0.883621785036398
2040-11-13 02:00:00+00:00,0.9996815360891356,0.8836911900506784
2040-11-13 03:00:00+00:00,0.9996834146974773,0.8837606707994254
2040-11-13 04:00:00+00:00,0.9996844498866715,0.8838301546176646
2040-11-13 05:00:00+00:00,0.9996855668923008,0.88389973497568
2040-11-13 06:00:00+00:00,0.9996867638379241,0.8839694212433146
2040-11-13 07:00:00+00:00,0.9996880451912529,0.8840391838580213
2040-11-13 08:00:00+00:00,0.9996919572023336,0.8841091966840372
2040-11-13 09:00:00+00:00,0.9996960467788569,0.8841792662797963
2040-11-13 10:00:00+00:00,0.9997002950074729,0.8842493671005656
2040-11-13 11:00:00+00:00,0.9997047049307457,0.8843194696738457
2040-11-13 12:00:00+00:00,0.9997092685768758,0.8843895901648203
2040-11-13 13:00:00+00:00,0.999714043045469,0.884459759619794
2040-11-13 14:00:00+00:00,0.9997189557568937,0.8845298537096979
2040-11-13 15:00:00+00:00,0.9997240951774624,0.8845996841266716
2040-11-13 16:00:00+00:00,0.9997294389824039,0.8846689970408055
2040-11-13 17:00:00+00:00,0.9997341033532595,0.8847377302267105
2040-11-13 18:00:00+00:00,0.9997362127035971,0.8848056982458655
2040-11-13 19:00:00+00:00,0.9997412853014873,0.8848724730175981
2040-11-13 20:00:00+00:00,0.9997466152560562,0.8849363915658159
2040-11-13 21:00:00+00:00,0.9997532983569425,0.8849958855416342
2040-11-13 22:00:00+00:00,0.9997603802995403,0.8850499777127694
2040-11-13 23:00:00+00:00,0.9997678305740887,0.8851012095938936
2040-11-14 00:00:00+00:00,0.999775685138248,0.8851516812367539
2040-11-14 01:00:00+00:00,0.999783963747079,0.8852012599303571
2040-11-14 02:00:00+00:00,0.9997927078621761,0.8852497363970075
2040-11-14 03:00:00+00:00,0.9998020431695743,0.8852976865850188
2040-11-14 04:00:00+00:00,0.9998057114276447,0.8853454519677677
2040-11-14 05:00:00+00:00,0.999809575963197,0.885393333119971
2040-11-14 06:00:00+00:00,0.999813664931109,0.8854413432427494
2040-11-14 07:00:00+00:00,0.9998180012964962,0.8854894844772851
2040-11-14 08:00:00+00:00,0.9998324194132473,0.885537947612236
2040-11-14 09:00:00+00:00,0.9998486675751918,0.8855865401824589
2040-11-14 10:00:00+00:00,0.9998675423584203,0.8856352650030479
2040-11-14 11:00:00+00:00,0.9998905647975832,0.8856841190515718
2040-11-14 12:00:00+00:00,0.9999206552194614,0.8857330818135674
2040-11-14 13:00:00+00:00,0.999973818212698,0.8857820199324093
2040-11-14 14:00:00+00:00,0.9999985572814187,0.8858304912336622
2040-11-14 15:00:00+00:00,0.9999996703119534,0.885748534668199
2040-11-14 16:00:00+00:00,0.9999915776090189,0.8856659655636762
2040-11-14 17:00:00+00:00,0.999987859667267,0.8855832859935183
2040-11-14 18:00:00+00:00,0.9999852885242047,0.8854994175771815
2040-11-14 19:00:00+00:00,0.9999833262302141,0.8854141097596143
2040-11-14 20:00:00+00:00,0.9999817723142902,0.885328260706748
2040-11-14 21:00:00+00:00,0.9999804877696428,0.8852422489085543
2040-11-14 22:00:00+00:00,0.9999801826728946,0.8851563083094649
2040-11-14 23:00:00+00:00,0.9999800048401535,0.8850704219453369
2040-11-15 00:00:00+00:00,0.9999799422770683,0.8849846290147058
2040-11-15 01:00:00+00:00,0.9999799990999038,0.8848989443331494
2040-11-15 02:00:00+00:00,0.9999801650728346,0.8848133696579891
2040-11-15 03:00:00+00:00,0.9999804130836656,0.8847279005454082
2040-11-15 04:00:00+00:00,0.9999800999453557,0.8846425188967475
2040-11-15 05:00:00+00:00,0.9999798987671891,0.8845572348797335
2040-11-15 06:00:00+00:00,0.9999798101157217,0.8844720532734222
2040-11-15 07:00:00+00:00,0.9999798317099351,0.8843869669821713
2040-11-15 08:00:00+00:00,0.999980727359306,0.884301961945964
2040-11-15 09:00:00+00:00,0.9999818135431016,0.8842170525046127
2040-11-15 10:00:00+00:00,0.9999831485439182,0.8841322471506657
2040-11-15 11:00:00+00:00,0.9999848163778973,0.8840475483282438
2040-11-15 12:00:00+00:00,0.9999869659511187,0.8839629598784742
2040-11-15 13:00:00+00:00,0.9999899467109562,0.8838784788100235
2040-11-15 14:00:00+00:00,0.999991447196634,0.8837941024606554
2040-11-15 15:00:00+00:00,0.9999915128210608,0.8837098219389935
2040-11-15 16:00:00+00:00,0.9999912383871931,0.8836255701558099
2040-11-15 17:00:00+00:00,0.9999911700964753,0.8835411919297484
2040-11-15 18:00:00+00:00,0.9999912934250461,0.8834565223663268
2040-11-15 19:00:00+00:00,0.9999924393481294,0.8833711726835739
2040-11-15 20:00:00+00:00,0.9999941742163475,0.8832855778549461
2040-11-15 21:00:00+00:00,0.9999978867821538,0.8831997978067806
2040-11-15 22:00:00+00:00,0.9999976711837131,0.883113932197663
2040-11-15 23:00:00+00:00,0.9999979617783913,0.8830281003803132
2040-11-16 00:00:00+00:00,0.9999992332385941,0.8829422965001529
2040-11-16 01:00:00+00:00,0.9999996961267902,0.8828565646877956
2040-11-16 02:00:00+00:00,0.9999993782418188,0.8827709176782611
2040-11-16 03:00:00+00:00,0.999997929778948,0.8826853103913753
2040-11-16 04:00:00+00:00,0.9389008474493313,0.882599730466015
2040-11-16 05:00:00+00:00,0.8947688434763462,0.8825141355152177
2040-11-16 06:00:00+00:00,0.8594128632400376,0.8824284339540273
2040-11-16 07:00:00+00:00,0.8291512428542073,0.8823426279278856
2040-11-16 08:00:00+00:00,0.8038245224531037,0.882256583270011
2040-11-16 09:00:00+00:00,0.8038230748633164,0.8821702867363385
2040-11-16 10:00:00+00:00,0.803820889646725,0.8820838451048524
2040-11-16 11:00:00+00:00,0.8038161822583408,0.8819974163608242
2040-11-16 12:00:00+00:00,0.7864868509514941,0.8819110428172163
2040-11-16 13:00:00+00:00,0.7688877250329543,0.8818247408173177
2040-11-16 14:00:00+00:00,0.7523010365824037,0.8817385015631666
2040-11-16 15:00:00+00:00,0.7358049455478641,0.8816523188641456
2040-11-16 16:00:00+00:00,0.7199837204651742,0.8815661622939008
2040-11-16 17:00:00+00:00,0.7046817527320596,0.8814800988173912
2040-11-16 18:00:00+00:00,0.6899512169600333,0.8813941292576488
2040-11-16 19:00:00+00:00,0.6756514624289639,0.8813082574832681
2040-11-16 20:00:00+00:00,0.6618003632508814,0.8812224810527229
2040-11-16 21:00:00+00:00,0.6485441450739907,0.8811367994453464
2040-11-16 22:00:00+00:00,0.6355770371265971,0.8810512118880302
2040-11-16 23:00:00+00:00,0.6232821048787096,0.8809657189063717
2040-11-17 00:00:00+00:00,0.6116561867076211,0.880880319790349
2040-11-17 01:00:00+00:00,0.602707590800377,0.880795014509228
2040-11-17 02:00:00+00:00,0.5911365458973984,0.8807098031160019
2040-11-17 03:00:00+00:00,0.5784762037551878,0.8806246849460918
2040-11-17 04:00:00+00:00,0.5655853339256632,0.8805396626225895
2040-11-17 05:00:00+00:00,0.5413042008327393,0.8804547364431881
2040-11-17 06:00:00+00:00,0.37490356267089253,0.8803699080661892
2040-11-17 07:00:00+00:00,0.16695011837887416,0.880285182214967
2040-11-17 08:00:00+00:00,0.15328583804360552,0.8802005482065599
2040-11-17 09:00:00+00:00,0.13874847781321115,0.8801160063775565
2040-11-17 10:00:00+00:00,0.12491659222966847,0.8800315585936934
2040-11-17 11:00:00+00:00,0.10804430131888912,0.8799472025052455
2040-11-17 12:00:00+00:00,0.0893843801559137,0.8798629364182423
2040-11-17 13:00:00+00:00,0.08938137199860934,0.8797787595231331
2040-11-17 14:00:00+00:00,0.08937783021464256,0.8796946703080007
2040-11-17 15:00:00+00:00,0.08937141727671935,0.8796106718768403
2040-11-17 16:00:00+00:00,0.05506258712213035,0.8795267620509502
2040-11-17 17:00:00+00:00,5.426174302809314e-06,0.8794429390397405
2040-11-17 18:00:00+00:00,2.0272466790229139e-07,0.8793592032446935
2040-11-17 19:00:00+00:00,1.1644323892449447e-06,0.8792755615703239
2040-11-17 20:00:00+00:00,1.0500275846772194e-06,0.8791920038580994
2040-11-17 21:00:00+00:00,1.1042239650426021e-06,0.8791085312482859
2040-11-17 22:00:00+00:00,3.6648380381759544e-07,0.8790251435280242
2040-11-17 23:00:00+00:00,1.008754600721499e-06,0.8789418507586729
2040-11-18 00:00:00+00:00,6.665640026409163e-07,0.8788586483994817
2040-11-18 01:00:00+00:00,0.0035376707094475243,0.8789055511364319
2040-11-18 02:00:00+00:00,0.005316741663776358,0.8789525331858484
2040-11-18 03:00:00+00:00,0.006657400285282938,0.8789995939973676
2040-11-18 04:00:00+00:00,0.007752445744757922,0.8790467339496637
2040-11-18 05:00:00+00:00,0.008698566587627335,0.8790939560978598
2040-11-18 06:00:00+00:00,0.009533110777614108,0.8791412634342238
2040-11-18 07:00:00+00:00,0.010022406827179014,0.879188645076507
2040-11-18 08:00:00+00:00,0.016625532863575845,0.8792361168312753
2040-11-18 09:00:00+00:00,0.05986080376115455,0.879283686972021
2040-11-18 10:00:00+00:00,0.0914542141178381,0.8793313434772305
2040-11-18 11:00:00+00:00,0.11778130736697412,0.8793790844749125
2040-11-18 12:00:00+00:00,0.14038410397743337,0.8794269271715703
2040-11-18 13:00:00+00:00,0.16192813454025318,0.8794748809952876
2040-11-18 14:00:00+00:00,0.17940358295178316,0.8795229498242864
2040-11-18 15:00:00+00:00,0.1894036663861891,0.8795711464604665
2040-11-18 16:00:00+00:00,0.1900795869686911,0.879619464592532
2040-11-18 17:00:00+00:00,0.20382540571840982,0.8796679081432954
2040-11-18 18:00:00+00:00,0.2170470313590924,0.8797164567052673
2040-11-18 19:00:00+00:00,0.22950379841907084,0.8797650984251394
2040-11-18 20:00:00+00:00,0.24112857822443276,0.8798137767468805
2040-11-18 21:00:00+00:00,0.2531564561990642,0.8798624724347253
2040-11-18 22:00:00+00:00,0.2538219869890435,0.8799111751974377
2040-11-18 23:00:00+00:00,0.26475449723928607,0.8799599190758844
2040-11-19 00:00:00+00:00,0.27579211807340714,0.8800087195373434
2040-11-19 01:00:00+00:00,0.2863586572395314,0.8800575888347157
2040-11-19 02:00:00+00:00,0.28701524719357946,0.8801065252703405
2040-11-19 03:00:00+00:00,0.28738710704665876,0.880155529534051
2040-11-19 04:00:00+00:00,0.28740283997242405,0.8802042896412476
2040-11-19 05:00:00+00:00,0.2880520567673437,0.8802534285110412
2040-11-19 06:00:00+00:00,0.2887008767418945,0.8803026329741539
2040-11-19 07:00:00+00:00,0.2893502943434074,0.8803519036297179
2040-11-19 08:00:00+00:00,0.2985930931620377,0.8804012424574895
2040-11-19 09:00:00+00:00,0.49541655546888613,0.8804506493689145
2040-11-19 10:00:00+00:00,0.6920516670597271,0.8805001208434339
2040-11-19 11:00:00+00:00,0.7018616566216445,0.8805496539704675
2040-11-19 12:00:00+00:00,0.7114932620401981,0.8805992530057783
2040-11-19 13:00:00+00:00,0.7121512815571363,0.8806489153462921
2040-11-19 14:00:00+00:00,0.7216518788567892,0.8806986525773589
2040-11-19 15:00:00+00:00,0.7316473365957648,0.8807484679470671
2040-11-19 16:00:00+00:00,0.732303920222073,0.8807983616883271
2040-11-19 17:00:00+00:00,0.7329631516612412,0.8808483447204173
2040-11-19 18:00:00+00:00,0.7336392470717021,0.8808984144433073
2040-11-19 19:00:00+00:00,0.744331467886342,0.8809485921486879
2040-11-19 20:00:00+00:00,0.755264174064756,0.8809988755099586
2040-11-19 21:00:00+00:00,0.7637856342067167,0.8810492632171392
2040-11-19 22:00:00+00:00,0.7644625622796428,0.8810997437829852
2040-11-19 23:00:00+00:00,0.7651350149606129,0.8811503140086339
2040-11-20 00:00:00+00:00,0.7658128059226644,0.8812009653081476
2040-11-20 01:00:00+00:00,0.7664864570603828,0.8812516935027058
2040-11-20 02:00:00+00:00,0.7671592841405693,0.8813024941473898
2040-11-20 03:00:00+00:00,0.7671670377177142,0.8813514396846118
2040-11-20 04:00:00+00:00,0.767174780372107,0.8814004505122396
2040-11-20 05:00:00+00:00,0.7675535269116398,0.8814514463422172
2040-11-20 06:00:00+00:00,0.7682219019915395,0.8815025079669309
2040-11-20 07:00:00+00:00,0.7682693218732698,0.881553532979287
2040-11-20 08:00:00+00:00,0.7689411378633694,0.8816046876825393
2040-11-20 09:00:00+00:00,0.7795793135505846,0.8816558858060616
2040-11-20 10:00:00+00:00,0.7842534761410591,0.8817071262379046
2040-11-20 11:00:00+00:00,0.7973322500337072,0.8817583971129564
2040-11-20 12:00:00+00:00,0.8112010318202557,0.8818096641310625
2040-11-20 13:00:00+00:00,0.8251603084052188,0.8818608989370188
2040-11-20 14:00:00+00:00,0.83854815762672,0.8819120997228672
2040-11-20 15:00:00+00:00,0.845828461621941,0.8819632754180764
2040-11-20 16:00:00+00:00,0.8458391078313783,0.8820135841320023
2040-11-20 17:00:00+00:00,0.8458468913739401,0.8820627945023758
2040-11-20 18:00:00+00:00,0.8462369632477651,0.882113961253469
2040-11-20 19:00:00+00:00,0.8469284215469436,0.8821651536629846
2040-11-20 20:00:00+00:00,0.8476202180497043,0.8822163739286588
2040-11-20 21:00:00+00:00,0.8480081015425118,0.8822676200457432
2040-11-20 22:00:00+00:00,0.8481179156799473,0.882318854378622
2040-11-20 23:00:00+00:00,0.8487679707303517,0.8823701104170699
2040-11-21 00:00:00+00:00,0.8491395069359495,0.8824213518269963
2040-11-21 01:00:00+00:00,0.849798021029616,0.8824726078333761
2040-11-21 02:00:00+00:00,0.8505063266068323,0.8825239066037934
2040-11-21 03:00:00+00:00,0.8508937771587342,0.8825752514802998
2040-11-21 04:00:00+00:00,0.8515923884908335,0.8826266500292632
2040-11-21 05:00:00+00:00,0.8519921036262116,0.8826780983342501
2040-11-21 06:00:00+00:00,0.8519998677945358,0.8827276724477395
2040-11-21 07:00:00+00:00,0.8520076412012081,0.882777292991333
2040-11-21 08:00:00+00:00,0.8527100969913523,0.8828288863086078
2040-11-21 09:00:00+00:00,0.8534100312359042,0.8828805266044983
2040-11-21 10:00:00+00:00,0.8541091820091268,0.8829322136162256
2040-11-21 11:00:00+00:00,0.882283535372961,0.8829839548978756
2040-11-21 12:00:00+00:00,0.9163248214800669,0.8830357483968869
2040-11-21 13:00:00+00:00,0.9546743492784667,0.8830875957670684
2040-11-21 14:00:00+00:00,0.9975262578826193,0.8831394978158681
2040-11-21 15:00:00+00:00,0.9980140155896513,0.8831914495391954
2040-11-21 16:00:00+00:00,0.9986655641354494,0.8832434589445006
2040-11-21 17:00:00+00:00,0.9999377354445734,0.8832955254343235
2040-11-21 18:00:00+00:00,0.9999771624918772,0.8833474120688164
2040-11-21 19:00:00+00:00,0.999996527522053,0.8833670492042771
2040-11-21 20:00:00+00:00,0.99999153426942,0.8832892965091825
2040-11-21 21:00:00+00:00,0.9999890518554821,0.8832115983180512
2040-11-21 22:00:00+00:00,0.9999878789365734,0.8831339562892129
2040-11-21 23:00:00+00:00,0.9999889918700371,0.8830563801707186
2040-11-22 00:00:00+00:00,0.9999913464798157,0.8829788596557774
2040-11-22 01:00:00+00:00,0.9999931081874746,0.8829013858999964
2040-11-22 02:00:00+00:00,0.999971720622124,0.8828239400361613
2040-11-22 03:00:00+00:00,0.9999270093641474,0.882746549015804
2040-11-22 04:00:00+00:00,0.999903208810435,0.8826692121060219
2040-11-22 05:00:00+00:00,0.99988258754159,0.8825919273704149
2040-11-22 06:00:00+00:00,0.9998652067155018,0.8825146927313566
2040-11-22 07:00:00+00:00,0.9998500238491889,0.8824375057512683
2040-11-22 08:00:00+00:00,0.9998364352705951,0.8823603656810388
2040-11-22 09:00:00+00:00,0.9998329153144327,0.8822832764237051
2040-11-22 10:00:00+00:00,0.999823060661635,0.8822062327257103
2040-11-22 11:00:00+00:00,0.9998197862446496,0.8821292420419788
2040-11-22 12:00:00+00:00,0.9998137858048411,0.8820523017254949
2040-11-22 13:00:00+00:00,0.9998107630438506,0.8819754154382252
2040-11-22 14:00:00+00:00,0.9998021275069857,0.8818985775200208
2040-11-22 15:00:00+00:00,0.9997939912824289,0.881821788377494
2040-11-22 16:00:00+00:00,0.9997862464398585,0.881745048497349
2040-11-22 17:00:00+00:00,0.9997788582797382,0.8816683592108079
2040-11-22 18:00:00+00:00,0.9997717571006653,0.8815917219760976
2040-11-22 19:00:00+00:00,0.999764945930267,0.8815151299815297
2040-11-22 20:00:00+00:00,0.999758430710936,0.8814385832775183
2040-11-22 21:00:00+00:00,0.9997521503277843,0.8813620812203008
2040-11-22 22:00:00+00:00,0.9997460752389573,0.8812856235273304
2040-11-22 23:00:00+00:00,0.999740205042438,0.8812092101708646
2040-11-23 00:00:00+00:00,0.9997362612838189,0.8811328405390487
2040-11-23 01:00:00+00:00,0.9997337956336769,0.8810565130569828
2040-11-23 02:00:00+00:00,0.999731686813479,0.8809802264005391
2040-11-23 03:00:00+00:00,0.9997296282554418,0.8809039793293235
2040-11-23 04:00:00+00:00,0.9997276228435023,0.880827771621334
2040-11-23 05:00:00+00:00,0.9997254131227515,0.88075160194181
2040-11-23 06:00:00+00:00,0.9997232578504757,0.8806754710461415
2040-11-23 07:00:00+00:00,0.9997211513642451,0.8805993803296396
2040-11-23 08:00:00+00:00,0.9997192898107158,0.8805233311762337
2040-11-23 09:00:00+00:00,0.9997174711518624,0.8804473237958639
2040-11-23 10:00:00+00:00,0.9997156876939823,0.8803713595828562
2040-11-23 11:00:00+00:00,0.9999624811558249,0.8802954604938867
2040-11-23 12:00:00+00:00,0.9999611548917425,0.8802195795121079
2040-11-23 13:00:00+00:00,0.9999599043158189,0.8801437453689757
2040-11-23 14:00:00+00:00,0.9999588669117817,0.8800679762892412
2040-11-23 15:00:00+00:00,0.9999580372232357,0.8799922565660627
2040-11-23 16:00:00+00:00,0.9999575052610093,0.8799165820106287
2040-11-23 17:00:00+00:00,0.9999557954784108,0.8798409456503352
2040-11-23 18:00:00+00:00,0.9999542896175798,0.879765347697588
2040-11-23 19:00:00+00:00,0.99995297242455,0.8796897880672823
2040-11-23 20:00:00+00:00,0.9999518252894483,0.8796142721441556
2040-11-23 21:00:00+00:00,0.9999518783996776,0.8795388027214207
2040-11-23 22:00:00+00:00,0.9999520500658079,0.8794633792921259
2040-11-23 23:00:00+00:00,0.999952349868275,0.8793880043263396
2040-11-24 00:00:00+00:00,0.9999527861943157,0.879312678856299
2040-11-24 01:00:00+00:00,0.999953365967301,0.8792373983773835
2040-11-24 02:00:00+00:00,0.999954086625104,0.8791621554856912
2040-11-24 03:00:00+00:00,0.9999538837976193,0.8790869426777606
2040-11-24 04:00:00+00:00,0.9999538024377109,0.8790117586214272
2040-11-24 05:00:00+00:00,0.9999538452983513,0.8789366025867776
2040-11-24 06:00:00+00:00,0.999954017730508,0.8788614737703084
2040-11-24 07:00:00+00:00,0.9999543242316978,0.8787863650395772
2040-11-24 08:00:00+00:00,0.9999547519350094,0.8787112861546831
2040-11-24 09:00:00+00:00,0.9999554669112171,0.8786362374283887
2040-11-24 10:00:00+00:00,0.9999578729523088,0.8785612193779815
2040-11-24 11:00:00+00:00,0.999966515627745,0.8784862369679015
2040-11-24 12:00:00+00:00,0.9999698701343163,0.87841129128534
2040-11-24 13:00:00+00:00,0.9999740672113492,0.8783363907068091
2040-11-24 14:00:00+00:00,0.9999797340623663,0.8782615407729052
2040-11-24 15:00:00+00:00,0.9999783647955688,0.8781867168255238
2040-11-24 16:00:00+00:00,0.9999773089211764,0.8781119282929248
2040-11-24 17:00:00+00:00,0.9999765115225979,0.878037180123994
2040-11-24 18:00:00+00:00,0.9999759398323714,0.87796247476637
2040-11-24 19:00:00+00:00,0.9999755776651983,0.8778878088563222
2040-11-24 20:00:00+00:00,0.9999754023083012,0.8778131803502736
2040-11-24 21:00:00+00:00,0.9999764253890059,0.8777385896092295
2040-11-24 22:00:00+00:00,0.9999777412972155,0.8776640298772646
2040-11-24 23:00:00+00:00,0.9999794252323536,0.8775894976913314
2040-11-25 00:00:00+00:00,0.999981588225904,0.8775149940732091
2040-11-25 01:00:00+00:00,0.9999844997682511,0.8774405194652496
2040-11-25 02:00:00+00:00,0.9999888807584728,0.8773660728780879
2040-11-25 03:00:00+00:00,0.9999921557157946,0.8772916539127925
2040-11-25 04:00:00+00:00,0.9999991675764258,0.8772172624814294
2040-11-25 05:00:00+00:00,0.9999983855987449,0.8771428851866655
2040-11-25 06:00:00+00:00,0.999995410763918,0.8770685256166421
2040-11-25 07:00:00+00:00,0.9999939989776168,0.876994188552813
2040-11-25 08:00:00+00:00,0.9999937706586478,0.8769198683160228
2040-11-25 09:00:00+00:00,0.9999938241112587,0.8768455536960496
2040-11-25 10:00:00+00:00,0.999994181691773,0.8767712534879394
2040-11-25 11:00:00+00:00,0.9999949310224522,0.8766969698578235
2040-11-25 12:00:00+00:00,0.9790371064006556,0.8766226849641482
2040-11-25 13:00:00+00:00,0.9506567530415093,0.8765483854725358
2040-11-25 14:00:00+00:00,0.9303173629132696,0.8764740655159086
2040-11-25 15:00:00+00:00,0.9124821172112183,0.8763997148049762
2040-11-25 16:00:00+00:00,0.8968669682237262,0.8763253234424069
2040-11-25 17:00:00+00:00,0.8836872937688057,0.8762508954177776
2040-11-25 18:00:00+00:00,0.871798599629495,0.8761764345657015
2040-11-25 19:00:00+00:00,0.8607995133338826,0.8761019338072097
2040-11-25 20:00:00+00:00,0.8504960005110787,0.8760274113164241
2040-11-25 21:00:00+00:00,0.8407045532392216,0.8759528895723436
2040-11-25 22:00:00+00:00,0.8314957750985317,0.8758783815440999
2040-11-25 23:00:00+00:00,0.8228268754965626,0.8758038890489153
2040-11-26 00:00:00+00:00,0.8148453753279755,0.8757294141012959
2040-11-26 01:00:00+00:00,0.8148426482797801,0.8756549608771379
2040-11-26 02:00:00+00:00,0.814839927817523,0.8755805322820341
2040-11-26 03:00:00+00:00,0.8148372112145877,0.8755061312432995
2040-11-26 04:00:00+00:00,0.8148344901029522,0.8754317605845084
2040-11-26 05:00:00+00:00,0.8148317746195207,0.87535741938216
2040-11-26 06:00:00+00:00,0.8081675309397269,0.8752831065698751
2040-11-26 07:00:00+00:00,0.8016263264415054,0.8752088202191309
2040-11-26 08:00:00+00:00,0.801623609970211,0.8751345607797697
2040-11-26 09:00:00+00:00,0.8016208786258745,0.8750603276208078
2040-11-26 10:00:00+00:00,0.8016181408081265,0.8749861208252994
2040-11-26 11:00:00+00:00,0.8016153995580302,0.8749119401371587
2040-11-26 12:00:00+00:00,0.9999921374351765,0.8748377875000324
2040-11-26 13:00:00+00:00,0.99999029040335,0.8747636528309672
2040-11-26 14:00:00+00:00,0.9999889103786416,0.874689537915464
2040-11-26 15:00:00+00:00,0.9792175996589149,0.8746154358867686
2040-11-26 16:00:00+00:00,0.9493279564964733,0.8745413348566318
2040-11-26 17:00:00+00:00,0.9281363608769453,0.8744672284499132
2040-11-26 18:00:00+00:00,0.9117485218707685,0.8743931219844842
2040-11-26 19:00:00+00:00,0.8975460701222411,0.8743190003061831
2040-11-26 20:00:00+00:00,0.8851943785139107,0.8742448597648051
2040-11-26 21:00:00+00:00,0.8738360351392945,0.874170700956435
2040-11-26 22:00:00+00:00,0.8634887119452717,0.8740965293741131
2040-11-26 23:00:00+00:00,0.8540215549697492,0.8740223535958328
2040-11-27 00:00:00+00:00,0.8540160515797901,0.8739481830716158
2040-11-27 01:00:00+00:00,0.8540133615453989,0.8738740260650961
2040-11-27 02:00:00+00:00,0.8540104194096712,0.8737998854398494
2040-11-27 03:00:00+00:00,0.8540075333781197,0.8737257652816371
2040-11-27 04:00:00+00:00,0.8540047314400147,0.8736516684098049
2040-11-27 05:00:00+00:00,0.8539768930292488,0.8735775931463099
2040-11-27 06:00:00+00:00,0.84715943901607,0.8735035389359219
2040-11-27 07:00:00+00:00,0.8405114964388654,0.8734295133319895
2040-11-27 08:00:00+00:00,0.8339858833330921,0.8733555173215142
2040-11-27 09:00:00+00:00,0.8277528497381764,0.8732815455717696
2040-11-27 10:00:00+00:00,0.8277387376611764,0.8732075982809749
2040-11-27 11:00:00+00:00,0.8277359985812303,0.8731336690707208
2040-11-27 12:00:00+00:00,0.8277303834904661,0.8730597474729128
2040-11-27 13:00:00+00:00,0.8277272284876397,0.8729858325437309
2040-11-27 14:00:00+00:00,0.8259105603757819,0.8729119237022853
2040-11-27 15:00:00+00:00,0.8204739233382748,0.8728380275490498
2040-11-27 16:00:00+00:00,0.5559648946673367,0.8727641472413834
2040-11-27 17:00:00+00:00,0.29145621585104897,0.8726902820673728
2040-11-27 18:00:00+00:00,0.03522992432373484,0.8726164316662427
2040-11-27 19:00:00+00:00,0.029310974829982815,0.8725425964240227
2040-11-27 20:00:00+00:00,0.024308785446595843,0.8724687764033412
2040-11-27 21:00:00+00:00,0.016448697559867973,0.8723949807339647
2040-11-27 22:00:00+00:00,2.5207221753932424e-05,0.8723212082480731
2040-11-27 23:00:00+00:00,1.6289532797839616e-05,0.8722474622629498
2040-11-28 00:00:00+00:00,1.0584606473801037e-05,0.8721737430664513
2040-11-28 01:00:00+00:00,9.288905189135905e-06,0.8721000489256581
2040-11-28 02:00:00+00:00,7.686349563320685e-06,0.8720263784692144
2040-11-28 03:00:00+00:00,6.149324083804808e-06,0.8719527318037026
2040-11-28 04:00:00+00:00,1.7826832805177334e-06,0.8718791086238372
2040-11-28 05:00:00+00:00,2.4817927441320567e-06,0.8718055135961342
2040-11-28 06:00:00+00:00,2.2416704291109014e-06,0.8717319468120212
2040-11-28 07:00:00+00:00,3.2622017154530753e-07,0.8716584053701356
2040-11-28 08:00:00+00:00,1.6330103713448304e-06,0.8715849434867847
2040-11-28 09:00:00+00:00,0.06793437475363812,0.8716414783959111
2040-11-28 10:00:00+00:00,0.11393031230689928,0.8716980366746941
2040-11-28 11:00:00+00:00,0.1546355492839163,0.8717546214893471
2040-11-28 12:00:00+00:00,0.20308585232180468,0.8718112538750771
2040-11-28 13:00:00+00:00,0.28405708346698827,0.8718679556674069
2040-11-28 14:00:00+00:00,0.31582424853760444,0.8719247030892301
2040-11-28 15:00:00+00:00,0.34370589012212777,0.8719815143540213
2040-11-28 16:00:00+00:00,0.37076976367984554,0.8720383873750436
2040-11-28 17:00:00+00:00,0.3966746628980319,0.8720953470049926
2040-11-28 18:00:00+00:00,0.42155232400835724,0.8721524793778013
2040-11-28 19:00:00+00:00,0.4453240515193196,0.8722097346824839
2040-11-28 20:00:00+00:00,0.468372309952003,0.8722670829239976
2040-11-28 21:00:00+00:00,0.48978438838233695,0.8723245010210917
2040-11-28 22:00:00+00:00,0.5075903930502902,0.8723819484041793
2040-11-28 23:00:00+00:00,0.530504882317343,0.8724394165765789
2040-11-29 00:00:00+00:00,0.554631114805792,0.8724969106336228
2040-11-29 01:00:00+00:00,0.5806570765598058,0.8725544371041114
2040-11-29 02:00:00+00:00,0.6084171573684356,0.8726119904912998
2040-11-29 03:00:00+00:00,0.6368210212422953,0.8726695946030141
2040-11-29 04:00:00+00:00,0.6656537549512951,0.872727247206316
2040-11-29 05:00:00+00:00,0.6943700308532049,0.8727849259411524
2040-11-29 06:00:00+00:00,0.7232521174485044,0.8728426217900991
2040-11-29 07:00:00+00:00,0.7505228662264547,0.8729003340002653
2040-11-29 08:00:00+00:00,0.7798063824708278,0.8729580598553676
2040-11-29 09:00:00+00:00,0.8182490371906245,0.8730158001373788
2040-11-29 10:00:00+00:00,0.8613341364381305,0.8730735605745044
2040-11-29 11:00:00+00:00,0.920306049250017,0.8731313445177626
2040-11-29 12:00:00+00:00,0.9894150530279583,0.8731891486345026
2040-11-29 13:00:00+00:00,0.9999844992812067,0.873246983206051
2040-11-29 14:00:00+00:00,0.9999970639162019,0.8732622153513279
2040-11-29 15:00:00+00:00,0.9999902630356919,0.8731900917927764
2040-11-29 16:00:00+00:00,0.9999858876298016,0.8731179789810908
2040-11-29 17:00:00+00:00,0.9999784420393897,0.8730458717299627
2040-11-29 18:00:00+00:00,0.9999734932069151,0.8729737747990128
2040-11-29 19:00:00+00:00,0.9999697841601718,0.872901693878678
2040-11-29 20:00:00+00:00,0.9999686497827817,0.8728296354595197
2040-11-29 21:00:00+00:00,0.9999678410682191,0.8727576035788395
2040-11-29 22:00:00+00:00,0.9999669464928568,0.8726855958663848
2040-11-29 23:00:00+00:00,0.999965391950377,0.8726136043622119
2040-11-30 00:00:00+00:00,0.9999641575630996,0.8725416279833113
2040-11-30 01:00:00+00:00,0.9999632070037574,0.8724696681842098
2040-11-30 02:00:00+00:00,0.9999625113332308,0.8723977261209034
2040-11-30 03:00:00+00:00,0.9999620517010632,0.8723258033203938
2040-11-30 04:00:00+00:00,0.9999618190905466,0.8722538986101287
2040-11-30 05:00:00+00:00,0.9999618027830645,0.8721820148181718
2040-11-30 06:00:00+00:00,0.9999620076999789,0.8721101526754478
2040-11-30 07:00:00+00:00,0.9999624368307826,0.872038308557451
2040-11-30 08:00:00+00:00,0.9999647211249522,0.8719664849770177
2040-11-30 09:00:00+00:00,0.9999677147442623,0.8718946813110733
2040-11-30 10:00:00+00:00,0.9999714659203536,0.8718228974801603
2040-11-30 11:00:00+00:00,0.9999765561110056,0.8717511352641855
2040-11-30 12:00:00+00:00,0.9999836759890464,0.8716793972179054
2040-11-30 13:00:00+00:00,0.9999988010545016,0.8716076779256914
2040-11-30 14:00:00+00:00,0.9999995476354926,0.8715359338393267
2040-11-30 15:00:00+00:00,0.9999942363747882,0.8714641842492302
2040-11-30 16:00:00+00:00,0.9999919076466298,0.8713924465307371
2040-11-30 17:00:00+00:00,0.9999903987656559,0.8713207215272255
2040-11-30 18:00:00+00:00,0.9999893197149652,0.8712490142255609
2040-11-30 19:00:00+00:00,0.999989151528245,0.871177325406719
2040-11-30 20:00:00+00:00,0.9999891638979792,0.871105649992259
2040-11-30 21:00:00+00:00,0.9999893560943173,0.8710339870655883
2040-11-30 22:00:00+00:00,0.9999897475676275,0.8709623364287806
2040-11-30 23:00:00+00:00,0.9999903667118814,0.8708906947109876
2040-12-01 00:00:00+00:00,0.9999912672714601,0.8708190633792058
2040-12-01 01:00:00+00:00,0.9999916907524081,0.870747449151429
2040-12-01 02:00:00+00:00,0.9999923698257105,0.8706758600905192
2040-12-01 03:00:00+00:00,0.9999881345444847,0.870604296534805
2040-12-01 04:00:00+00:00,0.999985235388633,0.8705327628791023
2040-12-01 05:00:00+00:00,0.9999829839984901,0.8704612554124992
2040-12-01 06:00:00+00:00,0.9999804847376088,0.8703897724798243
2040-12-01 07:00:00+00:00,0.741135282242333,0.8703183107036221
2040-12-01 08:00:00+00:00,0.7411336740008335,0.8702468687791627
2040-12-01 09:00:00+00:00,0.741133008600977,0.8701754486335554
2040-12-01 10:00:00+00:00,0.7411334349784138,0.8701040504739621
2040-12-01 11:00:00+00:00,0.9395110188944586,0.8700326753317923
2040-12-01 12:00:00+00:00,0.9999779276989053,0.8699613140385279
2040-12-01 13:00:00+00:00,0.9999773490984454,0.8698899565190666
2040-12-01 14:00:00+00:00,0.9999763697152887,0.869818596731768
2040-12-01 15:00:00+00:00,0.9920585454754697,0.8697472438916168
2040-12-01 16:00:00+00:00,0.988173648586307,0.8696758985850888
2040-12-01 17:00:00+00:00,0.7420061240599509,0.8696045569779389
2040-12-01 18:00:00+00:00,0.7390759926700528,0.8695332158530187
2040-12-01 19:00:00+00:00,0.7361536622271456,0.8694618726124446
2040-12-01 20:00:00+00:00,0.7332544495919708,0.8693905361041268
2040-12-01 21:00:00+00:00,0.7303583960215834,0.8693192079509449
2040-12-01 22:00:00+00:00,0.7274707078691498,0.8692478919613028
2040-12-01 23:00:00+00:00,0.724600813919349,0.8691765902144385
2040-12-02 00:00:00+00:00,0.7217583476194056,0.8691053028880276
2040-12-02 01:00:00+00:00,0.7189392358351255,0.8690340298745279
2040-12-02 02:00:00+00:00,0.7161562304580236,0.8689627721433244
2040-12-02 03:00:00+00:00,0.7133958034860823,0.8688915294017112
2040-12-02 04:00:00+00:00,0.672536455339268,0.8688203015437863
2040-12-02 05:00:00+00:00,0.45042217826865333,0.8687490883613006
2040-12-02 06:00:00+00:00,0.2246060868314355,0.868677889882661
2040-12-02 07:00:00+00:00,0.005408633970443261,0.8686067052724084
2040-12-02 08:00:00+00:00,2.374226611435124e-06,0.8685355343876752
2040-12-02 09:00:00+00:00,2.400348860522326e-06,0.8684643770315152
2040-12-02 10:00:00+00:00,5.7071916276795385e-06,0.8683932338797556
2040-12-02 11:00:00+00:00,6.885206979836469e-05,0.8683221023797221
2040-12-02 12:00:00+00:00,7.062213360024805e-05,0.8682509820867741
2040-12-02 13:00:00+00:00,7.0449687413399e-05,0.8681798704496629
2040-12-02 14:00:00+00:00,6.897783996688922e-05,0.8681087657066358
2040-12-02 15:00:00+00:00,6.420011028464104e-05,0.8680376685083186
2040-12-02 16:00:00+00:00,5.892997957596903e-05,0.867966580354559
2040-12-02 17:00:00+00:00,5.299010185212834e-05,0.8678955000735826
2040-12-02 18:00:00+00:00,4.613032313415415e-05,0.8678244268513245
2040-12-02 19:00:00+00:00,3.788431526209347e-05,0.8677533624009734
2040-12-02 20:00:00+00:00,2.699248010242882e-05,0.8676823073024837
2040-12-02 21:00:00+00:00,7.65868703827842e-06,0.8676112626806435
2040-12-02 22:00:00+00:00,8.141596516290167e-06,0.8675402305169452
2040-12-02 23:00:00+00:00,8.79975883129499e-06,0.8674692100292105
2040-12-03 00:00:00+00:00,9.154049218784182e-06,0.8673982018608304
2040-12-03 01:00:00+00:00,9.394533205151419e-06,0.8673272069155477
2040-12-03 02:00:00+00:00,9.369963918508942e-06,0.8672562256904088
2040-12-03 03:00:00+00:00,9.094894643412492e-06,0.8671852577074757
2040-12-03 04:00:00+00:00,8.564021601076076e-06,0.8671143012507839
2040-12-03 05:00:00+00:00,6.829306414369166e-06,0.8670433581910557
2040-12-03 06:00:00+00:00,4.9677225449580285e-06,0.8669724304649206
2040-12-03 07:00:00+00:00,4.996949275835933e-07,0.8669015252098854
2040-12-03 08:00:00+00:00,5.679736207945764e-06,0.8668306692376404
2040-12-03 09:00:00+00:00,1.8347616911973832e-05,0.8667598473870091
2040-12-03 10:00:00+00:00,2.518680086442413e-05,0.866689049325113
2040-12-03 11:00:00+00:00,3.0060792590421165e-05,0.8666182732646573
2040-12-03 12:00:00+00:00,3.385342395238142e-05,0.8665475191234431
2040-12-03 13:00:00+00:00,3.6923536644659705e-05,0.8664767834957612
2040-12-03 14:00:00+00:00,3.764456924952539e-05,0.8664060622764239
2040-12-03 15:00:00+00:00,3.814652318108698e-05,0.8663353601523553
2040-12-03 16:00:00+00:00,3.84231478796675e-05,0.8662646846119668
2040-12-03 17:00:00+00:00,3.8484454311972875e-05,0.8661940429459171
2040-12-03 18:00:00+00:00,3.833013436957784e-05,0.8661234415518658
2040-12-03 19:00:00+00:00,3.795960451999081e-05,0.8660528750161566
2040-12-03 20:00:00+00:00,3.7368455568966576e-05,0.8659823485487423
2040-12-03 21:00:00+00:00,3.653274225479712e-05,0.8659118454365339
2040-12-03 22:00:00+00:00,3.544211957600746e-05,0.8658413588740648
2040-12-03 23:00:00+00:00,3.508484471916031e-05,0.8657708911036408
2040-12-04 00:00:00+00:00,3.456879726077331e-05,0.8657004364467026
2040-12-04 01:00:00+00:00,3.383518832208425e-05,0.8656299893259047
2040-12-04 02:00:00+00:00,3.2789221819240785e-05,0.8655595501827827
2040-12-04 03:00:00+00:00,3.141052497698889e-05,0.8654891194091134
2040-12-04 04:00:00+00:00,2.837579222333516e-05,0.8654186923413149
2040-12-04 05:00:00+00:00,2.305383434792101e-05,0.8653482713211461
2040-12-04 06:00:00+00:00,1.9756929831340435e-05,0.8652778613669334
2040-12-04 07:00:00+00:00,4.157263809468106e-06,0.8652074493926726
2040-12-04 08:00:00+00:00,3.999684249814275e-06,0.8651370894118917
2040-12-04 09:00:00+00:00,0.00024156959179688777,0.8651946467998777
2040-12-04 10:00:00+00:00,0.0002484310666511797,0.8651249522685487
2040-12-04 11:00:00+00:00,0.005764207618669236,0.8651835478763358
2040-12-04 12:00:00+00:00,0.04108695214162153,0.8652421364220367
2040-12-04 13:00:00+00:00,0.07702458279810566,0.8653007389895644
2040-12-04 14:00:00+00:00,0.1066796803807389,0.8653593580645392
2040-12-04 15:00:00+00:00,0.13381859263647664,0.8654180044395712
2040-12-04 16:00:00+00:00,0.13383032346134707,0.8653498343549665
2040-12-04 17:00:00+00:00,0.14860231260951112,0.8654085505098389
2040-12-04 18:00:00+00:00,0.15782309309956707,0.8654673791479979
2040-12-04 19:00:00+00:00,0.16124697826604684,0.8655263415096545
2040-12-04 20:00:00+00:00,0.16476342924808243,0.8655854333089463
2040-12-04 21:00:00+00:00,0.18273299950051086,0.8656445565580517
2040-12-04 22:00:00+00:00,0.20556030570229933,0.8657036915985732
2040-12-04 23:00:00+00:00,0.22719114047538969,0.8657628328650964
2040-12-05 00:00:00+00:00,0.24805645774232127,0.8658219790782362
2040-12-05 01:00:00+00:00,0.26684451049222896,0.8658811332579459
2040-12-05 02:00:00+00:00,0.28501401120650105,0.8659402966737948
2040-12-05 03:00:00+00:00,0.30276595998087985,0.8659994695624108
2040-12-05 04:00:00+00:00,0.3200543556162926,0.8660586529216029
2040-12-05 05:00:00+00:00,0.3377943467273058,0.8661178451860697
2040-12-05 06:00:00+00:00,0.3545353255907173,0.8661770428268509
2040-12-05 07:00:00+00:00,0.37159205395429823,0.8662362487368568
2040-12-05 08:00:00+00:00,0.38967010102768057,0.866295454306766
2040-12-05 09:00:00+00:00,0.5865785894756156,0.866354692854837
2040-12-05 10:00:00+00:00,0.6301551094837431,0.8664139158389154
2040-12-05 11:00:00+00:00,0.7871366891733563,0.8664731525494007
2040-12-05 12:00:00+00:00,0.9356540911980791,0.8665323759252946
2040-12-05 13:00:00+00:00,0.9601195327354185,0.8665915619601661
2040-12-05 14:00:00+00:00,0.9999987348352456,0.8666507339427644
2040-12-05 15:00:00+00:00,0.9591998939660106,0.8665808963185031
2040-12-05 16:00:00+00:00,0.9363540670241762,0.8665110259300595
2040-12-05 17:00:00+00:00,0.9116271254074515,0.866441096408093
2040-12-05 18:00:00+00:00,0.7404078303264855,0.8663710209642863
2040-12-05 19:00:00+00:00,0.480346850487257,0.8663008446780428
2040-12-05 20:00:00+00:00,0.29129149517401026,0.8662305981160657
2040-12-05 21:00:00+00:00,0.24341655301395287,0.8661603059393842
2040-12-05 22:00:00+00:00,0.22834589616991832,0.8660900085194764
2040-12-05 23:00:00+00:00,0.21153083934140537,0.866019712493515
2040-12-06 00:00:00+00:00,0.19323847334631658,0.8659494129407445
2040-12-06 01:00:00+00:00,0.14951602412029738,0.8658791015484427
2040-12-06 02:00:00+00:00,0.1333832322935286,0.8658087845238018
2040-12-06 03:00:00+00:00,0.11279321876381494,0.8657384422981975
2040-12-06 04:00:00+00:00,0.08693802008545098,0.8656680830824027
2040-12-06 05:00:00+00:00,0.05324203078478078,0.8655977348519707
2040-12-06 06:00:00+00:00,1.6222531763758727e-05,0.8655274091403179
2040-12-06 07:00:00+00:00,7.499364456192333e-06,0.8654571315590895
2040-12-06 08:00:00+00:00,3.523570313318262e-06,0.8653869026873482
2040-12-06 09:00:00+00:00,9.639208867223852e-06,0.8653168424178288
2040-12-06 10:00:00+00:00,0.00048575983527789036,0.8652471446681314
2040-12-06 11:00:00+00:00,0.0007248841690347724,0.8651774674618123
2040-12-06 12:00:00+00:00,0.0009041873065956521,0.8651078206320763
2040-12-06 13:00:00+00:00,0.0010546932529542634,0.8650381907640365
2040-12-06 14:00:00+00:00,0.0011864936264815262,0.8649685977751902
2040-12-06 15:00:00+00:00,0.0011930725147635433,0.8648987987622113
2040-12-06 16:00:00+00:00,0.0011995663341680654,0.8648290312187769
2040-12-06 17:00:00+00:00,0.00120598847877575,0.864759294767085
2040-12-06 18:00:00+00:00,0.0012123546886916308,0.8646895897513692
2040-12-06 19:00:00+00:00,0.0012186698486983097,0.86461990565035
2040-12-06 20:00:00+00:00,0.001224927613528768,0.8645502375678964
2040-12-06 21:00:00+00:00,0.0012311215717380048,0.8644805749831249
2040-12-06 22:00:00+00:00,0.0012372554499142164,0.8644109189240364
2040-12-06 23:00:00+00:00,0.001303128415559271,0.864341535183235
2040-12-07 00:00:00+00:00,0.0013616634124788546,0.8642721522632405
2040-12-07 01:00:00+00:00,0.001415404904313798,0.8642027828657236
2040-12-07 02:00:00+00:00,0.0014654285327398908,0.864133427035859
2040-12-07 03:00:00+00:00,0.001512690094323346,0.8640640860616793
2040-12-07 04:00:00+00:00,0.001518569440234296,0.863994526629471
2040-12-07 05:00:00+00:00,0.001524414310277965,0.8639249850916463
2040-12-07 06:00:00+00:00,0.0015302065215171265,0.8638554598996937
2040-12-07 07:00:00+00:00,0.0015359416757149082,0.8637859470356356
2040-12-07 08:00:00+00:00,0.002306998213327734,0.8637168209352531
2040-12-07 09:00:00+00:00,0.003176339547366365,0.8636477044858654
2040-12-07 10:00:00+00:00,0.0038785588238413175,0.863578593734853
2040-12-07 11:00:00+00:00,0.20225342037342164,0.8636384741267813
2040-12-07 12:00:00+00:00,0.40062784875322727,0.8636983576302971
2040-12-07 13:00:00+00:00,0.4012260310917144,0.8636292611266895
2040-12-07 14:00:00+00:00,0.4016859106055641,0.8635601686440387
2040-12-07 15:00:00+00:00,0.40212671094526764,0.8634910891877852
2040-12-07 16:00:00+00:00,0.40213385385331213,0.8634216727547785
2040-12-07 17:00:00+00:00,0.4021409812439521,0.8633522679462929
2040-12-07 18:00:00+00:00,0.40214803825119727,0.8632828728403202
2040-12-07 19:00:00+00:00,0.40215511697707707,0.8632134843285719
2040-12-07 20:00:00+00:00,0.40216231910983513,0.8631441017711591
2040-12-07 21:00:00+00:00,0.4021886021809572,0.8630748896397653
2040-12-07 22:00:00+00:00,0.40221446657002935,0.8630056797331004
2040-12-07 23:00:00+00:00,0.4022398452280457,0.8629364721177651
2040-12-08 00:00:00+00:00,0.4022647704165189,0.8628672640875525
2040-12-08 01:00:00+00:00,0.4022893138875408,0.862798052510574
2040-12-08 02:00:00+00:00,0.40231343782978607,0.8627288363386323
2040-12-08 03:00:00+00:00,0.40233722401524,0.862659616627178
2040-12-08 04:00:00+00:00,0.40234439782511044,0.8625902460710282
2040-12-08 05:00:00+00:00,0.4023515604238297,0.8625208767824125
2040-12-08 06:00:00+00:00,0.4023587210407116,0.8624515094431177
2040-12-08 07:00:00+00:00,0.40236588999246814,0.862382147018875
2040-12-08 08:00:00+00:00,0.4023729547789183,0.8623127908156185
2040-12-08 09:00:00+00:00,0.4029582372399495,0.8622437866740704
2040-12-08 10:00:00+00:00,0.6012929006982128,0.862175025414054
2040-12-08 11:00:00+00:00,0.7996697529593616,0.8622355194410475
2040-12-08 12:00:00+00:00,0.998044805933233,0.8622955107856208
2040-12-08 13:00:00+00:00,0.9988840631342945,0.8622265221705192
2040-12-08 14:00:00+00:00,0.9999961231851161,0.862157536527765
2040-12-08 15:00:00+00:00,0.9147014581129465,0.8620880045145322
2040-12-08 16:00:00+00:00,0.8455377976334008,0.8620184835371285
2040-12-08 17:00:00+00:00,0.7888378091066162,0.8619489744011659
2040-12-08 18:00:00+00:00,0.7395293105637045,0.861879477151866
2040-12-08 19:00:00+00:00,0.695912947679343,0.8618099921342425
2040-12-08 20:00:00+00:00,0.656025917444057,0.8617405189848621
2040-12-08 21:00:00+00:00,0.6177563211068043,0.8616710574164018
2040-12-08 22:00:00+00:00,0.5814322573132203,0.8616016074192504
2040-12-08 23:00:00+00:00,0.5481043937102955,0.8615321680643104
2040-12-09 00:00:00+00:00,0.5135933276012943,0.8614627403601217
2040-12-09 01:00:00+00:00,0.4783157966206861,0.8613933244351916
2040-12-09 02:00:00+00:00,0.44149657429714056,0.8613239191273707
2040-12-09 03:00:00+00:00,0.40347939321594833,0.8612545244142072
2040-12-09 04:00:00+00:00,0.36210137186860686,0.8611851405059165
2040-12-09 05:00:00+00:00,0.31572666696284524,0.8611157676463771
2040-12-09 06:00:00+00:00,0.2643076639530541,0.8610464057173233
2040-12-09 07:00:00+00:00,0.2043179732751381,0.860977054639808
2040-12-09 08:00:00+00:00,0.13402509563548642,0.8609077144744224
2040-12-09 09:00:00+00:00,0.3324016409331064,0.8608386919442867
2040-12-09 10:00:00+00:00,0.530781057078714,0.8608995500326587
2040-12-09 11:00:00+00:00,0.7291605044331396,0.8609604199029111
2040-12-09 12:00:00+00:00,0.9275396171370774,0.8610211795058559
2040-12-09 13:00:00+00:00,0.9999955247349832,0.8609520109286033
2040-12-09 14:00:00+00:00,0.9999940116744278,0.8608827526629871
2040-12-09 15:00:00+00:00,0.989790314712832,0.8608134936853469
2040-12-09 16:00:00+00:00,0.7305189866386945,0.860744249383503
2040-12-09 17:00:00+00:00,0.47214966210919945,0.8606750150916819
2040-12-09 18:00:00+00:00,0.29046569257831806,0.8606057916154527
2040-12-09 19:00:00+00:00,0.2751769449022956,0.8605365785071838
2040-12-09 20:00:00+00:00,0.2701735859848544,0.8604673754259866
2040-12-09 21:00:00+00:00,0.26514093277426654,0.8603981824258705
2040-12-09 22:00:00+00:00,0.2600332993092895,0.8603289993837098
2040-12-09 23:00:00+00:00,0.25485041700850336,0.8602598258187845
2040-12-10 00:00:00+00:00,0.249587529391767,0.86019066154758
2040-12-10 01:00:00+00:00,0.24424256580934067,0.8601215062216403
2040-12-10 02:00:00+00:00,0.23881790791165228,0.8600523588550543
2040-12-10 03:00:00+00:00,0.23331907171993885,0.8599832189302381
2040-12-10 04:00:00+00:00,0.2277178328426933,0.8599140870277925
2040-12-10 05:00:00+00:00,0.2219594847799383,0.8598449617937365
2040-12-10 06:00:00+00:00,0.07989805175050735,0.8597758428351326
2040-12-10 07:00:00+00:00,5.703806690186541e-06,0.8597067246560819
2040-12-10 08:00:00+00:00,1.540346858285512e-06,0.8596376159844068
2040-12-10 09:00:00+00:00,4.282608722530544e-06,0.859568778763217
2040-12-10 10:00:00+00:00,0.0003153890554868329,0.8596299399196838
2040-12-10 11:00:00+00:00,0.00044940962958315417,0.8596911026432286
2040-12-10 12:00:00+00:00,0.0005551869693552579,0.859752268309868
2040-12-10 13:00:00+00:00,0.0005535549544132137,0.8596834378836695
2040-12-10 14:00:00+00:00,0.0005511671675496574,0.8596145942922929
2040-12-10 15:00:00+00:00,0.0005454832281418806,0.8595456462357542
2040-12-10 16:00:00+00:00,0.0005397181011632296,0.8594767036169613
2040-12-10 17:00:00+00:00,0.0005338472546576209,0.8594077553377222
2040-12-10 18:00:00+00:00,0.0005278475859965261,0.859338788347734
2040-12-10 19:00:00+00:00,0.0005217086402107507,0.8592698106117402
2040-12-10 20:00:00+00:00,0.0005154161255919718,0.8592008168703043
2040-12-10 21:00:00+00:00,0.0005089789702710571,0.8591318234138029
2040-12-10 22:00:00+00:00,0.0005063376098174046,0.8590629509991288
2040-12-10 23:00:00+00:00,0.0005036219932956705,0.8589940863937832
2040-12-11 00:00:00+00:00,0.0005008529136264223,0.8589252313073413
2040-12-11 01:00:00+00:00,0.0004980165201886952,0.8588563869464465
2040-12-11 02:00:00+00:00,0.0004951437987758885,0.8587875539611907
2040-12-11 03:00:00+00:00,0.00048765474507914987,0.8587186165952405
2040-12-11 04:00:00+00:00,0.00047991249325845864,0.8586496890087731
2040-12-11 05:00:00+00:00,0.00047194426195348713,0.8585807720132753
2040-12-11 06:00:00+00:00,0.0004637880508526669,0.8585118657853176
2040-12-11 07:00:00+00:00,0.0004553476903445652,0.8584429687938352
2040-12-11 08:00:00+00:00,0.00045203015029241043,0.858374198102047
2040-12-11 09:00:00+00:00,0.00044859005817658975,0.8583054301769848
2040-12-11 10:00:00+00:00,0.0004394312574467203,0.8582365599593884
2040-12-11 11:00:00+00:00,0.00043606853951309117,0.8581678085724311
2040-12-11 12:00:00+00:00,0.00043685993038243304,0.8582278955032756
2040-12-11 13:00:00+00:00,0.0004332645490244624,0.858159159240403
2040-12-11 14:00:00+00:00,0.0004292723555870142,0.8580904139067494
2040-12-11 15:00:00+00:00,0.00041853669150117344,0.8580215531913736
2040-12-11 16:00:00+00:00,0.0004074059071497305,0.8579526794610575
2040-12-11 17:00:00+00:00,0.00039584917301543616,0.8578837673341243
2040-12-11 18:00:00+00:00,0.0003838195284452108,0.8578147607302798
2040-12-11 19:00:00+00:00,0.0003712656901327859,0.8577456437666202
2040-12-11 20:00:00+00:00,0.00035811873760135477,0.8576764108218166
2040-12-11 21:00:00+00:00,0.00034430024954799215,0.8576071325486094
2040-12-11 22:00:00+00:00,0.0003297382610699044,0.8575378536265494
2040-12-11 23:00:00+00:00,0.00031429115659763847,0.8574685821516651
2040-12-12 00:00:00+00:00,0.00029782645655578185,0.857399319462547
2040-12-12 01:00:00+00:00,0.00028013430538541067,0.8573300646464839
2040-12-12 02:00:00+00:00,0.00026095732541915525,0.8572608180890373
2040-12-12 03:00:00+00:00,0.0002398960054565313,0.8571915794105873
2040-12-12 04:00:00+00:00,0.0002163173937551964,0.8571223468020652
2040-12-12 05:00:00+00:00,0.0001893057457010596,0.8570531203082232
2040-12-12 06:00:00+00:00,0.000156975748718655,0.8569839008053138
2040-12-12 07:00:00+00:00,0.00011484879641474097,0.8569146862713228
2040-12-12 08:00:00+00:00,4.427129799101454e-05,0.8568454778622376
2040-12-12 09:00:00+00:00,4.851187832939559e-05,0.8569064109633456
2040-12-12 10:00:00+00:00,5.4150541773193814e-05,0.856967380612164
2040-12-12 11:00:00+00:00,5.870403987496261e-05,0.857028350474582
2040-12-12 12:00:00+00:00,6.246078010991134e-05,0.8570893215913615
2040-12-12 13:00:00+00:00,6.412061016902295e-05,0.8571502629248184
2040-12-12 14:00:00+00:00,6.429094122523073e-05,0.8572111723195669
2040-12-12 15:00:00+00:00,6.415386766993242e-05,0.8572720888648608
2040-12-12 16:00:00+00:00,6.367686072954004e-05,0.8573330121170574
2040-12-12 17:00:00+00:00,6.28410589145582e-05,0.8573939423945316
2040-12-12 18:00:00+00:00,6.16206817039516e-05,0.8574548783229108
2040-12-12 19:00:00+00:00,6.099509938511169e-05,0.8575158636169443
2040-12-12 20:00:00+00:00,5.992006249073217e-05,0.8575768544093105
2040-12-12 21:00:00+00:00,6.031488625381998e-05,0.8576379032792905
2040-12-12 22:00:00+00:00,6.034473099555902e-05,0.857698960816544
2040-12-12 23:00:00+00:00,5.994671796321285e-05,0.8577600288453342
2040-12-13 00:00:00+00:00,5.911139991948572e-05,0.8578211140724065
2040-12-13 01:00:00+00:00,5.781461365820968e-05,0.8578822359363185
2040-12-13 02:00:00+00:00,5.601450873399019e-05,0.857943435689217
2040-12-13 03:00:00+00:00,5.363803055803798e-05,0.8580047570475519
2040-12-13 04:00:00+00:00,5.057572607068455e-05,0.8580662352644218
2040-12-13 05:00:00+00:00,4.6664243282456727e-05,0.8581278853907454
2040-12-13 06:00:00+00:00,4.161704741976261e-05,0.8581896881597201
2040-12-13 07:00:00+00:00,3.483393284488101e-05,0.8582515442491503
2040-12-13 08:00:00+00:00,2.46797972683327e-05,0.8583134293847989
2040-12-13 09:00:00+00:00,2.1351928813096502e-05,0.8583753278593305
2040-12-13 10:00:00+00:00,1.5455442848551484e-05,0.858437195271833
2040-12-13 11:00:00+00:00,0.14264609086494998,0.8584991027803707
2040-12-13 12:00:00+00:00,0.14263197111432865,0.8585609392012941
2040-12-13 13:00:00+00:00,0.14261783901870653,0.8586227660962084
2040-12-13 14:00:00+00:00,0.14260356224869108,0.8586845710739341
2040-12-13 15:00:00+00:00,0.1425893574397279,0.858746354210358
2040-12-13 16:00:00+00:00,0.14164219032424702,0.8588080986930534
2040-12-13 17:00:00+00:00,0.1408547193350415,0.8588698300964397
2040-12-13 18:00:00+00:00,0.14084056734990572,0.8589315697929594
2040-12-13 19:00:00+00:00,0.14082643674934842,0.8589933052897688
2040-12-13 20:00:00+00:00,0.14081233247763644,0.8590550410104502
2040-12-13 21:00:00+00:00,0.1407983047041501,0.8591167777504077
2040-12-13 22:00:00+00:00,0.14078423770120058,0.8591785149819073
2040-12-13 23:00:00+00:00,0.1407701243398301,0.8592402526358598
2040-12-14 00:00:00+00:00,0.139760381462493,0.8593019701547588
2040-12-14 01:00:00+00:00,0.13874563395667244,0.8593636896861938
2040-12-14 02:00:00+00:00,0.13772678766467378,0.859425411409459
2040-12-14 03:00:00+00:00,0.13670035952506662,0.8594871354549478
2040-12-14 04:00:00+00:00,0.13566318310409894,0.859548864549931
2040-12-14 05:00:00+00:00,0.13461641588655895,0.8596105953092181
2040-12-14 06:00:00+00:00,0.13356285173407095,0.859672324855394
2040-12-14 07:00:00+00:00,0.13250175452739302,0.859734056975822
2040-12-14 08:00:00+00:00,0.13143192474999277,0.8597957959990513
2040-12-14 09:00:00+00:00,0.13141781566557947,0.8598575623358405
2040-12-14 10:00:00+00:00,0.13140385288135867,0.8599193321679613
2040-12-14 11:00:00+00:00,0.13138989707853616,0.8599811052100806
2040-12-14 12:00:00+00:00,0.13137589419746223,0.8600428813394883
2040-12-14 13:00:00+00:00,0.13136178442866425,0.8601046564128796
2040-12-14 14:00:00+00:00,0.13023870207339844,0.8601664078025933
2040-12-14 15:00:00+00:00,0.12911504453069095,0.8602281602349819
2040-12-14 16:00:00+00:00,0.12798342285932388,0.8602899151702911
2040-12-14 17:00:00+00:00,0.12684371379160161,0.8603516729531527
2040-12-14 18:00:00+00:00,0.12569591494154692,0.8604134330317055
2040-12-14 19:00:00+00:00,0.12453917219727499,0.8604751978711731
2040-12-14 20:00:00+00:00,0.12337351193496127,0.8605369678460576
2040-12-14 21:00:00+00:00,0.12219840112634037,0.8605987426674877
2040-12-14 22:00:00+00:00,0.12101364538339866,0.8606605231463281
2040-12-14 23:00:00+00:00,0.11982354323859858,0.8607223087701802
2040-12-15 00:00:00+00:00,0.11862605931135298,0.8607841000777124
2040-12-15 01:00:00+00:00,0.11741296987475748,0.8608458968266568
2040-12-15 02:00:00+00:00,0.11618841698024823,0.8609076990725845
2040-12-15 03:00:00+00:00,0.11495157901941945,0.8609695066367778
2040-12-15 04:00:00+00:00,0.1137022505773114,0.861031318825241
2040-12-15 05:00:00+00:00,0.11244097012107733,0.861093135961717
2040-12-15 06:00:00+00:00,0.11117069456840124,0.8611549584273402
2040-12-15 07:00:00+00:00,0.10989187576559241,0.8612167859321709
2040-12-15 08:00:00+00:00,0.1086071879878771,0.861278617650469
2040-12-15 09:00:00+00:00,0.3069879524337668,0.8613405652570904
2040-12-15 10:00:00+00:00,0.5053688022095049,0.8614025179184845
2040-12-15 11:00:00+00:00,0.7037496450606472,0.8614644756360518
2040-12-15 12:00:00+00:00,0.9021304799993879,0.8615264380298607
2040-12-15 13:00:00+00:00,0.9999926600462885,0.8615883677836871
2040-12-15 14:00:00+00:00,0.9999867919095364,0.8616502260982379
2040-12-15 15:00:00+00:00,0.9999732685762981,0.8617120030272557
2040-12-15 16:00:00+00:00,0.9999654860312397,0.8617737843572253
2040-12-15 17:00:00+00:00,0.9999601845625102,0.8618355714398968
2040-12-15 18:00:00+00:00,0.9999562377218695,0.8618973626713383
2040-12-15 19:00:00+00:00,0.9999532393955446,0.8619591589172392
2040-12-15 20:00:00+00:00,0.9999509982937702,0.8620209606254581
2040-12-15 21:00:00+00:00,0.9999514481012105,0.8620828230497593
2040-12-15 22:00:00+00:00,0.9999524138901428,0.8621446896814989
2040-12-15 23:00:00+00:00,0.9999539641294253,0.8622065625855914
2040-12-16 00:00:00+00:00,0.9999561777681096,0.8622684400615204
2040-12-16 01:00:00+00:00,0.9999591813535611,0.8623303217974106
2040-12-16 02:00:00+00:00,0.9999632184586296,0.8623922075902196
2040-12-16 03:00:00+00:00,0.9999687526419859,0.8624540975687537
2040-12-16 04:00:00+00:00,0.999976904769715,0.8625159916339284
2040-12-16 05:00:00+00:00,0.9999937289359159,0.8625778906506117
2040-12-16 06:00:00+00:00,0.9999956099585623,0.862638240222198
2040-12-16 07:00:00+00:00,0.9975047763125986,0.8625698529577617
2040-12-16 08:00:00+00:00,0.9962313183995275,0.8625014695790025
2040-12-16 09:00:00+00:00,0.9962223680551483,0.8624331037214575
2040-12-16 10:00:00+00:00,0.9954638687293276,0.8623647294342458
2040-12-16 11:00:00+00:00,0.9948158480230201,0.8622963606696489
2040-12-16 12:00:00+00:00,0.9942356784142167,0.8622279970244823
2040-12-16 13:00:00+00:00,0.9937074765961695,0.8621596374337857
2040-12-16 14:00:00+00:00,0.9931268270936052,0.8620912775959702
2040-12-16 15:00:00+00:00,0.7286181857140277,0.8620228637202653
2040-12-16 16:00:00+00:00,0.4641094829734595,0.8619544521612447
2040-12-16 17:00:00+00:00,0.19960077446617908,0.8618860447213271
2040-12-16 18:00:00+00:00,0.001911552563698391,0.8618176975025589
2040-12-16 19:00:00+00:00,0.001172701155668281,0.8617493532671563
2040-12-16 20:00:00+00:00,5.840523553841898e-06,0.8616810132937252
2040-12-16 21:00:00+00:00,4.919133216628164e-06,0.8616128868427915
2040-12-16 22:00:00+00:00,2.313231763729989e-05,0.8616748480373133
2040-12-16 23:00:00+00:00,3.238586409965868e-05,0.8617368150219171
2040-12-17 00:00:00+00:00,5.6257904617720013e-05,0.8617988156794729
2040-12-17 01:00:00+00:00,7.210206513117315e-05,0.8618608210197015
2040-12-17 02:00:00+00:00,8.433514560817132e-05,0.8619228307648129
2040-12-17 03:00:00+00:00,9.449540804927802e-05,0.8619848466160641
2040-12-17 04:00:00+00:00,0.00010317096009480953,0.8620468689779773
2040-12-17 05:00:00+00:00,0.00011074015712222517,0.8621088983910825
2040-12-17 06:00:00+00:00,0.00011744729725599661,0.862170936303401
2040-12-17 07:00:00+00:00,0.0001234247762048913,0.8622329798160366
2040-12-17 08:00:00+00:00,0.00012877044468808112,0.8622950288335164
2040-12-17 09:00:00+00:00,0.00014710321289556605,0.8623571035636676
2040-12-17 10:00:00+00:00,0.0001511316024972511,0.8624191601266796
2040-12-17 11:00:00+00:00,0.00016484957931739997,0.8624812471766508
2040-12-17 12:00:00+00:00,0.00017717217167631516,0.8625433393768782
2040-12-17 13:00:00+00:00,0.000188364380301052,0.8626054358779959
2040-12-17 14:00:00+00:00,0.0001986407404537429,0.8626675357628454
2040-12-17 15:00:00+00:00,0.00020177315806403767,0.862729614751923
2040-12-17 16:00:00+00:00,0.00020471792881291328,0.8627916929574909
2040-12-17 17:00:00+00:00,0.0002074895732789723,0.8628537764752279
2040-12-17 18:00:00+00:00,0.00021007895012003106,0.8629158653145039
2040-12-17 19:00:00+00:00,0.00021746792131840313,0.8629779786935312
2040-12-17 20:00:00+00:00,0.000224357477686049,0.863040095612427
2040-12-17 21:00:00+00:00,0.00023082722861472152,0.8631022156061687
2040-12-17 22:00:00+00:00,0.00023693025458029545,0.8631643402637743
2040-12-17 23:00:00+00:00,0.00024271001941981527,0.8632264695428431
2040-12-18 00:00:00+00:00,0.00024818578666409817,0.8632886258548783
2040-12-18 01:00:00+00:00,0.00025339534053556503,0.8633508461563473
2040-12-18 02:00:00+00:00,0.00025835816818306175,0.8634132069043529
2040-12-18 03:00:00+00:00,0.000263088397951895,0.863475811806344
2040-12-18 04:00:00+00:00,0.00026760125938434046,0.8635387023812563
2040-12-18 05:00:00+00:00,0.0002719321437700825,0.8636017716631559
2040-12-18 06:00:00+00:00,0.0002761055892443398,0.8636649374481613
2040-12-18 07:00:00+00:00,0.000280108725050226,0.8637282646706005
2040-12-18 08:00:00+00:00,0.00028388195861101174,0.8637917105848177
2040-12-18 09:00:00+00:00,0.0002874125696251711,0.8638552716514165
2040-12-18 10:00:00+00:00,0.0002907615396203262,0.8639188984072517
2040-12-18 11:00:00+00:00,0.0002940167340894117,0.8639825948000189
2040-12-18 12:00:00+00:00,0.000297116060186378,0.8640463743143922
2040-12-18 13:00:00+00:00,0.0002999430604751055,0.864110196062621
2040-12-18 14:00:00+00:00,0.00030009315738565743,0.864174007064758
2040-12-18 15:00:00+00:00,0.00030019904981745053,0.8642378246987844
2040-12-18 16:00:00+00:00,0.0003002282919329578,0.8643016528200906
2040-12-18 17:00:00+00:00,0.0003002415526307765,0.8643654890522471
2040-12-18 18:00:00+00:00,0.00030018171000919744,0.8644293288655408
2040-12-18 19:00:00+00:00,0.0003000509575133069,0.8644931719079922
2040-12-18 20:00:00+00:00,0.00029984797423281465,0.8645570181267003
2040-12-18 21:00:00+00:00,0.00029957111883167074,0.8646208675354514
2040-12-18 22:00:00+00:00,0.00029921991405426585,0.8646847205743019
2040-12-18 23:00:00+00:00,0.0002988029075800899,0.8647485767956693
2040-12-19 00:00:00+00:00,0.0002983181503207649,0.8648124361922124
2040-12-19 01:00:00+00:00,0.0002977627056983965,0.8648762989526415
2040-12-19 02:00:00+00:00,0.0002971388351479195,0.8649401653467086
2040-12-19 03:00:00+00:00,0.0002964519027607282,0.865004034394636
2040-12-19 04:00:00+00:00,0.00029570320418614274,0.8650679060620285
2040-12-19 05:00:00+00:00,0.00029491474418051817,0.8651317805468709
2040-12-19 06:00:00+00:00,0.0002940950254750727,0.8651956572660127
2040-12-19 07:00:00+00:00,0.00029325642355530475,0.8652595358411617
2040-12-19 08:00:00+00:00,0.0002923814613888714,0.8653234156133655
2040-12-19 09:00:00+00:00,0.0002951309514687146,0.8653873316122407
2040-12-19 10:00:00+00:00,0.19860345541339997,0.8654512765802119
2040-12-19 11:00:00+00:00,0.3969832352821376,0.8655152567905465
2040-12-19 12:00:00+00:00,0.5953574197662616,0.8655792109370636
2040-12-19 13:00:00+00:00,0.595360176765507,0.8656431304346375
2040-12-19 14:00:00+00:00,0.5953628786012666,0.8657070495929128
2040-12-19 15:00:00+00:00,0.5953631901249685,0.8657709549434869
2040-12-19 16:00:00+00:00,0.5953634804065384,0.8658348628620456
2040-12-19 17:00:00+00:00,0.5953637842596338,0.8658987731496556
2040-12-19 18:00:00+00:00,0.5953640858178584,0.865962685969302
2040-12-19 19:00:00+00:00,0.5953643665229071,0.866026600119131
2040-12-19 20:00:00+00:00,0.595364636965955,0.8660905154918956
2040-12-19 21:00:00+00:00,0.5953649060651783,0.8661544322474564
2040-12-19 22:00:00+00:00,0.5953651855036172,0.8662183498924843
2040-12-19 23:00:00+00:00,0.5953654756057292,0.8662822657565732
2040-12-20 00:00:00+00:00,0.5953657744305733,0.866346173131914
2040-12-20 01:00:00+00:00,0.5953660818074861,0.866410052902107
2040-12-20 02:00:00+00:00,0.5953664040207953,0.8664738630173315
2040-12-20 03:00:00+00:00,0.5953667423606809,0.8665375564544997
2040-12-20 04:00:00+00:00,0.5953670614013655,0.8666010930760804
2040-12-20 05:00:00+00:00,0.5953674240751229,0.8666644535853145
2040-12-20 06:00:00+00:00,0.5953676654182206,0.8667276562673553
2040-12-20 07:00:00+00:00,0.595367487879351,0.8667907820572904
2040-12-20 08:00:00+00:00,0.596975683544297,0.8668538969958048
2040-12-20 09:00:00+00:00,0.5985294443863226,0.8669170104464166
2040-12-20 10:00:00+00:00,0.6000598310188369,0.866980124085345
2040-12-20 11:00:00+00:00,0.6016124270465366,0.8670432364207848
2040-12-20 12:00:00+00:00,0.6031849861037546,0.8671063484995455
2040-12-20 13:00:00+00:00,0.6047688312922352,0.8671694615059141
2040-12-20 14:00:00+00:00,0.6063742226877786,0.8672325757538907
2040-12-20 15:00:00+00:00,0.6080046602831348,0.8672956927383497
2040-12-20 16:00:00+00:00,0.609622803796217,0.8673588150356377
2040-12-20 17:00:00+00:00,0.611048738994887,0.8674219403316781
2040-12-20 18:00:00+00:00,0.6126816996421167,0.8674850691940877
2040-12-20 19:00:00+00:00,0.6143353285604156,0.867548200099303
2040-12-20 20:00:00+00:00,0.6159938985224983,0.8676113349383988
2040-12-20 21:00:00+00:00,0.6176571046950776,0.8676744744915891
2040-12-20 22:00:00+00:00,0.6193236490628543,0.8677376244951054
2040-12-20 23:00:00+00:00,0.6209946753936001,0.8678007949738205
2040-12-21 00:00:00+00:00,0.6226702279589186,0.8678640458334334
2040-12-21 01:00:00+00:00,0.6243508231526874,0.8679273343055102
2040-12-21 02:00:00+00:00,0.6260354685007824,0.8679906441974847
2040-12-21 03:00:00+00:00,0.6277206497512893,0.8680539607451241
2040-12-21 04:00:00+00:00,0.6294036052424602,0.8681172792176765
2040-12-21 05:00:00+00:00,0.6310827916576255,0.8681805988648208
2040-12-21 06:00:00+00:00,0.6327665673359196,0.8682439338224097
2040-12-21 07:00:00+00:00,0.634456402993338,0.8683072974640761
2040-12-21 08:00:00+00:00,0.6361627308249149,0.8683706892515449
2040-12-21 09:00:00+00:00,0.6378731399183248,0.8684341067957504
2040-12-21 10:00:00+00:00,0.6395924395794155,0.8684975467680609
2040-12-21 11:00:00+00:00,0.6515810868960908,0.8685610093629333
2040-12-21 12:00:00+00:00,0.6533401360022245,0.8686244984339746
2040-12-21 13:00:00+00:00,0.6550666882907097,0.8686880272458899
2040-12-21 14:00:00+00:00,0.656795856909065,0.8687516048386451
2040-12-21 15:00:00+00:00,0.6585224572616734,0.8688154820397243
2040-12-21 16:00:00+00:00,0.6588920775729155,0.8688795466606922
2040-12-21 17:00:00+00:00,0.6591520412075407,0.8689438272746048
2040-12-21 18:00:00+00:00,0.6608685153734425,0.8690083437556033
2040-12-21 19:00:00+00:00,0.662591050716585,0.8690731677285
2040-12-21 20:00:00+00:00,0.6642695090203344,0.8691382888810538
2040-12-21 21:00:00+00:00,0.6651980903301788,0.8692039274435275
2040-12-21 22:00:00+00:00,0.6652086688109663,0.8692699038282624
2040-12-21 23:00:00+00:00,0.665219249572963,0.8693359315178888
2040-12-22 00:00:00+00:00,0.6652298334105781,0.8694019809424959
2040-12-22 01:00:00+00:00,0.6652404174737091,0.8694680462945823
2040-12-22 02:00:00+00:00,0.6652509928079802,0.8695341419060336
2040-12-22 03:00:00+00:00,0.6652615568362473,0.8696002449767458
2040-12-22 04:00:00+00:00,0.6652721219751411,0.8696663542949252
2040-12-22 05:00:00+00:00,0.6652826820070479,0.8697324693426798
2040-12-22 06:00:00+00:00,0.6652932387254632,0.869798588623382
2040-12-22 07:00:00+00:00,0.6653038025657457,0.8698647104070711
2040-12-22 08:00:00+00:00,0.6653143313413776,0.8699308358282525
2040-12-22 09:00:00+00:00,0.6670834389850261,0.8699969771800289
2040-12-22 10:00:00+00:00,0.7710301488272996,0.8700631270379656
2040-12-22 11:00:00+00:00,0.9561665063963612,0.8701292849097619
2040-12-22 12:00:00+00:00,0.9962541819236073,0.8701954492706802
2040-12-22 13:00:00+00:00,0.9998378862488643,0.8702616222227012
2040-12-22 14:00:00+00:00,0.9999924400975118,0.8703278012135609
2040-12-22 15:00:00+00:00,0.9999949020369179,0.8703939292124078
2040-12-22 16:00:00+00:00,0.9981502118056325,0.8703298556516086
2040-12-22 17:00:00+00:00,0.9874180964552647,0.8702657849501795
2040-12-22 18:00:00+00:00,0.9804288932302864,0.8702017198918509
2040-12-22 19:00:00+00:00,0.9752218955318663,0.8701376569526909
2040-12-22 20:00:00+00:00,0.9708784671786381,0.8700735976118315
2040-12-22 21:00:00+00:00,0.9671696253275223,0.8700095425534803
2040-12-22 22:00:00+00:00,0.9671600002924714,0.8699456217613075
2040-12-22 23:00:00+00:00,0.9671503921862442,0.8698817075414585
2040-12-23 00:00:00+00:00,0.9644221080159805,0.8698176729239697
2040-12-23 01:00:00+00:00,0.8594806119402877,0.8697536496337912
2040-12-23 02:00:00+00:00,0.754200313411338,0.869689639068293
2040-12-23 03:00:00+00:00,0.6078022603452403,0.8696256384483908
2040-12-23 04:00:00+00:00,0.4020482486648509,0.8695616491818351
2040-12-23 05:00:00+00:00,0.1380982850514304,0.8694976847405104
2040-12-23 06:00:00+00:00,0.005191794464987597,0.8694337612453136
2040-12-23 07:00:00+00:00,7.268210295301549e-05,0.8693699272267055
2040-12-23 08:00:00+00:00,0.00538433014419215,0.8694363846461249
2040-12-23 09:00:00+00:00,0.01198908298934479,0.8695029654837898
2040-12-23 10:00:00+00:00,0.012027257298542975,0.8695697030002625
2040-12-23 11:00:00+00:00,0.012769097276602626,0.8696365956480234
2040-12-23 12:00:00+00:00,0.0151669121738341,0.8697036289337903
2040-12-23 13:00:00+00:00,0.015298831128380132,0.869770807777692
2040-12-23 14:00:00+00:00,0.015399646220401802,0.869838182619931
2040-12-23 15:00:00+00:00,0.016982726422173466,0.8699058333703398
2040-12-23 16:00:00+00:00,0.018362479635914673,0.8699738422407326
2040-12-23 17:00:00+00:00,0.01902417650427602,0.8700423042592944
2040-12-23 18:00:00+00:00,0.019121122325185695,0.8701113263819339
2040-12-23 19:00:00+00:00,0.019136113142123077,0.8701810958840962
2040-12-23 20:00:00+00:00,0.01914509301011219,0.8702513239724899
2040-12-23 21:00:00+00:00,0.019154060297456522,0.8703219914717313
2040-12-23 22:00:00+00:00,0.02407521127557566,0.8703933890882097
2040-12-23 23:00:00+00:00,0.028096696833047545,0.8704656665818954
2040-12-24 00:00:00+00:00,0.03157860407530567,0.8705389479590974
2040-12-24 01:00:00+00:00,0.03469889841484952,0.8706139717903458
2040-12-24 02:00:00+00:00,0.03756254872616389,0.870690619606304
2040-12-24 03:00:00+00:00,0.04018237332183062,0.8707680194469066
2040-12-24 04:00:00+00:00,0.04262841727444478,0.8708459673276566
2040-12-24 05:00:00+00:00,0.04492546135103018,0.8709239597247246
2040-12-24 06:00:00+00:00,0.047107432964131675,0.8710019561536211
2040-12-24 07:00:00+00:00,0.04918462076734479,0.8710800005481415
2040-12-24 08:00:00+00:00,0.051172801467425186,0.871158070843267
2040-12-24 09:00:00+00:00,0.19311591957615146,0.8712361438999386
2040-12-24 10:00:00+00:00,0.3512482857466476,0.8713142165603001
2040-12-24 11:00:00+00:00,0.3763593153057363,0.8713922904461656
2040-12-24 12:00:00+00:00,0.38145640307340395,0.8714703680738313
2040-12-24 13:00:00+00:00,0.38335348961860644,0.871548451508603
2040-12-24 14:00:00+00:00,0.38523995576652215,0.8716265417584915
2040-12-24 15:00:00+00:00,0.38711075924961885,0.8717046416298097
2040-12-24 16:00:00+00:00,0.3889779523563958,0.8717827500223211
2040-12-24 17:00:00+00:00,0.3908175719380983,0.8718608619756636
2040-12-24 18:00:00+00:00,0.3925081110057917,0.8719389799889544
2040-12-24 19:00:00+00:00,0.39373075069171176,0.8720171043197935
2040-12-24 20:00:00+00:00,0.3944722891611805,0.8720952346397809
2040-12-24 21:00:00+00:00,0.39448275810549704,0.8721733436380595
2040-12-24 22:00:00+00:00,0.3949992857690824,0.8722514892930437
2040-12-24 23:00:00+00:00,0.3950098585585674,0.8723296106532059
2040-12-25 00:00:00+00:00,0.3950082861710399,0.8724065085597582
2040-12-25 01:00:00+00:00,0.3950067971409536,0.8724833585366866
2040-12-25 02:00:00+00:00,0.3950053092647081,0.8725600876378744
2040-12-25 03:00:00+00:00,0.3950038140282619,0.8726366199084679
2040-12-25 04:00:00+00:00,0.3950022916485811,0.872712908974623
2040-12-25 05:00:00+00:00,0.39500073854462203,0.8727890535845072
2040-12-25 06:00:00+00:00,0.39499918341793966,0.8728651440610841
2040-12-25 07:00:00+00:00,0.3949976288811259,0.8729411002808718
2040-12-25 08:00:00+00:00,0.39499613785769,0.8730169589461826
2040-12-25 09:00:00+00:00,0.3949946091802083,0.8730927251350933
2040-12-25 10:00:00+00:00,0.39499303258391644,0.8731684375154398
2040-12-25 11:00:00+00:00,0.39499333326759695,0.8732450689364996
2040-12-25 12:00:00+00:00,0.39499363119221126,0.8733216338037949
2040-12-25 13:00:00+00:00,0.39499205854331576,0.873397202673125
2040-12-25 14:00:00+00:00,0.3949905166204876,0.8734727817919219
2040-12-25 15:00:00+00:00,0.3949889823504182,0.8735483778101895
2040-12-25 16:00:00+00:00,0.39498745180942946,0.8736239617686877
2040-12-25 17:00:00+00:00,0.39498586004016634,0.8736995761998082
2040-12-25 18:00:00+00:00,0.3951650456370263,0.8737764421288184
2040-12-25 19:00:00+00:00,0.39612818383115783,0.8738533224767995
2040-12-25 20:00:00+00:00,0.3981076180133646,0.8739302155565104
2040-12-25 21:00:00+00:00,0.4001942420803419,0.8740071218875465
2040-12-25 22:00:00+00:00,0.4023029940588495,0.874084043422556
2040-12-25 23:00:00+00:00,0.40442188255290706,0.8741609800190021
2040-12-26 00:00:00+00:00,0.4066031089906844,0.874237931767301
2040-12-26 01:00:00+00:00,0.4087195327902855,0.8743149000066982
2040-12-26 02:00:00+00:00,0.41082739234199017,0.8743918842424178
2040-12-26 03:00:00+00:00,0.4129345313179625,0.8744688854967417
2040-12-26 04:00:00+00:00,0.41503985586148884,0.8745459050642099
2040-12-26 05:00:00+00:00,0.4171428412925337,0.874622960400237
2040-12-26 06:00:00+00:00,0.4192431894453756,0.8747000456211969
2040-12-26 07:00:00+00:00,0.42113034352643897,0.8747771508379996
2040-12-26 08:00:00+00:00,0.42299861970044056,0.87485427615205
2040-12-26 09:00:00+00:00,0.4248521841459132,0.8749314224039244
2040-12-26 10:00:00+00:00,0.42692630451192437,0.8750085939575233
2040-12-26 11:00:00+00:00,0.45367181935161216,0.8750857941137469
2040-12-26 12:00:00+00:00,0.48158962321546456,0.8751630326814572
2040-12-26 13:00:00+00:00,0.48367942341900816,0.8752403209420027
2040-12-26 14:00:00+00:00,0.4857244923769021,0.8753176670773567
2040-12-26 15:00:00+00:00,0.48761355379750615,0.8753950603994349
2040-12-26 16:00:00+00:00,0.48947793498155073,0.8754725093152839
2040-12-26 17:00:00+00:00,0.49133982296942746,0.8755500385526616
2040-12-26 18:00:00+00:00,0.49321167846192615,0.8756276533521701
2040-12-26 19:00:00+00:00,0.49508475461519197,0.8757053647266672
2040-12-26 20:00:00+00:00,0.4969518891531463,0.8757832275578354
2040-12-26 21:00:00+00:00,0.49881378073471544,0.8758612056307138
2040-12-26 22:00:00+00:00,0.5006646310620624,0.8759394923914312
2040-12-26 23:00:00+00:00,0.502453355172845,0.8760179337197996
2040-12-27 00:00:00+00:00,0.5042513940616649,0.8760965381713485
2040-12-27 01:00:00+00:00,0.5060996601902381,0.8761753006315389
2040-12-27 02:00:00+00:00,0.5079369738753601,0.8762542661405905
2040-12-27 03:00:00+00:00,0.5087533205538987,0.876333692500131
2040-12-27 04:00:00+00:00,0.508762309813549,0.8764145328338279
2040-12-27 05:00:00+00:00,0.5087712974147057,0.8764974952623218
2040-12-27 06:00:00+00:00,0.5087802821442963,0.8765839754344557
2040-12-27 07:00:00+00:00,0.5087892515282435,0.8766711234061522
2040-12-27 08:00:00+00:00,0.508798195360336,0.8767586829360472
2040-12-27 09:00:00+00:00,0.5106549876914802,0.8768466534347356
2040-12-27 10:00:00+00:00,0.5127231569225075,0.8769350283788749
2040-12-27 11:00:00+00:00,0.5147920023605498,0.8770237199514439
2040-12-27 12:00:00+00:00,0.5168561023837045,0.8771125349547743
2040-12-27 13:00:00+00:00,0.5187645703470416,0.8772014108992241
2040-12-27 14:00:00+00:00,0.5187733721874821,0.8772903018076992
2040-12-27 15:00:00+00:00,0.5187823462947289,0.8773792420159509
2040-12-27 16:00:00+00:00,0.5187913011718295,0.8774682237901722
2040-12-27 17:00:00+00:00,0.5188002664909778,0.8775572474303208
2040-12-27 18:00:00+00:00,0.5188110887200655,0.8776463210380056
2040-12-27 19:00:00+00:00,0.5188219094547906,0.877735607391777
2040-12-27 20:00:00+00:00,0.5188327270494493,0.8778250425718359
2040-12-27 21:00:00+00:00,0.5188428302412853,0.8779145879744309
2040-12-27 22:00:00+00:00,0.519482681202892,0.8780042315817846
2040-12-27 23:00:00+00:00,0.5194934993008407,0.8780938777043171
2040-12-28 00:00:00+00:00,0.5195024143334428,0.8781834767784635
2040-12-28 01:00:00+00:00,0.5195113616896411,0.8782730779689784
2040-12-28 02:00:00+00:00,0.5195202767214993,0.8783627086603725
2040-12-28 03:00:00+00:00,0.5195292602276808,0.8784524032860808
2040-12-28 04:00:00+00:00,0.5195382291758809,0.8785421784507905
2040-12-28 05:00:00+00:00,0.5195490827051636,0.8786320635326155
2040-12-28 06:00:00+00:00,0.5195598971293696,0.878722023075891
2040-12-28 07:00:00+00:00,0.5195707074789034,0.8788121227480139
2040-12-28 08:00:00+00:00,0.5195796969640635,0.8789023506387749
2040-12-28 09:00:00+00:00,0.5216342298551361,0.8789926985361558
2040-12-28 10:00:00+00:00,0.52371259805137,0.8790831161225212
2040-12-28 11:00:00+00:00,0.5257945907548423,0.8791735718911527
2040-12-28 12:00:00+00:00,0.5278851889469072,0.879264052654414
2040-12-28 13:00:00+00:00,0.5299607421200576,0.8793545472371602
2040-12-28 14:00:00+00:00,0.5318299307549577,0.8794450442077326
2040-12-28 15:00:00+00:00,0.5318388579988846,0.8795352583543824
2040-12-28 16:00:00+00:00,0.5318478405871664,0.8796253341027442
2040-12-28 17:00:00+00:00,0.5318567783636394,0.8797152426130614
2040-12-28 18:00:00+00:00,0.5318675990603716,0.8798049710868927
2040-12-28 19:00:00+00:00,0.5319098075795134,0.8798944635528329
2040-12-28 20:00:00+00:00,0.5319521083167252,0.8799837094036537
2040-12-28 21:00:00+00:00,0.5319943969140848,0.8800724889921377
2040-12-28 22:00:00+00:00,0.5336354908855384,0.8801609816079415
2040-12-28 23:00:00+00:00,0.5355244633070972,0.8802494760340156
2040-12-29 00:00:00+00:00,0.537401523248931,0.8803380020483013
2040-12-29 01:00:00+00:00,0.539310365898485,0.8804265660079309
2040-12-29 02:00:00+00:00,0.5412248638136881,0.8805151542527474
2040-12-29 03:00:00+00:00,0.5431051020223312,0.880603790662125
2040-12-29 04:00:00+00:00,0.5431471911148611,0.8806924686027077
2040-12-29 05:00:00+00:00,0.5431894493363617,0.8807811979859832
2040-12-29 06:00:00+00:00,0.5432318988529792,0.8808699805596498
2040-12-29 07:00:00+00:00,0.5432743096388697,0.8809588183570772
2040-12-29 08:00:00+00:00,0.5432832385873607,0.8810476830760186
2040-12-29 09:00:00+00:00,0.5433035520068716,0.8811366173549317
2040-12-29 10:00:00+00:00,0.5454004608166371,0.8812256182094117
2040-12-29 11:00:00+00:00,0.5472994801481342,0.8813146713527729
2040-12-29 12:00:00+00:00,0.5493307281538705,0.8814037789515853
2040-12-29 13:00:00+00:00,0.551263143984825,0.8814929399416587
2040-12-29 14:00:00+00:00,0.5512715417573552,0.8815821250232394
2040-12-29 15:00:00+00:00,0.5512806008384014,0.8816713759010315
2040-12-29 16:00:00+00:00,0.5512896707220786,0.8817607071769433
2040-12-29 17:00:00+00:00,0.5512987339871874,0.8818501358161972
2040-12-29 18:00:00+00:00,0.5513078129313898,0.8819396619452912
2040-12-29 19:00:00+00:00,0.5513168295772978,0.8820292574340135
2040-12-29 20:00:00+00:00,0.5513258662332926,0.882118919818643
2040-12-29 21:00:00+00:00,0.5513349331869043,0.8822086488564657
2040-12-29 22:00:00+00:00,0.5513439899425522,0.8822984419981291
2040-12-29 23:00:00+00:00,0.5513530259316558,0.8823882991885325
2040-12-30 00:00:00+00:00,0.5513619767899813,0.8824782167083312
2040-12-30 01:00:00+00:00,0.5513708676894532,0.8825681928098316
2040-12-30 02:00:00+00:00,0.5513797592147456,0.8826582281426105
2040-12-30 03:00:00+00:00,0.5513887847235168,0.8827483273909152
2040-12-30 04:00:00+00:00,0.5513978506111726,0.8828384899779538
2040-12-30 05:00:00+00:00,0.5514069274503238,0.8829287029648101
2040-12-30 06:00:00+00:00,0.5514160169276712,0.8830189523306211
2040-12-30 07:00:00+00:00,0.5514251526652783,0.8831091881124978
2040-12-30 08:00:00+00:00,0.5533925259558556,0.8831994474956911
2040-12-30 09:00:00+00:00,0.5555261471796004,0.8832896583522404
2040-12-30 10:00:00+00:00,0.722115711342708,0.8833797810082824
2040-12-30 11:00:00+00:00,0.920496438478854,0.883469937133615
2040-12-30 12:00:00+00:00,0.9227038555067959,0.8835599239387879
2040-12-30 13:00:00+00:00,0.9249357209314569,0.8836498421768079
2040-12-30 14:00:00+00:00,0.9271428140393669,0.8837396442199433
2040-12-30 15:00:00+00:00,0.9272759805945665,0.8838292545423194
2040-12-30 16:00:00+00:00,0.9274100496023368,0.8839185885123316
2040-12-30 17:00:00+00:00,0.92754400323956,0.8840075533607102
2040-12-30 18:00:00+00:00,0.927678620194261,0.88409604350219
2040-12-30 19:00:00+00:00,0.9278132501688352,0.8841838619178986
2040-12-30 20:00:00+00:00,0.9279480500189026,0.8842713148988528
2040-12-30 21:00:00+00:00,0.9280830104569118,0.8843584617503117
2040-12-30 22:00:00+00:00,0.9304429025701929,0.8844450853445317
2040-12-30 23:00:00+00:00,0.9332805577089902,0.8845310454005517
2040-12-31 00:00:00+00:00,0.9332805577089902,0.8845310454005517
2040-12-31 01:00:00+00:00,0.9332805577089902,0.8845310454005517
2040-12-31 02:00:00+00:00,0.9332805577089902,0.8845310454005517
2040-12-31 03:00:00+00:00,0.9332805577089902,0.8845310454005517
2040-12-31 04:00:00+00:00,0.9332805577089902,0.8845310454005517
2040-12-31 05:00:00+00:00,0.9332805577089902,0.8845310454005517
2040-12-31 06:00:00+00:00,0.9332805577089902,0.8845310454005517
2040-12-31 07:00:00+00:00,0.9332805577089902,0.8845310454005517
2040-12-31 08:00:00+00:00,0.9332805577089902,0.8845310454005517
2040-12-31 09:00:00+00:00,0.9332805577089902,0.8845310454005517
2040-12-31 10:00:00+00:00,0.9332805577089902,0.8845310454005517
2040-12-31 11:00:00+00:00,0.9332805577089902,0.8845310454005517
2040-12-31 12:00:00+00:00,0.9332805577089902,0.8845310454005517
2040-12-31 13:00:00+00:00,0.9332805577089902,0.8845310454005517
2040-12-31 14:00:00+00:00,0.9332805577089902,0.8845310454005517
2040-12-31 15:00:00+00:00,0.9332805577089902,0.8845310454005517
2040-12-31 16:00:00+00:00,0.9332805577089902,0.8845310454005517
2040-12-31 17:00:00+00:00,0.9332805577089902,0.8845310454005517
2040-12-31 18:00:00+00:00,0.9332805577089902,0.8845310454005517
2040-12-31 19:00:00+00:00,0.9332805577089902,0.8845310454005517
2040-12-31 20:00:00+00:00,0.9332805577089902,0.8845310454005517
2040-12-31 21:00:00+00:00,0.9332805577089902,0.8845310454005517
2040-12-31 22:00:00+00:00,0.9332805577089902,0.8845310454005517
2040-12-31 23:00:00+00:00,0.9332805577089902,0.8845310454005517
