2030-01-01 00:00:00+00:00,101703.64611746809
2030-01-01 01:00:00+00:00,94767.16833759127
2030-01-01 02:00:00+00:00,97822.59544207163
2030-01-01 03:00:00+00:00,102349.5358998671
2030-01-01 04:00:00+00:00,98692.76724944003
2030-01-01 05:00:00+00:00,97900.16751817774
2030-01-01 06:00:00+00:00,86556.99063961931
2030-01-01 07:00:00+00:00,74743.70255915525
2030-01-01 08:00:00+00:00,89317.13935497237
2030-01-01 09:00:00+00:00,117062.70451864484
2030-01-01 10:00:00+00:00,112780.04897722125
2030-01-01 11:00:00+00:00,113326.29017512908
2030-01-01 12:00:00+00:00,107268.4040162815
2030-01-01 13:00:00+00:00,101469.30706864338
2030-01-01 14:00:00+00:00,101779.65991134448
2030-01-01 15:00:00+00:00,81420.45299929149
2030-01-01 16:00:00+00:00,71147.01754335937
2030-01-01 17:00:00+00:00,73194.30360540582
2030-01-01 18:00:00+00:00,67416.59178992985
2030-01-01 19:00:00+00:00,61577.45116318807
2030-01-01 20:00:00+00:00,74229.42703235298
2030-01-01 21:00:00+00:00,74035.93935988235
2030-01-01 22:00:00+00:00,69228.03076883915
2030-01-01 23:00:00+00:00,70458.48895358115
2030-01-02 00:00:00+00:00,67123.58168147085
2030-01-02 01:00:00+00:00,61686.91309955725
2030-01-02 02:00:00+00:00,75097.91985216974
2030-01-02 03:00:00+00:00,77331.07641120673
2030-01-02 04:00:00+00:00,72933.26896745364
2030-01-02 05:00:00+00:00,75483.27562434418
2030-01-02 06:00:00+00:00,71152.27840081789
2030-01-02 07:00:00+00:00,64506.29179942665
2030-01-02 08:00:00+00:00,70253.2658558617
2030-01-02 09:00:00+00:00,81509.70724586237
2030-01-02 10:00:00+00:00,76633.92905236928
2030-01-02 11:00:00+00:00,80272.28442272368
2030-01-02 12:00:00+00:00,76969.16614114858
2030-01-02 13:00:00+00:00,70334.4822330575
2030-01-02 14:00:00+00:00,75113.84136229871
2030-01-02 15:00:00+00:00,78389.81853135739
2030-01-02 16:00:00+00:00,68616.86421629543
2030-01-02 17:00:00+00:00,73145.47052315534
2030-01-02 18:00:00+00:00,73659.11652763544
2030-01-02 19:00:00+00:00,71037.59211941202
2030-01-02 20:00:00+00:00,88345.3125134609
2030-01-02 21:00:00+00:00,90018.7381050768
2030-01-02 22:00:00+00:00,87216.55315554181
2030-01-02 23:00:00+00:00,89398.10905380879
2030-01-03 00:00:00+00:00,82583.25613366383
2030-01-03 01:00:00+00:00,78147.80332457508
2030-01-03 02:00:00+00:00,94132.76357191338
2030-01-03 03:00:00+00:00,95669.84703621744
2030-01-03 04:00:00+00:00,91178.13980695048
2030-01-03 05:00:00+00:00,93781.00833808647
2030-01-03 06:00:00+00:00,86501.0102474473
2030-01-03 07:00:00+00:00,80715.24396860448
2030-01-03 08:00:00+00:00,96125.4192395372
2030-01-03 09:00:00+00:00,97631.54323413764
2030-01-03 10:00:00+00:00,91919.26649636858
2030-01-03 11:00:00+00:00,92747.99055615581
2030-01-03 12:00:00+00:00,85630.69827492014
2030-01-03 13:00:00+00:00,80993.95166373297
2030-01-03 14:00:00+00:00,95413.11124500055
2030-01-03 15:00:00+00:00,87031.99437431575
2030-01-03 16:00:00+00:00,79922.34558492676
2030-01-03 17:00:00+00:00,83472.0027125429
2030-01-03 18:00:00+00:00,78492.96422512812
2030-01-03 19:00:00+00:00,73075.49546661758
2030-01-03 20:00:00+00:00,86732.14986835045
2030-01-03 21:00:00+00:00,84514.44616029547
2030-01-03 22:00:00+00:00,77444.61248514794
2030-01-03 23:00:00+00:00,82218.79472350387
2030-01-04 00:00:00+00:00,75279.50312239009
2030-01-04 01:00:00+00:00,69455.17710271182
2030-01-04 02:00:00+00:00,77405.18502664832
2030-01-04 03:00:00+00:00,83996.59564153633
2030-01-04 04:00:00+00:00,77925.16251933598
2030-01-04 05:00:00+00:00,82532.17776487643
2030-01-04 06:00:00+00:00,78821.13907153229
2030-01-04 07:00:00+00:00,71975.14090604977
2030-01-04 08:00:00+00:00,75750.23601484264
2030-01-04 09:00:00+00:00,82150.13302605825
2030-01-04 10:00:00+00:00,74497.74498217176
2030-01-04 11:00:00+00:00,79844.58313159095
2030-01-04 12:00:00+00:00,73935.85569451588
2030-01-04 13:00:00+00:00,68758.05802246234
2030-01-04 14:00:00+00:00,83472.38318115617
2030-01-04 15:00:00+00:00,81207.52275829944
2030-01-04 16:00:00+00:00,75724.6291569019
2030-01-04 17:00:00+00:00,80404.27923025434
2030-01-04 18:00:00+00:00,74856.0575763759
2030-01-04 19:00:00+00:00,68995.04300352096
2030-01-04 20:00:00+00:00,84164.49750093863
2030-01-04 21:00:00+00:00,79542.4912055647
2030-01-04 22:00:00+00:00,74597.66627607401
2030-01-04 23:00:00+00:00,78486.20128456647
2030-01-05 00:00:00+00:00,71723.03266903108
2030-01-05 01:00:00+00:00,66128.30716993351
2030-01-05 02:00:00+00:00,79732.29116059432
2030-01-05 03:00:00+00:00,81187.63339024525
2030-01-05 04:00:00+00:00,75751.07078677448
2030-01-05 05:00:00+00:00,74812.90693899534
2030-01-05 06:00:00+00:00,67826.47402914858
2030-01-05 07:00:00+00:00,60577.49911436966
2030-01-05 08:00:00+00:00,75395.48911752328
2030-01-05 09:00:00+00:00,78696.91434174654
2030-01-05 10:00:00+00:00,73814.28735100653
2030-01-05 11:00:00+00:00,78213.20666936251
2030-01-05 12:00:00+00:00,73894.00039541948
2030-01-05 13:00:00+00:00,71044.78193508518
2030-01-05 14:00:00+00:00,87760.0577237505
2030-01-05 15:00:00+00:00,84162.95294333225
2030-01-05 16:00:00+00:00,77596.48289878022
2030-01-05 17:00:00+00:00,80511.02723998719
2030-01-05 18:00:00+00:00,76357.32813600787
2030-01-05 19:00:00+00:00,70992.24580901925
2030-01-05 20:00:00+00:00,79126.3897498822
2030-01-05 21:00:00+00:00,78352.72726683824
2030-01-05 22:00:00+00:00,68565.34214374491
2030-01-05 23:00:00+00:00,76934.22829297822
2030-01-06 00:00:00+00:00,74355.45472626803
2030-01-06 01:00:00+00:00,70075.73963060524
2030-01-06 02:00:00+00:00,73496.77312507607
2030-01-06 03:00:00+00:00,76928.10173189927
2030-01-06 04:00:00+00:00,67333.64231454866
2030-01-06 05:00:00+00:00,74190.3337022113
2030-01-06 06:00:00+00:00,69237.9995340685
2030-01-06 07:00:00+00:00,62881.612827712685
2030-01-06 08:00:00+00:00,77055.55695416022
2030-01-06 09:00:00+00:00,77756.93123404682
2030-01-06 10:00:00+00:00,71251.91609825409
2030-01-06 11:00:00+00:00,73054.89250689851
2030-01-06 12:00:00+00:00,66483.46596267069
2030-01-06 13:00:00+00:00,60789.31807587863
2030-01-06 14:00:00+00:00,75223.79867523041
2030-01-06 15:00:00+00:00,70885.7156820739
2030-01-06 16:00:00+00:00,65501.786082468054
2030-01-06 17:00:00+00:00,67513.62693747917
2030-01-06 18:00:00+00:00,60564.32724551351
2030-01-06 19:00:00+00:00,54286.340979635555
2030-01-06 20:00:00+00:00,67493.44484718423
2030-01-06 21:00:00+00:00,65163.94776499973
2030-01-06 22:00:00+00:00,59387.76684945036
2030-01-06 23:00:00+00:00,62535.40567890658
2030-01-07 00:00:00+00:00,57016.09980852702
2030-01-07 01:00:00+00:00,51969.62291380286
2030-01-07 02:00:00+00:00,66551.6855342221
2030-01-07 03:00:00+00:00,64681.65237458626
2030-01-07 04:00:00+00:00,59723.4639177537
2030-01-07 05:00:00+00:00,63085.442894529595
2030-01-07 06:00:00+00:00,57644.44301960733
2030-01-07 07:00:00+00:00,52019.44234904841
2030-01-07 08:00:00+00:00,65475.44060060546
2030-01-07 09:00:00+00:00,64217.471551330906
2030-01-07 10:00:00+00:00,58726.49640171391
2030-01-07 11:00:00+00:00,64071.5593987806
2030-01-07 12:00:00+00:00,60510.50165956533
2030-01-07 13:00:00+00:00,56269.77736968803
2030-01-07 14:00:00+00:00,62796.289392894876
2030-01-07 15:00:00+00:00,63183.48667826432
2030-01-07 16:00:00+00:00,56080.46479174693
2030-01-07 17:00:00+00:00,62231.45446075401
2030-01-07 18:00:00+00:00,61331.43386085763
2030-01-07 19:00:00+00:00,55429.42904864764
2030-01-07 20:00:00+00:00,59753.19844818851
2030-01-07 21:00:00+00:00,61893.50038955411
2030-01-07 22:00:00+00:00,53669.520341060525
2030-01-07 23:00:00+00:00,61370.945629980764
2030-01-08 00:00:00+00:00,58320.68757526403
2030-01-08 01:00:00+00:00,54063.52051009411
2030-01-08 02:00:00+00:00,70439.83816926072
2030-01-08 03:00:00+00:00,65941.43661779717
2030-01-08 04:00:00+00:00,60814.48411845331
2030-01-08 05:00:00+00:00,65783.06104153027
2030-01-08 06:00:00+00:00,59708.29090575214
2030-01-08 07:00:00+00:00,54064.74904264911
2030-01-08 08:00:00+00:00,68553.43992782025
2030-01-08 09:00:00+00:00,65639.44742120839
2030-01-08 10:00:00+00:00,60669.45850744137
2030-01-08 11:00:00+00:00,65902.47042587845
2030-01-08 12:00:00+00:00,60610.48471716538
2030-01-08 13:00:00+00:00,56203.49863563292
2030-01-08 14:00:00+00:00,71362.5145379128
2030-01-08 15:00:00+00:00,67238.48220511829
2030-01-08 16:00:00+00:00,60977.446783740816
2030-01-08 17:00:00+00:00,66444.43940703318
2030-01-08 18:00:00+00:00,60641.435685877834
2030-01-08 19:00:00+00:00,54408.446184043125
2030-01-08 20:00:00+00:00,67621.43156265985
2030-01-08 21:00:00+00:00,67772.71852055835
2030-01-08 22:00:00+00:00,62807.99499030271
2030-01-08 23:00:00+00:00,65788.44965296426
2030-01-09 00:00:00+00:00,59959.96014104474
2030-01-09 01:00:00+00:00,54578.50643452534
2030-01-09 02:00:00+00:00,69018.80886667337
2030-01-09 03:00:00+00:00,67050.43005489597
2030-01-09 04:00:00+00:00,61541.41600998199
2030-01-09 05:00:00+00:00,66433.85751557274
2030-01-09 06:00:00+00:00,61896.7734096012
2030-01-09 07:00:00+00:00,53793.20571077385
2030-01-09 08:00:00+00:00,59766.42849556226
2030-01-09 09:00:00+00:00,62087.441164980344
2030-01-09 10:00:00+00:00,56170.448798261925
2030-01-09 11:00:00+00:00,60752.45675649568
2030-01-09 12:00:00+00:00,58385.466393575516
2030-01-09 13:00:00+00:00,50957.477627174536
2030-01-09 14:00:00+00:00,55443.44738213325
2030-01-09 15:00:00+00:00,61924.44593584407
2030-01-09 16:00:00+00:00,55121.439777546286
2030-01-09 17:00:00+00:00,62143.43627619284
2030-01-09 18:00:00+00:00,58410.43419275184
2030-01-09 19:00:00+00:00,53460.43312255756
2030-01-09 20:00:00+00:00,69322.42103419153
2030-01-09 21:00:00+00:00,69088.65149398663
2030-01-09 22:00:00+00:00,63389.23714835255
2030-01-09 23:00:00+00:00,67026.66858376664
2030-01-10 00:00:00+00:00,60463.53284419769
2030-01-10 01:00:00+00:00,55216.89885298624
2030-01-10 02:00:00+00:00,69599.92367554783
2030-01-10 03:00:00+00:00,67803.30078972297
2030-01-10 04:00:00+00:00,62799.450719250184
2030-01-10 05:00:00+00:00,66270.43522616771
2030-01-10 06:00:00+00:00,59573.43629546021
2030-01-10 07:00:00+00:00,54064.43641246525
2030-01-10 08:00:00+00:00,67744.43724161854
2030-01-10 09:00:00+00:00,67009.43629397053
2030-01-10 10:00:00+00:00,62335.474635845065
2030-01-10 11:00:00+00:00,64695.543075950394
2030-01-10 12:00:00+00:00,59202.86711105584
2030-01-10 13:00:00+00:00,55298.72508957927
2030-01-10 14:00:00+00:00,67709.58687856443
2030-01-10 15:00:00+00:00,64036.481191306186
2030-01-10 16:00:00+00:00,60604.47539721248
2030-01-10 17:00:00+00:00,62810.46061563638
2030-01-10 18:00:00+00:00,56913.45554768788
2030-01-10 19:00:00+00:00,51234.65450458588
2030-01-10 20:00:00+00:00,65742.70318601347
2030-01-10 21:00:00+00:00,65094.71005290379
2030-01-10 22:00:00+00:00,59464.33093929611
2030-01-10 23:00:00+00:00,61754.212615511395
2030-01-11 00:00:00+00:00,57729.159291415606
2030-01-11 01:00:00+00:00,50911.04624496265
2030-01-11 02:00:00+00:00,57929.389734464436
2030-01-11 03:00:00+00:00,65048.12143367059
2030-01-11 04:00:00+00:00,59422.162148420044
2030-01-11 05:00:00+00:00,62832.00570543935
2030-01-11 06:00:00+00:00,59861.23726297558
2030-01-11 07:00:00+00:00,50110.69697063516
2030-01-11 08:00:00+00:00,53893.58220860374
2030-01-11 09:00:00+00:00,62703.13252195392
2030-01-11 10:00:00+00:00,55903.16091967341
2030-01-11 11:00:00+00:00,64009.17335999642
2030-01-11 12:00:00+00:00,61100.17856799384
2030-01-11 13:00:00+00:00,56872.18108915537
2030-01-11 14:00:00+00:00,72876.1617548225
2030-01-11 15:00:00+00:00,70260.1652981555
2030-01-11 16:00:00+00:00,61069.47187322719
2030-01-11 17:00:00+00:00,66693.4793953383
2030-01-11 18:00:00+00:00,61613.34804198773
2030-01-11 19:00:00+00:00,57290.549267493814
2030-01-11 20:00:00+00:00,71594.42223524407
2030-01-11 21:00:00+00:00,66405.22325219144
2030-01-11 22:00:00+00:00,60185.18839986002
2030-01-11 23:00:00+00:00,65064.49980354214
2030-01-12 00:00:00+00:00,61511.09651934132
2030-01-12 01:00:00+00:00,55638.04503981204
2030-01-12 02:00:00+00:00,69100.50728557358
2030-01-12 03:00:00+00:00,66631.23880565463
2030-01-12 04:00:00+00:00,60900.253506880144
2030-01-12 05:00:00+00:00,65174.25228401149
2030-01-12 06:00:00+00:00,59495.251582027704
2030-01-12 07:00:00+00:00,53832.25061018745
2030-01-12 08:00:00+00:00,66801.25217629033
2030-01-12 09:00:00+00:00,63947.2664194747
2030-01-12 10:00:00+00:00,59067.47137532581
2030-01-12 11:00:00+00:00,62592.32612517122
2030-01-12 12:00:00+00:00,56918.455648118565
2030-01-12 13:00:00+00:00,51321.385098523875
2030-01-12 14:00:00+00:00,63881.390523901726
2030-01-12 15:00:00+00:00,64163.39212610475
2030-01-12 16:00:00+00:00,58814.18764254421
2030-01-12 17:00:00+00:00,62626.17624674512
2030-01-12 18:00:00+00:00,58418.164194125115
2030-01-12 19:00:00+00:00,51631.15388432725
2030-01-12 20:00:00+00:00,58000.14087505614
2030-01-12 21:00:00+00:00,60286.314239976
2030-01-12 22:00:00+00:00,53695.19833672499
2030-01-12 23:00:00+00:00,58753.83258430916
2030-01-13 00:00:00+00:00,56543.548757421995
2030-01-13 01:00:00+00:00,50701.525999759295
2030-01-13 02:00:00+00:00,54560.55825810012
2030-01-13 03:00:00+00:00,60339.07299894486
2030-01-13 04:00:00+00:00,54198.056709766584
2030-01-13 05:00:00+00:00,60142.05313240252
2030-01-13 06:00:00+00:00,56601.051945476436
2030-01-13 07:00:00+00:00,51625.054778757214
2030-01-13 08:00:00+00:00,65969.16272488993
2030-01-13 09:00:00+00:00,66545.16969866562
2030-01-13 10:00:00+00:00,61881.17996321393
2030-01-13 11:00:00+00:00,65398.18601105708
2030-01-13 12:00:00+00:00,59825.19055244745
2030-01-13 13:00:00+00:00,55069.19409816893
2030-01-13 14:00:00+00:00,68964.19627276126
2030-01-13 15:00:00+00:00,67043.19538032706
2030-01-13 16:00:00+00:00,61561.156152742646
2030-01-13 17:00:00+00:00,66687.13573732025
2030-01-13 18:00:00+00:00,61321.11490960253
2030-01-13 19:00:00+00:00,56299.08561976155
2030-01-13 20:00:00+00:00,69286.01004195429
2030-01-13 21:00:00+00:00,68322.53427954999
2030-01-13 22:00:00+00:00,61461.5513444391
2030-01-13 23:00:00+00:00,63085.134996220666
2030-01-14 00:00:00+00:00,57081.481721458054
2030-01-14 01:00:00+00:00,50672.274708402794
2030-01-14 02:00:00+00:00,66460.79449883397
2030-01-14 03:00:00+00:00,68917.29830439425
2030-01-14 04:00:00+00:00,64972.365331144014
2030-01-14 05:00:00+00:00,69420.32845682764
2030-01-14 06:00:00+00:00,63447.63661995002
2030-01-14 07:00:00+00:00,57737.95769821905
2030-01-14 08:00:00+00:00,70569.77658918708
2030-01-14 09:00:00+00:00,70468.234463407
2030-01-14 10:00:00+00:00,65690.24126701821
2030-01-14 11:00:00+00:00,70423.24790221236
2030-01-14 12:00:00+00:00,65322.25552515154
2030-01-14 13:00:00+00:00,58566.2603338127
2030-01-14 14:00:00+00:00,65046.264583266464
2030-01-14 15:00:00+00:00,66037.23711766381
2030-01-14 16:00:00+00:00,60346.44997736885
2030-01-14 17:00:00+00:00,65960.31980849765
2030-01-14 18:00:00+00:00,63859.224589779165
2030-01-14 19:00:00+00:00,57018.24602641267
2030-01-14 20:00:00+00:00,60532.24446333807
2030-01-14 21:00:00+00:00,66212.24410598807
2030-01-14 22:00:00+00:00,60356.22256141659
2030-01-14 23:00:00+00:00,65247.935940165364
2030-01-15 00:00:00+00:00,60899.52544679187
2030-01-15 01:00:00+00:00,55932.97119488483
2030-01-15 02:00:00+00:00,70433.54695111002
2030-01-15 03:00:00+00:00,71611.24618606531
2030-01-15 04:00:00+00:00,68168.24645002102
2030-01-15 05:00:00+00:00,71812.2441482835
2030-01-15 06:00:00+00:00,65677.22855202552
2030-01-15 07:00:00+00:00,60399.22493963974
2030-01-15 08:00:00+00:00,73510.22431925793
2030-01-15 09:00:00+00:00,72897.24867903962
2030-01-15 10:00:00+00:00,67779.25991934493
2030-01-15 11:00:00+00:00,71987.27352216624
2030-01-15 12:00:00+00:00,66169.29056912697
2030-01-15 13:00:00+00:00,61633.30912420695
2030-01-15 14:00:00+00:00,75422.31591503808
2030-01-15 15:00:00+00:00,66540.49226266527
2030-01-15 16:00:00+00:00,60771.90749979788
2030-01-15 17:00:00+00:00,65086.75988492171
2030-01-15 18:00:00+00:00,59520.46809406987
2030-01-15 19:00:00+00:00,53827.260933785044
2030-01-15 20:00:00+00:00,65475.29950525195
2030-01-15 21:00:00+00:00,62987.63756217537
2030-01-15 22:00:00+00:00,56783.66221827698
2030-01-15 23:00:00+00:00,61130.497231968926
2030-01-16 00:00:00+00:00,55871.02127039108
2030-01-16 01:00:00+00:00,50957.336789523615
2030-01-16 02:00:00+00:00,64922.06967035876
2030-01-16 03:00:00+00:00,68284.89363106359
2030-01-16 04:00:00+00:00,67053.72412653151
2030-01-16 05:00:00+00:00,74828.84156478713
2030-01-16 06:00:00+00:00,68029.81446807686
2030-01-16 07:00:00+00:00,58545.197522684626
2030-01-16 08:00:00+00:00,61462.28460996147
2030-01-16 09:00:00+00:00,62503.56848786735
2030-01-16 10:00:00+00:00,57192.201939645434
2030-01-16 11:00:00+00:00,61389.36865745691
2030-01-16 12:00:00+00:00,58360.369637912496
2030-01-16 13:00:00+00:00,51580.13291432717
2030-01-16 14:00:00+00:00,56381.47893557237
2030-01-16 15:00:00+00:00,61930.3243525784
2030-01-16 16:00:00+00:00,54905.470331546225
2030-01-16 17:00:00+00:00,63910.67344148148
2030-01-16 18:00:00+00:00,60576.08242836725
2030-01-16 19:00:00+00:00,56310.618068860414
2030-01-16 20:00:00+00:00,70161.62233831952
2030-01-16 21:00:00+00:00,64954.39733617338
2030-01-16 22:00:00+00:00,58902.50968538106
2030-01-16 23:00:00+00:00,63496.22981063358
2030-01-17 00:00:00+00:00,57820.04335907193
2030-01-17 01:00:00+00:00,53116.22581108827
2030-01-17 02:00:00+00:00,68478.27650668837
2030-01-17 03:00:00+00:00,72368.03140066413
2030-01-17 04:00:00+00:00,71785.83423467005
2030-01-17 05:00:00+00:00,78165.83760040713
2030-01-17 06:00:00+00:00,72412.5372810128
2030-01-17 07:00:00+00:00,62673.240357688366
2030-01-17 08:00:00+00:00,81047.83570124081
2030-01-17 09:00:00+00:00,73957.09158751536
2030-01-17 10:00:00+00:00,65096.79299515699
2030-01-17 11:00:00+00:00,70997.21142439208
2030-01-17 12:00:00+00:00,65886.39631690615
2030-01-17 13:00:00+00:00,61636.22092308444
2030-01-17 14:00:00+00:00,74525.16052401974
2030-01-17 15:00:00+00:00,68026.04339497707
2030-01-17 16:00:00+00:00,60083.221058659656
2030-01-17 17:00:00+00:00,66460.58110172395
2030-01-17 18:00:00+00:00,61998.12226789968
2030-01-17 19:00:00+00:00,59738.31190863869
2030-01-17 20:00:00+00:00,68931.03767549714
2030-01-17 21:00:00+00:00,65243.49472979058
2030-01-17 22:00:00+00:00,59980.48710421166
2030-01-17 23:00:00+00:00,63407.47882027622
2030-01-18 00:00:00+00:00,58497.55128496356
2030-01-18 01:00:00+00:00,51350.53391297027
2030-01-18 02:00:00+00:00,58434.94429474497
2030-01-18 03:00:00+00:00,65135.96995616004
2030-01-18 04:00:00+00:00,65194.860018868625
2030-01-18 05:00:00+00:00,70307.8590787486
2030-01-18 06:00:00+00:00,66229.47488415737
2030-01-18 07:00:00+00:00,57884.7719722431
2030-01-18 08:00:00+00:00,61749.58166014985
2030-01-18 09:00:00+00:00,63657.83727687251
2030-01-18 10:00:00+00:00,55407.20834087508
2030-01-18 11:00:00+00:00,64197.21808713612
2030-01-18 12:00:00+00:00,60801.22688377792
2030-01-18 13:00:00+00:00,56208.234187649
2030-01-18 14:00:00+00:00,70342.23916708173
2030-01-18 15:00:00+00:00,68411.21398697712
2030-01-18 16:00:00+00:00,61332.58405031805
2030-01-18 17:00:00+00:00,66403.45547735025
2030-01-18 18:00:00+00:00,60798.98902231912
2030-01-18 19:00:00+00:00,58681.024036059745
2030-01-18 20:00:00+00:00,70085.2095765951
2030-01-18 21:00:00+00:00,68751.20989384108
2030-01-18 22:00:00+00:00,63025.21142832941
2030-01-18 23:00:00+00:00,66648.16921580237
2030-01-19 00:00:00+00:00,60134.87007860307
2030-01-19 01:00:00+00:00,54658.307726896535
2030-01-19 02:00:00+00:00,67847.5018641895
2030-01-19 03:00:00+00:00,64834.432802476265
2030-01-19 04:00:00+00:00,58597.4327300461
2030-01-19 05:00:00+00:00,64041.43286358984
2030-01-19 06:00:00+00:00,59147.433609245105
2030-01-19 07:00:00+00:00,54389.4212772971
2030-01-19 08:00:00+00:00,66446.61872908761
2030-01-19 09:00:00+00:00,62100.61104800694
2030-01-19 10:00:00+00:00,55945.606577157436
2030-01-19 11:00:00+00:00,60810.60505866884
2030-01-19 12:00:00+00:00,55165.60568116729
2030-01-19 13:00:00+00:00,49812.607502425104
2030-01-19 14:00:00+00:00,61935.60961119775
2030-01-19 15:00:00+00:00,60771.61305166095
2030-01-19 16:00:00+00:00,55238.58716736566
2030-01-19 17:00:00+00:00,58812.62369871733
2030-01-19 18:00:00+00:00,54816.62295516534
2030-01-19 19:00:00+00:00,48052.62266508468
2030-01-19 20:00:00+00:00,53824.61831318037
2030-01-19 21:00:00+00:00,56894.61475736679
2030-01-19 22:00:00+00:00,50590.552578500414
2030-01-19 23:00:00+00:00,55600.99275713797
2030-01-20 00:00:00+00:00,53344.129658505044
2030-01-20 01:00:00+00:00,46393.04234729767
2030-01-20 02:00:00+00:00,49745.10837174176
2030-01-20 03:00:00+00:00,56050.61908259324
2030-01-20 04:00:00+00:00,49837.62280673528
2030-01-20 05:00:00+00:00,56137.62163387601
2030-01-20 06:00:00+00:00,52747.62242396785
2030-01-20 07:00:00+00:00,47229.62263719519
2030-01-20 08:00:00+00:00,61292.61379191373
2030-01-20 09:00:00+00:00,60751.60443412378
2030-01-20 10:00:00+00:00,54502.601063675516
2030-01-20 11:00:00+00:00,59419.599708200985
2030-01-20 12:00:00+00:00,54961.601183499595
2030-01-20 13:00:00+00:00,49960.605700743115
2030-01-20 14:00:00+00:00,62779.40679311666
2030-01-20 15:00:00+00:00,60690.40600734987
2030-01-20 16:00:00+00:00,54241.40398842066
2030-01-20 17:00:00+00:00,59007.39953070334
2030-01-20 18:00:00+00:00,54103.39511089654
2030-01-20 19:00:00+00:00,49195.3938758646
2030-01-20 20:00:00+00:00,61375.392424305675
2030-01-20 21:00:00+00:00,61015.39140892189
2030-01-20 22:00:00+00:00,54177.38149592301
2030-01-20 23:00:00+00:00,58341.380460024724
2030-01-21 00:00:00+00:00,53385.458026309934
2030-01-21 01:00:00+00:00,47673.87979580098
2030-01-21 02:00:00+00:00,60504.589919662445
2030-01-21 03:00:00+00:00,59378.41639991044
2030-01-21 04:00:00+00:00,53414.41778974477
2030-01-21 05:00:00+00:00,57730.402148389854
2030-01-21 06:00:00+00:00,52914.402143046056
2030-01-21 07:00:00+00:00,47346.62035483618
2030-01-21 08:00:00+00:00,59241.62190613334
2030-01-21 09:00:00+00:00,58957.694933033956
2030-01-21 10:00:00+00:00,52758.417296264444
2030-01-21 11:00:00+00:00,56558.46585073361
2030-01-21 12:00:00+00:00,52395.477961378616
2030-01-21 13:00:00+00:00,45550.47182657186
2030-01-21 14:00:00+00:00,51993.424955343144
2030-01-21 15:00:00+00:00,56650.42757612811
2030-01-21 16:00:00+00:00,50597.73805357007
2030-01-21 17:00:00+00:00,57014.8871499646
2030-01-21 18:00:00+00:00,54472.46042575774
2030-01-21 19:00:00+00:00,48139.36014056278
2030-01-21 20:00:00+00:00,52165.35051794238
2030-01-21 21:00:00+00:00,56892.254455396105
2030-01-21 22:00:00+00:00,49697.073093876934
2030-01-21 23:00:00+00:00,58352.244259799474
2030-01-22 00:00:00+00:00,56665.63366147225
2030-01-22 01:00:00+00:00,53096.62775859563
2030-01-22 02:00:00+00:00,66080.15796820988
2030-01-22 03:00:00+00:00,63246.30960685354
2030-01-22 04:00:00+00:00,58053.30475281251
2030-01-22 05:00:00+00:00,63434.29646223191
2030-01-22 06:00:00+00:00,57434.29344117151
2030-01-22 07:00:00+00:00,52298.437543379485
2030-01-22 08:00:00+00:00,66197.29960742945
2030-01-22 09:00:00+00:00,66884.38724685065
2030-01-22 10:00:00+00:00,62631.39527655058
2030-01-22 11:00:00+00:00,65423.40031522658
2030-01-22 12:00:00+00:00,59841.405090254775
2030-01-22 13:00:00+00:00,55142.40781095682
2030-01-22 14:00:00+00:00,68573.41018424672
2030-01-22 15:00:00+00:00,67735.24668887258
2030-01-22 16:00:00+00:00,57692.49826872611
2030-01-22 17:00:00+00:00,63067.470517393194
2030-01-22 18:00:00+00:00,57656.458456185734
2030-01-22 19:00:00+00:00,52137.45297341699
2030-01-22 20:00:00+00:00,64393.4813630848
2030-01-22 21:00:00+00:00,63084.434423761195
2030-01-22 22:00:00+00:00,56178.08475630248
2030-01-22 23:00:00+00:00,61135.96713494867
2030-01-23 00:00:00+00:00,55421.52874801518
2030-01-23 01:00:00+00:00,49174.499570292064
2030-01-23 02:00:00+00:00,60164.73386625284
2030-01-23 03:00:00+00:00,60663.86255061158
2030-01-23 04:00:00+00:00,57071.43050015369
2030-01-23 05:00:00+00:00,61666.836725646164
2030-01-23 06:00:00+00:00,56705.09575275314
2030-01-23 07:00:00+00:00,48852.95173603415
2030-01-23 08:00:00+00:00,53772.741173024144
2030-01-23 09:00:00+00:00,57349.04863373791
2030-01-23 10:00:00+00:00,49676.47919503105
2030-01-23 11:00:00+00:00,54619.51709084472
2030-01-23 12:00:00+00:00,52450.58060231533
2030-01-23 13:00:00+00:00,45661.733055631994
2030-01-23 14:00:00+00:00,49777.45899630808
2030-01-23 15:00:00+00:00,48460.239657993836
2030-01-23 16:00:00+00:00,43965.3941912802
2030-01-23 17:00:00+00:00,50355.752860818524
2030-01-23 18:00:00+00:00,47783.43391942807
2030-01-23 19:00:00+00:00,43530.27685293246
2030-01-23 20:00:00+00:00,48828.538039418454
2030-01-23 21:00:00+00:00,49423.580042570415
2030-01-23 22:00:00+00:00,43940.57247900212
2030-01-23 23:00:00+00:00,50190.67823585923
2030-01-24 00:00:00+00:00,45591.54214011256
2030-01-24 01:00:00+00:00,51720.79407663041
2030-01-24 02:00:00+00:00,58013.013776513166
2030-01-24 03:00:00+00:00,55184.58230131226
2030-01-24 04:00:00+00:00,59146.53038347452
2030-01-24 05:00:00+00:00,60447.05590714008
2030-01-24 06:00:00+00:00,52438.31810050629
2030-01-24 07:00:00+00:00,54969.91406661022
2030-01-24 08:00:00+00:00,60503.10997756239
2030-01-24 09:00:00+00:00,56007.11200749868
2030-01-24 10:00:00+00:00,53209.80449544815
2030-01-24 11:00:00+00:00,53046.15851805225
2030-01-24 12:00:00+00:00,46616.24753568994
2030-01-24 13:00:00+00:00,50593.546131701296
2030-01-24 14:00:00+00:00,56471.0486522564
2030-01-24 15:00:00+00:00,51696.73452630882
2030-01-24 16:00:00+00:00,51019.25630645154
2030-01-24 17:00:00+00:00,51691.778018732344
2030-01-24 18:00:00+00:00,45069.677315303124
2030-01-24 19:00:00+00:00,48425.60029973679
2030-01-24 20:00:00+00:00,53349.48577009697
2030-01-24 21:00:00+00:00,48553.61807029863
2030-01-24 22:00:00+00:00,47039.84536136361
2030-01-24 23:00:00+00:00,47491.172198592634
2030-01-25 00:00:00+00:00,40562.52644038407
2030-01-25 01:00:00+00:00,38671.698325148835
2030-01-25 02:00:00+00:00,44553.38870881145
2030-01-25 03:00:00+00:00,46081.806207827816
2030-01-25 04:00:00+00:00,51395.719105800636
2030-01-25 05:00:00+00:00,57588.84127772306
2030-01-25 06:00:00+00:00,48902.41041906641
2030-01-25 07:00:00+00:00,43732.89256912829
2030-01-25 08:00:00+00:00,46807.359327713544
2030-01-25 09:00:00+00:00,47842.25542268262
2030-01-25 10:00:00+00:00,48129.53735103093
2030-01-25 11:00:00+00:00,51041.53738767993
2030-01-25 12:00:00+00:00,46417.53766241708
2030-01-25 13:00:00+00:00,51485.5381891704
2030-01-25 14:00:00+00:00,58225.54128963642
2030-01-25 15:00:00+00:00,55581.51845732394
2030-01-25 16:00:00+00:00,54476.09387575804
2030-01-25 17:00:00+00:00,50702.82410376852
2030-01-25 18:00:00+00:00,47206.79706887836
2030-01-25 19:00:00+00:00,52911.524756521394
2030-01-25 20:00:00+00:00,61327.533765759275
2030-01-25 21:00:00+00:00,59090.57172706682
2030-01-25 22:00:00+00:00,56796.53267257797
2030-01-25 23:00:00+00:00,63790.55313401233
2030-01-26 00:00:00+00:00,57725.03952868979
2030-01-26 01:00:00+00:00,64962.49256690108
2030-01-26 02:00:00+00:00,71657.10363336797
2030-01-26 03:00:00+00:00,71612.14638989065
2030-01-26 04:00:00+00:00,71715.47791710956
2030-01-26 05:00:00+00:00,72065.43623002921
2030-01-26 06:00:00+00:00,63360.37880220843
2030-01-26 07:00:00+00:00,65123.881295599844
2030-01-26 08:00:00+00:00,77099.0854010736
2030-01-26 09:00:00+00:00,72923.22493340305
2030-01-26 10:00:00+00:00,70319.19567916704
2030-01-26 11:00:00+00:00,70708.27979116778
2030-01-26 12:00:00+00:00,64353.746990966945
2030-01-26 13:00:00+00:00,68615.98826156829
2030-01-26 14:00:00+00:00,73000.18576423869
2030-01-26 15:00:00+00:00,69650.85595640849
2030-01-26 16:00:00+00:00,63230.521888132964
2030-01-26 17:00:00+00:00,59393.81728112753
2030-01-26 18:00:00+00:00,55174.113193496014
2030-01-26 19:00:00+00:00,58006.22996945633
2030-01-26 20:00:00+00:00,65152.01718136368
2030-01-26 21:00:00+00:00,62320.67680986028
2030-01-26 22:00:00+00:00,57629.22743693531
2030-01-26 23:00:00+00:00,62059.11685999863
2030-01-27 00:00:00+00:00,65598.40810743191
2030-01-27 01:00:00+00:00,67558.1946306047
2030-01-27 02:00:00+00:00,76930.9789713698
2030-01-27 03:00:00+00:00,78807.00050845344
2030-01-27 04:00:00+00:00,80600.11935545111
2030-01-27 05:00:00+00:00,85257.46202191502
2030-01-27 06:00:00+00:00,78822.52263582367
2030-01-27 07:00:00+00:00,82389.5499862473
2030-01-27 08:00:00+00:00,89600.08181556151
2030-01-27 09:00:00+00:00,87099.10657741237
2030-01-27 10:00:00+00:00,86687.97263476132
2030-01-27 11:00:00+00:00,87160.27130496984
2030-01-27 12:00:00+00:00,81202.83238711904
2030-01-27 13:00:00+00:00,84847.01836991274
2030-01-27 14:00:00+00:00,92778.25460853311
2030-01-27 15:00:00+00:00,78847.70650447303
2030-01-27 16:00:00+00:00,64844.585137172515
2030-01-27 17:00:00+00:00,62696.06193947923
2030-01-27 18:00:00+00:00,57991.42516193462
2030-01-27 19:00:00+00:00,66361.20536956562
2030-01-27 20:00:00+00:00,74194.2680006015
2030-01-27 21:00:00+00:00,69680.19023376587
2030-01-27 22:00:00+00:00,67437.45304447561
2030-01-27 23:00:00+00:00,71748.29500116124
2030-01-28 00:00:00+00:00,67928.53644677495
2030-01-28 01:00:00+00:00,73722.42760426828
2030-01-28 02:00:00+00:00,84682.1191382409
2030-01-28 03:00:00+00:00,79554.87556543168
2030-01-28 04:00:00+00:00,72906.73754930803
2030-01-28 05:00:00+00:00,73350.84930859896
2030-01-28 06:00:00+00:00,56819.10882464907
2030-01-28 07:00:00+00:00,58256.44814582002
2030-01-28 08:00:00+00:00,83033.25107838737
2030-01-28 09:00:00+00:00,108252.00853035568
2030-01-28 10:00:00+00:00,105972.008239779
2030-01-28 11:00:00+00:00,106141.00847779436
2030-01-28 12:00:00+00:00,99917.94315211904
2030-01-28 13:00:00+00:00,98856.10189714826
2030-01-28 14:00:00+00:00,104765.97112028922
2030-01-28 15:00:00+00:00,92823.15725554366
2030-01-28 16:00:00+00:00,71009.94896922416
2030-01-28 17:00:00+00:00,71044.5706739944
2030-01-28 18:00:00+00:00,69339.78249531728
2030-01-28 19:00:00+00:00,74711.70033723654
2030-01-28 20:00:00+00:00,85389.14940667592
2030-01-28 21:00:00+00:00,82251.51798395163
2030-01-28 22:00:00+00:00,83106.54241196839
2030-01-28 23:00:00+00:00,93345.44695493138
2030-01-29 00:00:00+00:00,89347.98491449546
2030-01-29 01:00:00+00:00,97923.92374310314
2030-01-29 02:00:00+00:00,106428.01027522075
2030-01-29 03:00:00+00:00,103518.56150871652
2030-01-29 04:00:00+00:00,99290.48424210431
2030-01-29 05:00:00+00:00,91441.04048007366
2030-01-29 06:00:00+00:00,75653.83908932637
2030-01-29 07:00:00+00:00,78196.32246854897
2030-01-29 08:00:00+00:00,92182.49914190584
2030-01-29 09:00:00+00:00,102501.92721331482
2030-01-29 10:00:00+00:00,108353.63965193613
2030-01-29 11:00:00+00:00,109292.9072129358
2030-01-29 12:00:00+00:00,103012.31945683123
2030-01-29 13:00:00+00:00,105718.45237640626
2030-01-29 14:00:00+00:00,105690.36537070916
2030-01-29 15:00:00+00:00,95411.17274480496
2030-01-29 16:00:00+00:00,79813.6234375104
2030-01-29 17:00:00+00:00,78019.50702540217
2030-01-29 18:00:00+00:00,74237.55912935652
2030-01-29 19:00:00+00:00,85232.01819907993
2030-01-29 20:00:00+00:00,95379.0060585156
2030-01-29 21:00:00+00:00,91220.37097224736
2030-01-29 22:00:00+00:00,92554.52205131354
2030-01-29 23:00:00+00:00,98729.03267414095
2030-01-30 00:00:00+00:00,93145.83850391912
2030-01-30 01:00:00+00:00,96935.46463037301
2030-01-30 02:00:00+00:00,103173.28326571078
2030-01-30 03:00:00+00:00,101382.78752817662
2030-01-30 04:00:00+00:00,96990.5900772536
2030-01-30 05:00:00+00:00,88829.28309344163
2030-01-30 06:00:00+00:00,72588.35143582462
2030-01-30 07:00:00+00:00,66050.9652820951
2030-01-30 08:00:00+00:00,85307.51061510097
2030-01-30 09:00:00+00:00,95480.15194143145
2030-01-30 10:00:00+00:00,94000.05898092965
2030-01-30 11:00:00+00:00,94574.18718312224
2030-01-30 12:00:00+00:00,88568.77624466347
2030-01-30 13:00:00+00:00,85793.53610060827
2030-01-30 14:00:00+00:00,92615.33856429657
2030-01-30 15:00:00+00:00,89955.68721654825
2030-01-30 16:00:00+00:00,69896.00896959982
2030-01-30 17:00:00+00:00,69032.60670371642
2030-01-30 18:00:00+00:00,66314.59147560227
2030-01-30 19:00:00+00:00,78393.66182028172
2030-01-30 20:00:00+00:00,90164.40937193146
2030-01-30 21:00:00+00:00,87604.59773297553
2030-01-30 22:00:00+00:00,87573.46059332717
2030-01-30 23:00:00+00:00,94001.69559279394
2030-01-31 00:00:00+00:00,88727.13790940664
2030-01-31 01:00:00+00:00,94133.1622983607
2030-01-31 02:00:00+00:00,101126.45805366494
2030-01-31 03:00:00+00:00,99701.19933033563
2030-01-31 04:00:00+00:00,93785.17908915393
2030-01-31 05:00:00+00:00,84313.96352171153
2030-01-31 06:00:00+00:00,67748.31533428426
2030-01-31 07:00:00+00:00,60241.86560778256
2030-01-31 08:00:00+00:00,82719.16095647347
2030-01-31 09:00:00+00:00,97916.71423117736
2030-01-31 10:00:00+00:00,95189.93455915294
2030-01-31 11:00:00+00:00,97115.95187834375
2030-01-31 12:00:00+00:00,91198.2248635354
2030-01-31 13:00:00+00:00,95460.17442287566
2030-01-31 14:00:00+00:00,104336.66010107091
2030-01-31 15:00:00+00:00,93700.9554039026
2030-01-31 16:00:00+00:00,75299.80295494794
2030-01-31 17:00:00+00:00,70937.85914934511
2030-01-31 18:00:00+00:00,68612.81192549865
2030-01-31 19:00:00+00:00,78927.24905390991
2030-01-31 20:00:00+00:00,83589.08233533363
2030-01-31 21:00:00+00:00,76316.91137783747
2030-01-31 22:00:00+00:00,71742.43426629578
2030-01-31 23:00:00+00:00,73797.20158084737
2030-02-01 00:00:00+00:00,66803.34974157848
2030-02-01 01:00:00+00:00,70147.84296462627
2030-02-01 02:00:00+00:00,83852.58628866432
2030-02-01 03:00:00+00:00,76723.89694669729
2030-02-01 04:00:00+00:00,68775.40918141548
2030-02-01 05:00:00+00:00,65473.13208631377
2030-02-01 06:00:00+00:00,56938.77145182795
2030-02-01 07:00:00+00:00,49824.90226631767
2030-02-01 08:00:00+00:00,59442.976946777184
2030-02-01 09:00:00+00:00,69909.4836453262
2030-02-01 10:00:00+00:00,74872.93402412192
2030-02-01 11:00:00+00:00,76889.1924767028
2030-02-01 12:00:00+00:00,70186.07819818045
2030-02-01 13:00:00+00:00,69544.37575982836
2030-02-01 14:00:00+00:00,73059.05653328853
2030-02-01 15:00:00+00:00,64751.90863647268
2030-02-01 16:00:00+00:00,57513.045795975944
2030-02-01 17:00:00+00:00,56036.730995009784
2030-02-01 18:00:00+00:00,53426.67068390186
2030-02-01 19:00:00+00:00,59774.53064876252
2030-02-01 20:00:00+00:00,64240.59282582069
2030-02-01 21:00:00+00:00,58745.85647722491
2030-02-01 22:00:00+00:00,55943.89610717282
2030-02-01 23:00:00+00:00,57987.61641059366
2030-02-02 00:00:00+00:00,58353.204378654365
2030-02-02 01:00:00+00:00,56661.06282066622
2030-02-02 02:00:00+00:00,64045.181503932574
2030-02-02 03:00:00+00:00,67115.43931247646
2030-02-02 04:00:00+00:00,68092.33133007275
2030-02-02 05:00:00+00:00,71699.11763661899
2030-02-02 06:00:00+00:00,65948.77167491458
2030-02-02 07:00:00+00:00,64234.051469762184
2030-02-02 08:00:00+00:00,80116.8989339964
2030-02-02 09:00:00+00:00,80459.42462895878
2030-02-02 10:00:00+00:00,79186.72620523896
2030-02-02 11:00:00+00:00,82624.12984271134
2030-02-02 12:00:00+00:00,76237.04694475638
2030-02-02 13:00:00+00:00,76159.3422715705
2030-02-02 14:00:00+00:00,81970.01537949032
2030-02-02 15:00:00+00:00,81871.42061696982
2030-02-02 16:00:00+00:00,79798.09224480078
2030-02-02 17:00:00+00:00,70251.37141302683
2030-02-02 18:00:00+00:00,64467.30375164131
2030-02-02 19:00:00+00:00,62783.715971244295
2030-02-02 20:00:00+00:00,66868.56975082213
2030-02-02 21:00:00+00:00,61732.909985290484
2030-02-02 22:00:00+00:00,58655.24828451268
2030-02-02 23:00:00+00:00,59084.28829666748
2030-02-03 00:00:00+00:00,54091.05069632215
2030-02-03 01:00:00+00:00,50469.72534127369
2030-02-03 02:00:00+00:00,58689.039970817976
2030-02-03 03:00:00+00:00,62197.079759893815
2030-02-03 04:00:00+00:00,65147.39846297939
2030-02-03 05:00:00+00:00,69016.4284352845
2030-02-03 06:00:00+00:00,61945.086057663575
2030-02-03 07:00:00+00:00,64294.23640582995
2030-02-03 08:00:00+00:00,79438.94049188482
2030-02-03 09:00:00+00:00,99095.42391004988
2030-02-03 10:00:00+00:00,100373.92884070655
2030-02-03 11:00:00+00:00,99408.34747565539
2030-02-03 12:00:00+00:00,92236.49303131478
2030-02-03 13:00:00+00:00,94414.63548261276
2030-02-03 14:00:00+00:00,56017.482106906726
2030-02-03 15:00:00+00:00,89973.23471022098
2030-02-03 16:00:00+00:00,85156.42992955403
2030-02-03 17:00:00+00:00,75671.93274457821
2030-02-03 18:00:00+00:00,69919.08836027207
2030-02-03 19:00:00+00:00,76788.02672237775
2030-02-03 20:00:00+00:00,88514.42850840578
2030-02-03 21:00:00+00:00,86495.50126525186
2030-02-03 22:00:00+00:00,84338.09592881797
2030-02-03 23:00:00+00:00,82680.89407481895
2030-02-04 00:00:00+00:00,73610.83661607062
2030-02-04 01:00:00+00:00,81381.80420363587
2030-02-04 02:00:00+00:00,81283.3697357876
2030-02-04 03:00:00+00:00,83586.17511511288
2030-02-04 04:00:00+00:00,86118.47034469938
2030-02-04 05:00:00+00:00,83033.01084356972
2030-02-04 06:00:00+00:00,66637.47478779135
2030-02-04 07:00:00+00:00,65126.28476127543
2030-02-04 08:00:00+00:00,82763.00753214306
2030-02-04 09:00:00+00:00,89514.42076208768
2030-02-04 10:00:00+00:00,94879.13252539841
2030-02-04 11:00:00+00:00,97545.87507953015
2030-02-04 12:00:00+00:00,89706.89953453321
2030-02-04 13:00:00+00:00,86960.98137356699
2030-02-04 14:00:00+00:00,88571.66599001263
2030-02-04 15:00:00+00:00,81298.73470602445
2030-02-04 16:00:00+00:00,66929.46368154936
2030-02-04 17:00:00+00:00,63319.013310397175
2030-02-04 18:00:00+00:00,61227.7258779492
2030-02-04 19:00:00+00:00,64447.480061562856
2030-02-04 20:00:00+00:00,77140.28216620517
2030-02-04 21:00:00+00:00,76315.04181500436
2030-02-04 22:00:00+00:00,76691.67801599715
2030-02-04 23:00:00+00:00,84724.63352848103
2030-02-05 00:00:00+00:00,80841.24640350658
2030-02-05 01:00:00+00:00,80759.53929499385
2030-02-05 02:00:00+00:00,91665.28258384427
2030-02-05 03:00:00+00:00,92845.99434686192
2030-02-05 04:00:00+00:00,90956.17333263514
2030-02-05 05:00:00+00:00,82888.83015006637
2030-02-05 06:00:00+00:00,66533.69158895106
2030-02-05 07:00:00+00:00,65690.57121471409
2030-02-05 08:00:00+00:00,87675.56472255781
2030-02-05 09:00:00+00:00,98773.30928607773
2030-02-05 10:00:00+00:00,101556.0273769102
2030-02-05 11:00:00+00:00,100586.02587216828
2030-02-05 12:00:00+00:00,93349.02594825736
2030-02-05 13:00:00+00:00,95070.53775772959
2030-02-05 14:00:00+00:00,98050.12533024843
2030-02-05 15:00:00+00:00,88986.8871674726
2030-02-05 16:00:00+00:00,72170.10380673318
2030-02-05 17:00:00+00:00,67279.77226344502
2030-02-05 18:00:00+00:00,61674.089161908836
2030-02-05 19:00:00+00:00,70823.60660705525
2030-02-05 20:00:00+00:00,84542.48382994154
2030-02-05 21:00:00+00:00,82308.76580860802
2030-02-05 22:00:00+00:00,83057.19708080153
2030-02-05 23:00:00+00:00,86931.17943558632
2030-02-06 00:00:00+00:00,83061.38278572612
2030-02-06 01:00:00+00:00,87936.28229328214
2030-02-06 02:00:00+00:00,98092.54782993805
2030-02-06 03:00:00+00:00,97133.00892643692
2030-02-06 04:00:00+00:00,94317.57164668516
2030-02-06 05:00:00+00:00,85759.90668559656
2030-02-06 06:00:00+00:00,68431.4581518922
2030-02-06 07:00:00+00:00,60281.85894388888
2030-02-06 08:00:00+00:00,79190.96998792622
2030-02-06 09:00:00+00:00,91366.60399265529
2030-02-06 10:00:00+00:00,95688.94971068282
2030-02-06 11:00:00+00:00,97321.94951140028
2030-02-06 12:00:00+00:00,90591.95016747397
2030-02-06 13:00:00+00:00,86267.94588374466
2030-02-06 14:00:00+00:00,93318.17687720718
2030-02-06 15:00:00+00:00,84680.14762441255
2030-02-06 16:00:00+00:00,62683.05026846097
2030-02-06 17:00:00+00:00,52212.54986498789
2030-02-06 18:00:00+00:00,42019.411933186646
2030-02-06 19:00:00+00:00,51907.433659217975
2030-02-06 20:00:00+00:00,65939.14001533749
2030-02-06 21:00:00+00:00,64621.70670220223
2030-02-06 22:00:00+00:00,61951.82717903088
2030-02-06 23:00:00+00:00,60337.47051287757
2030-02-07 00:00:00+00:00,54533.414348025035
2030-02-07 01:00:00+00:00,57222.54494074847
2030-02-07 02:00:00+00:00,65547.97227211445
2030-02-07 03:00:00+00:00,66918.98359249132
2030-02-07 04:00:00+00:00,69836.22752017755
2030-02-07 05:00:00+00:00,67816.09930811414
2030-02-07 06:00:00+00:00,50703.08604070813
2030-02-07 07:00:00+00:00,47865.97823617265
2030-02-07 08:00:00+00:00,70757.25884868478
2030-02-07 09:00:00+00:00,85910.61435424801
2030-02-07 10:00:00+00:00,85268.69193257448
2030-02-07 11:00:00+00:00,83264.69354634624
2030-02-07 12:00:00+00:00,76160.68681715167
2030-02-07 13:00:00+00:00,74331.82526336703
2030-02-07 14:00:00+00:00,70178.1891758486
2030-02-07 15:00:00+00:00,54794.44945631954
2030-02-07 16:00:00+00:00,53382.37396765056
2030-02-07 17:00:00+00:00,52399.42148695328
2030-02-07 18:00:00+00:00,45656.697089939786
2030-02-07 19:00:00+00:00,47997.32566814317
2030-02-07 20:00:00+00:00,56891.31222189639
2030-02-07 21:00:00+00:00,54600.19506366681
2030-02-07 22:00:00+00:00,53213.31646384346
2030-02-07 23:00:00+00:00,52079.67739543995
2030-02-08 00:00:00+00:00,44856.586929157354
2030-02-08 01:00:00+00:00,41777.686302948416
2030-02-08 02:00:00+00:00,49631.907741839736
2030-02-08 03:00:00+00:00,49455.23437460922
2030-02-08 04:00:00+00:00,48495.223690947605
2030-02-08 05:00:00+00:00,50396.8763760003
2030-02-08 06:00:00+00:00,43559.21614107849
2030-02-08 07:00:00+00:00,39851.220698926525
2030-02-08 08:00:00+00:00,48216.33186295788
2030-02-08 09:00:00+00:00,47689.35810464707
2030-02-08 10:00:00+00:00,47426.39355405812
2030-02-08 11:00:00+00:00,50453.3976780437
2030-02-08 12:00:00+00:00,44144.38899127398
2030-02-08 13:00:00+00:00,47468.39093101787
2030-02-08 14:00:00+00:00,56721.392169901344
2030-02-08 15:00:00+00:00,55099.392994209964
2030-02-08 16:00:00+00:00,53581.15259622673
2030-02-08 17:00:00+00:00,52623.251271785746
2030-02-08 18:00:00+00:00,42333.670622333164
2030-02-08 19:00:00+00:00,44395.57713641749
2030-02-08 20:00:00+00:00,51871.53727121608
2030-02-08 21:00:00+00:00,50990.51627278922
2030-02-08 22:00:00+00:00,49111.47672324396
2030-02-08 23:00:00+00:00,48471.0451635361
2030-02-09 00:00:00+00:00,41326.26667819025
2030-02-09 01:00:00+00:00,43469.26816630163
2030-02-09 02:00:00+00:00,52587.25084546241
2030-02-09 03:00:00+00:00,54406.906622406765
2030-02-09 04:00:00+00:00,52786.33877334149
2030-02-09 05:00:00+00:00,53106.768107645985
2030-02-09 06:00:00+00:00,45060.235981124315
2030-02-09 07:00:00+00:00,45927.49747367323
2030-02-09 08:00:00+00:00,52979.36240279091
2030-02-09 09:00:00+00:00,52423.05666654475
2030-02-09 10:00:00+00:00,53399.141093944854
2030-02-09 11:00:00+00:00,52481.17171866575
2030-02-09 12:00:00+00:00,45365.18904488439
2030-02-09 13:00:00+00:00,47311.198972333164
2030-02-09 14:00:00+00:00,55174.12939202287
2030-02-09 15:00:00+00:00,53941.12504427457
2030-02-09 16:00:00+00:00,52352.07538947746
2030-02-09 17:00:00+00:00,48443.09302872739
2030-02-09 18:00:00+00:00,40604.177316742105
2030-02-09 19:00:00+00:00,37445.543201097076
2030-02-09 20:00:00+00:00,45254.534754512315
2030-02-09 21:00:00+00:00,45011.52375700076
2030-02-09 22:00:00+00:00,43993.502282962385
2030-02-09 23:00:00+00:00,48000.607858377465
2030-02-10 00:00:00+00:00,41978.36309251532
2030-02-10 01:00:00+00:00,38115.42238153089
2030-02-10 02:00:00+00:00,46301.69054991109
2030-02-10 03:00:00+00:00,46224.5039532905
2030-02-10 04:00:00+00:00,46558.51043352586
2030-02-10 05:00:00+00:00,50831.84907733875
2030-02-10 06:00:00+00:00,45941.590747521004
2030-02-10 07:00:00+00:00,60112.494286804475
2030-02-10 08:00:00+00:00,69762.1200972871
2030-02-10 09:00:00+00:00,69189.16510034092
2030-02-10 10:00:00+00:00,67483.42216309819
2030-02-10 11:00:00+00:00,65970.38800598413
2030-02-10 12:00:00+00:00,58907.859058807844
2030-02-10 13:00:00+00:00,61454.116582025985
2030-02-10 14:00:00+00:00,69231.88763376654
2030-02-10 15:00:00+00:00,69220.39169645355
2030-02-10 16:00:00+00:00,64164.31204788289
2030-02-10 17:00:00+00:00,56483.22051268382
2030-02-10 18:00:00+00:00,51175.63149420774
2030-02-10 19:00:00+00:00,57697.65531965844
2030-02-10 20:00:00+00:00,69777.1513281155
2030-02-10 21:00:00+00:00,66874.95115348767
2030-02-10 22:00:00+00:00,63874.16996777775
2030-02-10 23:00:00+00:00,61867.42823399151
2030-02-11 00:00:00+00:00,54549.01985186101
2030-02-11 01:00:00+00:00,56716.75832061894
2030-02-11 02:00:00+00:00,64701.39198638625
2030-02-11 03:00:00+00:00,65645.36006795664
2030-02-11 04:00:00+00:00,68972.22774798643
2030-02-11 05:00:00+00:00,67479.14304820687
2030-02-11 06:00:00+00:00,51112.67087535369
2030-02-11 07:00:00+00:00,48302.260175856645
2030-02-11 08:00:00+00:00,65982.24379321512
2030-02-11 09:00:00+00:00,67708.10331031744
2030-02-11 10:00:00+00:00,66277.7337207612
2030-02-11 11:00:00+00:00,65063.6000439592
2030-02-11 12:00:00+00:00,56884.075929240134
2030-02-11 13:00:00+00:00,53922.73179304837
2030-02-11 14:00:00+00:00,62024.6889566453
2030-02-11 15:00:00+00:00,51398.100691409774
2030-02-11 16:00:00+00:00,47204.377709809225
2030-02-11 17:00:00+00:00,47989.053232293736
2030-02-11 18:00:00+00:00,42043.352939446915
2030-02-11 19:00:00+00:00,38553.335213894454
2030-02-11 20:00:00+00:00,46677.32043681638
2030-02-11 21:00:00+00:00,47096.53210627903
2030-02-11 22:00:00+00:00,45746.541636685266
2030-02-11 23:00:00+00:00,48967.018174400175
2030-02-12 00:00:00+00:00,42463.924377560164
2030-02-12 01:00:00+00:00,45225.81451402345
2030-02-12 02:00:00+00:00,55270.90076225762
2030-02-12 03:00:00+00:00,54970.340854243295
2030-02-12 04:00:00+00:00,54357.33727690556
2030-02-12 05:00:00+00:00,52762.22946434042
2030-02-12 06:00:00+00:00,45077.228869478575
2030-02-12 07:00:00+00:00,46862.23013921405
2030-02-12 08:00:00+00:00,55114.341123047125
2030-02-12 09:00:00+00:00,54868.35641180386
2030-02-12 10:00:00+00:00,54709.37061065498
2030-02-12 11:00:00+00:00,52233.378787617185
2030-02-12 12:00:00+00:00,44184.384007052184
2030-02-12 13:00:00+00:00,45720.38659001908
2030-02-12 14:00:00+00:00,56404.16350250345
2030-02-12 15:00:00+00:00,52834.46538452081
2030-02-12 16:00:00+00:00,50600.450210469215
2030-02-12 17:00:00+00:00,49167.446655138985
2030-02-12 18:00:00+00:00,42216.44212556164
2030-02-12 19:00:00+00:00,43864.43989849455
2030-02-12 20:00:00+00:00,53633.437180814966
2030-02-12 21:00:00+00:00,52646.428366890825
2030-02-12 22:00:00+00:00,51617.415578773354
2030-02-12 23:00:00+00:00,49085.27460836309
2030-02-13 00:00:00+00:00,41896.682593874895
2030-02-13 01:00:00+00:00,43344.51889065115
2030-02-13 02:00:00+00:00,53323.82058908553
2030-02-13 03:00:00+00:00,52172.41387115103
2030-02-13 04:00:00+00:00,51739.04713858733
2030-02-13 05:00:00+00:00,51565.05951581827
2030-02-13 06:00:00+00:00,43550.08389201978
2030-02-13 07:00:00+00:00,39259.172608900975
2030-02-13 08:00:00+00:00,47015.10993196311
2030-02-13 09:00:00+00:00,48510.41439995659
2030-02-13 10:00:00+00:00,47658.415700339
2030-02-13 11:00:00+00:00,48928.417639202016
2030-02-13 12:00:00+00:00,42408.41906606181
2030-02-13 13:00:00+00:00,38467.42007602116
2030-02-13 14:00:00+00:00,46551.4208634384
2030-02-13 15:00:00+00:00,46653.42211369652
2030-02-13 16:00:00+00:00,46812.416999826906
2030-02-13 17:00:00+00:00,49001.0140290567
2030-02-13 18:00:00+00:00,42538.870075161954
2030-02-13 19:00:00+00:00,45141.409145214406
2030-02-13 20:00:00+00:00,55404.40594668507
2030-02-13 21:00:00+00:00,56340.403610541376
2030-02-13 22:00:00+00:00,53883.364490023785
2030-02-13 23:00:00+00:00,51993.16968933972
2030-02-14 00:00:00+00:00,44006.989469006854
2030-02-14 01:00:00+00:00,45730.70589612407
2030-02-14 02:00:00+00:00,56272.73085907274
2030-02-14 03:00:00+00:00,57059.47405292951
2030-02-14 04:00:00+00:00,55310.475251804935
2030-02-14 05:00:00+00:00,53059.46719872456
2030-02-14 06:00:00+00:00,45617.46206443518
2030-02-14 07:00:00+00:00,46799.754255605156
2030-02-14 08:00:00+00:00,58853.46617339142
2030-02-14 09:00:00+00:00,58791.466637101184
2030-02-14 10:00:00+00:00,56445.49038591982
2030-02-14 11:00:00+00:00,56292.352463287374
2030-02-14 12:00:00+00:00,52438.475333829
2030-02-14 13:00:00+00:00,49494.13051553907
2030-02-14 14:00:00+00:00,57540.46701907967
2030-02-14 15:00:00+00:00,57830.46935833253
2030-02-14 16:00:00+00:00,56427.476868111
2030-02-14 17:00:00+00:00,52983.51262404615
2030-02-14 18:00:00+00:00,45595.60542274494
2030-02-14 19:00:00+00:00,46905.414365168144
2030-02-14 20:00:00+00:00,56055.41317097969
2030-02-14 21:00:00+00:00,56811.182664944194
2030-02-14 22:00:00+00:00,54810.29749833264
2030-02-14 23:00:00+00:00,52152.03855106211
2030-02-15 00:00:00+00:00,43900.48891996603
2030-02-15 01:00:00+00:00,40787.02203253422
2030-02-15 02:00:00+00:00,48814.89792295242
2030-02-15 03:00:00+00:00,49835.1930253338
2030-02-15 04:00:00+00:00,49039.38980047033
2030-02-15 05:00:00+00:00,48799.38825877067
2030-02-15 06:00:00+00:00,42033.388520527165
2030-02-15 07:00:00+00:00,38473.383289907004
2030-02-15 08:00:00+00:00,46501.3888845803
2030-02-15 09:00:00+00:00,46802.40206771696
2030-02-15 10:00:00+00:00,47040.40468023634
2030-02-15 11:00:00+00:00,49711.2671233895
2030-02-15 12:00:00+00:00,42563.29100928601
2030-02-15 13:00:00+00:00,45317.32169821084
2030-02-15 14:00:00+00:00,55069.20231924479
2030-02-15 15:00:00+00:00,55431.04575580732
2030-02-15 16:00:00+00:00,50431.44842411769
2030-02-15 17:00:00+00:00,48868.631714991156
2030-02-15 18:00:00+00:00,41619.34034451289
2030-02-15 19:00:00+00:00,43464.378961520146
2030-02-15 20:00:00+00:00,52996.387984176814
2030-02-15 21:00:00+00:00,52466.9010517439
2030-02-15 22:00:00+00:00,50206.0615935898
2030-02-15 23:00:00+00:00,48372.08588711704
2030-02-16 00:00:00+00:00,41213.68019687419
2030-02-16 01:00:00+00:00,42589.10818620405
2030-02-16 02:00:00+00:00,51690.08849929309
2030-02-16 03:00:00+00:00,52294.95011671831
2030-02-16 04:00:00+00:00,50917.3332892718
2030-02-16 05:00:00+00:00,50252.56228918066
2030-02-16 06:00:00+00:00,42307.052420414606
2030-02-16 07:00:00+00:00,43491.40658212867
2030-02-16 08:00:00+00:00,55492.41281751333
2030-02-16 09:00:00+00:00,55506.41664524715
2030-02-16 10:00:00+00:00,53251.45892671495
2030-02-16 11:00:00+00:00,64409.90088945694
2030-02-16 12:00:00+00:00,56910.256650927426
2030-02-16 13:00:00+00:00,57933.88802959946
2030-02-16 14:00:00+00:00,55242.46167001931
2030-02-16 15:00:00+00:00,54350.42844354685
2030-02-16 16:00:00+00:00,53455.42176164006
2030-02-16 17:00:00+00:00,52443.331498722066
2030-02-16 18:00:00+00:00,44197.41582568442
2030-02-16 19:00:00+00:00,40634.41261108522
2030-02-16 20:00:00+00:00,48403.40929664205
2030-02-16 21:00:00+00:00,48879.27481574252
2030-02-16 22:00:00+00:00,46562.388963643214
2030-02-16 23:00:00+00:00,47745.70597933752
2030-02-17 00:00:00+00:00,41620.559293865284
2030-02-17 01:00:00+00:00,38051.00578459547
2030-02-17 02:00:00+00:00,46067.6841656688
2030-02-17 03:00:00+00:00,45815.39229955608
2030-02-17 04:00:00+00:00,45802.39069260894
2030-02-17 05:00:00+00:00,49635.38881405985
2030-02-17 06:00:00+00:00,42660.38752136599
2030-02-17 07:00:00+00:00,45167.38739641382
2030-02-17 08:00:00+00:00,70131.60884421696
2030-02-17 09:00:00+00:00,70061.27423486093
2030-02-17 10:00:00+00:00,68510.79355343383
2030-02-17 11:00:00+00:00,73494.93472582947
2030-02-17 12:00:00+00:00,73008.7024092643
2030-02-17 13:00:00+00:00,72372.98305920794
2030-02-17 14:00:00+00:00,70853.61543500537
2030-02-17 15:00:00+00:00,71777.80116843543
2030-02-17 16:00:00+00:00,58883.76342052488
2030-02-17 17:00:00+00:00,58924.792109864575
2030-02-17 18:00:00+00:00,50893.668077998474
2030-02-17 19:00:00+00:00,51729.39987707018
2030-02-17 20:00:00+00:00,60775.68785819091
2030-02-17 21:00:00+00:00,59209.677338874935
2030-02-17 22:00:00+00:00,56456.962256642066
2030-02-17 23:00:00+00:00,54767.15469919026
2030-02-18 00:00:00+00:00,46845.58188956069
2030-02-18 01:00:00+00:00,47786.5991987182
2030-02-18 02:00:00+00:00,58270.19184595507
2030-02-18 03:00:00+00:00,61101.17431311475
2030-02-18 04:00:00+00:00,63334.76907907907
2030-02-18 05:00:00+00:00,60996.687254202974
2030-02-18 06:00:00+00:00,52055.8566791072
2030-02-18 07:00:00+00:00,50450.933869486835
2030-02-18 08:00:00+00:00,69457.5227689746
2030-02-18 09:00:00+00:00,69961.74843505994
2030-02-18 10:00:00+00:00,66887.95581884639
2030-02-18 11:00:00+00:00,79288.4971841225
2030-02-18 12:00:00+00:00,71385.7238751199
2030-02-18 13:00:00+00:00,57476.56764508078
2030-02-18 14:00:00+00:00,61845.39670017113
2030-02-18 15:00:00+00:00,56687.32772143213
2030-02-18 16:00:00+00:00,48390.3840270159
2030-02-18 17:00:00+00:00,49537.3590153171
2030-02-18 18:00:00+00:00,42977.34018892888
2030-02-18 19:00:00+00:00,39114.29178278926
2030-02-18 20:00:00+00:00,47405.22138736294
2030-02-18 21:00:00+00:00,46964.744578368656
2030-02-18 22:00:00+00:00,47150.803688690234
2030-02-18 23:00:00+00:00,49208.336031940424
2030-02-19 00:00:00+00:00,39591.90584896233
2030-02-19 01:00:00+00:00,41423.97742436415
2030-02-19 02:00:00+00:00,53163.287418512075
2030-02-19 03:00:00+00:00,54550.52128594547
2030-02-19 04:00:00+00:00,52925.00168550128
2030-02-19 05:00:00+00:00,51367.02595668382
2030-02-19 06:00:00+00:00,42792.576888601165
2030-02-19 07:00:00+00:00,43458.10491684814
2030-02-19 08:00:00+00:00,52555.55366910597
2030-02-19 09:00:00+00:00,55425.4458832694
2030-02-19 10:00:00+00:00,68723.51553065296
2030-02-19 11:00:00+00:00,82234.61152766689
2030-02-19 12:00:00+00:00,76244.7020684885
2030-02-19 13:00:00+00:00,62712.03001702643
2030-02-19 14:00:00+00:00,56775.45870568325
2030-02-19 15:00:00+00:00,57753.43182096781
2030-02-19 16:00:00+00:00,56301.42188756936
2030-02-19 17:00:00+00:00,53669.66426191352
2030-02-19 18:00:00+00:00,45402.53036176741
2030-02-19 19:00:00+00:00,47436.41310336007
2030-02-19 20:00:00+00:00,57718.409708441504
2030-02-19 21:00:00+00:00,59418.22109974387
2030-02-19 22:00:00+00:00,58079.83859737375
2030-02-19 23:00:00+00:00,55472.01473967371
2030-02-20 00:00:00+00:00,46778.06924089239
2030-02-20 01:00:00+00:00,47631.014956042025
2030-02-20 02:00:00+00:00,57928.05600759188
2030-02-20 03:00:00+00:00,59507.234015819035
2030-02-20 04:00:00+00:00,57335.3923462353
2030-02-20 05:00:00+00:00,55340.38691740786
2030-02-20 06:00:00+00:00,46225.386333612914
2030-02-20 07:00:00+00:00,43037.38188473531
2030-02-20 08:00:00+00:00,65859.99560909485
2030-02-20 09:00:00+00:00,71664.53706762682
2030-02-20 10:00:00+00:00,89331.52519620233
2030-02-20 11:00:00+00:00,99341.57284636868
2030-02-20 12:00:00+00:00,87442.07185989959
2030-02-20 13:00:00+00:00,69274.06077672102
2030-02-20 14:00:00+00:00,60049.70483450694
2030-02-20 15:00:00+00:00,60663.620624579606
2030-02-20 16:00:00+00:00,60492.68005659175
2030-02-20 17:00:00+00:00,48800.16214983145
2030-02-20 18:00:00+00:00,44418.91226800458
2030-02-20 19:00:00+00:00,53507.15412976613
2030-02-20 20:00:00+00:00,67914.35961113294
2030-02-20 21:00:00+00:00,66514.25640882834
2030-02-20 22:00:00+00:00,63221.2526818085
2030-02-20 23:00:00+00:00,61417.04346618414
2030-02-21 00:00:00+00:00,55278.429094147854
2030-02-21 01:00:00+00:00,56728.25472682488
2030-02-21 02:00:00+00:00,67671.43913048823
2030-02-21 03:00:00+00:00,71052.16749247929
2030-02-21 04:00:00+00:00,73672.7919462627
2030-02-21 05:00:00+00:00,71057.7346566628
2030-02-21 06:00:00+00:00,53386.98377472104
2030-02-21 07:00:00+00:00,51806.644750195155
2030-02-21 08:00:00+00:00,74273.09866420069
2030-02-21 09:00:00+00:00,90420.93606965023
2030-02-21 10:00:00+00:00,47091.86151774051
2030-02-21 11:00:00+00:00,93995.38759115155
2030-02-21 12:00:00+00:00,77762.83493386448
2030-02-21 13:00:00+00:00,78779.13337553952
2030-02-21 14:00:00+00:00,81739.2992284682
2030-02-21 15:00:00+00:00,73322.29319857688
2030-02-21 16:00:00+00:00,71848.06898712058
2030-02-21 17:00:00+00:00,53936.09140868026
2030-02-21 18:00:00+00:00,46267.54167486143
2030-02-21 19:00:00+00:00,52679.87466842218
2030-02-21 20:00:00+00:00,67417.47587790687
2030-02-21 21:00:00+00:00,66517.70303176681
2030-02-21 22:00:00+00:00,65993.8067783895
2030-02-21 23:00:00+00:00,63638.72355114673
2030-02-22 00:00:00+00:00,57095.24452551978
2030-02-22 01:00:00+00:00,54354.52713400797
2030-02-22 02:00:00+00:00,63197.78917118773
2030-02-22 03:00:00+00:00,67268.02933912372
2030-02-22 04:00:00+00:00,71250.77185364504
2030-02-22 05:00:00+00:00,69365.41350299821
2030-02-22 06:00:00+00:00,53341.94601515947
2030-02-22 07:00:00+00:00,47135.26451725681
2030-02-22 08:00:00+00:00,66733.63419953952
2030-02-22 09:00:00+00:00,82820.35189338251
2030-02-22 10:00:00+00:00,86094.13989243614
2030-02-22 11:00:00+00:00,87730.32251230624
2030-02-22 12:00:00+00:00,76206.1813598752
2030-02-22 13:00:00+00:00,77633.05084794847
2030-02-22 14:00:00+00:00,79232.06542585226
2030-02-22 15:00:00+00:00,76465.98830033632
2030-02-22 16:00:00+00:00,72173.71314880709
2030-02-22 17:00:00+00:00,53376.89361514211
2030-02-22 18:00:00+00:00,46887.493979006
2030-02-22 19:00:00+00:00,53465.0296570424
2030-02-22 20:00:00+00:00,65436.46724994953
2030-02-22 21:00:00+00:00,65894.10704338134
2030-02-22 22:00:00+00:00,61837.16597645592
2030-02-22 23:00:00+00:00,58355.30735231813
2030-02-23 00:00:00+00:00,50179.90313136736
2030-02-23 01:00:00+00:00,50878.200767922186
2030-02-23 02:00:00+00:00,64080.67814074302
2030-02-23 03:00:00+00:00,72901.40226124477
2030-02-23 04:00:00+00:00,78052.80581002624
2030-02-23 05:00:00+00:00,76466.1642218837
2030-02-23 06:00:00+00:00,65636.906152643
2030-02-23 07:00:00+00:00,65115.41627980869
2030-02-23 08:00:00+00:00,78044.09668484952
2030-02-23 09:00:00+00:00,78730.26891334931
2030-02-23 10:00:00+00:00,75685.0852066014
2030-02-23 11:00:00+00:00,73186.58656279212
2030-02-23 12:00:00+00:00,64273.38896703168
2030-02-23 13:00:00+00:00,65058.70472866727
2030-02-23 14:00:00+00:00,74732.99865612134
2030-02-23 15:00:00+00:00,75823.68594218465
2030-02-23 16:00:00+00:00,65266.470885972056
2030-02-23 17:00:00+00:00,56790.1626276952
2030-02-23 18:00:00+00:00,50862.468570340745
2030-02-23 19:00:00+00:00,53686.25871179555
2030-02-23 20:00:00+00:00,57802.06396018257
2030-02-23 21:00:00+00:00,55392.56054726034
2030-02-23 22:00:00+00:00,52790.561513166525
2030-02-23 23:00:00+00:00,52758.81408000525
2030-02-24 00:00:00+00:00,44686.236071343235
2030-02-24 01:00:00+00:00,42031.104767371915
2030-02-24 02:00:00+00:00,49978.12427291374
2030-02-24 03:00:00+00:00,57491.41437209541
2030-02-24 04:00:00+00:00,64047.900869182326
2030-02-24 05:00:00+00:00,69383.41475222811
2030-02-24 06:00:00+00:00,60106.13386140562
2030-02-24 07:00:00+00:00,57619.86834018535
2030-02-24 08:00:00+00:00,71523.30653480852
2030-02-24 09:00:00+00:00,72833.10005528235
2030-02-24 10:00:00+00:00,71150.3581252868
2030-02-24 11:00:00+00:00,69963.48697111905
2030-02-24 12:00:00+00:00,61031.97902711746
2030-02-24 13:00:00+00:00,61380.27243374347
2030-02-24 14:00:00+00:00,70713.08168898715
2030-02-24 15:00:00+00:00,72879.57462063222
2030-02-24 16:00:00+00:00,72115.88100383927
2030-02-24 17:00:00+00:00,56524.59190163434
2030-02-24 18:00:00+00:00,49190.03630201081
2030-02-24 19:00:00+00:00,53339.98792157682
2030-02-24 20:00:00+00:00,60261.6964259925
2030-02-24 21:00:00+00:00,58200.85567942505
2030-02-24 22:00:00+00:00,55260.83855638281
2030-02-24 23:00:00+00:00,53836.2186789175
2030-02-25 00:00:00+00:00,45082.70854220586
2030-02-25 01:00:00+00:00,45754.91504398736
2030-02-25 02:00:00+00:00,55385.78934279329
2030-02-25 03:00:00+00:00,59346.43805989355
2030-02-25 04:00:00+00:00,65936.01774808316
2030-02-25 05:00:00+00:00,68919.81563613017
2030-02-25 06:00:00+00:00,51999.475249548304
2030-02-25 07:00:00+00:00,48704.00967307374
2030-02-25 08:00:00+00:00,64656.65679087699
2030-02-25 09:00:00+00:00,65029.61038840641
2030-02-25 10:00:00+00:00,63645.41914049168
2030-02-25 11:00:00+00:00,62800.70467109229
2030-02-25 12:00:00+00:00,53950.749357875946
2030-02-25 13:00:00+00:00,51509.45693898437
2030-02-25 14:00:00+00:00,59316.952294782954
2030-02-25 15:00:00+00:00,61693.12163933859
2030-02-25 16:00:00+00:00,51333.43665887461
2030-02-25 17:00:00+00:00,49934.53056392788
2030-02-25 18:00:00+00:00,43088.435697919944
2030-02-25 19:00:00+00:00,40001.434560232905
2030-02-25 20:00:00+00:00,47459.4342305285
2030-02-25 21:00:00+00:00,49419.43281771285
2030-02-25 22:00:00+00:00,49853.43160587527
2030-02-25 23:00:00+00:00,51854.945248549615
2030-02-26 00:00:00+00:00,43365.801889330956
2030-02-26 01:00:00+00:00,44164.102198861
2030-02-26 02:00:00+00:00,54183.41921380575
2030-02-26 03:00:00+00:00,57132.42976845185
2030-02-26 04:00:00+00:00,56574.797873188545
2030-02-26 05:00:00+00:00,57146.74019817229
2030-02-26 06:00:00+00:00,46926.76465744471
2030-02-26 07:00:00+00:00,45591.42399319521
2030-02-26 08:00:00+00:00,54101.435414499625
2030-02-26 09:00:00+00:00,55960.43788628231
2030-02-26 10:00:00+00:00,54210.50330092356
2030-02-26 11:00:00+00:00,52560.52501836038
2030-02-26 12:00:00+00:00,44459.48178372998
2030-02-26 13:00:00+00:00,44786.46520425899
2030-02-26 14:00:00+00:00,52575.444073046325
2030-02-26 15:00:00+00:00,53930.44520516497
2030-02-26 16:00:00+00:00,51984.3844639046
2030-02-26 17:00:00+00:00,50926.57417984785
2030-02-26 18:00:00+00:00,43249.37034146741
2030-02-26 19:00:00+00:00,41047.361606622464
2030-02-26 20:00:00+00:00,47282.31294419878
2030-02-26 21:00:00+00:00,47716.288984201485
2030-02-26 22:00:00+00:00,47397.16253962734
2030-02-26 23:00:00+00:00,49342.86405342964
2030-02-27 00:00:00+00:00,42110.424711027095
2030-02-27 01:00:00+00:00,42155.75821286727
2030-02-27 02:00:00+00:00,49835.80678748616
2030-02-27 03:00:00+00:00,51312.21748915677
2030-02-27 04:00:00+00:00,50639.30414116655
2030-02-27 05:00:00+00:00,50326.29238282073
2030-02-27 06:00:00+00:00,42813.29673656215
2030-02-27 07:00:00+00:00,41028.30472851376
2030-02-27 08:00:00+00:00,47931.36625063421
2030-02-27 09:00:00+00:00,49013.37768816238
2030-02-27 10:00:00+00:00,48189.378952114384
2030-02-27 11:00:00+00:00,48578.386654458525
2030-02-27 12:00:00+00:00,41496.400972302035
2030-02-27 13:00:00+00:00,38555.40799310579
2030-02-27 14:00:00+00:00,44798.40495593374
2030-02-27 15:00:00+00:00,45696.39650592512
2030-02-27 16:00:00+00:00,45460.37785739653
2030-02-27 17:00:00+00:00,47260.57911301559
2030-02-27 18:00:00+00:00,40494.13384153111
2030-02-27 19:00:00+00:00,42524.33993522828
2030-02-27 20:00:00+00:00,51575.31642326864
2030-02-27 21:00:00+00:00,52571.169314750325
2030-02-27 22:00:00+00:00,51471.12732834856
2030-02-27 23:00:00+00:00,50526.33503212828
2030-02-28 00:00:00+00:00,43057.40265757917
2030-02-28 01:00:00+00:00,43985.13018710212
2030-02-28 02:00:00+00:00,52626.64440521812
2030-02-28 03:00:00+00:00,53710.19244510031
2030-02-28 04:00:00+00:00,52332.28422329576
2030-02-28 05:00:00+00:00,50673.26679141474
2030-02-28 06:00:00+00:00,43279.25543544794
2030-02-28 07:00:00+00:00,44437.26181790333
2030-02-28 08:00:00+00:00,52444.331950798034
2030-02-28 09:00:00+00:00,53120.36388361088
2030-02-28 10:00:00+00:00,51662.40323953314
2030-02-28 11:00:00+00:00,51526.42473195426
2030-02-28 12:00:00+00:00,44292.40784893381
2030-02-28 13:00:00+00:00,45395.40946151892
2030-02-28 14:00:00+00:00,52790.39746978286
2030-02-28 15:00:00+00:00,54072.39746117794
2030-02-28 16:00:00+00:00,52700.36177009408
2030-02-28 17:00:00+00:00,50866.21009749578
2030-02-28 18:00:00+00:00,43293.387672722434
2030-02-28 19:00:00+00:00,44671.24122830053
2030-02-28 20:00:00+00:00,53102.18337058832
2030-02-28 21:00:00+00:00,53719.769846023206
2030-02-28 22:00:00+00:00,52468.24834408543
2030-02-28 23:00:00+00:00,49373.89156745043
2030-03-01 00:00:00+00:00,41951.75812897974
2030-03-01 01:00:00+00:00,43365.57636905746
2030-03-01 02:00:00+00:00,54319.444463260355
2030-03-01 03:00:00+00:00,58429.57385251687
2030-03-01 04:00:00+00:00,56195.60748873771
2030-03-01 05:00:00+00:00,53604.35875483594
2030-03-01 06:00:00+00:00,44687.33675880233
2030-03-01 07:00:00+00:00,45593.546091699805
2030-03-01 08:00:00+00:00,57467.213210693466
2030-03-01 09:00:00+00:00,59525.286165026555
2030-03-01 10:00:00+00:00,56578.337781731025
2030-03-01 11:00:00+00:00,53816.355905236596
2030-03-01 12:00:00+00:00,45777.36764060388
2030-03-01 13:00:00+00:00,47564.373355262505
2030-03-01 14:00:00+00:00,56419.37601587738
2030-03-01 15:00:00+00:00,57138.37593069635
2030-03-01 16:00:00+00:00,55206.34506700777
2030-03-01 17:00:00+00:00,52285.089913879056
2030-03-01 18:00:00+00:00,44016.18288811963
2030-03-01 19:00:00+00:00,42513.26102913706
2030-03-01 20:00:00+00:00,49975.22989489037
2030-03-01 21:00:00+00:00,50893.682567044554
2030-03-01 22:00:00+00:00,50115.585217592765
2030-03-01 23:00:00+00:00,49463.284642591265
2030-03-02 00:00:00+00:00,42762.636281703824
2030-03-02 01:00:00+00:00,40161.3369510648
2030-03-02 02:00:00+00:00,47852.61723920972
2030-03-02 03:00:00+00:00,49159.99190069195
2030-03-02 04:00:00+00:00,49004.198526234286
2030-03-02 05:00:00+00:00,48474.12383794355
2030-03-02 06:00:00+00:00,40714.48418937776
2030-03-02 07:00:00+00:00,43584.270513122436
2030-03-02 08:00:00+00:00,56125.22756638745
2030-03-02 09:00:00+00:00,57776.29026377458
2030-03-02 10:00:00+00:00,55926.331640080934
2030-03-02 11:00:00+00:00,53026.3496826488
2030-03-02 12:00:00+00:00,45367.36058863352
2030-03-02 13:00:00+00:00,48303.36727000145
2030-03-02 14:00:00+00:00,56751.37169411621
2030-03-02 15:00:00+00:00,56792.37247431244
2030-03-02 16:00:00+00:00,51707.567941564805
2030-03-02 17:00:00+00:00,48871.53055938298
2030-03-02 18:00:00+00:00,41193.49073662391
2030-03-02 19:00:00+00:00,44672.473028483975
2030-03-02 20:00:00+00:00,52968.461318600224
2030-03-02 21:00:00+00:00,53277.44408018262
2030-03-02 22:00:00+00:00,51742.29229377987
2030-03-02 23:00:00+00:00,48203.09155427128
2030-03-03 00:00:00+00:00,40805.056150571174
2030-03-03 01:00:00+00:00,43955.18313879829
2030-03-03 02:00:00+00:00,52921.60887326908
2030-03-03 03:00:00+00:00,52384.59589271192
2030-03-03 04:00:00+00:00,51305.84338733359
2030-03-03 05:00:00+00:00,49717.41770803679
2030-03-03 06:00:00+00:00,41754.90537217545
2030-03-03 07:00:00+00:00,44389.538835978434
2030-03-03 08:00:00+00:00,56479.45738232711
2030-03-03 09:00:00+00:00,55471.46596857222
2030-03-03 10:00:00+00:00,63270.73831381391
2030-03-03 11:00:00+00:00,72107.64507017362
2030-03-03 12:00:00+00:00,71113.42993802081
2030-03-03 13:00:00+00:00,67638.59661365833
2030-03-03 14:00:00+00:00,61795.01784827594
2030-03-03 15:00:00+00:00,50187.47157300761
2030-03-03 16:00:00+00:00,49248.45988457239
2030-03-03 17:00:00+00:00,48933.423468805944
2030-03-03 18:00:00+00:00,41811.42359278734
2030-03-03 19:00:00+00:00,39414.46257172715
2030-03-03 20:00:00+00:00,46244.46028150912
2030-03-03 21:00:00+00:00,47278.45865802362
2030-03-03 22:00:00+00:00,47664.83700257632
2030-03-03 23:00:00+00:00,47646.34801491854
2030-03-04 00:00:00+00:00,40638.4362776221
2030-03-04 01:00:00+00:00,44872.16653037441
2030-03-04 02:00:00+00:00,55062.496468110025
2030-03-04 03:00:00+00:00,54620.940109528
2030-03-04 04:00:00+00:00,53619.45650056324
2030-03-04 05:00:00+00:00,51335.45621721479
2030-03-04 06:00:00+00:00,44005.45601445287
2030-03-04 07:00:00+00:00,47560.455634592654
2030-03-04 08:00:00+00:00,82694.9037175577
2030-03-04 09:00:00+00:00,80657.56113006754
2030-03-04 10:00:00+00:00,96323.85647993078
2030-03-04 11:00:00+00:00,99052.9083595503
2030-03-04 12:00:00+00:00,92108.4707162636
2030-03-04 13:00:00+00:00,95018.74196682291
2030-03-04 14:00:00+00:00,83853.41839329718
2030-03-04 15:00:00+00:00,81846.3628451485
2030-03-04 16:00:00+00:00,64433.58634157502
2030-03-04 17:00:00+00:00,55925.36792658697
2030-03-04 18:00:00+00:00,49988.499102875845
2030-03-04 19:00:00+00:00,59309.10573163643
2030-03-04 20:00:00+00:00,64939.652633761885
2030-03-04 21:00:00+00:00,60335.3500970669
2030-03-04 22:00:00+00:00,58844.423295682645
2030-03-04 23:00:00+00:00,55301.18533329021
2030-03-05 00:00:00+00:00,45840.674321313054
2030-03-05 01:00:00+00:00,50690.848252776115
2030-03-05 02:00:00+00:00,59394.07063524241
2030-03-05 03:00:00+00:00,57188.74621143279
2030-03-05 04:00:00+00:00,60780.32855006219
2030-03-05 05:00:00+00:00,61502.377029312804
2030-03-05 06:00:00+00:00,50368.06373212927
2030-03-05 07:00:00+00:00,48484.63474123222
2030-03-05 08:00:00+00:00,62829.67187338518
2030-03-05 09:00:00+00:00,68044.61133963936
2030-03-05 10:00:00+00:00,66441.29685872034
2030-03-05 11:00:00+00:00,69623.88613671064
2030-03-05 12:00:00+00:00,60868.39908057603
2030-03-05 13:00:00+00:00,57260.40221547584
2030-03-05 14:00:00+00:00,54471.544898092034
2030-03-05 15:00:00+00:00,50039.80070326124
2030-03-05 16:00:00+00:00,46967.94781932203
2030-03-05 17:00:00+00:00,49154.99574612265
2030-03-05 18:00:00+00:00,43442.68718744635
2030-03-05 19:00:00+00:00,48278.50311524608
2030-03-05 20:00:00+00:00,54946.85493986879
2030-03-05 21:00:00+00:00,52756.07565196136
2030-03-05 22:00:00+00:00,51578.100077770905
2030-03-05 23:00:00+00:00,50208.891769182716
2030-03-06 00:00:00+00:00,42945.81490473492
2030-03-06 01:00:00+00:00,47072.97740564727
2030-03-06 02:00:00+00:00,55077.332438698155
2030-03-06 03:00:00+00:00,53919.78302423997
2030-03-06 04:00:00+00:00,54183.65978577872
2030-03-06 05:00:00+00:00,52166.28873451633
2030-03-06 06:00:00+00:00,44709.122010401
2030-03-06 07:00:00+00:00,48232.20772077364
2030-03-06 08:00:00+00:00,55656.85067269533
2030-03-06 09:00:00+00:00,54531.821504846754
2030-03-06 10:00:00+00:00,53689.370465985754
2030-03-06 11:00:00+00:00,51892.77844708427
2030-03-06 12:00:00+00:00,44770.39161452152
2030-03-06 13:00:00+00:00,48151.10761774528
2030-03-06 14:00:00+00:00,54764.31334537994
2030-03-06 15:00:00+00:00,53827.30805027968
2030-03-06 16:00:00+00:00,53053.21140967419
2030-03-06 17:00:00+00:00,50123.21750316242
2030-03-06 18:00:00+00:00,44117.96519222552
2030-03-06 19:00:00+00:00,47932.442947105745
2030-03-06 20:00:00+00:00,54102.159564288915
2030-03-06 21:00:00+00:00,52642.947906068744
2030-03-06 22:00:00+00:00,50796.19081609988
2030-03-06 23:00:00+00:00,49216.0361025728
2030-03-07 00:00:00+00:00,41219.82257703671
2030-03-07 01:00:00+00:00,39742.67862499739
2030-03-07 02:00:00+00:00,46451.24296344229
2030-03-07 03:00:00+00:00,48085.55672769401
2030-03-07 04:00:00+00:00,47545.51958917685
2030-03-07 05:00:00+00:00,47553.09099087192
2030-03-07 06:00:00+00:00,41103.13516457737
2030-03-07 07:00:00+00:00,38598.062977801426
2030-03-07 08:00:00+00:00,46658.34005763636
2030-03-07 09:00:00+00:00,46335.09721395816
2030-03-07 10:00:00+00:00,46612.58412501981
2030-03-07 11:00:00+00:00,46624.96034673047
2030-03-07 12:00:00+00:00,40416.08681618512
2030-03-07 13:00:00+00:00,44732.66265339048
2030-03-07 14:00:00+00:00,52952.07836737402
2030-03-07 15:00:00+00:00,52469.65013831914
2030-03-07 16:00:00+00:00,52201.146990998786
2030-03-07 17:00:00+00:00,49934.561271484934
2030-03-07 18:00:00+00:00,42750.26146790288
2030-03-07 19:00:00+00:00,46372.497856204194
2030-03-07 20:00:00+00:00,53803.32967649947
2030-03-07 21:00:00+00:00,52348.102100654745
2030-03-07 22:00:00+00:00,51503.65515865747
2030-03-07 23:00:00+00:00,48971.94337099395
2030-03-08 00:00:00+00:00,42185.84502089441
2030-03-08 01:00:00+00:00,46018.61972611518
2030-03-08 02:00:00+00:00,53699.730416135746
2030-03-08 03:00:00+00:00,55638.09943429771
2030-03-08 04:00:00+00:00,59062.711756694844
2030-03-08 05:00:00+00:00,58274.12064703786
2030-03-08 06:00:00+00:00,49165.27915780911
2030-03-08 07:00:00+00:00,50529.941346657666
2030-03-08 08:00:00+00:00,57501.786051980154
2030-03-08 09:00:00+00:00,55280.095594308674
2030-03-08 10:00:00+00:00,53659.19676499135
2030-03-08 11:00:00+00:00,50884.87012792862
2030-03-08 12:00:00+00:00,44130.101349995115
2030-03-08 13:00:00+00:00,47391.720750606626
2030-03-08 14:00:00+00:00,54895.64302054748
2030-03-08 15:00:00+00:00,52552.720213434644
2030-03-08 16:00:00+00:00,51833.73991064
2030-03-08 17:00:00+00:00,51081.020214788434
2030-03-08 18:00:00+00:00,43661.966208159014
2030-03-08 19:00:00+00:00,42427.210258322615
2030-03-08 20:00:00+00:00,49374.79506815961
2030-03-08 21:00:00+00:00,46879.30887340475
2030-03-08 22:00:00+00:00,46563.95814456868
2030-03-08 23:00:00+00:00,48873.59743989225
2030-03-09 00:00:00+00:00,43842.11865566459
2030-03-09 01:00:00+00:00,42679.8193501726
2030-03-09 02:00:00+00:00,51425.489240271534
2030-03-09 03:00:00+00:00,52799.92670653981
2030-03-09 04:00:00+00:00,58452.99193378787
2030-03-09 05:00:00+00:00,59839.077255480515
2030-03-09 06:00:00+00:00,53042.868324219926
2030-03-09 07:00:00+00:00,56921.10306876348
2030-03-09 08:00:00+00:00,63733.64417848039
2030-03-09 09:00:00+00:00,60986.29176280585
2030-03-09 10:00:00+00:00,59760.277433806375
2030-03-09 11:00:00+00:00,61812.62051923889
2030-03-09 12:00:00+00:00,59930.50464745389
2030-03-09 13:00:00+00:00,61617.02522816918
2030-03-09 14:00:00+00:00,57902.00058658347
2030-03-09 15:00:00+00:00,58279.46231630958
2030-03-09 16:00:00+00:00,58987.56395217128
2030-03-09 17:00:00+00:00,58190.61684949298
2030-03-09 18:00:00+00:00,51581.14066790203
2030-03-09 19:00:00+00:00,55237.77193520189
2030-03-09 20:00:00+00:00,62089.14060702101
2030-03-09 21:00:00+00:00,56878.9447955199
2030-03-09 22:00:00+00:00,55642.947934302494
2030-03-09 23:00:00+00:00,53179.00046639806
2030-03-10 00:00:00+00:00,48919.37396105237
2030-03-10 01:00:00+00:00,53596.7385932949
2030-03-10 02:00:00+00:00,62580.70538310961
2030-03-10 03:00:00+00:00,65217.83183450645
2030-03-10 04:00:00+00:00,67600.08487095777
2030-03-10 05:00:00+00:00,65756.83492291044
2030-03-10 06:00:00+00:00,58982.97977667162
2030-03-10 07:00:00+00:00,63636.66413216011
2030-03-10 08:00:00+00:00,70543.89379970712
2030-03-10 09:00:00+00:00,75661.55838530196
2030-03-10 10:00:00+00:00,89802.66752047905
2030-03-10 11:00:00+00:00,90383.65126627027
2030-03-10 12:00:00+00:00,71366.17657884973
2030-03-10 13:00:00+00:00,56271.481708203064
2030-03-10 14:00:00+00:00,61940.1586360278
2030-03-10 15:00:00+00:00,60265.64438590272
2030-03-10 16:00:00+00:00,59733.67345883754
2030-03-10 17:00:00+00:00,60476.56012970486
2030-03-10 18:00:00+00:00,55209.35680988773
2030-03-10 19:00:00+00:00,52695.01980266255
2030-03-10 20:00:00+00:00,59641.502292235826
2030-03-10 21:00:00+00:00,56283.577048982625
2030-03-10 22:00:00+00:00,53468.4916389853
2030-03-10 23:00:00+00:00,51878.101159470156
2030-03-11 00:00:00+00:00,50017.56133239374
2030-03-11 01:00:00+00:00,55031.497485463304
2030-03-11 02:00:00+00:00,66161.5217864808
2030-03-11 03:00:00+00:00,67304.5729683006
2030-03-11 04:00:00+00:00,70149.58028818948
2030-03-11 05:00:00+00:00,66839.62764482952
2030-03-11 06:00:00+00:00,56999.90926296811
2030-03-11 07:00:00+00:00,62640.13544032443
2030-03-11 08:00:00+00:00,70305.50046598393
2030-03-11 09:00:00+00:00,67511.27957010374
2030-03-11 10:00:00+00:00,66547.16387885786
2030-03-11 11:00:00+00:00,71970.0993140571
2030-03-11 12:00:00+00:00,57087.00526555952
2030-03-11 13:00:00+00:00,60624.390461517745
2030-03-11 14:00:00+00:00,69252.25561456464
2030-03-11 15:00:00+00:00,77805.06351958917
2030-03-11 16:00:00+00:00,69419.26357651918
2030-03-11 17:00:00+00:00,55670.25009319831
2030-03-11 18:00:00+00:00,50195.63995660764
2030-03-11 19:00:00+00:00,60961.20804853151
2030-03-11 20:00:00+00:00,68542.09437531744
2030-03-11 21:00:00+00:00,65227.71633576803
2030-03-11 22:00:00+00:00,63442.30483029726
2030-03-11 23:00:00+00:00,59909.357675837
2030-03-12 00:00:00+00:00,57271.457735212774
2030-03-12 01:00:00+00:00,62278.09422256662
2030-03-12 02:00:00+00:00,70752.00093239605
2030-03-12 03:00:00+00:00,69043.75638222782
2030-03-12 04:00:00+00:00,71785.35663932908
2030-03-12 05:00:00+00:00,72134.00568580496
2030-03-12 06:00:00+00:00,58958.639834261645
2030-03-12 07:00:00+00:00,58730.92449182755
2030-03-12 08:00:00+00:00,69263.18366824287
2030-03-12 09:00:00+00:00,67769.41320324152
2030-03-12 10:00:00+00:00,70890.80045221817
2030-03-12 11:00:00+00:00,79248.33327586295
2030-03-12 12:00:00+00:00,70561.46210880889
2030-03-12 13:00:00+00:00,68861.35736951671
2030-03-12 14:00:00+00:00,71608.05727190676
2030-03-12 15:00:00+00:00,63035.41997851907
2030-03-12 16:00:00+00:00,65024.1353803095
2030-03-12 17:00:00+00:00,51475.11347204326
2030-03-12 18:00:00+00:00,46011.65701793664
2030-03-12 19:00:00+00:00,50924.64848663467
2030-03-12 20:00:00+00:00,59663.64889763565
2030-03-12 21:00:00+00:00,57255.63556634294
2030-03-12 22:00:00+00:00,57648.069213385636
2030-03-12 23:00:00+00:00,54133.30813048918
2030-03-13 00:00:00+00:00,47396.631673703516
2030-03-13 01:00:00+00:00,51194.63185163254
2030-03-13 02:00:00+00:00,58727.646354957855
2030-03-13 03:00:00+00:00,56928.658977621155
2030-03-13 04:00:00+00:00,58132.19204900568
2030-03-13 05:00:00+00:00,57026.81303548683
2030-03-13 06:00:00+00:00,48643.71597240866
2030-03-13 07:00:00+00:00,49896.63953416968
2030-03-13 08:00:00+00:00,57306.212263300324
2030-03-13 09:00:00+00:00,58764.5299378795
2030-03-13 10:00:00+00:00,63007.10953311919
2030-03-13 11:00:00+00:00,59117.10344868766
2030-03-13 12:00:00+00:00,51946.08211526482
2030-03-13 13:00:00+00:00,55313.19216587015
2030-03-13 14:00:00+00:00,63697.11391007411
2030-03-13 15:00:00+00:00,63918.10521893051
2030-03-13 16:00:00+00:00,63665.12598098183
2030-03-13 17:00:00+00:00,53923.23224232324
2030-03-13 18:00:00+00:00,47052.42575927695
2030-03-13 19:00:00+00:00,50920.42433016007
2030-03-13 20:00:00+00:00,59008.41804254481
2030-03-13 21:00:00+00:00,57408.41642261272
2030-03-13 22:00:00+00:00,56483.41313610467
2030-03-13 23:00:00+00:00,54017.96806315751
2030-03-14 00:00:00+00:00,46360.457769662564
2030-03-14 01:00:00+00:00,44828.886633351285
2030-03-14 02:00:00+00:00,52590.395901548916
2030-03-14 03:00:00+00:00,51399.412274238966
2030-03-14 04:00:00+00:00,51462.42632033889
2030-03-14 05:00:00+00:00,53115.36539007861
2030-03-14 06:00:00+00:00,45973.187910470864
2030-03-14 07:00:00+00:00,42756.41734492637
2030-03-14 08:00:00+00:00,49327.4628149781
2030-03-14 09:00:00+00:00,48902.48360782447
2030-03-14 10:00:00+00:00,49726.498676827905
2030-03-14 11:00:00+00:00,51057.53893281293
2030-03-14 12:00:00+00:00,44424.50037447529
2030-03-14 13:00:00+00:00,53794.7974797395
2030-03-14 14:00:00+00:00,57915.49386716441
2030-03-14 15:00:00+00:00,57529.487342498076
2030-03-14 16:00:00+00:00,56736.468895125865
2030-03-14 17:00:00+00:00,53488.43336814441
2030-03-14 18:00:00+00:00,46800.43169282812
2030-03-14 19:00:00+00:00,50393.429659148314
2030-03-14 20:00:00+00:00,59236.42261026533
2030-03-14 21:00:00+00:00,57879.420379297255
2030-03-14 22:00:00+00:00,57216.41757847191
2030-03-14 23:00:00+00:00,54923.8445118342
2030-03-15 00:00:00+00:00,48344.38324105262
2030-03-15 01:00:00+00:00,52239.73061338815
2030-03-15 02:00:00+00:00,60964.39215259817
2030-03-15 03:00:00+00:00,57800.406782198595
2030-03-15 04:00:00+00:00,57130.41353882299
2030-03-15 05:00:00+00:00,55584.57267078247
2030-03-15 06:00:00+00:00,48493.409543807684
2030-03-15 07:00:00+00:00,58281.012153787364
2030-03-15 08:00:00+00:00,92766.46225151945
2030-03-15 09:00:00+00:00,89855.16776098098
2030-03-15 10:00:00+00:00,104805.66076158211
2030-03-15 11:00:00+00:00,102045.03396780946
2030-03-15 12:00:00+00:00,95507.0342287368
2030-03-15 13:00:00+00:00,98234.70925880609
2030-03-15 14:00:00+00:00,90749.38502578306
2030-03-15 15:00:00+00:00,88236.23826243207
2030-03-15 16:00:00+00:00,85910.69968370302
2030-03-15 17:00:00+00:00,62558.719966283665
2030-03-15 18:00:00+00:00,49687.00942812031
2030-03-15 19:00:00+00:00,55275.019820444504
2030-03-15 20:00:00+00:00,68775.17202012808
2030-03-15 21:00:00+00:00,68691.63442050459
2030-03-15 22:00:00+00:00,69953.60702350474
2030-03-15 23:00:00+00:00,67630.1747742485
2030-03-16 00:00:00+00:00,59163.547061883124
2030-03-16 01:00:00+00:00,56146.557746940314
2030-03-16 02:00:00+00:00,64982.417220110314
2030-03-16 03:00:00+00:00,71680.81227185826
2030-03-16 04:00:00+00:00,71531.42103953511
2030-03-16 05:00:00+00:00,73873.6292011952
2030-03-16 06:00:00+00:00,71972.29660926212
2030-03-16 07:00:00+00:00,75894.91667454873
2030-03-16 08:00:00+00:00,87783.3737169969
2030-03-16 09:00:00+00:00,91356.95376630555
2030-03-16 10:00:00+00:00,104578.92456029357
2030-03-16 11:00:00+00:00,102446.9193158114
2030-03-16 12:00:00+00:00,93201.96956182802
2030-03-16 13:00:00+00:00,76072.4175499457
2030-03-16 14:00:00+00:00,87947.58820217868
2030-03-16 15:00:00+00:00,89051.01693054385
2030-03-16 16:00:00+00:00,86730.5846975493
2030-03-16 17:00:00+00:00,79671.50330241553
2030-03-16 18:00:00+00:00,68923.6310206099
2030-03-16 19:00:00+00:00,68000.66864771789
2030-03-16 20:00:00+00:00,79897.87885841253
2030-03-16 21:00:00+00:00,76844.75837204474
2030-03-16 22:00:00+00:00,69661.85284555967
2030-03-16 23:00:00+00:00,66944.84435063675
2030-03-17 00:00:00+00:00,60381.557747030136
2030-03-17 01:00:00+00:00,60022.04309293367
2030-03-17 02:00:00+00:00,75606.11065442348
2030-03-17 03:00:00+00:00,79141.4266868036
2030-03-17 04:00:00+00:00,72980.12131532232
2030-03-17 05:00:00+00:00,70266.58293123101
2030-03-17 06:00:00+00:00,65077.95583882746
2030-03-17 07:00:00+00:00,68836.93485273235
2030-03-17 08:00:00+00:00,80768.12767571575
2030-03-17 09:00:00+00:00,83581.3838516743
2030-03-17 10:00:00+00:00,80311.45396309749
2030-03-17 11:00:00+00:00,79750.16060871039
2030-03-17 12:00:00+00:00,75864.16543502762
2030-03-17 13:00:00+00:00,71923.32917914703
2030-03-17 14:00:00+00:00,79876.6414973377
2030-03-17 15:00:00+00:00,84772.34423304077
2030-03-17 16:00:00+00:00,69714.05632287114
2030-03-17 17:00:00+00:00,64414.63051177196
2030-03-17 18:00:00+00:00,57454.27114369842
2030-03-17 19:00:00+00:00,56446.460725112316
2030-03-17 20:00:00+00:00,62244.82656047883
2030-03-17 21:00:00+00:00,64890.085170215745
2030-03-17 22:00:00+00:00,60635.73213266063
2030-03-17 23:00:00+00:00,60137.21859098812
2030-03-18 00:00:00+00:00,58011.399691190076
2030-03-18 01:00:00+00:00,57754.66427804265
2030-03-18 02:00:00+00:00,73034.75515542278
2030-03-18 03:00:00+00:00,74124.79520693715
2030-03-18 04:00:00+00:00,75003.75015462133
2030-03-18 05:00:00+00:00,73644.78135969467
2030-03-18 06:00:00+00:00,60631.95485553378
2030-03-18 07:00:00+00:00,65253.077744328475
2030-03-18 08:00:00+00:00,77111.14708503231
2030-03-18 09:00:00+00:00,75822.53132291879
2030-03-18 10:00:00+00:00,73948.11159167343
2030-03-18 11:00:00+00:00,70766.18586350948
2030-03-18 12:00:00+00:00,64614.70449065219
2030-03-18 13:00:00+00:00,62952.91048148097
2030-03-18 14:00:00+00:00,76227.84126388513
2030-03-18 15:00:00+00:00,76158.84702804018
2030-03-18 16:00:00+00:00,74508.34163782782
2030-03-18 17:00:00+00:00,62634.74198281017
2030-03-18 18:00:00+00:00,55429.09391614535
2030-03-18 19:00:00+00:00,60572.783860737094
2030-03-18 20:00:00+00:00,75167.49505614708
2030-03-18 21:00:00+00:00,74116.4872652281
2030-03-18 22:00:00+00:00,69558.92803334049
2030-03-18 23:00:00+00:00,65614.95658677397
2030-03-19 00:00:00+00:00,59658.33621275934
2030-03-19 01:00:00+00:00,58634.066295639495
2030-03-19 02:00:00+00:00,71867.9986411334
2030-03-19 03:00:00+00:00,73879.87917933459
2030-03-19 04:00:00+00:00,74866.12417620604
2030-03-19 05:00:00+00:00,72031.21246932122
2030-03-19 06:00:00+00:00,58873.06235713012
2030-03-19 07:00:00+00:00,60988.57256713572
2030-03-19 08:00:00+00:00,67909.08171196278
2030-03-19 09:00:00+00:00,70423.41393683094
2030-03-19 10:00:00+00:00,67621.83641059563
2030-03-19 11:00:00+00:00,65515.08418326138
2030-03-19 12:00:00+00:00,64420.152552332016
2030-03-19 13:00:00+00:00,56847.65305567194
2030-03-19 14:00:00+00:00,63281.57506912122
2030-03-19 15:00:00+00:00,67358.59201849898
2030-03-19 16:00:00+00:00,53707.46150189669
2030-03-19 17:00:00+00:00,54250.46461973453
2030-03-19 18:00:00+00:00,51374.46395757407
2030-03-19 19:00:00+00:00,47717.46339301016
2030-03-19 20:00:00+00:00,54431.63489889447
2030-03-19 21:00:00+00:00,58085.04648447968
2030-03-19 22:00:00+00:00,55866.28639078264
2030-03-19 23:00:00+00:00,55398.777530534884
2030-03-20 00:00:00+00:00,52087.356900248305
2030-03-20 01:00:00+00:00,52203.18498029711
2030-03-20 02:00:00+00:00,66027.95991227319
2030-03-20 03:00:00+00:00,68153.80912692533
2030-03-20 04:00:00+00:00,66525.4664662876
2030-03-20 05:00:00+00:00,63450.46653325469
2030-03-20 06:00:00+00:00,57615.466346659734
2030-03-20 07:00:00+00:00,56778.46521857702
2030-03-20 08:00:00+00:00,69038.71545078413
2030-03-20 09:00:00+00:00,68793.69330358696
2030-03-20 10:00:00+00:00,71194.57950614886
2030-03-20 11:00:00+00:00,75709.61955445493
2030-03-20 12:00:00+00:00,70631.02707734915
2030-03-20 13:00:00+00:00,69543.45336647033
2030-03-20 14:00:00+00:00,73686.19555144526
2030-03-20 15:00:00+00:00,67623.68097767052
2030-03-20 16:00:00+00:00,67203.43957718735
2030-03-20 17:00:00+00:00,64757.22476623644
2030-03-20 18:00:00+00:00,59678.210434480396
2030-03-20 19:00:00+00:00,58835.20165519836
2030-03-20 20:00:00+00:00,70873.59786423792
2030-03-20 21:00:00+00:00,68742.59135023961
2030-03-20 22:00:00+00:00,65672.45356143317
2030-03-20 23:00:00+00:00,63470.1612259337
2030-03-21 00:00:00+00:00,59216.26898480403
2030-03-21 01:00:00+00:00,55887.75259378264
2030-03-21 02:00:00+00:00,63598.03725351107
2030-03-21 03:00:00+00:00,64251.52397529887
2030-03-21 04:00:00+00:00,62327.22539112289
2030-03-21 05:00:00+00:00,61849.37700773757
2030-03-21 06:00:00+00:00,59519.20582550142
2030-03-21 07:00:00+00:00,54689.42283218904
2030-03-21 08:00:00+00:00,71232.69024357827
2030-03-21 09:00:00+00:00,74015.0438684643
2030-03-21 10:00:00+00:00,81864.52059701516
2030-03-21 11:00:00+00:00,87830.36647211283
2030-03-21 12:00:00+00:00,82990.66520862484
2030-03-21 13:00:00+00:00,69455.57413651461
2030-03-21 14:00:00+00:00,78836.65023065245
2030-03-21 15:00:00+00:00,78955.2556152507
2030-03-21 16:00:00+00:00,78168.17669118296
2030-03-21 17:00:00+00:00,68977.80682543914
2030-03-21 18:00:00+00:00,60785.98027739933
2030-03-21 19:00:00+00:00,66536.86851648206
2030-03-21 20:00:00+00:00,78167.46188268503
2030-03-21 21:00:00+00:00,76073.59609790289
2030-03-21 22:00:00+00:00,72244.51711736969
2030-03-21 23:00:00+00:00,66057.21971376675
2030-03-22 00:00:00+00:00,57361.22615027707
2030-03-22 01:00:00+00:00,57691.431758000144
2030-03-22 02:00:00+00:00,72409.18548009393
2030-03-22 03:00:00+00:00,74876.54123922375
2030-03-22 04:00:00+00:00,79302.44908257836
2030-03-22 05:00:00+00:00,77753.28621247958
2030-03-22 06:00:00+00:00,71453.26901415337
2030-03-22 07:00:00+00:00,101470.57800658018
2030-03-22 08:00:00+00:00,124470.39156504565
2030-03-22 09:00:00+00:00,125037.67065507744
2030-03-22 10:00:00+00:00,121218.56196659725
2030-03-22 11:00:00+00:00,114179.00132084034
2030-03-22 12:00:00+00:00,107866.71342423059
2030-03-22 13:00:00+00:00,107108.86318667702
2030-03-22 14:00:00+00:00,119899.90188902066
2030-03-22 15:00:00+00:00,118066.78396014661
2030-03-22 16:00:00+00:00,94596.17821979945
2030-03-22 17:00:00+00:00,90672.71320270661
2030-03-22 18:00:00+00:00,84064.19602186303
2030-03-22 19:00:00+00:00,80413.32166553297
2030-03-22 20:00:00+00:00,85973.98676235846
2030-03-22 21:00:00+00:00,82365.25682397513
2030-03-22 22:00:00+00:00,77941.07469386482
2030-03-22 23:00:00+00:00,75395.07917655853
2030-03-23 00:00:00+00:00,71922.1839903362
2030-03-23 01:00:00+00:00,67450.74751925626
2030-03-23 02:00:00+00:00,72803.82968688881
2030-03-23 03:00:00+00:00,78260.34220405854
2030-03-23 04:00:00+00:00,79060.39133224197
2030-03-23 05:00:00+00:00,78903.24617728412
2030-03-23 06:00:00+00:00,72407.06429680076
2030-03-23 07:00:00+00:00,72754.53675180563
2030-03-23 08:00:00+00:00,89630.14418556279
2030-03-23 09:00:00+00:00,90001.17575720124
2030-03-23 10:00:00+00:00,88570.52552111752
2030-03-23 11:00:00+00:00,83777.67391084187
2030-03-23 12:00:00+00:00,78388.02581924225
2030-03-23 13:00:00+00:00,77628.35855641312
2030-03-23 14:00:00+00:00,90171.88858236326
2030-03-23 15:00:00+00:00,88941.1157229765
2030-03-23 16:00:00+00:00,84833.88585306407
2030-03-23 17:00:00+00:00,78037.48680080914
2030-03-23 18:00:00+00:00,72093.30679135447
2030-03-23 19:00:00+00:00,73185.21947002005
2030-03-23 20:00:00+00:00,84453.9835371149
2030-03-23 21:00:00+00:00,81238.07404706281
2030-03-23 22:00:00+00:00,77038.31746463891
2030-03-23 23:00:00+00:00,77544.395486254
2030-03-24 00:00:00+00:00,75179.76079374689
2030-03-24 01:00:00+00:00,75601.68688885459
2030-03-24 02:00:00+00:00,90737.08798876608
2030-03-24 03:00:00+00:00,91544.7188372384
2030-03-24 04:00:00+00:00,92525.25945128215
2030-03-24 05:00:00+00:00,89520.47109125237
2030-03-24 06:00:00+00:00,83948.94800192579
2030-03-24 07:00:00+00:00,87784.01590204253
2030-03-24 08:00:00+00:00,99652.42266652548
2030-03-24 09:00:00+00:00,95662.45965165248
2030-03-24 10:00:00+00:00,93851.38599134491
2030-03-24 11:00:00+00:00,91677.0181704196
2030-03-24 12:00:00+00:00,87732.99927650549
2030-03-24 13:00:00+00:00,84053.34526897645
2030-03-24 14:00:00+00:00,92492.70853248816
2030-03-24 15:00:00+00:00,92726.63935541158
2030-03-24 16:00:00+00:00,82764.88703981818
2030-03-24 17:00:00+00:00,76846.5770881632
2030-03-24 18:00:00+00:00,73766.31384734294
2030-03-24 19:00:00+00:00,69352.15686874498
2030-03-24 20:00:00+00:00,74538.92860881961
2030-03-24 21:00:00+00:00,74625.5076100857
2030-03-24 22:00:00+00:00,70117.73210349324
2030-03-24 23:00:00+00:00,67636.64423528191
2030-03-25 00:00:00+00:00,66868.55514042189
2030-03-25 01:00:00+00:00,67544.96805636582
2030-03-25 02:00:00+00:00,80994.50772640557
2030-03-25 03:00:00+00:00,80165.8779813818
2030-03-25 04:00:00+00:00,82086.97342674989
2030-03-25 05:00:00+00:00,79194.97251347775
2030-03-25 06:00:00+00:00,69995.31614932958
2030-03-25 07:00:00+00:00,74007.05716056409
2030-03-25 08:00:00+00:00,99799.02669327118
2030-03-25 09:00:00+00:00,99141.90316373407
2030-03-25 10:00:00+00:00,98718.48521498828
2030-03-25 11:00:00+00:00,96886.6819063856
2030-03-25 12:00:00+00:00,97943.80126241187
2030-03-25 13:00:00+00:00,91449.89118918146
2030-03-25 14:00:00+00:00,103005.55968840119
2030-03-25 15:00:00+00:00,101214.81431902641
2030-03-25 16:00:00+00:00,84635.41691789286
2030-03-25 17:00:00+00:00,77382.85663911843
2030-03-25 18:00:00+00:00,70329.22731632505
2030-03-25 19:00:00+00:00,76023.28918988738
2030-03-25 20:00:00+00:00,85876.31723984054
2030-03-25 21:00:00+00:00,83429.62986570921
2030-03-25 22:00:00+00:00,79580.30474282146
2030-03-25 23:00:00+00:00,73376.86454162508
2030-03-26 00:00:00+00:00,68804.20380071548
2030-03-26 01:00:00+00:00,67211.36263674975
2030-03-26 02:00:00+00:00,79180.10090317996
2030-03-26 03:00:00+00:00,78913.03166945977
2030-03-26 04:00:00+00:00,81989.00453349914
2030-03-26 05:00:00+00:00,79296.09295804171
2030-03-26 06:00:00+00:00,68875.4925772901
2030-03-26 07:00:00+00:00,68357.40521380736
2030-03-26 08:00:00+00:00,75593.98587097034
2030-03-26 09:00:00+00:00,78987.18228654182
2030-03-26 10:00:00+00:00,89511.79273650324
2030-03-26 11:00:00+00:00,92401.42468969687
2030-03-26 12:00:00+00:00,88884.52288504931
2030-03-26 13:00:00+00:00,72363.65691556889
2030-03-26 14:00:00+00:00,74784.07438564625
2030-03-26 15:00:00+00:00,80199.41681118653
2030-03-26 16:00:00+00:00,72502.25219009141
2030-03-26 17:00:00+00:00,71661.8602671633
2030-03-26 18:00:00+00:00,65691.62686990597
2030-03-26 19:00:00+00:00,67223.39822921873
2030-03-26 20:00:00+00:00,80847.90820259685
2030-03-26 21:00:00+00:00,80649.97619519015
2030-03-26 22:00:00+00:00,77621.75353216796
2030-03-26 23:00:00+00:00,72125.21935678879
2030-03-27 00:00:00+00:00,66869.64001436143
2030-03-27 01:00:00+00:00,66018.760304857
2030-03-27 02:00:00+00:00,79839.98435527127
2030-03-27 03:00:00+00:00,83302.15347191588
2030-03-27 04:00:00+00:00,86437.82282747043
2030-03-27 05:00:00+00:00,83305.66347774013
2030-03-27 06:00:00+00:00,75411.49543204732
2030-03-27 07:00:00+00:00,73428.34309912223
2030-03-27 08:00:00+00:00,91820.20603530563
2030-03-27 09:00:00+00:00,91628.95243101091
2030-03-27 10:00:00+00:00,106591.4802002565
2030-03-27 11:00:00+00:00,102106.26307209255
2030-03-27 12:00:00+00:00,97414.42539179747
2030-03-27 13:00:00+00:00,80024.98397140042
2030-03-27 14:00:00+00:00,93484.75717939237
2030-03-27 15:00:00+00:00,91737.12779931776
2030-03-27 16:00:00+00:00,78995.43687481138
2030-03-27 17:00:00+00:00,75273.43594591584
2030-03-27 18:00:00+00:00,70785.43553817814
2030-03-27 19:00:00+00:00,69453.4300811824
2030-03-27 20:00:00+00:00,82821.4288114597
2030-03-27 21:00:00+00:00,81679.42391587427
2030-03-27 22:00:00+00:00,79626.9056941701
2030-03-27 23:00:00+00:00,75031.22189010015
2030-03-28 00:00:00+00:00,69703.34365818303
2030-03-28 01:00:00+00:00,64604.61279104057
2030-03-28 02:00:00+00:00,73573.28561405404
2030-03-28 03:00:00+00:00,75374.42300726488
2030-03-28 04:00:00+00:00,72627.43094612008
2030-03-28 05:00:00+00:00,70269.43088679895
2030-03-28 06:00:00+00:00,66877.43065984295
2030-03-28 07:00:00+00:00,61756.43005348989
2030-03-28 08:00:00+00:00,69298.43297133755
2030-03-28 09:00:00+00:00,70118.43268010186
2030-03-28 10:00:00+00:00,68739.43268756341
2030-03-28 11:00:00+00:00,69416.43343035909
2030-03-28 12:00:00+00:00,65881.43415704631
2030-03-28 13:00:00+00:00,64850.43489830799
2030-03-28 14:00:00+00:00,78341.4356456177
2030-03-28 15:00:00+00:00,75536.4363256594
2030-03-28 16:00:00+00:00,74597.43364671784
2030-03-28 17:00:00+00:00,71359.43451820906
2030-03-28 18:00:00+00:00,65934.43011414376
2030-03-28 19:00:00+00:00,64877.42785135278
2030-03-28 20:00:00+00:00,77897.4260444552
2030-03-28 21:00:00+00:00,75331.7445017497
2030-03-28 22:00:00+00:00,74209.08299603174
2030-03-28 23:00:00+00:00,70209.39439923245
2030-03-29 00:00:00+00:00,64226.65322705601
2030-03-29 01:00:00+00:00,62477.48705857834
2030-03-29 02:00:00+00:00,74190.84737369344
2030-03-29 03:00:00+00:00,71267.94516975604
2030-03-29 04:00:00+00:00,70121.42818794787
2030-03-29 05:00:00+00:00,66521.42835718674
2030-03-29 06:00:00+00:00,60605.42812888398
2030-03-29 07:00:00+00:00,58405.428196856745
2030-03-29 08:00:00+00:00,71026.44779577835
2030-03-29 09:00:00+00:00,69808.44773027867
2030-03-29 10:00:00+00:00,71649.46189095819
2030-03-29 11:00:00+00:00,69227.49036196397
2030-03-29 12:00:00+00:00,65048.528864983935
2030-03-29 13:00:00+00:00,64936.48580400378
2030-03-29 14:00:00+00:00,78228.4463657446
2030-03-29 15:00:00+00:00,72410.44908872596
2030-03-29 16:00:00+00:00,72188.44287062043
2030-03-29 17:00:00+00:00,69240.4432629228
2030-03-29 18:00:00+00:00,63503.44296160803
2030-03-29 19:00:00+00:00,59329.442056080836
2030-03-29 20:00:00+00:00,67212.43669913596
2030-03-29 21:00:00+00:00,67513.3376492018
2030-03-29 22:00:00+00:00,65299.661029380564
2030-03-29 23:00:00+00:00,63005.23814228851
2030-03-30 00:00:00+00:00,59113.12800658591
2030-03-30 01:00:00+00:00,54066.94217759513
2030-03-30 02:00:00+00:00,61632.48114305309
2030-03-30 03:00:00+00:00,66584.17701802336
2030-03-30 04:00:00+00:00,66335.44473693745
2030-03-30 05:00:00+00:00,66066.44495896349
2030-03-30 06:00:00+00:00,62748.44458114628
2030-03-30 07:00:00+00:00,61028.50827152781
2030-03-30 08:00:00+00:00,72975.49439408554
2030-03-30 09:00:00+00:00,74228.82864149587
2030-03-30 10:00:00+00:00,73734.8791580455
2030-03-30 11:00:00+00:00,68257.54806912084
2030-03-30 12:00:00+00:00,63569.18012275634
2030-03-30 13:00:00+00:00,60326.48370421036
2030-03-30 14:00:00+00:00,70349.48517275705
2030-03-30 15:00:00+00:00,70244.48555806259
2030-03-30 16:00:00+00:00,67793.47856418844
2030-03-30 17:00:00+00:00,61118.43227652126
2030-03-30 18:00:00+00:00,60783.43175284149
2030-03-30 19:00:00+00:00,54500.43071913895
2030-03-30 20:00:00+00:00,58718.42972192796
2030-03-30 21:00:00+00:00,60931.897197537735
2030-03-30 22:00:00+00:00,58645.48224257192
2030-03-30 23:00:00+00:00,59907.89732984767
2030-03-31 00:00:00+00:00,57851.30714860057
2030-03-31 01:00:00+00:00,56405.47744032306
2030-03-31 02:00:00+00:00,67319.4231815076
2030-03-31 03:00:00+00:00,68396.43031427677
2030-03-31 04:00:00+00:00,67730.42986876771
2030-03-31 05:00:00+00:00,66907.42898306572
2030-03-31 06:00:00+00:00,64448.428450450745
2030-03-31 07:00:00+00:00,70625.76061467285
2030-03-31 08:00:00+00:00,97499.65833688423
2030-03-31 09:00:00+00:00,101988.028432772
2030-03-31 10:00:00+00:00,100409.26842373429
2030-03-31 11:00:00+00:00,101047.04810601106
2030-03-31 12:00:00+00:00,105588.02974767446
2030-03-31 13:00:00+00:00,95524.17222368487
2030-03-31 14:00:00+00:00,101266.06078548144
2030-03-31 15:00:00+00:00,99095.95950207493
2030-03-31 16:00:00+00:00,84490.99362976203
2030-03-31 17:00:00+00:00,84103.67111432482
2030-03-31 18:00:00+00:00,79206.23856116901
2030-03-31 19:00:00+00:00,75169.02120160096
2030-03-31 20:00:00+00:00,79933.18310448978
2030-03-31 21:00:00+00:00,81089.39067473332
2030-03-31 22:00:00+00:00,77556.7401727461
2030-03-31 23:00:00+00:00,78693.65359378816
2030-04-01 00:00:00+00:00,74305.63089883928
2030-04-01 01:00:00+00:00,73093.44305851313
2030-04-01 02:00:00+00:00,86389.31335368738
2030-04-01 03:00:00+00:00,92071.55729688806
2030-04-01 04:00:00+00:00,90853.52307304638
2030-04-01 05:00:00+00:00,87840.49930390704
2030-04-01 06:00:00+00:00,82253.89770174924
2030-04-01 07:00:00+00:00,94711.89968947106
2030-04-01 08:00:00+00:00,95072.72921292993
2030-04-01 09:00:00+00:00,93786.7137574773
2030-04-01 10:00:00+00:00,110159.17706283745
2030-04-01 11:00:00+00:00,117951.96039386877
2030-04-01 12:00:00+00:00,120941.96041819686
2030-04-01 13:00:00+00:00,118835.02277041317
2030-04-01 14:00:00+00:00,105394.51047130823
2030-04-01 15:00:00+00:00,106752.20384875503
2030-04-01 16:00:00+00:00,98576.20651230472
2030-04-01 17:00:00+00:00,91918.37032730754
2030-04-01 18:00:00+00:00,90119.35034308436
2030-04-01 19:00:00+00:00,86588.55250427904
2030-04-01 20:00:00+00:00,83075.02168338372
2030-04-01 21:00:00+00:00,80531.78781395893
2030-04-01 22:00:00+00:00,82235.07376222902
2030-04-01 23:00:00+00:00,84417.95608931704
2030-04-02 00:00:00+00:00,82339.69877904694
2030-04-02 01:00:00+00:00,80674.29379112856
2030-04-02 02:00:00+00:00,80427.59004583851
2030-04-02 03:00:00+00:00,84500.50481799786
2030-04-02 04:00:00+00:00,85826.62756233095
2030-04-02 05:00:00+00:00,69405.3645498794
2030-04-02 06:00:00+00:00,10818.509846636
2030-04-02 07:00:00+00:00,19703.167012353584
2030-04-02 08:00:00+00:00,31411.290472018387
2030-04-02 09:00:00+00:00,35180.21664025185
2030-04-02 10:00:00+00:00,38563.54895031686
2030-04-02 11:00:00+00:00,55730.62802830785
2030-04-02 12:00:00+00:00,56022.61019958163
2030-04-02 13:00:00+00:00,41160.216704433326
2030-04-02 14:00:00+00:00,35094.890149916224
2030-04-02 15:00:00+00:00,31120.26720901948
2030-04-02 16:00:00+00:00,19296.751838223146
2030-04-02 17:00:00+00:00,19379.68124467658
2030-04-02 18:00:00+00:00,19098.039785191246
2030-04-02 19:00:00+00:00,17817.735977352408
2030-04-02 20:00:00+00:00,16237.299928533985
2030-04-02 21:00:00+00:00,14467.354818211279
2030-04-02 22:00:00+00:00,12872.931874498572
2030-04-02 23:00:00+00:00,14108.461493507519
2030-04-03 00:00:00+00:00,14541.739230898544
2030-04-03 01:00:00+00:00,15563.399756808132
2030-04-03 02:00:00+00:00,17742.376556205483
2030-04-03 03:00:00+00:00,20734.388086396895
2030-04-03 04:00:00+00:00,21455.622008819828
2030-04-03 05:00:00+00:00,14959.030308545913
2030-04-03 06:00:00+00:00,11197.243374352527
2030-04-03 07:00:00+00:00,19902.681024448168
2030-04-03 08:00:00+00:00,35712.8743535546
2030-04-03 09:00:00+00:00,40047.9106389604
2030-04-03 10:00:00+00:00,56022.917016014166
2030-04-03 11:00:00+00:00,56023.02849704438
2030-04-03 12:00:00+00:00,56022.86743052725
2030-04-03 13:00:00+00:00,45319.10700034883
2030-04-03 14:00:00+00:00,35302.217193535595
2030-04-03 15:00:00+00:00,35556.96905073641
2030-04-03 16:00:00+00:00,23382.165382953463
2030-04-03 17:00:00+00:00,19572.182453710255
2030-04-03 18:00:00+00:00,19284.61580967528
2030-04-03 19:00:00+00:00,18007.77460686723
2030-04-03 20:00:00+00:00,16535.800351917052
2030-04-03 21:00:00+00:00,14667.438097748694
2030-04-03 22:00:00+00:00,13189.867535651301
2030-04-03 23:00:00+00:00,14266.535804113133
2030-04-04 00:00:00+00:00,14507.09760016932
2030-04-04 01:00:00+00:00,15538.642806563112
2030-04-04 02:00:00+00:00,17710.344150627454
2030-04-04 03:00:00+00:00,20699.740267377456
2030-04-04 04:00:00+00:00,21418.560649952775
2030-04-04 05:00:00+00:00,16065.580092232529
2030-04-04 06:00:00+00:00,12553.161663292989
2030-04-04 07:00:00+00:00,19870.7615431451
2030-04-04 08:00:00+00:00,19371.162889877458
2030-04-04 09:00:00+00:00,19021.0578005212
2030-04-04 10:00:00+00:00,18800.220317603544
2030-04-04 11:00:00+00:00,23133.00382347278
2030-04-04 12:00:00+00:00,20495.704901305566
2030-04-04 13:00:00+00:00,18685.53517798553
2030-04-04 14:00:00+00:00,18961.93453099342
2030-04-04 15:00:00+00:00,19214.24257024765
2030-04-04 16:00:00+00:00,19457.168699345366
2030-04-04 17:00:00+00:00,16365.593818357043
2030-04-04 18:00:00+00:00,16439.925773508803
2030-04-04 19:00:00+00:00,17976.82008622861
2030-04-04 20:00:00+00:00,16484.17041515738
2030-04-04 21:00:00+00:00,14639.92463611605
2030-04-04 22:00:00+00:00,12923.017393668275
2030-04-04 23:00:00+00:00,14116.792335082866
2030-04-05 00:00:00+00:00,15501.984411918418
2030-04-05 01:00:00+00:00,16255.688268364996
2030-04-05 02:00:00+00:00,18679.185881289777
2030-04-05 03:00:00+00:00,21703.228655145962
2030-04-05 04:00:00+00:00,22491.972344784564
2030-04-05 05:00:00+00:00,18253.33053289538
2030-04-05 06:00:00+00:00,15196.050497790628
2030-04-05 07:00:00+00:00,20793.74475725286
2030-04-05 08:00:00+00:00,20243.883872343893
2030-04-05 09:00:00+00:00,19859.879751861714
2030-04-05 10:00:00+00:00,19617.6328293787
2030-04-05 11:00:00+00:00,19430.682984470393
2030-04-05 12:00:00+00:00,19408.314652869547
2030-04-05 13:00:00+00:00,19491.70168649018
2030-04-05 14:00:00+00:00,19794.82797022875
2030-04-05 15:00:00+00:00,20073.50285657441
2030-04-05 16:00:00+00:00,13670.18728898963
2030-04-05 17:00:00+00:00,8166.511047326892
2030-04-05 18:00:00+00:00,8166.506372176351
2030-04-05 19:00:00+00:00,8166.49828151296
2030-04-05 20:00:00+00:00,8121.3876211353645
2030-04-05 21:00:00+00:00,7712.597177365569
2030-04-05 22:00:00+00:00,7455.096661697154
2030-04-05 23:00:00+00:00,7521.199713710064
2030-04-06 00:00:00+00:00,7542.364157652324
2030-04-06 01:00:00+00:00,7678.781764784424
2030-04-06 02:00:00+00:00,8166.498811319661
2030-04-06 03:00:00+00:00,8166.513550762878
2030-04-06 04:00:00+00:00,8166.513546306795
2030-04-06 05:00:00+00:00,8166.513369201039
2030-04-06 06:00:00+00:00,8166.5120942615795
2030-04-06 07:00:00+00:00,8166.506391258689
2030-04-06 08:00:00+00:00,8166.517943624598
2030-04-06 09:00:00+00:00,8166.516747676685
2030-04-06 10:00:00+00:00,8166.517481079393
2030-04-06 11:00:00+00:00,8166.518222010439
2030-04-06 12:00:00+00:00,8166.519545413639
2030-04-06 13:00:00+00:00,8166.519398698603
2030-04-06 14:00:00+00:00,8166.52387992524
2030-04-06 15:00:00+00:00,8166.529183917835
2030-04-06 16:00:00+00:00,8166.437046085069
2030-04-06 17:00:00+00:00,8166.415789403435
2030-04-06 18:00:00+00:00,8166.415447462263
2030-04-06 19:00:00+00:00,8166.272568503668
2030-04-06 20:00:00+00:00,8166.249628493036
2030-04-06 21:00:00+00:00,7814.063751495724
2030-04-06 22:00:00+00:00,7492.203302663863
2030-04-06 23:00:00+00:00,7560.026067776251
2030-04-07 00:00:00+00:00,7384.182923664532
2030-04-07 01:00:00+00:00,7505.6803397836975
2030-04-07 02:00:00+00:00,8021.009398061383
2030-04-07 03:00:00+00:00,8166.402806145031
2030-04-07 04:00:00+00:00,8166.402202547043
2030-04-07 05:00:00+00:00,8166.3999060443975
2030-04-07 06:00:00+00:00,8166.396290393328
2030-04-07 07:00:00+00:00,9239.04305443784
2030-04-07 08:00:00+00:00,19307.494081017416
2030-04-07 09:00:00+00:00,19372.26354726946
2030-04-07 10:00:00+00:00,27729.91362279165
2030-04-07 11:00:00+00:00,34856.106482875526
2030-04-07 12:00:00+00:00,34856.859248882036
2030-04-07 13:00:00+00:00,34982.441839278974
2030-04-07 14:00:00+00:00,21483.587047451936
2030-04-07 15:00:00+00:00,19341.569345946296
2030-04-07 16:00:00+00:00,9676.229021521971
2030-04-07 17:00:00+00:00,9827.796135702727
2030-04-07 18:00:00+00:00,8166.505381923182
2030-04-07 19:00:00+00:00,8864.609553259106
2030-04-07 20:00:00+00:00,8140.4253486599155
2030-04-07 21:00:00+00:00,7578.225715389976
2030-04-07 22:00:00+00:00,7280.959387214591
2030-04-07 23:00:00+00:00,7372.625344867026
2030-04-08 00:00:00+00:00,7188.9484769467135
2030-04-08 01:00:00+00:00,7367.983812117923
2030-04-08 02:00:00+00:00,7824.999239475686
2030-04-08 03:00:00+00:00,9855.176681093953
2030-04-08 04:00:00+00:00,10505.70117353896
2030-04-08 05:00:00+00:00,10028.974087106608
2030-04-08 06:00:00+00:00,9561.745604949827
2030-04-08 07:00:00+00:00,12213.885834202814
2030-04-08 08:00:00+00:00,18519.97065274016
2030-04-08 09:00:00+00:00,18203.198557275988
2030-04-08 10:00:00+00:00,18003.280793372007
2030-04-08 11:00:00+00:00,17786.298546439986
2030-04-08 12:00:00+00:00,17729.070884497723
2030-04-08 13:00:00+00:00,17777.012512780162
2030-04-08 14:00:00+00:00,18062.873473685988
2030-04-08 15:00:00+00:00,18267.758204133
2030-04-08 16:00:00+00:00,18510.31033894305
2030-04-08 17:00:00+00:00,18527.016704908754
2030-04-08 18:00:00+00:00,18105.653209412136
2030-04-08 19:00:00+00:00,17122.712317440673
2030-04-08 20:00:00+00:00,14478.523150115274
2030-04-08 21:00:00+00:00,12650.138663607737
2030-04-08 22:00:00+00:00,10136.518457226948
2030-04-08 23:00:00+00:00,11343.24968613541
2030-04-09 00:00:00+00:00,8832.721486317025
2030-04-09 01:00:00+00:00,10193.509764673112
2030-04-09 02:00:00+00:00,14720.961058149036
2030-04-09 03:00:00+00:00,17841.950046382193
2030-04-09 04:00:00+00:00,18394.59075744057
2030-04-09 05:00:00+00:00,15581.424144952245
2030-04-09 06:00:00+00:00,13252.57010388041
2030-04-09 07:00:00+00:00,27835.57894106919
2030-04-09 08:00:00+00:00,32487.3188100302
2030-04-09 09:00:00+00:00,32119.174860614192
2030-04-09 10:00:00+00:00,31690.567093156988
2030-04-09 11:00:00+00:00,31115.669808988023
2030-04-09 12:00:00+00:00,30819.885362591856
2030-04-09 13:00:00+00:00,30763.0428285455
2030-04-09 14:00:00+00:00,31103.153175030024
2030-04-09 15:00:00+00:00,31303.913267612523
2030-04-09 16:00:00+00:00,31665.063476935993
2030-04-09 17:00:00+00:00,15366.122614235532
2030-04-09 18:00:00+00:00,14710.181671159973
2030-04-09 19:00:00+00:00,12725.707275540815
2030-04-09 20:00:00+00:00,10429.915417807277
2030-04-09 21:00:00+00:00,7164.681906415216
2030-04-09 22:00:00+00:00,7672.457063934085
2030-04-09 23:00:00+00:00,8846.802576681797
2030-04-10 00:00:00+00:00,6294.9668836032815
2030-04-10 01:00:00+00:00,6685.815731860889
2030-04-10 02:00:00+00:00,8222.122376675763
2030-04-10 03:00:00+00:00,14032.972477074256
2030-04-10 04:00:00+00:00,14975.686153520928
2030-04-10 05:00:00+00:00,13378.136699947328
2030-04-10 06:00:00+00:00,11719.26871397732
2030-04-10 07:00:00+00:00,11178.871153681823
2030-04-10 08:00:00+00:00,23793.60068175248
2030-04-10 09:00:00+00:00,23528.484123987233
2030-04-10 10:00:00+00:00,23159.321027142978
2030-04-10 11:00:00+00:00,23012.797199350698
2030-04-10 12:00:00+00:00,22941.922553205375
2030-04-10 13:00:00+00:00,22919.613388149435
2030-04-10 14:00:00+00:00,22987.90497901137
2030-04-10 15:00:00+00:00,8930.397292867832
2030-04-10 16:00:00+00:00,7028.994991731644
2030-04-10 17:00:00+00:00,7107.626401983835
2030-04-10 18:00:00+00:00,6964.275589254311
2030-04-10 19:00:00+00:00,6213.473593031912
2030-04-10 20:00:00+00:00,8866.74133700142
2030-04-10 21:00:00+00:00,13758.653239580008
2030-04-10 22:00:00+00:00,21256.37488705986
2030-04-10 23:00:00+00:00,21821.641358026864
2030-04-11 00:00:00+00:00,21059.4865706205
2030-04-11 01:00:00+00:00,21349.987197867245
2030-04-11 02:00:00+00:00,18997.38903739601
2030-04-11 03:00:00+00:00,13119.882398286436
2030-04-11 04:00:00+00:00,6731.842349004333
2030-04-11 05:00:00+00:00,6571.957332982674
2030-04-11 06:00:00+00:00,6318.8703264367
2030-04-11 07:00:00+00:00,6052.559489592542
2030-04-11 08:00:00+00:00,18835.710299233575
2030-04-11 09:00:00+00:00,21895.261621506852
2030-04-11 10:00:00+00:00,21741.485356573074
2030-04-11 11:00:00+00:00,21652.059285667943
2030-04-11 12:00:00+00:00,21616.68709989752
2030-04-11 13:00:00+00:00,21622.31459892925
2030-04-11 14:00:00+00:00,16113.32629909476
2030-04-11 15:00:00+00:00,5449.34292751366
2030-04-11 16:00:00+00:00,5527.908041404515
2030-04-11 17:00:00+00:00,5553.155472487167
2030-04-11 18:00:00+00:00,5455.243041022182
2030-04-11 19:00:00+00:00,5133.424209533761
2030-04-11 20:00:00+00:00,4767.009609624699
2030-04-11 21:00:00+00:00,4562.178203210287
2030-04-11 22:00:00+00:00,6972.051244251893
2030-04-11 23:00:00+00:00,12758.06352731744
2030-04-12 00:00:00+00:00,18166.05039920938
2030-04-12 01:00:00+00:00,20788.48287341466
2030-04-12 02:00:00+00:00,22576.218136767035
2030-04-12 03:00:00+00:00,21885.64155755517
2030-04-12 04:00:00+00:00,15150.641204074574
2030-04-12 05:00:00+00:00,14497.834465812393
2030-04-12 06:00:00+00:00,13288.669705414828
2030-04-12 07:00:00+00:00,31980.650792775596
2030-04-12 08:00:00+00:00,30935.522437987278
2030-04-12 09:00:00+00:00,29875.14712788706
2030-04-12 10:00:00+00:00,46189.093426653155
2030-04-12 11:00:00+00:00,47927.86553802497
2030-04-12 12:00:00+00:00,47893.26092601556
2030-04-12 13:00:00+00:00,47880.11273711547
2030-04-12 14:00:00+00:00,44468.42060423328
2030-04-12 15:00:00+00:00,46217.01272718756
2030-04-12 16:00:00+00:00,31520.630689204223
2030-04-12 17:00:00+00:00,24356.944149830382
2030-04-12 18:00:00+00:00,22451.901521192853
2030-04-12 19:00:00+00:00,20713.953949570172
2030-04-12 20:00:00+00:00,19652.677909145215
2030-04-12 21:00:00+00:00,18875.045280794344
2030-04-12 22:00:00+00:00,18761.782571646032
2030-04-12 23:00:00+00:00,18582.50737828721
2030-04-13 00:00:00+00:00,17409.202430945224
2030-04-13 01:00:00+00:00,17662.916256295874
2030-04-13 02:00:00+00:00,17490.411021066713
2030-04-13 03:00:00+00:00,16137.792141439222
2030-04-13 04:00:00+00:00,14430.34032983814
2030-04-13 05:00:00+00:00,12513.25113594632
2030-04-13 06:00:00+00:00,12222.006440525032
2030-04-13 07:00:00+00:00,22408.984655099648
2030-04-13 08:00:00+00:00,47015.728896051485
2030-04-13 09:00:00+00:00,46750.26611674695
2030-04-13 10:00:00+00:00,46497.99744238763
2030-04-13 11:00:00+00:00,46449.26770179682
2030-04-13 12:00:00+00:00,46398.07608148349
2030-04-13 13:00:00+00:00,46394.86484371196
2030-04-13 14:00:00+00:00,46492.88623471563
2030-04-13 15:00:00+00:00,46566.262727084555
2030-04-13 16:00:00+00:00,46587.95364625177
2030-04-13 17:00:00+00:00,46645.34155906629
2030-04-13 18:00:00+00:00,41901.55491330519
2030-04-13 19:00:00+00:00,45898.889080031324
2030-04-13 20:00:00+00:00,46057.67207307964
2030-04-13 21:00:00+00:00,45839.159278471794
2030-04-13 22:00:00+00:00,45835.06723806713
2030-04-13 23:00:00+00:00,45874.975247509
2030-04-14 00:00:00+00:00,44073.345603662376
2030-04-14 01:00:00+00:00,44170.75760666092
2030-04-14 02:00:00+00:00,44315.388632627015
2030-04-14 03:00:00+00:00,44396.71037922579
2030-04-14 04:00:00+00:00,44436.721108595055
2030-04-14 05:00:00+00:00,44393.47502367533
2030-04-14 06:00:00+00:00,44320.213322229305
2030-04-14 07:00:00+00:00,44240.97855080306
2030-04-14 08:00:00+00:00,44150.1624405218
2030-04-14 09:00:00+00:00,44068.61714063905
2030-04-14 10:00:00+00:00,44000.1494974078
2030-04-14 11:00:00+00:00,43975.778765566996
2030-04-14 12:00:00+00:00,43956.73312937352
2030-04-14 13:00:00+00:00,43949.00913286408
2030-04-14 14:00:00+00:00,43963.1389554667
2030-04-14 15:00:00+00:00,43976.239436051015
2030-04-14 16:00:00+00:00,43988.09895102265
2030-04-14 17:00:00+00:00,34335.96606257812
2030-04-14 18:00:00+00:00,21543.79682313218
2030-04-14 19:00:00+00:00,21464.86107832455
2030-04-14 20:00:00+00:00,21318.07747677479
2030-04-14 21:00:00+00:00,23634.704627570387
2030-04-14 22:00:00+00:00,30867.324415193496
2030-04-14 23:00:00+00:00,27847.24605512422
2030-04-15 00:00:00+00:00,38299.514845618745
2030-04-15 01:00:00+00:00,40759.20539858744
2030-04-15 02:00:00+00:00,44360.774854664094
2030-04-15 03:00:00+00:00,41202.18884000188
2030-04-15 04:00:00+00:00,35871.37167652722
2030-04-15 05:00:00+00:00,26617.11532808221
2030-04-15 06:00:00+00:00,27037.26610390134
2030-04-15 07:00:00+00:00,44483.434713859475
2030-04-15 08:00:00+00:00,44392.440625087664
2030-04-15 09:00:00+00:00,44319.01153653414
2030-04-15 10:00:00+00:00,44257.12146209002
2030-04-15 11:00:00+00:00,44227.76971469307
2030-04-15 12:00:00+00:00,44203.60488324082
2030-04-15 13:00:00+00:00,44180.494156789406
2030-04-15 14:00:00+00:00,44184.54157705998
2030-04-15 15:00:00+00:00,44190.00807513678
2030-04-15 16:00:00+00:00,19334.498169510174
2030-04-15 17:00:00+00:00,19324.845702727012
2030-04-15 18:00:00+00:00,12135.795146641254
2030-04-15 19:00:00+00:00,19111.687556695415
2030-04-15 20:00:00+00:00,19203.092313796154
2030-04-15 21:00:00+00:00,19168.024446991873
2030-04-15 22:00:00+00:00,19184.93119938687
2030-04-15 23:00:00+00:00,19220.80383100744
2030-04-16 00:00:00+00:00,19383.26984772555
2030-04-16 01:00:00+00:00,19490.280096414495
2030-04-16 02:00:00+00:00,19703.57439216269
2030-04-16 03:00:00+00:00,19976.91964555119
2030-04-16 04:00:00+00:00,20063.221819451137
2030-04-16 05:00:00+00:00,20013.159710992968
2030-04-16 06:00:00+00:00,19908.031051602204
2030-04-16 07:00:00+00:00,35483.129206850106
2030-04-16 08:00:00+00:00,44546.64639581469
2030-04-16 09:00:00+00:00,44469.662905520454
2030-04-16 10:00:00+00:00,44400.35502413934
2030-04-16 11:00:00+00:00,44357.554094398205
2030-04-16 12:00:00+00:00,44334.70875933612
2030-04-16 13:00:00+00:00,44326.54671042011
2030-04-16 14:00:00+00:00,44325.155714476015
2030-04-16 15:00:00+00:00,44336.88083780171
2030-04-16 16:00:00+00:00,20738.625461503787
2030-04-16 17:00:00+00:00,19227.03755663309
2030-04-16 18:00:00+00:00,18746.08362147348
2030-04-16 19:00:00+00:00,18599.20853305973
2030-04-16 20:00:00+00:00,18473.25562246345
2030-04-16 21:00:00+00:00,18430.455912309495
2030-04-16 22:00:00+00:00,18463.35422097244
2030-04-16 23:00:00+00:00,18509.18920260663
2030-04-17 00:00:00+00:00,18078.07102818077
2030-04-17 01:00:00+00:00,18118.464151745506
2030-04-17 02:00:00+00:00,18192.801943186725
2030-04-17 03:00:00+00:00,18278.70409473775
2030-04-17 04:00:00+00:00,18263.23822642058
2030-04-17 05:00:00+00:00,17698.259075934653
2030-04-17 06:00:00+00:00,18196.23827704144
2030-04-17 07:00:00+00:00,19547.285071940467
2030-04-17 08:00:00+00:00,43807.962301509586
2030-04-17 09:00:00+00:00,43750.70824054038
2030-04-17 10:00:00+00:00,43707.51351737391
2030-04-17 11:00:00+00:00,43678.59407890802
2030-04-17 12:00:00+00:00,43661.07701173048
2030-04-17 13:00:00+00:00,43649.761753561084
2030-04-17 14:00:00+00:00,43647.08305589256
2030-04-17 15:00:00+00:00,43650.58478546091
2030-04-17 16:00:00+00:00,43647.91813189612
2030-04-17 17:00:00+00:00,43660.342216496894
2030-04-17 18:00:00+00:00,43675.85633492381
2030-04-17 19:00:00+00:00,43679.54171685391
2030-04-17 20:00:00+00:00,43669.076873796555
2030-04-17 21:00:00+00:00,43668.871248922966
2030-04-17 22:00:00+00:00,43683.1722941333
2030-04-17 23:00:00+00:00,43703.885661861364
2030-04-18 00:00:00+00:00,44621.78877482419
2030-04-18 01:00:00+00:00,44778.8429294605
2030-04-18 02:00:00+00:00,45099.966198585986
2030-04-18 03:00:00+00:00,45516.772498956256
2030-04-18 04:00:00+00:00,45658.77384870546
2030-04-18 05:00:00+00:00,43344.186377973994
2030-04-18 06:00:00+00:00,44679.59552789174
2030-04-18 07:00:00+00:00,45317.18341820837
2030-04-18 08:00:00+00:00,45168.737414465286
2030-04-18 09:00:00+00:00,45068.35338602844
2030-04-18 10:00:00+00:00,44986.11709233539
2030-04-18 11:00:00+00:00,44932.66542770165
2030-04-18 12:00:00+00:00,44907.48463060177
2030-04-18 13:00:00+00:00,44896.7406358437
2030-04-18 14:00:00+00:00,44928.2176537947
2030-04-18 15:00:00+00:00,44949.4965560429
2030-04-18 16:00:00+00:00,44991.85184995836
2030-04-18 17:00:00+00:00,34382.6160884797
2030-04-18 18:00:00+00:00,20070.491938443498
2030-04-18 19:00:00+00:00,19943.537109232628
2030-04-18 20:00:00+00:00,19782.99996589498
2030-04-18 21:00:00+00:00,19692.746936807973
2030-04-18 22:00:00+00:00,19717.303575833037
2030-04-18 23:00:00+00:00,19794.89280402816
2030-04-19 00:00:00+00:00,22659.23598198245
2030-04-19 01:00:00+00:00,23729.721660264993
2030-04-19 02:00:00+00:00,26052.186450196758
2030-04-19 03:00:00+00:00,30254.629194890535
2030-04-19 04:00:00+00:00,30547.793247361406
2030-04-19 05:00:00+00:00,27814.59414693548
2030-04-19 06:00:00+00:00,29320.885813385343
2030-04-19 07:00:00+00:00,29859.766954028993
2030-04-19 08:00:00+00:00,28840.497736645426
2030-04-19 09:00:00+00:00,27557.866763378624
2030-04-19 10:00:00+00:00,26377.68816947844
2030-04-19 11:00:00+00:00,25510.33194080799
2030-04-19 12:00:00+00:00,25315.81398039289
2030-04-19 13:00:00+00:00,25476.635812224256
2030-04-19 14:00:00+00:00,26331.272580002562
2030-04-19 15:00:00+00:00,27116.609653470354
2030-04-19 16:00:00+00:00,27225.070283105968
2030-04-19 17:00:00+00:00,18686.583665689446
2030-04-19 18:00:00+00:00,11136.256662481474
2030-04-19 19:00:00+00:00,11982.295326652675
2030-04-19 20:00:00+00:00,10748.682508599697
2030-04-19 21:00:00+00:00,12924.687933218047
2030-04-19 22:00:00+00:00,13670.916817854593
2030-04-19 23:00:00+00:00,14431.577442406857
2030-04-20 00:00:00+00:00,18256.74644952723
2030-04-20 01:00:00+00:00,19220.71258978105
2030-04-20 02:00:00+00:00,22863.425584342283
2030-04-20 03:00:00+00:00,23983.286742852957
2030-04-20 04:00:00+00:00,24256.67948977779
2030-04-20 05:00:00+00:00,24716.918588951605
2030-04-20 06:00:00+00:00,26597.958350879184
2030-04-20 07:00:00+00:00,30782.855727506518
2030-04-20 08:00:00+00:00,33673.75376038729
2030-04-20 09:00:00+00:00,37203.52474882678
2030-04-20 10:00:00+00:00,36591.348237094135
2030-04-20 11:00:00+00:00,41097.65790353247
2030-04-20 12:00:00+00:00,49777.784600620405
2030-04-20 13:00:00+00:00,40706.1261298953
2030-04-20 14:00:00+00:00,37208.72074831449
2030-04-20 15:00:00+00:00,37673.03925643147
2030-04-20 16:00:00+00:00,30617.568071097463
2030-04-20 17:00:00+00:00,21410.305019626907
2030-04-20 18:00:00+00:00,14316.176849015912
2030-04-20 19:00:00+00:00,13176.134132999776
2030-04-20 20:00:00+00:00,11757.238155929519
2030-04-20 21:00:00+00:00,8474.697836906778
2030-04-20 22:00:00+00:00,8809.549091838924
2030-04-20 23:00:00+00:00,8991.869707316959
2030-04-21 00:00:00+00:00,8987.369519146223
2030-04-21 01:00:00+00:00,10329.070699095033
2030-04-21 02:00:00+00:00,13488.20755737126
2030-04-21 03:00:00+00:00,14453.336660442272
2030-04-21 04:00:00+00:00,14729.579525335863
2030-04-21 05:00:00+00:00,14371.365510694566
2030-04-21 06:00:00+00:00,14126.20799076748
2030-04-21 07:00:00+00:00,13988.679568502506
2030-04-21 08:00:00+00:00,28290.02573363547
2030-04-21 09:00:00+00:00,28204.89082960252
2030-04-21 10:00:00+00:00,28106.167652477397
2030-04-21 11:00:00+00:00,27961.645244953732
2030-04-21 12:00:00+00:00,27778.552990316173
2030-04-21 13:00:00+00:00,27867.973649211886
2030-04-21 14:00:00+00:00,28215.646169714222
2030-04-21 15:00:00+00:00,26991.2836736804
2030-04-21 16:00:00+00:00,16012.087948938006
2030-04-21 17:00:00+00:00,8065.202949650559
2030-04-21 18:00:00+00:00,7784.562493468969
2030-04-21 19:00:00+00:00,7528.459621928917
2030-04-21 20:00:00+00:00,7118.7280864669865
2030-04-21 21:00:00+00:00,6721.656000849718
2030-04-21 22:00:00+00:00,6520.500948346785
2030-04-21 23:00:00+00:00,6582.280153884821
2030-04-22 00:00:00+00:00,6378.337865669505
2030-04-22 01:00:00+00:00,6525.212124719074
2030-04-22 02:00:00+00:00,6957.7712821236655
2030-04-22 03:00:00+00:00,7672.871234273148
2030-04-22 04:00:00+00:00,7859.212220295849
2030-04-22 05:00:00+00:00,7722.448206911155
2030-04-22 06:00:00+00:00,7589.227904693578
2030-04-22 07:00:00+00:00,13243.398774522726
2030-04-22 08:00:00+00:00,28070.31411674108
2030-04-22 09:00:00+00:00,31076.69028134017
2030-04-22 10:00:00+00:00,47910.84783042935
2030-04-22 11:00:00+00:00,48480.83276192039
2030-04-22 12:00:00+00:00,48298.375181670315
2030-04-22 13:00:00+00:00,41133.41986612773
2030-04-22 14:00:00+00:00,28698.65429180715
2030-04-22 15:00:00+00:00,24254.901265246885
2030-04-22 16:00:00+00:00,25138.691571276082
2030-04-22 17:00:00+00:00,19015.25885085605
2030-04-22 18:00:00+00:00,14018.023791787766
2030-04-22 19:00:00+00:00,13747.358081801447
2030-04-22 20:00:00+00:00,12147.573851275036
2030-04-22 21:00:00+00:00,12452.733659746478
2030-04-22 22:00:00+00:00,13928.019312381024
2030-04-22 23:00:00+00:00,14485.736449158958
2030-04-23 00:00:00+00:00,15186.721906725657
2030-04-23 01:00:00+00:00,16017.491279167589
2030-04-23 02:00:00+00:00,15795.03066292855
2030-04-23 03:00:00+00:00,17009.679396529034
2030-04-23 04:00:00+00:00,13928.78784551193
2030-04-23 05:00:00+00:00,10549.747713920451
2030-04-23 06:00:00+00:00,10141.864522882881
2030-04-23 07:00:00+00:00,23081.13958684898
2030-04-23 08:00:00+00:00,26822.668127028195
2030-04-23 09:00:00+00:00,26386.263240742603
2030-04-23 10:00:00+00:00,26068.634339491422
2030-04-23 11:00:00+00:00,38103.35715867245
2030-04-23 12:00:00+00:00,36142.420255502584
2030-04-23 13:00:00+00:00,29481.422054105376
2030-04-23 14:00:00+00:00,25947.587628259967
2030-04-23 15:00:00+00:00,26089.689259136372
2030-04-23 16:00:00+00:00,15836.224094713165
2030-04-23 17:00:00+00:00,5819.6736158195
2030-04-23 18:00:00+00:00,5733.919515964348
2030-04-23 19:00:00+00:00,5448.601434272572
2030-04-23 20:00:00+00:00,5086.407451880396
2030-04-23 21:00:00+00:00,4888.4580699371745
2030-04-23 22:00:00+00:00,4974.32872643841
2030-04-23 23:00:00+00:00,5109.758130137679
2030-04-24 00:00:00+00:00,3497.095201357383
2030-04-24 01:00:00+00:00,3653.8731580171725
2030-04-24 02:00:00+00:00,3957.605110096448
2030-04-24 03:00:00+00:00,4349.501831187914
2030-04-24 04:00:00+00:00,4481.002023567479
2030-04-24 05:00:00+00:00,4406.299555559143
2030-04-24 06:00:00+00:00,4200.936478514349
2030-04-24 07:00:00+00:00,20293.74211665683
2030-04-24 08:00:00+00:00,24710.093251849303
2030-04-24 09:00:00+00:00,44837.591840082445
2030-04-24 10:00:00+00:00,44735.592388240344
2030-04-24 11:00:00+00:00,44672.03582925329
2030-04-24 12:00:00+00:00,44636.372836255316
2030-04-24 13:00:00+00:00,44623.3846177451
2030-04-24 14:00:00+00:00,44622.06842612974
2030-04-24 15:00:00+00:00,42098.93407686816
2030-04-24 16:00:00+00:00,19781.25876689552
2030-04-24 17:00:00+00:00,3476.2621022708518
2030-04-24 18:00:00+00:00,3461.7383517707794
2030-04-24 19:00:00+00:00,3388.5917281298553
2030-04-24 20:00:00+00:00,3274.0260923983005
2030-04-24 21:00:00+00:00,3215.590145794947
2030-04-24 22:00:00+00:00,3258.82166002003
2030-04-24 23:00:00+00:00,3319.25066763119
2030-04-25 00:00:00+00:00,2715.6378094242946
2030-04-25 01:00:00+00:00,2774.346019778133
2030-04-25 02:00:00+00:00,2882.4304616268705
2030-04-25 03:00:00+00:00,3019.5340393702527
2030-04-25 04:00:00+00:00,3067.607672814922
2030-04-25 05:00:00+00:00,3042.4382970725687
2030-04-25 06:00:00+00:00,2953.7996836904836
2030-04-25 07:00:00+00:00,12793.241889141538
2030-04-25 08:00:00+00:00,19066.881074538087
2030-04-25 09:00:00+00:00,23530.850964190344
2030-04-25 10:00:00+00:00,43806.62202841064
2030-04-25 11:00:00+00:00,43796.5962908443
2030-04-25 12:00:00+00:00,43779.49117906553
2030-04-25 13:00:00+00:00,35501.66230092227
2030-04-25 14:00:00+00:00,18901.93771690575
2030-04-25 15:00:00+00:00,18905.25906853549
2030-04-25 16:00:00+00:00,15299.10311744564
2030-04-25 17:00:00+00:00,2614.063983525848
2030-04-25 18:00:00+00:00,2619.0731814256146
2030-04-25 19:00:00+00:00,2610.8840141154446
2030-04-25 20:00:00+00:00,2588.3492626708053
2030-04-25 21:00:00+00:00,2574.6832959088156
2030-04-25 22:00:00+00:00,2591.3055310062564
2030-04-25 23:00:00+00:00,2614.352151682554
2030-04-26 00:00:00+00:00,4273.693685588297
2030-04-26 01:00:00+00:00,4529.4037446804105
2030-04-26 02:00:00+00:00,5062.018941014647
2030-04-26 03:00:00+00:00,5761.781720695898
2030-04-26 04:00:00+00:00,5979.582492962237
2030-04-26 05:00:00+00:00,5843.694794078275
2030-04-26 06:00:00+00:00,5629.4441891367005
2030-04-26 07:00:00+00:00,5424.377416072195
2030-04-26 08:00:00+00:00,5213.188038176231
2030-04-26 09:00:00+00:00,5070.694454869523
2030-04-26 10:00:00+00:00,4960.009489737612
2030-04-26 11:00:00+00:00,4911.038668692743
2030-04-26 12:00:00+00:00,4908.937605888974
2030-04-26 13:00:00+00:00,4926.178529666028
2030-04-26 14:00:00+00:00,5003.860461656892
2030-04-26 15:00:00+00:00,5051.557386536737
2030-04-26 16:00:00+00:00,5112.4226644453865
2030-04-26 17:00:00+00:00,5128.002156954825
2030-04-26 18:00:00+00:00,5045.4572051224995
2030-04-26 19:00:00+00:00,4771.5178431759805
2030-04-26 20:00:00+00:00,4457.082640470122
2030-04-26 21:00:00+00:00,4287.098541820866
2030-04-26 22:00:00+00:00,4431.372362784691
2030-04-26 23:00:00+00:00,4476.013603707412
2030-04-27 00:00:00+00:00,10580.093000088753
2030-04-27 01:00:00+00:00,12012.469358960525
2030-04-27 02:00:00+00:00,14353.250849246291
2030-04-27 03:00:00+00:00,14837.18529854275
2030-04-27 04:00:00+00:00,14837.1941359869
2030-04-27 05:00:00+00:00,14837.184451793713
2030-04-27 06:00:00+00:00,14837.182951505065
2030-04-27 07:00:00+00:00,14837.166372244768
2030-04-27 08:00:00+00:00,14839.16917642519
2030-04-27 09:00:00+00:00,14632.08456633655
2030-04-27 10:00:00+00:00,14387.167423723575
2030-04-27 11:00:00+00:00,14392.531339413019
2030-04-27 12:00:00+00:00,14391.229664373011
2030-04-27 13:00:00+00:00,14413.220582009912
2030-04-27 14:00:00+00:00,14555.323903622868
2030-04-27 15:00:00+00:00,14618.653208014965
2030-04-27 16:00:00+00:00,14577.900111972003
2030-04-27 17:00:00+00:00,14595.238730250485
2030-04-27 18:00:00+00:00,14540.671085262453
2030-04-27 19:00:00+00:00,14327.927162918142
2030-04-27 20:00:00+00:00,13882.615650689328
2030-04-27 21:00:00+00:00,13369.088149425124
2030-04-27 22:00:00+00:00,10716.604977932573
2030-04-27 23:00:00+00:00,11530.45917928672
2030-04-28 00:00:00+00:00,11485.067583859098
2030-04-28 01:00:00+00:00,13463.541350332689
2030-04-28 02:00:00+00:00,14340.113066388014
2030-04-28 03:00:00+00:00,14837.184980642469
2030-04-28 04:00:00+00:00,14837.194010099753
2030-04-28 05:00:00+00:00,14837.184596920633
2030-04-28 06:00:00+00:00,14837.18364868445
2030-04-28 07:00:00+00:00,14839.16594382303
2030-04-28 08:00:00+00:00,14835.151072304101
2030-04-28 09:00:00+00:00,14598.467870678904
2030-04-28 10:00:00+00:00,14377.870266190886
2030-04-28 11:00:00+00:00,14560.455892790695
2030-04-28 12:00:00+00:00,14347.16128238551
2030-04-28 13:00:00+00:00,14395.542972190042
2030-04-28 14:00:00+00:00,14520.144942713736
2030-04-28 15:00:00+00:00,14583.611350374484
2030-04-28 16:00:00+00:00,14543.228822566944
2030-04-28 17:00:00+00:00,14560.412517840941
2030-04-28 18:00:00+00:00,14506.282026588018
2030-04-28 19:00:00+00:00,14319.141400877856
2030-04-28 20:00:00+00:00,13614.185849087102
2030-04-28 21:00:00+00:00,12529.466003712725
2030-04-28 22:00:00+00:00,9882.907488652578
2030-04-28 23:00:00+00:00,10957.998872226783
2030-04-29 00:00:00+00:00,8252.503850835321
2030-04-29 01:00:00+00:00,9559.478186600694
2030-04-29 02:00:00+00:00,13135.72353695194
2030-04-29 03:00:00+00:00,14398.862469691581
2030-04-29 04:00:00+00:00,14739.231911551387
2030-04-29 05:00:00+00:00,14502.557895761469
2030-04-29 06:00:00+00:00,14154.97045095929
2030-04-29 07:00:00+00:00,30258.015431294323
2030-04-29 08:00:00+00:00,30128.21929381572
2030-04-29 09:00:00+00:00,29511.20733217706
2030-04-29 10:00:00+00:00,28756.096023537644
2030-04-29 11:00:00+00:00,28310.809834306983
2030-04-29 12:00:00+00:00,28055.597792742596
2030-04-29 13:00:00+00:00,27989.30899669045
2030-04-29 14:00:00+00:00,28095.94554719767
2030-04-29 15:00:00+00:00,28112.454011462272
2030-04-29 16:00:00+00:00,15172.017206526421
2030-04-29 17:00:00+00:00,12425.531875623854
2030-04-29 18:00:00+00:00,11961.058610686832
2030-04-29 19:00:00+00:00,10748.69764684909
2030-04-29 20:00:00+00:00,8505.82654602515
2030-04-29 21:00:00+00:00,6841.697395465037
2030-04-29 22:00:00+00:00,6896.789329608787
2030-04-29 23:00:00+00:00,7259.196490930282
2030-04-30 00:00:00+00:00,7225.612580795461
2030-04-30 01:00:00+00:00,10170.944899417324
2030-04-30 02:00:00+00:00,10548.914681579377
2030-04-30 03:00:00+00:00,13303.945062339155
2030-04-30 04:00:00+00:00,13955.628999599909
2030-04-30 05:00:00+00:00,13483.646483870485
2030-04-30 06:00:00+00:00,12157.709637918695
2030-04-30 07:00:00+00:00,10812.907191428376
2030-04-30 08:00:00+00:00,24007.397192388056
2030-04-30 09:00:00+00:00,23361.147304607555
2030-04-30 10:00:00+00:00,23052.376244127106
2030-04-30 11:00:00+00:00,22912.302880313266
2030-04-30 12:00:00+00:00,22849.036762715416
2030-04-30 13:00:00+00:00,22826.893503748848
2030-04-30 14:00:00+00:00,22888.551863076038
2030-04-30 15:00:00+00:00,22922.580036699033
2030-04-30 16:00:00+00:00,22860.4484592484
2030-04-30 17:00:00+00:00,13816.49184475903
2030-04-30 18:00:00+00:00,12235.299962119398
2030-04-30 19:00:00+00:00,12264.241457190463
2030-04-30 20:00:00+00:00,11723.681706476347
2030-04-30 21:00:00+00:00,11638.991694355083
2030-04-30 22:00:00+00:00,11828.31567916167
2030-04-30 23:00:00+00:00,12082.59779047409
2030-05-01 00:00:00+00:00,12126.496408370027
2030-05-01 01:00:00+00:00,13013.689147562136
2030-05-01 02:00:00+00:00,13851.011965318005
2030-05-01 03:00:00+00:00,14562.86585398623
2030-05-01 04:00:00+00:00,14559.008110499883
2030-05-01 05:00:00+00:00,13686.317059790745
2030-05-01 06:00:00+00:00,15061.403663268617
2030-05-01 07:00:00+00:00,22725.476023298106
2030-05-01 08:00:00+00:00,22453.163767384955
2030-05-01 09:00:00+00:00,22229.850394392004
2030-05-01 10:00:00+00:00,22048.92394855297
2030-05-01 11:00:00+00:00,21924.018145401442
2030-05-01 12:00:00+00:00,25418.69109597889
2030-05-01 13:00:00+00:00,21834.516441174488
2030-05-01 14:00:00+00:00,21879.025292570976
2030-05-01 15:00:00+00:00,21913.30923584023
2030-05-01 16:00:00+00:00,20962.330048174063
2030-05-01 17:00:00+00:00,5667.631508787379
2030-05-01 18:00:00+00:00,5569.4933282743805
2030-05-01 19:00:00+00:00,5266.891280909041
2030-05-01 20:00:00+00:00,4911.645303811152
2030-05-01 21:00:00+00:00,4708.010929886293
2030-05-01 22:00:00+00:00,4756.215301232485
2030-05-01 23:00:00+00:00,4868.133113883157
2030-05-02 00:00:00+00:00,4849.933012681998
2030-05-02 01:00:00+00:00,5175.442103886691
2030-05-02 02:00:00+00:00,5849.7388041511285
2030-05-02 03:00:00+00:00,6660.184120110544
2030-05-02 04:00:00+00:00,6777.712678215403
2030-05-02 05:00:00+00:00,6691.366385832568
2030-05-02 06:00:00+00:00,6467.9637188301995
2030-05-02 07:00:00+00:00,6141.732271932726
2030-05-02 08:00:00+00:00,5811.942432314164
2030-05-02 09:00:00+00:00,5581.694648783358
2030-05-02 10:00:00+00:00,5394.266519153189
2030-05-02 11:00:00+00:00,15462.891149779174
2030-05-02 12:00:00+00:00,13249.278162341172
2030-05-02 13:00:00+00:00,5204.318767233379
2030-05-02 14:00:00+00:00,5252.846489695915
2030-05-02 15:00:00+00:00,5297.7000664237285
2030-05-02 16:00:00+00:00,5365.985732015186
2030-05-02 17:00:00+00:00,5388.29322060304
2030-05-02 18:00:00+00:00,5310.9449300875685
2030-05-02 19:00:00+00:00,5021.311417308257
2030-05-02 20:00:00+00:00,4682.197385640455
2030-05-02 21:00:00+00:00,4495.3592742144865
2030-05-02 22:00:00+00:00,4529.1567057442635
2030-05-02 23:00:00+00:00,4625.3282114432
2030-05-03 00:00:00+00:00,4772.021357304705
2030-05-03 01:00:00+00:00,5083.672593636605
2030-05-03 02:00:00+00:00,5741.844381090637
2030-05-03 03:00:00+00:00,6590.046557357457
2030-05-03 04:00:00+00:00,6972.884400914449
2030-05-03 05:00:00+00:00,6672.319119072019
2030-05-03 06:00:00+00:00,6384.2714956192085
2030-05-03 07:00:00+00:00,6089.608237860021
2030-05-03 08:00:00+00:00,5794.215652448408
2030-05-03 09:00:00+00:00,5579.42129626689
2030-05-03 10:00:00+00:00,8271.91595113658
2030-05-03 11:00:00+00:00,14374.060235130586
2030-05-03 12:00:00+00:00,12916.211176230616
2030-05-03 13:00:00+00:00,5225.161904650503
2030-05-03 14:00:00+00:00,5280.222036692531
2030-05-03 15:00:00+00:00,5303.5039270798925
2030-05-03 16:00:00+00:00,5363.361419596248
2030-05-03 17:00:00+00:00,5377.247306944649
2030-05-03 18:00:00+00:00,5287.896911235583
2030-05-03 19:00:00+00:00,5006.023334010233
2030-05-03 20:00:00+00:00,4675.598336621667
2030-05-03 21:00:00+00:00,4487.494795948077
2030-05-03 22:00:00+00:00,4659.084496653806
2030-05-03 23:00:00+00:00,4711.279088323128
2030-05-04 00:00:00+00:00,4707.72134707799
2030-05-04 01:00:00+00:00,5139.530295588734
2030-05-04 02:00:00+00:00,5792.28287542273
2030-05-04 03:00:00+00:00,6143.93717913887
2030-05-04 04:00:00+00:00,6304.765904094427
2030-05-04 05:00:00+00:00,6111.734132281472
2030-05-04 06:00:00+00:00,5808.047879491479
2030-05-04 07:00:00+00:00,22510.593545120795
2030-05-04 08:00:00+00:00,46505.46911120593
2030-05-04 09:00:00+00:00,46273.83849406288
2030-05-04 10:00:00+00:00,46058.530287967995
2030-05-04 11:00:00+00:00,46024.53510150462
2030-05-04 12:00:00+00:00,45985.78490734734
2030-05-04 13:00:00+00:00,45992.678431613895
2030-05-04 14:00:00+00:00,46061.9913614345
2030-05-04 15:00:00+00:00,46123.72719162446
2030-05-04 16:00:00+00:00,46136.37557836012
2030-05-04 17:00:00+00:00,21296.01943044871
2030-05-04 18:00:00+00:00,8737.895916010297
2030-05-04 19:00:00+00:00,8036.927855042589
2030-05-04 20:00:00+00:00,7522.101866800056
2030-05-04 21:00:00+00:00,7250.203586502182
2030-05-04 22:00:00+00:00,7138.234443254878
2030-05-04 23:00:00+00:00,7138.009076267703
2030-05-05 00:00:00+00:00,6539.150396232178
2030-05-05 01:00:00+00:00,6814.671120441408
2030-05-05 02:00:00+00:00,7155.066507342294
2030-05-05 03:00:00+00:00,7286.591275293237
2030-05-05 04:00:00+00:00,7382.926795031384
2030-05-05 05:00:00+00:00,7275.34407284401
2030-05-05 06:00:00+00:00,11042.205001594351
2030-05-05 07:00:00+00:00,20505.292114637235
2030-05-05 08:00:00+00:00,22314.001241844886
2030-05-05 09:00:00+00:00,36972.260911320554
2030-05-05 10:00:00+00:00,44933.81211876185
2030-05-05 11:00:00+00:00,44901.92174734762
2030-05-05 12:00:00+00:00,44878.27115768598
2030-05-05 13:00:00+00:00,37860.906343140894
2030-05-05 14:00:00+00:00,21970.49488690694
2030-05-05 15:00:00+00:00,22072.63804531487
2030-05-05 16:00:00+00:00,20093.447099913494
2030-05-05 17:00:00+00:00,3835.470409967458
2030-05-05 18:00:00+00:00,3845.110922484917
2030-05-05 19:00:00+00:00,3743.7888821455417
2030-05-05 20:00:00+00:00,3588.278581009884
2030-05-05 21:00:00+00:00,3493.2515213304537
2030-05-05 22:00:00+00:00,3454.166777423821
2030-05-05 23:00:00+00:00,3525.7022914908825
2030-05-06 00:00:00+00:00,3301.9635534413433
2030-05-06 01:00:00+00:00,3442.83221375669
2030-05-06 02:00:00+00:00,3725.121596520129
2030-05-06 03:00:00+00:00,4077.0351918451242
2030-05-06 04:00:00+00:00,4194.266385282159
2030-05-06 05:00:00+00:00,4128.632838345385
2030-05-06 06:00:00+00:00,3944.9416004510767
2030-05-06 07:00:00+00:00,20052.269771640826
2030-05-06 08:00:00+00:00,19914.839367464887
2030-05-06 09:00:00+00:00,21305.028852718293
2030-05-06 10:00:00+00:00,31252.288027334725
2030-05-06 11:00:00+00:00,37887.45911566631
2030-05-06 12:00:00+00:00,34448.94795330585
2030-05-06 13:00:00+00:00,21267.963434238754
2030-05-06 14:00:00+00:00,19653.38142525405
2030-05-06 15:00:00+00:00,19663.67594187633
2030-05-06 16:00:00+00:00,6071.923579413796
2030-05-06 17:00:00+00:00,3385.2581567787647
2030-05-06 18:00:00+00:00,3369.484454144652
2030-05-06 19:00:00+00:00,3284.5981308319833
2030-05-06 20:00:00+00:00,3178.7110198746877
2030-05-06 21:00:00+00:00,3123.873583848885
2030-05-06 22:00:00+00:00,3148.390903792503
2030-05-06 23:00:00+00:00,3193.1069465028713
2030-05-07 00:00:00+00:00,2955.1514751258533
2030-05-07 01:00:00+00:00,3045.2780290646415
2030-05-07 02:00:00+00:00,3225.36663234404
2030-05-07 03:00:00+00:00,3455.080095818012
2030-05-07 04:00:00+00:00,3525.8272059995297
2030-05-07 05:00:00+00:00,3477.4195409925487
2030-05-07 06:00:00+00:00,3377.3839497441563
2030-05-07 07:00:00+00:00,3271.8954869159693
2030-05-07 08:00:00+00:00,19478.31951219384
2030-05-07 09:00:00+00:00,19400.20499784306
2030-05-07 10:00:00+00:00,19337.368792024434
2030-05-07 11:00:00+00:00,19299.447836826657
2030-05-07 12:00:00+00:00,19277.55405377056
2030-05-07 13:00:00+00:00,19269.79887994944
2030-05-07 14:00:00+00:00,19278.748949531717
2030-05-07 15:00:00+00:00,19290.300182134833
2030-05-07 16:00:00+00:00,17729.421134800414
2030-05-07 17:00:00+00:00,15351.083604345386
2030-05-07 18:00:00+00:00,11381.394460860458
2030-05-07 19:00:00+00:00,11015.751628916929
2030-05-07 20:00:00+00:00,10874.233885099526
2030-05-07 21:00:00+00:00,11657.640550693695
2030-05-07 22:00:00+00:00,12423.41309554367
2030-05-07 23:00:00+00:00,12584.409103074286
2030-05-08 00:00:00+00:00,12919.390592493608
2030-05-08 01:00:00+00:00,13822.702861051699
2030-05-08 02:00:00+00:00,14761.776997052917
2030-05-08 03:00:00+00:00,14775.697899756955
2030-05-08 04:00:00+00:00,14448.568721198042
2030-05-08 05:00:00+00:00,14660.711063075303
2030-05-08 06:00:00+00:00,19195.862368851696
2030-05-08 07:00:00+00:00,20339.648460993732
2030-05-08 08:00:00+00:00,20217.793845865992
2030-05-08 09:00:00+00:00,35863.40492527059
2030-05-08 10:00:00+00:00,44043.25681141429
2030-05-08 11:00:00+00:00,44016.77808279375
2030-05-08 12:00:00+00:00,44002.69981800036
2030-05-08 13:00:00+00:00,26513.230098905085
2030-05-08 14:00:00+00:00,20146.18585380877
2030-05-08 15:00:00+00:00,36518.182292423604
2030-05-08 16:00:00+00:00,20124.239849319227
2030-05-08 17:00:00+00:00,19163.315918313074
2030-05-08 18:00:00+00:00,19152.893283745623
2030-05-08 19:00:00+00:00,19102.714171880052
2030-05-08 20:00:00+00:00,19038.768576586
2030-05-08 21:00:00+00:00,19005.56999087799
2030-05-08 22:00:00+00:00,19017.694922516424
2030-05-08 23:00:00+00:00,19044.854696330436
2030-05-09 00:00:00+00:00,19826.020887952003
2030-05-09 01:00:00+00:00,19993.498564356854
2030-05-09 02:00:00+00:00,20345.496393034522
2030-05-09 03:00:00+00:00,20800.484033020122
2030-05-09 04:00:00+00:00,20945.45858561772
2030-05-09 05:00:00+00:00,20855.932540354104
2030-05-09 06:00:00+00:00,20688.53806626638
2030-05-09 07:00:00+00:00,22676.942126975602
2030-05-09 08:00:00+00:00,29438.667511515778
2030-05-09 09:00:00+00:00,45140.42217876034
2030-05-09 10:00:00+00:00,45049.55261887626
2030-05-09 11:00:00+00:00,44999.171608068646
2030-05-09 12:00:00+00:00,44976.29996155907
2030-05-09 13:00:00+00:00,44959.09893608742
2030-05-09 14:00:00+00:00,44994.95719739302
2030-05-09 15:00:00+00:00,45023.984206297566
2030-05-09 16:00:00+00:00,31472.491404593602
2030-05-09 17:00:00+00:00,22273.00772731241
2030-05-09 18:00:00+00:00,22181.51734161297
2030-05-09 19:00:00+00:00,21849.793911464294
2030-05-09 20:00:00+00:00,21409.98173637309
2030-05-09 21:00:00+00:00,21059.096809329345
2030-05-09 22:00:00+00:00,20985.565077874347
2030-05-09 23:00:00+00:00,21083.423109007355
2030-05-10 00:00:00+00:00,23452.320009008825
2030-05-10 01:00:00+00:00,24010.094656578574
2030-05-10 02:00:00+00:00,25369.91505065761
2030-05-10 03:00:00+00:00,27479.754084230888
2030-05-10 04:00:00+00:00,28329.923503791928
2030-05-10 05:00:00+00:00,27805.314902223963
2030-05-10 06:00:00+00:00,27017.924221566907
2030-05-10 07:00:00+00:00,26522.36183246247
2030-05-10 08:00:00+00:00,26039.817859237304
2030-05-10 09:00:00+00:00,33930.81575146469
2030-05-10 10:00:00+00:00,25531.48429537916
2030-05-10 11:00:00+00:00,44290.98314421531
2030-05-10 12:00:00+00:00,46587.87409119561
2030-05-10 13:00:00+00:00,46571.936270065074
2030-05-10 14:00:00+00:00,46629.91254246161
2030-05-10 15:00:00+00:00,46667.26084708189
2030-05-10 16:00:00+00:00,35296.92580921343
2030-05-10 17:00:00+00:00,21875.777147502344
2030-05-10 18:00:00+00:00,21776.341312695247
2030-05-10 19:00:00+00:00,21458.93184893952
2030-05-10 20:00:00+00:00,21096.757650239048
2030-05-10 21:00:00+00:00,20891.928857916297
2030-05-10 22:00:00+00:00,21052.334650083583
2030-05-10 23:00:00+00:00,21098.454457133455
2030-05-11 00:00:00+00:00,21222.964552041263
2030-05-11 01:00:00+00:00,21681.76328637588
2030-05-11 02:00:00+00:00,22375.500724508198
2030-05-11 03:00:00+00:00,22753.0915175836
2030-05-11 04:00:00+00:00,22918.09667061415
2030-05-11 05:00:00+00:00,22691.711622945917
2030-05-11 06:00:00+00:00,22396.839583185225
2030-05-11 07:00:00+00:00,47022.21470134963
2030-05-11 08:00:00+00:00,46799.61604340578
2030-05-11 09:00:00+00:00,46587.256590964884
2030-05-11 10:00:00+00:00,46372.94099104227
2030-05-11 11:00:00+00:00,46338.81704421065
2030-05-11 12:00:00+00:00,46306.67632761381
2030-05-11 13:00:00+00:00,46326.147512365045
2030-05-11 14:00:00+00:00,46431.58928886636
2030-05-11 15:00:00+00:00,46511.08704635993
2030-05-11 16:00:00+00:00,46539.75257022076
2030-05-11 17:00:00+00:00,46580.93256854984
2030-05-11 18:00:00+00:00,25337.658740586638
2030-05-11 19:00:00+00:00,24773.197838236883
2030-05-11 20:00:00+00:00,23924.49944670316
2030-05-11 21:00:00+00:00,23227.974178685814
2030-05-11 22:00:00+00:00,23029.756563708917
2030-05-11 23:00:00+00:00,23121.750848178464
2030-05-12 00:00:00+00:00,24346.76393978786
2030-05-12 01:00:00+00:00,25220.744695046986
2030-05-12 02:00:00+00:00,27403.414430490193
2030-05-12 03:00:00+00:00,29002.176374586237
2030-05-12 04:00:00+00:00,38688.25577120962
2030-05-12 05:00:00+00:00,34391.61512759894
2030-05-12 06:00:00+00:00,48116.79692447734
2030-05-12 07:00:00+00:00,47755.354341603066
2030-05-12 08:00:00+00:00,47507.18127777432
2030-05-12 09:00:00+00:00,47253.67478466959
2030-05-12 10:00:00+00:00,46992.80149969799
2030-05-12 11:00:00+00:00,46943.386809617776
2030-05-12 12:00:00+00:00,46912.90272526344
2030-05-12 13:00:00+00:00,46939.29184412562
2030-05-12 14:00:00+00:00,47064.04146706461
2030-05-12 15:00:00+00:00,47146.707711275376
2030-05-12 16:00:00+00:00,47178.29508200568
2030-05-12 17:00:00+00:00,27977.92363839786
2030-05-12 18:00:00+00:00,26613.74384262521
2030-05-12 19:00:00+00:00,25927.683592364083
2030-05-12 20:00:00+00:00,24921.658767116427
2030-05-12 21:00:00+00:00,24097.9426374675
2030-05-12 22:00:00+00:00,23675.561143484916
2030-05-12 23:00:00+00:00,24523.32435832178
2030-05-13 00:00:00+00:00,39867.01379113192
2030-05-13 01:00:00+00:00,42513.72884714827
2030-05-13 02:00:00+00:00,46519.01867405063
2030-05-13 03:00:00+00:00,47283.74941089522
2030-05-13 04:00:00+00:00,47502.81231275274
2030-05-13 05:00:00+00:00,39732.21923378682
2030-05-13 06:00:00+00:00,47058.45400610489
2030-05-13 07:00:00+00:00,46784.586118515304
2030-05-13 08:00:00+00:00,46526.98749003638
2030-05-13 09:00:00+00:00,46348.73302051061
2030-05-13 10:00:00+00:00,46199.89695770161
2030-05-13 11:00:00+00:00,46103.67837912256
2030-05-13 12:00:00+00:00,46060.70222957283
2030-05-13 13:00:00+00:00,46040.011035953416
2030-05-13 14:00:00+00:00,46078.84676785242
2030-05-13 15:00:00+00:00,46095.695663643295
2030-05-13 16:00:00+00:00,46143.684192528475
2030-05-13 17:00:00+00:00,26890.61772042862
2030-05-13 18:00:00+00:00,21227.355691780638
2030-05-13 19:00:00+00:00,21822.643285966507
2030-05-13 20:00:00+00:00,23088.323829616722
2030-05-13 21:00:00+00:00,22510.801643121096
2030-05-13 22:00:00+00:00,22393.361416479594
2030-05-13 23:00:00+00:00,22558.294018820747
2030-05-14 00:00:00+00:00,22007.754030079657
2030-05-14 01:00:00+00:00,22394.960781737416
2030-05-14 02:00:00+00:00,23328.034122801535
2030-05-14 03:00:00+00:00,24694.411009365882
2030-05-14 04:00:00+00:00,21889.105003214696
2030-05-14 05:00:00+00:00,20748.94259156622
2030-05-14 06:00:00+00:00,21505.365050873042
2030-05-14 07:00:00+00:00,24038.294863982646
2030-05-14 08:00:00+00:00,23680.826906495695
2030-05-14 09:00:00+00:00,23433.694313798173
2030-05-14 10:00:00+00:00,23252.54876804291
2030-05-14 11:00:00+00:00,23128.203621677287
2030-05-14 12:00:00+00:00,27854.194135548903
2030-05-14 13:00:00+00:00,24096.466758504343
2030-05-14 14:00:00+00:00,23184.743412666583
2030-05-14 15:00:00+00:00,23269.690991317635
2030-05-14 16:00:00+00:00,20714.89647075746
2030-05-14 17:00:00+00:00,20725.651677479138
2030-05-14 18:00:00+00:00,20670.160475068333
2030-05-14 19:00:00+00:00,20483.22430660359
2030-05-14 20:00:00+00:00,20251.653574406177
2030-05-14 21:00:00+00:00,20117.098849263617
2030-05-14 22:00:00+00:00,20142.63005020055
2030-05-14 23:00:00+00:00,20209.9174951822
2030-05-15 00:00:00+00:00,21507.82683721983
2030-05-15 01:00:00+00:00,21882.173366857565
2030-05-15 02:00:00+00:00,22679.075756189348
2030-05-15 03:00:00+00:00,24552.321838468655
2030-05-15 04:00:00+00:00,26505.06025193763
2030-05-15 05:00:00+00:00,25236.725482680773
2030-05-15 06:00:00+00:00,24076.96890455382
2030-05-15 07:00:00+00:00,23314.814412641965
2030-05-15 08:00:00+00:00,27186.913991032543
2030-05-15 09:00:00+00:00,26799.87782778759
2030-05-15 10:00:00+00:00,26510.836775151754
2030-05-15 11:00:00+00:00,26322.91971126013
2030-05-15 12:00:00+00:00,26269.226924946324
2030-05-15 13:00:00+00:00,26295.547785949107
2030-05-15 14:00:00+00:00,26496.41926020447
2030-05-15 15:00:00+00:00,22376.21943636528
2030-05-15 16:00:00+00:00,6979.014966321534
2030-05-15 17:00:00+00:00,6178.968670154326
2030-05-15 18:00:00+00:00,6053.140743208376
2030-05-15 19:00:00+00:00,5682.153456079861
2030-05-15 20:00:00+00:00,5253.290792627578
2030-05-15 21:00:00+00:00,5017.276301164368
2030-05-15 22:00:00+00:00,5072.456830991447
2030-05-15 23:00:00+00:00,5195.970786950163
2030-05-16 00:00:00+00:00,6312.754479597047
2030-05-16 01:00:00+00:00,6458.979404445073
2030-05-16 02:00:00+00:00,6889.621631853589
2030-05-16 03:00:00+00:00,7601.483704772817
2030-05-16 04:00:00+00:00,7786.99615669655
2030-05-16 05:00:00+00:00,7650.849752437429
2030-05-16 06:00:00+00:00,7518.326396260797
2030-05-16 07:00:00+00:00,7386.303698845703
2030-05-16 08:00:00+00:00,7256.600392919927
2030-05-16 09:00:00+00:00,7165.96852628722
2030-05-16 10:00:00+00:00,7108.568274699868
2030-05-16 11:00:00+00:00,7064.368832546142
2030-05-16 12:00:00+00:00,7058.888879409756
2030-05-16 13:00:00+00:00,7078.263317495039
2030-05-16 14:00:00+00:00,7149.389097644023
2030-05-16 15:00:00+00:00,7214.7449779531225
2030-05-16 16:00:00+00:00,7277.223094004749
2030-05-16 17:00:00+00:00,7298.774235908668
2030-05-16 18:00:00+00:00,7237.849353670539
2030-05-16 19:00:00+00:00,6784.842044937952
2030-05-16 20:00:00+00:00,6232.680608948924
2030-05-16 21:00:00+00:00,5934.598330649181
2030-05-16 22:00:00+00:00,6016.622827717009
2030-05-16 23:00:00+00:00,6182.998459025841
2030-05-17 00:00:00+00:00,5938.844921853828
2030-05-17 01:00:00+00:00,6262.765109700722
2030-05-17 02:00:00+00:00,6638.5861675869955
2030-05-17 03:00:00+00:00,7259.8781171451365
2030-05-17 04:00:00+00:00,7421.7530957485915
2030-05-17 05:00:00+00:00,7302.956407227907
2030-05-17 06:00:00+00:00,7187.2665019819515
2030-05-17 07:00:00+00:00,10593.091249129247
2030-05-17 08:00:00+00:00,23616.239988646583
2030-05-17 09:00:00+00:00,23229.818219114688
2030-05-17 10:00:00+00:00,22928.015811229343
2030-05-17 11:00:00+00:00,22828.41381437578
2030-05-17 12:00:00+00:00,22760.04087072211
2030-05-17 13:00:00+00:00,22405.236858113676
2030-05-17 14:00:00+00:00,22402.974684915647
2030-05-17 15:00:00+00:00,22397.798266483616
2030-05-17 16:00:00+00:00,6677.316216755703
2030-05-17 17:00:00+00:00,6981.264988255282
2030-05-17 18:00:00+00:00,7005.301734289462
2030-05-17 19:00:00+00:00,6144.59459585237
2030-05-17 20:00:00+00:00,5673.211798628834
2030-05-17 21:00:00+00:00,5400.164076973701
2030-05-17 22:00:00+00:00,5631.64761107571
2030-05-17 23:00:00+00:00,5694.526458225365
2030-05-18 00:00:00+00:00,5830.071468725699
2030-05-18 01:00:00+00:00,6833.653171494073
2030-05-18 02:00:00+00:00,8797.163041137066
2030-05-18 03:00:00+00:00,11891.882946077581
2030-05-18 04:00:00+00:00,12440.11428757879
2030-05-18 05:00:00+00:00,11735.991480226954
2030-05-18 06:00:00+00:00,17381.540243020547
2030-05-18 07:00:00+00:00,23688.67744353885
2030-05-18 08:00:00+00:00,23002.796593097664
2030-05-18 09:00:00+00:00,22714.972976778077
2030-05-18 10:00:00+00:00,22439.42361693459
2030-05-18 11:00:00+00:00,22404.349490551074
2030-05-18 12:00:00+00:00,22383.248783275085
2030-05-18 13:00:00+00:00,22421.890008492668
2030-05-18 14:00:00+00:00,22582.257475905717
2030-05-18 15:00:00+00:00,22690.246287186597
2030-05-18 16:00:00+00:00,22732.046693537217
2030-05-18 17:00:00+00:00,9289.459216721094
2030-05-18 18:00:00+00:00,6508.902609903222
2030-05-18 19:00:00+00:00,6146.942161916259
2030-05-18 20:00:00+00:00,5666.596699656461
2030-05-18 21:00:00+00:00,5377.130206381095
2030-05-18 22:00:00+00:00,5378.606875037728
2030-05-18 23:00:00+00:00,5428.3000743444145
2030-05-19 00:00:00+00:00,5883.328625594415
2030-05-19 01:00:00+00:00,6949.951097536916
2030-05-19 02:00:00+00:00,8959.634161995766
2030-05-19 03:00:00+00:00,12224.716446565806
2030-05-19 04:00:00+00:00,12611.451354742467
2030-05-19 05:00:00+00:00,11968.642322278265
2030-05-19 06:00:00+00:00,10440.978638549328
2030-05-19 07:00:00+00:00,22133.379270324695
2030-05-19 08:00:00+00:00,23354.526246443966
2030-05-19 09:00:00+00:00,22916.908730574687
2030-05-19 10:00:00+00:00,22627.921057724896
2030-05-19 11:00:00+00:00,22587.503399129375
2030-05-19 12:00:00+00:00,22574.417136767646
2030-05-19 13:00:00+00:00,22622.374307496793
2030-05-19 14:00:00+00:00,22775.41619330477
2030-05-19 15:00:00+00:00,22894.258208867064
2030-05-19 16:00:00+00:00,6646.935934145706
2030-05-19 17:00:00+00:00,7214.754218850908
2030-05-19 18:00:00+00:00,7157.027240233469
2030-05-19 19:00:00+00:00,6311.316705923287
2030-05-19 20:00:00+00:00,5813.820595051234
2030-05-19 21:00:00+00:00,5507.131131406407
2030-05-19 22:00:00+00:00,5347.248975268537
2030-05-19 23:00:00+00:00,5470.062962645993
2030-05-20 00:00:00+00:00,5710.631531576638
2030-05-20 01:00:00+00:00,6141.956497366324
2030-05-20 02:00:00+00:00,7888.850908438151
2030-05-20 03:00:00+00:00,12816.41205964929
2030-05-20 04:00:00+00:00,13510.679737055538
2030-05-20 05:00:00+00:00,13045.37056192968
2030-05-20 06:00:00+00:00,11611.278895977384
2030-05-20 07:00:00+00:00,15516.066343055765
2030-05-20 08:00:00+00:00,21551.95852561628
2030-05-20 09:00:00+00:00,21319.033591434458
2030-05-20 10:00:00+00:00,21186.968182143635
2030-05-20 11:00:00+00:00,22669.45286274095
2030-05-20 12:00:00+00:00,22761.968571209454
2030-05-20 13:00:00+00:00,21061.583707922502
2030-05-20 14:00:00+00:00,20900.6567935144
2030-05-20 15:00:00+00:00,20766.246295107452
2030-05-20 16:00:00+00:00,15553.169145442715
2030-05-20 17:00:00+00:00,7376.8956594525325
2030-05-20 18:00:00+00:00,7191.566970369366
2030-05-20 19:00:00+00:00,6083.174955189299
2030-05-20 20:00:00+00:00,5577.602841994403
2030-05-20 21:00:00+00:00,5291.633507989757
2030-05-20 22:00:00+00:00,5334.91656205492
2030-05-20 23:00:00+00:00,5455.8550335003265
2030-05-21 00:00:00+00:00,5177.311820393844
2030-05-21 01:00:00+00:00,5537.1486416009575
2030-05-21 02:00:00+00:00,6304.460550499611
2030-05-21 03:00:00+00:00,8085.373263217344
2030-05-21 04:00:00+00:00,9811.781547735503
2030-05-21 05:00:00+00:00,8407.178282593712
2030-05-21 06:00:00+00:00,7446.736989293732
2030-05-21 07:00:00+00:00,13138.33522817257
2030-05-21 08:00:00+00:00,20522.04122926157
2030-05-21 09:00:00+00:00,20524.135143199845
2030-05-21 10:00:00+00:00,19861.077579596604
2030-05-21 11:00:00+00:00,20129.44575625323
2030-05-21 12:00:00+00:00,20132.318774136147
2030-05-21 13:00:00+00:00,19881.586566079604
2030-05-21 14:00:00+00:00,20312.344709371187
2030-05-21 15:00:00+00:00,14722.616021199134
2030-05-21 16:00:00+00:00,6007.880565278803
2030-05-21 17:00:00+00:00,6007.665038886226
2030-05-21 18:00:00+00:00,5872.132491145873
2030-05-21 19:00:00+00:00,5486.126643269415
2030-05-21 20:00:00+00:00,5054.195172802471
2030-05-21 21:00:00+00:00,4812.0582216830935
2030-05-21 22:00:00+00:00,4839.939148717119
2030-05-21 23:00:00+00:00,4948.1407165737755
2030-05-22 00:00:00+00:00,4840.226504077368
2030-05-22 01:00:00+00:00,5243.363155614474
2030-05-22 02:00:00+00:00,5854.149217414465
2030-05-22 03:00:00+00:00,6886.744115064457
2030-05-22 04:00:00+00:00,7434.614551665033
2030-05-22 05:00:00+00:00,7077.370122929696
2030-05-22 06:00:00+00:00,6521.420802741917
2030-05-22 07:00:00+00:00,18117.604179309026
2030-05-22 08:00:00+00:00,26041.390046151024
2030-05-22 09:00:00+00:00,25700.55512044898
2030-05-22 10:00:00+00:00,25437.12183839622
2030-05-22 11:00:00+00:00,25258.173149119415
2030-05-22 12:00:00+00:00,25202.421246279282
2030-05-22 13:00:00+00:00,25222.480866171165
2030-05-22 14:00:00+00:00,25392.259320952784
2030-05-22 15:00:00+00:00,25530.135069143365
2030-05-22 16:00:00+00:00,25695.494054602583
2030-05-22 17:00:00+00:00,19340.476109526182
2030-05-22 18:00:00+00:00,13887.31714858238
2030-05-22 19:00:00+00:00,13247.847366017011
2030-05-22 20:00:00+00:00,12869.337024364884
2030-05-22 21:00:00+00:00,13282.4804008653
2030-05-22 22:00:00+00:00,14182.01627197528
2030-05-22 23:00:00+00:00,15056.89404788589
2030-05-23 00:00:00+00:00,17442.583708315822
2030-05-23 01:00:00+00:00,19398.171302969302
2030-05-23 02:00:00+00:00,21714.401969221006
2030-05-23 03:00:00+00:00,25723.00174483347
2030-05-23 04:00:00+00:00,25399.433944494533
2030-05-23 05:00:00+00:00,25373.040358239024
2030-05-23 06:00:00+00:00,28007.220807473535
2030-05-23 07:00:00+00:00,35788.044881996335
2030-05-23 08:00:00+00:00,34453.47470686899
2030-05-23 09:00:00+00:00,48445.711413375306
2030-05-23 10:00:00+00:00,41876.112259326204
2030-05-23 11:00:00+00:00,50288.71597643291
2030-05-23 12:00:00+00:00,50086.402028881486
2030-05-23 13:00:00+00:00,50433.49589040276
2030-05-23 14:00:00+00:00,51405.45155409239
2030-05-23 15:00:00+00:00,52055.62632478826
2030-05-23 16:00:00+00:00,47001.21952750394
2030-05-23 17:00:00+00:00,27364.730007847727
2030-05-23 18:00:00+00:00,13785.316153525393
2030-05-23 19:00:00+00:00,11825.198107262037
2030-05-23 20:00:00+00:00,9209.964705841576
2030-05-23 21:00:00+00:00,8051.822500740338
2030-05-23 22:00:00+00:00,8058.295207081129
2030-05-23 23:00:00+00:00,8594.583600889317
2030-05-24 00:00:00+00:00,12453.543720005451
2030-05-24 01:00:00+00:00,14002.469391203063
2030-05-24 02:00:00+00:00,16172.615781923203
2030-05-24 03:00:00+00:00,16939.852479692003
2030-05-24 04:00:00+00:00,16808.13077356331
2030-05-24 05:00:00+00:00,16709.411007779912
2030-05-24 06:00:00+00:00,16890.19380448573
2030-05-24 07:00:00+00:00,31116.133012310762
2030-05-24 08:00:00+00:00,38612.52104786865
2030-05-24 09:00:00+00:00,38087.06500924381
2030-05-24 10:00:00+00:00,37819.12997820999
2030-05-24 11:00:00+00:00,37611.79890045578
2030-05-24 12:00:00+00:00,37586.845243668184
2030-05-24 13:00:00+00:00,37679.144727602106
2030-05-24 14:00:00+00:00,38015.331969565836
2030-05-24 15:00:00+00:00,34314.95985432155
2030-05-24 16:00:00+00:00,25120.48612484685
2030-05-24 17:00:00+00:00,16395.346739241613
2030-05-24 18:00:00+00:00,16187.621015935878
2030-05-24 19:00:00+00:00,15318.519849450564
2030-05-24 20:00:00+00:00,13867.193868985978
2030-05-24 21:00:00+00:00,12461.587435196017
2030-05-24 22:00:00+00:00,12097.59575621018
2030-05-24 23:00:00+00:00,12285.129431417485
2030-05-25 00:00:00+00:00,11960.749856314093
2030-05-25 01:00:00+00:00,13506.208932776117
2030-05-25 02:00:00+00:00,16628.064684261353
2030-05-25 03:00:00+00:00,17464.92556532899
2030-05-25 04:00:00+00:00,17670.797020765054
2030-05-25 05:00:00+00:00,17897.929482170744
2030-05-25 06:00:00+00:00,30328.327155257324
2030-05-25 07:00:00+00:00,37127.36922367455
2030-05-25 08:00:00+00:00,36698.69488712425
2030-05-25 09:00:00+00:00,36023.37024550802
2030-05-25 10:00:00+00:00,34787.36469101286
2030-05-25 11:00:00+00:00,34586.70521248215
2030-05-25 12:00:00+00:00,34452.06951922801
2030-05-25 13:00:00+00:00,34664.05107882703
2030-05-25 14:00:00+00:00,35319.84494641609
2030-05-25 15:00:00+00:00,35789.25346815912
2030-05-25 16:00:00+00:00,35951.176366875174
2030-05-25 17:00:00+00:00,23144.24188678113
2030-05-25 18:00:00+00:00,12949.953578390552
2030-05-25 19:00:00+00:00,11868.171863054524
2030-05-25 20:00:00+00:00,10751.006721536045
2030-05-25 21:00:00+00:00,7645.806689706644
2030-05-25 22:00:00+00:00,8023.588587131581
2030-05-25 23:00:00+00:00,8213.559741285586
2030-05-26 00:00:00+00:00,7305.418150234572
2030-05-26 01:00:00+00:00,9032.769979882773
2030-05-26 02:00:00+00:00,10471.283453303982
2030-05-26 03:00:00+00:00,13578.417468533069
2030-05-26 04:00:00+00:00,13733.181622666021
2030-05-26 05:00:00+00:00,13585.509223845127
2030-05-26 06:00:00+00:00,17854.29045464469
2030-05-26 07:00:00+00:00,34039.21373383426
2030-05-26 08:00:00+00:00,32293.61370784125
2030-05-26 09:00:00+00:00,29792.939616804902
2030-05-26 10:00:00+00:00,32091.381301490335
2030-05-26 11:00:00+00:00,42714.21904639155
2030-05-26 12:00:00+00:00,47897.810045939405
2030-05-26 13:00:00+00:00,39685.39396442606
2030-05-26 14:00:00+00:00,28405.935610030545
2030-05-26 15:00:00+00:00,28959.13022316648
2030-05-26 16:00:00+00:00,29895.792023796104
2030-05-26 17:00:00+00:00,9966.218445930675
2030-05-26 18:00:00+00:00,8791.837227463828
2030-05-26 19:00:00+00:00,7352.508984536395
2030-05-26 20:00:00+00:00,6221.468932936859
2030-05-26 21:00:00+00:00,5950.005500959864
2030-05-26 22:00:00+00:00,5815.7866040543295
2030-05-26 23:00:00+00:00,6001.12506060208
2030-05-27 00:00:00+00:00,4419.410059444818
2030-05-27 01:00:00+00:00,4712.497164207699
2030-05-27 02:00:00+00:00,5290.764445268683
2030-05-27 03:00:00+00:00,6021.149126511824
2030-05-27 04:00:00+00:00,6262.77354646081
2030-05-27 05:00:00+00:00,6062.0555738301255
2030-05-27 06:00:00+00:00,5651.997154365227
2030-05-27 07:00:00+00:00,24719.877641257444
2030-05-27 08:00:00+00:00,40663.0739254158
2030-05-27 09:00:00+00:00,45979.8957574837
2030-05-27 10:00:00+00:00,45842.86026658814
2030-05-27 11:00:00+00:00,45748.798880718314
2030-05-27 12:00:00+00:00,45699.33814674153
2030-05-27 13:00:00+00:00,45686.27447215968
2030-05-27 14:00:00+00:00,45694.17418283078
2030-05-27 15:00:00+00:00,45714.648671168616
2030-05-27 16:00:00+00:00,23608.71729198935
2030-05-27 17:00:00+00:00,4595.450141497137
2030-05-27 18:00:00+00:00,4534.065943226578
2030-05-27 19:00:00+00:00,4330.775567828693
2030-05-27 20:00:00+00:00,4098.0744402316695
2030-05-27 21:00:00+00:00,3956.4561201178212
2030-05-27 22:00:00+00:00,3992.982284143989
2030-05-27 23:00:00+00:00,4072.278584109374
2030-05-28 00:00:00+00:00,5147.028476265237
2030-05-28 01:00:00+00:00,5520.560745142235
2030-05-28 02:00:00+00:00,6309.646896627461
2030-05-28 03:00:00+00:00,8146.778729372632
2030-05-28 04:00:00+00:00,9987.99572755391
2030-05-28 05:00:00+00:00,8415.113895908005
2030-05-28 06:00:00+00:00,7466.584323886545
2030-05-28 07:00:00+00:00,23014.426456915102
2030-05-28 08:00:00+00:00,22696.534070720336
2030-05-28 09:00:00+00:00,22475.30371337071
2030-05-28 10:00:00+00:00,22325.054714453952
2030-05-28 11:00:00+00:00,22234.062461078152
2030-05-28 12:00:00+00:00,24616.107893502376
2030-05-28 13:00:00+00:00,22209.712046087065
2030-05-28 14:00:00+00:00,22276.98882532926
2030-05-28 15:00:00+00:00,22349.200014889684
2030-05-28 16:00:00+00:00,22433.613967324247
2030-05-28 17:00:00+00:00,6158.760558723438
2030-05-28 18:00:00+00:00,6032.1748823101925
2030-05-28 19:00:00+00:00,5656.465585732115
2030-05-28 20:00:00+00:00,5239.401973178573
2030-05-28 21:00:00+00:00,5013.81277267737
2030-05-28 22:00:00+00:00,5063.11445454003
2030-05-28 23:00:00+00:00,5188.6546195868295
2030-05-29 00:00:00+00:00,6581.466131422139
2030-05-29 01:00:00+00:00,7738.890966005813
2030-05-29 02:00:00+00:00,9957.5449516683
2030-05-29 03:00:00+00:00,13706.299204641447
2030-05-29 04:00:00+00:00,13889.770756061316
2030-05-29 05:00:00+00:00,13755.339239234492
2030-05-29 06:00:00+00:00,13624.413318951467
2030-05-29 07:00:00+00:00,15715.038014686928
2030-05-29 08:00:00+00:00,19829.171718460155
2030-05-29 09:00:00+00:00,22291.134532698165
2030-05-29 10:00:00+00:00,20334.16245260086
2030-05-29 11:00:00+00:00,22590.94704219267
2030-05-29 12:00:00+00:00,24424.89292152185
2030-05-29 13:00:00+00:00,28251.273738125903
2030-05-29 14:00:00+00:00,24035.24887030715
2030-05-29 15:00:00+00:00,18099.991024803425
2030-05-29 16:00:00+00:00,10503.266765817652
2030-05-29 17:00:00+00:00,10451.769711583207
2030-05-29 18:00:00+00:00,10096.327502508102
2030-05-29 19:00:00+00:00,9262.884329775423
2030-05-29 20:00:00+00:00,6204.717721832037
2030-05-29 21:00:00+00:00,5880.671725885804
2030-05-29 22:00:00+00:00,5939.285558299042
2030-05-29 23:00:00+00:00,6083.007646313548
2030-05-30 00:00:00+00:00,5561.990591550161
2030-05-30 01:00:00+00:00,5959.316885883093
2030-05-30 02:00:00+00:00,7417.105938841983
2030-05-30 03:00:00+00:00,11466.20633038571
2030-05-30 04:00:00+00:00,12774.363233734077
2030-05-30 05:00:00+00:00,11783.38992968113
2030-05-30 06:00:00+00:00,9874.143614068405
2030-05-30 07:00:00+00:00,12800.907295352641
2030-05-30 08:00:00+00:00,27636.5206870061
2030-05-30 09:00:00+00:00,27306.276847055713
2030-05-30 10:00:00+00:00,26996.64957853514
2030-05-30 11:00:00+00:00,26796.365748792057
2030-05-30 12:00:00+00:00,26737.80463553079
2030-05-30 13:00:00+00:00,26755.49225356105
2030-05-30 14:00:00+00:00,26964.76077992624
2030-05-30 15:00:00+00:00,27107.530218965654
2030-05-30 16:00:00+00:00,19304.85049927759
2030-05-30 17:00:00+00:00,6357.876484823332
2030-05-30 18:00:00+00:00,6219.695075737452
2030-05-30 19:00:00+00:00,5804.83312424629
2030-05-30 20:00:00+00:00,5343.291095506916
2030-05-30 21:00:00+00:00,5085.951563080078
2030-05-30 22:00:00+00:00,5125.369325057905
2030-05-30 23:00:00+00:00,5241.891473804168
2030-05-31 00:00:00+00:00,9091.518827706212
2030-05-31 01:00:00+00:00,14325.853479294112
2030-05-31 02:00:00+00:00,15662.066156731604
2030-05-31 03:00:00+00:00,13824.605174991286
2030-05-31 04:00:00+00:00,9685.766054851249
2030-05-31 05:00:00+00:00,9364.242659913813
2030-05-31 06:00:00+00:00,24296.7968671025
2030-05-31 07:00:00+00:00,24852.404761479287
2030-05-31 08:00:00+00:00,26032.878719150558
2030-05-31 09:00:00+00:00,25757.37115475624
2030-05-31 10:00:00+00:00,25553.009952768494
2030-05-31 11:00:00+00:00,25415.817932536193
2030-05-31 12:00:00+00:00,28509.045459403023
2030-05-31 13:00:00+00:00,30390.311688557238
2030-05-31 14:00:00+00:00,26826.27211470012
2030-05-31 15:00:00+00:00,25601.03397419047
2030-05-31 16:00:00+00:00,25714.10464097554
2030-05-31 17:00:00+00:00,25737.168579179597
2030-05-31 18:00:00+00:00,25574.310397121466
2030-05-31 19:00:00+00:00,25040.06216709182
2030-05-31 20:00:00+00:00,24342.944538740252
2030-05-31 21:00:00+00:00,23783.596557834833
2030-05-31 22:00:00+00:00,23791.321380105037
2030-05-31 23:00:00+00:00,23868.168651577034
2030-06-01 00:00:00+00:00,22354.692923737523
2030-06-01 01:00:00+00:00,22676.403431266335
2030-06-01 02:00:00+00:00,23267.427081048714
2030-06-01 03:00:00+00:00,23802.88269699819
2030-06-01 04:00:00+00:00,23980.764650315425
2030-06-01 05:00:00+00:00,23778.202840915274
2030-06-01 06:00:00+00:00,23558.39583375323
2030-06-01 07:00:00+00:00,23473.641282599663
2030-06-01 08:00:00+00:00,23378.747373532555
2030-06-01 09:00:00+00:00,40222.268754427
2030-06-01 10:00:00+00:00,41054.485076110905
2030-06-01 11:00:00+00:00,44580.67578922854
2030-06-01 12:00:00+00:00,44578.04666606344
2030-06-01 13:00:00+00:00,44574.95810100052
2030-06-01 14:00:00+00:00,44596.710551332886
2030-06-01 15:00:00+00:00,41208.12724240767
2030-06-01 16:00:00+00:00,40972.94905528044
2030-06-01 17:00:00+00:00,23137.197156201903
2030-06-01 18:00:00+00:00,19840.685294443876
2030-06-01 19:00:00+00:00,19741.279773632737
2030-06-01 20:00:00+00:00,19610.45219834227
2030-06-01 21:00:00+00:00,19532.87434371956
2030-06-01 22:00:00+00:00,19546.770664374064
2030-06-01 23:00:00+00:00,19575.43586307235
2030-06-02 00:00:00+00:00,19904.004407225464
2030-06-02 01:00:00+00:00,20145.29054135726
2030-06-02 02:00:00+00:00,20514.519282243822
2030-06-02 03:00:00+00:00,20714.175394132017
2030-06-02 04:00:00+00:00,20806.876878901876
2030-06-02 05:00:00+00:00,20676.526199960274
2030-06-02 06:00:00+00:00,20505.86143612908
2030-06-02 07:00:00+00:00,22614.55832260838
2030-06-02 08:00:00+00:00,23788.00807918525
2030-06-02 09:00:00+00:00,41489.60357021983
2030-06-02 10:00:00+00:00,44861.62924121954
2030-06-02 11:00:00+00:00,44836.64270454594
2030-06-02 12:00:00+00:00,44814.7738849438
2030-06-02 13:00:00+00:00,44603.09852380231
2030-06-02 14:00:00+00:00,42404.61032284138
2030-06-02 15:00:00+00:00,41401.5372463134
2030-06-02 16:00:00+00:00,31177.54642275496
2030-06-02 17:00:00+00:00,20085.262942765392
2030-06-02 18:00:00+00:00,13960.362882186788
2030-06-02 19:00:00+00:00,11188.454070881053
2030-06-02 20:00:00+00:00,10611.5884109899
2030-06-02 21:00:00+00:00,10882.734068479755
2030-06-02 22:00:00+00:00,10993.207493326538
2030-06-02 23:00:00+00:00,11326.709035625026
2030-06-03 00:00:00+00:00,11778.095952421842
2030-06-03 01:00:00+00:00,11970.297629842777
2030-06-03 02:00:00+00:00,12263.059977669935
2030-06-03 03:00:00+00:00,11863.892200458144
2030-06-03 04:00:00+00:00,9880.594245443584
2030-06-03 05:00:00+00:00,5639.742262794399
2030-06-03 06:00:00+00:00,13621.866654867377
2030-06-03 07:00:00+00:00,20855.704610458455
2030-06-03 08:00:00+00:00,45518.014008047234
2030-06-03 09:00:00+00:00,45369.08666877953
2030-06-03 10:00:00+00:00,45266.97405059778
2030-06-03 11:00:00+00:00,45198.45043713551
2030-06-03 12:00:00+00:00,45161.93875262707
2030-06-03 13:00:00+00:00,45149.26667321248
2030-06-03 14:00:00+00:00,45174.93455460198
2030-06-03 15:00:00+00:00,45180.133946726906
2030-06-03 16:00:00+00:00,43423.99441855504
2030-06-03 17:00:00+00:00,20361.640884099077
2030-06-03 18:00:00+00:00,20312.634252133706
2030-06-03 19:00:00+00:00,20151.705297770626
2030-06-03 20:00:00+00:00,19975.6644359096
2030-06-03 21:00:00+00:00,19881.380626827162
2030-06-03 22:00:00+00:00,19918.28770227528
2030-06-03 23:00:00+00:00,19991.363255745036
2030-06-04 00:00:00+00:00,19601.674108163697
2030-06-04 01:00:00+00:00,19747.606839329215
2030-06-04 02:00:00+00:00,20036.660376329823
2030-06-04 03:00:00+00:00,20399.6653634995
2030-06-04 04:00:00+00:00,20518.737271803544
2030-06-04 05:00:00+00:00,20428.812615120398
2030-06-04 06:00:00+00:00,20252.36812939505
2030-06-04 07:00:00+00:00,20091.857760001356
2030-06-04 08:00:00+00:00,23145.05520546159
2030-06-04 09:00:00+00:00,41149.14286737918
2030-06-04 10:00:00+00:00,44628.09362991217
2030-06-04 11:00:00+00:00,44571.7921314952
2030-06-04 12:00:00+00:00,44540.49149134999
2030-06-04 13:00:00+00:00,44523.86614102746
2030-06-04 14:00:00+00:00,39752.153979856674
2030-06-04 15:00:00+00:00,39208.367045819396
2030-06-04 16:00:00+00:00,19676.399151229565
2030-06-04 17:00:00+00:00,18522.615543467666
2030-06-04 18:00:00+00:00,13616.737521399065
2030-06-04 19:00:00+00:00,11290.633971569776
2030-06-04 20:00:00+00:00,11395.4822030002
2030-06-04 21:00:00+00:00,12003.397704652734
2030-06-04 22:00:00+00:00,13268.145345343833
2030-06-04 23:00:00+00:00,12917.595933554032
2030-06-05 00:00:00+00:00,12083.402324216744
2030-06-05 01:00:00+00:00,11856.407205494643
2030-06-05 02:00:00+00:00,11495.399876961888
2030-06-05 03:00:00+00:00,10950.441666421404
2030-06-05 04:00:00+00:00,7936.875872143452
2030-06-05 05:00:00+00:00,2747.153698141155
2030-06-05 06:00:00+00:00,8665.597011590946
2030-06-05 07:00:00+00:00,18883.97885714549
2030-06-05 08:00:00+00:00,20956.685744525963
2030-06-05 09:00:00+00:00,34388.631785096935
2030-06-05 10:00:00+00:00,43623.06988013501
2030-06-05 11:00:00+00:00,43598.18860096278
2030-06-05 12:00:00+00:00,43583.16030528402
2030-06-05 13:00:00+00:00,42841.485579755776
2030-06-05 14:00:00+00:00,21932.75398484942
2030-06-05 15:00:00+00:00,20830.631005816173
2030-06-05 16:00:00+00:00,18696.952807576006
2030-06-05 17:00:00+00:00,7751.276433616468
2030-06-05 18:00:00+00:00,3882.421244244024
2030-06-05 19:00:00+00:00,3131.7858799457454
2030-06-05 20:00:00+00:00,4681.375435903704
2030-06-05 21:00:00+00:00,6019.594356482615
2030-06-05 22:00:00+00:00,6151.878540814319
2030-06-05 23:00:00+00:00,6463.6815796599385
2030-06-06 00:00:00+00:00,6879.377942397439
2030-06-06 01:00:00+00:00,7050.973612392154
2030-06-06 02:00:00+00:00,7008.623655607465
2030-06-06 03:00:00+00:00,6798.257453427041
2030-06-06 04:00:00+00:00,6456.108327109955
2030-06-06 05:00:00+00:00,5495.824239082787
2030-06-06 06:00:00+00:00,10444.440984416437
2030-06-06 07:00:00+00:00,18693.97712558104
2030-06-06 08:00:00+00:00,20653.76514142028
2030-06-06 09:00:00+00:00,43483.09209872197
2030-06-06 10:00:00+00:00,43467.61727988605
2030-06-06 11:00:00+00:00,43448.39327993065
2030-06-06 12:00:00+00:00,43437.4223953304
2030-06-06 13:00:00+00:00,43418.88437569035
2030-06-06 14:00:00+00:00,26478.684596800944
2030-06-06 15:00:00+00:00,22258.057610113003
2030-06-06 16:00:00+00:00,18558.29151820423
2030-06-06 17:00:00+00:00,14573.586375440278
2030-06-06 18:00:00+00:00,9810.15783609606
2030-06-06 19:00:00+00:00,8957.612507761241
2030-06-06 20:00:00+00:00,9728.560858443489
2030-06-06 21:00:00+00:00,10441.021455201031
2030-06-06 22:00:00+00:00,11267.892789622032
2030-06-06 23:00:00+00:00,11417.322052951993
2030-06-07 00:00:00+00:00,11187.497647052704
2030-06-07 01:00:00+00:00,11143.336658574537
2030-06-07 02:00:00+00:00,11121.848875779442
2030-06-07 03:00:00+00:00,10884.670036113372
2030-06-07 04:00:00+00:00,9835.596417806035
2030-06-07 05:00:00+00:00,7127.093309991639
2030-06-07 06:00:00+00:00,15529.345346570248
2030-06-07 07:00:00+00:00,18651.81140743741
2030-06-07 08:00:00+00:00,18610.164481394528
2030-06-07 09:00:00+00:00,39368.31443925963
2030-06-07 10:00:00+00:00,43437.749745024536
2030-06-07 11:00:00+00:00,43420.23767374642
2030-06-07 12:00:00+00:00,43400.144874880745
2030-06-07 13:00:00+00:00,36852.87828304051
2030-06-07 14:00:00+00:00,18521.417886765612
2030-06-07 15:00:00+00:00,18529.488694535863
2030-06-07 16:00:00+00:00,18536.35808601486
2030-06-07 17:00:00+00:00,18548.425585039717
2030-06-07 18:00:00+00:00,18557.138335853553
2030-06-07 19:00:00+00:00,18561.634176493197
2030-06-07 20:00:00+00:00,18567.315373674788
2030-06-07 21:00:00+00:00,18574.192745312164
2030-06-07 22:00:00+00:00,18594.86983328823
2030-06-07 23:00:00+00:00,18607.88505239109
2030-06-08 00:00:00+00:00,18881.04617745693
2030-06-08 01:00:00+00:00,18960.101529483913
2030-06-08 02:00:00+00:00,19074.88121482009
2030-06-08 03:00:00+00:00,19142.438652317025
2030-06-08 04:00:00+00:00,19173.349484886974
2030-06-08 05:00:00+00:00,19127.62732178322
2030-06-08 06:00:00+00:00,19062.192791903646
2030-06-08 07:00:00+00:00,19003.3748505278
2030-06-08 08:00:00+00:00,18952.95872927516
2030-06-08 09:00:00+00:00,18908.179223172592
2030-06-08 10:00:00+00:00,18872.130543337928
2030-06-08 11:00:00+00:00,25420.049003650405
2030-06-08 12:00:00+00:00,21639.507166184452
2030-06-08 13:00:00+00:00,18866.647232469062
2030-06-08 14:00:00+00:00,18886.354626429216
2030-06-08 15:00:00+00:00,18909.633827694357
2030-06-08 16:00:00+00:00,18923.402593790892
2030-06-08 17:00:00+00:00,18942.855310350235
2030-06-08 18:00:00+00:00,18954.68317073704
2030-06-08 19:00:00+00:00,18928.015868407037
2030-06-08 20:00:00+00:00,18883.301059255784
2030-06-08 21:00:00+00:00,18858.14653668694
2030-06-08 22:00:00+00:00,18863.906286568632
2030-06-08 23:00:00+00:00,18876.74481735192
2030-06-09 00:00:00+00:00,19451.040430256377
2030-06-09 01:00:00+00:00,19622.493633520684
2030-06-09 02:00:00+00:00,19884.042612075507
2030-06-09 03:00:00+00:00,20028.46112251587
2030-06-09 04:00:00+00:00,20091.88826842204
2030-06-09 05:00:00+00:00,20003.07677215686
2030-06-09 06:00:00+00:00,19897.48715435649
2030-06-09 07:00:00+00:00,19808.044577042143
2030-06-09 08:00:00+00:00,19724.552513931903
2030-06-09 09:00:00+00:00,19639.19567821262
2030-06-09 10:00:00+00:00,19554.026483484962
2030-06-09 11:00:00+00:00,19536.368503621616
2030-06-09 12:00:00+00:00,19524.486280311117
2030-06-09 13:00:00+00:00,19536.916980117297
2030-06-09 14:00:00+00:00,19580.617444364914
2030-06-09 15:00:00+00:00,19610.852746910787
2030-06-09 16:00:00+00:00,13904.269447584336
2030-06-09 17:00:00+00:00,3341.8755372295623
2030-06-09 18:00:00+00:00,3340.2947189839592
2030-06-09 19:00:00+00:00,3249.9932370387914
2030-06-09 20:00:00+00:00,3127.300839393756
2030-06-09 21:00:00+00:00,3050.926858956378
2030-06-09 22:00:00+00:00,3011.0160487538346
2030-06-09 23:00:00+00:00,3049.5156475586664
2030-06-10 00:00:00+00:00,2866.9647586956007
2030-06-10 01:00:00+00:00,2950.431722300107
2030-06-10 02:00:00+00:00,3126.4160140492672
2030-06-10 03:00:00+00:00,3352.6259124088165
2030-06-10 04:00:00+00:00,3418.801667947601
2030-06-10 05:00:00+00:00,3365.647002885432
2030-06-10 06:00:00+00:00,3281.0524202289776
2030-06-10 07:00:00+00:00,3196.700728038837
2030-06-10 08:00:00+00:00,3111.044407160789
2030-06-10 09:00:00+00:00,3046.228918172849
2030-06-10 10:00:00+00:00,2992.8093414416962
2030-06-10 11:00:00+00:00,2955.1257674176823
2030-06-10 12:00:00+00:00,2938.1685557996484
2030-06-10 13:00:00+00:00,2929.056725798574
2030-06-10 14:00:00+00:00,2934.7111478932693
2030-06-10 15:00:00+00:00,2940.604933270441
2030-06-10 16:00:00+00:00,2951.789658992548
2030-06-10 17:00:00+00:00,2955.2861425404226
2030-06-10 18:00:00+00:00,2934.0461864343583
2030-06-10 19:00:00+00:00,2867.553826967959
2030-06-10 20:00:00+00:00,2798.239564496821
2030-06-10 21:00:00+00:00,2758.791349792315
2030-06-10 22:00:00+00:00,2778.457250157725
2030-06-10 23:00:00+00:00,2810.2205773975243
2030-06-11 00:00:00+00:00,2385.1915536009237
2030-06-11 01:00:00+00:00,2413.117843838382
2030-06-11 02:00:00+00:00,2462.275889455092
2030-06-11 03:00:00+00:00,2523.0614506722004
2030-06-11 04:00:00+00:00,2540.2675169936188
2030-06-11 05:00:00+00:00,2518.3280325128626
2030-06-11 06:00:00+00:00,2476.946526961635
2030-06-11 07:00:00+00:00,4822.574101632195
2030-06-11 08:00:00+00:00,11797.222489531336
2030-06-11 09:00:00+00:00,2367.3036393333505
2030-06-11 10:00:00+00:00,11271.094940475063
2030-06-11 11:00:00+00:00,18639.504320240063
2030-06-11 12:00:00+00:00,18628.61811235698
2030-06-11 13:00:00+00:00,18622.733649583362
2030-06-11 14:00:00+00:00,18622.184339862208
2030-06-11 15:00:00+00:00,18622.408111487646
2030-06-11 16:00:00+00:00,16553.388561935728
2030-06-11 17:00:00+00:00,4353.820861049413
2030-06-11 18:00:00+00:00,4134.80608771094
2030-06-11 19:00:00+00:00,4074.7665009722823
2030-06-11 20:00:00+00:00,4075.8164523020746
2030-06-11 21:00:00+00:00,4153.422299381337
2030-06-11 22:00:00+00:00,4260.162914339215
2030-06-11 23:00:00+00:00,4375.210289738068
2030-06-12 00:00:00+00:00,4509.073882466404
2030-06-12 01:00:00+00:00,4856.782336505899
2030-06-12 02:00:00+00:00,4709.445321871986
2030-06-12 03:00:00+00:00,4578.172636080754
2030-06-12 04:00:00+00:00,4410.814985383355
2030-06-12 05:00:00+00:00,4557.729880902404
2030-06-12 06:00:00+00:00,15285.530822759212
2030-06-12 07:00:00+00:00,18552.212827052073
2030-06-12 08:00:00+00:00,20406.536732902165
2030-06-12 09:00:00+00:00,28306.05597213909
2030-06-12 10:00:00+00:00,39743.74967997848
2030-06-12 11:00:00+00:00,43349.096467692056
2030-06-12 12:00:00+00:00,43339.83752460721
2030-06-12 13:00:00+00:00,39836.8382525608
2030-06-12 14:00:00+00:00,32844.46293727349
2030-06-12 15:00:00+00:00,20425.123837000072
2030-06-12 16:00:00+00:00,19665.231999183416
2030-06-12 17:00:00+00:00,18457.982516486187
2030-06-12 18:00:00+00:00,18461.065668223935
2030-06-12 19:00:00+00:00,18467.700765713187
2030-06-12 20:00:00+00:00,18480.234900472544
2030-06-12 21:00:00+00:00,18490.96571843473
2030-06-12 22:00:00+00:00,18504.56434626171
2030-06-12 23:00:00+00:00,18516.6907270583
2030-06-13 00:00:00+00:00,18622.813195895647
2030-06-13 01:00:00+00:00,18650.199176288537
2030-06-13 02:00:00+00:00,18699.921368009967
2030-06-13 03:00:00+00:00,18759.707534793903
2030-06-13 04:00:00+00:00,18779.31097982743
2030-06-13 05:00:00+00:00,18757.977638478238
2030-06-13 06:00:00+00:00,18714.968747410618
2030-06-13 07:00:00+00:00,18678.837332599516
2030-06-13 08:00:00+00:00,18648.76356514235
2030-06-13 09:00:00+00:00,18630.128814918156
2030-06-13 10:00:00+00:00,18621.186073762557
2030-06-13 11:00:00+00:00,18618.596463980535
2030-06-13 12:00:00+00:00,18621.740126716413
2030-06-13 13:00:00+00:00,18627.754705146235
2030-06-13 14:00:00+00:00,18639.044642335975
2030-06-13 15:00:00+00:00,18649.27068215973
2030-06-13 16:00:00+00:00,18665.601253123772
2030-06-13 17:00:00+00:00,18675.086398028234
2030-06-13 18:00:00+00:00,18676.315707256104
2030-06-13 19:00:00+00:00,18666.337358935227
2030-06-13 20:00:00+00:00,18656.003674434687
2030-06-13 21:00:00+00:00,18654.06974025211
2030-06-13 22:00:00+00:00,18665.479743145737
2030-06-13 23:00:00+00:00,18678.560052011177
2030-06-14 00:00:00+00:00,18810.19791157843
2030-06-14 01:00:00+00:00,18853.68763362357
2030-06-14 02:00:00+00:00,18936.13500999116
2030-06-14 03:00:00+00:00,19037.54611081573
2030-06-14 04:00:00+00:00,19070.11439043496
2030-06-14 05:00:00+00:00,19040.19099539809
2030-06-14 06:00:00+00:00,18981.340957290253
2030-06-14 07:00:00+00:00,18925.132166594358
2030-06-14 08:00:00+00:00,18871.49806234591
2030-06-14 09:00:00+00:00,18828.567757537792
2030-06-14 10:00:00+00:00,18790.470944158624
2030-06-14 11:00:00+00:00,26935.728077742773
2030-06-14 12:00:00+00:00,30796.807578888278
2030-06-14 13:00:00+00:00,26471.258867811586
2030-06-14 14:00:00+00:00,18733.78718199202
2030-06-14 15:00:00+00:00,18731.141378756325
2030-06-14 16:00:00+00:00,18734.681777673806
2030-06-14 17:00:00+00:00,18741.0408082469
2030-06-14 18:00:00+00:00,18735.833082608395
2030-06-14 19:00:00+00:00,18717.07309003468
2030-06-14 20:00:00+00:00,18705.999353464882
2030-06-14 21:00:00+00:00,18705.86268630426
2030-06-14 22:00:00+00:00,18735.491537578975
2030-06-14 23:00:00+00:00,18751.510470909416
2030-06-15 00:00:00+00:00,18601.521584493992
2030-06-15 01:00:00+00:00,18627.452131012902
2030-06-15 02:00:00+00:00,18661.582007299265
2030-06-15 03:00:00+00:00,18677.099188137472
2030-06-15 04:00:00+00:00,18683.750124277634
2030-06-15 05:00:00+00:00,18662.58988713188
2030-06-15 06:00:00+00:00,37992.82166292876
2030-06-15 07:00:00+00:00,43487.62660494623
2030-06-15 08:00:00+00:00,43459.465907982434
2030-06-15 09:00:00+00:00,43437.4383381885
2030-06-15 10:00:00+00:00,43415.53607210208
2030-06-15 11:00:00+00:00,43406.026812246055
2030-06-15 12:00:00+00:00,43398.08854293906
2030-06-15 13:00:00+00:00,43393.56775278834
2030-06-15 14:00:00+00:00,43396.58148302103
2030-06-15 15:00:00+00:00,43400.5386136906
2030-06-15 16:00:00+00:00,43404.36588021734
2030-06-15 17:00:00+00:00,43396.21448543646
2030-06-15 18:00:00+00:00,18533.71305710558
2030-06-15 19:00:00+00:00,18538.346443056816
2030-06-15 20:00:00+00:00,18550.449946332545
2030-06-15 21:00:00+00:00,18560.60355100131
2030-06-15 22:00:00+00:00,18575.355953832568
2030-06-15 23:00:00+00:00,18588.201942418294
2030-06-16 00:00:00+00:00,18535.470694102478
2030-06-16 01:00:00+00:00,18551.845557402932
2030-06-16 02:00:00+00:00,18568.323737350358
2030-06-16 03:00:00+00:00,18579.702593783266
2030-06-16 04:00:00+00:00,18585.454076366936
2030-06-16 05:00:00+00:00,18568.982619128717
2030-06-16 06:00:00+00:00,18528.66516447326
2030-06-16 07:00:00+00:00,32936.0373244789
2030-06-16 08:00:00+00:00,40728.65809270188
2030-06-16 09:00:00+00:00,43325.86968827581
2030-06-16 10:00:00+00:00,43304.4128845071
2030-06-16 11:00:00+00:00,43289.833309102585
2030-06-16 12:00:00+00:00,43278.91153796536
2030-06-16 13:00:00+00:00,43271.39036067233
2030-06-16 14:00:00+00:00,43230.34105807623
2030-06-16 15:00:00+00:00,43231.725451112
2030-06-16 16:00:00+00:00,18378.920951987686
2030-06-16 17:00:00+00:00,16030.9208691019
2030-06-16 18:00:00+00:00,4695.932487144369
2030-06-16 19:00:00+00:00,3156.6881632338973
2030-06-16 20:00:00+00:00,4878.371142723666
2030-06-16 21:00:00+00:00,11858.717074092929
2030-06-16 22:00:00+00:00,15014.917944629617
2030-06-16 23:00:00+00:00,15535.625998344658
2030-06-17 00:00:00+00:00,16249.165619381576
2030-06-17 01:00:00+00:00,16798.13823999785
2030-06-17 02:00:00+00:00,16024.68142428415
2030-06-17 03:00:00+00:00,15570.999499328946
2030-06-17 04:00:00+00:00,15140.584639144945
2030-06-17 05:00:00+00:00,13095.731542491085
2030-06-17 06:00:00+00:00,15054.423038912651
2030-06-17 07:00:00+00:00,18417.13844498987
2030-06-17 08:00:00+00:00,18398.708387064187
2030-06-17 09:00:00+00:00,18380.72431127288
2030-06-17 10:00:00+00:00,32705.39253383293
2030-06-17 11:00:00+00:00,41448.252743667035
2030-06-17 12:00:00+00:00,42139.657590889474
2030-06-17 13:00:00+00:00,28266.419803871464
2030-06-17 14:00:00+00:00,18334.561719390942
2030-06-17 15:00:00+00:00,18337.694696653838
2030-06-17 16:00:00+00:00,11048.303369905932
2030-06-17 17:00:00+00:00,2041.203234683145
2030-06-17 18:00:00+00:00,2052.9694959724666
2030-06-17 19:00:00+00:00,2067.834320401221
2030-06-17 20:00:00+00:00,2082.134981652447
2030-06-17 21:00:00+00:00,2092.241036070247
2030-06-17 22:00:00+00:00,2097.520228246062
2030-06-17 23:00:00+00:00,2104.857622695979
2030-06-18 00:00:00+00:00,2154.9253974067205
2030-06-18 01:00:00+00:00,2168.100144010331
2030-06-18 02:00:00+00:00,2188.4064046334342
2030-06-18 03:00:00+00:00,2211.842772664327
2030-06-18 04:00:00+00:00,2220.3128620669254
2030-06-18 05:00:00+00:00,2210.104350705723
2030-06-18 06:00:00+00:00,2188.4549786870944
2030-06-18 07:00:00+00:00,7576.491653619831
2030-06-18 08:00:00+00:00,18455.133995090244
2030-06-18 09:00:00+00:00,18437.95991891317
2030-06-18 10:00:00+00:00,18421.22668271916
2030-06-18 11:00:00+00:00,18409.98582706364
2030-06-18 12:00:00+00:00,18403.134348131207
2030-06-18 13:00:00+00:00,18399.510092694996
2030-06-18 14:00:00+00:00,18398.592199704253
2030-06-18 15:00:00+00:00,13236.835255467078
2030-06-18 16:00:00+00:00,2089.9753325094744
2030-06-18 17:00:00+00:00,2093.942286180461
2030-06-18 18:00:00+00:00,2101.826221054437
2030-06-18 19:00:00+00:00,2108.814903074603
2030-06-18 20:00:00+00:00,2116.835059889102
2030-06-18 21:00:00+00:00,2123.7518765902933
2030-06-18 22:00:00+00:00,2132.948340969416
2030-06-18 23:00:00+00:00,2141.7865022006654
2030-06-19 00:00:00+00:00,2181.4060286248837
2030-06-19 01:00:00+00:00,2198.4524423731846
2030-06-19 02:00:00+00:00,2225.0238595679807
2030-06-19 03:00:00+00:00,2256.612574056583
2030-06-19 04:00:00+00:00,2266.606869006524
2030-06-19 05:00:00+00:00,2258.2982222038
2030-06-19 06:00:00+00:00,2240.64835635602
2030-06-19 07:00:00+00:00,2219.7311654661785
2030-06-19 08:00:00+00:00,6665.800121454874
2030-06-19 09:00:00+00:00,18493.77275912317
2030-06-19 10:00:00+00:00,18479.652268013506
2030-06-19 11:00:00+00:00,18468.589942735154
2030-06-19 12:00:00+00:00,18462.352607010478
2030-06-19 13:00:00+00:00,18454.477840620337
2030-06-19 14:00:00+00:00,18453.45549293794
2030-06-19 15:00:00+00:00,18456.91553763173
2030-06-19 16:00:00+00:00,8275.360619252164
2030-06-19 17:00:00+00:00,2161.9911703636812
2030-06-19 18:00:00+00:00,2167.7526214333366
2030-06-19 19:00:00+00:00,2168.4840398074853
2030-06-19 20:00:00+00:00,2172.6793214108343
2030-06-19 21:00:00+00:00,2178.43368715612
2030-06-19 22:00:00+00:00,2187.2081614586195
2030-06-19 23:00:00+00:00,2195.9667236583796
2030-06-20 00:00:00+00:00,2332.174373077062
2030-06-20 01:00:00+00:00,2365.0518803411696
2030-06-20 02:00:00+00:00,2426.8720536576307
2030-06-20 03:00:00+00:00,2505.8705975401713
2030-06-20 04:00:00+00:00,2531.9613662149673
2030-06-20 05:00:00+00:00,2515.069117367878
2030-06-20 06:00:00+00:00,2482.5004590991075
2030-06-20 07:00:00+00:00,2473.8865192495123
2030-06-20 08:00:00+00:00,16506.282754827444
2030-06-20 09:00:00+00:00,18701.971544385186
2030-06-20 10:00:00+00:00,18682.831110530606
2030-06-20 11:00:00+00:00,18667.140054246156
2030-06-20 12:00:00+00:00,18660.43020671106
2030-06-20 13:00:00+00:00,18657.532119044543
2030-06-20 14:00:00+00:00,18663.521779450482
2030-06-20 15:00:00+00:00,18670.258444548195
2030-06-20 16:00:00+00:00,4047.1010190483166
2030-06-20 17:00:00+00:00,2372.209056191219
2030-06-20 18:00:00+00:00,2372.55674777665
2030-06-20 19:00:00+00:00,2359.97564459141
2030-06-20 20:00:00+00:00,2342.4125396879017
2030-06-20 21:00:00+00:00,2333.3305432046127
2030-06-20 22:00:00+00:00,2341.7357672402964
2030-06-20 23:00:00+00:00,2355.226196456678
2030-06-21 00:00:00+00:00,2392.845743173038
2030-06-21 01:00:00+00:00,2429.251446601939
2030-06-21 02:00:00+00:00,2500.366852861731
2030-06-21 03:00:00+00:00,2585.7676315366416
2030-06-21 04:00:00+00:00,2613.245758581444
2030-06-21 05:00:00+00:00,2590.7505213208956
2030-06-21 06:00:00+00:00,2546.96316321474
2030-06-21 07:00:00+00:00,18819.7666126427
2030-06-21 08:00:00+00:00,18779.58808256096
2030-06-21 09:00:00+00:00,18749.751756091075
2030-06-21 10:00:00+00:00,18725.679060932023
2030-06-21 11:00:00+00:00,18708.492597984085
2030-06-21 12:00:00+00:00,18698.436345805436
2030-06-21 13:00:00+00:00,18693.78902528262
2030-06-21 14:00:00+00:00,18695.781863831395
2030-06-21 15:00:00+00:00,18699.06799644096
2030-06-21 16:00:00+00:00,18703.039368727546
2030-06-21 17:00:00+00:00,18706.946419313612
2030-06-21 18:00:00+00:00,18702.93314941419
2030-06-21 19:00:00+00:00,18683.20262811364
2030-06-21 20:00:00+00:00,18662.442702702065
2030-06-21 21:00:00+00:00,18652.25163036352
2030-06-21 22:00:00+00:00,18674.511371239252
2030-06-21 23:00:00+00:00,18681.585870053023
2030-06-22 00:00:00+00:00,18600.698916453202
2030-06-22 01:00:00+00:00,18629.829764585753
2030-06-22 02:00:00+00:00,18672.283336483197
2030-06-22 03:00:00+00:00,18695.523994672687
2030-06-22 04:00:00+00:00,18705.909143768957
2030-06-22 05:00:00+00:00,30602.557517108777
2030-06-22 06:00:00+00:00,43548.95842877669
2030-06-22 07:00:00+00:00,43523.1412487764
2030-06-22 08:00:00+00:00,43497.51827677862
2030-06-22 09:00:00+00:00,43475.91220345575
2030-06-22 10:00:00+00:00,43455.367882288556
2030-06-22 11:00:00+00:00,43447.154856619076
2030-06-22 12:00:00+00:00,43438.91081398631
2030-06-22 13:00:00+00:00,43433.77743392289
2030-06-22 14:00:00+00:00,43435.65515536569
2030-06-22 15:00:00+00:00,43438.81087970642
2030-06-22 16:00:00+00:00,43443.00077500618
2030-06-22 17:00:00+00:00,43450.86575178401
2030-06-22 18:00:00+00:00,43456.527890290854
2030-06-22 19:00:00+00:00,43455.28196814145
2030-06-22 20:00:00+00:00,43448.60504121361
2030-06-22 21:00:00+00:00,43444.90622509566
2030-06-22 22:00:00+00:00,43451.472354293735
2030-06-22 23:00:00+00:00,43458.39146783817
2030-06-23 00:00:00+00:00,43917.70447202478
2030-06-23 01:00:00+00:00,44024.142437674964
2030-06-23 02:00:00+00:00,44188.34221671906
2030-06-23 03:00:00+00:00,44280.439460164744
2030-06-23 04:00:00+00:00,44323.72132653331
2030-06-23 05:00:00+00:00,44271.43984221232
2030-06-23 06:00:00+00:00,44205.31596911221
2030-06-23 07:00:00+00:00,44147.87924263609
2030-06-23 08:00:00+00:00,44097.06850818123
2030-06-23 09:00:00+00:00,44045.60332673792
2030-06-23 10:00:00+00:00,43990.85446505628
2030-06-23 11:00:00+00:00,43978.07545356295
2030-06-23 12:00:00+00:00,43967.25638577972
2030-06-23 13:00:00+00:00,43972.605155180136
2030-06-23 14:00:00+00:00,43996.36121996763
2030-06-23 15:00:00+00:00,44014.64193093544
2030-06-23 16:00:00+00:00,44027.272222389794
2030-06-23 17:00:00+00:00,44049.167645294365
2030-06-23 18:00:00+00:00,34915.88181635093
2030-06-23 19:00:00+00:00,22199.786675182968
2030-06-23 20:00:00+00:00,19050.979263196456
2030-06-23 21:00:00+00:00,19010.704939597337
2030-06-23 22:00:00+00:00,18987.834883505937
2030-06-23 23:00:00+00:00,19014.035110617107
2030-06-24 00:00:00+00:00,19704.686874554194
2030-06-24 01:00:00+00:00,19865.630441182842
2030-06-24 02:00:00+00:00,20198.661641113104
2030-06-24 03:00:00+00:00,20626.50674772014
2030-06-24 04:00:00+00:00,20757.436570339265
2030-06-24 05:00:00+00:00,20669.625470632865
2030-06-24 06:00:00+00:00,20508.371842547986
2030-06-24 07:00:00+00:00,20355.134977054695
2030-06-24 08:00:00+00:00,20202.506367021324
2030-06-24 09:00:00+00:00,20095.78436676144
2030-06-24 10:00:00+00:00,20011.981593917317
2030-06-24 11:00:00+00:00,19962.623423112735
2030-06-24 12:00:00+00:00,19934.876983851977
2030-06-24 13:00:00+00:00,19921.39624640507
2030-06-24 14:00:00+00:00,19941.766011257827
2030-06-24 15:00:00+00:00,19955.976024968088
2030-06-24 16:00:00+00:00,19981.490560096856
2030-06-24 17:00:00+00:00,6298.1084207688955
2030-06-24 18:00:00+00:00,3629.697157730954
2030-06-24 19:00:00+00:00,3484.665005111386
2030-06-24 20:00:00+00:00,3332.4135198501153
2030-06-24 21:00:00+00:00,3253.215185228275
2030-06-24 22:00:00+00:00,3285.6003900352525
2030-06-24 23:00:00+00:00,3344.875963491569
2030-06-25 00:00:00+00:00,3220.810384927321
2030-06-25 01:00:00+00:00,3360.5723442952553
2030-06-25 02:00:00+00:00,3648.707688262384
2030-06-25 03:00:00+00:00,4009.9966269446613
2030-06-25 04:00:00+00:00,4124.52462517819
2030-06-25 05:00:00+00:00,4031.155150264015
2030-06-25 06:00:00+00:00,3850.4477850366757
2030-06-25 07:00:00+00:00,3747.4624563895773
2030-06-25 08:00:00+00:00,19851.491242397573
2030-06-25 09:00:00+00:00,19754.962089872875
2030-06-25 10:00:00+00:00,19680.66874220922
2030-06-25 11:00:00+00:00,19637.43761401624
2030-06-25 12:00:00+00:00,19616.033962911184
2030-06-25 13:00:00+00:00,19607.525911172765
2030-06-25 14:00:00+00:00,19622.589994366586
2030-06-25 15:00:00+00:00,19636.79619247266
2030-06-25 16:00:00+00:00,11427.204140686103
2030-06-25 17:00:00+00:00,3353.2454739365685
2030-06-25 18:00:00+00:00,3317.7910552089356
2030-06-25 19:00:00+00:00,3209.2063336302613
2030-06-25 20:00:00+00:00,3097.0731325865263
2030-06-25 21:00:00+00:00,3041.9104538730585
2030-06-25 22:00:00+00:00,3078.8783231442603
2030-06-25 23:00:00+00:00,3136.3651751020316
2030-06-26 00:00:00+00:00,2888.6356955085985
2030-06-26 01:00:00+00:00,2988.9123141117016
2030-06-26 02:00:00+00:00,3191.251624240649
2030-06-26 03:00:00+00:00,3445.059062682598
2030-06-26 04:00:00+00:00,3528.2524929049127
2030-06-26 05:00:00+00:00,3454.7246696118577
2030-06-26 06:00:00+00:00,3303.783881589155
2030-06-26 07:00:00+00:00,19488.428868377287
2030-06-26 08:00:00+00:00,19369.825039712596
2030-06-26 09:00:00+00:00,21737.409842556463
2030-06-26 10:00:00+00:00,35052.71595660716
2030-06-26 11:00:00+00:00,39418.93822705617
2030-06-26 12:00:00+00:00,36155.90296914772
2030-06-26 13:00:00+00:00,23926.303121320878
2030-06-26 14:00:00+00:00,19179.969350114206
2030-06-26 15:00:00+00:00,19187.594636844617
2030-06-26 16:00:00+00:00,19204.920729545916
2030-06-26 17:00:00+00:00,2963.4398707704395
2030-06-26 18:00:00+00:00,2940.716103047302
2030-06-26 19:00:00+00:00,2880.2338075685584
2030-06-26 20:00:00+00:00,2815.9221441241143
2030-06-26 21:00:00+00:00,2786.4171818828445
2030-06-26 22:00:00+00:00,2815.2291527504944
2030-06-26 23:00:00+00:00,2857.89050585125
2030-06-27 00:00:00+00:00,2998.0359289441967
2030-06-27 01:00:00+00:00,3106.9772687759823
2030-06-27 02:00:00+00:00,3326.9895530618396
2030-06-27 03:00:00+00:00,3597.421918714982
2030-06-27 04:00:00+00:00,3683.6207544363797
2030-06-27 05:00:00+00:00,3618.849332367739
2030-06-27 06:00:00+00:00,3489.8684069271967
2030-06-27 07:00:00+00:00,15457.561160926974
2030-06-27 08:00:00+00:00,19503.22030376032
2030-06-27 09:00:00+00:00,19416.846706523404
2030-06-27 10:00:00+00:00,19348.71521695033
2030-06-27 11:00:00+00:00,19307.124473706393
2030-06-27 12:00:00+00:00,22078.867784442824
2030-06-27 13:00:00+00:00,19403.25775439497
2030-06-27 14:00:00+00:00,19290.538222312913
2030-06-27 15:00:00+00:00,19298.98134211738
2030-06-27 16:00:00+00:00,19320.536532163842
2030-06-27 17:00:00+00:00,12131.846339149568
2030-06-27 18:00:00+00:00,3055.0604258819467
2030-06-27 19:00:00+00:00,2982.6456954163555
2030-06-27 20:00:00+00:00,2902.610605131944
2030-06-27 21:00:00+00:00,2859.0822326524935
2030-06-27 22:00:00+00:00,2880.2711014659544
2030-06-27 23:00:00+00:00,2916.2961563350123
2030-06-28 00:00:00+00:00,2991.1180748740326
2030-06-28 01:00:00+00:00,3095.5038320046206
2030-06-28 02:00:00+00:00,3307.6832231957587
2030-06-28 03:00:00+00:00,3578.393703580124
2030-06-28 04:00:00+00:00,3657.3078398014354
2030-06-28 05:00:00+00:00,3594.551525250945
2030-06-28 06:00:00+00:00,3486.581722305824
2030-06-28 07:00:00+00:00,3394.1279250631105
2030-06-28 08:00:00+00:00,19536.316068375738
2030-06-28 09:00:00+00:00,19463.29323907286
2030-06-28 10:00:00+00:00,19405.22974996512
2030-06-28 11:00:00+00:00,19366.833173715226
2030-06-28 12:00:00+00:00,19349.79149591985
2030-06-28 13:00:00+00:00,19344.904904859028
2030-06-28 14:00:00+00:00,19359.164274777733
2030-06-28 15:00:00+00:00,19367.407030305832
2030-06-28 16:00:00+00:00,19383.52790734606
2030-06-28 17:00:00+00:00,16813.448362968793
2030-06-28 18:00:00+00:00,10743.432393783753
2030-06-28 19:00:00+00:00,9600.849797692612
2030-06-28 20:00:00+00:00,9803.204898362035
2030-06-28 21:00:00+00:00,9905.38277133726
2030-06-28 22:00:00+00:00,10496.069516683461
2030-06-28 23:00:00+00:00,12692.287652098516
2030-06-29 00:00:00+00:00,16488.461118876327
2030-06-29 01:00:00+00:00,18825.07957315865
2030-06-29 02:00:00+00:00,18912.623876444035
2030-06-29 03:00:00+00:00,18959.565519630283
2030-06-29 04:00:00+00:00,18687.787107865934
2030-06-29 05:00:00+00:00,17417.64673402638
2030-06-29 06:00:00+00:00,18910.801837954765
2030-06-29 07:00:00+00:00,18876.930093735948
2030-06-29 08:00:00+00:00,18841.685988447694
2030-06-29 09:00:00+00:00,18810.600524449805
2030-06-29 10:00:00+00:00,18775.076484014142
2030-06-29 11:00:00+00:00,18764.249175571844
2030-06-29 12:00:00+00:00,18752.097519419982
2030-06-29 13:00:00+00:00,18749.227596332086
2030-06-29 14:00:00+00:00,18754.350878076428
2030-06-29 15:00:00+00:00,18759.757452201076
2030-06-29 16:00:00+00:00,18758.78215880406
2030-06-29 17:00:00+00:00,17720.06612447923
2030-06-29 18:00:00+00:00,2519.492121912327
2030-06-29 19:00:00+00:00,2494.631002727451
2030-06-29 20:00:00+00:00,2471.3371761234102
2030-06-29 21:00:00+00:00,2461.2204641805592
2030-06-29 22:00:00+00:00,2473.5256914065053
2030-06-29 23:00:00+00:00,2487.962893945837
2030-06-30 00:00:00+00:00,2301.5011418963127
2030-06-30 01:00:00+00:00,2326.0349798040156
2030-06-30 02:00:00+00:00,2359.0518078693517
2030-06-30 03:00:00+00:00,2378.763064577985
2030-06-30 04:00:00+00:00,2389.659578213578
2030-06-30 05:00:00+00:00,2372.3700646945613
2030-06-30 06:00:00+00:00,10172.690733211164
2030-06-30 07:00:00+00:00,18557.4651716923
2030-06-30 08:00:00+00:00,42000.34891193097
2030-06-30 09:00:00+00:00,43353.91489092595
2030-06-30 10:00:00+00:00,43356.07762298554
2030-06-30 11:00:00+00:00,43340.76216597334
2030-06-30 12:00:00+00:00,43328.31516926924
2030-06-30 13:00:00+00:00,43320.571310820866
2030-06-30 14:00:00+00:00,43318.64487328171
2030-06-30 15:00:00+00:00,43288.15930943734
2030-06-30 16:00:00+00:00,43292.181143748785
2030-06-30 17:00:00+00:00,18438.584561038253
2030-06-30 18:00:00+00:00,2193.1064157092223
2030-06-30 19:00:00+00:00,2197.9565798623476
2030-06-30 20:00:00+00:00,2215.268247448303
2030-06-30 21:00:00+00:00,2230.7311587043123
2030-06-30 22:00:00+00:00,2247.2322274381427
2030-06-30 23:00:00+00:00,2264.8470926358264
2030-07-01 00:00:00+00:00,2261.008418918024
2030-07-01 01:00:00+00:00,2279.972856639595
2030-07-01 02:00:00+00:00,2309.9477539664786
2030-07-01 03:00:00+00:00,2341.5213154277103
2030-07-01 04:00:00+00:00,2353.4059744905585
2030-07-01 05:00:00+00:00,2322.6790420696443
2030-07-01 06:00:00+00:00,2286.4123838662817
2030-07-01 07:00:00+00:00,18500.539035087204
2030-07-01 08:00:00+00:00,18465.4358501866
2030-07-01 09:00:00+00:00,18441.244829867373
2030-07-01 10:00:00+00:00,25093.678283004305
2030-07-01 11:00:00+00:00,35657.91382197665
2030-07-01 12:00:00+00:00,39500.00938827594
2030-07-01 13:00:00+00:00,31469.422823414934
2030-07-01 14:00:00+00:00,18382.32538733022
2030-07-01 15:00:00+00:00,18382.23661638688
2030-07-01 16:00:00+00:00,18384.279746250373
2030-07-01 17:00:00+00:00,2077.131718601979
2030-07-01 18:00:00+00:00,2087.045531707968
2030-07-01 19:00:00+00:00,2097.82765568111
2030-07-01 20:00:00+00:00,2115.6250897355844
2030-07-01 21:00:00+00:00,2131.188892101632
2030-07-01 22:00:00+00:00,2149.0454206103886
2030-07-01 23:00:00+00:00,2163.6404419774567
2030-07-02 00:00:00+00:00,2173.366492466516
2030-07-02 01:00:00+00:00,2191.3427514029195
2030-07-02 02:00:00+00:00,2215.489609280544
2030-07-02 03:00:00+00:00,2243.3749788363457
2030-07-02 04:00:00+00:00,2253.4870129708333
2030-07-02 05:00:00+00:00,2238.9084567401924
2030-07-02 06:00:00+00:00,2199.8443075151868
2030-07-02 07:00:00+00:00,18425.737845297408
2030-07-02 08:00:00+00:00,18440.889337696437
2030-07-02 09:00:00+00:00,18414.920190296354
2030-07-02 10:00:00+00:00,18393.54505588147
2030-07-02 11:00:00+00:00,22470.266475463657
2030-07-02 12:00:00+00:00,25757.119370282166
2030-07-02 13:00:00+00:00,18369.69589435968
2030-07-02 14:00:00+00:00,18372.200453960148
2030-07-02 15:00:00+00:00,18376.806851065525
2030-07-02 16:00:00+00:00,18385.140454508266
2030-07-02 17:00:00+00:00,18334.334692950266
2030-07-02 18:00:00+00:00,18345.58295460646
2030-07-02 19:00:00+00:00,18354.24767694122
2030-07-02 20:00:00+00:00,18361.380864597344
2030-07-02 21:00:00+00:00,18366.27660438503
2030-07-02 22:00:00+00:00,18375.385738120727
2030-07-02 23:00:00+00:00,18383.482032794367
2030-07-03 00:00:00+00:00,18410.633766018527
2030-07-03 01:00:00+00:00,18424.68316579351
2030-07-03 02:00:00+00:00,18452.128317335122
2030-07-03 03:00:00+00:00,18476.87449853539
2030-07-03 04:00:00+00:00,18490.39302225872
2030-07-03 05:00:00+00:00,18483.872942591584
2030-07-03 06:00:00+00:00,18465.634288413818
2030-07-03 07:00:00+00:00,18528.444227613843
2030-07-03 08:00:00+00:00,18514.644623180353
2030-07-03 09:00:00+00:00,18501.133411625957
2030-07-03 10:00:00+00:00,18486.06599148157
2030-07-03 11:00:00+00:00,18477.277098002658
2030-07-03 12:00:00+00:00,18469.066707549355
2030-07-03 13:00:00+00:00,18462.746709065817
2030-07-03 14:00:00+00:00,18460.605767377026
2030-07-03 15:00:00+00:00,18463.22481776405
2030-07-03 16:00:00+00:00,16979.071413176945
2030-07-03 17:00:00+00:00,2164.1411631208184
2030-07-03 18:00:00+00:00,2161.339011064227
2030-07-03 19:00:00+00:00,2157.881881101689
2030-07-03 20:00:00+00:00,2156.7897283182556
2030-07-03 21:00:00+00:00,2158.173368807071
2030-07-03 22:00:00+00:00,2164.4442779250853
2030-07-03 23:00:00+00:00,2171.852920779686
2030-07-04 00:00:00+00:00,2129.3256997932704
2030-07-04 01:00:00+00:00,2138.2882622113925
2030-07-04 02:00:00+00:00,2151.254601783413
2030-07-04 03:00:00+00:00,2165.795753551241
2030-07-04 04:00:00+00:00,2171.1764420605027
2030-07-04 05:00:00+00:00,2166.263706995086
2030-07-04 06:00:00+00:00,2153.184115007283
2030-07-04 07:00:00+00:00,18450.093313691992
2030-07-04 08:00:00+00:00,18433.4929096178
2030-07-04 09:00:00+00:00,18418.159428355724
2030-07-04 10:00:00+00:00,18401.67756192649
2030-07-04 11:00:00+00:00,21833.180293275604
2030-07-04 12:00:00+00:00,28282.056457395534
2030-07-04 13:00:00+00:00,23719.575986458512
2030-07-04 14:00:00+00:00,18365.457359412354
2030-07-04 15:00:00+00:00,18361.764455475906
2030-07-04 16:00:00+00:00,18362.463899941176
2030-07-04 17:00:00+00:00,3928.6496344578004
2030-07-04 18:00:00+00:00,2057.2528224010566
2030-07-04 19:00:00+00:00,2064.922506674965
2030-07-04 20:00:00+00:00,2079.790667989735
2030-07-04 21:00:00+00:00,2091.082595524392
2030-07-04 22:00:00+00:00,2100.0075967707767
2030-07-04 23:00:00+00:00,2109.2368358568765
2030-07-05 00:00:00+00:00,2095.836455104209
2030-07-05 01:00:00+00:00,2100.8230995777744
2030-07-05 02:00:00+00:00,2106.7686043753934
2030-07-05 03:00:00+00:00,2112.97852478587
2030-07-05 04:00:00+00:00,2117.1223892746775
2030-07-05 05:00:00+00:00,2112.6499111830594
2030-07-05 06:00:00+00:00,2092.8514092517353
2030-07-05 07:00:00+00:00,12426.86461541163
2030-07-05 08:00:00+00:00,18364.62765258817
2030-07-05 09:00:00+00:00,18346.419686288973
2030-07-05 10:00:00+00:00,18330.359312533845
2030-07-05 11:00:00+00:00,21686.511338977874
2030-07-05 12:00:00+00:00,24718.092372601717
2030-07-05 13:00:00+00:00,20443.532802586964
2030-07-05 14:00:00+00:00,18293.514750640745
2030-07-05 15:00:00+00:00,18290.80255337476
2030-07-05 16:00:00+00:00,18290.901653552744
2030-07-05 17:00:00+00:00,1981.1981785396813
2030-07-05 18:00:00+00:00,1988.9911674524228
2030-07-05 19:00:00+00:00,2003.043376121302
2030-07-05 20:00:00+00:00,2027.441001262031
2030-07-05 21:00:00+00:00,2048.4218450296976
2030-07-05 22:00:00+00:00,2065.219981341231
2030-07-05 23:00:00+00:00,2077.167224238381
2030-07-06 00:00:00+00:00,2086.035304667334
2030-07-06 01:00:00+00:00,2097.1551181265127
2030-07-06 02:00:00+00:00,2107.3130538060373
2030-07-06 03:00:00+00:00,2113.5266362589996
2030-07-06 04:00:00+00:00,2120.072233983618
2030-07-06 05:00:00+00:00,2111.3418625133836
2030-07-06 06:00:00+00:00,2078.6713288451556
2030-07-06 07:00:00+00:00,18358.540080986495
2030-07-06 08:00:00+00:00,20120.847831988784
2030-07-06 09:00:00+00:00,33616.67377635397
2030-07-06 10:00:00+00:00,42330.8651114403
2030-07-06 11:00:00+00:00,43162.78353110043
2030-07-06 12:00:00+00:00,43153.21869738495
2030-07-06 13:00:00+00:00,43134.67111223669
2030-07-06 14:00:00+00:00,39681.14218638703
2030-07-06 15:00:00+00:00,32741.536847724947
2030-07-06 16:00:00+00:00,20958.040556436827
2030-07-06 17:00:00+00:00,18244.473733164505
2030-07-06 18:00:00+00:00,18252.328493530047
2030-07-06 19:00:00+00:00,18269.731716209444
2030-07-06 20:00:00+00:00,18294.570689438533
2030-07-06 21:00:00+00:00,18313.768842393416
2030-07-06 22:00:00+00:00,18328.190471818838
2030-07-06 23:00:00+00:00,18338.439776757918
2030-07-07 00:00:00+00:00,18355.84292264688
2030-07-07 01:00:00+00:00,18367.7917811038
2030-07-07 02:00:00+00:00,18379.29345095139
2030-07-07 03:00:00+00:00,18389.31559950478
2030-07-07 04:00:00+00:00,18396.02242726365
2030-07-07 05:00:00+00:00,18388.842240393224
2030-07-07 06:00:00+00:00,18355.757997346707
2030-07-07 07:00:00+00:00,27250.565226660594
2030-07-07 08:00:00+00:00,43203.32015486935
2030-07-07 09:00:00+00:00,43180.3044261837
2030-07-07 10:00:00+00:00,43162.459115319216
2030-07-07 11:00:00+00:00,43151.27978656606
2030-07-07 12:00:00+00:00,43144.113937694616
2030-07-07 13:00:00+00:00,43139.78861753789
2030-07-07 14:00:00+00:00,43137.52234043829
2030-07-07 15:00:00+00:00,43138.06336607863
2030-07-07 16:00:00+00:00,41040.24925214784
2030-07-07 17:00:00+00:00,18260.839336978443
2030-07-07 18:00:00+00:00,18269.63514239678
2030-07-07 19:00:00+00:00,18284.208743383617
2030-07-07 20:00:00+00:00,18304.578611211902
2030-07-07 21:00:00+00:00,18319.770527617653
2030-07-07 22:00:00+00:00,18334.10013107428
2030-07-07 23:00:00+00:00,18346.683701462884
2030-07-08 00:00:00+00:00,18368.930625942012
2030-07-08 01:00:00+00:00,18381.634087550145
2030-07-08 02:00:00+00:00,18398.427020840118
2030-07-08 03:00:00+00:00,18414.325274281673
2030-07-08 04:00:00+00:00,18423.162455632475
2030-07-08 05:00:00+00:00,18415.21524728024
2030-07-08 06:00:00+00:00,18386.549698509243
2030-07-08 07:00:00+00:00,20165.625994348862
2030-07-08 08:00:00+00:00,43203.80193185818
2030-07-08 09:00:00+00:00,43193.96798833244
2030-07-08 10:00:00+00:00,43174.28302952196
2030-07-08 11:00:00+00:00,43162.125154406414
2030-07-08 12:00:00+00:00,43153.139493617084
2030-07-08 13:00:00+00:00,43148.61888716805
2030-07-08 14:00:00+00:00,43135.7899466181
2030-07-08 15:00:00+00:00,43136.22838432022
2030-07-08 16:00:00+00:00,32434.106360163198
2030-07-08 17:00:00+00:00,18272.636266769026
2030-07-08 18:00:00+00:00,18282.695774367032
2030-07-08 19:00:00+00:00,18295.3253052171
2030-07-08 20:00:00+00:00,18314.738926039037
2030-07-08 21:00:00+00:00,18329.603503675717
2030-07-08 22:00:00+00:00,18342.76729323736
2030-07-08 23:00:00+00:00,18354.21994931383
2030-07-09 00:00:00+00:00,18370.310782136105
2030-07-09 01:00:00+00:00,18382.78830450112
2030-07-09 02:00:00+00:00,18400.143984732378
2030-07-09 03:00:00+00:00,18418.701056891226
2030-07-09 04:00:00+00:00,18427.943599963717
2030-07-09 05:00:00+00:00,18422.423883653944
2030-07-09 06:00:00+00:00,18393.487988364883
2030-07-09 07:00:00+00:00,18364.187508255516
2030-07-09 08:00:00+00:00,18336.192399807616
2030-07-09 09:00:00+00:00,18313.34260316164
2030-07-09 10:00:00+00:00,43178.674480996066
2030-07-09 11:00:00+00:00,43165.172910437104
2030-07-09 12:00:00+00:00,43155.854717183654
2030-07-09 13:00:00+00:00,43155.32094419533
2030-07-09 14:00:00+00:00,32745.766198332996
2030-07-09 15:00:00+00:00,18270.11729512849
2030-07-09 16:00:00+00:00,18275.06747767972
2030-07-09 17:00:00+00:00,18281.578147846307
2030-07-09 18:00:00+00:00,18292.481459324696
2030-07-09 19:00:00+00:00,18305.04372766512
2030-07-09 20:00:00+00:00,18322.31968596151
2030-07-09 21:00:00+00:00,18335.875576499082
2030-07-09 22:00:00+00:00,18348.944226578667
2030-07-09 23:00:00+00:00,18362.096164872877
2030-07-10 00:00:00+00:00,18380.917746503965
2030-07-10 01:00:00+00:00,18394.29364553123
2030-07-10 02:00:00+00:00,18413.901443887236
2030-07-10 03:00:00+00:00,18435.576957781122
2030-07-10 04:00:00+00:00,18444.87089441357
2030-07-10 05:00:00+00:00,18438.800301448606
2030-07-10 06:00:00+00:00,18410.83657483734
2030-07-10 07:00:00+00:00,18381.756956290945
2030-07-10 08:00:00+00:00,27856.0021215152
2030-07-10 09:00:00+00:00,43211.241252352076
2030-07-10 10:00:00+00:00,43191.4673393614
2030-07-10 11:00:00+00:00,43178.3922350974
2030-07-10 12:00:00+00:00,43170.642247249845
2030-07-10 13:00:00+00:00,43168.528561071675
2030-07-10 14:00:00+00:00,40083.048129127856
2030-07-10 15:00:00+00:00,42949.649739193424
2030-07-10 16:00:00+00:00,23874.62375194949
2030-07-10 17:00:00+00:00,18306.194061440172
2030-07-10 18:00:00+00:00,18313.79907431125
2030-07-10 19:00:00+00:00,18325.798588082816
2030-07-10 20:00:00+00:00,18341.694134443467
2030-07-10 21:00:00+00:00,18353.868958038016
2030-07-10 22:00:00+00:00,18366.822540924564
2030-07-10 23:00:00+00:00,18379.149070272033
2030-07-11 00:00:00+00:00,18386.04331653509
2030-07-11 01:00:00+00:00,18401.416807240694
2030-07-11 02:00:00+00:00,18420.02506701477
2030-07-11 03:00:00+00:00,18438.65608194714
2030-07-11 04:00:00+00:00,18449.58828958887
2030-07-11 05:00:00+00:00,18445.568287300575
2030-07-11 06:00:00+00:00,18424.914755624253
2030-07-11 07:00:00+00:00,18403.36424855809
2030-07-11 08:00:00+00:00,20392.379134521423
2030-07-11 09:00:00+00:00,42525.31218257277
2030-07-11 10:00:00+00:00,43224.79601877318
2030-07-11 11:00:00+00:00,43208.22662738316
2030-07-11 12:00:00+00:00,43196.241979141676
2030-07-11 13:00:00+00:00,43189.80480149097
2030-07-11 14:00:00+00:00,43145.86684252348
2030-07-11 15:00:00+00:00,40799.59217952797
2030-07-11 16:00:00+00:00,23331.252347896676
2030-07-11 17:00:00+00:00,14713.798481628815
2030-07-11 18:00:00+00:00,7726.439591596085
2030-07-11 19:00:00+00:00,8342.64043900588
2030-07-11 20:00:00+00:00,10469.914726360657
2030-07-11 21:00:00+00:00,12412.442118880646
2030-07-11 22:00:00+00:00,13989.676313982054
2030-07-11 23:00:00+00:00,14778.750452798706
2030-07-12 00:00:00+00:00,15399.001135717559
2030-07-12 01:00:00+00:00,15873.836005734443
2030-07-12 02:00:00+00:00,16260.311910304876
2030-07-12 03:00:00+00:00,16366.798062940972
2030-07-12 04:00:00+00:00,14241.757840373346
2030-07-12 05:00:00+00:00,5591.496740746194
2030-07-12 06:00:00+00:00,16531.893483372318
2030-07-12 07:00:00+00:00,18380.817294372824
2030-07-12 08:00:00+00:00,20163.65917135629
2030-07-12 09:00:00+00:00,37902.11597831452
2030-07-12 10:00:00+00:00,43186.726880883696
2030-07-12 11:00:00+00:00,43171.40969887549
2030-07-12 12:00:00+00:00,43160.7245719224
2030-07-12 13:00:00+00:00,43154.671657348284
2030-07-12 14:00:00+00:00,39560.75014740942
2030-07-12 15:00:00+00:00,26364.40002766922
2030-07-12 16:00:00+00:00,18267.331297748067
2030-07-12 17:00:00+00:00,2070.533748369289
2030-07-12 18:00:00+00:00,1974.0824151982438
2030-07-12 19:00:00+00:00,1990.6164496083677
2030-07-12 20:00:00+00:00,2012.8212978365793
2030-07-12 21:00:00+00:00,2029.7356823638975
2030-07-12 22:00:00+00:00,2045.5161934103
2030-07-12 23:00:00+00:00,2059.716722804733
2030-07-13 00:00:00+00:00,2064.2338765931618
2030-07-13 01:00:00+00:00,2077.746119424189
2030-07-13 02:00:00+00:00,2091.0507309581694
2030-07-13 03:00:00+00:00,2100.3271728765444
2030-07-13 04:00:00+00:00,2108.632543506309
2030-07-13 05:00:00+00:00,2103.786205474649
2030-07-13 06:00:00+00:00,2077.676221023827
2030-07-13 07:00:00+00:00,18358.823215304696
2030-07-13 08:00:00+00:00,20131.696532370315
2030-07-13 09:00:00+00:00,37167.799616836426
2030-07-13 10:00:00+00:00,43158.36463146851
2030-07-13 11:00:00+00:00,43156.250121979014
2030-07-13 12:00:00+00:00,43144.69657263749
2030-07-13 13:00:00+00:00,43138.81788352494
2030-07-13 14:00:00+00:00,39671.35713144204
2030-07-13 15:00:00+00:00,35518.45089915717
2030-07-13 16:00:00+00:00,18330.767603067252
2030-07-13 17:00:00+00:00,17884.793069111685
2030-07-13 18:00:00+00:00,7223.292605069188
2030-07-13 19:00:00+00:00,5437.246474514098
2030-07-13 20:00:00+00:00,5520.0120393460875
2030-07-13 21:00:00+00:00,5702.441668932894
2030-07-13 22:00:00+00:00,5729.548467436213
2030-07-13 23:00:00+00:00,5757.299766232547
2030-07-14 00:00:00+00:00,5934.226123237002
2030-07-14 01:00:00+00:00,6141.930812105604
2030-07-14 02:00:00+00:00,6302.138353744962
2030-07-14 03:00:00+00:00,6475.952223704596
2030-07-14 04:00:00+00:00,6464.626715417143
2030-07-14 05:00:00+00:00,6442.774004487666
2030-07-14 06:00:00+00:00,13656.04669126
2030-07-14 07:00:00+00:00,18356.460348175053
2030-07-14 08:00:00+00:00,20145.83354764839
2030-07-14 09:00:00+00:00,27714.464944485077
2030-07-14 10:00:00+00:00,40231.2761477506
2030-07-14 11:00:00+00:00,43154.475593258336
2030-07-14 12:00:00+00:00,43143.20148909839
2030-07-14 13:00:00+00:00,40364.226166391454
2030-07-14 14:00:00+00:00,32609.278348247197
2030-07-14 15:00:00+00:00,22116.055489260027
2030-07-14 16:00:00+00:00,18245.858976035768
2030-07-14 17:00:00+00:00,6127.70022256295
2030-07-14 18:00:00+00:00,1948.6272495147944
2030-07-14 19:00:00+00:00,1964.2378352899173
2030-07-14 20:00:00+00:00,1986.1060714033963
2030-07-14 21:00:00+00:00,2003.573171764853
2030-07-14 22:00:00+00:00,2017.318354061723
2030-07-14 23:00:00+00:00,2031.2429344491
2030-07-15 00:00:00+00:00,2034.33820648283
2030-07-15 01:00:00+00:00,2048.289456995891
2030-07-15 02:00:00+00:00,2063.0172905517543
2030-07-15 03:00:00+00:00,2076.297737536406
2030-07-15 04:00:00+00:00,2082.700702044213
2030-07-15 05:00:00+00:00,2078.3921523019567
2030-07-15 06:00:00+00:00,2041.9438635228962
2030-07-15 07:00:00+00:00,18319.38992369719
2030-07-15 08:00:00+00:00,18289.795626033883
2030-07-15 09:00:00+00:00,18268.93166156185
2030-07-15 10:00:00+00:00,36640.08115610517
2030-07-15 11:00:00+00:00,43114.36716386023
2030-07-15 12:00:00+00:00,43105.597357807565
2030-07-15 13:00:00+00:00,31826.354225607676
2030-07-15 14:00:00+00:00,18222.829117971058
2030-07-15 15:00:00+00:00,18222.04142553923
2030-07-15 16:00:00+00:00,18224.003153921265
2030-07-15 17:00:00+00:00,1917.259700697031
2030-07-15 18:00:00+00:00,1926.4229268606712
2030-07-15 19:00:00+00:00,1945.1398604376907
2030-07-15 20:00:00+00:00,1969.1096153533913
2030-07-15 21:00:00+00:00,1986.9065251570303
2030-07-15 22:00:00+00:00,2002.572928576891
2030-07-15 23:00:00+00:00,2015.2863285701244
2030-07-16 00:00:00+00:00,2023.9531419321788
2030-07-16 01:00:00+00:00,2035.3568022920313
2030-07-16 02:00:00+00:00,2050.217774596066
2030-07-16 03:00:00+00:00,2061.684443783665
2030-07-16 04:00:00+00:00,2068.4178304243314
2030-07-16 05:00:00+00:00,2062.296320877028
2030-07-16 06:00:00+00:00,2029.034744197946
2030-07-16 07:00:00+00:00,5465.68077232547
2030-07-16 08:00:00+00:00,18279.665049155537
2030-07-16 09:00:00+00:00,18257.60763370838
2030-07-16 10:00:00+00:00,24959.83541224191
2030-07-16 11:00:00+00:00,32806.31348666957
2030-07-16 12:00:00+00:00,28772.388087787174
2030-07-16 13:00:00+00:00,18217.728613184638
2030-07-16 14:00:00+00:00,18216.04424892778
2030-07-16 15:00:00+00:00,18216.163034677564
2030-07-16 16:00:00+00:00,8474.545136065959
2030-07-16 17:00:00+00:00,1912.9910063522887
2030-07-16 18:00:00+00:00,1924.7970520741005
2030-07-16 19:00:00+00:00,1942.7301446020203
2030-07-16 20:00:00+00:00,1964.3573704007413
2030-07-16 21:00:00+00:00,1980.3896079709946
2030-07-16 22:00:00+00:00,1993.3511137717144
2030-07-16 23:00:00+00:00,2003.9098416212078
2030-07-17 00:00:00+00:00,2031.826260057573
2030-07-17 01:00:00+00:00,2043.9422688483726
2030-07-17 02:00:00+00:00,2058.535532817323
2030-07-17 03:00:00+00:00,2075.8013556232913
2030-07-17 04:00:00+00:00,2083.861186717479
2030-07-17 05:00:00+00:00,2080.2148017470945
2030-07-17 06:00:00+00:00,2054.526010145856
2030-07-17 07:00:00+00:00,5681.991277417432
2030-07-17 08:00:00+00:00,18307.841341794843
2030-07-17 09:00:00+00:00,18285.329334367903
2030-07-17 10:00:00+00:00,18852.296832665706
2030-07-17 11:00:00+00:00,28410.77908799518
2030-07-17 12:00:00+00:00,24109.10377742421
2030-07-17 13:00:00+00:00,18240.41506799767
2030-07-17 14:00:00+00:00,18240.61898672667
2030-07-17 15:00:00+00:00,18243.659028357702
2030-07-17 16:00:00+00:00,13971.337751503546
2030-07-17 17:00:00+00:00,1944.4245928084376
2030-07-17 18:00:00+00:00,1954.883978355807
2030-07-17 19:00:00+00:00,1966.6180525166847
2030-07-17 20:00:00+00:00,1981.9558913090623
2030-07-17 21:00:00+00:00,1995.5210844544806
2030-07-17 22:00:00+00:00,2007.743182486446
2030-07-17 23:00:00+00:00,2017.550648183148
2030-07-18 00:00:00+00:00,2059.8281951947015
2030-07-18 01:00:00+00:00,2076.7078506053213
2030-07-18 02:00:00+00:00,2100.3975694283604
2030-07-18 03:00:00+00:00,2127.3821939653426
2030-07-18 04:00:00+00:00,2138.8428491481422
2030-07-18 05:00:00+00:00,2132.4768839659337
2030-07-18 06:00:00+00:00,2105.008550054362
2030-07-18 07:00:00+00:00,18388.09714791803
2030-07-18 08:00:00+00:00,18357.4615628401
2030-07-18 09:00:00+00:00,18334.009522883924
2030-07-18 10:00:00+00:00,41794.23690520034
2030-07-18 11:00:00+00:00,43188.720558641115
2030-07-18 12:00:00+00:00,43160.331258851525
2030-07-18 13:00:00+00:00,20142.687248549235
2030-07-18 14:00:00+00:00,18283.792121262373
2030-07-18 15:00:00+00:00,18287.438934493148
2030-07-18 16:00:00+00:00,18294.332876120658
2030-07-18 17:00:00+00:00,16237.462594511182
2030-07-18 18:00:00+00:00,14829.460597862246
2030-07-18 19:00:00+00:00,13168.551588719432
2030-07-18 20:00:00+00:00,14469.324508923952
2030-07-18 21:00:00+00:00,15055.839882243283
2030-07-18 22:00:00+00:00,15348.829054670989
2030-07-18 23:00:00+00:00,15485.539600598264
2030-07-19 00:00:00+00:00,15554.363684027983
2030-07-19 01:00:00+00:00,15597.007773684576
2030-07-19 02:00:00+00:00,15630.10010865409
2030-07-19 03:00:00+00:00,15585.20116446447
2030-07-19 04:00:00+00:00,15410.392607326117
2030-07-19 05:00:00+00:00,13256.411023360984
2030-07-19 06:00:00+00:00,16885.815533938978
2030-07-19 07:00:00+00:00,18355.317103470592
2030-07-19 08:00:00+00:00,18326.640792492166
2030-07-19 09:00:00+00:00,22998.78777593457
2030-07-19 10:00:00+00:00,40843.70704617655
2030-07-19 11:00:00+00:00,43157.244197166234
2030-07-19 12:00:00+00:00,43132.96065149236
2030-07-19 13:00:00+00:00,33658.32005041749
2030-07-19 14:00:00+00:00,18250.20949255731
2030-07-19 15:00:00+00:00,18251.10505250528
2030-07-19 16:00:00+00:00,18254.790524660486
2030-07-19 17:00:00+00:00,18262.664936528025
2030-07-19 18:00:00+00:00,18273.037963305673
2030-07-19 19:00:00+00:00,18282.987727286385
2030-07-19 20:00:00+00:00,18296.492817088903
2030-07-19 21:00:00+00:00,18307.61088287287
2030-07-19 22:00:00+00:00,18320.194062843966
2030-07-19 23:00:00+00:00,18329.2738493509
2030-07-20 00:00:00+00:00,18326.680148786716
2030-07-20 01:00:00+00:00,18340.254513962213
2030-07-20 02:00:00+00:00,18356.300114649886
2030-07-20 03:00:00+00:00,18366.58116136213
2030-07-20 04:00:00+00:00,18373.75498176883
2030-07-20 05:00:00+00:00,18369.11119113263
2030-07-20 06:00:00+00:00,18344.368062592304
2030-07-20 07:00:00+00:00,19260.378156874835
2030-07-20 08:00:00+00:00,20115.977648779804
2030-07-20 09:00:00+00:00,37132.692871756066
2030-07-20 10:00:00+00:00,43128.54613699623
2030-07-20 11:00:00+00:00,43114.385040201916
2030-07-20 12:00:00+00:00,43104.388992211316
2030-07-20 13:00:00+00:00,41175.200651098494
2030-07-20 14:00:00+00:00,32112.077862677546
2030-07-20 15:00:00+00:00,36061.314584044245
2030-07-20 16:00:00+00:00,18215.92585072675
2030-07-20 17:00:00+00:00,16731.35888418063
2030-07-20 18:00:00+00:00,12176.258674788236
2030-07-20 19:00:00+00:00,11111.057423478824
2030-07-20 20:00:00+00:00,11869.129679463505
2030-07-20 21:00:00+00:00,12655.137654310704
2030-07-20 22:00:00+00:00,13230.40605043441
2030-07-20 23:00:00+00:00,13171.850211589466
2030-07-21 00:00:00+00:00,13269.96812658897
2030-07-21 01:00:00+00:00,13508.31777752402
2030-07-21 02:00:00+00:00,13731.863003220413
2030-07-21 03:00:00+00:00,13858.999805166433
2030-07-21 04:00:00+00:00,13908.500694106797
2030-07-21 05:00:00+00:00,13344.482091435704
2030-07-21 06:00:00+00:00,15999.25704490865
2030-07-21 07:00:00+00:00,18273.528791173285
2030-07-21 08:00:00+00:00,18242.227407303642
2030-07-21 09:00:00+00:00,29476.400985142893
2030-07-21 10:00:00+00:00,43081.16846439215
2030-07-21 11:00:00+00:00,43067.78396695113
2030-07-21 12:00:00+00:00,43058.84873039819
2030-07-21 13:00:00+00:00,39298.34490827998
2030-07-21 14:00:00+00:00,18166.03898085493
2030-07-21 15:00:00+00:00,18167.11263314335
2030-07-21 16:00:00+00:00,18037.14296862941
2030-07-21 17:00:00+00:00,1866.4100712035101
2030-07-21 18:00:00+00:00,1878.913176150766
2030-07-21 19:00:00+00:00,1898.027101120044
2030-07-21 20:00:00+00:00,1920.581323326535
2030-07-21 21:00:00+00:00,1935.8391424790018
2030-07-21 22:00:00+00:00,1947.064658477224
2030-07-21 23:00:00+00:00,1957.6538587067148
2030-07-22 00:00:00+00:00,1965.5684246362373
2030-07-22 01:00:00+00:00,1977.3216479442967
2030-07-22 02:00:00+00:00,1986.9874091988859
2030-07-22 03:00:00+00:00,1997.769981039925
2030-07-22 04:00:00+00:00,2004.1334778245016
2030-07-22 05:00:00+00:00,2001.5857274683572
2030-07-22 06:00:00+00:00,1973.625399181638
2030-07-22 07:00:00+00:00,1959.0330938048687
2030-07-22 08:00:00+00:00,18228.46446325166
2030-07-22 09:00:00+00:00,18206.340865520076
2030-07-22 10:00:00+00:00,26037.43301875989
2030-07-22 11:00:00+00:00,35354.36890698503
2030-07-22 12:00:00+00:00,30479.9702513031
2030-07-22 13:00:00+00:00,18164.15128966348
2030-07-22 14:00:00+00:00,18163.481180039576
2030-07-22 15:00:00+00:00,18164.745096807972
2030-07-22 16:00:00+00:00,4904.798418241357
2030-07-22 17:00:00+00:00,1865.0268786169372
2030-07-22 18:00:00+00:00,1876.5623666170113
2030-07-22 19:00:00+00:00,1895.7718698379115
2030-07-22 20:00:00+00:00,1918.1435387409927
2030-07-22 21:00:00+00:00,1932.998460401485
2030-07-22 22:00:00+00:00,1946.5858442594251
2030-07-22 23:00:00+00:00,1958.746519790802
2030-07-23 00:00:00+00:00,1971.6762618133873
2030-07-23 01:00:00+00:00,1981.832102513713
2030-07-23 02:00:00+00:00,1992.981213381145
2030-07-23 03:00:00+00:00,2005.1091683565319
2030-07-23 04:00:00+00:00,2011.6471783063353
2030-07-23 05:00:00+00:00,2008.4099009559714
2030-07-23 06:00:00+00:00,1981.8416439619548
2030-07-23 07:00:00+00:00,1954.6241010435176
2030-07-23 08:00:00+00:00,2417.534113902584
2030-07-23 09:00:00+00:00,18223.17560518095
2030-07-23 10:00:00+00:00,18208.714844956274
2030-07-23 11:00:00+00:00,18202.211905553915
2030-07-23 12:00:00+00:00,18194.93252469729
2030-07-23 13:00:00+00:00,18173.435285931075
2030-07-23 14:00:00+00:00,7224.233254603754
2030-07-23 15:00:00+00:00,2374.121623601747
2030-07-23 16:00:00+00:00,1893.7737411262563
2030-07-23 17:00:00+00:00,1907.8869966135471
2030-07-23 18:00:00+00:00,1920.1783453169478
2030-07-23 19:00:00+00:00,1933.7255529862587
2030-07-23 20:00:00+00:00,1947.9249505223208
2030-07-23 21:00:00+00:00,1958.1770558585768
2030-07-23 22:00:00+00:00,1966.5804429381196
2030-07-23 23:00:00+00:00,1974.8725937291736
2030-07-24 00:00:00+00:00,1977.1658571390967
2030-07-24 01:00:00+00:00,1985.443571769285
2030-07-24 02:00:00+00:00,1994.6838380842332
2030-07-24 03:00:00+00:00,2004.7886980472801
2030-07-24 04:00:00+00:00,2010.2631397828793
2030-07-24 05:00:00+00:00,2009.8347340778873
2030-07-24 06:00:00+00:00,1992.9207661499884
2030-07-24 07:00:00+00:00,1970.3404638609732
2030-07-24 08:00:00+00:00,17323.34947465538
2030-07-24 09:00:00+00:00,18214.138667389838
2030-07-24 10:00:00+00:00,18225.267176489495
2030-07-24 11:00:00+00:00,18214.43312311812
2030-07-24 12:00:00+00:00,18203.438608545348
2030-07-24 13:00:00+00:00,18195.83567420172
2030-07-24 14:00:00+00:00,18163.120433389653
2030-07-24 15:00:00+00:00,17367.46825212136
2030-07-24 16:00:00+00:00,9445.231378301058
2030-07-24 17:00:00+00:00,1883.7734290312526
2030-07-24 18:00:00+00:00,1892.8418258572012
2030-07-24 19:00:00+00:00,1906.946378842914
2030-07-24 20:00:00+00:00,1927.6346103860667
2030-07-24 21:00:00+00:00,1941.4135749001564
2030-07-24 22:00:00+00:00,1952.2936626728788
2030-07-24 23:00:00+00:00,1961.6881398573794
2030-07-25 00:00:00+00:00,1957.0628876268256
2030-07-25 01:00:00+00:00,1963.9127802242838
2030-07-25 02:00:00+00:00,1970.7186299974996
2030-07-25 03:00:00+00:00,1974.3216845598092
2030-07-25 04:00:00+00:00,1977.8220173890302
2030-07-25 05:00:00+00:00,1974.931167122807
2030-07-25 06:00:00+00:00,1951.5057986175657
2030-07-25 07:00:00+00:00,1925.7538122929316
2030-07-25 08:00:00+00:00,16107.154079989548
2030-07-25 09:00:00+00:00,18196.792359592095
2030-07-25 10:00:00+00:00,18183.97769748674
2030-07-25 11:00:00+00:00,20532.706492641155
2030-07-25 12:00:00+00:00,22038.81288930681
2030-07-25 13:00:00+00:00,18157.392896138164
2030-07-25 14:00:00+00:00,17843.909561156033
2030-07-25 15:00:00+00:00,16431.494215307175
2030-07-25 16:00:00+00:00,3326.8354441883453
2030-07-25 17:00:00+00:00,1842.5230024911127
2030-07-25 18:00:00+00:00,1852.7578613755918
2030-07-25 19:00:00+00:00,1870.7620777903246
2030-07-25 20:00:00+00:00,1893.7720069444777
2030-07-25 21:00:00+00:00,1908.0278604984533
2030-07-25 22:00:00+00:00,1917.7296972998497
2030-07-25 23:00:00+00:00,1926.092190885938
2030-07-26 00:00:00+00:00,1929.3029137450674
2030-07-26 01:00:00+00:00,1935.8912178953226
2030-07-26 02:00:00+00:00,1941.3440857471066
2030-07-26 03:00:00+00:00,1943.6954128895181
2030-07-26 04:00:00+00:00,1947.9103166438615
2030-07-26 05:00:00+00:00,1948.659558442828
2030-07-26 06:00:00+00:00,1936.415044837148
2030-07-26 07:00:00+00:00,1918.1089483617545
2030-07-26 08:00:00+00:00,1928.543084449733
2030-07-26 09:00:00+00:00,11835.468231262032
2030-07-26 10:00:00+00:00,17986.248091659305
2030-07-26 11:00:00+00:00,21130.145121778736
2030-07-26 12:00:00+00:00,19440.520339613926
2030-07-26 13:00:00+00:00,17337.89003052941
2030-07-26 14:00:00+00:00,6943.78768891283
2030-07-26 15:00:00+00:00,1862.3686514694157
2030-07-26 16:00:00+00:00,1831.988725325041
2030-07-26 17:00:00+00:00,1836.1585633347963
2030-07-26 18:00:00+00:00,1847.4911006841019
2030-07-26 19:00:00+00:00,1865.9478716500748
2030-07-26 20:00:00+00:00,1886.4063398668634
2030-07-26 21:00:00+00:00,1900.4746896646316
2030-07-26 22:00:00+00:00,1909.8816125247517
2030-07-26 23:00:00+00:00,1919.4087287030595
2030-07-27 00:00:00+00:00,1926.278855430474
2030-07-27 01:00:00+00:00,1931.6038333824158
2030-07-27 02:00:00+00:00,1938.960135502509
2030-07-27 03:00:00+00:00,1942.8817915971222
2030-07-27 04:00:00+00:00,1948.023006122965
2030-07-27 05:00:00+00:00,1948.0237151381143
2030-07-27 06:00:00+00:00,1931.3463500568607
2030-07-27 07:00:00+00:00,5043.000836285604
2030-07-27 08:00:00+00:00,18202.603097592208
2030-07-27 09:00:00+00:00,18185.499650177935
2030-07-27 10:00:00+00:00,20340.480106346833
2030-07-27 11:00:00+00:00,31609.429542138707
2030-07-27 12:00:00+00:00,32340.50965424697
2030-07-27 13:00:00+00:00,20749.388835325983
2030-07-27 14:00:00+00:00,18142.842713492344
2030-07-27 15:00:00+00:00,18145.92667706914
2030-07-27 16:00:00+00:00,18151.200387539855
2030-07-27 17:00:00+00:00,17207.618291652456
2030-07-27 18:00:00+00:00,15214.961136527694
2030-07-27 19:00:00+00:00,15714.528318180432
2030-07-27 20:00:00+00:00,17416.58770338249
2030-07-27 21:00:00+00:00,17479.019440467837
2030-07-27 22:00:00+00:00,17523.25690870188
2030-07-27 23:00:00+00:00,17527.75471065378
2030-07-28 00:00:00+00:00,17543.688940789016
2030-07-28 01:00:00+00:00,17553.007070700143
2030-07-28 02:00:00+00:00,17569.61912332687
2030-07-28 03:00:00+00:00,17580.0049053076
2030-07-28 04:00:00+00:00,17590.77261144157
2030-07-28 05:00:00+00:00,17592.975650201734
2030-07-28 06:00:00+00:00,18212.629592787758
2030-07-28 07:00:00+00:00,18250.104549983585
2030-07-28 08:00:00+00:00,18236.102103463632
2030-07-28 09:00:00+00:00,18223.07141216633
2030-07-28 10:00:00+00:00,20831.92068699531
2030-07-28 11:00:00+00:00,33807.82810730285
2030-07-28 12:00:00+00:00,24440.84827063657
2030-07-28 13:00:00+00:00,18195.557983019837
2030-07-28 14:00:00+00:00,18194.645853219572
2030-07-28 15:00:00+00:00,18197.80468971279
2030-07-28 16:00:00+00:00,18201.075491565894
2030-07-28 17:00:00+00:00,18208.063994279753
2030-07-28 18:00:00+00:00,18215.900327204723
2030-07-28 19:00:00+00:00,18229.21858092827
2030-07-28 20:00:00+00:00,18243.450875068123
2030-07-28 21:00:00+00:00,18256.146704416195
2030-07-28 22:00:00+00:00,18263.760315141317
2030-07-28 23:00:00+00:00,18269.695641906852
2030-07-29 00:00:00+00:00,18329.899338617106
2030-07-29 01:00:00+00:00,18341.535770519167
2030-07-29 02:00:00+00:00,18362.545750517504
2030-07-29 03:00:00+00:00,18387.129913921402
2030-07-29 04:00:00+00:00,18397.45375625753
2030-07-29 05:00:00+00:00,18395.207187667293
2030-07-29 06:00:00+00:00,18380.073040549763
2030-07-29 07:00:00+00:00,18361.787064060325
2030-07-29 08:00:00+00:00,18362.22319988944
2030-07-29 09:00:00+00:00,18347.128321887565
2030-07-29 10:00:00+00:00,22104.38161326499
2030-07-29 11:00:00+00:00,32112.233986740757
2030-07-29 12:00:00+00:00,33357.05714818832
2030-07-29 13:00:00+00:00,28501.98122623
2030-07-29 14:00:00+00:00,20101.21035913654
2030-07-29 15:00:00+00:00,18789.725228874086
2030-07-29 16:00:00+00:00,20037.75382124476
2030-07-29 17:00:00+00:00,18284.505206677826
2030-07-29 18:00:00+00:00,18292.757043244237
2030-07-29 19:00:00+00:00,18300.921589185906
2030-07-29 20:00:00+00:00,18309.96983540035
2030-07-29 21:00:00+00:00,18318.632075854806
2030-07-29 22:00:00+00:00,18329.051571949323
2030-07-29 23:00:00+00:00,18338.677019419436
2030-07-30 00:00:00+00:00,18321.027726386656
2030-07-30 01:00:00+00:00,18330.051701109234
2030-07-30 02:00:00+00:00,18342.686244554272
2030-07-30 03:00:00+00:00,18354.918323577655
2030-07-30 04:00:00+00:00,18359.995896790442
2030-07-30 05:00:00+00:00,18356.939225828068
2030-07-30 06:00:00+00:00,18337.575102039416
2030-07-30 07:00:00+00:00,18313.658511796963
2030-07-30 08:00:00+00:00,20124.42822689221
2030-07-30 09:00:00+00:00,43150.47587888933
2030-07-30 10:00:00+00:00,39101.75411407605
2030-07-30 11:00:00+00:00,40708.79055582454
2030-07-30 12:00:00+00:00,41886.18319191992
2030-07-30 13:00:00+00:00,39616.66114486225
2030-07-30 14:00:00+00:00,32791.05595268239
2030-07-30 15:00:00+00:00,36483.24427076485
2030-07-30 16:00:00+00:00,27843.454488527575
2030-07-30 17:00:00+00:00,18233.97348094081
2030-07-30 18:00:00+00:00,18239.861505835837
2030-07-30 19:00:00+00:00,18249.71993195635
2030-07-30 20:00:00+00:00,18261.85679534417
2030-07-30 21:00:00+00:00,18271.71959960057
2030-07-30 22:00:00+00:00,18279.698289442676
2030-07-30 23:00:00+00:00,18289.200558259272
2030-07-31 00:00:00+00:00,18274.245674825557
2030-07-31 01:00:00+00:00,18280.995902329923
2030-07-31 02:00:00+00:00,18290.280906560987
2030-07-31 03:00:00+00:00,18296.369453033265
2030-07-31 04:00:00+00:00,18300.347826386045
2030-07-31 05:00:00+00:00,18300.445028664384
2030-07-31 06:00:00+00:00,18279.023641351923
2030-07-31 07:00:00+00:00,18253.39232457765
2030-07-31 08:00:00+00:00,18229.09844793425
2030-07-31 09:00:00+00:00,18210.375692939535
2030-07-31 10:00:00+00:00,19451.522975919434
2030-07-31 11:00:00+00:00,36463.44260146149
2030-07-31 12:00:00+00:00,41955.42510229502
2030-07-31 13:00:00+00:00,35310.87998450225
2030-07-31 14:00:00+00:00,18149.273058783492
2030-07-31 15:00:00+00:00,18144.139334642667
2030-07-31 16:00:00+00:00,18141.40966806015
2030-07-31 17:00:00+00:00,13261.351076405806
2030-07-31 18:00:00+00:00,4392.594300751465
2030-07-31 19:00:00+00:00,2853.996162189757
2030-07-31 20:00:00+00:00,4767.087214489982
2030-07-31 21:00:00+00:00,6729.739536246481
2030-07-31 22:00:00+00:00,8128.850300748365
2030-07-31 23:00:00+00:00,8935.02855927124
2030-08-01 00:00:00+00:00,9979.616055738292
2030-08-01 01:00:00+00:00,11200.321826132898
2030-08-01 02:00:00+00:00,11273.298609783531
2030-08-01 03:00:00+00:00,10787.074218988058
2030-08-01 04:00:00+00:00,10329.363158001604
2030-08-01 05:00:00+00:00,10059.875408158789
2030-08-01 06:00:00+00:00,12622.960485273537
2030-08-01 07:00:00+00:00,18203.83776159181
2030-08-01 08:00:00+00:00,35972.27636158599
2030-08-01 09:00:00+00:00,43022.454356947914
2030-08-01 10:00:00+00:00,43014.493569353916
2030-08-01 11:00:00+00:00,43000.76239060076
2030-08-01 12:00:00+00:00,42991.580159271674
2030-08-01 13:00:00+00:00,42985.83822311001
2030-08-01 14:00:00+00:00,42969.71782609243
2030-08-01 15:00:00+00:00,42898.84357701044
2030-08-01 16:00:00+00:00,24200.4327086223
2030-08-01 17:00:00+00:00,18104.22252302914
2030-08-01 18:00:00+00:00,18117.107583992878
2030-08-01 19:00:00+00:00,18141.71770146204
2030-08-01 20:00:00+00:00,18164.518545863903
2030-08-01 21:00:00+00:00,18180.704360541953
2030-08-01 22:00:00+00:00,18193.997421749536
2030-08-01 23:00:00+00:00,18204.270536880133
2030-08-02 00:00:00+00:00,18211.821700079818
2030-08-02 01:00:00+00:00,18221.38905522253
2030-08-02 02:00:00+00:00,18228.755076767156
2030-08-02 03:00:00+00:00,18234.418138364774
2030-08-02 04:00:00+00:00,18239.47811536518
2030-08-02 05:00:00+00:00,18239.700990365756
2030-08-02 06:00:00+00:00,18217.828163832128
2030-08-02 07:00:00+00:00,18193.687685252484
2030-08-02 08:00:00+00:00,20049.10966414597
2030-08-02 09:00:00+00:00,41791.509287339824
2030-08-02 10:00:00+00:00,43008.0772451533
2030-08-02 11:00:00+00:00,43006.704043072066
2030-08-02 12:00:00+00:00,42997.37702002625
2030-08-02 13:00:00+00:00,42992.25465429021
2030-08-02 14:00:00+00:00,42978.877094029296
2030-08-02 15:00:00+00:00,42823.54913711218
2030-08-02 16:00:00+00:00,24352.717453161553
2030-08-02 17:00:00+00:00,18119.9401047786
2030-08-02 18:00:00+00:00,18136.607427781215
2030-08-02 19:00:00+00:00,18159.13312355383
2030-08-02 20:00:00+00:00,18177.687439428813
2030-08-02 21:00:00+00:00,18191.681837848795
2030-08-02 22:00:00+00:00,18202.38115006636
2030-08-02 23:00:00+00:00,18213.40867593978
2030-08-03 00:00:00+00:00,18221.22684615293
2030-08-03 01:00:00+00:00,18226.512204346465
2030-08-03 02:00:00+00:00,18233.295326279993
2030-08-03 03:00:00+00:00,18240.250837671698
2030-08-03 04:00:00+00:00,18247.23803633452
2030-08-03 05:00:00+00:00,18251.11816205996
2030-08-03 06:00:00+00:00,18242.006259639034
2030-08-03 07:00:00+00:00,43105.93604447691
2030-08-03 08:00:00+00:00,43092.96818491632
2030-08-03 09:00:00+00:00,43079.69596839405
2030-08-03 10:00:00+00:00,43067.76360616443
2030-08-03 11:00:00+00:00,43057.20048757751
2030-08-03 12:00:00+00:00,43048.46656153715
2030-08-03 13:00:00+00:00,43043.56727543406
2030-08-03 14:00:00+00:00,43038.79655407785
2030-08-03 15:00:00+00:00,43039.197708951106
2030-08-03 16:00:00+00:00,43027.2676505399
2030-08-03 17:00:00+00:00,17048.008907541272
2030-08-03 18:00:00+00:00,2598.9105855270527
2030-08-03 19:00:00+00:00,2575.2132292549604
2030-08-03 20:00:00+00:00,2590.301273596962
2030-08-03 21:00:00+00:00,2628.728385080559
2030-08-03 22:00:00+00:00,2671.8210911021847
2030-08-03 23:00:00+00:00,2692.6638423488885
2030-08-04 00:00:00+00:00,2713.1093456649123
2030-08-04 01:00:00+00:00,2732.9760416990803
2030-08-04 02:00:00+00:00,2749.889582414754
2030-08-04 03:00:00+00:00,2763.2469326196956
2030-08-04 04:00:00+00:00,2781.537952904211
2030-08-04 05:00:00+00:00,2800.320070776053
2030-08-04 06:00:00+00:00,2943.2777478626444
2030-08-04 07:00:00+00:00,18230.027702609746
2030-08-04 08:00:00+00:00,19982.96611671675
2030-08-04 09:00:00+00:00,39331.6058238043
2030-08-04 10:00:00+00:00,43053.32530188585
2030-08-04 11:00:00+00:00,43040.42120662029
2030-08-04 12:00:00+00:00,43030.93129147533
2030-08-04 13:00:00+00:00,43025.7526904004
2030-08-04 14:00:00+00:00,39706.8049132802
2030-08-04 15:00:00+00:00,39443.58797996686
2030-08-04 16:00:00+00:00,18134.781170651222
2030-08-04 17:00:00+00:00,2581.0691906810207
2030-08-04 18:00:00+00:00,2339.784609659438
2030-08-04 19:00:00+00:00,2340.4490228662503
2030-08-04 20:00:00+00:00,2368.7625931591215
2030-08-04 21:00:00+00:00,2402.988767540844
2030-08-04 22:00:00+00:00,2428.258722593084
2030-08-04 23:00:00+00:00,2442.3467454252327
2030-08-05 00:00:00+00:00,2457.670040453167
2030-08-05 01:00:00+00:00,2471.6270623120026
2030-08-05 02:00:00+00:00,2478.3663348148775
2030-08-05 03:00:00+00:00,2482.764109090873
2030-08-05 04:00:00+00:00,2485.2658161958702
2030-08-05 05:00:00+00:00,2477.164838261391
2030-08-05 06:00:00+00:00,2486.9006895213156
2030-08-05 07:00:00+00:00,18206.572405538074
2030-08-05 08:00:00+00:00,19955.196269190237
2030-08-05 09:00:00+00:00,26241.018822043316
2030-08-05 10:00:00+00:00,43011.504523514566
2030-08-05 11:00:00+00:00,43014.210412704386
2030-08-05 12:00:00+00:00,43007.8045111292
2030-08-05 13:00:00+00:00,42381.46719654207
2030-08-05 14:00:00+00:00,33590.551875510595
2030-08-05 15:00:00+00:00,29889.612390982693
2030-08-05 16:00:00+00:00,18129.10765557519
2030-08-05 17:00:00+00:00,15939.545225458476
2030-08-05 18:00:00+00:00,1840.2597257393654
2030-08-05 19:00:00+00:00,1857.3812448456572
2030-08-05 20:00:00+00:00,1874.7539402159002
2030-08-05 21:00:00+00:00,1887.461565434168
2030-08-05 22:00:00+00:00,1897.4706776918658
2030-08-05 23:00:00+00:00,1907.8047107631787
2030-08-06 00:00:00+00:00,1919.4855576292398
2030-08-06 01:00:00+00:00,1929.2654409463123
2030-08-06 02:00:00+00:00,1936.4925706210765
2030-08-06 03:00:00+00:00,1941.7760197768418
2030-08-06 04:00:00+00:00,1947.1946251104387
2030-08-06 05:00:00+00:00,1948.7821307165016
2030-08-06 06:00:00+00:00,1935.669676932332
2030-08-06 07:00:00+00:00,1917.6044448635132
2030-08-06 08:00:00+00:00,18212.521054186567
2030-08-06 09:00:00+00:00,18197.529974445428
2030-08-06 10:00:00+00:00,18188.698604842542
2030-08-06 11:00:00+00:00,18178.12328442372
2030-08-06 12:00:00+00:00,18169.667649840027
2030-08-06 13:00:00+00:00,18166.21366057014
2030-08-06 14:00:00+00:00,18162.31999994957
2030-08-06 15:00:00+00:00,12306.388457280655
2030-08-06 16:00:00+00:00,1850.1942247926822
2030-08-06 17:00:00+00:00,1856.739271739269
2030-08-06 18:00:00+00:00,1867.9197386727187
2030-08-06 19:00:00+00:00,1884.278933935911
2030-08-06 20:00:00+00:00,1900.1423515811714
2030-08-06 21:00:00+00:00,1913.1795117476079
2030-08-06 22:00:00+00:00,1921.2753039533416
2030-08-06 23:00:00+00:00,1926.8140514695344
2030-08-07 00:00:00+00:00,1958.4640159849575
2030-08-07 01:00:00+00:00,1965.469331904633
2030-08-07 02:00:00+00:00,1974.7092427302366
2030-08-07 03:00:00+00:00,1986.5454271152407
2030-08-07 04:00:00+00:00,1992.3269105313548
2030-08-07 05:00:00+00:00,1992.4332147122705
2030-08-07 06:00:00+00:00,1987.1058240747143
2030-08-07 07:00:00+00:00,1975.807713004658
2030-08-07 08:00:00+00:00,1960.2049172370014
2030-08-07 09:00:00+00:00,1948.9341946883571
2030-08-07 10:00:00+00:00,1937.3299348775154
2030-08-07 11:00:00+00:00,1930.931549718987
2030-08-07 12:00:00+00:00,1926.1821512685872
2030-08-07 13:00:00+00:00,1921.2166676555842
2030-08-07 14:00:00+00:00,1921.4004553211685
2030-08-07 15:00:00+00:00,1925.7564816272336
2030-08-07 16:00:00+00:00,1929.7818105610395
2030-08-07 17:00:00+00:00,1937.0613043426763
2030-08-07 18:00:00+00:00,1945.7016516958226
2030-08-07 19:00:00+00:00,1954.5783732190253
2030-08-07 20:00:00+00:00,1961.9004708333373
2030-08-07 21:00:00+00:00,1967.5176842117837
2030-08-07 22:00:00+00:00,1972.2727901690735
2030-08-07 23:00:00+00:00,1976.971447585298
2030-08-08 00:00:00+00:00,2036.0109975636008
2030-08-08 01:00:00+00:00,2048.8168712044608
2030-08-08 02:00:00+00:00,2073.8986899313377
2030-08-08 03:00:00+00:00,2104.7195494342245
2030-08-08 04:00:00+00:00,2114.3521717274702
2030-08-08 05:00:00+00:00,2111.2571973548047
2030-08-08 06:00:00+00:00,2094.9259513520005
2030-08-08 07:00:00+00:00,2072.9507760424094
2030-08-08 08:00:00+00:00,2077.3371464347915
2030-08-08 09:00:00+00:00,5615.630859032558
2030-08-08 10:00:00+00:00,16321.385782393605
2030-08-08 11:00:00+00:00,18307.290205216505
2030-08-08 12:00:00+00:00,18296.53569443412
2030-08-08 13:00:00+00:00,17860.74748506345
2030-08-08 14:00:00+00:00,13098.240864734811
2030-08-08 15:00:00+00:00,1999.8258152892324
2030-08-08 16:00:00+00:00,2001.8138231439962
2030-08-08 17:00:00+00:00,1977.5896757611695
2030-08-08 18:00:00+00:00,1982.3783066034982
2030-08-08 19:00:00+00:00,1990.24413944396
2030-08-08 20:00:00+00:00,2001.682919848778
2030-08-08 21:00:00+00:00,2006.7747631122172
2030-08-08 22:00:00+00:00,2016.6207820969255
2030-08-08 23:00:00+00:00,2028.3282073779023
2030-08-09 00:00:00+00:00,2006.783043968554
2030-08-09 01:00:00+00:00,2018.7661943809967
2030-08-09 02:00:00+00:00,2034.0919084748462
2030-08-09 03:00:00+00:00,2053.1904236565933
2030-08-09 04:00:00+00:00,2061.340174183663
2030-08-09 05:00:00+00:00,2056.8933332560205
2030-08-09 06:00:00+00:00,2034.68172904491
2030-08-09 07:00:00+00:00,12013.07092140983
2030-08-09 08:00:00+00:00,18292.956680884785
2030-08-09 09:00:00+00:00,18267.874222222057
2030-08-09 10:00:00+00:00,19379.176447951017
2030-08-09 11:00:00+00:00,28658.664018456195
2030-08-09 12:00:00+00:00,30172.498595504458
2030-08-09 13:00:00+00:00,26298.079600472556
2030-08-09 14:00:00+00:00,18221.508411991195
2030-08-09 15:00:00+00:00,18219.598688831768
2030-08-09 16:00:00+00:00,18222.997528111486
2030-08-09 17:00:00+00:00,5822.806095433228
2030-08-09 18:00:00+00:00,1924.7800978026014
2030-08-09 19:00:00+00:00,1940.247719031445
2030-08-09 20:00:00+00:00,1954.3054418970903
2030-08-09 21:00:00+00:00,1964.517211355758
2030-08-09 22:00:00+00:00,1977.096192251907
2030-08-09 23:00:00+00:00,1987.510969078293
2030-08-10 00:00:00+00:00,1983.1082755095754
2030-08-10 01:00:00+00:00,1995.0052373804233
2030-08-10 02:00:00+00:00,2011.0669174103
2030-08-10 03:00:00+00:00,2020.5025377802192
2030-08-10 04:00:00+00:00,2028.1333266922018
2030-08-10 05:00:00+00:00,2026.9550424459935
2030-08-10 06:00:00+00:00,2005.8070425794288
2030-08-10 07:00:00+00:00,18293.854659459645
2030-08-10 08:00:00+00:00,18269.012177116576
2030-08-10 09:00:00+00:00,18246.753134185466
2030-08-10 10:00:00+00:00,20072.200725363276
2030-08-10 11:00:00+00:00,35213.8230120638
2030-08-10 12:00:00+00:00,41654.53855210822
2030-08-10 13:00:00+00:00,37920.1038100571
2030-08-10 14:00:00+00:00,25816.56106801116
2030-08-10 15:00:00+00:00,18195.380800911906
2030-08-10 16:00:00+00:00,18195.988458963868
2030-08-10 17:00:00+00:00,4763.038499843525
2030-08-10 18:00:00+00:00,1913.3371305880717
2030-08-10 19:00:00+00:00,1934.3372157794433
2030-08-10 20:00:00+00:00,1953.5749624459315
2030-08-10 21:00:00+00:00,1968.4354679006333
2030-08-10 22:00:00+00:00,1983.6939857009013
2030-08-10 23:00:00+00:00,1995.3226036453004
2030-08-11 00:00:00+00:00,1995.926742666671
2030-08-11 01:00:00+00:00,2008.2275710739245
2030-08-11 02:00:00+00:00,2019.2896267975464
2030-08-11 03:00:00+00:00,2025.7627401839743
2030-08-11 04:00:00+00:00,2031.0212703011618
2030-08-11 05:00:00+00:00,2030.6931493483967
2030-08-11 06:00:00+00:00,2004.4828985755935
2030-08-11 07:00:00+00:00,18269.421650058553
2030-08-11 08:00:00+00:00,20039.794218273455
2030-08-11 09:00:00+00:00,37116.875748505445
2030-08-11 10:00:00+00:00,43060.40845871376
2030-08-11 11:00:00+00:00,43066.95168490235
2030-08-11 12:00:00+00:00,43057.90921735417
2030-08-11 13:00:00+00:00,39635.90965423682
2030-08-11 14:00:00+00:00,27932.141445623944
2030-08-11 15:00:00+00:00,26739.171843821612
2030-08-11 16:00:00+00:00,18161.844707276232
2030-08-11 17:00:00+00:00,1875.7305378979543
2030-08-11 18:00:00+00:00,1874.6607940873434
2030-08-11 19:00:00+00:00,1896.3728927008221
2030-08-11 20:00:00+00:00,1921.3553699194038
2030-08-11 21:00:00+00:00,1937.8251552474753
2030-08-11 22:00:00+00:00,1951.7457687059807
2030-08-11 23:00:00+00:00,1961.7249985087396
2030-08-12 00:00:00+00:00,1966.7355711883715
2030-08-12 01:00:00+00:00,1975.71307655806
2030-08-12 02:00:00+00:00,1990.476029633797
2030-08-12 03:00:00+00:00,1998.6195922243865
2030-08-12 04:00:00+00:00,2002.7471320432608
2030-08-12 05:00:00+00:00,2004.3880344901677
2030-08-12 06:00:00+00:00,1979.3607927528747
2030-08-12 07:00:00+00:00,18242.936373918878
2030-08-12 08:00:00+00:00,18235.344429725683
2030-08-12 09:00:00+00:00,18244.850845878
2030-08-12 10:00:00+00:00,29742.129007759533
2030-08-12 11:00:00+00:00,38486.76245941753
2030-08-12 12:00:00+00:00,40384.71967202677
2030-08-12 13:00:00+00:00,32089.495659226523
2030-08-12 14:00:00+00:00,19901.235870608143
2030-08-12 15:00:00+00:00,18639.619196809992
2030-08-12 16:00:00+00:00,18150.141785415617
2030-08-12 17:00:00+00:00,10193.94993003074
2030-08-12 18:00:00+00:00,2070.681779005919
2030-08-12 19:00:00+00:00,2087.4978649520235
2030-08-12 20:00:00+00:00,2106.0439985498797
2030-08-12 21:00:00+00:00,2119.464148479294
2030-08-12 22:00:00+00:00,2134.4401683269853
2030-08-12 23:00:00+00:00,2144.463603042755
2030-08-13 00:00:00+00:00,2157.8595721251995
2030-08-13 01:00:00+00:00,2169.236659919642
2030-08-13 02:00:00+00:00,2181.8796848911525
2030-08-13 03:00:00+00:00,2196.407937439738
2030-08-13 04:00:00+00:00,2199.104769755438
2030-08-13 05:00:00+00:00,2028.9705522943061
2030-08-13 06:00:00+00:00,2175.630470739617
2030-08-13 07:00:00+00:00,18269.57950688916
2030-08-13 08:00:00+00:00,18242.020059877636
2030-08-13 09:00:00+00:00,18220.401171560738
2030-08-13 10:00:00+00:00,27490.746506329397
2030-08-13 11:00:00+00:00,41846.320980629185
2030-08-13 12:00:00+00:00,43061.3248329678
2030-08-13 13:00:00+00:00,34881.22604290411
2030-08-13 14:00:00+00:00,18177.22476941032
2030-08-13 15:00:00+00:00,18177.22990706742
2030-08-13 16:00:00+00:00,18181.391578409763
2030-08-13 17:00:00+00:00,1875.3279051978197
2030-08-13 18:00:00+00:00,1888.1943276778327
2030-08-13 19:00:00+00:00,1909.1903182359215
2030-08-13 20:00:00+00:00,1930.2752672766635
2030-08-13 21:00:00+00:00,1945.4676590125678
2030-08-13 22:00:00+00:00,1959.496582804855
2030-08-13 23:00:00+00:00,1971.228143217513
2030-08-14 00:00:00+00:00,2017.2744119035362
2030-08-14 01:00:00+00:00,2034.490398109836
2030-08-14 02:00:00+00:00,2055.9405215897305
2030-08-14 03:00:00+00:00,2082.5588100601735
2030-08-14 04:00:00+00:00,2094.2120759051363
2030-08-14 05:00:00+00:00,2095.7745751693597
2030-08-14 06:00:00+00:00,2062.540650194595
2030-08-14 07:00:00+00:00,12730.59892757752
2030-08-14 08:00:00+00:00,20136.800801754966
2030-08-14 09:00:00+00:00,24986.00228722648
2030-08-14 10:00:00+00:00,41240.45943145511
2030-08-14 11:00:00+00:00,43110.69261528927
2030-08-14 12:00:00+00:00,43100.09251737344
2030-08-14 13:00:00+00:00,41098.05476770796
2030-08-14 14:00:00+00:00,22582.197629663213
2030-08-14 15:00:00+00:00,20063.540289165576
2030-08-14 16:00:00+00:00,18204.189065362036
2030-08-14 17:00:00+00:00,1898.0931093211532
2030-08-14 18:00:00+00:00,1909.5470324515566
2030-08-14 19:00:00+00:00,1930.286841867752
2030-08-14 20:00:00+00:00,1951.2143824867796
2030-08-14 21:00:00+00:00,1965.708096133956
2030-08-14 22:00:00+00:00,1983.1637963283467
2030-08-14 23:00:00+00:00,1996.466353729733
2030-08-15 00:00:00+00:00,1984.5782533375516
2030-08-15 01:00:00+00:00,1996.3107947976832
2030-08-15 02:00:00+00:00,2011.194268410341
2030-08-15 03:00:00+00:00,2026.1703997343013
2030-08-15 04:00:00+00:00,2037.4917472969669
2030-08-15 05:00:00+00:00,2039.6683255384899
2030-08-15 06:00:00+00:00,2004.0014454432528
2030-08-15 07:00:00+00:00,18270.91176849587
2030-08-15 08:00:00+00:00,19084.7525982241
2030-08-15 09:00:00+00:00,26512.884708325662
2030-08-15 10:00:00+00:00,43051.790698165445
2030-08-15 11:00:00+00:00,43050.379188703824
2030-08-15 12:00:00+00:00,43039.10588759875
2030-08-15 13:00:00+00:00,40851.475782142494
2030-08-15 14:00:00+00:00,19932.043758182346
2030-08-15 15:00:00+00:00,19923.02401770609
2030-08-15 16:00:00+00:00,18140.86115494938
2030-08-15 17:00:00+00:00,1832.3245585742964
2030-08-15 18:00:00+00:00,1846.3418303192482
2030-08-15 19:00:00+00:00,1873.3682896276716
2030-08-15 20:00:00+00:00,1902.342842447959
2030-08-15 21:00:00+00:00,1922.7152002183325
2030-08-15 22:00:00+00:00,1938.7726354918761
2030-08-15 23:00:00+00:00,1951.9705582822087
2030-08-16 00:00:00+00:00,1959.8224797987773
2030-08-16 01:00:00+00:00,1970.820590819479
2030-08-16 02:00:00+00:00,1984.2131125753804
2030-08-16 03:00:00+00:00,1993.839964518859
2030-08-16 04:00:00+00:00,2001.117037776041
2030-08-16 05:00:00+00:00,2003.2688399210206
2030-08-16 06:00:00+00:00,1973.691613629826
2030-08-16 07:00:00+00:00,18240.85888089324
2030-08-16 08:00:00+00:00,18201.191544166028
2030-08-16 09:00:00+00:00,32813.26967022021
2030-08-16 10:00:00+00:00,43025.15309631082
2030-08-16 11:00:00+00:00,43030.386025552245
2030-08-16 12:00:00+00:00,41872.531334507716
2030-08-16 13:00:00+00:00,19821.289411084803
2030-08-16 14:00:00+00:00,18125.76004616935
2030-08-16 15:00:00+00:00,18127.759639317526
2030-08-16 16:00:00+00:00,10865.120555169226
2030-08-16 17:00:00+00:00,1829.3100470550014
2030-08-16 18:00:00+00:00,1844.5355887208984
2030-08-16 19:00:00+00:00,1865.9285815605256
2030-08-16 20:00:00+00:00,1882.4326065153844
2030-08-16 21:00:00+00:00,1895.6623235845343
2030-08-16 22:00:00+00:00,1908.686022559369
2030-08-16 23:00:00+00:00,1917.107259770078
2030-08-17 00:00:00+00:00,1929.2773914406546
2030-08-17 01:00:00+00:00,1939.9758148351452
2030-08-17 02:00:00+00:00,1952.816173500029
2030-08-17 03:00:00+00:00,1962.8671963051745
2030-08-17 04:00:00+00:00,1971.7390877765781
2030-08-17 05:00:00+00:00,1974.3283301723504
2030-08-17 06:00:00+00:00,1957.8999083539356
2030-08-17 07:00:00+00:00,18241.94703859407
2030-08-17 08:00:00+00:00,40943.81554696828
2030-08-17 09:00:00+00:00,43064.15052748086
2030-08-17 10:00:00+00:00,43054.29171112359
2030-08-17 11:00:00+00:00,43039.901689482664
2030-08-17 12:00:00+00:00,43029.551280806096
2030-08-17 13:00:00+00:00,43023.14359862238
2030-08-17 14:00:00+00:00,43018.491597648885
2030-08-17 15:00:00+00:00,43006.6495220466
2030-08-17 16:00:00+00:00,43010.3770154866
2030-08-17 17:00:00+00:00,18143.883013329512
2030-08-17 18:00:00+00:00,18158.654067256364
2030-08-17 19:00:00+00:00,18180.786256994565
2030-08-17 20:00:00+00:00,18198.196106596923
2030-08-17 21:00:00+00:00,18211.143078565005
2030-08-17 22:00:00+00:00,18221.402247913575
2030-08-17 23:00:00+00:00,18231.735446648825
2030-08-18 00:00:00+00:00,18235.020747781437
2030-08-18 01:00:00+00:00,18242.4180930607
2030-08-18 02:00:00+00:00,18250.794670397925
2030-08-18 03:00:00+00:00,18257.576894513328
2030-08-18 04:00:00+00:00,18261.215164132216
2030-08-18 05:00:00+00:00,18261.27997592517
2030-08-18 06:00:00+00:00,18248.317278224753
2030-08-18 07:00:00+00:00,18222.027331839006
2030-08-18 08:00:00+00:00,18196.838075478132
2030-08-18 09:00:00+00:00,18178.202432961894
2030-08-18 10:00:00+00:00,18162.09767962349
2030-08-18 11:00:00+00:00,18150.94355129727
2030-08-18 12:00:00+00:00,43018.965327563084
2030-08-18 13:00:00+00:00,43012.21771000592
2030-08-18 14:00:00+00:00,23731.458299334707
2030-08-18 15:00:00+00:00,18136.923055981704
2030-08-18 16:00:00+00:00,18141.62615516914
2030-08-18 17:00:00+00:00,1834.8834455792764
2030-08-18 18:00:00+00:00,1847.8459580916465
2030-08-18 19:00:00+00:00,1865.8078253806664
2030-08-18 20:00:00+00:00,1879.7487179334892
2030-08-18 21:00:00+00:00,1892.1360183970558
2030-08-18 22:00:00+00:00,1901.015589426351
2030-08-18 23:00:00+00:00,1907.646881336105
2030-08-19 00:00:00+00:00,1930.2208688689345
2030-08-19 01:00:00+00:00,1939.9400455715258
2030-08-19 02:00:00+00:00,1950.3274617851234
2030-08-19 03:00:00+00:00,1963.5197587583627
2030-08-19 04:00:00+00:00,1970.9382194828722
2030-08-19 05:00:00+00:00,1974.2107206276132
2030-08-19 06:00:00+00:00,1964.8075584916544
2030-08-19 07:00:00+00:00,1945.6785618744855
2030-08-19 08:00:00+00:00,15729.363914877247
2030-08-19 09:00:00+00:00,18209.070751514868
2030-08-19 10:00:00+00:00,17709.051103733713
2030-08-19 11:00:00+00:00,18200.502268240285
2030-08-19 12:00:00+00:00,18194.15091981484
2030-08-19 13:00:00+00:00,18189.26085743447
2030-08-19 14:00:00+00:00,18185.81136579919
2030-08-19 15:00:00+00:00,17799.34800076625
2030-08-19 16:00:00+00:00,14272.751917448017
2030-08-19 17:00:00+00:00,1882.3167817490216
2030-08-19 18:00:00+00:00,1894.5751149157618
2030-08-19 19:00:00+00:00,1914.5625039222894
2030-08-19 20:00:00+00:00,1933.2960680472672
2030-08-19 21:00:00+00:00,1946.77424190839
2030-08-19 22:00:00+00:00,1961.0633370489904
2030-08-19 23:00:00+00:00,1973.4740031209542
2030-08-20 00:00:00+00:00,1999.6114421138784
2030-08-20 01:00:00+00:00,2017.2693668085756
2030-08-20 02:00:00+00:00,2037.986470110887
2030-08-20 03:00:00+00:00,2060.6547027205847
2030-08-20 04:00:00+00:00,2071.002367799805
2030-08-20 05:00:00+00:00,2076.0374511043815
2030-08-20 06:00:00+00:00,2045.1066082156635
2030-08-20 07:00:00+00:00,2001.5339927765567
2030-08-20 08:00:00+00:00,20112.45442979233
2030-08-20 09:00:00+00:00,24314.423457064815
2030-08-20 10:00:00+00:00,43090.203052340294
2030-08-20 11:00:00+00:00,43088.009300807505
2030-08-20 12:00:00+00:00,43076.46309607751
2030-08-20 13:00:00+00:00,43057.25496835306
2030-08-20 14:00:00+00:00,25971.83026744446
2030-08-20 15:00:00+00:00,20031.69741595871
2030-08-20 16:00:00+00:00,16903.08170958505
2030-08-20 17:00:00+00:00,1874.5336949298403
2030-08-20 18:00:00+00:00,1887.9363617383794
2030-08-20 19:00:00+00:00,1911.4879193297952
2030-08-20 20:00:00+00:00,1931.0871283136062
2030-08-20 21:00:00+00:00,1947.2054029837643
2030-08-20 22:00:00+00:00,1964.8585356463443
2030-08-20 23:00:00+00:00,1978.749665453172
2030-08-21 00:00:00+00:00,1979.6295912587798
2030-08-21 01:00:00+00:00,1996.8017578178653
2030-08-21 02:00:00+00:00,2016.2813366485443
2030-08-21 03:00:00+00:00,2036.1734331377686
2030-08-21 04:00:00+00:00,2046.7709115425025
2030-08-21 05:00:00+00:00,2049.179363576496
2030-08-21 06:00:00+00:00,2020.5389184254852
2030-08-21 07:00:00+00:00,13624.549635411548
2030-08-21 08:00:00+00:00,18256.625575918148
2030-08-21 09:00:00+00:00,25819.507727421817
2030-08-21 10:00:00+00:00,43051.552666354655
2030-08-21 11:00:00+00:00,43047.12740486685
2030-08-21 12:00:00+00:00,43034.76710105031
2030-08-21 13:00:00+00:00,43014.09535616908
2030-08-21 14:00:00+00:00,20100.62291995784
2030-08-21 15:00:00+00:00,19162.79456257926
2030-08-21 16:00:00+00:00,12889.522969261798
2030-08-21 17:00:00+00:00,1828.735477681595
2030-08-21 18:00:00+00:00,1846.3359246435025
2030-08-21 19:00:00+00:00,1875.1427676177861
2030-08-21 20:00:00+00:00,1898.5657377299642
2030-08-21 21:00:00+00:00,1916.9207152826323
2030-08-21 22:00:00+00:00,1932.139210519257
2030-08-21 23:00:00+00:00,1945.616063861347
2030-08-22 00:00:00+00:00,1950.5298609677052
2030-08-22 01:00:00+00:00,1962.723837821666
2030-08-22 02:00:00+00:00,1974.9468834634476
2030-08-22 03:00:00+00:00,1988.7019975428736
2030-08-22 04:00:00+00:00,1995.1428300608338
2030-08-22 05:00:00+00:00,1998.2051110657776
2030-08-22 06:00:00+00:00,1975.6098137500724
2030-08-22 07:00:00+00:00,1933.4715573044803
2030-08-22 08:00:00+00:00,17336.90843868926
2030-08-22 09:00:00+00:00,23398.347215341626
2030-08-22 10:00:00+00:00,41344.35877406624
2030-08-22 11:00:00+00:00,43022.57272568779
2030-08-22 12:00:00+00:00,42998.67858216277
2030-08-22 13:00:00+00:00,32020.989332009995
2030-08-22 14:00:00+00:00,18114.380647456284
2030-08-22 15:00:00+00:00,17225.35190961145
2030-08-22 16:00:00+00:00,1804.3957730063116
2030-08-22 17:00:00+00:00,1813.2343171682594
2030-08-22 18:00:00+00:00,1830.2958392548935
2030-08-22 19:00:00+00:00,1854.3498788701665
2030-08-22 20:00:00+00:00,1873.650756484724
2030-08-22 21:00:00+00:00,1888.805291235489
2030-08-22 22:00:00+00:00,1904.0729268777197
2030-08-22 23:00:00+00:00,1916.4603755897829
2030-08-23 00:00:00+00:00,1924.4364252971927
2030-08-23 01:00:00+00:00,1935.765343213803
2030-08-23 02:00:00+00:00,1947.5659075942067
2030-08-23 03:00:00+00:00,1961.1912719465504
2030-08-23 04:00:00+00:00,1967.4914830774903
2030-08-23 05:00:00+00:00,1971.44108692105
2030-08-23 06:00:00+00:00,1954.9970201206231
2030-08-23 07:00:00+00:00,4451.108108326004
2030-08-23 08:00:00+00:00,18195.573952237944
2030-08-23 09:00:00+00:00,18168.962531288063
2030-08-23 10:00:00+00:00,18147.959039853664
2030-08-23 11:00:00+00:00,22902.82957513302
2030-08-23 12:00:00+00:00,22917.543828377125
2030-08-23 13:00:00+00:00,18113.043864243395
2030-08-23 14:00:00+00:00,18109.05787278685
2030-08-23 15:00:00+00:00,18109.377463260098
2030-08-23 16:00:00+00:00,13588.083291037405
2030-08-23 17:00:00+00:00,3072.874457228226
2030-08-23 18:00:00+00:00,1828.7122127905013
2030-08-23 19:00:00+00:00,1876.376535775057
2030-08-23 20:00:00+00:00,1890.3993936788638
2030-08-23 21:00:00+00:00,3049.1631560631677
2030-08-23 22:00:00+00:00,3146.200705218585
2030-08-23 23:00:00+00:00,3195.8384047071727
2030-08-24 00:00:00+00:00,3289.400723104147
2030-08-24 01:00:00+00:00,3401.167756903907
2030-08-24 02:00:00+00:00,3606.7940091376113
2030-08-24 03:00:00+00:00,3583.527481017867
2030-08-24 04:00:00+00:00,3600.4431922797276
2030-08-24 05:00:00+00:00,3705.06616270626
2030-08-24 06:00:00+00:00,8035.304997075898
2030-08-24 07:00:00+00:00,18292.582275619876
2030-08-24 08:00:00+00:00,18278.066821433582
2030-08-24 09:00:00+00:00,18263.485159754804
2030-08-24 10:00:00+00:00,18253.281660763925
2030-08-24 11:00:00+00:00,18248.296533331795
2030-08-24 12:00:00+00:00,18242.31984289694
2030-08-24 13:00:00+00:00,18238.31287578055
2030-08-24 14:00:00+00:00,18239.352257071158
2030-08-24 15:00:00+00:00,18239.782403166802
2030-08-24 16:00:00+00:00,18243.765115272767
2030-08-24 17:00:00+00:00,18255.834627205608
2030-08-24 18:00:00+00:00,18267.66181126389
2030-08-24 19:00:00+00:00,18278.349565837438
2030-08-24 20:00:00+00:00,18282.6565621747
2030-08-24 21:00:00+00:00,18286.391242875026
2030-08-24 22:00:00+00:00,18295.047897929904
2030-08-24 23:00:00+00:00,18302.28602708365
2030-08-25 00:00:00+00:00,18596.92686516975
2030-08-25 01:00:00+00:00,18663.59560200102
2030-08-25 02:00:00+00:00,18761.478492574985
2030-08-25 03:00:00+00:00,18814.345159753862
2030-08-25 04:00:00+00:00,18839.00387901208
2030-08-25 05:00:00+00:00,18815.08975529444
2030-08-25 06:00:00+00:00,18778.255558242618
2030-08-25 07:00:00+00:00,18737.03117078638
2030-08-25 08:00:00+00:00,18695.110768734572
2030-08-25 09:00:00+00:00,18653.954809372146
2030-08-25 10:00:00+00:00,18611.092854075836
2030-08-25 11:00:00+00:00,18599.610026228896
2030-08-25 12:00:00+00:00,18589.88012619695
2030-08-25 13:00:00+00:00,18590.37640283609
2030-08-25 14:00:00+00:00,18605.521491219548
2030-08-25 15:00:00+00:00,18617.89108195383
2030-08-25 16:00:00+00:00,18585.326243278345
2030-08-25 17:00:00+00:00,2537.487806897553
2030-08-25 18:00:00+00:00,2527.914282193726
2030-08-25 19:00:00+00:00,2501.706809862672
2030-08-25 20:00:00+00:00,2459.8485571712163
2030-08-25 21:00:00+00:00,2438.7117884636054
2030-08-25 22:00:00+00:00,2430.559348739042
2030-08-25 23:00:00+00:00,2447.021615810509
2030-08-26 00:00:00+00:00,2392.3761329646954
2030-08-26 01:00:00+00:00,2427.5033440153197
2030-08-26 02:00:00+00:00,2499.277807552765
2030-08-26 03:00:00+00:00,2585.749323069401
2030-08-26 04:00:00+00:00,2612.3944377302055
2030-08-26 05:00:00+00:00,2587.3243156983385
2030-08-26 06:00:00+00:00,2559.6065812569245
2030-08-26 07:00:00+00:00,11422.384331295547
2030-08-26 08:00:00+00:00,18582.375379720554
2030-08-26 09:00:00+00:00,18543.580101851436
2030-08-26 10:00:00+00:00,18511.100665149075
2030-08-26 11:00:00+00:00,18490.69579309776
2030-08-26 12:00:00+00:00,18475.129021770037
2030-08-26 13:00:00+00:00,18466.415294329876
2030-08-26 14:00:00+00:00,18468.902268119182
2030-08-26 15:00:00+00:00,18470.93803021371
2030-08-26 16:00:00+00:00,11764.550028204869
2030-08-26 17:00:00+00:00,2174.658670304185
2030-08-26 18:00:00+00:00,2181.738334610987
2030-08-26 19:00:00+00:00,2170.356616724906
2030-08-26 20:00:00+00:00,2146.079340521766
2030-08-26 21:00:00+00:00,2136.1713513337877
2030-08-26 22:00:00+00:00,2148.0242558095547
2030-08-26 23:00:00+00:00,2164.269654483532
2030-08-27 00:00:00+00:00,2172.1283687063387
2030-08-27 01:00:00+00:00,2207.0269425446822
2030-08-27 02:00:00+00:00,2275.8189726586306
2030-08-27 03:00:00+00:00,2362.402706767775
2030-08-27 04:00:00+00:00,2388.399654161038
2030-08-27 05:00:00+00:00,2374.1991849070637
2030-08-27 06:00:00+00:00,2335.9274417994443
2030-08-27 07:00:00+00:00,2288.0708454705036
2030-08-27 08:00:00+00:00,2238.252427782683
2030-08-27 09:00:00+00:00,2199.213106309514
2030-08-27 10:00:00+00:00,12161.56500552338
2030-08-27 11:00:00+00:00,7967.253236433426
2030-08-27 12:00:00+00:00,4294.716938533831
2030-08-27 13:00:00+00:00,2126.981419875053
2030-08-27 14:00:00+00:00,2129.4232200382
2030-08-27 15:00:00+00:00,2134.5522606715067
2030-08-27 16:00:00+00:00,2143.5669782723007
2030-08-27 17:00:00+00:00,2153.961970690372
2030-08-27 18:00:00+00:00,2159.458568845752
2030-08-27 19:00:00+00:00,2147.168438920149
2030-08-27 20:00:00+00:00,2126.852342528863
2030-08-27 21:00:00+00:00,2118.791156550733
2030-08-27 22:00:00+00:00,2133.270670663588
2030-08-27 23:00:00+00:00,2149.2639068712183
2030-08-28 00:00:00+00:00,2071.231412198464
2030-08-28 01:00:00+00:00,2096.7639338370036
2030-08-28 02:00:00+00:00,2140.0891054834083
2030-08-28 03:00:00+00:00,2191.6304760822723
2030-08-28 04:00:00+00:00,2210.021751017477
2030-08-28 05:00:00+00:00,2206.5535622827792
2030-08-28 06:00:00+00:00,2180.979870129493
2030-08-28 07:00:00+00:00,2142.117041281097
2030-08-28 08:00:00+00:00,2099.1247761431573
2030-08-28 09:00:00+00:00,9210.72054232945
2030-08-28 10:00:00+00:00,18342.42078906811
2030-08-28 11:00:00+00:00,18319.948175751284
2030-08-28 12:00:00+00:00,18307.96712783272
2030-08-28 13:00:00+00:00,12944.807310270913
2030-08-28 14:00:00+00:00,1988.9335943640003
2030-08-28 15:00:00+00:00,1988.8334418155703
2030-08-28 16:00:00+00:00,1994.19286499257
2030-08-28 17:00:00+00:00,2001.8879971237188
2030-08-28 18:00:00+00:00,2014.9809960520756
2030-08-28 19:00:00+00:00,2024.8014608161084
2030-08-28 20:00:00+00:00,2025.432920996366
2030-08-28 21:00:00+00:00,2030.4361179530194
2030-08-28 22:00:00+00:00,2045.0607619833797
2030-08-28 23:00:00+00:00,2061.3250254325308
2030-08-29 00:00:00+00:00,2051.060923096066
2030-08-29 01:00:00+00:00,2075.171971166031
2030-08-29 02:00:00+00:00,2113.9956349383556
2030-08-29 03:00:00+00:00,2157.155347336108
2030-08-29 04:00:00+00:00,2174.487021623709
2030-08-29 05:00:00+00:00,2172.3318451757004
2030-08-29 06:00:00+00:00,2148.141707802709
2030-08-29 07:00:00+00:00,2097.8534165860683
2030-08-29 08:00:00+00:00,16912.425785245105
2030-08-29 09:00:00+00:00,18316.041345657984
2030-08-29 10:00:00+00:00,27421.337111270106
2030-08-29 11:00:00+00:00,27980.921562383905
2030-08-29 12:00:00+00:00,20886.636784082297
2030-08-29 13:00:00+00:00,18246.97439938366
2030-08-29 14:00:00+00:00,17989.03513354221
2030-08-29 15:00:00+00:00,16654.083992503623
2030-08-29 16:00:00+00:00,1939.0296834635485
2030-08-29 17:00:00+00:00,1947.7368160188864
2030-08-29 18:00:00+00:00,1963.8087447897083
2030-08-29 19:00:00+00:00,1982.7349000425502
2030-08-29 20:00:00+00:00,1990.308790504868
2030-08-29 21:00:00+00:00,2000.171118016
2030-08-29 22:00:00+00:00,2016.0773718079472
2030-08-29 23:00:00+00:00,2034.6920872918963
2030-08-30 00:00:00+00:00,2048.5841231083705
2030-08-30 01:00:00+00:00,2071.610671899942
2030-08-30 02:00:00+00:00,2107.518079058756
2030-08-30 03:00:00+00:00,2149.4594291796707
2030-08-30 04:00:00+00:00,2164.680535595241
2030-08-30 05:00:00+00:00,2164.33091981591
2030-08-30 06:00:00+00:00,2139.3798521013186
2030-08-30 07:00:00+00:00,4637.455621482587
2030-08-30 08:00:00+00:00,18339.91875382898
2030-08-30 09:00:00+00:00,18299.975155917815
2030-08-30 10:00:00+00:00,26417.685420213274
2030-08-30 11:00:00+00:00,25185.167216695376
2030-08-30 12:00:00+00:00,20142.89394992149
2030-08-30 13:00:00+00:00,20138.32452362606
2030-08-30 14:00:00+00:00,18231.95617582662
2030-08-30 15:00:00+00:00,18233.623491466482
2030-08-30 16:00:00+00:00,18237.68669715688
2030-08-30 17:00:00+00:00,1957.074197883793
2030-08-30 18:00:00+00:00,1973.4061686197645
2030-08-30 19:00:00+00:00,1992.1138463054058
2030-08-30 20:00:00+00:00,1999.373797561275
2030-08-30 21:00:00+00:00,2007.6081308052176
2030-08-30 22:00:00+00:00,2024.7871243041486
2030-08-30 23:00:00+00:00,2035.9364511773144
2030-08-31 00:00:00+00:00,2024.0024194371772
2030-08-31 01:00:00+00:00,2043.2045131828204
2030-08-31 02:00:00+00:00,2069.074776926434
2030-08-31 03:00:00+00:00,2084.1445089235463
2030-08-31 04:00:00+00:00,2094.4241061002363
2030-08-31 05:00:00+00:00,2093.1039099899026
2030-08-31 06:00:00+00:00,2076.130889230602
2030-08-31 07:00:00+00:00,17660.582508962827
2030-08-31 08:00:00+00:00,18286.91071326612
2030-08-31 09:00:00+00:00,18256.463570963406
2030-08-31 10:00:00+00:00,18232.561007251323
2030-08-31 11:00:00+00:00,20078.032612542407
2030-08-31 12:00:00+00:00,20070.163295843322
2030-08-31 13:00:00+00:00,20068.351845671663
2030-08-31 14:00:00+00:00,18209.84179525576
2030-08-31 15:00:00+00:00,18211.400684953558
2030-08-31 16:00:00+00:00,18215.75916123821
2030-08-31 17:00:00+00:00,15745.69733206102
2030-08-31 18:00:00+00:00,13634.315996972691
2030-08-31 19:00:00+00:00,14504.96173412688
2030-08-31 20:00:00+00:00,14515.876870306765
2030-08-31 21:00:00+00:00,14597.392840137465
2030-08-31 22:00:00+00:00,14740.438959370702
2030-08-31 23:00:00+00:00,14805.610081189068
2030-09-01 00:00:00+00:00,15043.296214799926
2030-09-01 01:00:00+00:00,15202.383264058926
2030-09-01 02:00:00+00:00,15337.79983043288
2030-09-01 03:00:00+00:00,15444.242310924485
2030-09-01 04:00:00+00:00,15595.320036819412
2030-09-01 05:00:00+00:00,15709.956066916002
2030-09-01 06:00:00+00:00,16283.619605050873
2030-09-01 07:00:00+00:00,18485.863494116456
2030-09-01 08:00:00+00:00,34608.68265249838
2030-09-01 09:00:00+00:00,43269.62458232006
2030-09-01 10:00:00+00:00,43248.39985771874
2030-09-01 11:00:00+00:00,43233.56878047691
2030-09-01 12:00:00+00:00,43223.05650286401
2030-09-01 13:00:00+00:00,43218.20005386376
2030-09-01 14:00:00+00:00,43210.0758931498
2030-09-01 15:00:00+00:00,43175.097820337985
2030-09-01 16:00:00+00:00,20382.887064017825
2030-09-01 17:00:00+00:00,18366.743451139067
2030-09-01 18:00:00+00:00,18386.407575363668
2030-09-01 19:00:00+00:00,18394.86338375904
2030-09-01 20:00:00+00:00,18389.69923842931
2030-09-01 21:00:00+00:00,18393.79880107679
2030-09-01 22:00:00+00:00,18402.715865763243
2030-09-01 23:00:00+00:00,18418.151107485304
2030-09-02 00:00:00+00:00,18371.183325392056
2030-09-02 01:00:00+00:00,18393.771762167904
2030-09-02 02:00:00+00:00,18428.487806678888
2030-09-02 03:00:00+00:00,18471.573298601666
2030-09-02 04:00:00+00:00,18490.001457825114
2030-09-02 05:00:00+00:00,18490.570531742695
2030-09-02 06:00:00+00:00,18468.330856296412
2030-09-02 07:00:00+00:00,18414.43404746079
2030-09-02 08:00:00+00:00,20290.17330435704
2030-09-02 09:00:00+00:00,43192.71706723326
2030-09-02 10:00:00+00:00,43161.64037769759
2030-09-02 11:00:00+00:00,43149.621809318254
2030-09-02 12:00:00+00:00,43130.35471368524
2030-09-02 13:00:00+00:00,43117.94250881386
2030-09-02 14:00:00+00:00,43099.59660258216
2030-09-02 15:00:00+00:00,24106.192541810164
2030-09-02 16:00:00+00:00,18228.935466751493
2030-09-02 17:00:00+00:00,1925.7424713590863
2030-09-02 18:00:00+00:00,1948.647381746446
2030-09-02 19:00:00+00:00,1973.4596218770696
2030-09-02 20:00:00+00:00,1986.2551933489974
2030-09-02 21:00:00+00:00,1998.5140682175345
2030-09-02 22:00:00+00:00,2017.3523252184448
2030-09-02 23:00:00+00:00,2036.3744174604947
2030-09-03 00:00:00+00:00,1984.7797760365713
2030-09-03 01:00:00+00:00,1998.9036119037078
2030-09-03 02:00:00+00:00,2015.7547718192675
2030-09-03 03:00:00+00:00,2032.4959631240815
2030-09-03 04:00:00+00:00,2039.3513863347405
2030-09-03 05:00:00+00:00,2044.5208596035445
2030-09-03 06:00:00+00:00,2025.041407884083
2030-09-03 07:00:00+00:00,3631.2407424050916
2030-09-03 08:00:00+00:00,18236.04211622626
2030-09-03 09:00:00+00:00,20557.145759337673
2030-09-03 10:00:00+00:00,43039.77212214272
2030-09-03 11:00:00+00:00,43029.76605645682
2030-09-03 12:00:00+00:00,43016.20247800222
2030-09-03 13:00:00+00:00,34673.135983494256
2030-09-03 14:00:00+00:00,18112.977955727947
2030-09-03 15:00:00+00:00,18110.85746081521
2030-09-03 16:00:00+00:00,1799.9182523250902
2030-09-03 17:00:00+00:00,1808.176669381106
2030-09-03 18:00:00+00:00,1830.3035762289069
2030-09-03 19:00:00+00:00,1863.5043060354774
2030-09-03 20:00:00+00:00,1886.1672969032584
2030-09-03 21:00:00+00:00,1904.5684666323568
2030-09-03 22:00:00+00:00,1917.3008682871116
2030-09-03 23:00:00+00:00,1930.0336905377549
2030-09-04 00:00:00+00:00,1929.3034899019383
2030-09-04 01:00:00+00:00,1939.172501579669
2030-09-04 02:00:00+00:00,1950.184302735914
2030-09-04 03:00:00+00:00,1962.0015260014588
2030-09-04 04:00:00+00:00,1968.6930789069374
2030-09-04 05:00:00+00:00,1972.0779675340477
2030-09-04 06:00:00+00:00,1958.089091327947
2030-09-04 07:00:00+00:00,4122.495191321894
2030-09-04 08:00:00+00:00,18177.302896493347
2030-09-04 09:00:00+00:00,18931.27555285935
2030-09-04 10:00:00+00:00,40274.91024636214
2030-09-04 11:00:00+00:00,42980.77509658199
2030-09-04 12:00:00+00:00,42955.61263989992
2030-09-04 13:00:00+00:00,31200.336217218704
2030-09-04 14:00:00+00:00,18068.997981444314
2030-09-04 15:00:00+00:00,18068.27198650977
2030-09-04 16:00:00+00:00,1758.758176505321
2030-09-04 17:00:00+00:00,1768.283628401935
2030-09-04 18:00:00+00:00,1793.707276042314
2030-09-04 19:00:00+00:00,1828.434219142617
2030-09-04 20:00:00+00:00,1850.5637360701376
2030-09-04 21:00:00+00:00,1867.6039936685079
2030-09-04 22:00:00+00:00,1881.406784560528
2030-09-04 23:00:00+00:00,1892.2801781289568
2030-09-05 00:00:00+00:00,1909.057448824709
2030-09-05 01:00:00+00:00,1922.0209835317246
2030-09-05 02:00:00+00:00,1933.8307363689166
2030-09-05 03:00:00+00:00,1945.7391849066942
2030-09-05 04:00:00+00:00,1951.415683893173
2030-09-05 05:00:00+00:00,1955.3915864738044
2030-09-05 06:00:00+00:00,1942.942524867104
2030-09-05 07:00:00+00:00,5326.789484564073
2030-09-05 08:00:00+00:00,18171.437448132616
2030-09-05 09:00:00+00:00,21068.296337000356
2030-09-05 10:00:00+00:00,42988.176267714225
2030-09-05 11:00:00+00:00,42983.49134531713
2030-09-05 12:00:00+00:00,42971.48514731228
2030-09-05 13:00:00+00:00,35431.53746000613
2030-09-05 14:00:00+00:00,18076.741500066077
2030-09-05 15:00:00+00:00,18077.87137142464
2030-09-05 16:00:00+00:00,1770.396048968968
2030-09-05 17:00:00+00:00,1781.8703172661772
2030-09-05 18:00:00+00:00,1808.0888187295013
2030-09-05 19:00:00+00:00,1836.4307047404172
2030-09-05 20:00:00+00:00,1855.7112838026976
2030-09-05 21:00:00+00:00,1870.609397251386
2030-09-05 22:00:00+00:00,1884.3128693205665
2030-09-05 23:00:00+00:00,1896.1560012500138
2030-09-06 00:00:00+00:00,1949.8002967806513
2030-09-06 01:00:00+00:00,1964.9298825337405
2030-09-06 02:00:00+00:00,1988.8997913987412
2030-09-06 03:00:00+00:00,2016.137173855745
2030-09-06 04:00:00+00:00,2024.4658440243013
2030-09-06 05:00:00+00:00,2021.8554375214092
2030-09-06 06:00:00+00:00,2009.7247922283384
2030-09-06 07:00:00+00:00,1978.0820479909335
2030-09-06 08:00:00+00:00,2945.2240141455054
2030-09-06 09:00:00+00:00,14342.999718266563
2030-09-06 10:00:00+00:00,18201.774106719844
2030-09-06 11:00:00+00:00,18209.660492406027
2030-09-06 12:00:00+00:00,18183.162298162377
2030-09-06 13:00:00+00:00,18179.199558436107
2030-09-06 14:00:00+00:00,12878.203530553214
2030-09-06 15:00:00+00:00,4187.332553518642
2030-09-06 16:00:00+00:00,1900.3371923577042
2030-09-06 17:00:00+00:00,1912.121892100551
2030-09-06 18:00:00+00:00,1928.6515286698116
2030-09-06 19:00:00+00:00,1939.950188562457
2030-09-06 20:00:00+00:00,1944.2031212198065
2030-09-06 21:00:00+00:00,1950.718407294573
2030-09-06 22:00:00+00:00,1964.2566330150123
2030-09-06 23:00:00+00:00,1971.0210312408956
2030-09-07 00:00:00+00:00,2170.861721130274
2030-09-07 01:00:00+00:00,2222.1647457486347
2030-09-07 02:00:00+00:00,2293.865666810938
2030-09-07 03:00:00+00:00,2334.7692522992384
2030-09-07 04:00:00+00:00,2354.415779477613
2030-09-07 05:00:00+00:00,2338.3997984578864
2030-09-07 06:00:00+00:00,2315.9208843533897
2030-09-07 07:00:00+00:00,2276.7814409707635
2030-09-07 08:00:00+00:00,2234.6905261940537
2030-09-07 09:00:00+00:00,2198.373491516556
2030-09-07 10:00:00+00:00,5020.366444021846
2030-09-07 11:00:00+00:00,5335.025139295293
2030-09-07 12:00:00+00:00,2152.0980528809887
2030-09-07 13:00:00+00:00,2154.7364417997737
2030-09-07 14:00:00+00:00,2167.4444131508135
2030-09-07 15:00:00+00:00,2180.0463508872685
2030-09-07 16:00:00+00:00,2188.1698781654036
2030-09-07 17:00:00+00:00,2201.20199356957
2030-09-07 18:00:00+00:00,2210.766881964489
2030-09-07 19:00:00+00:00,2195.964884278392
2030-09-07 20:00:00+00:00,2169.924527716154
2030-09-07 21:00:00+00:00,2156.3056919945147
2030-09-07 22:00:00+00:00,2162.241253160402
2030-09-07 23:00:00+00:00,2171.2498816124084
2030-09-08 00:00:00+00:00,2423.116276216973
2030-09-08 01:00:00+00:00,2511.5983758051593
2030-09-08 02:00:00+00:00,2643.7744460090707
2030-09-08 03:00:00+00:00,2713.8925784219523
2030-09-08 04:00:00+00:00,2751.820126188727
2030-09-08 05:00:00+00:00,2717.2188336574623
2030-09-08 06:00:00+00:00,2672.3345962808576
2030-09-08 07:00:00+00:00,2608.2478739099865
2030-09-08 08:00:00+00:00,2542.242095140506
2030-09-08 09:00:00+00:00,2481.9022629560145
2030-09-08 10:00:00+00:00,3587.6189042513374
2030-09-08 11:00:00+00:00,8029.58323716891
2030-09-08 12:00:00+00:00,7812.335070468525
2030-09-08 13:00:00+00:00,2738.328037240293
2030-09-08 14:00:00+00:00,2424.3474102267874
2030-09-08 15:00:00+00:00,2442.4834732122317
2030-09-08 16:00:00+00:00,2452.0152819868113
2030-09-08 17:00:00+00:00,2473.488530187411
2030-09-08 18:00:00+00:00,2494.2301421391626
2030-09-08 19:00:00+00:00,2463.005734675184
2030-09-08 20:00:00+00:00,2406.8355886345394
2030-09-08 21:00:00+00:00,2377.654463199203
2030-09-08 22:00:00+00:00,2364.4030918872695
2030-09-08 23:00:00+00:00,2388.185043619759
2030-09-09 00:00:00+00:00,2523.2120744828603
2030-09-09 01:00:00+00:00,2602.012340549307
2030-09-09 02:00:00+00:00,2757.373469376664
2030-09-09 03:00:00+00:00,2953.246048624514
2030-09-09 04:00:00+00:00,3014.9479825524236
2030-09-09 05:00:00+00:00,2979.143111890191
2030-09-09 06:00:00+00:00,2906.476097916826
2030-09-09 07:00:00+00:00,2816.9093726836404
2030-09-09 08:00:00+00:00,18827.844133542567
2030-09-09 09:00:00+00:00,18934.7290941953
2030-09-09 10:00:00+00:00,18903.23126761498
2030-09-09 11:00:00+00:00,23382.169841884996
2030-09-09 12:00:00+00:00,21617.24416371415
2030-09-09 13:00:00+00:00,18850.780020831793
2030-09-09 14:00:00+00:00,18835.4839288919
2030-09-09 15:00:00+00:00,18659.783754952237
2030-09-09 16:00:00+00:00,11913.826979291442
2030-09-09 17:00:00+00:00,2575.6734364047848
2030-09-09 18:00:00+00:00,2569.902129380317
2030-09-09 19:00:00+00:00,2509.9933431597924
2030-09-09 20:00:00+00:00,2436.3501053386535
2030-09-09 21:00:00+00:00,2401.482646866132
2030-09-09 22:00:00+00:00,2416.8747011190762
2030-09-09 23:00:00+00:00,2440.6653501628034
2030-09-10 00:00:00+00:00,2575.112015960151
2030-09-10 01:00:00+00:00,2664.3281396090083
2030-09-10 02:00:00+00:00,2840.7551446173625
2030-09-10 03:00:00+00:00,3064.632763386386
2030-09-10 04:00:00+00:00,3140.9772985735394
2030-09-10 05:00:00+00:00,3099.4140413143964
2030-09-10 06:00:00+00:00,3030.6550389246863
2030-09-10 07:00:00+00:00,3846.536258226575
2030-09-10 08:00:00+00:00,19158.170309742312
2030-09-10 09:00:00+00:00,19089.44715753946
2030-09-10 10:00:00+00:00,19034.785023656634
2030-09-10 11:00:00+00:00,18998.838753613953
2030-09-10 12:00:00+00:00,18981.149166133146
2030-09-10 13:00:00+00:00,18972.773187681883
2030-09-10 14:00:00+00:00,18982.68365454558
2030-09-10 15:00:00+00:00,18992.64700496485
2030-09-10 16:00:00+00:00,19015.26881393899
2030-09-10 17:00:00+00:00,2721.3001488308455
2030-09-10 18:00:00+00:00,2715.4708709231145
2030-09-10 19:00:00+00:00,2657.595183418261
2030-09-10 20:00:00+00:00,2577.2836113192175
2030-09-10 21:00:00+00:00,2543.8373980162946
2030-09-10 22:00:00+00:00,2569.50943887502
2030-09-10 23:00:00+00:00,2600.48210083613
2030-09-11 00:00:00+00:00,3233.96855314028
2030-09-11 01:00:00+00:00,3401.6363565855195
2030-09-11 02:00:00+00:00,3742.076178807947
2030-09-11 03:00:00+00:00,4168.698797258455
2030-09-11 04:00:00+00:00,4295.6255321491335
2030-09-11 05:00:00+00:00,4212.872159464983
2030-09-11 06:00:00+00:00,4075.928519032935
2030-09-11 07:00:00+00:00,11922.630055948875
2030-09-11 08:00:00+00:00,20036.509680060928
2030-09-11 09:00:00+00:00,19908.435711607985
2030-09-11 10:00:00+00:00,19806.348312982456
2030-09-11 11:00:00+00:00,19752.28415029936
2030-09-11 12:00:00+00:00,19725.065703011933
2030-09-11 13:00:00+00:00,19716.6535076496
2030-09-11 14:00:00+00:00,19744.555430398977
2030-09-11 15:00:00+00:00,7597.0272114209065
2030-09-11 16:00:00+00:00,3484.337008934329
2030-09-11 17:00:00+00:00,3498.677053853031
2030-09-11 18:00:00+00:00,3461.0262139829197
2030-09-11 19:00:00+00:00,3310.7202601555755
2030-09-11 20:00:00+00:00,3139.570443502832
2030-09-11 21:00:00+00:00,3049.173044365262
2030-09-11 22:00:00+00:00,3079.720999255741
2030-09-11 23:00:00+00:00,3128.804500075535
2030-09-12 00:00:00+00:00,2892.9586678207343
2030-09-12 01:00:00+00:00,3010.3307446128915
2030-09-12 02:00:00+00:00,3258.904759810059
2030-09-12 03:00:00+00:00,3574.05672585104
2030-09-12 04:00:00+00:00,3666.0852017855095
2030-09-12 05:00:00+00:00,3604.8308233109133
2030-09-12 06:00:00+00:00,3499.9537314180593
2030-09-12 07:00:00+00:00,3377.6203452183204
2030-09-12 08:00:00+00:00,3252.9693496610344
2030-09-12 09:00:00+00:00,3161.9913645785123
2030-09-12 10:00:00+00:00,3088.521572201438
2030-09-12 11:00:00+00:00,3041.704557512708
2030-09-12 12:00:00+00:00,3016.8304144325284
2030-09-12 13:00:00+00:00,3008.9293159173585
2030-09-12 14:00:00+00:00,3024.9691509924924
2030-09-12 15:00:00+00:00,3034.4779506689233
2030-09-12 16:00:00+00:00,3060.5255216614396
2030-09-12 17:00:00+00:00,3071.8840949815753
2030-09-12 18:00:00+00:00,3046.7995773348403
2030-09-12 19:00:00+00:00,2935.1795406625
2030-09-12 20:00:00+00:00,2806.175318033038
2030-09-12 21:00:00+00:00,2741.4425637354066
2030-09-12 22:00:00+00:00,2763.3065861044456
2030-09-12 23:00:00+00:00,2797.6552342916975
2030-09-13 00:00:00+00:00,2330.367352720981
2030-09-13 01:00:00+00:00,2381.817195094782
2030-09-13 02:00:00+00:00,2484.477025018354
2030-09-13 03:00:00+00:00,2616.1197537553385
2030-09-13 04:00:00+00:00,2656.632796459416
2030-09-13 05:00:00+00:00,2632.643723042699
2030-09-13 06:00:00+00:00,2586.646052645183
2030-09-13 07:00:00+00:00,2524.416754048474
2030-09-13 08:00:00+00:00,2461.141711780057
2030-09-13 09:00:00+00:00,2409.6705650701674
2030-09-13 10:00:00+00:00,2365.2886802253843
2030-09-13 11:00:00+00:00,2338.3601845071134
2030-09-13 12:00:00+00:00,2322.0060794860915
2030-09-13 13:00:00+00:00,2312.3564015598085
2030-09-13 14:00:00+00:00,2315.44844264136
2030-09-13 15:00:00+00:00,2321.081092501962
2030-09-13 16:00:00+00:00,2333.433386695839
2030-09-13 17:00:00+00:00,2344.267568848103
2030-09-13 18:00:00+00:00,2341.771145025718
2030-09-13 19:00:00+00:00,2305.8408671611605
2030-09-13 20:00:00+00:00,2259.5963227329544
2030-09-13 21:00:00+00:00,2237.0188931694993
2030-09-13 22:00:00+00:00,2267.003871307536
2030-09-13 23:00:00+00:00,2275.903588263039
2030-09-14 00:00:00+00:00,2184.6212928262908
2030-09-14 01:00:00+00:00,2234.324438316068
2030-09-14 02:00:00+00:00,2306.15760545388
2030-09-14 03:00:00+00:00,2345.5882425942978
2030-09-14 04:00:00+00:00,2364.712658740192
2030-09-14 05:00:00+00:00,2345.906548768317
2030-09-14 06:00:00+00:00,2319.9639252061042
2030-09-14 07:00:00+00:00,14512.067083401169
2030-09-14 08:00:00+00:00,18561.68644857871
2030-09-14 09:00:00+00:00,18527.183630440875
2030-09-14 10:00:00+00:00,18497.310022978694
2030-09-14 11:00:00+00:00,18488.10076132552
2030-09-14 12:00:00+00:00,18481.472655572565
2030-09-14 13:00:00+00:00,18482.11932342212
2030-09-14 14:00:00+00:00,18494.609698796554
2030-09-14 15:00:00+00:00,15726.762645179466
2030-09-14 16:00:00+00:00,2204.936186440505
2030-09-14 17:00:00+00:00,2219.6845519088743
2030-09-14 18:00:00+00:00,2229.4524992247566
2030-09-14 19:00:00+00:00,2210.2123980180677
2030-09-14 20:00:00+00:00,2179.6147371148336
2030-09-14 21:00:00+00:00,2162.946049159761
2030-09-14 22:00:00+00:00,2167.6279303388037
2030-09-14 23:00:00+00:00,2175.3865485009555
2030-09-15 00:00:00+00:00,2750.3893420546565
2030-09-15 01:00:00+00:00,2899.9397435987353
2030-09-15 02:00:00+00:00,3124.22214276387
2030-09-15 03:00:00+00:00,3243.617163747166
2030-09-15 04:00:00+00:00,3302.616800071575
2030-09-15 05:00:00+00:00,3239.980246973378
2030-09-15 06:00:00+00:00,3169.9898976194486
2030-09-15 07:00:00+00:00,19408.87578392658
2030-09-15 08:00:00+00:00,44205.214188589234
2030-09-15 09:00:00+00:00,44119.38404038498
2030-09-15 10:00:00+00:00,44036.06362951837
2030-09-15 11:00:00+00:00,44016.52729609828
2030-09-15 12:00:00+00:00,44003.194622879564
2030-09-15 13:00:00+00:00,44011.40421765827
2030-09-15 14:00:00+00:00,44041.31109632895
2030-09-15 15:00:00+00:00,44070.24598806632
2030-09-15 16:00:00+00:00,39537.05115098711
2030-09-15 17:00:00+00:00,22252.941928928012
2030-09-15 18:00:00+00:00,22250.42235211862
2030-09-15 19:00:00+00:00,22057.847834282056
2030-09-15 20:00:00+00:00,22665.10814434506
2030-09-15 21:00:00+00:00,28607.330777164927
2030-09-15 22:00:00+00:00,36489.661618320504
2030-09-15 23:00:00+00:00,40407.480189212656
2030-09-16 00:00:00+00:00,42712.28852190444
2030-09-16 01:00:00+00:00,44633.47129963945
2030-09-16 02:00:00+00:00,44017.92678134812
2030-09-16 03:00:00+00:00,35163.64002083581
2030-09-16 04:00:00+00:00,25249.221861524307
2030-09-16 05:00:00+00:00,25080.168875103755
2030-09-16 06:00:00+00:00,31971.889563752637
2030-09-16 07:00:00+00:00,41737.326767506536
2030-09-16 08:00:00+00:00,45107.63724819232
2030-09-16 09:00:00+00:00,44988.38336184045
2030-09-16 10:00:00+00:00,44889.70942825668
2030-09-16 11:00:00+00:00,44837.518657935434
2030-09-16 12:00:00+00:00,44806.56362321705
2030-09-16 13:00:00+00:00,44798.91160993211
2030-09-16 14:00:00+00:00,44827.32983736023
2030-09-16 15:00:00+00:00,44853.1845587877
2030-09-16 16:00:00+00:00,30842.89898441492
2030-09-16 17:00:00+00:00,23999.395638770773
2030-09-16 18:00:00+00:00,23910.07638332153
2030-09-16 19:00:00+00:00,23526.142943400322
2030-09-16 20:00:00+00:00,23010.443176437944
2030-09-16 21:00:00+00:00,22607.1935965129
2030-09-16 22:00:00+00:00,22524.589988401243
2030-09-16 23:00:00+00:00,22628.174478516034
2030-09-17 00:00:00+00:00,23059.533649134162
2030-09-17 01:00:00+00:00,23417.574323912977
2030-09-17 02:00:00+00:00,24278.47840930029
2030-09-17 03:00:00+00:00,25542.344735132105
2030-09-17 04:00:00+00:00,25888.93768720591
2030-09-17 05:00:00+00:00,25648.305251189377
2030-09-17 06:00:00+00:00,25337.033531518005
2030-09-17 07:00:00+00:00,25009.905140685623
2030-09-17 08:00:00+00:00,24682.330479700155
2030-09-17 09:00:00+00:00,38703.86035095464
2030-09-17 10:00:00+00:00,31335.839399663964
2030-09-17 11:00:00+00:00,26882.7127494297
2030-09-17 12:00:00+00:00,24111.62285171406
2030-09-17 13:00:00+00:00,24118.026225454418
2030-09-17 14:00:00+00:00,24222.680589998872
2030-09-17 15:00:00+00:00,24312.103381456403
2030-09-17 16:00:00+00:00,24410.09754039258
2030-09-17 17:00:00+00:00,24433.617558335653
2030-09-17 18:00:00+00:00,24296.874086420663
2030-09-17 19:00:00+00:00,23845.504065594174
2030-09-17 20:00:00+00:00,23258.266781303202
2030-09-17 21:00:00+00:00,22790.678529187884
2030-09-17 22:00:00+00:00,22674.277414667016
2030-09-17 23:00:00+00:00,22771.517173430497
2030-09-18 00:00:00+00:00,20736.662345055727
2030-09-18 01:00:00+00:00,20821.972434880896
2030-09-18 02:00:00+00:00,21030.66034541506
2030-09-18 03:00:00+00:00,21334.42398289758
2030-09-18 04:00:00+00:00,21419.829030532746
2030-09-18 05:00:00+00:00,21361.41150962628
2030-09-18 06:00:00+00:00,21287.352480449426
2030-09-18 07:00:00+00:00,21206.196282053068
2030-09-18 08:00:00+00:00,21134.647586956726
2030-09-18 09:00:00+00:00,21072.984174355726
2030-09-18 10:00:00+00:00,21031.101032751136
2030-09-18 11:00:00+00:00,23230.421052982736
2030-09-18 12:00:00+00:00,36208.90051006916
2030-09-18 13:00:00+00:00,29313.03451338026
2030-09-18 14:00:00+00:00,23835.97860950634
2030-09-18 15:00:00+00:00,29963.39344028489
2030-09-18 16:00:00+00:00,21054.50508544723
2030-09-18 17:00:00+00:00,2383.6348100607456
2030-09-18 18:00:00+00:00,2380.9683450474126
2030-09-18 19:00:00+00:00,2340.7225222821594
2030-09-18 20:00:00+00:00,2293.276561175955
2030-09-18 21:00:00+00:00,2271.848870613862
2030-09-18 22:00:00+00:00,2287.322988450003
2030-09-18 23:00:00+00:00,2311.223929005841
2030-09-19 00:00:00+00:00,2996.1698567745457
2030-09-19 01:00:00+00:00,3140.812231331398
2030-09-19 02:00:00+00:00,3429.650754870212
2030-09-19 03:00:00+00:00,3793.238746750613
2030-09-19 04:00:00+00:00,3908.8862150785844
2030-09-19 05:00:00+00:00,3846.396341389832
2030-09-19 06:00:00+00:00,3733.7624394080326
2030-09-19 07:00:00+00:00,3595.165854209298
2030-09-19 08:00:00+00:00,14233.411417579156
2030-09-19 09:00:00+00:00,19625.419884828498
2030-09-19 10:00:00+00:00,19536.577455598803
2030-09-19 11:00:00+00:00,19487.404516505707
2030-09-19 12:00:00+00:00,19481.465378944707
2030-09-19 13:00:00+00:00,19470.425247056155
2030-09-19 14:00:00+00:00,19459.98509586066
2030-09-19 15:00:00+00:00,14991.310670201667
2030-09-19 16:00:00+00:00,3253.224930605365
2030-09-19 17:00:00+00:00,3239.4032559679645
2030-09-19 18:00:00+00:00,3214.2449015553548
2030-09-19 19:00:00+00:00,3084.4132740665027
2030-09-19 20:00:00+00:00,2933.7318034335553
2030-09-19 21:00:00+00:00,2855.111537596377
2030-09-19 22:00:00+00:00,2873.2850977561766
2030-09-19 23:00:00+00:00,2912.6824383669714
2030-09-20 00:00:00+00:00,2418.7367714236075
2030-09-20 01:00:00+00:00,2479.6574306906505
2030-09-20 02:00:00+00:00,2604.3408427042796
2030-09-20 03:00:00+00:00,2761.0788618110396
2030-09-20 04:00:00+00:00,2807.2218275364335
2030-09-20 05:00:00+00:00,2778.5167205127887
2030-09-20 06:00:00+00:00,2728.730201182741
2030-09-20 07:00:00+00:00,2662.3366613117623
2030-09-20 08:00:00+00:00,2589.0530114686435
2030-09-20 09:00:00+00:00,2534.483176892557
2030-09-20 10:00:00+00:00,2484.3354069838224
2030-09-20 11:00:00+00:00,13856.343118018103
2030-09-20 12:00:00+00:00,18741.625883328878
2030-09-20 13:00:00+00:00,15288.961147491636
2030-09-20 14:00:00+00:00,2420.82291362677
2030-09-20 15:00:00+00:00,2426.077352884035
2030-09-20 16:00:00+00:00,2437.731458738133
2030-09-20 17:00:00+00:00,2455.8906588063937
2030-09-20 18:00:00+00:00,2475.879599934788
2030-09-20 19:00:00+00:00,2442.407431896781
2030-09-20 20:00:00+00:00,2390.484748722269
2030-09-20 21:00:00+00:00,2369.471720162778
2030-09-20 22:00:00+00:00,2416.54610378007
2030-09-20 23:00:00+00:00,2433.9246183960972
2030-09-21 00:00:00+00:00,2536.4094870472136
2030-09-21 01:00:00+00:00,2650.0732591103288
2030-09-21 02:00:00+00:00,2805.2180852578663
2030-09-21 03:00:00+00:00,2884.3469977385316
2030-09-21 04:00:00+00:00,2922.4284871344294
2030-09-21 05:00:00+00:00,2881.923586886991
2030-09-21 06:00:00+00:00,2827.576818358207
2030-09-21 07:00:00+00:00,2741.961986696545
2030-09-21 08:00:00+00:00,3812.7116809874137
2030-09-21 09:00:00+00:00,18813.45449649976
2030-09-21 10:00:00+00:00,18793.577844215513
2030-09-21 11:00:00+00:00,26994.840223606152
2030-09-21 12:00:00+00:00,28783.491234604488
2030-09-21 13:00:00+00:00,18735.868819190415
2030-09-21 14:00:00+00:00,18724.445178958933
2030-09-21 15:00:00+00:00,3527.337506549562
2030-09-21 16:00:00+00:00,2464.2995930950133
2030-09-21 17:00:00+00:00,2495.2255985948077
2030-09-21 18:00:00+00:00,2530.186983583836
2030-09-21 19:00:00+00:00,2499.64102243766
2030-09-21 20:00:00+00:00,2445.772987270433
2030-09-21 21:00:00+00:00,2419.78208154439
2030-09-21 22:00:00+00:00,2429.39770148453
2030-09-21 23:00:00+00:00,2448.869177869547
2030-09-22 00:00:00+00:00,2224.399209297328
2030-09-22 01:00:00+00:00,2276.8380996960173
2030-09-22 02:00:00+00:00,2352.0660318308073
2030-09-22 03:00:00+00:00,2391.28155319658
2030-09-22 04:00:00+00:00,2409.1491330130357
2030-09-22 05:00:00+00:00,2391.3731942525264
2030-09-22 06:00:00+00:00,2363.774291201364
2030-09-22 07:00:00+00:00,13758.84566445074
2030-09-22 08:00:00+00:00,18554.81984996954
2030-09-22 09:00:00+00:00,18498.58921479706
2030-09-22 10:00:00+00:00,28284.583509509845
2030-09-22 11:00:00+00:00,34579.89977932436
2030-09-22 12:00:00+00:00,31657.228201864527
2030-09-22 13:00:00+00:00,20082.260117263257
2030-09-22 14:00:00+00:00,18412.520055650006
2030-09-22 15:00:00+00:00,18419.932811550567
2030-09-22 16:00:00+00:00,2114.658434061011
2030-09-22 17:00:00+00:00,2135.2286185083058
2030-09-22 18:00:00+00:00,2164.8722854549237
2030-09-22 19:00:00+00:00,2162.3842607274337
2030-09-22 20:00:00+00:00,2143.9803888206584
2030-09-22 21:00:00+00:00,2137.50609694847
2030-09-22 22:00:00+00:00,2137.113038885681
2030-09-22 23:00:00+00:00,2156.3538251143555
2030-09-23 00:00:00+00:00,2094.1868036758565
2030-09-23 01:00:00+00:00,2119.855429341965
2030-09-23 02:00:00+00:00,2167.739054858701
2030-09-23 03:00:00+00:00,2224.535814588362
2030-09-23 04:00:00+00:00,2246.260596726047
2030-09-23 05:00:00+00:00,2241.9582994434145
2030-09-23 06:00:00+00:00,2226.082848869975
2030-09-23 07:00:00+00:00,2178.751956897209
2030-09-23 08:00:00+00:00,11488.930366222676
2030-09-23 09:00:00+00:00,21461.496082352947
2030-09-23 10:00:00+00:00,43230.5836659514
2030-09-23 11:00:00+00:00,43216.672676946924
2030-09-23 12:00:00+00:00,43197.948154490805
2030-09-23 13:00:00+00:00,40473.87781780009
2030-09-23 14:00:00+00:00,18271.06783608226
2030-09-23 15:00:00+00:00,7641.114830145742
2030-09-23 16:00:00+00:00,1993.383992230753
2030-09-23 17:00:00+00:00,2013.164068328871
2030-09-23 18:00:00+00:00,2045.7716600728131
2030-09-23 19:00:00+00:00,2055.6285051566165
2030-09-23 20:00:00+00:00,2053.6859105891663
2030-09-23 21:00:00+00:00,2058.545633360749
2030-09-23 22:00:00+00:00,2072.9342702234303
2030-09-23 23:00:00+00:00,2088.3014877029095
2030-09-24 00:00:00+00:00,2076.3850162824738
2030-09-24 01:00:00+00:00,2101.6565258995743
2030-09-24 02:00:00+00:00,2143.9591369538866
2030-09-24 03:00:00+00:00,2193.463504313745
2030-09-24 04:00:00+00:00,2212.8238277730743
2030-09-24 05:00:00+00:00,2209.237453863599
2030-09-24 06:00:00+00:00,1343.091022134442
2030-09-24 07:00:00+00:00,2148.094729678603
2030-09-24 08:00:00+00:00,2086.4039430664607
2030-09-24 09:00:00+00:00,8756.607143393658
2030-09-24 10:00:00+00:00,30644.848775820254
2030-09-24 11:00:00+00:00,37141.075649934835
2030-09-24 12:00:00+00:00,35359.11299548076
2030-09-24 13:00:00+00:00,22376.85817571719
2030-09-24 14:00:00+00:00,1938.651276789592
2030-09-24 15:00:00+00:00,1939.73933762067
2030-09-24 16:00:00+00:00,1946.9914949866613
2030-09-24 17:00:00+00:00,1969.2648251162295
2030-09-24 18:00:00+00:00,2006.269476028471
2030-09-24 19:00:00+00:00,2017.2258103414824
2030-09-24 20:00:00+00:00,2017.9160274773856
2030-09-24 21:00:00+00:00,2023.6283479400174
2030-09-24 22:00:00+00:00,2037.6298539013917
2030-09-24 23:00:00+00:00,2052.5323231329435
2030-09-25 00:00:00+00:00,2026.7853966912892
2030-09-25 01:00:00+00:00,1300.0273515405502
2030-09-25 02:00:00+00:00,1307.5235787560841
2030-09-25 03:00:00+00:00,1320.9569748056624
2030-09-25 04:00:00+00:00,1324.472915326132
2030-09-25 05:00:00+00:00,1321.9151427307684
2030-09-25 06:00:00+00:00,1319.43634019922
2030-09-25 07:00:00+00:00,2068.2565863270333
2030-09-25 08:00:00+00:00,2021.7240287096754
2030-09-25 09:00:00+00:00,1979.6541981682303
2030-09-25 10:00:00+00:00,1942.9709210087933
2030-09-25 11:00:00+00:00,7613.8710910869995
2030-09-25 12:00:00+00:00,5290.888832214003
2030-09-25 13:00:00+00:00,1893.8209567914728
2030-09-25 14:00:00+00:00,1891.8694856311834
2030-09-25 15:00:00+00:00,1894.4076967919573
2030-09-25 16:00:00+00:00,1902.8831305231404
2030-09-25 17:00:00+00:00,1923.59890105654
2030-09-25 18:00:00+00:00,1943.9035891221322
2030-09-25 19:00:00+00:00,1950.5412923021152
2030-09-25 20:00:00+00:00,1951.7408901527006
2030-09-25 21:00:00+00:00,1953.7671938800506
2030-09-25 22:00:00+00:00,1963.8186667182
2030-09-25 23:00:00+00:00,1974.455817249965
2030-09-26 00:00:00+00:00,1948.072876135458
2030-09-26 01:00:00+00:00,1957.6276400775585
2030-09-26 02:00:00+00:00,1972.316545735051
2030-09-26 03:00:00+00:00,1988.8214031069633
2030-09-26 04:00:00+00:00,1995.6060765608236
2030-09-26 05:00:00+00:00,1996.1295934975492
2030-09-26 06:00:00+00:00,1991.450527846524
2030-09-26 07:00:00+00:00,1969.5513587509092
2030-09-26 08:00:00+00:00,1938.9670511987727
2030-09-26 09:00:00+00:00,1910.4799008006423
2030-09-26 10:00:00+00:00,1888.5582734564516
2030-09-26 11:00:00+00:00,1874.5556159654732
2030-09-26 12:00:00+00:00,1862.7254525066442
2030-09-26 13:00:00+00:00,1856.3239172343012
2030-09-26 14:00:00+00:00,1853.2435556808516
2030-09-26 15:00:00+00:00,1856.0530692582224
2030-09-26 16:00:00+00:00,1862.6157751148037
2030-09-26 17:00:00+00:00,1877.8758301669143
2030-09-26 18:00:00+00:00,1899.6121222766085
2030-09-26 19:00:00+00:00,1911.02118671876
2030-09-26 20:00:00+00:00,1915.8049397250559
2030-09-26 21:00:00+00:00,1922.3016268761612
2030-09-26 22:00:00+00:00,1931.349563987387
2030-09-26 23:00:00+00:00,1939.4060304572442
2030-09-27 00:00:00+00:00,1997.5236565509454
2030-09-27 01:00:00+00:00,2015.7727414409394
2030-09-27 02:00:00+00:00,2045.6070657650794
2030-09-27 03:00:00+00:00,2082.56208594666
2030-09-27 04:00:00+00:00,2096.3541325037995
2030-09-27 05:00:00+00:00,2094.976627342109
2030-09-27 06:00:00+00:00,2085.2101986789717
2030-09-27 07:00:00+00:00,2057.840437411394
2030-09-27 08:00:00+00:00,2044.3832486262327
2030-09-27 09:00:00+00:00,17523.78956620759
2030-09-27 10:00:00+00:00,18265.024234896093
2030-09-27 11:00:00+00:00,23375.64588492605
2030-09-27 12:00:00+00:00,18224.962930486745
2030-09-27 13:00:00+00:00,18215.43252998513
2030-09-27 14:00:00+00:00,2076.861620236052
2030-09-27 15:00:00+00:00,1931.2798691288685
2030-09-27 16:00:00+00:00,1917.7262757414637
2030-09-27 17:00:00+00:00,1936.1775788527596
2030-09-27 18:00:00+00:00,1951.8912957947102
2030-09-27 19:00:00+00:00,1953.4519214895397
2030-09-27 20:00:00+00:00,1952.259453282186
2030-09-27 21:00:00+00:00,1954.9026489597622
2030-09-27 22:00:00+00:00,1970.453683306685
2030-09-27 23:00:00+00:00,1976.8856955808092
2030-09-28 00:00:00+00:00,1970.6775871289478
2030-09-28 01:00:00+00:00,1987.9076240912962
2030-09-28 02:00:00+00:00,2011.010370342858
2030-09-28 03:00:00+00:00,2025.0226601230752
2030-09-28 04:00:00+00:00,2031.3568718457734
2030-09-28 05:00:00+00:00,2028.5754003519623
2030-09-28 06:00:00+00:00,2023.1568195369925
2030-09-28 07:00:00+00:00,10338.70931682086
2030-09-28 08:00:00+00:00,18300.026677045338
2030-09-28 09:00:00+00:00,18279.245347680728
2030-09-28 10:00:00+00:00,18253.845826678935
2030-09-28 11:00:00+00:00,18243.04231066064
2030-09-28 12:00:00+00:00,18236.27717376837
2030-09-28 13:00:00+00:00,18235.40401321461
2030-09-28 14:00:00+00:00,18239.902091919674
2030-09-28 15:00:00+00:00,11737.127264068382
2030-09-28 16:00:00+00:00,1943.7872472103918
2030-09-28 17:00:00+00:00,1958.3712575502286
2030-09-28 18:00:00+00:00,1972.713426328559
2030-09-28 19:00:00+00:00,1972.2107828370442
2030-09-28 20:00:00+00:00,1969.2229816481547
2030-09-28 21:00:00+00:00,1968.2605799052171
2030-09-28 22:00:00+00:00,1972.9326839006485
2030-09-28 23:00:00+00:00,1978.9603871215581
2030-09-29 00:00:00+00:00,2124.377068977045
2030-09-29 01:00:00+00:00,2166.3062227104406
2030-09-29 02:00:00+00:00,2227.4308919592036
2030-09-29 03:00:00+00:00,2259.592878967021
2030-09-29 04:00:00+00:00,2273.8920927598406
2030-09-29 05:00:00+00:00,2258.924694902754
2030-09-29 06:00:00+00:00,2243.5136283407096
2030-09-29 07:00:00+00:00,2832.88970486008
2030-09-29 08:00:00+00:00,18503.858434204736
2030-09-29 09:00:00+00:00,18474.97621177514
2030-09-29 10:00:00+00:00,18444.15551797015
2030-09-29 11:00:00+00:00,18431.983138529533
2030-09-29 12:00:00+00:00,19353.943858593735
2030-09-29 13:00:00+00:00,18421.629910613025
2030-09-29 14:00:00+00:00,18432.112272019192
2030-09-29 15:00:00+00:00,8217.316843856519
2030-09-29 16:00:00+00:00,2140.286934661915
2030-09-29 17:00:00+00:00,2156.816509313412
2030-09-29 18:00:00+00:00,2169.1929720791486
2030-09-29 19:00:00+00:00,2152.931089867156
2030-09-29 20:00:00+00:00,2127.171880912049
2030-09-29 21:00:00+00:00,2115.5725164679593
2030-09-29 22:00:00+00:00,2111.9450336751383
2030-09-29 23:00:00+00:00,2123.307338508965
2030-09-30 00:00:00+00:00,2268.829304807388
2030-09-30 01:00:00+00:00,2314.589667258399
2030-09-30 02:00:00+00:00,2407.0394317759956
2030-09-30 03:00:00+00:00,2521.027790418927
2030-09-30 04:00:00+00:00,2559.1833539287404
2030-09-30 05:00:00+00:00,2539.7948509525995
2030-09-30 06:00:00+00:00,2506.609728386378
2030-09-30 07:00:00+00:00,2460.0822306608507
2030-09-30 08:00:00+00:00,2409.7688418809134
2030-09-30 09:00:00+00:00,2364.441835265893
2030-09-30 10:00:00+00:00,5365.150237076202
2030-09-30 11:00:00+00:00,4168.869743499626
2030-09-30 12:00:00+00:00,3210.412811287546
2030-09-30 13:00:00+00:00,2273.3412129510384
2030-09-30 14:00:00+00:00,2277.121170201728
2030-09-30 15:00:00+00:00,2282.4575944085977
2030-09-30 16:00:00+00:00,2292.3937476656292
2030-09-30 17:00:00+00:00,2307.4836570255247
2030-09-30 18:00:00+00:00,2313.965307632644
2030-09-30 19:00:00+00:00,2282.998987896165
2030-09-30 20:00:00+00:00,2241.246694105379
2030-09-30 21:00:00+00:00,2222.7423735449634
2030-09-30 22:00:00+00:00,2237.0194345837335
2030-09-30 23:00:00+00:00,2255.8085455598157
2030-10-01 00:00:00+00:00,2244.3553865573267
2030-10-01 01:00:00+00:00,2285.078863468365
2030-10-01 02:00:00+00:00,2366.6669178021552
2030-10-01 03:00:00+00:00,2469.9666465454984
2030-10-01 04:00:00+00:00,2502.6664313952997
2030-10-01 05:00:00+00:00,2482.6317248233645
2030-10-01 06:00:00+00:00,2449.5446499660075
2030-10-01 07:00:00+00:00,2409.914178602058
2030-10-01 08:00:00+00:00,18666.86425480386
2030-10-01 09:00:00+00:00,20779.961527868065
2030-10-01 10:00:00+00:00,34361.39360197783
2030-10-01 11:00:00+00:00,43076.66680299232
2030-10-01 12:00:00+00:00,29478.640679002732
2030-10-01 13:00:00+00:00,20665.482855850943
2030-10-01 14:00:00+00:00,18527.262968586983
2030-10-01 15:00:00+00:00,17499.87117906934
2030-10-01 16:00:00+00:00,9115.059884140695
2030-10-01 17:00:00+00:00,2614.384865948692
2030-10-01 18:00:00+00:00,9107.956339428567
2030-10-01 19:00:00+00:00,10003.25769530371
2030-10-01 20:00:00+00:00,10112.236009090775
2030-10-01 21:00:00+00:00,10749.850884122066
2030-10-01 22:00:00+00:00,12886.721336833813
2030-10-01 23:00:00+00:00,13590.544739288971
2030-10-02 00:00:00+00:00,14194.392011154152
2030-10-02 01:00:00+00:00,14400.16517700826
2030-10-02 02:00:00+00:00,13831.15427636466
2030-10-02 03:00:00+00:00,12303.954569396006
2030-10-02 04:00:00+00:00,10571.866750066563
2030-10-02 05:00:00+00:00,9421.35774481903
2030-10-02 06:00:00+00:00,6393.700028941564
2030-10-02 07:00:00+00:00,17539.95381245841
2030-10-02 08:00:00+00:00,20538.478677522937
2030-10-02 09:00:00+00:00,22607.892091847814
2030-10-02 10:00:00+00:00,43306.73236064894
2030-10-02 11:00:00+00:00,43295.82261593529
2030-10-02 12:00:00+00:00,43276.13400159964
2030-10-02 13:00:00+00:00,37684.729754718224
2030-10-02 14:00:00+00:00,20393.150998009307
2030-10-02 15:00:00+00:00,20407.732992752713
2030-10-02 16:00:00+00:00,20429.229144392455
2030-10-02 17:00:00+00:00,7128.067992642317
2030-10-02 18:00:00+00:00,18428.938377260565
2030-10-02 19:00:00+00:00,20407.597201440036
2030-10-02 20:00:00+00:00,20338.409314224293
2030-10-02 21:00:00+00:00,20280.86677378454
2030-10-02 22:00:00+00:00,20271.807397752746
2030-10-02 23:00:00+00:00,20290.23481774362
2030-10-03 00:00:00+00:00,20225.88752565527
2030-10-03 01:00:00+00:00,20264.70257688475
2030-10-03 02:00:00+00:00,20356.975820371605
2030-10-03 03:00:00+00:00,20491.290886127546
2030-10-03 04:00:00+00:00,20527.97658184157
2030-10-03 05:00:00+00:00,20504.24028581063
2030-10-03 06:00:00+00:00,20471.9083154108
2030-10-03 07:00:00+00:00,20446.831879506182
2030-10-03 08:00:00+00:00,25295.451050529766
2030-10-03 09:00:00+00:00,42028.66904553214
2030-10-03 10:00:00+00:00,40283.49848921824
2030-10-03 11:00:00+00:00,43227.59729089828
2030-10-03 12:00:00+00:00,40439.70224043065
2030-10-03 13:00:00+00:00,39744.956800850894
2030-10-03 14:00:00+00:00,25973.70121854611
2030-10-03 15:00:00+00:00,29146.439322237766
2030-10-03 16:00:00+00:00,18352.6758894608
2030-10-03 17:00:00+00:00,18364.591933184434
2030-10-03 18:00:00+00:00,18368.627194150526
2030-10-03 19:00:00+00:00,20281.54115881759
2030-10-03 20:00:00+00:00,20226.2505400448
2030-10-03 21:00:00+00:00,20182.154556892026
2030-10-03 22:00:00+00:00,20174.855844759208
2030-10-03 23:00:00+00:00,20190.421639317366
2030-10-04 00:00:00+00:00,20102.477103840705
2030-10-04 01:00:00+00:00,20130.317356343956
2030-10-04 02:00:00+00:00,20191.453074171906
2030-10-04 03:00:00+00:00,20282.033412653775
2030-10-04 04:00:00+00:00,17226.8034560292
2030-10-04 05:00:00+00:00,13341.027137471652
2030-10-04 06:00:00+00:00,10625.195603916403
2030-10-04 07:00:00+00:00,13037.090071117811
2030-10-04 08:00:00+00:00,18353.729549276213
2030-10-04 09:00:00+00:00,18337.77458042353
2030-10-04 10:00:00+00:00,18322.70187894014
2030-10-04 11:00:00+00:00,18313.36526719045
2030-10-04 12:00:00+00:00,18305.95527987507
2030-10-04 13:00:00+00:00,10248.890090030587
2030-10-04 14:00:00+00:00,1997.0511010930998
2030-10-04 15:00:00+00:00,2000.3730814659339
2030-10-04 16:00:00+00:00,2008.1813780764737
2030-10-04 17:00:00+00:00,2017.6635851556775
2030-10-04 18:00:00+00:00,2025.3732896218517
2030-10-04 19:00:00+00:00,2020.0788652985852
2030-10-04 20:00:00+00:00,2010.437145174999
2030-10-04 21:00:00+00:00,2005.372086762418
2030-10-04 22:00:00+00:00,2014.8764876497955
2030-10-04 23:00:00+00:00,2020.9126877868682
2030-10-05 00:00:00+00:00,2193.971711546204
2030-10-05 01:00:00+00:00,2244.1722304567434
2030-10-05 02:00:00+00:00,2320.292497759486
2030-10-05 03:00:00+00:00,2358.863215752758
2030-10-05 04:00:00+00:00,2376.5977755127187
2030-10-05 05:00:00+00:00,2356.2580585116402
2030-10-05 06:00:00+00:00,2333.821655403171
2030-10-05 07:00:00+00:00,2309.2005551264124
2030-10-05 08:00:00+00:00,2276.9416532933196
2030-10-05 09:00:00+00:00,2243.5914574579083
2030-10-05 10:00:00+00:00,2208.515485390399
2030-10-05 11:00:00+00:00,2196.1758681150427
2030-10-05 12:00:00+00:00,2190.5302972637037
2030-10-05 13:00:00+00:00,2187.631661256361
2030-10-05 14:00:00+00:00,2198.8815911861107
2030-10-05 15:00:00+00:00,2209.0475324404365
2030-10-05 16:00:00+00:00,2220.660294992062
2030-10-05 17:00:00+00:00,2242.2795894789697
2030-10-05 18:00:00+00:00,2260.4373527814128
2030-10-05 19:00:00+00:00,2240.9244968016596
2030-10-05 20:00:00+00:00,2211.098012245633
2030-10-05 21:00:00+00:00,2198.6503817096645
2030-10-05 22:00:00+00:00,2209.052054241751
2030-10-05 23:00:00+00:00,2217.39018882959
2030-10-06 00:00:00+00:00,2820.2770357242275
2030-10-06 01:00:00+00:00,2977.1614137603688
2030-10-06 02:00:00+00:00,3209.23419339091
2030-10-06 03:00:00+00:00,3322.9641289597535
2030-10-06 04:00:00+00:00,3377.9990073046088
2030-10-06 05:00:00+00:00,3305.2152211776
2030-10-06 06:00:00+00:00,3230.185821124327
2030-10-06 07:00:00+00:00,3149.9448515058048
2030-10-06 08:00:00+00:00,3062.7372597406115
2030-10-06 09:00:00+00:00,2969.703453439955
2030-10-06 10:00:00+00:00,2879.66539985137
2030-10-06 11:00:00+00:00,2849.5884222031896
2030-10-06 12:00:00+00:00,2825.3879853592753
2030-10-06 13:00:00+00:00,2830.8130789476054
2030-10-06 14:00:00+00:00,2868.620432212858
2030-10-06 15:00:00+00:00,2899.603278951101
2030-10-06 16:00:00+00:00,2915.0731371853058
2030-10-06 17:00:00+00:00,2951.3201300489904
2030-10-06 18:00:00+00:00,2963.7729880936
2030-10-06 19:00:00+00:00,2881.6296567125814
2030-10-06 20:00:00+00:00,2771.6561220333638
2030-10-06 21:00:00+00:00,2709.7989978622227
2030-10-06 22:00:00+00:00,2682.3930066384037
2030-10-06 23:00:00+00:00,2720.9347597375254
2030-10-07 00:00:00+00:00,2859.728573423632
2030-10-07 01:00:00+00:00,2984.275201605653
2030-10-07 02:00:00+00:00,3232.0794254351754
2030-10-07 03:00:00+00:00,3543.8554949667528
2030-10-07 04:00:00+00:00,3644.2184406500064
2030-10-07 05:00:00+00:00,3592.6418420720015
2030-10-07 06:00:00+00:00,3499.9712404128777
2030-10-07 07:00:00+00:00,3383.049932335248
2030-10-07 08:00:00+00:00,3229.3801536793812
2030-10-07 09:00:00+00:00,3116.7457327179704
2030-10-07 10:00:00+00:00,19935.804866748782
2030-10-07 11:00:00+00:00,10849.81100591958
2030-10-07 12:00:00+00:00,2944.733361826305
2030-10-07 13:00:00+00:00,2935.510721820649
2030-10-07 14:00:00+00:00,2953.4765160073566
2030-10-07 15:00:00+00:00,2969.144795984772
2030-10-07 16:00:00+00:00,3000.4311083140005
2030-10-07 17:00:00+00:00,3027.1221643981607
2030-10-07 18:00:00+00:00,3015.1655142973077
2030-10-07 19:00:00+00:00,2915.3050384716053
2030-10-07 20:00:00+00:00,2794.926313611681
2030-10-07 21:00:00+00:00,2731.551284729985
2030-10-07 22:00:00+00:00,2751.5055976337
2030-10-07 23:00:00+00:00,2790.7850930761315
2030-10-08 00:00:00+00:00,2730.84295425853
2030-10-08 01:00:00+00:00,2833.9527181332487
2030-10-08 02:00:00+00:00,3042.7130418487377
2030-10-08 03:00:00+00:00,3300.399260211442
2030-10-08 04:00:00+00:00,3379.90705698951
2030-10-08 05:00:00+00:00,3328.27325106169
2030-10-08 06:00:00+00:00,3250.1369476231607
2030-10-08 07:00:00+00:00,3156.1813225542533
2030-10-08 08:00:00+00:00,3040.187544685306
2030-10-08 09:00:00+00:00,2954.8111981125912
2030-10-08 10:00:00+00:00,2880.3862856793107
2030-10-08 11:00:00+00:00,2831.504031388987
2030-10-08 12:00:00+00:00,2809.359109866887
2030-10-08 13:00:00+00:00,2805.572249241117
2030-10-08 14:00:00+00:00,2821.6604095178504
2030-10-08 15:00:00+00:00,2834.9899216540043
2030-10-08 16:00:00+00:00,2861.2767680019597
2030-10-08 17:00:00+00:00,2879.950166608993
2030-10-08 18:00:00+00:00,2861.765327407944
2030-10-08 19:00:00+00:00,2768.593060895238
2030-10-08 20:00:00+00:00,2662.9278089647696
2030-10-08 21:00:00+00:00,2610.1698422052755
2030-10-08 22:00:00+00:00,2628.6124846806397
2030-10-08 23:00:00+00:00,2656.346574140651
2030-10-09 00:00:00+00:00,2733.134199021114
2030-10-09 01:00:00+00:00,2833.4429662647144
2030-10-09 02:00:00+00:00,3042.5889468676173
2030-10-09 03:00:00+00:00,3308.722197707511
2030-10-09 04:00:00+00:00,3388.586619093813
2030-10-09 05:00:00+00:00,3338.6680678519106
2030-10-09 06:00:00+00:00,3259.872311121624
2030-10-09 07:00:00+00:00,3171.4240305895732
2030-10-09 08:00:00+00:00,3065.4052245765088
2030-10-09 09:00:00+00:00,2983.769258695199
2030-10-09 10:00:00+00:00,2910.9132564414003
2030-10-09 11:00:00+00:00,2868.9613823533537
2030-10-09 12:00:00+00:00,2853.674034495932
2030-10-09 13:00:00+00:00,2851.3686542999026
2030-10-09 14:00:00+00:00,2868.947937801632
2030-10-09 15:00:00+00:00,2883.8679351899177
2030-10-09 16:00:00+00:00,2915.0891925963692
2030-10-09 17:00:00+00:00,2934.382368989846
2030-10-09 18:00:00+00:00,2912.580025580035
2030-10-09 19:00:00+00:00,2813.6266165521847
2030-10-09 20:00:00+00:00,2704.7290285846734
2030-10-09 21:00:00+00:00,2650.0991866924937
2030-10-09 22:00:00+00:00,2671.312014228206
2030-10-09 23:00:00+00:00,2706.2142190391132
2030-10-10 00:00:00+00:00,5014.690449495243
2030-10-10 01:00:00+00:00,5410.980140987439
2030-10-10 02:00:00+00:00,6706.178727561284
2030-10-10 03:00:00+00:00,10566.794893916664
2030-10-10 04:00:00+00:00,12356.572486822673
2030-10-10 05:00:00+00:00,11733.908903436504
2030-10-10 06:00:00+00:00,10521.7677116346
2030-10-10 07:00:00+00:00,9057.108528997238
2030-10-10 08:00:00+00:00,7073.10551721021
2030-10-10 09:00:00+00:00,17746.66792969624
2030-10-10 10:00:00+00:00,12138.309244653452
2030-10-10 11:00:00+00:00,9219.581185476956
2030-10-10 12:00:00+00:00,10769.689382565006
2030-10-10 13:00:00+00:00,8738.590549003373
2030-10-10 14:00:00+00:00,6032.224055413057
2030-10-10 15:00:00+00:00,6116.007209896249
2030-10-10 16:00:00+00:00,7137.702791335159
2030-10-10 17:00:00+00:00,8024.061525876044
2030-10-10 18:00:00+00:00,8099.8729743361
2030-10-10 19:00:00+00:00,6476.193705041694
2030-10-10 20:00:00+00:00,5205.656002721889
2030-10-10 21:00:00+00:00,4979.162333011173
2030-10-10 22:00:00+00:00,5052.915993925917
2030-10-10 23:00:00+00:00,5178.7642237322125
2030-10-11 00:00:00+00:00,8469.044327235493
2030-10-11 01:00:00+00:00,9632.116226415219
2030-10-11 02:00:00+00:00,12812.089630721475
2030-10-11 03:00:00+00:00,13546.901806446493
2030-10-11 04:00:00+00:00,13738.696245083875
2030-10-11 05:00:00+00:00,13598.57982693716
2030-10-11 06:00:00+00:00,13462.132786808841
2030-10-11 07:00:00+00:00,13326.24218025636
2030-10-11 08:00:00+00:00,13192.661139849495
2030-10-11 09:00:00+00:00,13099.707579695378
2030-10-11 10:00:00+00:00,13041.514093742167
2030-10-11 11:00:00+00:00,12985.57519039997
2030-10-11 12:00:00+00:00,12795.233732212302
2030-10-11 13:00:00+00:00,12676.886531201202
2030-10-11 14:00:00+00:00,12860.073968563926
2030-10-11 15:00:00+00:00,12882.990942632077
2030-10-11 16:00:00+00:00,13132.53490241492
2030-10-11 17:00:00+00:00,13220.153480124553
2030-10-11 18:00:00+00:00,12766.453034820135
2030-10-11 19:00:00+00:00,11368.344519108692
2030-10-11 20:00:00+00:00,10037.452943046432
2030-10-11 21:00:00+00:00,6915.93960427955
2030-10-11 22:00:00+00:00,8020.842167362562
2030-10-11 23:00:00+00:00,8107.96100613125
2030-10-12 00:00:00+00:00,9570.819009875207
2030-10-12 01:00:00+00:00,9775.176184118493
2030-10-12 02:00:00+00:00,12984.600895659267
2030-10-12 03:00:00+00:00,13596.586907307585
2030-10-12 04:00:00+00:00,13769.987841723416
2030-10-12 05:00:00+00:00,13605.092900521693
2030-10-12 06:00:00+00:00,13465.528586959905
2030-10-12 07:00:00+00:00,13342.753123603707
2030-10-12 08:00:00+00:00,13228.528375350019
2030-10-12 09:00:00+00:00,13125.190847806232
2030-10-12 10:00:00+00:00,12878.349495833285
2030-10-12 11:00:00+00:00,12761.457508075222
2030-10-12 12:00:00+00:00,12611.757042870966
2030-10-12 13:00:00+00:00,12756.450676601076
2030-10-12 14:00:00+00:00,13152.153360496834
2030-10-12 15:00:00+00:00,13239.480699006024
2030-10-12 16:00:00+00:00,13295.990439172017
2030-10-12 17:00:00+00:00,13337.083310205762
2030-10-12 18:00:00+00:00,13303.854374383303
2030-10-12 19:00:00+00:00,12686.71094808362
2030-10-12 20:00:00+00:00,11271.612309974857
2030-10-12 21:00:00+00:00,8521.019727550296
2030-10-12 22:00:00+00:00,8417.901711856675
2030-10-12 23:00:00+00:00,8554.34632990982
2030-10-13 00:00:00+00:00,7267.81782398373
2030-10-13 01:00:00+00:00,9015.082540018937
2030-10-13 02:00:00+00:00,10410.11440087799
2030-10-13 03:00:00+00:00,12984.272468913718
2030-10-13 04:00:00+00:00,13119.698165185364
2030-10-13 05:00:00+00:00,12990.983117127269
2030-10-13 06:00:00+00:00,12881.989383163915
2030-10-13 07:00:00+00:00,12694.054332324136
2030-10-13 08:00:00+00:00,11855.56107906739
2030-10-13 09:00:00+00:00,12583.237630093196
2030-10-13 10:00:00+00:00,27816.087491787413
2030-10-13 11:00:00+00:00,7498.428164650533
2030-10-13 12:00:00+00:00,29561.51717384966
2030-10-13 13:00:00+00:00,16325.864625478973
2030-10-13 14:00:00+00:00,7446.942747702023
2030-10-13 15:00:00+00:00,8636.225422814778
2030-10-13 16:00:00+00:00,9719.030598236599
2030-10-13 17:00:00+00:00,10069.455247603448
2030-10-13 18:00:00+00:00,10114.785412808938
2030-10-13 19:00:00+00:00,8792.673938612352
2030-10-13 20:00:00+00:00,5849.796115536277
2030-10-13 21:00:00+00:00,5533.61896157721
2030-10-13 22:00:00+00:00,5355.523497506482
2030-10-13 23:00:00+00:00,5489.1717696791975
2030-10-14 00:00:00+00:00,3708.841716363474
2030-10-14 01:00:00+00:00,3914.4350058557093
2030-10-14 02:00:00+00:00,4351.819748765892
2030-10-14 03:00:00+00:00,4912.372148904823
2030-10-14 04:00:00+00:00,5077.39678282315
2030-10-14 05:00:00+00:00,4957.917151664119
2030-10-14 06:00:00+00:00,4778.960191495346
2030-10-14 07:00:00+00:00,4595.959672267184
2030-10-14 08:00:00+00:00,4384.310132939415
2030-10-14 09:00:00+00:00,4225.54746964648
2030-10-14 10:00:00+00:00,4082.356867692004
2030-10-14 11:00:00+00:00,3995.025826037523
2030-10-14 12:00:00+00:00,3957.7656431391474
2030-10-14 13:00:00+00:00,3936.9080513205545
2030-10-14 14:00:00+00:00,3973.7008489991726
2030-10-14 15:00:00+00:00,4001.6417819954077
2030-10-14 16:00:00+00:00,4053.238100069629
2030-10-14 17:00:00+00:00,4090.5728028691
2030-10-14 18:00:00+00:00,4037.5844253671103
2030-10-14 19:00:00+00:00,3818.1601514082877
2030-10-14 20:00:00+00:00,3576.1499650782957
2030-10-14 21:00:00+00:00,3452.579270255842
2030-10-14 22:00:00+00:00,3477.576976246252
2030-10-14 23:00:00+00:00,3537.3932628609605
2030-10-15 00:00:00+00:00,3420.924899505107
2030-10-15 01:00:00+00:00,3600.5374376433797
2030-10-15 02:00:00+00:00,3981.0820286602493
2030-10-15 03:00:00+00:00,4455.547485454011
2030-10-15 04:00:00+00:00,4593.629710298508
2030-10-15 05:00:00+00:00,4500.65106549008
2030-10-15 06:00:00+00:00,4351.8650403394795
2030-10-15 07:00:00+00:00,4201.350270093266
2030-10-15 08:00:00+00:00,4034.8973708831336
2030-10-15 09:00:00+00:00,3908.1659705437273
2030-10-15 10:00:00+00:00,3800.367393477278
2030-10-15 11:00:00+00:00,3738.2024856438816
2030-10-15 12:00:00+00:00,3711.4910936447054
2030-10-15 13:00:00+00:00,3710.012060434718
2030-10-15 14:00:00+00:00,3745.2624407067046
2030-10-15 15:00:00+00:00,3762.5376762037517
2030-10-15 16:00:00+00:00,3803.6970059383625
2030-10-15 17:00:00+00:00,3812.6830957297775
2030-10-15 18:00:00+00:00,3747.681846601722
2030-10-15 19:00:00+00:00,3555.537349368034
2030-10-15 20:00:00+00:00,3344.5820774524263
2030-10-15 21:00:00+00:00,3232.5187669289003
2030-10-15 22:00:00+00:00,3254.362218458458
2030-10-15 23:00:00+00:00,3306.7532703699003
2030-10-16 00:00:00+00:00,3224.0303569806347
2030-10-16 01:00:00+00:00,3383.2677777635654
2030-10-16 02:00:00+00:00,3720.206309874855
2030-10-16 03:00:00+00:00,4145.454470022694
2030-10-16 04:00:00+00:00,4272.710453956904
2030-10-16 05:00:00+00:00,4185.453438452061
2030-10-16 06:00:00+00:00,4048.795516349923
2030-10-16 07:00:00+00:00,3907.919760071023
2030-10-16 08:00:00+00:00,3764.007597718035
2030-10-16 09:00:00+00:00,11115.471149328128
2030-10-16 10:00:00+00:00,23370.90811539091
2030-10-16 11:00:00+00:00,23265.806688083456
2030-10-16 12:00:00+00:00,23233.00512614819
2030-10-16 13:00:00+00:00,23237.540213825152
2030-10-16 14:00:00+00:00,23321.675837261126
2030-10-16 15:00:00+00:00,10760.164169697797
2030-10-16 16:00:00+00:00,3519.6487739511067
2030-10-16 17:00:00+00:00,3541.180065363257
2030-10-16 18:00:00+00:00,3496.5773333228626
2030-10-16 19:00:00+00:00,3336.2028164263634
2030-10-16 20:00:00+00:00,3159.754670699317
2030-10-16 21:00:00+00:00,3069.222991040127
2030-10-16 22:00:00+00:00,3097.308790372031
2030-10-16 23:00:00+00:00,3150.6211361423457
2030-10-17 00:00:00+00:00,3145.879302501472
2030-10-17 01:00:00+00:00,3301.085153605731
2030-10-17 02:00:00+00:00,3625.0039889822383
2030-10-17 03:00:00+00:00,4026.2784694443453
2030-10-17 04:00:00+00:00,4152.100596447667
2030-10-17 05:00:00+00:00,4093.4216926628974
2030-10-17 06:00:00+00:00,3998.1716797796907
2030-10-17 07:00:00+00:00,4552.339304851028
2030-10-17 08:00:00+00:00,8021.25726156368
2030-10-17 09:00:00+00:00,23224.9300232163
2030-10-17 10:00:00+00:00,23109.4793947754
2030-10-17 11:00:00+00:00,23010.277523632187
2030-10-17 12:00:00+00:00,22971.487297572665
2030-10-17 13:00:00+00:00,22970.36144241641
2030-10-17 14:00:00+00:00,19682.437435262094
2030-10-17 15:00:00+00:00,7293.335321919929
2030-10-17 16:00:00+00:00,3374.578450410878
2030-10-17 17:00:00+00:00,3432.141214780509
2030-10-17 18:00:00+00:00,3426.433347831956
2030-10-17 19:00:00+00:00,3291.103315244363
2030-10-17 20:00:00+00:00,3133.9987796786563
2030-10-17 21:00:00+00:00,3058.613211628509
2030-10-17 22:00:00+00:00,3093.257116417193
2030-10-17 23:00:00+00:00,3152.766980132531
2030-10-18 00:00:00+00:00,3685.5101985278843
2030-10-18 01:00:00+00:00,3912.308089033226
2030-10-18 02:00:00+00:00,4356.290286968104
2030-10-18 03:00:00+00:00,4915.981793155711
2030-10-18 04:00:00+00:00,5090.180220812317
2030-10-18 05:00:00+00:00,4981.402378102466
2030-10-18 06:00:00+00:00,4797.011396237698
2030-10-18 07:00:00+00:00,4602.411986600167
2030-10-18 08:00:00+00:00,22970.843734572703
2030-10-18 09:00:00+00:00,24555.240906629704
2030-10-18 10:00:00+00:00,24322.709713693763
2030-10-18 11:00:00+00:00,24170.70486483546
2030-10-18 12:00:00+00:00,24100.950423336883
2030-10-18 13:00:00+00:00,24089.802597846596
2030-10-18 14:00:00+00:00,24188.130260885184
2030-10-18 15:00:00+00:00,22920.897734069677
2030-10-18 16:00:00+00:00,13874.193569821799
2030-10-18 17:00:00+00:00,8950.55399694991
2030-10-18 18:00:00+00:00,14155.117391359861
2030-10-18 19:00:00+00:00,15698.82155509287
2030-10-18 20:00:00+00:00,12915.174314184915
2030-10-18 21:00:00+00:00,11041.232529939376
2030-10-18 22:00:00+00:00,11425.38947324122
2030-10-18 23:00:00+00:00,11067.558544175406
2030-10-19 00:00:00+00:00,11010.974055003324
2030-10-19 01:00:00+00:00,11936.882187758667
2030-10-19 02:00:00+00:00,11211.674786447355
2030-10-19 03:00:00+00:00,9042.493728306703
2030-10-19 04:00:00+00:00,7024.922465954345
2030-10-19 05:00:00+00:00,6463.247704019452
2030-10-19 06:00:00+00:00,6171.348403261595
2030-10-19 07:00:00+00:00,21099.023382593918
2030-10-19 08:00:00+00:00,21017.512756546104
2030-10-19 09:00:00+00:00,20937.195545896913
2030-10-19 10:00:00+00:00,20864.69050733447
2030-10-19 11:00:00+00:00,20837.40616944836
2030-10-19 12:00:00+00:00,20820.908252888028
2030-10-19 13:00:00+00:00,20826.183151548215
2030-10-19 14:00:00+00:00,20864.237626970746
2030-10-19 15:00:00+00:00,20899.602057319546
2030-10-19 16:00:00+00:00,20927.928204780095
2030-10-19 17:00:00+00:00,20962.264782601116
2030-10-19 18:00:00+00:00,20962.72444429527
2030-10-19 19:00:00+00:00,20874.666513866443
2030-10-19 20:00:00+00:00,20740.908129882846
2030-10-19 21:00:00+00:00,20631.77912160554
2030-10-19 22:00:00+00:00,20598.782617801513
2030-10-19 23:00:00+00:00,20616.336334574262
2030-10-20 00:00:00+00:00,20493.221940190233
2030-10-20 01:00:00+00:00,20577.434311564786
2030-10-20 02:00:00+00:00,20736.20323491572
2030-10-20 03:00:00+00:00,20884.587885856792
2030-10-20 04:00:00+00:00,20933.200172930206
2030-10-20 05:00:00+00:00,20884.079714981093
2030-10-20 06:00:00+00:00,20837.47310398434
2030-10-20 07:00:00+00:00,20795.358197559257
2030-10-20 08:00:00+00:00,20746.03261053921
2030-10-20 09:00:00+00:00,20691.67388640655
2030-10-20 10:00:00+00:00,20640.65381267237
2030-10-20 11:00:00+00:00,22135.90423125452
2030-10-20 12:00:00+00:00,28217.66370878584
2030-10-20 13:00:00+00:00,20616.17111576918
2030-10-20 14:00:00+00:00,20644.495774443407
2030-10-20 15:00:00+00:00,20674.20559622263
2030-10-20 16:00:00+00:00,18626.02605503369
2030-10-20 17:00:00+00:00,18717.04444246158
2030-10-20 18:00:00+00:00,19188.18901894462
2030-10-20 19:00:00+00:00,20496.531774991527
2030-10-20 20:00:00+00:00,20493.95738943258
2030-10-20 21:00:00+00:00,20435.806792688556
2030-10-20 22:00:00+00:00,20406.345292933962
2030-10-20 23:00:00+00:00,20434.801518850505
2030-10-21 00:00:00+00:00,20371.6796838084
2030-10-21 01:00:00+00:00,20425.8681733224
2030-10-21 02:00:00+00:00,20554.80571716481
2030-10-21 03:00:00+00:00,20739.83417513158
2030-10-21 04:00:00+00:00,20791.387629680386
2030-10-21 05:00:00+00:00,20752.271670629452
2030-10-21 06:00:00+00:00,20700.528416900543
2030-10-21 07:00:00+00:00,20596.969021029163
2030-10-21 08:00:00+00:00,28109.290148656277
2030-10-21 09:00:00+00:00,39922.0663655591
2030-10-21 10:00:00+00:00,39896.52423035298
2030-10-21 11:00:00+00:00,39888.60494774205
2030-10-21 12:00:00+00:00,39950.207710370945
2030-10-21 13:00:00+00:00,42358.59311678045
2030-10-21 14:00:00+00:00,26549.358104948024
2030-10-21 15:00:00+00:00,20510.84307227643
2030-10-21 16:00:00+00:00,20538.184069543568
2030-10-21 17:00:00+00:00,20560.510751440797
2030-10-21 18:00:00+00:00,20551.21151421483
2030-10-21 19:00:00+00:00,20493.853087869167
2030-10-21 20:00:00+00:00,20426.844433508173
2030-10-21 21:00:00+00:00,27195.79706730711
2030-10-21 22:00:00+00:00,37297.80729295606
2030-10-21 23:00:00+00:00,42788.12096685976
2030-10-22 00:00:00+00:00,43250.627909437346
2030-10-22 01:00:00+00:00,43265.144037049155
2030-10-22 02:00:00+00:00,43299.94433851803
2030-10-22 03:00:00+00:00,43346.434318531734
2030-10-22 04:00:00+00:00,43359.0448935861
2030-10-22 05:00:00+00:00,42307.76719473963
2030-10-22 06:00:00+00:00,38290.627622131535
2030-10-22 07:00:00+00:00,43314.3763177096
2030-10-22 08:00:00+00:00,43282.83181094702
2030-10-22 09:00:00+00:00,43270.99729329265
2030-10-22 10:00:00+00:00,43231.74640784158
2030-10-22 11:00:00+00:00,43218.76457899935
2030-10-22 12:00:00+00:00,43211.9585521322
2030-10-22 13:00:00+00:00,43211.86395250545
2030-10-22 14:00:00+00:00,43216.62495466424
2030-10-22 15:00:00+00:00,43226.2021988327
2030-10-22 16:00:00+00:00,36527.71586292049
2030-10-22 17:00:00+00:00,37974.08178031603
2030-10-22 18:00:00+00:00,43255.20259219181
2030-10-22 19:00:00+00:00,43240.691944443955
2030-10-22 20:00:00+00:00,43222.52373849401
2030-10-22 21:00:00+00:00,43212.94000684659
2030-10-22 22:00:00+00:00,43218.047182812064
2030-10-22 23:00:00+00:00,43225.27759238918
2030-10-23 00:00:00+00:00,43319.519820479574
2030-10-23 01:00:00+00:00,43348.19954128654
2030-10-23 02:00:00+00:00,43409.01819271565
2030-10-23 03:00:00+00:00,43489.084541740434
2030-10-23 04:00:00+00:00,43515.154278552945
2030-10-23 05:00:00+00:00,42939.31872131965
2030-10-23 06:00:00+00:00,38550.21650845269
2030-10-23 07:00:00+00:00,43467.7891824285
2030-10-23 08:00:00+00:00,43434.323627454716
2030-10-23 09:00:00+00:00,43404.045557181584
2030-10-23 10:00:00+00:00,43376.3292484018
2030-10-23 11:00:00+00:00,43360.90408100742
2030-10-23 12:00:00+00:00,43353.23156354254
2030-10-23 13:00:00+00:00,43351.84311778256
2030-10-23 14:00:00+00:00,43359.74138185973
2030-10-23 15:00:00+00:00,34975.9947402294
2030-10-23 16:00:00+00:00,2224.4195798810265
2030-10-23 17:00:00+00:00,2249.233556033095
2030-10-23 18:00:00+00:00,2258.432483463547
2030-10-23 19:00:00+00:00,2240.1358271457248
2030-10-23 20:00:00+00:00,2215.159970328452
2030-10-23 21:00:00+00:00,2205.8173255013635
2030-10-23 22:00:00+00:00,2215.9452511436853
2030-10-23 23:00:00+00:00,2230.4497639544024
2030-10-24 00:00:00+00:00,2817.3346744094924
2030-10-24 01:00:00+00:00,2923.7314097182166
2030-10-24 02:00:00+00:00,3140.8346832421007
2030-10-24 03:00:00+00:00,3412.3476335521914
2030-10-24 04:00:00+00:00,3495.0316871991904
2030-10-24 05:00:00+00:00,3439.9339642305217
2030-10-24 06:00:00+00:00,3357.7045685963885
2030-10-24 07:00:00+00:00,3274.0941818565366
2030-10-24 08:00:00+00:00,3148.8140040138537
2030-10-24 09:00:00+00:00,19343.09131863616
2030-10-24 10:00:00+00:00,19258.228187983892
2030-10-24 11:00:00+00:00,22022.428553250465
2030-10-24 12:00:00+00:00,21985.018948851226
2030-10-24 13:00:00+00:00,19147.124268140724
2030-10-24 14:00:00+00:00,19159.06281440472
2030-10-24 15:00:00+00:00,19176.12080300874
2030-10-24 16:00:00+00:00,19215.120703839264
2030-10-24 17:00:00+00:00,19249.67376087569
2030-10-24 18:00:00+00:00,19226.56191496336
2030-10-24 19:00:00+00:00,19125.959841794014
2030-10-24 20:00:00+00:00,19010.311933920362
2030-10-24 21:00:00+00:00,18945.252466469643
2030-10-24 22:00:00+00:00,18955.304498318055
2030-10-24 23:00:00+00:00,18978.11301217995
2030-10-25 00:00:00+00:00,18434.3375029788
2030-10-25 01:00:00+00:00,20338.8039360565
2030-10-25 02:00:00+00:00,20436.767205542867
2030-10-25 03:00:00+00:00,20578.925241698744
2030-10-25 04:00:00+00:00,20617.597319448352
2030-10-25 05:00:00+00:00,20586.279426757083
2030-10-25 06:00:00+00:00,20551.980512156824
2030-10-25 07:00:00+00:00,20528.033576724793
2030-10-25 08:00:00+00:00,20520.413435300732
2030-10-25 09:00:00+00:00,28537.318395312577
2030-10-25 10:00:00+00:00,21372.84687215715
2030-10-25 11:00:00+00:00,30557.336995279562
2030-10-25 12:00:00+00:00,39667.256306841446
2030-10-25 13:00:00+00:00,39725.257156388994
2030-10-25 14:00:00+00:00,24288.874341566727
2030-10-25 15:00:00+00:00,20391.919358524265
2030-10-25 16:00:00+00:00,20414.624933742554
2030-10-25 17:00:00+00:00,20432.169993139803
2030-10-25 18:00:00+00:00,20425.07989961795
2030-10-25 19:00:00+00:00,20379.70094208448
2030-10-25 20:00:00+00:00,20316.37895785471
2030-10-25 21:00:00+00:00,20265.90660639142
2030-10-25 22:00:00+00:00,20280.007351714354
2030-10-25 23:00:00+00:00,20290.674253744044
2030-10-26 00:00:00+00:00,20215.029804254285
2030-10-26 01:00:00+00:00,20254.124567708892
2030-10-26 02:00:00+00:00,20328.436237158803
2030-10-26 03:00:00+00:00,20385.863838821842
2030-10-26 04:00:00+00:00,20409.099337962198
2030-10-26 05:00:00+00:00,20385.557607590814
2030-10-26 06:00:00+00:00,20364.237832656814
2030-10-26 07:00:00+00:00,20341.482570292257
2030-10-26 08:00:00+00:00,43299.24911074569
2030-10-26 09:00:00+00:00,43266.03010909933
2030-10-26 10:00:00+00:00,43233.14768519209
2030-10-26 11:00:00+00:00,43216.8880272147
2030-10-26 12:00:00+00:00,43208.06682121309
2030-10-26 13:00:00+00:00,43210.598228566494
2030-10-26 14:00:00+00:00,43217.10047521148
2030-10-26 15:00:00+00:00,43227.07164986532
2030-10-26 16:00:00+00:00,43243.399612368594
2030-10-26 17:00:00+00:00,43265.114100339604
2030-10-26 18:00:00+00:00,43275.553995343966
2030-10-26 19:00:00+00:00,43270.723242331376
2030-10-26 20:00:00+00:00,43258.1502938718
2030-10-26 21:00:00+00:00,43251.15374362701
2030-10-26 22:00:00+00:00,43258.01684738029
2030-10-26 23:00:00+00:00,43262.59845181095
2030-10-27 00:00:00+00:00,43502.863365999336
2030-10-27 01:00:00+00:00,43507.843120659905
2030-10-27 02:00:00+00:00,43571.56498408182
2030-10-27 03:00:00+00:00,43672.54488093627
2030-10-27 04:00:00+00:00,43725.43369770747
2030-10-27 05:00:00+00:00,43744.558273825634
2030-10-27 06:00:00+00:00,43715.99820488035
2030-10-27 07:00:00+00:00,43681.538106917025
2030-10-27 08:00:00+00:00,43637.68893535946
2030-10-27 09:00:00+00:00,43596.39622168563
2030-10-27 10:00:00+00:00,43551.1856349334
2030-10-27 11:00:00+00:00,43512.01919780187
2030-10-27 12:00:00+00:00,43510.44229132698
2030-10-27 13:00:00+00:00,43510.857180472725
2030-10-27 14:00:00+00:00,43519.87463488979
2030-10-27 15:00:00+00:00,43541.56978747873
2030-10-27 16:00:00+00:00,43564.15714287093
2030-10-27 17:00:00+00:00,43433.61095859391
2030-10-27 18:00:00+00:00,43603.59512543794
2030-10-27 19:00:00+00:00,43605.42243275614
2030-10-27 20:00:00+00:00,43566.09433062204
2030-10-27 21:00:00+00:00,43514.01671779866
2030-10-27 22:00:00+00:00,43485.71393129107
2030-10-27 23:00:00+00:00,43471.84409702805
2030-10-28 00:00:00+00:00,43704.670401793526
2030-10-28 01:00:00+00:00,43736.79585840389
2030-10-28 02:00:00+00:00,43805.118031232894
2030-10-28 03:00:00+00:00,43954.54620156048
2030-10-28 04:00:00+00:00,44144.82276484696
2030-10-28 05:00:00+00:00,44203.87039023136
2030-10-28 06:00:00+00:00,43929.555992359616
2030-10-28 07:00:00+00:00,44100.616542901815
2030-10-28 08:00:00+00:00,44018.86763774243
2030-10-28 09:00:00+00:00,43941.72234757158
2030-10-28 10:00:00+00:00,43890.28896473132
2030-10-28 11:00:00+00:00,43851.981866468304
2030-10-28 12:00:00+00:00,43836.253527183566
2030-10-28 13:00:00+00:00,43839.092802125204
2030-10-28 14:00:00+00:00,43848.46190339225
2030-10-28 15:00:00+00:00,43882.016133776095
2030-10-28 16:00:00+00:00,37081.9101590192
2030-10-28 17:00:00+00:00,33150.69208632014
2030-10-28 18:00:00+00:00,38005.449805750955
2030-10-28 19:00:00+00:00,43925.32342514325
2030-10-28 20:00:00+00:00,43851.283763810716
2030-10-28 21:00:00+00:00,43768.937888613305
2030-10-28 22:00:00+00:00,43730.50071707711
2030-10-28 23:00:00+00:00,43750.01263428217
2030-10-29 00:00:00+00:00,46111.93311737364
2030-10-29 01:00:00+00:00,46316.26723394614
2030-10-29 02:00:00+00:00,46722.837575966245
2030-10-29 03:00:00+00:00,48181.69244065131
2030-10-29 04:00:00+00:00,52519.330288495796
2030-10-29 05:00:00+00:00,49497.19321254659
2030-10-29 06:00:00+00:00,41269.27079085097
2030-10-29 07:00:00+00:00,42299.254289566656
2030-10-29 08:00:00+00:00,49713.38465485007
2030-10-29 09:00:00+00:00,47887.69763576102
2030-10-29 10:00:00+00:00,47340.38090900137
2030-10-29 11:00:00+00:00,47128.159803807444
2030-10-29 12:00:00+00:00,47016.968211450454
2030-10-29 13:00:00+00:00,46979.75735259494
2030-10-29 14:00:00+00:00,46987.9462253513
2030-10-29 15:00:00+00:00,28367.71332850107
2030-10-29 16:00:00+00:00,6011.894084367367
2030-10-29 17:00:00+00:00,7198.112594398021
2030-10-29 18:00:00+00:00,8046.315975933281
2030-10-29 19:00:00+00:00,8081.841639264809
2030-10-29 20:00:00+00:00,6413.320379556777
2030-10-29 21:00:00+00:00,5227.246131889168
2030-10-29 22:00:00+00:00,4995.85613105866
2030-10-29 23:00:00+00:00,5076.679187230648
2030-10-30 00:00:00+00:00,7501.015029584103
2030-10-30 01:00:00+00:00,8293.407073409506
2030-10-30 02:00:00+00:00,9628.388355864598
2030-10-30 03:00:00+00:00,12800.502324785959
2030-10-30 04:00:00+00:00,13522.368234259558
2030-10-30 05:00:00+00:00,13710.789983918487
2030-10-30 06:00:00+00:00,13573.139392667816
2030-10-30 07:00:00+00:00,13439.018142203817
2030-10-30 08:00:00+00:00,13337.956880037953
2030-10-30 09:00:00+00:00,21517.410718489078
2030-10-30 10:00:00+00:00,37521.66974467947
2030-10-30 11:00:00+00:00,49619.76311349795
2030-10-30 12:00:00+00:00,53176.721771299475
2030-10-30 13:00:00+00:00,35865.18517875997
2030-10-30 14:00:00+00:00,19568.743293356834
2030-10-30 15:00:00+00:00,14169.759893918568
2030-10-30 16:00:00+00:00,12103.73104273707
2030-10-30 17:00:00+00:00,12750.28064484873
2030-10-30 18:00:00+00:00,12969.386143556812
2030-10-30 19:00:00+00:00,12527.042487589173
2030-10-30 20:00:00+00:00,11196.965149222195
2030-10-30 21:00:00+00:00,9920.264781124633
2030-10-30 22:00:00+00:00,6816.538564003046
2030-10-30 23:00:00+00:00,7325.038196532219
2030-10-31 00:00:00+00:00,7726.560974730317
2030-10-31 01:00:00+00:00,8486.247876081616
2030-10-31 02:00:00+00:00,9630.615171544014
2030-10-31 03:00:00+00:00,12803.09527747717
2030-10-31 04:00:00+00:00,13525.573958101284
2030-10-31 05:00:00+00:00,13714.176876612672
2030-10-31 06:00:00+00:00,13576.466839063538
2030-10-31 07:00:00+00:00,13442.26496441132
2030-10-31 08:00:00+00:00,13315.777645086855
2030-10-31 09:00:00+00:00,28121.114348644474
2030-10-31 10:00:00+00:00,40473.45429947979
2030-10-31 11:00:00+00:00,53700.761315481635
2030-10-31 12:00:00+00:00,50620.00308413083
2030-10-31 13:00:00+00:00,35024.16546415716
2030-10-31 14:00:00+00:00,11623.436277647543
2030-10-31 15:00:00+00:00,11846.522550879143
2030-10-31 16:00:00+00:00,12101.243299826998
2030-10-31 17:00:00+00:00,12639.102025198597
2030-10-31 18:00:00+00:00,12766.46946453439
2030-10-31 19:00:00+00:00,12304.75822772479
2030-10-31 20:00:00+00:00,10956.319676943693
2030-10-31 21:00:00+00:00,9645.72518224713
2030-10-31 22:00:00+00:00,6510.324782444875
2030-10-31 23:00:00+00:00,6972.256187561533
2030-11-01 00:00:00+00:00,5398.508056285344
2030-11-01 01:00:00+00:00,5623.708585038896
2030-11-01 02:00:00+00:00,6499.7136847739985
2030-11-01 03:00:00+00:00,8441.857248251767
2030-11-01 04:00:00+00:00,12855.15738326502
2030-11-01 05:00:00+00:00,12996.971209589057
2030-11-01 06:00:00+00:00,12893.51462392938
2030-11-01 07:00:00+00:00,12713.952308743603
2030-11-01 08:00:00+00:00,18736.53921271656
2030-11-01 09:00:00+00:00,16405.862328599276
2030-11-01 10:00:00+00:00,14133.576914536308
2030-11-01 11:00:00+00:00,12936.156456097187
2030-11-01 12:00:00+00:00,12541.461108101124
2030-11-01 13:00:00+00:00,12464.03567163786
2030-11-01 14:00:00+00:00,12495.693825274368
2030-11-01 15:00:00+00:00,6361.189712659636
2030-11-01 16:00:00+00:00,9886.749527714852
2030-11-01 17:00:00+00:00,14787.29298446604
2030-11-01 18:00:00+00:00,15404.049786525367
2030-11-01 19:00:00+00:00,14902.206836585001
2030-11-01 20:00:00+00:00,12316.706351471496
2030-11-01 21:00:00+00:00,12091.440282907586
2030-11-01 22:00:00+00:00,13429.464338108024
2030-11-01 23:00:00+00:00,17737.286797056193
2030-11-02 00:00:00+00:00,16747.911528627425
2030-11-02 01:00:00+00:00,16731.461610364575
2030-11-02 02:00:00+00:00,13341.698183054436
2030-11-02 03:00:00+00:00,7788.2272229225855
2030-11-02 04:00:00+00:00,7273.7695103948045
2030-11-02 05:00:00+00:00,7448.520776349293
2030-11-02 06:00:00+00:00,7242.961505698755
2030-11-02 07:00:00+00:00,7044.135499057761
2030-11-02 08:00:00+00:00,23179.061322828627
2030-11-02 09:00:00+00:00,23858.73213860424
2030-11-02 10:00:00+00:00,31185.565714979763
2030-11-02 11:00:00+00:00,44387.65554619051
2030-11-02 12:00:00+00:00,44376.41681073808
2030-11-02 13:00:00+00:00,44369.513335663636
2030-11-02 14:00:00+00:00,44390.15142581027
2030-11-02 15:00:00+00:00,41366.57955774887
2030-11-02 16:00:00+00:00,25964.82485850935
2030-11-02 17:00:00+00:00,40716.83551388698
2030-11-02 18:00:00+00:00,41038.12204267808
2030-11-02 19:00:00+00:00,41057.40729798014
2030-11-02 20:00:00+00:00,40956.201426535335
2030-11-02 21:00:00+00:00,40811.204683944175
2030-11-02 22:00:00+00:00,44204.60943836275
2030-11-02 23:00:00+00:00,44211.74009507158
2030-11-03 00:00:00+00:00,46071.14604429857
2030-11-03 01:00:00+00:00,46387.8677005974
2030-11-03 02:00:00+00:00,46977.32823264362
2030-11-03 03:00:00+00:00,48927.788080087244
2030-11-03 04:00:00+00:00,50872.23273359085
2030-11-03 05:00:00+00:00,52583.82236610596
2030-11-03 06:00:00+00:00,51641.70522910291
2030-11-03 07:00:00+00:00,50316.67227447831
2030-11-03 08:00:00+00:00,48742.752354815115
2030-11-03 09:00:00+00:00,47481.54978514544
2030-11-03 10:00:00+00:00,47173.9225484605
2030-11-03 11:00:00+00:00,46898.13298279165
2030-11-03 12:00:00+00:00,46873.243631026606
2030-11-03 13:00:00+00:00,46860.03512134895
2030-11-03 14:00:00+00:00,46905.781941341746
2030-11-03 15:00:00+00:00,47080.124421520224
2030-11-03 16:00:00+00:00,28537.506023555077
2030-11-03 17:00:00+00:00,29432.505285366984
2030-11-03 18:00:00+00:00,30150.51722286182
2030-11-03 19:00:00+00:00,29930.48890635535
2030-11-03 20:00:00+00:00,27939.515739774062
2030-11-03 21:00:00+00:00,26778.54671839524
2030-11-03 22:00:00+00:00,25860.94494058703
2030-11-03 23:00:00+00:00,25362.943271082855
2030-11-04 00:00:00+00:00,25928.412657768004
2030-11-04 01:00:00+00:00,26196.91945959245
2030-11-04 02:00:00+00:00,26941.705787630195
2030-11-04 03:00:00+00:00,36325.58790609779
2030-11-04 04:00:00+00:00,35213.394464675686
2030-11-04 05:00:00+00:00,36673.79246452124
2030-11-04 06:00:00+00:00,35853.67290869078
2030-11-04 07:00:00+00:00,34015.13426799949
2030-11-04 08:00:00+00:00,32100.91375635835
2030-11-04 09:00:00+00:00,30133.861440518653
2030-11-04 10:00:00+00:00,29337.909746520552
2030-11-04 11:00:00+00:00,28881.3096941917
2030-11-04 12:00:00+00:00,30070.66757470405
2030-11-04 13:00:00+00:00,32717.010013820964
2030-11-04 14:00:00+00:00,29456.65019696366
2030-11-04 15:00:00+00:00,16765.649471983652
2030-11-04 16:00:00+00:00,13099.758687051119
2030-11-04 17:00:00+00:00,9624.223611619525
2030-11-04 18:00:00+00:00,14723.176949455043
2030-11-04 19:00:00+00:00,15359.13297622427
2030-11-04 20:00:00+00:00,13043.476963924131
2030-11-04 21:00:00+00:00,10657.303149723062
2030-11-04 22:00:00+00:00,9738.540233096253
2030-11-04 23:00:00+00:00,9542.799633180362
2030-11-05 00:00:00+00:00,10185.289668186477
2030-11-05 01:00:00+00:00,10507.489523371984
2030-11-05 02:00:00+00:00,11875.240206980921
2030-11-05 03:00:00+00:00,14829.441460951086
2030-11-05 04:00:00+00:00,20559.576239961356
2030-11-05 05:00:00+00:00,21119.519065696222
2030-11-05 06:00:00+00:00,18549.603279108214
2030-11-05 07:00:00+00:00,18042.219885347225
2030-11-05 08:00:00+00:00,19153.591437637817
2030-11-05 09:00:00+00:00,24986.572306514583
2030-11-05 10:00:00+00:00,31820.24711819493
2030-11-05 11:00:00+00:00,30559.440730042654
2030-11-05 12:00:00+00:00,29525.056284106777
2030-11-05 13:00:00+00:00,29287.561443979517
2030-11-05 14:00:00+00:00,29215.43115424449
2030-11-05 15:00:00+00:00,30108.744208449087
2030-11-05 16:00:00+00:00,18147.474448868794
2030-11-05 17:00:00+00:00,18764.162897870046
2030-11-05 18:00:00+00:00,24258.99459727663
2030-11-05 19:00:00+00:00,28935.99142946304
2030-11-05 20:00:00+00:00,29040.2555658723
2030-11-05 21:00:00+00:00,27198.888275467165
2030-11-05 22:00:00+00:00,26186.83948935353
2030-11-05 23:00:00+00:00,25951.887408298608
2030-11-06 00:00:00+00:00,21853.315959378244
2030-11-06 01:00:00+00:00,21933.28342234679
2030-11-06 02:00:00+00:00,22148.663560641733
2030-11-06 03:00:00+00:00,22689.744401441865
2030-11-06 04:00:00+00:00,23484.68454844558
2030-11-06 05:00:00+00:00,21243.73248415111
2030-11-06 06:00:00+00:00,16414.92887778945
2030-11-06 07:00:00+00:00,17719.845539454123
2030-11-06 08:00:00+00:00,14511.755695509335
2030-11-06 09:00:00+00:00,15763.294873232966
2030-11-06 10:00:00+00:00,22790.392386478095
2030-11-06 11:00:00+00:00,22689.080275903063
2030-11-06 12:00:00+00:00,22618.620624767143
2030-11-06 13:00:00+00:00,22598.96770126929
2030-11-06 14:00:00+00:00,22606.888889887472
2030-11-06 15:00:00+00:00,22684.028422464355
2030-11-06 16:00:00+00:00,11172.556176473818
2030-11-06 17:00:00+00:00,9864.937332467933
2030-11-06 18:00:00+00:00,10040.223144658277
2030-11-06 19:00:00+00:00,13380.269010376269
2030-11-06 20:00:00+00:00,18951.56198617902
2030-11-06 21:00:00+00:00,19705.62674251345
2030-11-06 22:00:00+00:00,21234.159232675385
2030-11-06 23:00:00+00:00,21748.082074395334
2030-11-07 00:00:00+00:00,21708.523809002618
2030-11-07 01:00:00+00:00,21790.806170588574
2030-11-07 02:00:00+00:00,22001.91063384692
2030-11-07 03:00:00+00:00,22517.83799141186
2030-11-07 04:00:00+00:00,20276.534595445002
2030-11-07 05:00:00+00:00,10171.860085044673
2030-11-07 06:00:00+00:00,9219.27479097914
2030-11-07 07:00:00+00:00,9110.030903792236
2030-11-07 08:00:00+00:00,23003.52704633911
2030-11-07 09:00:00+00:00,30347.776498451654
2030-11-07 10:00:00+00:00,40859.96058712092
2030-11-07 11:00:00+00:00,40833.275209746134
2030-11-07 12:00:00+00:00,40852.77779906496
2030-11-07 13:00:00+00:00,38539.867465743024
2030-11-07 14:00:00+00:00,19966.055539107707
2030-11-07 15:00:00+00:00,6361.895934737517
2030-11-07 16:00:00+00:00,3152.5699624372423
2030-11-07 17:00:00+00:00,3203.802650524852
2030-11-07 18:00:00+00:00,3219.042051841294
2030-11-07 19:00:00+00:00,3184.7829387003053
2030-11-07 20:00:00+00:00,3067.136609537981
2030-11-07 21:00:00+00:00,2929.986551339253
2030-11-07 22:00:00+00:00,2861.0076759183994
2030-11-07 23:00:00+00:00,2879.670583708003
2030-11-08 00:00:00+00:00,4116.031670275372
2030-11-08 01:00:00+00:00,4257.253677561924
2030-11-08 02:00:00+00:00,4544.31759300908
2030-11-08 03:00:00+00:00,5138.567084002605
2030-11-08 04:00:00+00:00,5896.9415856261985
2030-11-08 05:00:00+00:00,6121.400763678992
2030-11-08 06:00:00+00:00,5958.501766855583
2030-11-08 07:00:00+00:00,5710.540343539433
2030-11-08 08:00:00+00:00,5448.375378742323
2030-11-08 09:00:00+00:00,8772.806912318787
2030-11-08 10:00:00+00:00,8449.456792746718
2030-11-08 11:00:00+00:00,8222.629773023498
2030-11-08 12:00:00+00:00,8078.625955283241
2030-11-08 13:00:00+00:00,8049.855987473189
2030-11-08 14:00:00+00:00,8091.174787219705
2030-11-08 15:00:00+00:00,8268.386222415233
2030-11-08 16:00:00+00:00,8424.383155114574
2030-11-08 17:00:00+00:00,8591.153770660741
2030-11-08 18:00:00+00:00,8637.85142652608
2030-11-08 19:00:00+00:00,11046.996014622764
2030-11-08 20:00:00+00:00,16386.814216117138
2030-11-08 21:00:00+00:00,15768.06615525132
2030-11-08 22:00:00+00:00,14734.955483444634
2030-11-08 23:00:00+00:00,18619.79298458492
2030-11-09 00:00:00+00:00,16539.102005943303
2030-11-09 01:00:00+00:00,26022.629641039875
2030-11-09 02:00:00+00:00,24509.45683722742
2030-11-09 03:00:00+00:00,21376.466576366794
2030-11-09 04:00:00+00:00,19957.436112920917
2030-11-09 05:00:00+00:00,20503.47942890913
2030-11-09 06:00:00+00:00,19978.029817432216
2030-11-09 07:00:00+00:00,20374.276436319575
2030-11-09 08:00:00+00:00,35267.94100671029
2030-11-09 09:00:00+00:00,34515.847815343615
2030-11-09 10:00:00+00:00,45845.77331320596
2030-11-09 11:00:00+00:00,41744.617562268744
2030-11-09 12:00:00+00:00,35710.61597446484
2030-11-09 13:00:00+00:00,30994.945202256502
2030-11-09 14:00:00+00:00,31601.063336950163
2030-11-09 15:00:00+00:00,32200.826737148756
2030-11-09 16:00:00+00:00,28200.896127203243
2030-11-09 17:00:00+00:00,28222.459547417442
2030-11-09 18:00:00+00:00,29057.7037779106
2030-11-09 19:00:00+00:00,29459.05537935692
2030-11-09 20:00:00+00:00,28272.192042638322
2030-11-09 21:00:00+00:00,24412.187406453166
2030-11-09 22:00:00+00:00,23067.16432108759
2030-11-09 23:00:00+00:00,23289.272053470246
2030-11-10 00:00:00+00:00,23886.70877115141
2030-11-10 01:00:00+00:00,25870.047650307508
2030-11-10 02:00:00+00:00,28806.564827741342
2030-11-10 03:00:00+00:00,31850.927027628306
2030-11-10 04:00:00+00:00,36609.103468620924
2030-11-10 05:00:00+00:00,37184.74380447293
2030-11-10 06:00:00+00:00,36639.44728396833
2030-11-10 07:00:00+00:00,36178.06557331387
2030-11-10 08:00:00+00:00,35530.28313043326
2030-11-10 09:00:00+00:00,34662.905839942214
2030-11-10 10:00:00+00:00,33667.630605626146
2030-11-10 11:00:00+00:00,32671.967718857202
2030-11-10 12:00:00+00:00,32789.13188632481
2030-11-10 13:00:00+00:00,47500.41722613499
2030-11-10 14:00:00+00:00,33503.86698227606
2030-11-10 15:00:00+00:00,12632.700557540775
2030-11-10 16:00:00+00:00,8237.689547660802
2030-11-10 17:00:00+00:00,8426.074245660473
2030-11-10 18:00:00+00:00,9363.87240849689
2030-11-10 19:00:00+00:00,9212.057516791441
2030-11-10 20:00:00+00:00,7691.375161887517
2030-11-10 21:00:00+00:00,6474.593789912713
2030-11-10 22:00:00+00:00,6033.816146961624
2030-11-10 23:00:00+00:00,5876.709599789723
2030-11-11 00:00:00+00:00,7664.564561250942
2030-11-11 01:00:00+00:00,8798.409117069437
2030-11-11 02:00:00+00:00,11073.192917576653
2030-11-11 03:00:00+00:00,14929.565462843737
2030-11-11 04:00:00+00:00,19687.976201887082
2030-11-11 05:00:00+00:00,20726.81375009445
2030-11-11 06:00:00+00:00,19965.851842978816
2030-11-11 07:00:00+00:00,19211.791327295083
2030-11-11 08:00:00+00:00,18556.117660607273
2030-11-11 09:00:00+00:00,23717.48274060859
2030-11-11 10:00:00+00:00,38489.757999679074
2030-11-11 11:00:00+00:00,38205.40363663098
2030-11-11 12:00:00+00:00,37985.95724250922
2030-11-11 13:00:00+00:00,28966.14081770381
2030-11-11 14:00:00+00:00,17028.298430098905
2030-11-11 15:00:00+00:00,17384.950457353232
2030-11-11 16:00:00+00:00,17360.893739602056
2030-11-11 17:00:00+00:00,17007.94286099965
2030-11-11 18:00:00+00:00,17947.331166960346
2030-11-11 19:00:00+00:00,17153.211876348392
2030-11-11 20:00:00+00:00,14737.09133446846
2030-11-11 21:00:00+00:00,12132.226527815908
2030-11-11 22:00:00+00:00,9175.700437975069
2030-11-11 23:00:00+00:00,10633.065482828719
2030-11-12 00:00:00+00:00,7808.950923577459
2030-11-12 01:00:00+00:00,8558.485152766327
2030-11-12 02:00:00+00:00,9696.648165342003
2030-11-12 03:00:00+00:00,14062.756825189146
2030-11-12 04:00:00+00:00,16883.854999870004
2030-11-12 05:00:00+00:00,17620.09400639471
2030-11-12 06:00:00+00:00,17082.153989638377
2030-11-12 07:00:00+00:00,16558.265356454867
2030-11-12 08:00:00+00:00,16036.77907048037
2030-11-12 09:00:00+00:00,15523.866259731407
2030-11-12 10:00:00+00:00,15165.996011849998
2030-11-12 11:00:00+00:00,14940.192923388462
2030-11-12 12:00:00+00:00,14412.585478416218
2030-11-12 13:00:00+00:00,14171.749877980274
2030-11-12 14:00:00+00:00,14149.032967542877
2030-11-12 15:00:00+00:00,7005.321380101202
2030-11-12 16:00:00+00:00,7074.285482901027
2030-11-12 17:00:00+00:00,7140.36464919235
2030-11-12 18:00:00+00:00,7163.4475829214925
2030-11-12 19:00:00+00:00,7100.274976570352
2030-11-12 20:00:00+00:00,6863.123299070181
2030-11-12 21:00:00+00:00,6508.376983566793
2030-11-12 22:00:00+00:00,6164.679283575473
2030-11-12 23:00:00+00:00,6617.089253492119
2030-11-13 00:00:00+00:00,7087.799248353113
2030-11-13 01:00:00+00:00,7807.2626732929875
2030-11-13 02:00:00+00:00,9096.614566822318
2030-11-13 03:00:00+00:00,11192.055417560858
2030-11-13 04:00:00+00:00,7524.945470371235
2030-11-13 05:00:00+00:00,8119.593852935701
2030-11-13 06:00:00+00:00,7580.032294654236
2030-11-13 07:00:00+00:00,7440.544611224455
2030-11-13 08:00:00+00:00,16031.278409877907
2030-11-13 09:00:00+00:00,15078.557736762239
2030-11-13 10:00:00+00:00,15270.051444358305
2030-11-13 11:00:00+00:00,15081.770396149102
2030-11-13 12:00:00+00:00,14678.823960924916
2030-11-13 13:00:00+00:00,13682.47871685211
2030-11-13 14:00:00+00:00,13584.920944981937
2030-11-13 15:00:00+00:00,7046.871103925963
2030-11-13 16:00:00+00:00,7117.119874598125
2030-11-13 17:00:00+00:00,6920.421003162528
2030-11-13 18:00:00+00:00,7207.682035337991
2030-11-13 19:00:00+00:00,7143.208014928311
2030-11-13 20:00:00+00:00,6901.762347380835
2030-11-13 21:00:00+00:00,6540.547650168259
2030-11-13 22:00:00+00:00,6192.8611717674685
2030-11-13 23:00:00+00:00,6061.39046233738
2030-11-14 00:00:00+00:00,6450.892284164921
2030-11-14 01:00:00+00:00,6498.0327801195735
2030-11-14 02:00:00+00:00,6690.589771785579
2030-11-14 03:00:00+00:00,8118.196080326089
2030-11-14 04:00:00+00:00,13606.835750145843
2030-11-14 05:00:00+00:00,14466.258536086149
2030-11-14 06:00:00+00:00,14216.325762504232
2030-11-14 07:00:00+00:00,12052.765683210127
2030-11-14 08:00:00+00:00,20432.844719034252
2030-11-14 09:00:00+00:00,22194.276384884644
2030-11-14 10:00:00+00:00,21798.934769983956
2030-11-14 11:00:00+00:00,21835.177139091276
2030-11-14 12:00:00+00:00,21617.04130820788
2030-11-14 13:00:00+00:00,21258.51860466118
2030-11-14 14:00:00+00:00,21327.230430532654
2030-11-14 15:00:00+00:00,19269.67584941074
2030-11-14 16:00:00+00:00,7601.175389108178
2030-11-14 17:00:00+00:00,5860.136326268237
2030-11-14 18:00:00+00:00,11159.741846349025
2030-11-14 19:00:00+00:00,17789.696625772616
2030-11-14 20:00:00+00:00,16661.21504334965
2030-11-14 21:00:00+00:00,16075.872048219697
2030-11-14 22:00:00+00:00,16456.66836778445
2030-11-14 23:00:00+00:00,15194.726424639743
2030-11-15 00:00:00+00:00,17953.054498810347
2030-11-15 01:00:00+00:00,18159.00623585734
2030-11-15 02:00:00+00:00,18958.62252162734
2030-11-15 03:00:00+00:00,21269.688338231656
2030-11-15 04:00:00+00:00,24696.067606557313
2030-11-15 05:00:00+00:00,21745.477317580742
2030-11-15 06:00:00+00:00,19581.0421000942
2030-11-15 07:00:00+00:00,16788.800721303112
2030-11-15 08:00:00+00:00,24024.53839641621
2030-11-15 09:00:00+00:00,23348.72528585038
2030-11-15 10:00:00+00:00,22866.246372671772
2030-11-15 11:00:00+00:00,22615.62736368792
2030-11-15 12:00:00+00:00,22325.712312301413
2030-11-15 13:00:00+00:00,22261.831500980727
2030-11-15 14:00:00+00:00,22297.844054927707
2030-11-15 15:00:00+00:00,17433.980970429737
2030-11-15 16:00:00+00:00,6786.559723088943
2030-11-15 17:00:00+00:00,6642.503515106793
2030-11-15 18:00:00+00:00,7936.067811919816
2030-11-15 19:00:00+00:00,7881.443836478951
2030-11-15 20:00:00+00:00,7699.942952049523
2030-11-15 21:00:00+00:00,7209.20094091852
2030-11-15 22:00:00+00:00,6737.049040890002
2030-11-15 23:00:00+00:00,6603.109888640631
2030-11-16 00:00:00+00:00,6845.950962369884
2030-11-16 01:00:00+00:00,6949.961346985801
2030-11-16 02:00:00+00:00,7255.566392276979
2030-11-16 03:00:00+00:00,7733.940495332759
2030-11-16 04:00:00+00:00,8166.96252584456
2030-11-16 05:00:00+00:00,8166.960872394763
2030-11-16 06:00:00+00:00,8166.962187347498
2030-11-16 07:00:00+00:00,8166.952644298116
2030-11-16 08:00:00+00:00,8166.77961572348
2030-11-16 09:00:00+00:00,11094.78367550717
2030-11-16 10:00:00+00:00,10177.073598631208
2030-11-16 11:00:00+00:00,9627.188117648455
2030-11-16 12:00:00+00:00,9303.763716936577
2030-11-16 13:00:00+00:00,8555.64245114087
2030-11-16 14:00:00+00:00,8845.359981880118
2030-11-16 15:00:00+00:00,8053.742565119138
2030-11-16 16:00:00+00:00,8071.673406608871
2030-11-16 17:00:00+00:00,4693.160933602801
2030-11-16 18:00:00+00:00,6250.132619002104
2030-11-16 19:00:00+00:00,6362.254961447298
2030-11-16 20:00:00+00:00,5695.606309475619
2030-11-16 21:00:00+00:00,4594.82110753051
2030-11-16 22:00:00+00:00,3649.845111228745
2030-11-16 23:00:00+00:00,3429.6060877180266
2030-11-17 00:00:00+00:00,3320.4046438741843
2030-11-17 01:00:00+00:00,3416.479836229097
2030-11-17 02:00:00+00:00,3699.1699392321184
2030-11-17 03:00:00+00:00,4232.151635227436
2030-11-17 04:00:00+00:00,4798.609202500208
2030-11-17 05:00:00+00:00,4798.506827464649
2030-11-17 06:00:00+00:00,4798.468649374357
2030-11-17 07:00:00+00:00,4794.83730003721
2030-11-17 08:00:00+00:00,4734.306494316979
2030-11-17 09:00:00+00:00,6322.912382540195
2030-11-17 10:00:00+00:00,5833.354221384525
2030-11-17 11:00:00+00:00,5388.238339283158
2030-11-17 12:00:00+00:00,6206.3193634336885
2030-11-17 13:00:00+00:00,5361.315209630826
2030-11-17 14:00:00+00:00,7524.060613116819
2030-11-17 15:00:00+00:00,5817.833710761013
2030-11-17 16:00:00+00:00,4621.867240363069
2030-11-17 17:00:00+00:00,4611.176121963897
2030-11-17 18:00:00+00:00,4616.716147915801
2030-11-17 19:00:00+00:00,4602.428970074017
2030-11-17 20:00:00+00:00,4481.447740481362
2030-11-17 21:00:00+00:00,3972.7495021461973
2030-11-17 22:00:00+00:00,3479.7790521244974
2030-11-17 23:00:00+00:00,3230.192974730395
2030-11-18 00:00:00+00:00,3272.091338014677
2030-11-18 01:00:00+00:00,3323.987796844995
2030-11-18 02:00:00+00:00,3536.0064949065936
2030-11-18 03:00:00+00:00,4160.211251599967
2030-11-18 04:00:00+00:00,4798.468875507851
2030-11-18 05:00:00+00:00,4798.467328194812
2030-11-18 06:00:00+00:00,4798.467788407409
2030-11-18 07:00:00+00:00,4798.469618710108
2030-11-18 08:00:00+00:00,4798.438851554653
2030-11-18 09:00:00+00:00,4694.467664291969
2030-11-18 10:00:00+00:00,4564.338186404227
2030-11-18 11:00:00+00:00,4482.402552065678
2030-11-18 12:00:00+00:00,5505.872251219938
2030-11-18 13:00:00+00:00,4412.285258393514
2030-11-18 14:00:00+00:00,5528.674097630173
2030-11-18 15:00:00+00:00,4545.738103209617
2030-11-18 16:00:00+00:00,4585.5978984953645
2030-11-18 17:00:00+00:00,4591.795159835587
2030-11-18 18:00:00+00:00,4576.33018033863
2030-11-18 19:00:00+00:00,4521.713368059714
2030-11-18 20:00:00+00:00,4347.274323457059
2030-11-18 21:00:00+00:00,3855.750312138505
2030-11-18 22:00:00+00:00,3428.3826064565155
2030-11-18 23:00:00+00:00,5290.670850113916
2030-11-19 00:00:00+00:00,6737.477909823556
2030-11-19 01:00:00+00:00,6792.10337444777
2030-11-19 02:00:00+00:00,7015.136172239859
2030-11-19 03:00:00+00:00,7660.652895993397
2030-11-19 04:00:00+00:00,8166.425345199547
2030-11-19 05:00:00+00:00,8166.41728664705
2030-11-19 06:00:00+00:00,8166.417056286148
2030-11-19 07:00:00+00:00,8166.416490197905
2030-11-19 08:00:00+00:00,8166.570834643332
2030-11-19 09:00:00+00:00,13204.886201869422
2030-11-19 10:00:00+00:00,10809.18895169721
2030-11-19 11:00:00+00:00,9282.189949410365
2030-11-19 12:00:00+00:00,8401.558294416714
2030-11-19 13:00:00+00:00,8244.206511963012
2030-11-19 14:00:00+00:00,8454.466804856353
2030-11-19 15:00:00+00:00,10311.427828974629
2030-11-19 16:00:00+00:00,6089.750292869496
2030-11-19 17:00:00+00:00,6020.271060951527
2030-11-19 18:00:00+00:00,10162.472850258531
2030-11-19 19:00:00+00:00,10750.27022716
2030-11-19 20:00:00+00:00,10548.745616721373
2030-11-19 21:00:00+00:00,7351.357662873298
2030-11-19 22:00:00+00:00,6855.154443191008
2030-11-19 23:00:00+00:00,6667.657227725243
2030-11-20 00:00:00+00:00,7620.380678565188
2030-11-20 01:00:00+00:00,8944.641255830487
2030-11-20 02:00:00+00:00,10928.503626591317
2030-11-20 03:00:00+00:00,13010.914909339452
2030-11-20 04:00:00+00:00,14836.670123668207
2030-11-20 05:00:00+00:00,14836.67117950333
2030-11-20 06:00:00+00:00,14836.685819139944
2030-11-20 07:00:00+00:00,11430.544314857696
2030-11-20 08:00:00+00:00,14837.884003263052
2030-11-20 09:00:00+00:00,14838.214682415686
2030-11-20 10:00:00+00:00,14838.612503760827
2030-11-20 11:00:00+00:00,14629.404468301651
2030-11-20 12:00:00+00:00,14492.351290948425
2030-11-20 13:00:00+00:00,14437.131221689931
2030-11-20 14:00:00+00:00,14407.820861824124
2030-11-20 15:00:00+00:00,14460.629458834434
2030-11-20 16:00:00+00:00,7496.726359750525
2030-11-20 17:00:00+00:00,7567.3756280834905
2030-11-20 18:00:00+00:00,8837.720835525111
2030-11-20 19:00:00+00:00,14108.28177733445
2030-11-20 20:00:00+00:00,11794.024939665158
2030-11-20 21:00:00+00:00,10623.095226123014
2030-11-20 22:00:00+00:00,7341.273589752654
2030-11-20 23:00:00+00:00,7113.083048966381
2030-11-21 00:00:00+00:00,7585.870794299703
2030-11-21 01:00:00+00:00,8854.503145976967
2030-11-21 02:00:00+00:00,10952.214198824411
2030-11-21 03:00:00+00:00,17855.033638541092
2030-11-21 04:00:00+00:00,15132.859659671132
2030-11-21 05:00:00+00:00,14836.630712340013
2030-11-21 06:00:00+00:00,14836.64248953373
2030-11-21 07:00:00+00:00,12601.125178074359
2030-11-21 08:00:00+00:00,14836.547341007645
2030-11-21 09:00:00+00:00,14843.354358602852
2030-11-21 10:00:00+00:00,14846.334010227489
2030-11-21 11:00:00+00:00,14649.862654701275
2030-11-21 12:00:00+00:00,15197.260430356251
2030-11-21 13:00:00+00:00,20687.044113306783
2030-11-21 14:00:00+00:00,20762.326822881427
2030-11-21 15:00:00+00:00,14463.299249539474
2030-11-21 16:00:00+00:00,7498.283554454063
2030-11-21 17:00:00+00:00,7578.914861234983
2030-11-21 18:00:00+00:00,8690.971032744477
2030-11-21 19:00:00+00:00,14182.804304136516
2030-11-21 20:00:00+00:00,11882.070304479843
2030-11-21 21:00:00+00:00,10620.796128186796
2030-11-21 22:00:00+00:00,7338.206769415267
2030-11-21 23:00:00+00:00,7195.523610070682
2030-11-22 00:00:00+00:00,8430.68408178167
2030-11-22 01:00:00+00:00,9761.838061881486
2030-11-22 02:00:00+00:00,11024.173567004227
2030-11-22 03:00:00+00:00,14381.631224657629
2030-11-22 04:00:00+00:00,14837.484080581225
2030-11-22 05:00:00+00:00,14836.3258094462
2030-11-22 06:00:00+00:00,14836.34997022809
2030-11-22 07:00:00+00:00,11879.190358152471
2030-11-22 08:00:00+00:00,14837.466133376834
2030-11-22 09:00:00+00:00,14837.426612822986
2030-11-22 10:00:00+00:00,14837.468893376437
2030-11-22 11:00:00+00:00,14837.473383221026
2030-11-22 12:00:00+00:00,14737.78326298236
2030-11-22 13:00:00+00:00,14680.70643118878
2030-11-22 14:00:00+00:00,14650.56467832644
2030-11-22 15:00:00+00:00,13670.42994628279
2030-11-22 16:00:00+00:00,7791.8758194847
2030-11-22 17:00:00+00:00,7845.734393711794
2030-11-22 18:00:00+00:00,8665.641236412805
2030-11-22 19:00:00+00:00,14398.47636304528
2030-11-22 20:00:00+00:00,12398.792631167658
2030-11-22 21:00:00+00:00,10661.987740406808
2030-11-22 22:00:00+00:00,7449.783668113581
2030-11-22 23:00:00+00:00,8739.08956766727
2030-11-23 00:00:00+00:00,7016.267323449595
2030-11-23 01:00:00+00:00,8479.381775145766
2030-11-23 02:00:00+00:00,10847.180487502572
2030-11-23 03:00:00+00:00,11722.108013643343
2030-11-23 04:00:00+00:00,14836.085482591296
2030-11-23 05:00:00+00:00,14836.164396948441
2030-11-23 06:00:00+00:00,14836.112907468118
2030-11-23 07:00:00+00:00,14836.04899124414
2030-11-23 08:00:00+00:00,14642.469850096208
2030-11-23 09:00:00+00:00,14414.748472177193
2030-11-23 10:00:00+00:00,13752.875788265268
2030-11-23 11:00:00+00:00,12315.857620552411
2030-11-23 12:00:00+00:00,12343.280471306178
2030-11-23 13:00:00+00:00,15659.912170848489
2030-11-23 14:00:00+00:00,15982.224887035547
2030-11-23 15:00:00+00:00,13185.76097686715
2030-11-23 16:00:00+00:00,13540.160192201114
2030-11-23 17:00:00+00:00,13412.26580976625
2030-11-23 18:00:00+00:00,13529.774924246562
2030-11-23 19:00:00+00:00,13290.271541866232
2030-11-23 20:00:00+00:00,11430.393328351198
2030-11-23 21:00:00+00:00,7771.236990778737
2030-11-23 22:00:00+00:00,7201.961728393594
2030-11-23 23:00:00+00:00,6966.2907845900845
2030-11-24 00:00:00+00:00,6779.0119632619935
2030-11-24 01:00:00+00:00,8205.595927438897
2030-11-24 02:00:00+00:00,11345.610112576143
2030-11-24 03:00:00+00:00,15474.931658922245
2030-11-24 04:00:00+00:00,21157.62959633301
2030-11-24 05:00:00+00:00,21828.35470523246
2030-11-24 06:00:00+00:00,21053.61375778239
2030-11-24 07:00:00+00:00,20210.786977650205
2030-11-24 08:00:00+00:00,18837.593843286388
2030-11-24 09:00:00+00:00,17069.881190827575
2030-11-24 10:00:00+00:00,13932.878267224083
2030-11-24 11:00:00+00:00,12117.225918286913
2030-11-24 12:00:00+00:00,11988.87523990279
2030-11-24 13:00:00+00:00,11989.700183968325
2030-11-24 14:00:00+00:00,12172.108428432492
2030-11-24 15:00:00+00:00,8024.779434306175
2030-11-24 16:00:00+00:00,8042.786860745886
2030-11-24 17:00:00+00:00,8031.887803888995
2030-11-24 18:00:00+00:00,8037.689412631019
2030-11-24 19:00:00+00:00,8022.98786858856
2030-11-24 20:00:00+00:00,7913.08603579548
2030-11-24 21:00:00+00:00,7454.8501625329545
2030-11-24 22:00:00+00:00,6945.423187436684
2030-11-24 23:00:00+00:00,6687.551926869829
2030-11-25 00:00:00+00:00,6986.6183394825375
2030-11-25 01:00:00+00:00,7047.227589514057
2030-11-25 02:00:00+00:00,7294.706676767027
2030-11-25 03:00:00+00:00,7860.23621010337
2030-11-25 04:00:00+00:00,8166.921344618683
2030-11-25 05:00:00+00:00,8166.952461388967
2030-11-25 06:00:00+00:00,8166.940512105529
2030-11-25 07:00:00+00:00,8166.8009590830325
2030-11-25 08:00:00+00:00,8166.83431662911
2030-11-25 09:00:00+00:00,8221.633453963505
2030-11-25 10:00:00+00:00,16948.675154989265
2030-11-25 11:00:00+00:00,18853.58073542702
2030-11-25 12:00:00+00:00,18098.470116394277
2030-11-25 13:00:00+00:00,8181.459504210411
2030-11-25 14:00:00+00:00,8182.644631791544
2030-11-25 15:00:00+00:00,8147.3108157429115
2030-11-25 16:00:00+00:00,6785.392418753248
2030-11-25 17:00:00+00:00,6738.300206470726
2030-11-25 18:00:00+00:00,8129.253913247833
2030-11-25 19:00:00+00:00,8065.600440517069
2030-11-25 20:00:00+00:00,7926.784354512346
2030-11-25 21:00:00+00:00,7668.319688243936
2030-11-25 22:00:00+00:00,7116.802076111259
2030-11-25 23:00:00+00:00,6908.300603347692
2030-11-26 00:00:00+00:00,7292.996529351007
2030-11-26 01:00:00+00:00,7362.036641362187
2030-11-26 02:00:00+00:00,7562.913916561472
2030-11-26 03:00:00+00:00,8118.285807836114
2030-11-26 04:00:00+00:00,8166.443590612117
2030-11-26 05:00:00+00:00,8166.434494976384
2030-11-26 06:00:00+00:00,8166.433963508761
2030-11-26 07:00:00+00:00,8166.4334632752725
2030-11-26 08:00:00+00:00,8166.437486451949
2030-11-26 09:00:00+00:00,8166.504172871926
2030-11-26 10:00:00+00:00,21817.5197755819
2030-11-26 11:00:00+00:00,21523.87347238001
2030-11-26 12:00:00+00:00,20681.028758700257
2030-11-26 13:00:00+00:00,8166.504618288511
2030-11-26 14:00:00+00:00,8166.441807713964
2030-11-26 15:00:00+00:00,8166.3121628192
2030-11-26 16:00:00+00:00,7589.232593018365
2030-11-26 17:00:00+00:00,7688.475194875361
2030-11-26 18:00:00+00:00,8166.210629864898
2030-11-26 19:00:00+00:00,8166.16271124666
2030-11-26 20:00:00+00:00,8059.13978991978
2030-11-26 21:00:00+00:00,7756.1819977432615
2030-11-26 22:00:00+00:00,7216.144581867674
2030-11-26 23:00:00+00:00,7203.748166375617
2030-11-27 00:00:00+00:00,7617.421418152302
2030-11-27 01:00:00+00:00,7618.399170254019
2030-11-27 02:00:00+00:00,7767.598746282127
2030-11-27 03:00:00+00:00,8166.113487608841
2030-11-27 04:00:00+00:00,8166.097003269795
2030-11-27 05:00:00+00:00,8505.927891248502
2030-11-27 06:00:00+00:00,8166.067697261618
2030-11-27 07:00:00+00:00,8166.063463635356
2030-11-27 08:00:00+00:00,8166.192796645673
2030-11-27 09:00:00+00:00,8166.221609457011
2030-11-27 10:00:00+00:00,8166.4240908073
2030-11-27 11:00:00+00:00,11977.104847366878
2030-11-27 12:00:00+00:00,8166.440959748784
2030-11-27 13:00:00+00:00,8166.403777964061
2030-11-27 14:00:00+00:00,8166.365040576811
2030-11-27 15:00:00+00:00,4798.470087959786
2030-11-27 16:00:00+00:00,4798.446276879769
2030-11-27 17:00:00+00:00,4798.436353559095
2030-11-27 18:00:00+00:00,4798.431393994638
2030-11-27 19:00:00+00:00,4798.42804660373
2030-11-27 20:00:00+00:00,4798.419552547589
2030-11-27 21:00:00+00:00,4684.75182282179
2030-11-27 22:00:00+00:00,4415.123785260307
2030-11-27 23:00:00+00:00,4149.416778541956
2030-11-28 00:00:00+00:00,4340.994527855434
2030-11-28 01:00:00+00:00,4320.69387033421
2030-11-28 02:00:00+00:00,4476.010250881688
2030-11-28 03:00:00+00:00,6245.246134829158
2030-11-28 04:00:00+00:00,8676.866596218299
2030-11-28 05:00:00+00:00,10187.177335472245
2030-11-28 06:00:00+00:00,9123.524844978114
2030-11-28 07:00:00+00:00,7661.012432218596
2030-11-28 08:00:00+00:00,6777.744280556505
2030-11-28 09:00:00+00:00,5927.20133288771
2030-11-28 10:00:00+00:00,5379.450041401122
2030-11-28 11:00:00+00:00,4933.267927295441
2030-11-28 12:00:00+00:00,4798.47271301673
2030-11-28 13:00:00+00:00,4798.49769345933
2030-11-28 14:00:00+00:00,4798.458997456132
2030-11-28 15:00:00+00:00,4798.459861230941
2030-11-28 16:00:00+00:00,4798.375248673358
2030-11-28 17:00:00+00:00,4798.398659870025
2030-11-28 18:00:00+00:00,4798.438269098903
2030-11-28 19:00:00+00:00,4798.438115615768
2030-11-28 20:00:00+00:00,4798.436957536159
2030-11-28 21:00:00+00:00,4732.289177735197
2030-11-28 22:00:00+00:00,4544.0478530294795
2030-11-28 23:00:00+00:00,4267.19080954956
2030-11-29 00:00:00+00:00,3735.5725504454604
2030-11-29 01:00:00+00:00,3798.8390310910913
2030-11-29 02:00:00+00:00,4057.282925089523
2030-11-29 03:00:00+00:00,4582.54006467135
2030-11-29 04:00:00+00:00,5283.799375567231
2030-11-29 05:00:00+00:00,5783.054533448946
2030-11-29 06:00:00+00:00,5448.5578264423375
2030-11-29 07:00:00+00:00,4798.433928104785
2030-11-29 08:00:00+00:00,8051.759708160776
2030-11-29 09:00:00+00:00,15014.539704894134
2030-11-29 10:00:00+00:00,20813.645600887205
2030-11-29 11:00:00+00:00,20453.59727444147
2030-11-29 12:00:00+00:00,20120.17279420733
2030-11-29 13:00:00+00:00,20044.646659758913
2030-11-29 14:00:00+00:00,20109.467013205332
2030-11-29 15:00:00+00:00,11438.638704169469
2030-11-29 16:00:00+00:00,6856.139004014897
2030-11-29 17:00:00+00:00,6916.461590602045
2030-11-29 18:00:00+00:00,9074.6404413211
2030-11-29 19:00:00+00:00,15491.493547751132
2030-11-29 20:00:00+00:00,19471.659327891557
2030-11-29 21:00:00+00:00,17633.042047128823
2030-11-29 22:00:00+00:00,15520.053310295196
2030-11-29 23:00:00+00:00,14920.106898580887
2030-11-30 00:00:00+00:00,14469.154552424794
2030-11-30 01:00:00+00:00,14859.140888093501
2030-11-30 02:00:00+00:00,16186.37005597505
2030-11-30 03:00:00+00:00,18800.271371264098
2030-11-30 04:00:00+00:00,21740.82491031978
2030-11-30 05:00:00+00:00,22447.61486772735
2030-11-30 06:00:00+00:00,21774.43527781528
2030-11-30 07:00:00+00:00,21204.512014090727
2030-11-30 08:00:00+00:00,20673.860473416888
2030-11-30 09:00:00+00:00,19988.085527786377
2030-11-30 10:00:00+00:00,19351.09765433029
2030-11-30 11:00:00+00:00,18939.53644272396
2030-11-30 12:00:00+00:00,18846.667676528974
2030-11-30 13:00:00+00:00,18845.71403974118
2030-11-30 14:00:00+00:00,19000.409712508845
2030-11-30 15:00:00+00:00,16431.399124967604
2030-11-30 16:00:00+00:00,12346.017330819712
2030-11-30 17:00:00+00:00,12288.574499745047
2030-11-30 18:00:00+00:00,12449.902869475962
2030-11-30 19:00:00+00:00,12292.576481644435
2030-11-30 20:00:00+00:00,10814.70271811164
2030-11-30 21:00:00+00:00,7683.795987119997
2030-11-30 22:00:00+00:00,7137.40775658495
2030-11-30 23:00:00+00:00,6911.712685385298
2030-12-01 00:00:00+00:00,7596.4848013645305
2030-12-01 01:00:00+00:00,9687.73641129319
2030-12-01 02:00:00+00:00,11359.429106221245
2030-12-01 03:00:00+00:00,11902.391105071392
2030-12-01 04:00:00+00:00,14856.029877287398
2030-12-01 05:00:00+00:00,18976.793603466547
2030-12-01 06:00:00+00:00,23179.372208830362
2030-12-01 07:00:00+00:00,22543.22340480218
2030-12-01 08:00:00+00:00,21983.64490002777
2030-12-01 09:00:00+00:00,21459.73976251
2030-12-01 10:00:00+00:00,20764.514870780105
2030-12-01 11:00:00+00:00,18984.303938555113
2030-12-01 12:00:00+00:00,18811.15425400569
2030-12-01 13:00:00+00:00,18714.33794077066
2030-12-01 14:00:00+00:00,12636.573065804372
2030-12-01 15:00:00+00:00,8166.402152624477
2030-12-01 16:00:00+00:00,8166.395860689329
2030-12-01 17:00:00+00:00,8166.38906110097
2030-12-01 18:00:00+00:00,8166.384129105146
2030-12-01 19:00:00+00:00,8166.381701424365
2030-12-01 20:00:00+00:00,8134.65321029267
2030-12-01 21:00:00+00:00,8004.527057410182
2030-12-01 22:00:00+00:00,7440.709219200757
2030-12-01 23:00:00+00:00,7128.707369200657
2030-12-02 00:00:00+00:00,7152.791330461283
2030-12-02 01:00:00+00:00,7217.398243298751
2030-12-02 02:00:00+00:00,7465.605263711105
2030-12-02 03:00:00+00:00,7985.268701593813
2030-12-02 04:00:00+00:00,8166.392838573983
2030-12-02 05:00:00+00:00,8166.373803951692
2030-12-02 06:00:00+00:00,8166.374876991434
2030-12-02 07:00:00+00:00,8166.375970723131
2030-12-02 08:00:00+00:00,8166.394443127703
2030-12-02 09:00:00+00:00,8166.398173048016
2030-12-02 10:00:00+00:00,8166.4264800430465
2030-12-02 11:00:00+00:00,8166.436246953855
2030-12-02 12:00:00+00:00,8166.4368242962
2030-12-02 13:00:00+00:00,8166.412913316253
2030-12-02 14:00:00+00:00,8166.403660764374
2030-12-02 15:00:00+00:00,6880.830020579812
2030-12-02 16:00:00+00:00,4798.4778661148675
2030-12-02 17:00:00+00:00,4798.452366972083
2030-12-02 18:00:00+00:00,4798.442838618265
2030-12-02 19:00:00+00:00,4785.79866577563
2030-12-02 20:00:00+00:00,4638.569566671216
2030-12-02 21:00:00+00:00,4508.894927596898
2030-12-02 22:00:00+00:00,3923.9610802163575
2030-12-02 23:00:00+00:00,3702.902357558022
2030-12-03 00:00:00+00:00,4168.014586319853
2030-12-03 01:00:00+00:00,4195.950074095751
2030-12-03 02:00:00+00:00,4339.604402244402
2030-12-03 03:00:00+00:00,5143.359468288795
2030-12-03 04:00:00+00:00,7016.047201063712
2030-12-03 05:00:00+00:00,7651.697994029942
2030-12-03 06:00:00+00:00,7244.209448646467
2030-12-03 07:00:00+00:00,6409.99175816237
2030-12-03 08:00:00+00:00,5647.885527854198
2030-12-03 09:00:00+00:00,8042.72510056106
2030-12-03 10:00:00+00:00,8166.416022006703
2030-12-03 11:00:00+00:00,8166.467305938089
2030-12-03 12:00:00+00:00,8166.44388115615
2030-12-03 13:00:00+00:00,8166.423476722481
2030-12-03 14:00:00+00:00,8166.182658498902
2030-12-03 15:00:00+00:00,7941.786672257607
2030-12-03 16:00:00+00:00,4798.489742877811
2030-12-03 17:00:00+00:00,4798.452682529847
2030-12-03 18:00:00+00:00,4798.443516978229
2030-12-03 19:00:00+00:00,4798.439495670855
2030-12-03 20:00:00+00:00,4798.427926260924
2030-12-03 21:00:00+00:00,4662.273819996308
2030-12-03 22:00:00+00:00,4327.633125328632
2030-12-03 23:00:00+00:00,4071.6341559229654
2030-12-04 00:00:00+00:00,3959.2166653539966
2030-12-04 01:00:00+00:00,4028.128091295718
2030-12-04 02:00:00+00:00,4205.213302316862
2030-12-04 03:00:00+00:00,4760.607434112026
2030-12-04 04:00:00+00:00,6016.254792237508
2030-12-04 05:00:00+00:00,6579.499720992347
2030-12-04 06:00:00+00:00,6203.852303021437
2030-12-04 07:00:00+00:00,5447.2087147334805
2030-12-04 08:00:00+00:00,8053.816521007584
2030-12-04 09:00:00+00:00,8166.161642304783
2030-12-04 10:00:00+00:00,8166.4126255994015
2030-12-04 11:00:00+00:00,8166.421085837354
2030-12-04 12:00:00+00:00,8166.418973669355
2030-12-04 13:00:00+00:00,8166.416378839067
2030-12-04 14:00:00+00:00,8166.381731582584
2030-12-04 15:00:00+00:00,8166.35934009224
2030-12-04 16:00:00+00:00,7282.2133517561515
2030-12-04 17:00:00+00:00,7399.569673793747
2030-12-04 18:00:00+00:00,8166.199317191629
2030-12-04 19:00:00+00:00,8166.137314204588
2030-12-04 20:00:00+00:00,8083.293274898602
2030-12-04 21:00:00+00:00,7510.050706771734
2030-12-04 22:00:00+00:00,6967.959191911254
2030-12-04 23:00:00+00:00,7124.516718334562
2030-12-05 00:00:00+00:00,6648.395995283593
2030-12-05 01:00:00+00:00,7162.293582160981
2030-12-05 02:00:00+00:00,7423.268513451217
2030-12-05 03:00:00+00:00,7936.889176569308
2030-12-05 04:00:00+00:00,8165.88300529465
2030-12-05 05:00:00+00:00,8165.686666698344
2030-12-05 06:00:00+00:00,8164.815414171146
2030-12-05 07:00:00+00:00,8019.099191345791
2030-12-05 08:00:00+00:00,8166.421305870636
2030-12-05 09:00:00+00:00,20919.190960365897
2030-12-05 10:00:00+00:00,20507.33046695638
2030-12-05 11:00:00+00:00,20168.886597616663
2030-12-05 12:00:00+00:00,19845.245377264102
2030-12-05 13:00:00+00:00,19771.91942198545
2030-12-05 14:00:00+00:00,19835.63412036765
2030-12-05 15:00:00+00:00,16189.33512440027
2030-12-05 16:00:00+00:00,6651.637211210712
2030-12-05 17:00:00+00:00,6725.620266318884
2030-12-05 18:00:00+00:00,7600.921892673526
2030-12-05 19:00:00+00:00,14502.125971305752
2030-12-05 20:00:00+00:00,19194.584145710054
2030-12-05 21:00:00+00:00,17389.198455496648
2030-12-05 22:00:00+00:00,15327.320694120226
2030-12-05 23:00:00+00:00,14547.379088538037
2030-12-06 00:00:00+00:00,14394.38569592057
2030-12-06 01:00:00+00:00,14607.181070922008
2030-12-06 02:00:00+00:00,15479.055784599333
2030-12-06 03:00:00+00:00,18317.828593308383
2030-12-06 04:00:00+00:00,21794.070933367635
2030-12-06 05:00:00+00:00,22592.3201562453
2030-12-06 06:00:00+00:00,14668.259320026307
2030-12-06 07:00:00+00:00,10990.594280448473
2030-12-06 08:00:00+00:00,20873.649946783804
2030-12-06 09:00:00+00:00,20316.748022593387
2030-12-06 10:00:00+00:00,19805.20631141203
2030-12-06 11:00:00+00:00,19924.89611084402
2030-12-06 12:00:00+00:00,19312.562663101126
2030-12-06 13:00:00+00:00,19069.930758392373
2030-12-06 14:00:00+00:00,25105.71701005596
2030-12-06 15:00:00+00:00,8153.7187033903665
2030-12-06 16:00:00+00:00,6266.203419571911
2030-12-06 17:00:00+00:00,6346.482813486569
2030-12-06 18:00:00+00:00,8136.110409679338
2030-12-06 19:00:00+00:00,8073.967575442762
2030-12-06 20:00:00+00:00,7938.290134197297
2030-12-06 21:00:00+00:00,7650.475048254909
2030-12-06 22:00:00+00:00,7111.340422082109
2030-12-06 23:00:00+00:00,6958.511593343962
2030-12-07 00:00:00+00:00,7323.909023428441
2030-12-07 01:00:00+00:00,7407.665216276469
2030-12-07 02:00:00+00:00,7538.168781242046
2030-12-07 03:00:00+00:00,8090.481816711747
2030-12-07 04:00:00+00:00,8166.443982814125
2030-12-07 05:00:00+00:00,8166.443713143246
2030-12-07 06:00:00+00:00,8166.437762736902
2030-12-07 07:00:00+00:00,8166.4372059678035
2030-12-07 08:00:00+00:00,8167.646658823938
2030-12-07 09:00:00+00:00,12080.785840488157
2030-12-07 10:00:00+00:00,21029.24153101114
2030-12-07 11:00:00+00:00,20547.107788161156
2030-12-07 12:00:00+00:00,20464.616064912356
2030-12-07 13:00:00+00:00,18637.500566476585
2030-12-07 14:00:00+00:00,8167.653207872238
2030-12-07 15:00:00+00:00,8166.819278464115
2030-12-07 16:00:00+00:00,8166.84009539711
2030-12-07 17:00:00+00:00,8166.845391470872
2030-12-07 18:00:00+00:00,8166.846084658039
2030-12-07 19:00:00+00:00,8166.846751772863
2030-12-07 20:00:00+00:00,8166.799080801345
2030-12-07 21:00:00+00:00,8047.481991917443
2030-12-07 22:00:00+00:00,7530.197604414593
2030-12-07 23:00:00+00:00,7269.009210861175
2030-12-08 00:00:00+00:00,7494.888335517898
2030-12-08 01:00:00+00:00,7504.431117822033
2030-12-08 02:00:00+00:00,7643.922790901862
2030-12-08 03:00:00+00:00,8166.806028770359
2030-12-08 04:00:00+00:00,8166.859613362788
2030-12-08 05:00:00+00:00,8166.856087144
2030-12-08 06:00:00+00:00,8166.855670618729
2030-12-08 07:00:00+00:00,8166.853733969046
2030-12-08 08:00:00+00:00,8168.369646523111
2030-12-08 09:00:00+00:00,26663.331449867506
2030-12-08 10:00:00+00:00,46544.207586269906
2030-12-08 11:00:00+00:00,52358.80770783679
2030-12-08 12:00:00+00:00,50171.96238759716
2030-12-08 13:00:00+00:00,34988.30202796613
2030-12-08 14:00:00+00:00,20796.363993789477
2030-12-08 15:00:00+00:00,8169.017828092424
2030-12-08 16:00:00+00:00,8166.645807146585
2030-12-08 17:00:00+00:00,8166.645246735032
2030-12-08 18:00:00+00:00,8166.644956248712
2030-12-08 19:00:00+00:00,8166.644771384307
2030-12-08 20:00:00+00:00,8166.643938065396
2030-12-08 21:00:00+00:00,8119.088499687049
2030-12-08 22:00:00+00:00,7713.755160225507
2030-12-08 23:00:00+00:00,7373.834962619845
2030-12-09 00:00:00+00:00,7641.029761391195
2030-12-09 01:00:00+00:00,7621.703536286987
2030-12-09 02:00:00+00:00,7769.5182084039425
2030-12-09 03:00:00+00:00,8166.642831984784
2030-12-09 04:00:00+00:00,8166.645963092024
2030-12-09 05:00:00+00:00,8166.6457084507065
2030-12-09 06:00:00+00:00,8166.645514081027
2030-12-09 07:00:00+00:00,8085.048230426131
2030-12-09 08:00:00+00:00,8166.637351124222
2030-12-09 09:00:00+00:00,23137.616293470415
2030-12-09 10:00:00+00:00,39413.119140694034
2030-12-09 11:00:00+00:00,48063.659181481096
2030-12-09 12:00:00+00:00,43048.342164431895
2030-12-09 13:00:00+00:00,23484.334315863787
2030-12-09 14:00:00+00:00,8166.743711851702
2030-12-09 15:00:00+00:00,8166.399461549075
2030-12-09 16:00:00+00:00,7962.684436836559
2030-12-09 17:00:00+00:00,8032.691856874697
2030-12-09 18:00:00+00:00,8166.313542667817
2030-12-09 19:00:00+00:00,8166.251643328087
2030-12-09 20:00:00+00:00,8166.167464108146
2030-12-09 21:00:00+00:00,8080.263047626208
2030-12-09 22:00:00+00:00,7811.225100954215
2030-12-09 23:00:00+00:00,7547.685112916827
2030-12-10 00:00:00+00:00,7639.691914832533
2030-12-10 01:00:00+00:00,6776.383346249863
2030-12-10 02:00:00+00:00,4401.295886667585
2030-12-10 03:00:00+00:00,5224.420146181094
2030-12-10 04:00:00+00:00,7139.132385428763
2030-12-10 05:00:00+00:00,7789.210735083356
2030-12-10 06:00:00+00:00,7368.293423651292
2030-12-10 07:00:00+00:00,6517.669624305402
2030-12-10 08:00:00+00:00,8061.640283372728
2030-12-10 09:00:00+00:00,9684.505936897398
2030-12-10 10:00:00+00:00,25353.61926315433
2030-12-10 11:00:00+00:00,33267.50016940506
2030-12-10 12:00:00+00:00,27386.451594708735
2030-12-10 13:00:00+00:00,15901.52709890564
2030-12-10 14:00:00+00:00,8166.425653709664
2030-12-10 15:00:00+00:00,8166.423042381398
2030-12-10 16:00:00+00:00,7938.013837215789
2030-12-10 17:00:00+00:00,8025.481086969417
2030-12-10 18:00:00+00:00,8166.4076674005455
2030-12-10 19:00:00+00:00,8166.4039903609455
2030-12-10 20:00:00+00:00,8166.387378221283
2030-12-10 21:00:00+00:00,8082.182726423504
2030-12-10 22:00:00+00:00,7812.221537356637
2030-12-10 23:00:00+00:00,7548.717953321634
2030-12-11 00:00:00+00:00,7511.004738937576
2030-12-11 01:00:00+00:00,7539.612838335971
2030-12-11 02:00:00+00:00,7680.19748126043
2030-12-11 03:00:00+00:00,8166.364083328859
2030-12-11 04:00:00+00:00,8166.387312332613
2030-12-11 05:00:00+00:00,8166.385610043092
2030-12-11 06:00:00+00:00,8166.385392563191
2030-12-11 07:00:00+00:00,8060.616627603939
2030-12-11 08:00:00+00:00,8166.400193675801
2030-12-11 09:00:00+00:00,22412.39327829571
2030-12-11 10:00:00+00:00,39585.70511649907
2030-12-11 11:00:00+00:00,44190.824363068095
2030-12-11 12:00:00+00:00,34538.60939369194
2030-12-11 13:00:00+00:00,21387.393280745688
2030-12-11 14:00:00+00:00,8166.424489039764
2030-12-11 15:00:00+00:00,8166.421827901407
2030-12-11 16:00:00+00:00,7553.826811167462
2030-12-11 17:00:00+00:00,7707.573940098102
2030-12-11 18:00:00+00:00,8166.41186726448
2030-12-11 19:00:00+00:00,8166.408789994378
2030-12-11 20:00:00+00:00,8166.394641083608
2030-12-11 21:00:00+00:00,8031.940642589762
2030-12-11 22:00:00+00:00,7667.51372212055
2030-12-11 23:00:00+00:00,7417.094994973414
2030-12-12 00:00:00+00:00,7549.913541005911
2030-12-12 01:00:00+00:00,7561.0173794364555
2030-12-12 02:00:00+00:00,7703.385275948373
2030-12-12 03:00:00+00:00,8166.375933623859
2030-12-12 04:00:00+00:00,8166.396067663031
2030-12-12 05:00:00+00:00,8166.394751742327
2030-12-12 06:00:00+00:00,8166.394178420534
2030-12-12 07:00:00+00:00,8166.395119894022
2030-12-12 08:00:00+00:00,8166.3926951211015
2030-12-12 09:00:00+00:00,8166.419866893802
2030-12-12 10:00:00+00:00,8166.416697772072
2030-12-12 11:00:00+00:00,13082.841668184754
2030-12-12 12:00:00+00:00,11836.678823666007
2030-12-12 13:00:00+00:00,8166.428462501375
2030-12-12 14:00:00+00:00,8166.42270603306
2030-12-12 15:00:00+00:00,8166.420226058424
2030-12-12 16:00:00+00:00,7662.801999227066
2030-12-12 17:00:00+00:00,7799.69087969404
2030-12-12 18:00:00+00:00,8036.490377846025
2030-12-12 19:00:00+00:00,8166.4070245761695
2030-12-12 20:00:00+00:00,8166.391789886422
2030-12-12 21:00:00+00:00,8048.305191915077
2030-12-12 22:00:00+00:00,7708.862761723556
2030-12-12 23:00:00+00:00,7455.259488304224
2030-12-13 00:00:00+00:00,7502.298167834907
2030-12-13 01:00:00+00:00,7531.985285980594
2030-12-13 02:00:00+00:00,7671.661223784654
2030-12-13 03:00:00+00:00,8166.371191872868
2030-12-13 04:00:00+00:00,8166.394339658228
2030-12-13 05:00:00+00:00,8166.393945862734
2030-12-13 06:00:00+00:00,8166.390993394466
2030-12-13 07:00:00+00:00,8166.390202079545
2030-12-13 08:00:00+00:00,8166.390041108185
2030-12-13 09:00:00+00:00,12625.85037327854
2030-12-13 10:00:00+00:00,15098.500671605841
2030-12-13 11:00:00+00:00,14805.154449902566
2030-12-13 12:00:00+00:00,14136.97329994851
2030-12-13 13:00:00+00:00,11629.272390897138
2030-12-13 14:00:00+00:00,11680.038694513893
2030-12-13 15:00:00+00:00,8166.846344009021
2030-12-13 16:00:00+00:00,7496.875942274663
2030-12-13 17:00:00+00:00,7595.72634394058
2030-12-13 18:00:00+00:00,8166.8898180714505
2030-12-13 19:00:00+00:00,8166.887552477085
2030-12-13 20:00:00+00:00,8166.854294357424
2030-12-13 21:00:00+00:00,8032.482260875166
2030-12-13 22:00:00+00:00,7658.873821712086
2030-12-13 23:00:00+00:00,7472.168389767534
2030-12-14 00:00:00+00:00,7139.339853621503
2030-12-14 01:00:00+00:00,7228.946002677492
2030-12-14 02:00:00+00:00,7857.807259854509
2030-12-14 03:00:00+00:00,9221.505698102606
2030-12-14 04:00:00+00:00,11776.740178535954
2030-12-14 05:00:00+00:00,12263.880749107393
2030-12-14 06:00:00+00:00,8166.91932230867
2030-12-14 07:00:00+00:00,8166.914366212081
2030-12-14 08:00:00+00:00,11571.859130107157
2030-12-14 09:00:00+00:00,24928.094563225237
2030-12-14 10:00:00+00:00,24303.127801391955
2030-12-14 11:00:00+00:00,26870.189597016662
2030-12-14 12:00:00+00:00,30032.99334125787
2030-12-14 13:00:00+00:00,24590.82176469599
2030-12-14 14:00:00+00:00,27902.708614432955
2030-12-14 15:00:00+00:00,19562.8764324679
2030-12-14 16:00:00+00:00,16251.807164909314
2030-12-14 17:00:00+00:00,15164.734717217692
2030-12-14 18:00:00+00:00,18000.649285929543
2030-12-14 19:00:00+00:00,20167.47151235485
2030-12-14 20:00:00+00:00,21681.881866642412
2030-12-14 21:00:00+00:00,21285.685613149995
2030-12-14 22:00:00+00:00,25159.115285002183
2030-12-14 23:00:00+00:00,27858.571566458544
2030-12-15 00:00:00+00:00,31522.70518536306
2030-12-15 01:00:00+00:00,35530.43677649934
2030-12-15 02:00:00+00:00,36940.15257672597
2030-12-15 03:00:00+00:00,39280.57029792833
2030-12-15 04:00:00+00:00,33686.17709288961
2030-12-15 05:00:00+00:00,29938.048690271673
2030-12-15 06:00:00+00:00,25958.819785341482
2030-12-15 07:00:00+00:00,25415.602262950088
2030-12-15 08:00:00+00:00,40222.87397452462
2030-12-15 09:00:00+00:00,55951.48378418058
2030-12-15 10:00:00+00:00,55671.290463308345
2030-12-15 11:00:00+00:00,55523.136709348895
2030-12-15 12:00:00+00:00,55529.32986983964
2030-12-15 13:00:00+00:00,55527.337544571354
2030-12-15 14:00:00+00:00,55542.471633176276
2030-12-15 15:00:00+00:00,38769.05457220013
2030-12-15 16:00:00+00:00,31967.258285202595
2030-12-15 17:00:00+00:00,29486.30655161891
2030-12-15 18:00:00+00:00,30773.478048458364
2030-12-15 19:00:00+00:00,34563.520125367795
2030-12-15 20:00:00+00:00,38111.210256336744
2030-12-15 21:00:00+00:00,36344.24358051026
2030-12-15 22:00:00+00:00,34685.76512852116
2030-12-15 23:00:00+00:00,34174.96471666844
2030-12-16 00:00:00+00:00,33886.72924268134
2030-12-16 01:00:00+00:00,36677.15002801691
2030-12-16 02:00:00+00:00,38503.91768303678
2030-12-16 03:00:00+00:00,37656.881918635445
2030-12-16 04:00:00+00:00,40147.70477793576
2030-12-16 05:00:00+00:00,36319.411256773354
2030-12-16 06:00:00+00:00,26463.96796237535
2030-12-16 07:00:00+00:00,23383.947200119354
2030-12-16 08:00:00+00:00,38575.77706180617
2030-12-16 09:00:00+00:00,55661.372631250255
2030-12-16 10:00:00+00:00,55425.78575429231
2030-12-16 11:00:00+00:00,55345.18472254499
2030-12-16 12:00:00+00:00,55279.448728340554
2030-12-16 13:00:00+00:00,55263.491609884775
2030-12-16 14:00:00+00:00,55292.2704381094
2030-12-16 15:00:00+00:00,29957.79492351412
2030-12-16 16:00:00+00:00,7585.408716949265
2030-12-16 17:00:00+00:00,6213.42285943565
2030-12-16 18:00:00+00:00,10892.550702579518
2030-12-16 19:00:00+00:00,17638.68302345765
2030-12-16 20:00:00+00:00,21876.373085556763
2030-12-16 21:00:00+00:00,20730.1685906727
2030-12-16 22:00:00+00:00,18047.99148924677
2030-12-16 23:00:00+00:00,17003.42263025811
2030-12-17 00:00:00+00:00,17451.11923779556
2030-12-17 01:00:00+00:00,17452.326468572923
2030-12-17 02:00:00+00:00,19394.21428963428
2030-12-17 03:00:00+00:00,21157.8877449361
2030-12-17 04:00:00+00:00,24606.96695400048
2030-12-17 05:00:00+00:00,22060.40688981589
2030-12-17 06:00:00+00:00,11886.222902419071
2030-12-17 07:00:00+00:00,8166.4087492636845
2030-12-17 08:00:00+00:00,22489.860388997924
2030-12-17 09:00:00+00:00,22863.18310580744
2030-12-17 10:00:00+00:00,29741.877237999073
2030-12-17 11:00:00+00:00,35822.18229189047
2030-12-17 12:00:00+00:00,32199.71880996078
2030-12-17 13:00:00+00:00,35690.78143300315
2030-12-17 14:00:00+00:00,14037.65808229042
2030-12-17 15:00:00+00:00,14140.048891304938
2030-12-17 16:00:00+00:00,7078.852769759936
2030-12-17 17:00:00+00:00,5365.118644354688
2030-12-17 18:00:00+00:00,10024.681998772181
2030-12-17 19:00:00+00:00,14192.343526753251
2030-12-17 20:00:00+00:00,13946.557595227185
2030-12-17 21:00:00+00:00,12726.341363306909
2030-12-17 22:00:00+00:00,12155.905776269936
2030-12-17 23:00:00+00:00,10100.016456601938
2030-12-18 00:00:00+00:00,8572.33878128361
2030-12-18 01:00:00+00:00,9331.711220415433
2030-12-18 02:00:00+00:00,10104.701535645414
2030-12-18 03:00:00+00:00,13365.397048000885
2030-12-18 04:00:00+00:00,14319.670711900686
2030-12-18 05:00:00+00:00,14746.654616918226
2030-12-18 06:00:00+00:00,13648.230894244496
2030-12-18 07:00:00+00:00,9126.659707586165
2030-12-18 08:00:00+00:00,15546.98541546926
2030-12-18 09:00:00+00:00,25733.68406426361
2030-12-18 10:00:00+00:00,34955.11705508499
2030-12-18 11:00:00+00:00,35336.755135798965
2030-12-18 12:00:00+00:00,41781.19801400536
2030-12-18 13:00:00+00:00,49240.25313009154
2030-12-18 14:00:00+00:00,38788.425822570774
2030-12-18 15:00:00+00:00,19443.968773239958
2030-12-18 16:00:00+00:00,6141.449609975311
2030-12-18 17:00:00+00:00,6254.346267982871
2030-12-18 18:00:00+00:00,11166.940791527019
2030-12-18 19:00:00+00:00,23328.260803870777
2030-12-18 20:00:00+00:00,31628.183904207723
2030-12-18 21:00:00+00:00,29862.049648531145
2030-12-18 22:00:00+00:00,25727.617262454485
2030-12-18 23:00:00+00:00,26268.06122404642
2030-12-19 00:00:00+00:00,27311.131430007168
2030-12-19 01:00:00+00:00,28759.3007401667
2030-12-19 02:00:00+00:00,33343.03064550292
2030-12-19 03:00:00+00:00,48220.97908282251
2030-12-19 04:00:00+00:00,46928.5750476369
2030-12-19 05:00:00+00:00,36037.69153792171
2030-12-19 06:00:00+00:00,22174.253385766093
2030-12-19 07:00:00+00:00,13208.482833617803
2030-12-19 08:00:00+00:00,16787.803678768585
2030-12-19 09:00:00+00:00,24377.88852043439
2030-12-19 10:00:00+00:00,31839.375892855813
2030-12-19 11:00:00+00:00,35736.72711406561
2030-12-19 12:00:00+00:00,35189.631646519694
2030-12-19 13:00:00+00:00,27478.252088193687
2030-12-19 14:00:00+00:00,20562.398994386826
2030-12-19 15:00:00+00:00,14898.386585732405
2030-12-19 16:00:00+00:00,6392.816025177627
2030-12-19 17:00:00+00:00,5286.414940343661
2030-12-19 18:00:00+00:00,8510.407650594389
2030-12-19 19:00:00+00:00,15129.383514970126
2030-12-19 20:00:00+00:00,19166.014832655368
2030-12-19 21:00:00+00:00,16686.060720109595
2030-12-19 22:00:00+00:00,13943.311382480391
2030-12-19 23:00:00+00:00,12565.620177412602
2030-12-20 00:00:00+00:00,18717.225734035826
2030-12-20 01:00:00+00:00,18937.534329879436
2030-12-20 02:00:00+00:00,19825.325575474024
2030-12-20 03:00:00+00:00,22550.297702651107
2030-12-20 04:00:00+00:00,25882.540800924646
2030-12-20 05:00:00+00:00,26178.683527907873
2030-12-20 06:00:00+00:00,16723.21971579354
2030-12-20 07:00:00+00:00,12886.637787048
2030-12-20 08:00:00+00:00,18804.45537242048
2030-12-20 09:00:00+00:00,40099.3473049491
2030-12-20 10:00:00+00:00,47066.43885226872
2030-12-20 11:00:00+00:00,49468.10577482393
2030-12-20 12:00:00+00:00,48341.707641627276
2030-12-20 13:00:00+00:00,44990.71744553496
2030-12-20 14:00:00+00:00,40334.905970507025
2030-12-20 15:00:00+00:00,22461.517156901675
2030-12-20 16:00:00+00:00,7098.616478001791
2030-12-20 17:00:00+00:00,6938.357653899818
2030-12-20 18:00:00+00:00,11192.166263305413
2030-12-20 19:00:00+00:00,16855.675066281026
2030-12-20 20:00:00+00:00,21560.863523575394
2030-12-20 21:00:00+00:00,20575.008986452103
2030-12-20 22:00:00+00:00,22356.94237081973
2030-12-20 23:00:00+00:00,27515.76109192297
2030-12-21 00:00:00+00:00,30144.976901776132
2030-12-21 01:00:00+00:00,33488.91766995395
2030-12-21 02:00:00+00:00,36943.78874460855
2030-12-21 03:00:00+00:00,39331.27225924186
2030-12-21 04:00:00+00:00,39443.78140073974
2030-12-21 05:00:00+00:00,37094.23187827723
2030-12-21 06:00:00+00:00,35475.563080549415
2030-12-21 07:00:00+00:00,39171.4003693493
2030-12-21 08:00:00+00:00,48227.19382926493
2030-12-21 09:00:00+00:00,56023.02639353763
2030-12-21 10:00:00+00:00,55966.79089458921
2030-12-21 11:00:00+00:00,55620.801214717125
2030-12-21 12:00:00+00:00,55646.00172844443
2030-12-21 13:00:00+00:00,55640.92402295617
2030-12-21 14:00:00+00:00,55703.66835649139
2030-12-21 15:00:00+00:00,43743.299563090666
2030-12-21 16:00:00+00:00,33893.7489906377
2030-12-21 17:00:00+00:00,33381.606606068875
2030-12-21 18:00:00+00:00,36404.11341553163
2030-12-21 19:00:00+00:00,40958.97065133443
2030-12-21 20:00:00+00:00,44358.55037324368
2030-12-21 21:00:00+00:00,42291.64457487831
2030-12-21 22:00:00+00:00,43063.19435884147
2030-12-21 23:00:00+00:00,46925.00069526007
2030-12-22 00:00:00+00:00,47783.601504867875
2030-12-22 01:00:00+00:00,50760.27774898881
2030-12-22 02:00:00+00:00,51346.08581354547
2030-12-22 03:00:00+00:00,54600.80182862378
2030-12-22 04:00:00+00:00,55274.58211470705
2030-12-22 05:00:00+00:00,55465.99657284972
2030-12-22 06:00:00+00:00,54154.25828584273
2030-12-22 07:00:00+00:00,51441.832009777056
2030-12-22 08:00:00+00:00,54996.20730509114
2030-12-22 09:00:00+00:00,54869.286019483276
2030-12-22 10:00:00+00:00,54755.467028831015
2030-12-22 11:00:00+00:00,53955.44407749183
2030-12-22 12:00:00+00:00,53816.34919898991
2030-12-22 13:00:00+00:00,53722.72206366758
2030-12-22 14:00:00+00:00,53887.13213220102
2030-12-22 15:00:00+00:00,44828.923409748066
2030-12-22 16:00:00+00:00,34058.44327295405
2030-12-22 17:00:00+00:00,32559.185156257212
2030-12-22 18:00:00+00:00,34181.851650927194
2030-12-22 19:00:00+00:00,38159.11587978668
2030-12-22 20:00:00+00:00,42176.50669414515
2030-12-22 21:00:00+00:00,41419.87970982514
2030-12-22 22:00:00+00:00,43867.173252392335
2030-12-22 23:00:00+00:00,48637.65540415789
2030-12-23 00:00:00+00:00,48295.866964816174
2030-12-23 01:00:00+00:00,49012.595376052464
2030-12-23 02:00:00+00:00,50331.0785483056
2030-12-23 03:00:00+00:00,53477.00627197811
2030-12-23 04:00:00+00:00,52218.20740650799
2030-12-23 05:00:00+00:00,44404.983920969986
2030-12-23 06:00:00+00:00,34917.16162771104
2030-12-23 07:00:00+00:00,30055.469032347664
2030-12-23 08:00:00+00:00,39875.30702874444
2030-12-23 09:00:00+00:00,54723.8399899083
2030-12-23 10:00:00+00:00,54599.30298562012
2030-12-23 11:00:00+00:00,53789.153291762705
2030-12-23 12:00:00+00:00,53270.56588435687
2030-12-23 13:00:00+00:00,53069.71000072559
2030-12-23 14:00:00+00:00,53011.594117931265
2030-12-23 15:00:00+00:00,41255.33734849039
2030-12-23 16:00:00+00:00,27449.294089814484
2030-12-23 17:00:00+00:00,26918.801014320627
2030-12-23 18:00:00+00:00,31265.149870209512
2030-12-23 19:00:00+00:00,37600.690841082855
2030-12-23 20:00:00+00:00,42681.03002284436
2030-12-23 21:00:00+00:00,41959.50216111141
2030-12-23 22:00:00+00:00,44951.35018363915
2030-12-23 23:00:00+00:00,47602.457299248024
2030-12-24 00:00:00+00:00,46575.80290824197
2030-12-24 01:00:00+00:00,46760.69098086074
2030-12-24 02:00:00+00:00,47156.20144341727
2030-12-24 03:00:00+00:00,48724.51156316511
2030-12-24 04:00:00+00:00,52649.01011694442
2030-12-24 05:00:00+00:00,45646.5708553088
2030-12-24 06:00:00+00:00,36847.06149042377
2030-12-24 07:00:00+00:00,31571.50869789275
2030-12-24 08:00:00+00:00,34406.33580275254
2030-12-24 09:00:00+00:00,41241.558021991834
2030-12-24 10:00:00+00:00,42856.72350803005
2030-12-24 11:00:00+00:00,42794.32284221964
2030-12-24 12:00:00+00:00,43389.1575269148
2030-12-24 13:00:00+00:00,42426.930762534685
2030-12-24 14:00:00+00:00,39957.77696167175
2030-12-24 15:00:00+00:00,34332.52220976779
2030-12-24 16:00:00+00:00,27830.761627598447
2030-12-24 17:00:00+00:00,29326.479673476657
2030-12-24 18:00:00+00:00,34716.074645252054
2030-12-24 19:00:00+00:00,40849.21560170408
2030-12-24 20:00:00+00:00,45269.05354286756
2030-12-24 21:00:00+00:00,44947.59541802612
2030-12-24 22:00:00+00:00,46366.732475494064
2030-12-24 23:00:00+00:00,46403.7175238497
2030-12-25 00:00:00+00:00,49222.63023140565
2030-12-25 01:00:00+00:00,50088.538666081884
2030-12-25 02:00:00+00:00,51385.592302291196
2030-12-25 03:00:00+00:00,54666.02672887162
2030-12-25 04:00:00+00:00,54242.315692001874
2030-12-25 05:00:00+00:00,42866.572395896175
2030-12-25 06:00:00+00:00,33024.55384448622
2030-12-25 07:00:00+00:00,28276.500848155105
2030-12-25 08:00:00+00:00,32121.01984581985
2030-12-25 09:00:00+00:00,48178.81789673491
2030-12-25 10:00:00+00:00,55019.8942089223
2030-12-25 11:00:00+00:00,54947.95839483079
2030-12-25 12:00:00+00:00,54892.69778760556
2030-12-25 13:00:00+00:00,50219.57824913002
2030-12-25 14:00:00+00:00,19127.766182796964
2030-12-25 15:00:00+00:00,13817.74742838452
2030-12-25 16:00:00+00:00,13901.48036670599
2030-12-25 17:00:00+00:00,13981.47016536906
2030-12-25 18:00:00+00:00,14009.570423121859
2030-12-25 19:00:00+00:00,13933.12976345791
2030-12-25 20:00:00+00:00,12975.034146873137
2030-12-25 21:00:00+00:00,11491.88733586506
2030-12-25 22:00:00+00:00,9792.934238307424
2030-12-25 23:00:00+00:00,8764.543964051412
2030-12-26 00:00:00+00:00,13271.983332901302
2030-12-26 01:00:00+00:00,13333.32579326717
2030-12-26 02:00:00+00:00,13611.496340633395
2030-12-26 03:00:00+00:00,14499.926312977701
2030-12-26 04:00:00+00:00,14851.333792316573
2030-12-26 05:00:00+00:00,14863.940632322548
2030-12-26 06:00:00+00:00,20868.70247488479
2030-12-26 07:00:00+00:00,21070.380813239586
2030-12-26 08:00:00+00:00,20527.651809468898
2030-12-26 09:00:00+00:00,19993.03600564183
2030-12-26 10:00:00+00:00,19616.300534578542
2030-12-26 11:00:00+00:00,20688.507589257242
2030-12-26 12:00:00+00:00,22399.587591402902
2030-12-26 13:00:00+00:00,18971.185782531058
2030-12-26 14:00:00+00:00,19028.70505277336
2030-12-26 15:00:00+00:00,19368.8088298343
2030-12-26 16:00:00+00:00,12246.951487332912
2030-12-26 17:00:00+00:00,11502.818617722736
2030-12-26 18:00:00+00:00,15416.623650890544
2030-12-26 19:00:00+00:00,19470.289096651904
2030-12-26 20:00:00+00:00,18385.47692269653
2030-12-26 21:00:00+00:00,16669.817515150775
2030-12-26 22:00:00+00:00,16236.41539837205
2030-12-26 23:00:00+00:00,23540.582924177805
2030-12-27 00:00:00+00:00,32294.626985077048
2030-12-27 01:00:00+00:00,35916.920728860656
2030-12-27 02:00:00+00:00,38927.302545360784
2030-12-27 03:00:00+00:00,42753.75457910498
2030-12-27 04:00:00+00:00,43982.11013355522
2030-12-27 05:00:00+00:00,40283.94370611103
2030-12-27 06:00:00+00:00,37741.2919993127
2030-12-27 07:00:00+00:00,33278.893251561305
2030-12-27 08:00:00+00:00,41390.07966916199
2030-12-27 09:00:00+00:00,54842.01474694784
2030-12-27 10:00:00+00:00,55005.14477084619
2030-12-27 11:00:00+00:00,54935.29485981855
2030-12-27 12:00:00+00:00,54878.41987868739
2030-12-27 13:00:00+00:00,54842.16320192657
2030-12-27 14:00:00+00:00,53789.02959864677
2030-12-27 15:00:00+00:00,39145.17793984858
2030-12-27 16:00:00+00:00,23582.882621053202
2030-12-27 17:00:00+00:00,23010.946152556466
2030-12-27 18:00:00+00:00,26627.914782783573
2030-12-27 19:00:00+00:00,32724.22065248195
2030-12-27 20:00:00+00:00,37262.19350542412
2030-12-27 21:00:00+00:00,36903.37362169809
2030-12-27 22:00:00+00:00,40689.20626707855
2030-12-27 23:00:00+00:00,45925.969748816366
2030-12-28 00:00:00+00:00,46293.64914278516
2030-12-28 01:00:00+00:00,47073.5266504724
2030-12-28 02:00:00+00:00,45287.47401112414
2030-12-28 03:00:00+00:00,43345.827254098025
2030-12-28 04:00:00+00:00,41367.17571784647
2030-12-28 05:00:00+00:00,39709.95329382226
2030-12-28 06:00:00+00:00,36880.21686564495
2030-12-28 07:00:00+00:00,32723.144140601835
2030-12-28 08:00:00+00:00,32071.45906417058
2030-12-28 09:00:00+00:00,37023.524243830616
2030-12-28 10:00:00+00:00,36383.190222770296
2030-12-28 11:00:00+00:00,36502.87478200694
2030-12-28 12:00:00+00:00,41050.62129456032
2030-12-28 13:00:00+00:00,43568.806560342025
2030-12-28 14:00:00+00:00,40806.13802631378
2030-12-28 15:00:00+00:00,28525.83702135539
2030-12-28 16:00:00+00:00,18687.078175999563
2030-12-28 17:00:00+00:00,17803.586009654235
2030-12-28 18:00:00+00:00,20502.500294313973
2030-12-28 19:00:00+00:00,24750.169625992272
2030-12-28 20:00:00+00:00,28140.951245609253
2030-12-28 21:00:00+00:00,25993.84908141821
2030-12-28 22:00:00+00:00,27720.791808393966
2030-12-28 23:00:00+00:00,30117.4319120061
2030-12-29 00:00:00+00:00,30806.897954963184
2030-12-29 01:00:00+00:00,31879.7126633691
2030-12-29 02:00:00+00:00,33442.16144438471
2030-12-29 03:00:00+00:00,34630.822529235986
2030-12-29 04:00:00+00:00,39001.338069039746
2030-12-29 05:00:00+00:00,39673.63771564569
2030-12-29 06:00:00+00:00,39689.80148349976
2030-12-29 07:00:00+00:00,39315.764905070995
2030-12-29 08:00:00+00:00,39698.95295802186
2030-12-29 09:00:00+00:00,51561.80210076914
2030-12-29 10:00:00+00:00,52757.489916576655
2030-12-29 11:00:00+00:00,52754.48685937603
2030-12-29 12:00:00+00:00,52282.78016868736
2030-12-29 13:00:00+00:00,50285.10356142849
2030-12-29 14:00:00+00:00,40319.728431411495
2030-12-29 15:00:00+00:00,38881.5650686443
2030-12-29 16:00:00+00:00,20823.43074941832
2030-12-29 17:00:00+00:00,18572.090516768174
2030-12-29 18:00:00+00:00,19577.81911781423
2030-12-29 19:00:00+00:00,23241.92316023344
2030-12-29 20:00:00+00:00,26619.15402149113
2030-12-29 21:00:00+00:00,25192.143241335445
2030-12-29 22:00:00+00:00,27021.364124307558
2030-12-29 23:00:00+00:00,31145.881937617192
2030-12-30 00:00:00+00:00,33503.173298759306
2030-12-30 01:00:00+00:00,36111.98311749149
2030-12-30 02:00:00+00:00,38613.90441565766
2030-12-30 03:00:00+00:00,39589.416036563576
2030-12-30 04:00:00+00:00,38605.201193694586
2030-12-30 05:00:00+00:00,31652.155219351538
2030-12-30 06:00:00+00:00,25259.468673428582
2030-12-30 07:00:00+00:00,20917.259718213758
2030-12-30 08:00:00+00:00,38461.300763735795
2030-12-30 09:00:00+00:00,55908.284167288955
2030-12-30 10:00:00+00:00,56022.89946815862
2030-12-30 11:00:00+00:00,56022.95069597007
2030-12-30 12:00:00+00:00,56003.46679652507
2030-12-30 13:00:00+00:00,55909.58053601402
2030-12-30 14:00:00+00:00,50474.621383747406
2030-12-30 15:00:00+00:00,25429.23732089706
2030-12-30 16:00:00+00:00,11867.194752736561
2030-12-30 17:00:00+00:00,11235.70682662105
2030-12-30 18:00:00+00:00,15793.307692520331
2030-12-30 19:00:00+00:00,22247.230161918993
2030-12-30 20:00:00+00:00,26986.727992144974
2030-12-30 21:00:00+00:00,25467.786125786763
2030-12-30 22:00:00+00:00,27001.701214701654
2030-12-30 23:00:00+00:00,31367.197164142075
2030-12-31 00:00:00+00:00,32528.721003726336
2030-12-31 01:00:00+00:00,35062.70607833137
2030-12-31 02:00:00+00:00,37557.03040577352
2030-12-31 03:00:00+00:00,39040.727011166666
2030-12-31 04:00:00+00:00,39686.957384113004
2030-12-31 05:00:00+00:00,36028.78132735567
2030-12-31 06:00:00+00:00,31644.41741246477
2030-12-31 07:00:00+00:00,29717.111645988294
2030-12-31 08:00:00+00:00,42126.537052310625
2030-12-31 09:00:00+00:00,56002.237389339556
2030-12-31 10:00:00+00:00,56022.92464124541
2030-12-31 11:00:00+00:00,55949.256121116996
2030-12-31 12:00:00+00:00,55836.40360637943
2030-12-31 13:00:00+00:00,55685.141074619576
2030-12-31 14:00:00+00:00,55657.359786649686
2030-12-31 15:00:00+00:00,40126.764755571756
2030-12-31 16:00:00+00:00,19896.77197349824
2030-12-31 17:00:00+00:00,19958.475665268274
2030-12-31 18:00:00+00:00,23261.963380380053
2030-12-31 19:00:00+00:00,27903.034361075595
2030-12-31 20:00:00+00:00,30569.412151542878
2030-12-31 21:00:00+00:00,27277.727977742914
2030-12-31 22:00:00+00:00,27846.804611972457
2030-12-31 23:00:00+00:00,30049.549451022227
