2040-01-01 00:00:00+00:00,39125.892471417515
2040-01-01 01:00:00+00:00,38959.46505411013
2040-01-01 02:00:00+00:00,39011.511005355824
2040-01-01 03:00:00+00:00,40136.93956608094
2040-01-01 04:00:00+00:00,42553.79599525579
2040-01-01 05:00:00+00:00,44418.25263240976
2040-01-01 06:00:00+00:00,45002.526564251195
2040-01-01 07:00:00+00:00,44876.79362696926
2040-01-01 08:00:00+00:00,44757.78698314914
2040-01-01 09:00:00+00:00,44747.589675967225
2040-01-01 10:00:00+00:00,44735.095937745384
2040-01-01 11:00:00+00:00,44726.637400048305
2040-01-01 12:00:00+00:00,44935.428607534486
2040-01-01 13:00:00+00:00,45053.148927926544
2040-01-01 14:00:00+00:00,45790.482134105
2040-01-01 15:00:00+00:00,46969.36622492278
2040-01-01 16:00:00+00:00,48182.10626084565
2040-01-01 17:00:00+00:00,48411.713981448236
2040-01-01 18:00:00+00:00,47324.0254461939
2040-01-01 19:00:00+00:00,45865.97089361203
2040-01-01 20:00:00+00:00,44291.779456866585
2040-01-01 21:00:00+00:00,42458.632918197996
2040-01-01 22:00:00+00:00,40402.25577740041
2040-01-01 23:00:00+00:00,39289.87604552193
2040-01-02 00:00:00+00:00,39125.90178020765
2040-01-02 01:00:00+00:00,38890.96032838774
2040-01-02 02:00:00+00:00,39257.98850838925
2040-01-02 03:00:00+00:00,40629.682503340155
2040-01-02 04:00:00+00:00,43695.753033947134
2040-01-02 05:00:00+00:00,46448.27018699629
2040-01-02 06:00:00+00:00,48519.04932092462
2040-01-02 07:00:00+00:00,49859.11382581761
2040-01-02 08:00:00+00:00,50341.90732571117
2040-01-02 09:00:00+00:00,50023.55895657796
2040-01-02 10:00:00+00:00,49695.85817699255
2040-01-02 11:00:00+00:00,49989.31029235166
2040-01-02 12:00:00+00:00,50252.904396463506
2040-01-02 13:00:00+00:00,50377.44453072402
2040-01-02 14:00:00+00:00,50723.19285334316
2040-01-02 15:00:00+00:00,51613.71859305742
2040-01-02 16:00:00+00:00,52528.87020675166
2040-01-02 17:00:00+00:00,51966.6685731926
2040-01-02 18:00:00+00:00,50291.762888508616
2040-01-02 19:00:00+00:00,48614.66307092115
2040-01-02 20:00:00+00:00,46626.971113628664
2040-01-02 21:00:00+00:00,44356.63678011662
2040-01-02 22:00:00+00:00,42000.713263527854
2040-01-02 23:00:00+00:00,40674.47174870355
2040-01-03 00:00:00+00:00,38515.2207801161
2040-01-03 01:00:00+00:00,38259.50479286067
2040-01-03 02:00:00+00:00,38540.280550906515
2040-01-03 03:00:00+00:00,39345.507373880166
2040-01-03 04:00:00+00:00,41612.99117457296
2040-01-03 05:00:00+00:00,44091.42362076695
2040-01-03 06:00:00+00:00,46301.43543125536
2040-01-03 07:00:00+00:00,47930.0265039544
2040-01-03 08:00:00+00:00,48433.33909576471
2040-01-03 09:00:00+00:00,48339.179113182145
2040-01-03 10:00:00+00:00,47888.89714986383
2040-01-03 11:00:00+00:00,47873.42770884873
2040-01-03 12:00:00+00:00,47966.719287827975
2040-01-03 13:00:00+00:00,47954.04087770767
2040-01-03 14:00:00+00:00,48417.364678278136
2040-01-03 15:00:00+00:00,49405.70555056736
2040-01-03 16:00:00+00:00,50329.345951402946
2040-01-03 17:00:00+00:00,49924.3323143276
2040-01-03 18:00:00+00:00,48282.85315617021
2040-01-03 19:00:00+00:00,46811.71018938235
2040-01-03 20:00:00+00:00,45025.44773067435
2040-01-03 21:00:00+00:00,43067.283294670706
2040-01-03 22:00:00+00:00,41173.58284049724
2040-01-03 23:00:00+00:00,39690.47207102943
2040-01-04 00:00:00+00:00,39382.09124576718
2040-01-04 01:00:00+00:00,38889.54312337022
2040-01-04 02:00:00+00:00,38930.97887717422
2040-01-04 03:00:00+00:00,39842.56423970152
2040-01-04 04:00:00+00:00,41942.88192438021
2040-01-04 05:00:00+00:00,44313.89840060247
2040-01-04 06:00:00+00:00,46574.22250221486
2040-01-04 07:00:00+00:00,48192.52762856663
2040-01-04 08:00:00+00:00,48972.55041162365
2040-01-04 09:00:00+00:00,48959.53298460545
2040-01-04 10:00:00+00:00,48577.93299818372
2040-01-04 11:00:00+00:00,48548.90159848388
2040-01-04 12:00:00+00:00,48541.0024826048
2040-01-04 13:00:00+00:00,48533.243967158545
2040-01-04 14:00:00+00:00,48800.14810514004
2040-01-04 15:00:00+00:00,49277.67747531056
2040-01-04 16:00:00+00:00,50439.09897103864
2040-01-04 17:00:00+00:00,50199.58407313527
2040-01-04 18:00:00+00:00,48692.63352906732
2040-01-04 19:00:00+00:00,47340.82225858585
2040-01-04 20:00:00+00:00,45461.7024711165
2040-01-04 21:00:00+00:00,43438.50533136866
2040-01-04 22:00:00+00:00,41446.410870100284
2040-01-04 23:00:00+00:00,40135.63494352837
2040-01-05 00:00:00+00:00,40007.99586402494
2040-01-05 01:00:00+00:00,39599.0866007455
2040-01-05 02:00:00+00:00,39799.57174224481
2040-01-05 03:00:00+00:00,40820.28872406071
2040-01-05 04:00:00+00:00,42646.459028714744
2040-01-05 05:00:00+00:00,44420.03767761714
2040-01-05 06:00:00+00:00,45947.54051523306
2040-01-05 07:00:00+00:00,48240.80345983909
2040-01-05 08:00:00+00:00,49669.34236677078
2040-01-05 09:00:00+00:00,50339.15999145359
2040-01-05 10:00:00+00:00,50144.90971977679
2040-01-05 11:00:00+00:00,50082.74396217813
2040-01-05 12:00:00+00:00,49948.17058509293
2040-01-05 13:00:00+00:00,49796.34527769529
2040-01-05 14:00:00+00:00,49555.79665409825
2040-01-05 15:00:00+00:00,49944.87880814643
2040-01-05 16:00:00+00:00,50926.19705230959
2040-01-05 17:00:00+00:00,50556.20575882306
2040-01-05 18:00:00+00:00,49072.17108054132
2040-01-05 19:00:00+00:00,47636.0259549833
2040-01-05 20:00:00+00:00,45750.29254148893
2040-01-05 21:00:00+00:00,43664.87211948088
2040-01-05 22:00:00+00:00,41750.869684798075
2040-01-05 23:00:00+00:00,40447.47150860929
2040-01-06 00:00:00+00:00,39695.03891581207
2040-01-06 01:00:00+00:00,39169.644461459255
2040-01-06 02:00:00+00:00,39349.96568632007
2040-01-06 03:00:00+00:00,40309.71423682293
2040-01-06 04:00:00+00:00,41750.60076852572
2040-01-06 05:00:00+00:00,42586.909699681986
2040-01-06 06:00:00+00:00,43313.74309700135
2040-01-06 07:00:00+00:00,44466.12072125875
2040-01-06 08:00:00+00:00,45905.18636311279
2040-01-06 09:00:00+00:00,46943.80740262508
2040-01-06 10:00:00+00:00,47287.39487643462
2040-01-06 11:00:00+00:00,47413.07318258402
2040-01-06 12:00:00+00:00,47565.36863930557
2040-01-06 13:00:00+00:00,47757.404517885305
2040-01-06 14:00:00+00:00,47708.60322583894
2040-01-06 15:00:00+00:00,48220.10829650192
2040-01-06 16:00:00+00:00,49395.07868386035
2040-01-06 17:00:00+00:00,49683.11087647836
2040-01-06 18:00:00+00:00,48613.374128684234
2040-01-06 19:00:00+00:00,47328.43836142164
2040-01-06 20:00:00+00:00,45579.45327860135
2040-01-06 21:00:00+00:00,43569.755133995925
2040-01-06 22:00:00+00:00,41728.694747853566
2040-01-06 23:00:00+00:00,40412.555546197575
2040-01-07 00:00:00+00:00,40059.67684514677
2040-01-07 01:00:00+00:00,39705.099990093135
2040-01-07 02:00:00+00:00,40006.227526296854
2040-01-07 03:00:00+00:00,41035.74929639502
2040-01-07 04:00:00+00:00,43463.87119904699
2040-01-07 05:00:00+00:00,45277.78696804821
2040-01-07 06:00:00+00:00,46063.82185736808
2040-01-07 07:00:00+00:00,46515.626596400034
2040-01-07 08:00:00+00:00,46847.10230908162
2040-01-07 09:00:00+00:00,47168.72229484836
2040-01-07 10:00:00+00:00,47145.38934337811
2040-01-07 11:00:00+00:00,46848.828910141056
2040-01-07 12:00:00+00:00,46636.218998991506
2040-01-07 13:00:00+00:00,46630.09057686164
2040-01-07 14:00:00+00:00,46982.319233866496
2040-01-07 15:00:00+00:00,48555.93362346503
2040-01-07 16:00:00+00:00,50485.7865034999
2040-01-07 17:00:00+00:00,50957.04791799343
2040-01-07 18:00:00+00:00,49482.39570682711
2040-01-07 19:00:00+00:00,48162.30245724242
2040-01-07 20:00:00+00:00,46389.6439795031
2040-01-07 21:00:00+00:00,44316.727459065514
2040-01-07 22:00:00+00:00,42237.65753498353
2040-01-07 23:00:00+00:00,40970.76476212117
2040-01-08 00:00:00+00:00,40610.09562793725
2040-01-08 01:00:00+00:00,40143.52070383698
2040-01-08 02:00:00+00:00,40483.12749580979
2040-01-08 03:00:00+00:00,41869.76235220884
2040-01-08 04:00:00+00:00,44659.857746866044
2040-01-08 05:00:00+00:00,47459.363555202945
2040-01-08 06:00:00+00:00,50503.324161615164
2040-01-08 07:00:00+00:00,52841.25832434389
2040-01-08 08:00:00+00:00,53366.548585037905
2040-01-08 09:00:00+00:00,52827.57904195073
2040-01-08 10:00:00+00:00,52195.53540594083
2040-01-08 11:00:00+00:00,51688.31969377692
2040-01-08 12:00:00+00:00,51015.213695828745
2040-01-08 13:00:00+00:00,50621.33040400474
2040-01-08 14:00:00+00:00,51072.74618118218
2040-01-08 15:00:00+00:00,53115.07862595927
2040-01-08 16:00:00+00:00,54838.777467461434
2040-01-08 17:00:00+00:00,54513.12287197681
2040-01-08 18:00:00+00:00,52801.238054031885
2040-01-08 19:00:00+00:00,51121.60879701095
2040-01-08 20:00:00+00:00,49055.77878369141
2040-01-08 21:00:00+00:00,46636.297605706975
2040-01-08 22:00:00+00:00,44043.26836935418
2040-01-08 23:00:00+00:00,42544.21454087881
2040-01-09 00:00:00+00:00,42075.397811511146
2040-01-09 01:00:00+00:00,41653.891455984434
2040-01-09 02:00:00+00:00,41855.19213249001
2040-01-09 03:00:00+00:00,43222.02389427173
2040-01-09 04:00:00+00:00,46167.91274817957
2040-01-09 05:00:00+00:00,49200.45507738571
2040-01-09 06:00:00+00:00,52271.64346954455
2040-01-09 07:00:00+00:00,54149.392102138576
2040-01-09 08:00:00+00:00,54373.13980318831
2040-01-09 09:00:00+00:00,52621.362301202455
2040-01-09 10:00:00+00:00,51218.791331938664
2040-01-09 11:00:00+00:00,50525.27352585411
2040-01-09 12:00:00+00:00,50111.69127743682
2040-01-09 13:00:00+00:00,50320.039589923756
2040-01-09 14:00:00+00:00,51208.99646746661
2040-01-09 15:00:00+00:00,53236.84663850551
2040-01-09 16:00:00+00:00,55356.687628677566
2040-01-09 17:00:00+00:00,55216.50268592111
2040-01-09 18:00:00+00:00,53647.28688736395
2040-01-09 19:00:00+00:00,51946.82211542642
2040-01-09 20:00:00+00:00,49879.22407660406
2040-01-09 21:00:00+00:00,47379.65033346233
2040-01-09 22:00:00+00:00,44749.53535048989
2040-01-09 23:00:00+00:00,42946.478184232146
2040-01-10 00:00:00+00:00,42907.43186650425
2040-01-10 01:00:00+00:00,42418.73694038317
2040-01-10 02:00:00+00:00,42789.98238730519
2040-01-10 03:00:00+00:00,44349.494618845354
2040-01-10 04:00:00+00:00,47803.206232469354
2040-01-10 05:00:00+00:00,50804.420172255835
2040-01-10 06:00:00+00:00,53709.669755775765
2040-01-10 07:00:00+00:00,55735.61360192153
2040-01-10 08:00:00+00:00,55708.02339322054
2040-01-10 09:00:00+00:00,54283.559077124
2040-01-10 10:00:00+00:00,52867.76221757489
2040-01-10 11:00:00+00:00,51825.801064423504
2040-01-10 12:00:00+00:00,51495.86071329557
2040-01-10 13:00:00+00:00,51799.08907186436
2040-01-10 14:00:00+00:00,52639.880317073716
2040-01-10 15:00:00+00:00,54642.56345790594
2040-01-10 16:00:00+00:00,56759.875083166684
2040-01-10 17:00:00+00:00,56695.7207102171
2040-01-10 18:00:00+00:00,54972.48007452993
2040-01-10 19:00:00+00:00,53125.165882985406
2040-01-10 20:00:00+00:00,50816.68789883811
2040-01-10 21:00:00+00:00,48241.3811782461
2040-01-10 22:00:00+00:00,45325.97738598318
2040-01-10 23:00:00+00:00,43473.71587211585
2040-01-11 00:00:00+00:00,44664.605849086576
2040-01-11 01:00:00+00:00,44371.08660816922
2040-01-11 02:00:00+00:00,44900.9136698415
2040-01-11 03:00:00+00:00,47059.19584751321
2040-01-11 04:00:00+00:00,51470.607012079
2040-01-11 05:00:00+00:00,54722.83222674749
2040-01-11 06:00:00+00:00,57511.76120799717
2040-01-11 07:00:00+00:00,59385.34470775473
2040-01-11 08:00:00+00:00,59439.14152162104
2040-01-11 09:00:00+00:00,58066.50432257494
2040-01-11 10:00:00+00:00,57078.81618520749
2040-01-11 11:00:00+00:00,56832.672757161265
2040-01-11 12:00:00+00:00,56822.16867873927
2040-01-11 13:00:00+00:00,57180.929709583375
2040-01-11 14:00:00+00:00,57660.06192361373
2040-01-11 15:00:00+00:00,58716.868436147895
2040-01-11 16:00:00+00:00,59825.24976050449
2040-01-11 17:00:00+00:00,59443.21001862337
2040-01-11 18:00:00+00:00,57885.939859465376
2040-01-11 19:00:00+00:00,55999.192814292255
2040-01-11 20:00:00+00:00,53298.20376138717
2040-01-11 21:00:00+00:00,49976.00690674585
2040-01-11 22:00:00+00:00,46839.139962958834
2040-01-11 23:00:00+00:00,45065.09910985347
2040-01-12 00:00:00+00:00,44893.426391001616
2040-01-12 01:00:00+00:00,44618.610721264915
2040-01-12 02:00:00+00:00,45325.16890867015
2040-01-12 03:00:00+00:00,47540.68557754702
2040-01-12 04:00:00+00:00,51056.209916530206
2040-01-12 05:00:00+00:00,53509.39851724626
2040-01-12 06:00:00+00:00,55536.8598312455
2040-01-12 07:00:00+00:00,57989.18851742504
2040-01-12 08:00:00+00:00,59224.12442525986
2040-01-12 09:00:00+00:00,58939.660933109
2040-01-12 10:00:00+00:00,58192.21544542172
2040-01-12 11:00:00+00:00,57398.47752751029
2040-01-12 12:00:00+00:00,57028.495393782025
2040-01-12 13:00:00+00:00,56711.318027287096
2040-01-12 14:00:00+00:00,56738.95451600106
2040-01-12 15:00:00+00:00,57470.13305363074
2040-01-12 16:00:00+00:00,58704.28067273857
2040-01-12 17:00:00+00:00,58629.38037962029
2040-01-12 18:00:00+00:00,57283.12055366129
2040-01-12 19:00:00+00:00,55591.56676317045
2040-01-12 20:00:00+00:00,52980.66653287889
2040-01-12 21:00:00+00:00,49881.370770345304
2040-01-12 22:00:00+00:00,46974.09753589107
2040-01-12 23:00:00+00:00,45178.42624415194
2040-01-13 00:00:00+00:00,44926.57224263542
2040-01-13 01:00:00+00:00,44506.1873822057
2040-01-13 02:00:00+00:00,45275.58076549019
2040-01-13 03:00:00+00:00,47776.7478057217
2040-01-13 04:00:00+00:00,51181.144224483774
2040-01-13 05:00:00+00:00,52592.00321161117
2040-01-13 06:00:00+00:00,52818.150029595265
2040-01-13 07:00:00+00:00,53898.95495748382
2040-01-13 08:00:00+00:00,55123.32529553952
2040-01-13 09:00:00+00:00,55880.99199871319
2040-01-13 10:00:00+00:00,56038.73457737028
2040-01-13 11:00:00+00:00,56032.51834309282
2040-01-13 12:00:00+00:00,55766.125485680925
2040-01-13 13:00:00+00:00,55541.30087191409
2040-01-13 14:00:00+00:00,55622.34714059004
2040-01-13 15:00:00+00:00,56361.26488151367
2040-01-13 16:00:00+00:00,57850.00022669516
2040-01-13 17:00:00+00:00,58379.3840204896
2040-01-13 18:00:00+00:00,57233.22063094306
2040-01-13 19:00:00+00:00,55845.01780212021
2040-01-13 20:00:00+00:00,53068.531092064615
2040-01-13 21:00:00+00:00,49950.41142394248
2040-01-13 22:00:00+00:00,46903.21486640656
2040-01-13 23:00:00+00:00,44952.502704675506
2040-01-14 00:00:00+00:00,45282.91156615908
2040-01-14 01:00:00+00:00,44851.788460208816
2040-01-14 02:00:00+00:00,45434.00038991389
2040-01-14 03:00:00+00:00,48124.182899596526
2040-01-14 04:00:00+00:00,53094.15505678412
2040-01-14 05:00:00+00:00,55655.02864119264
2040-01-14 06:00:00+00:00,56069.44629740854
2040-01-14 07:00:00+00:00,56057.49176994257
2040-01-14 08:00:00+00:00,56019.32780947477
2040-01-14 09:00:00+00:00,55921.96438551994
2040-01-14 10:00:00+00:00,55696.39554700176
2040-01-14 11:00:00+00:00,55695.965894325316
2040-01-14 12:00:00+00:00,55637.70337656593
2040-01-14 13:00:00+00:00,55442.20404740388
2040-01-14 14:00:00+00:00,55898.07916518036
2040-01-14 15:00:00+00:00,57131.845864467214
2040-01-14 16:00:00+00:00,58772.20462934956
2040-01-14 17:00:00+00:00,59365.97304841186
2040-01-14 18:00:00+00:00,57939.54206960664
2040-01-14 19:00:00+00:00,56390.54852474906
2040-01-14 20:00:00+00:00,53784.39255455228
2040-01-14 21:00:00+00:00,50526.87583678653
2040-01-14 22:00:00+00:00,47078.628210466035
2040-01-14 23:00:00+00:00,45304.73446490991
2040-01-15 00:00:00+00:00,45028.614285155345
2040-01-15 01:00:00+00:00,44867.47901996026
2040-01-15 02:00:00+00:00,45619.25433159865
2040-01-15 03:00:00+00:00,48535.683498329374
2040-01-15 04:00:00+00:00,53751.19568219757
2040-01-15 05:00:00+00:00,57625.4815924402
2040-01-15 06:00:00+00:00,60217.539268225046
2040-01-15 07:00:00+00:00,61761.06988240547
2040-01-15 08:00:00+00:00,61722.80235470833
2040-01-15 09:00:00+00:00,60732.34699678367
2040-01-15 10:00:00+00:00,59745.83354875702
2040-01-15 11:00:00+00:00,59113.69730286415
2040-01-15 12:00:00+00:00,58410.56187905098
2040-01-15 13:00:00+00:00,58663.34563097301
2040-01-15 14:00:00+00:00,59243.3144748217
2040-01-15 15:00:00+00:00,60585.55846355857
2040-01-15 16:00:00+00:00,62360.49915309015
2040-01-15 17:00:00+00:00,62255.88156419644
2040-01-15 18:00:00+00:00,60492.27705750159
2040-01-15 19:00:00+00:00,58491.85837908842
2040-01-15 20:00:00+00:00,55578.994275630066
2040-01-15 21:00:00+00:00,51953.52475227263
2040-01-15 22:00:00+00:00,48346.235137968826
2040-01-15 23:00:00+00:00,46427.181478096114
2040-01-16 00:00:00+00:00,46824.22048827548
2040-01-16 01:00:00+00:00,46527.50615308958
2040-01-16 02:00:00+00:00,47245.78608307951
2040-01-16 03:00:00+00:00,50288.59631186391
2040-01-16 04:00:00+00:00,56197.05618882271
2040-01-16 05:00:00+00:00,60092.8954238285
2040-01-16 06:00:00+00:00,62476.81822102942
2040-01-16 07:00:00+00:00,64032.452062207165
2040-01-16 08:00:00+00:00,63921.05702855311
2040-01-16 09:00:00+00:00,62929.61310763795
2040-01-16 10:00:00+00:00,61267.661438020914
2040-01-16 11:00:00+00:00,60409.720909525226
2040-01-16 12:00:00+00:00,59513.967965081356
2040-01-16 13:00:00+00:00,59238.97164407992
2040-01-16 14:00:00+00:00,59800.90334479054
2040-01-16 15:00:00+00:00,61644.70189508021
2040-01-16 16:00:00+00:00,63774.58012775418
2040-01-16 17:00:00+00:00,64014.94251187738
2040-01-16 18:00:00+00:00,62356.556128251534
2040-01-16 19:00:00+00:00,60390.0702749563
2040-01-16 20:00:00+00:00,57395.907625146705
2040-01-16 21:00:00+00:00,53559.09594397973
2040-01-16 22:00:00+00:00,49704.98828780831
2040-01-16 23:00:00+00:00,47656.64064456017
2040-01-17 00:00:00+00:00,46670.54198804084
2040-01-17 01:00:00+00:00,46363.646564589144
2040-01-17 02:00:00+00:00,47184.70323700324
2040-01-17 03:00:00+00:00,49986.74964501522
2040-01-17 04:00:00+00:00,55550.98830999438
2040-01-17 05:00:00+00:00,59043.873247586365
2040-01-17 06:00:00+00:00,61612.60105825706
2040-01-17 07:00:00+00:00,63474.87326730832
2040-01-17 08:00:00+00:00,63449.42934484014
2040-01-17 09:00:00+00:00,62156.66718437883
2040-01-17 10:00:00+00:00,61219.05465968581
2040-01-17 11:00:00+00:00,60801.79530693546
2040-01-17 12:00:00+00:00,60525.28367379449
2040-01-17 13:00:00+00:00,60691.03247018352
2040-01-17 14:00:00+00:00,61196.3804199513
2040-01-17 15:00:00+00:00,62232.30293341317
2040-01-17 16:00:00+00:00,63527.30604334333
2040-01-17 17:00:00+00:00,63307.02256886888
2040-01-17 18:00:00+00:00,61564.922590803755
2040-01-17 19:00:00+00:00,59541.56755477742
2040-01-17 20:00:00+00:00,56474.77512489754
2040-01-17 21:00:00+00:00,52665.80964597106
2040-01-17 22:00:00+00:00,48912.66982300552
2040-01-17 23:00:00+00:00,46889.420500577486
2040-01-18 00:00:00+00:00,45228.53563433043
2040-01-18 01:00:00+00:00,44941.790758195675
2040-01-18 02:00:00+00:00,45604.550811814544
2040-01-18 03:00:00+00:00,48151.41087092039
2040-01-18 04:00:00+00:00,53089.47848188903
2040-01-18 05:00:00+00:00,56683.33576537487
2040-01-18 06:00:00+00:00,59221.207545153564
2040-01-18 07:00:00+00:00,60851.121152359054
2040-01-18 08:00:00+00:00,60906.32612294962
2040-01-18 09:00:00+00:00,59423.54775225435
2040-01-18 10:00:00+00:00,58141.087855769656
2040-01-18 11:00:00+00:00,57475.710885477405
2040-01-18 12:00:00+00:00,56927.90550516327
2040-01-18 13:00:00+00:00,56926.590999297165
2040-01-18 14:00:00+00:00,57354.455285024225
2040-01-18 15:00:00+00:00,58798.54452789954
2040-01-18 16:00:00+00:00,60715.380893152644
2040-01-18 17:00:00+00:00,61204.55470642285
2040-01-18 18:00:00+00:00,59892.67846373731
2040-01-18 19:00:00+00:00,58087.33020054729
2040-01-18 20:00:00+00:00,55325.861890394706
2040-01-18 21:00:00+00:00,51683.55397690642
2040-01-18 22:00:00+00:00,48327.978639662615
2040-01-18 23:00:00+00:00,46605.436576185704
2040-01-19 00:00:00+00:00,46667.393100010435
2040-01-19 01:00:00+00:00,46503.909292212076
2040-01-19 02:00:00+00:00,47292.879839468704
2040-01-19 03:00:00+00:00,50069.5326040284
2040-01-19 04:00:00+00:00,53945.22810535489
2040-01-19 05:00:00+00:00,56619.24163904585
2040-01-19 06:00:00+00:00,58592.808819319136
2040-01-19 07:00:00+00:00,61006.24908836733
2040-01-19 08:00:00+00:00,62016.91674748613
2040-01-19 09:00:00+00:00,61092.723000773054
2040-01-19 10:00:00+00:00,59659.6696592747
2040-01-19 11:00:00+00:00,58103.448328301754
2040-01-19 12:00:00+00:00,57144.71036841325
2040-01-19 13:00:00+00:00,56967.38267328055
2040-01-19 14:00:00+00:00,57228.69700718729
2040-01-19 15:00:00+00:00,58543.874270148444
2040-01-19 16:00:00+00:00,60680.673128171045
2040-01-19 17:00:00+00:00,61408.59897480825
2040-01-19 18:00:00+00:00,60114.297862242995
2040-01-19 19:00:00+00:00,58545.22479893423
2040-01-19 20:00:00+00:00,55771.020528283385
2040-01-19 21:00:00+00:00,52302.19055410106
2040-01-19 22:00:00+00:00,49106.62489214124
2040-01-19 23:00:00+00:00,47179.5100160525
2040-01-20 00:00:00+00:00,46943.66484654064
2040-01-20 01:00:00+00:00,46618.40235002266
2040-01-20 02:00:00+00:00,47390.019458157854
2040-01-20 03:00:00+00:00,50122.68910390182
2040-01-20 04:00:00+00:00,53889.199802897645
2040-01-20 05:00:00+00:00,55545.73532723745
2040-01-20 06:00:00+00:00,55658.23602517456
2040-01-20 07:00:00+00:00,56554.35584291993
2040-01-20 08:00:00+00:00,57325.29589157237
2040-01-20 09:00:00+00:00,57549.02390554914
2040-01-20 10:00:00+00:00,57117.08506972718
2040-01-20 11:00:00+00:00,56386.750799778565
2040-01-20 12:00:00+00:00,55579.05860300926
2040-01-20 13:00:00+00:00,55293.71851870176
2040-01-20 14:00:00+00:00,55643.45428587637
2040-01-20 15:00:00+00:00,57153.4927423741
2040-01-20 16:00:00+00:00,59771.731865622736
2040-01-20 17:00:00+00:00,60710.36770919556
2040-01-20 18:00:00+00:00,59623.663778432536
2040-01-20 19:00:00+00:00,58197.7735027356
2040-01-20 20:00:00+00:00,55437.84222547992
2040-01-20 21:00:00+00:00,51923.657338394856
2040-01-20 22:00:00+00:00,48572.67692424127
2040-01-20 23:00:00+00:00,46529.08601538758
2040-01-21 00:00:00+00:00,45112.19034991694
2040-01-21 01:00:00+00:00,44728.22009024899
2040-01-21 02:00:00+00:00,45327.2296862374
2040-01-21 03:00:00+00:00,47903.90707080441
2040-01-21 04:00:00+00:00,52801.845399656246
2040-01-21 05:00:00+00:00,55153.69643233642
2040-01-21 06:00:00+00:00,55490.45213688229
2040-01-21 07:00:00+00:00,55603.970055963
2040-01-21 08:00:00+00:00,55515.17144713361
2040-01-21 09:00:00+00:00,55253.44066851067
2040-01-21 10:00:00+00:00,55221.47031795737
2040-01-21 11:00:00+00:00,55155.63270204076
2040-01-21 12:00:00+00:00,55121.613124426476
2040-01-21 13:00:00+00:00,55122.772699163055
2040-01-21 14:00:00+00:00,55577.02766824033
2040-01-21 15:00:00+00:00,56382.800131504184
2040-01-21 16:00:00+00:00,57781.00944988026
2040-01-21 17:00:00+00:00,58315.68142035274
2040-01-21 18:00:00+00:00,56905.46390971067
2040-01-21 19:00:00+00:00,55336.56888295718
2040-01-21 20:00:00+00:00,52775.830675615936
2040-01-21 21:00:00+00:00,49516.352553490615
2040-01-21 22:00:00+00:00,46126.6350905941
2040-01-21 23:00:00+00:00,44326.62703320753
2040-01-22 00:00:00+00:00,44817.74730061006
2040-01-22 01:00:00+00:00,44556.205844632
2040-01-22 02:00:00+00:00,45330.14638312524
2040-01-22 03:00:00+00:00,48191.045860444865
2040-01-22 04:00:00+00:00,53569.06975919491
2040-01-22 05:00:00+00:00,57016.83992089666
2040-01-22 06:00:00+00:00,59419.56384728286
2040-01-22 07:00:00+00:00,61147.646203054595
2040-01-22 08:00:00+00:00,61052.69542156102
2040-01-22 09:00:00+00:00,59838.44168894838
2040-01-22 10:00:00+00:00,58532.6708936014
2040-01-22 11:00:00+00:00,57314.49701071241
2040-01-22 12:00:00+00:00,56434.74592174541
2040-01-22 13:00:00+00:00,56493.33365130334
2040-01-22 14:00:00+00:00,57088.88121287098
2040-01-22 15:00:00+00:00,58843.06925331646
2040-01-22 16:00:00+00:00,60816.000120284276
2040-01-22 17:00:00+00:00,61234.23921460732
2040-01-22 18:00:00+00:00,59507.142632867624
2040-01-22 19:00:00+00:00,57613.683141167654
2040-01-22 20:00:00+00:00,54740.13514210272
2040-01-22 21:00:00+00:00,51112.99027562777
2040-01-22 22:00:00+00:00,47598.75357062568
2040-01-22 23:00:00+00:00,45609.48758808121
2040-01-23 00:00:00+00:00,45845.98095078327
2040-01-23 01:00:00+00:00,45644.39634721556
2040-01-23 02:00:00+00:00,46381.58252802609
2040-01-23 03:00:00+00:00,49408.40216589672
2040-01-23 04:00:00+00:00,55012.17660643133
2040-01-23 05:00:00+00:00,58851.798223178695
2040-01-23 06:00:00+00:00,61315.84743332029
2040-01-23 07:00:00+00:00,62469.65201363297
2040-01-23 08:00:00+00:00,61802.094715816274
2040-01-23 09:00:00+00:00,59640.50688282233
2040-01-23 10:00:00+00:00,58195.86602001018
2040-01-23 11:00:00+00:00,57809.27228725027
2040-01-23 12:00:00+00:00,57444.8844885891
2040-01-23 13:00:00+00:00,58559.36239744711
2040-01-23 14:00:00+00:00,59829.75757414996
2040-01-23 15:00:00+00:00,61282.49299813635
2040-01-23 16:00:00+00:00,62545.337288228264
2040-01-23 17:00:00+00:00,62411.93746546202
2040-01-23 18:00:00+00:00,60848.13492777717
2040-01-23 19:00:00+00:00,58841.96512843156
2040-01-23 20:00:00+00:00,55841.075788314854
2040-01-23 21:00:00+00:00,51916.966044874236
2040-01-23 22:00:00+00:00,48105.47229333448
2040-01-23 23:00:00+00:00,45992.52980305052
2040-01-24 00:00:00+00:00,44860.90549385813
2040-01-24 01:00:00+00:00,44620.8526480196
2040-01-24 02:00:00+00:00,45534.947078520854
2040-01-24 03:00:00+00:00,48442.60388197329
2040-01-24 04:00:00+00:00,53716.043919829826
2040-01-24 05:00:00+00:00,57297.447129421125
2040-01-24 06:00:00+00:00,59569.144987551525
2040-01-24 07:00:00+00:00,60814.51697450904
2040-01-24 08:00:00+00:00,60264.77020779515
2040-01-24 09:00:00+00:00,58794.79788858999
2040-01-24 10:00:00+00:00,57422.41317312485
2040-01-24 11:00:00+00:00,56897.87870895234
2040-01-24 12:00:00+00:00,56594.564331065376
2040-01-24 13:00:00+00:00,57257.78010659057
2040-01-24 14:00:00+00:00,57911.157500677764
2040-01-24 15:00:00+00:00,59399.49253544949
2040-01-24 16:00:00+00:00,60985.521939635444
2040-01-24 17:00:00+00:00,61192.88170555787
2040-01-24 18:00:00+00:00,59531.043693427215
2040-01-24 19:00:00+00:00,57678.35104564104
2040-01-24 20:00:00+00:00,54660.03948087097
2040-01-24 21:00:00+00:00,51075.95482200308
2040-01-24 22:00:00+00:00,47493.15420270958
2040-01-24 23:00:00+00:00,45534.971279613084
2040-01-25 00:00:00+00:00,45516.94888019555
2040-01-25 01:00:00+00:00,45147.53572637214
2040-01-25 02:00:00+00:00,45849.831521887376
2040-01-25 03:00:00+00:00,48722.643455945756
2040-01-25 04:00:00+00:00,54381.03082024139
2040-01-25 05:00:00+00:00,58025.31816387446
2040-01-25 06:00:00+00:00,60500.156673162084
2040-01-25 07:00:00+00:00,61990.24960959811
2040-01-25 08:00:00+00:00,61374.626102084105
2040-01-25 09:00:00+00:00,59786.730776012904
2040-01-25 10:00:00+00:00,58837.32560063981
2040-01-25 11:00:00+00:00,58570.03767937978
2040-01-25 12:00:00+00:00,58394.07873036859
2040-01-25 13:00:00+00:00,58474.517970862275
2040-01-25 14:00:00+00:00,59204.394471575215
2040-01-25 15:00:00+00:00,60544.10424400073
2040-01-25 16:00:00+00:00,61645.462746723446
2040-01-25 17:00:00+00:00,61807.46514240482
2040-01-25 18:00:00+00:00,60349.90715124611
2040-01-25 19:00:00+00:00,58390.94132059563
2040-01-25 20:00:00+00:00,55312.84112875724
2040-01-25 21:00:00+00:00,51626.30352192862
2040-01-25 22:00:00+00:00,48115.323994148974
2040-01-25 23:00:00+00:00,46287.10504233732
2040-01-26 00:00:00+00:00,44419.68918548535
2040-01-26 01:00:00+00:00,44069.91600070957
2040-01-26 02:00:00+00:00,44942.47040034355
2040-01-26 03:00:00+00:00,47415.37889658999
2040-01-26 04:00:00+00:00,51201.83619341195
2040-01-26 05:00:00+00:00,53682.9690961099
2040-01-26 06:00:00+00:00,55562.90700212404
2040-01-26 07:00:00+00:00,57808.7554538086
2040-01-26 08:00:00+00:00,58848.966278290696
2040-01-26 09:00:00+00:00,58668.37960733076
2040-01-26 10:00:00+00:00,56947.17850306801
2040-01-26 11:00:00+00:00,55339.48805328412
2040-01-26 12:00:00+00:00,55003.27788518501
2040-01-26 13:00:00+00:00,55015.83683348343
2040-01-26 14:00:00+00:00,55000.37716305057
2040-01-26 15:00:00+00:00,56000.25114488238
2040-01-26 16:00:00+00:00,57863.11897939563
2040-01-26 17:00:00+00:00,58666.04690792817
2040-01-26 18:00:00+00:00,57325.40864975279
2040-01-26 19:00:00+00:00,55766.12743682866
2040-01-26 20:00:00+00:00,53129.81873716648
2040-01-26 21:00:00+00:00,49882.21382691089
2040-01-26 22:00:00+00:00,46962.32173360105
2040-01-26 23:00:00+00:00,45208.017938228426
2040-01-27 00:00:00+00:00,42228.52648112871
2040-01-27 01:00:00+00:00,41808.57333912848
2040-01-27 02:00:00+00:00,42229.86803968896
2040-01-27 03:00:00+00:00,43811.9157530906
2040-01-27 04:00:00+00:00,46193.29141616778
2040-01-27 05:00:00+00:00,47394.735459658026
2040-01-27 06:00:00+00:00,47930.63865056646
2040-01-27 07:00:00+00:00,48971.49984410453
2040-01-27 08:00:00+00:00,49409.22009861567
2040-01-27 09:00:00+00:00,49104.48240571079
2040-01-27 10:00:00+00:00,48583.80233476868
2040-01-27 11:00:00+00:00,48019.67253067792
2040-01-27 12:00:00+00:00,47643.21761860367
2040-01-27 13:00:00+00:00,47757.86000985621
2040-01-27 14:00:00+00:00,48052.76924556176
2040-01-27 15:00:00+00:00,49172.52042076539
2040-01-27 16:00:00+00:00,51550.39154336183
2040-01-27 17:00:00+00:00,52670.604157951166
2040-01-27 18:00:00+00:00,51699.60719909547
2040-01-27 19:00:00+00:00,50372.618400856445
2040-01-27 20:00:00+00:00,48266.171251480475
2040-01-27 21:00:00+00:00,45894.42304705414
2040-01-27 22:00:00+00:00,43533.68538009364
2040-01-27 23:00:00+00:00,41968.443654771036
2040-01-28 00:00:00+00:00,41106.57375494272
2040-01-28 01:00:00+00:00,40773.94208021087
2040-01-28 02:00:00+00:00,41308.675901768416
2040-01-28 03:00:00+00:00,42921.82618517819
2040-01-28 04:00:00+00:00,46195.04074491938
2040-01-28 05:00:00+00:00,48146.75369435623
2040-01-28 06:00:00+00:00,48814.66182305799
2040-01-28 07:00:00+00:00,49146.7914329583
2040-01-28 08:00:00+00:00,48676.98173127876
2040-01-28 09:00:00+00:00,47939.6276153242
2040-01-28 10:00:00+00:00,46994.56991016492
2040-01-28 11:00:00+00:00,46625.440743167244
2040-01-28 12:00:00+00:00,46572.35691232714
2040-01-28 13:00:00+00:00,46531.291163270405
2040-01-28 14:00:00+00:00,46927.46691094566
2040-01-28 15:00:00+00:00,48457.98318467069
2040-01-28 16:00:00+00:00,50625.72553480107
2040-01-28 17:00:00+00:00,51960.65631762089
2040-01-28 18:00:00+00:00,50664.40741084151
2040-01-28 19:00:00+00:00,49312.236642475735
2040-01-28 20:00:00+00:00,47245.443348318586
2040-01-28 21:00:00+00:00,44897.04717851027
2040-01-28 22:00:00+00:00,42465.127063830776
2040-01-28 23:00:00+00:00,41147.69307510611
2040-01-29 00:00:00+00:00,38415.45554726021
2040-01-29 01:00:00+00:00,38081.776342889636
2040-01-29 02:00:00+00:00,38285.465602985576
2040-01-29 03:00:00+00:00,39349.03884058342
2040-01-29 04:00:00+00:00,41626.47829265015
2040-01-29 05:00:00+00:00,44572.34916760013
2040-01-29 06:00:00+00:00,47617.49914195703
2040-01-29 07:00:00+00:00,49778.060333460075
2040-01-29 08:00:00+00:00,49534.97603690766
2040-01-29 09:00:00+00:00,48260.7638295551
2040-01-29 10:00:00+00:00,46853.43141186001
2040-01-29 11:00:00+00:00,46215.15256384366
2040-01-29 12:00:00+00:00,45936.122822530786
2040-01-29 13:00:00+00:00,46254.670953661305
2040-01-29 14:00:00+00:00,46922.861275131436
2040-01-29 15:00:00+00:00,48166.37145558963
2040-01-29 16:00:00+00:00,49898.93734261253
2040-01-29 17:00:00+00:00,50194.90923652696
2040-01-29 18:00:00+00:00,48542.69918923726
2040-01-29 19:00:00+00:00,46895.39463087117
2040-01-29 20:00:00+00:00,45000.21025963557
2040-01-29 21:00:00+00:00,42910.76074292496
2040-01-29 22:00:00+00:00,40807.008410440736
2040-01-29 23:00:00+00:00,39380.436609434866
2040-01-30 00:00:00+00:00,38490.99328980657
2040-01-30 01:00:00+00:00,38052.92738877464
2040-01-30 02:00:00+00:00,38083.83144017871
2040-01-30 03:00:00+00:00,38929.22332958888
2040-01-30 04:00:00+00:00,41133.135354839964
2040-01-30 05:00:00+00:00,43828.192546585815
2040-01-30 06:00:00+00:00,46909.44115642291
2040-01-30 07:00:00+00:00,48936.84249598979
2040-01-30 08:00:00+00:00,49164.177517848024
2040-01-30 09:00:00+00:00,48499.95388363603
2040-01-30 10:00:00+00:00,48008.02174262701
2040-01-30 11:00:00+00:00,47777.37100548188
2040-01-30 12:00:00+00:00,47563.55178530414
2040-01-30 13:00:00+00:00,47805.96788605089
2040-01-30 14:00:00+00:00,48258.67688179911
2040-01-30 15:00:00+00:00,49276.951910033924
2040-01-30 16:00:00+00:00,50230.15242072035
2040-01-30 17:00:00+00:00,50155.485477003545
2040-01-30 18:00:00+00:00,48440.34939847493
2040-01-30 19:00:00+00:00,46815.010004251526
2040-01-30 20:00:00+00:00,44950.94981678447
2040-01-30 21:00:00+00:00,42821.29099150083
2040-01-30 22:00:00+00:00,40826.184075832076
2040-01-30 23:00:00+00:00,39343.2290162437
2040-01-31 00:00:00+00:00,39923.8508808242
2040-01-31 01:00:00+00:00,39503.51361421195
2040-01-31 02:00:00+00:00,39695.10113424321
2040-01-31 03:00:00+00:00,40915.47566746301
2040-01-31 04:00:00+00:00,43618.85413431386
2040-01-31 05:00:00+00:00,46566.90140359604
2040-01-31 06:00:00+00:00,49606.54532172206
2040-01-31 07:00:00+00:00,51564.92345301444
2040-01-31 08:00:00+00:00,51851.89940694431
2040-01-31 09:00:00+00:00,51105.78717259695
2040-01-31 10:00:00+00:00,50571.18073664447
2040-01-31 11:00:00+00:00,50166.19653297154
2040-01-31 12:00:00+00:00,50167.534279271335
2040-01-31 13:00:00+00:00,50355.189845614754
2040-01-31 14:00:00+00:00,50759.07975387831
2040-01-31 15:00:00+00:00,51680.86711467661
2040-01-31 16:00:00+00:00,52848.56357133301
2040-01-31 17:00:00+00:00,52886.70602448866
2040-01-31 18:00:00+00:00,51262.3189100628
2040-01-31 19:00:00+00:00,49505.79766056412
2040-01-31 20:00:00+00:00,47436.71228675582
2040-01-31 21:00:00+00:00,44957.762531717286
2040-01-31 22:00:00+00:00,42601.88178738964
2040-01-31 23:00:00+00:00,40970.74628632306
2040-02-01 00:00:00+00:00,41188.890331713315
2040-02-01 01:00:00+00:00,40887.21416446518
2040-02-01 02:00:00+00:00,41041.107933793726
2040-02-01 03:00:00+00:00,42299.21453141002
2040-02-01 04:00:00+00:00,45676.847879028064
2040-02-01 05:00:00+00:00,48430.69183827204
2040-02-01 06:00:00+00:00,51502.50331395245
2040-02-01 07:00:00+00:00,53329.069759072096
2040-02-01 08:00:00+00:00,52619.03340580116
2040-02-01 09:00:00+00:00,51127.05142667869
2040-02-01 10:00:00+00:00,50121.181806736095
2040-02-01 11:00:00+00:00,49810.24850683988
2040-02-01 12:00:00+00:00,49764.48263234194
2040-02-01 13:00:00+00:00,49853.1494381453
2040-02-01 14:00:00+00:00,50147.71749826357
2040-02-01 15:00:00+00:00,51099.179017847004
2040-02-01 16:00:00+00:00,53132.048144759196
2040-02-01 17:00:00+00:00,53975.78112754421
2040-02-01 18:00:00+00:00,52690.26212825368
2040-02-01 19:00:00+00:00,51053.61306563163
2040-02-01 20:00:00+00:00,48790.29774859086
2040-02-01 21:00:00+00:00,46075.335659926466
2040-02-01 22:00:00+00:00,43671.545625239305
2040-02-01 23:00:00+00:00,42146.35853209267
2040-02-02 00:00:00+00:00,42043.09265072345
2040-02-02 01:00:00+00:00,41710.32664952436
2040-02-02 02:00:00+00:00,42190.8322393466
2040-02-02 03:00:00+00:00,43838.47809555582
2040-02-02 04:00:00+00:00,46566.103514039576
2040-02-02 05:00:00+00:00,48748.66138615661
2040-02-02 06:00:00+00:00,50978.72821499005
2040-02-02 07:00:00+00:00,53292.46575918192
2040-02-02 08:00:00+00:00,53802.23932876553
2040-02-02 09:00:00+00:00,53461.2300400437
2040-02-02 10:00:00+00:00,52653.330311519
2040-02-02 11:00:00+00:00,52245.9110741179
2040-02-02 12:00:00+00:00,52430.39293742213
2040-02-02 13:00:00+00:00,52565.357679678316
2040-02-02 14:00:00+00:00,52525.087542996254
2040-02-02 15:00:00+00:00,53006.14878321033
2040-02-02 16:00:00+00:00,53699.566157607405
2040-02-02 17:00:00+00:00,54110.479670205736
2040-02-02 18:00:00+00:00,52705.98728200383
2040-02-02 19:00:00+00:00,51176.041697461085
2040-02-02 20:00:00+00:00,48908.72485315132
2040-02-02 21:00:00+00:00,46397.849727340756
2040-02-02 22:00:00+00:00,43900.531082594054
2040-02-02 23:00:00+00:00,42344.011592556024
2040-02-03 00:00:00+00:00,41499.28952078724
2040-02-03 01:00:00+00:00,41019.713911495135
2040-02-03 02:00:00+00:00,41410.34129518885
2040-02-03 03:00:00+00:00,42734.2601029568
2040-02-03 04:00:00+00:00,45058.715735546255
2040-02-03 05:00:00+00:00,46132.623357929355
2040-02-03 06:00:00+00:00,46653.477995041394
2040-02-03 07:00:00+00:00,47863.2417055078
2040-02-03 08:00:00+00:00,48811.28981196649
2040-02-03 09:00:00+00:00,49277.71442034066
2040-02-03 10:00:00+00:00,49353.81607680541
2040-02-03 11:00:00+00:00,49171.966200795476
2040-02-03 12:00:00+00:00,48995.654740727325
2040-02-03 13:00:00+00:00,49030.260652502475
2040-02-03 14:00:00+00:00,49067.10953492367
2040-02-03 15:00:00+00:00,49555.749349629856
2040-02-03 16:00:00+00:00,50935.24762440762
2040-02-03 17:00:00+00:00,51778.833379689066
2040-02-03 18:00:00+00:00,50697.47077017
2040-02-03 19:00:00+00:00,49341.68903140208
2040-02-03 20:00:00+00:00,47343.35066549671
2040-02-03 21:00:00+00:00,44929.56098845349
2040-02-03 22:00:00+00:00,42701.31829886241
2040-02-03 23:00:00+00:00,41286.87845341508
2040-02-04 00:00:00+00:00,39469.79693217984
2040-02-04 01:00:00+00:00,39048.71091548686
2040-02-04 02:00:00+00:00,39260.238576209464
2040-02-04 03:00:00+00:00,40399.6812871799
2040-02-04 04:00:00+00:00,42959.543023320504
2040-02-04 05:00:00+00:00,44690.53677943062
2040-02-04 06:00:00+00:00,45539.5995438698
2040-02-04 07:00:00+00:00,46033.40715964315
2040-02-04 08:00:00+00:00,46297.728870365754
2040-02-04 09:00:00+00:00,46308.042472366345
2040-02-04 10:00:00+00:00,46284.09885049397
2040-02-04 11:00:00+00:00,46598.29420938407
2040-02-04 12:00:00+00:00,46562.833464263014
2040-02-04 13:00:00+00:00,46620.97587754345
2040-02-04 14:00:00+00:00,46933.54454883579
2040-02-04 15:00:00+00:00,47742.44505820238
2040-02-04 16:00:00+00:00,48754.397989156714
2040-02-04 17:00:00+00:00,49432.86548890348
2040-02-04 18:00:00+00:00,48038.80524839089
2040-02-04 19:00:00+00:00,46726.973185920964
2040-02-04 20:00:00+00:00,45021.685824271735
2040-02-04 21:00:00+00:00,42945.13424815413
2040-02-04 22:00:00+00:00,40903.28695556609
2040-02-04 23:00:00+00:00,39763.27976770564
2040-02-05 00:00:00+00:00,41157.4777000968
2040-02-05 01:00:00+00:00,40951.33924336233
2040-02-05 02:00:00+00:00,41435.88782037006
2040-02-05 03:00:00+00:00,43398.80306964005
2040-02-05 04:00:00+00:00,47220.5592106893
2040-02-05 05:00:00+00:00,50494.13245794565
2040-02-05 06:00:00+00:00,53093.12636430141
2040-02-05 07:00:00+00:00,54650.54567191376
2040-02-05 08:00:00+00:00,54751.15764068694
2040-02-05 09:00:00+00:00,53431.71816062951
2040-02-05 10:00:00+00:00,52765.550339354144
2040-02-05 11:00:00+00:00,52285.40118562027
2040-02-05 12:00:00+00:00,51967.955149521644
2040-02-05 13:00:00+00:00,52169.5023969838
2040-02-05 14:00:00+00:00,52841.79649650602
2040-02-05 15:00:00+00:00,54196.15217717851
2040-02-05 16:00:00+00:00,55609.20961177112
2040-02-05 17:00:00+00:00,55611.39191075823
2040-02-05 18:00:00+00:00,53874.91688817956
2040-02-05 19:00:00+00:00,52107.76633114641
2040-02-05 20:00:00+00:00,49707.155831833275
2040-02-05 21:00:00+00:00,46873.14851820764
2040-02-05 22:00:00+00:00,43982.049663606296
2040-02-05 23:00:00+00:00,42377.22606679889
2040-02-06 00:00:00+00:00,42414.59972202149
2040-02-06 01:00:00+00:00,42119.04862950933
2040-02-06 02:00:00+00:00,42564.00780948226
2040-02-06 03:00:00+00:00,44584.917183878046
2040-02-06 04:00:00+00:00,48529.09152264358
2040-02-06 05:00:00+00:00,51832.936333916165
2040-02-06 06:00:00+00:00,54579.28061705575
2040-02-06 07:00:00+00:00,55984.478354452556
2040-02-06 08:00:00+00:00,55881.927145815374
2040-02-06 09:00:00+00:00,54914.163805359
2040-02-06 10:00:00+00:00,53713.9548439888
2040-02-06 11:00:00+00:00,53405.884896203606
2040-02-06 12:00:00+00:00,53274.55146695436
2040-02-06 13:00:00+00:00,53458.15491017362
2040-02-06 14:00:00+00:00,54110.8273317474
2040-02-06 15:00:00+00:00,55174.217438170985
2040-02-06 16:00:00+00:00,56199.82788303597
2040-02-06 17:00:00+00:00,56402.73497083114
2040-02-06 18:00:00+00:00,54769.50185402444
2040-02-06 19:00:00+00:00,52966.47339969252
2040-02-06 20:00:00+00:00,50598.81882122755
2040-02-06 21:00:00+00:00,47830.61539933575
2040-02-06 22:00:00+00:00,44949.611331479995
2040-02-06 23:00:00+00:00,43238.51571849154
2040-02-07 00:00:00+00:00,42581.860892079436
2040-02-07 01:00:00+00:00,42374.06657616611
2040-02-07 02:00:00+00:00,42802.758413805524
2040-02-07 03:00:00+00:00,44800.78087515215
2040-02-07 04:00:00+00:00,48535.48978410223
2040-02-07 05:00:00+00:00,51646.75936171073
2040-02-07 06:00:00+00:00,54406.90868848316
2040-02-07 07:00:00+00:00,56209.22643915022
2040-02-07 08:00:00+00:00,55917.276875197545
2040-02-07 09:00:00+00:00,54715.2477238963
2040-02-07 10:00:00+00:00,53703.63825064631
2040-02-07 11:00:00+00:00,52707.66155252842
2040-02-07 12:00:00+00:00,52028.42715270453
2040-02-07 13:00:00+00:00,52095.899770513024
2040-02-07 14:00:00+00:00,52746.810471834135
2040-02-07 15:00:00+00:00,54322.57860496616
2040-02-07 16:00:00+00:00,56044.33848171913
2040-02-07 17:00:00+00:00,56820.882073147484
2040-02-07 18:00:00+00:00,55229.508212103356
2040-02-07 19:00:00+00:00,53394.4266486071
2040-02-07 20:00:00+00:00,50947.07016714215
2040-02-07 21:00:00+00:00,48073.43792829772
2040-02-07 22:00:00+00:00,45162.32204774367
2040-02-07 23:00:00+00:00,43356.44386347178
2040-02-08 00:00:00+00:00,43405.06062416361
2040-02-08 01:00:00+00:00,43119.467381722454
2040-02-08 02:00:00+00:00,43560.33702856883
2040-02-08 03:00:00+00:00,45648.93650011641
2040-02-08 04:00:00+00:00,49912.72002614739
2040-02-08 05:00:00+00:00,53188.48307033662
2040-02-08 06:00:00+00:00,55760.986712413185
2040-02-08 07:00:00+00:00,57512.63962792018
2040-02-08 08:00:00+00:00,57269.123539815875
2040-02-08 09:00:00+00:00,56521.34168464756
2040-02-08 10:00:00+00:00,56084.445528818025
2040-02-08 11:00:00+00:00,56266.55258057837
2040-02-08 12:00:00+00:00,56426.37878350707
2040-02-08 13:00:00+00:00,56790.50004472036
2040-02-08 14:00:00+00:00,56931.07962359936
2040-02-08 15:00:00+00:00,57881.032254362755
2040-02-08 16:00:00+00:00,58812.3633615481
2040-02-08 17:00:00+00:00,58780.32023961986
2040-02-08 18:00:00+00:00,57311.16956172694
2040-02-08 19:00:00+00:00,55383.232248107764
2040-02-08 20:00:00+00:00,52561.53941873284
2040-02-08 21:00:00+00:00,49312.72171976626
2040-02-08 22:00:00+00:00,46175.81430763031
2040-02-08 23:00:00+00:00,44442.859866761566
2040-02-09 00:00:00+00:00,44281.997613008934
2040-02-09 01:00:00+00:00,44047.509780864435
2040-02-09 02:00:00+00:00,44800.82421536011
2040-02-09 03:00:00+00:00,47078.68722206814
2040-02-09 04:00:00+00:00,50472.787424744034
2040-02-09 05:00:00+00:00,52803.701507653124
2040-02-09 06:00:00+00:00,54834.16000808115
2040-02-09 07:00:00+00:00,56816.729838299376
2040-02-09 08:00:00+00:00,57555.09032556213
2040-02-09 09:00:00+00:00,57040.03206852933
2040-02-09 10:00:00+00:00,55962.80967304953
2040-02-09 11:00:00+00:00,55185.27766687924
2040-02-09 12:00:00+00:00,54607.481583203444
2040-02-09 13:00:00+00:00,54413.784075264164
2040-02-09 14:00:00+00:00,54209.38906449811
2040-02-09 15:00:00+00:00,54836.60511432938
2040-02-09 16:00:00+00:00,56263.26589434224
2040-02-09 17:00:00+00:00,56984.37874559672
2040-02-09 18:00:00+00:00,55702.97271967338
2040-02-09 19:00:00+00:00,54078.774355187794
2040-02-09 20:00:00+00:00,51633.70538693194
2040-02-09 21:00:00+00:00,48597.92004725524
2040-02-09 22:00:00+00:00,45696.435875255345
2040-02-09 23:00:00+00:00,44114.29468811469
2040-02-10 00:00:00+00:00,43510.59962811871
2040-02-10 01:00:00+00:00,43054.53083312775
2040-02-10 02:00:00+00:00,43687.627069784125
2040-02-10 03:00:00+00:00,45817.780497263244
2040-02-10 04:00:00+00:00,48812.707993890814
2040-02-10 05:00:00+00:00,50046.57964469656
2040-02-10 06:00:00+00:00,50334.56689864551
2040-02-10 07:00:00+00:00,51107.61294230847
2040-02-10 08:00:00+00:00,51598.14370357731
2040-02-10 09:00:00+00:00,51761.48234161148
2040-02-10 10:00:00+00:00,51319.66762016311
2040-02-10 11:00:00+00:00,50720.58538830811
2040-02-10 12:00:00+00:00,50457.76318166621
2040-02-10 13:00:00+00:00,50459.564383902754
2040-02-10 14:00:00+00:00,50647.38902490914
2040-02-10 15:00:00+00:00,51913.61069578786
2040-02-10 16:00:00+00:00,53514.99996595282
2040-02-10 17:00:00+00:00,54882.85218561829
2040-02-10 18:00:00+00:00,54016.40894052074
2040-02-10 19:00:00+00:00,52649.61869970619
2040-02-10 20:00:00+00:00,50264.86924336655
2040-02-10 21:00:00+00:00,47359.979700392934
2040-02-10 22:00:00+00:00,44597.960536084145
2040-02-10 23:00:00+00:00,42913.22186916287
2040-02-11 00:00:00+00:00,42872.47831656264
2040-02-11 01:00:00+00:00,42572.03601248708
2040-02-11 02:00:00+00:00,43548.47211803827
2040-02-11 03:00:00+00:00,45728.34320152751
2040-02-11 04:00:00+00:00,50309.01604189691
2040-02-11 05:00:00+00:00,52672.40986078867
2040-02-11 06:00:00+00:00,53077.44340435736
2040-02-11 07:00:00+00:00,53022.46205103396
2040-02-11 08:00:00+00:00,52896.258634631675
2040-02-11 09:00:00+00:00,52609.295601169666
2040-02-11 10:00:00+00:00,52184.613267164474
2040-02-11 11:00:00+00:00,51923.70891321002
2040-02-11 12:00:00+00:00,51632.4037876076
2040-02-11 13:00:00+00:00,51441.67467867691
2040-02-11 14:00:00+00:00,51824.27887921807
2040-02-11 15:00:00+00:00,53079.20716976567
2040-02-11 16:00:00+00:00,54266.60386011031
2040-02-11 17:00:00+00:00,55386.368095660364
2040-02-11 18:00:00+00:00,54222.087078506614
2040-02-11 19:00:00+00:00,52763.722647669485
2040-02-11 20:00:00+00:00,50389.84143520571
2040-02-11 21:00:00+00:00,47450.269995796756
2040-02-11 22:00:00+00:00,44601.26642529295
2040-02-11 23:00:00+00:00,43080.06364719808
2040-02-12 00:00:00+00:00,42597.69774251445
2040-02-12 01:00:00+00:00,42253.351895738655
2040-02-12 02:00:00+00:00,43002.763350415225
2040-02-12 03:00:00+00:00,45426.55303172398
2040-02-12 04:00:00+00:00,50229.01250608616
2040-02-12 05:00:00+00:00,53806.336163461194
2040-02-12 06:00:00+00:00,56163.57659679223
2040-02-12 07:00:00+00:00,57357.96075851556
2040-02-12 08:00:00+00:00,56468.619325664295
2040-02-12 09:00:00+00:00,55072.145158431405
2040-02-12 10:00:00+00:00,54042.921005046424
2040-02-12 11:00:00+00:00,53391.8813632003
2040-02-12 12:00:00+00:00,52979.90085691598
2040-02-12 13:00:00+00:00,53069.109151110155
2040-02-12 14:00:00+00:00,53477.979811643076
2040-02-12 15:00:00+00:00,54757.02008985513
2040-02-12 16:00:00+00:00,56322.618163373605
2040-02-12 17:00:00+00:00,57640.30283936374
2040-02-12 18:00:00+00:00,56314.85743555777
2040-02-12 19:00:00+00:00,54540.23542517819
2040-02-12 20:00:00+00:00,51983.07553071093
2040-02-12 21:00:00+00:00,48821.958592204275
2040-02-12 22:00:00+00:00,45694.49086091841
2040-02-12 23:00:00+00:00,43945.47038893338
2040-02-13 00:00:00+00:00,43518.5003210197
2040-02-13 01:00:00+00:00,43353.94720907394
2040-02-13 02:00:00+00:00,43885.19367227172
2040-02-13 03:00:00+00:00,46241.96794341422
2040-02-13 04:00:00+00:00,51081.71177778843
2040-02-13 05:00:00+00:00,54492.13901256247
2040-02-13 06:00:00+00:00,57038.63827190134
2040-02-13 07:00:00+00:00,58206.749046379235
2040-02-13 08:00:00+00:00,56942.67613378237
2040-02-13 09:00:00+00:00,55072.4542809323
2040-02-13 10:00:00+00:00,53939.20524325678
2040-02-13 11:00:00+00:00,53265.23176834308
2040-02-13 12:00:00+00:00,53169.4844604878
2040-02-13 13:00:00+00:00,53496.05311564679
2040-02-13 14:00:00+00:00,54090.71741745943
2040-02-13 15:00:00+00:00,55756.14997054548
2040-02-13 16:00:00+00:00,57358.12723016734
2040-02-13 17:00:00+00:00,57988.43534619631
2040-02-13 18:00:00+00:00,56547.210526718845
2040-02-13 19:00:00+00:00,54684.51612243
2040-02-13 20:00:00+00:00,52057.627623029584
2040-02-13 21:00:00+00:00,48808.60832852132
2040-02-13 22:00:00+00:00,45705.949414241266
2040-02-13 23:00:00+00:00,43853.43253128266
2040-02-14 00:00:00+00:00,43460.49938043814
2040-02-14 01:00:00+00:00,43155.856760052724
2040-02-14 02:00:00+00:00,43805.4649690021
2040-02-14 03:00:00+00:00,46100.81182685834
2040-02-14 04:00:00+00:00,50628.45154367233
2040-02-14 05:00:00+00:00,53972.11214838802
2040-02-14 06:00:00+00:00,56382.47421860659
2040-02-14 07:00:00+00:00,57653.126829260436
2040-02-14 08:00:00+00:00,57522.08687340769
2040-02-14 09:00:00+00:00,56791.713602881326
2040-02-14 10:00:00+00:00,56136.702913899324
2040-02-14 11:00:00+00:00,55885.37722135245
2040-02-14 12:00:00+00:00,55859.27451525294
2040-02-14 13:00:00+00:00,56047.3345605381
2040-02-14 14:00:00+00:00,56349.93705734852
2040-02-14 15:00:00+00:00,57142.40235607443
2040-02-14 16:00:00+00:00,58003.410894508954
2040-02-14 17:00:00+00:00,58218.78344542566
2040-02-14 18:00:00+00:00,56649.56282897142
2040-02-14 19:00:00+00:00,54738.10240578437
2040-02-14 20:00:00+00:00,52032.72798820806
2040-02-14 21:00:00+00:00,48852.7487648955
2040-02-14 22:00:00+00:00,45591.97244100533
2040-02-14 23:00:00+00:00,43696.255757470135
2040-02-15 00:00:00+00:00,41482.870944155584
2040-02-15 01:00:00+00:00,41205.061959958904
2040-02-15 02:00:00+00:00,41638.7519503089
2040-02-15 03:00:00+00:00,43286.95890459724
2040-02-15 04:00:00+00:00,46858.072261291076
2040-02-15 05:00:00+00:00,49930.85748038221
2040-02-15 06:00:00+00:00,52454.22352856135
2040-02-15 07:00:00+00:00,53931.171952212964
2040-02-15 08:00:00+00:00,54171.58505505303
2040-02-15 09:00:00+00:00,53541.72556684891
2040-02-15 10:00:00+00:00,52784.645791940624
2040-02-15 11:00:00+00:00,52411.28188513829
2040-02-15 12:00:00+00:00,51783.86292918512
2040-02-15 13:00:00+00:00,51452.876543691214
2040-02-15 14:00:00+00:00,51514.14774635919
2040-02-15 15:00:00+00:00,52211.88755627387
2040-02-15 16:00:00+00:00,53387.78151142168
2040-02-15 17:00:00+00:00,54546.052811786845
2040-02-15 18:00:00+00:00,53395.626630928
2040-02-15 19:00:00+00:00,51732.05989784504
2040-02-15 20:00:00+00:00,49344.014956050014
2040-02-15 21:00:00+00:00,46558.614537535796
2040-02-15 22:00:00+00:00,43943.80216556128
2040-02-15 23:00:00+00:00,42360.300785766805
2040-02-16 00:00:00+00:00,41354.81082116501
2040-02-16 01:00:00+00:00,41104.897231277246
2040-02-16 02:00:00+00:00,41491.92702852552
2040-02-16 03:00:00+00:00,43184.13909748181
2040-02-16 04:00:00+00:00,45638.52166551012
2040-02-16 05:00:00+00:00,47888.7812915917
2040-02-16 06:00:00+00:00,49733.0637894238
2040-02-16 07:00:00+00:00,51598.67957060167
2040-02-16 08:00:00+00:00,52456.4021586014
2040-02-16 09:00:00+00:00,52315.59836800082
2040-02-16 10:00:00+00:00,52551.08630714172
2040-02-16 11:00:00+00:00,52357.55355422894
2040-02-16 12:00:00+00:00,51728.105171764095
2040-02-16 13:00:00+00:00,51079.38353032376
2040-02-16 14:00:00+00:00,50613.21088157299
2040-02-16 15:00:00+00:00,50596.07794195995
2040-02-16 16:00:00+00:00,51743.838996139035
2040-02-16 17:00:00+00:00,52685.12697978526
2040-02-16 18:00:00+00:00,51590.16138243289
2040-02-16 19:00:00+00:00,50196.27470200132
2040-02-16 20:00:00+00:00,48015.33876590435
2040-02-16 21:00:00+00:00,45486.0310078951
2040-02-16 22:00:00+00:00,43179.34951671989
2040-02-16 23:00:00+00:00,41682.39193401016
2040-02-17 00:00:00+00:00,41739.72823885169
2040-02-17 01:00:00+00:00,41291.941873602125
2040-02-17 02:00:00+00:00,41780.92436860477
2040-02-17 03:00:00+00:00,43445.839061171886
2040-02-17 04:00:00+00:00,45957.36814282252
2040-02-17 05:00:00+00:00,47193.8255248734
2040-02-17 06:00:00+00:00,47519.84861565313
2040-02-17 07:00:00+00:00,48321.25489401207
2040-02-17 08:00:00+00:00,49058.87336612497
2040-02-17 09:00:00+00:00,49257.318477981964
2040-02-17 10:00:00+00:00,48970.46656400796
2040-02-17 11:00:00+00:00,48660.02461006963
2040-02-17 12:00:00+00:00,48549.23411417386
2040-02-17 13:00:00+00:00,48527.10650143762
2040-02-17 14:00:00+00:00,48444.987277357686
2040-02-17 15:00:00+00:00,49124.58968778323
2040-02-17 16:00:00+00:00,50818.782054883726
2040-02-17 17:00:00+00:00,52228.994342468955
2040-02-17 18:00:00+00:00,51542.00676506883
2040-02-17 19:00:00+00:00,50221.58949677613
2040-02-17 20:00:00+00:00,47970.51098179777
2040-02-17 21:00:00+00:00,45428.67511861165
2040-02-17 22:00:00+00:00,43049.40059765912
2040-02-17 23:00:00+00:00,41479.81487892074
2040-02-18 00:00:00+00:00,41306.04115464975
2040-02-18 01:00:00+00:00,41072.920928255655
2040-02-18 02:00:00+00:00,41526.73044860126
2040-02-18 03:00:00+00:00,43572.7411096493
2040-02-18 04:00:00+00:00,47398.580232743494
2040-02-18 05:00:00+00:00,49739.986511653675
2040-02-18 06:00:00+00:00,50415.351190814865
2040-02-18 07:00:00+00:00,50422.29874393551
2040-02-18 08:00:00+00:00,50484.52482024049
2040-02-18 09:00:00+00:00,50638.03361315813
2040-02-18 10:00:00+00:00,50715.885033371975
2040-02-18 11:00:00+00:00,50966.07937474545
2040-02-18 12:00:00+00:00,51125.301225132105
2040-02-18 13:00:00+00:00,50984.426756986424
2040-02-18 14:00:00+00:00,50906.31343383996
2040-02-18 15:00:00+00:00,51301.25510953684
2040-02-18 16:00:00+00:00,52341.99576564774
2040-02-18 17:00:00+00:00,53252.93703957805
2040-02-18 18:00:00+00:00,52027.96874057849
2040-02-18 19:00:00+00:00,50656.8967843746
2040-02-18 20:00:00+00:00,48657.025511575586
2040-02-18 21:00:00+00:00,46107.05436362731
2040-02-18 22:00:00+00:00,43447.60597980594
2040-02-18 23:00:00+00:00,41994.694915903056
2040-02-19 00:00:00+00:00,41331.16078657101
2040-02-19 01:00:00+00:00,41145.02827910964
2040-02-19 02:00:00+00:00,41635.3583944883
2040-02-19 03:00:00+00:00,43593.260010036414
2040-02-19 04:00:00+00:00,47443.173669907774
2040-02-19 05:00:00+00:00,50647.034055650605
2040-02-19 06:00:00+00:00,53023.31929170928
2040-02-19 07:00:00+00:00,54090.72473769451
2040-02-19 08:00:00+00:00,53557.493099856896
2040-02-19 09:00:00+00:00,52813.364376844125
2040-02-19 10:00:00+00:00,52045.29525580414
2040-02-19 11:00:00+00:00,52127.26651463908
2040-02-19 12:00:00+00:00,52605.09901392403
2040-02-19 13:00:00+00:00,52924.444176945835
2040-02-19 14:00:00+00:00,53215.88535966273
2040-02-19 15:00:00+00:00,53891.880573517934
2040-02-19 16:00:00+00:00,54835.92005035353
2040-02-19 17:00:00+00:00,55090.72796445058
2040-02-19 18:00:00+00:00,53776.795029025016
2040-02-19 19:00:00+00:00,52017.05891855474
2040-02-19 20:00:00+00:00,49648.60920100992
2040-02-19 21:00:00+00:00,46846.765763151954
2040-02-19 22:00:00+00:00,44014.45842529449
2040-02-19 23:00:00+00:00,42362.100408907
2040-02-20 00:00:00+00:00,43099.27537794357
2040-02-20 01:00:00+00:00,42767.49237983429
2040-02-20 02:00:00+00:00,43259.76194836905
2040-02-20 03:00:00+00:00,45515.78905174126
2040-02-20 04:00:00+00:00,49956.28552218678
2040-02-20 05:00:00+00:00,53230.98019753219
2040-02-20 06:00:00+00:00,55620.16489932953
2040-02-20 07:00:00+00:00,56476.97709804816
2040-02-20 08:00:00+00:00,55616.25663116342
2040-02-20 09:00:00+00:00,54525.68379402187
2040-02-20 10:00:00+00:00,53500.42961055029
2040-02-20 11:00:00+00:00,52936.00869676601
2040-02-20 12:00:00+00:00,52433.99989559395
2040-02-20 13:00:00+00:00,52615.77232345063
2040-02-20 14:00:00+00:00,53385.5644933141
2040-02-20 15:00:00+00:00,54894.881209463405
2040-02-20 16:00:00+00:00,56394.68553462196
2040-02-20 17:00:00+00:00,57173.71104482763
2040-02-20 18:00:00+00:00,55896.4592487661
2040-02-20 19:00:00+00:00,54068.95949587468
2040-02-20 20:00:00+00:00,51520.91580986981
2040-02-20 21:00:00+00:00,48421.659574308454
2040-02-20 22:00:00+00:00,45471.19004409407
2040-02-20 23:00:00+00:00,43626.86240586361
2040-02-21 00:00:00+00:00,43589.012009419
2040-02-21 01:00:00+00:00,43283.90880264232
2040-02-21 02:00:00+00:00,43932.36359072418
2040-02-21 03:00:00+00:00,46208.34360998849
2040-02-21 04:00:00+00:00,50793.6787657939
2040-02-21 05:00:00+00:00,54245.805752155524
2040-02-21 06:00:00+00:00,56412.251768460366
2040-02-21 07:00:00+00:00,57589.49709227879
2040-02-21 08:00:00+00:00,57146.6251380524
2040-02-21 09:00:00+00:00,56257.286078624005
2040-02-21 10:00:00+00:00,55449.681817155186
2040-02-21 11:00:00+00:00,55236.95913369816
2040-02-21 12:00:00+00:00,54944.38900014288
2040-02-21 13:00:00+00:00,55167.89391871916
2040-02-21 14:00:00+00:00,55602.66657060887
2040-02-21 15:00:00+00:00,56985.71014467589
2040-02-21 16:00:00+00:00,58208.10049229176
2040-02-21 17:00:00+00:00,58542.71925053859
2040-02-21 18:00:00+00:00,57158.19681073348
2040-02-21 19:00:00+00:00,55308.48089259501
2040-02-21 20:00:00+00:00,52612.979870923096
2040-02-21 21:00:00+00:00,49471.04406758572
2040-02-21 22:00:00+00:00,46184.69417659395
2040-02-21 23:00:00+00:00,44283.5212827967
2040-02-22 00:00:00+00:00,44241.29320204765
2040-02-22 01:00:00+00:00,43694.02131972983
2040-02-22 02:00:00+00:00,44290.50305161964
2040-02-22 03:00:00+00:00,46745.38535065924
2040-02-22 04:00:00+00:00,51596.198978380184
2040-02-22 05:00:00+00:00,54861.90089636673
2040-02-22 06:00:00+00:00,56851.252445147285
2040-02-22 07:00:00+00:00,57771.77786193947
2040-02-22 08:00:00+00:00,57172.49879632039
2040-02-22 09:00:00+00:00,56220.058542748004
2040-02-22 10:00:00+00:00,55264.19354897977
2040-02-22 11:00:00+00:00,55786.87950642968
2040-02-22 12:00:00+00:00,55784.70577013196
2040-02-22 13:00:00+00:00,56088.956315630836
2040-02-22 14:00:00+00:00,56396.61041293236
2040-02-22 15:00:00+00:00,57216.018051236504
2040-02-22 16:00:00+00:00,58339.32666423775
2040-02-22 17:00:00+00:00,58729.516390495075
2040-02-22 18:00:00+00:00,57786.69575004795
2040-02-22 19:00:00+00:00,56040.2765261199
2040-02-22 20:00:00+00:00,53305.12124742956
2040-02-22 21:00:00+00:00,50191.40432261496
2040-02-22 22:00:00+00:00,47130.877886525544
2040-02-22 23:00:00+00:00,45615.5709008222
2040-02-23 00:00:00+00:00,44823.04429038589
2040-02-23 01:00:00+00:00,44599.80855717887
2040-02-23 02:00:00+00:00,45379.41259133777
2040-02-23 03:00:00+00:00,47831.095209192135
2040-02-23 04:00:00+00:00,51538.90772914489
2040-02-23 05:00:00+00:00,53827.96841010031
2040-02-23 06:00:00+00:00,55320.548380494925
2040-02-23 07:00:00+00:00,56750.313966319525
2040-02-23 08:00:00+00:00,57404.71365429596
2040-02-23 09:00:00+00:00,57055.185545413166
2040-02-23 10:00:00+00:00,56247.88130959781
2040-02-23 11:00:00+00:00,55594.80845980188
2040-02-23 12:00:00+00:00,55114.798297274065
2040-02-23 13:00:00+00:00,54802.39332442604
2040-02-23 14:00:00+00:00,54672.95008856781
2040-02-23 15:00:00+00:00,55128.530391561006
2040-02-23 16:00:00+00:00,56510.839058801794
2040-02-23 17:00:00+00:00,57455.08275759013
2040-02-23 18:00:00+00:00,56719.48571650017
2040-02-23 19:00:00+00:00,55196.9342933857
2040-02-23 20:00:00+00:00,52545.61286761264
2040-02-23 21:00:00+00:00,49304.01989608308
2040-02-23 22:00:00+00:00,46376.95846739819
2040-02-23 23:00:00+00:00,44577.70146499912
2040-02-24 00:00:00+00:00,43121.451233828426
2040-02-24 01:00:00+00:00,42911.34259940365
2040-02-24 02:00:00+00:00,43482.363383531185
2040-02-24 03:00:00+00:00,45501.78671360277
2040-02-24 04:00:00+00:00,48296.35543408396
2040-02-24 05:00:00+00:00,49719.84091148218
2040-02-24 06:00:00+00:00,50045.63783494344
2040-02-24 07:00:00+00:00,50464.02026714
2040-02-24 08:00:00+00:00,51018.68197007445
2040-02-24 09:00:00+00:00,51391.93488041235
2040-02-24 10:00:00+00:00,51319.568031937095
2040-02-24 11:00:00+00:00,51079.6831767182
2040-02-24 12:00:00+00:00,50977.79531871441
2040-02-24 13:00:00+00:00,51055.58194360753
2040-02-24 14:00:00+00:00,50942.96387679208
2040-02-24 15:00:00+00:00,51450.62777898066
2040-02-24 16:00:00+00:00,53073.70163094902
2040-02-24 17:00:00+00:00,54691.39308278898
2040-02-24 18:00:00+00:00,54230.71212825393
2040-02-24 19:00:00+00:00,52852.693735362365
2040-02-24 20:00:00+00:00,50403.20462603485
2040-02-24 21:00:00+00:00,47607.59407359102
2040-02-24 22:00:00+00:00,44825.38452854416
2040-02-24 23:00:00+00:00,42964.40787804739
2040-02-25 00:00:00+00:00,41811.0207687677
2040-02-25 01:00:00+00:00,41442.250653380375
2040-02-25 02:00:00+00:00,41940.975575900964
2040-02-25 03:00:00+00:00,43851.90800074513
2040-02-25 04:00:00+00:00,47715.9755645835
2040-02-25 05:00:00+00:00,49929.44424797667
2040-02-25 06:00:00+00:00,50492.52046781822
2040-02-25 07:00:00+00:00,50270.20011799638
2040-02-25 08:00:00+00:00,49649.09871474061
2040-02-25 09:00:00+00:00,49203.45744709213
2040-02-25 10:00:00+00:00,48637.43693272671
2040-02-25 11:00:00+00:00,48627.56002406199
2040-02-25 12:00:00+00:00,48501.79784056151
2040-02-25 13:00:00+00:00,48274.5768786112
2040-02-25 14:00:00+00:00,48569.624544414095
2040-02-25 15:00:00+00:00,49529.0599514584
2040-02-25 16:00:00+00:00,51094.421818717536
2040-02-25 17:00:00+00:00,52812.98046118288
2040-02-25 18:00:00+00:00,52369.11922557677
2040-02-25 19:00:00+00:00,50917.792689510396
2040-02-25 20:00:00+00:00,48687.00204653667
2040-02-25 21:00:00+00:00,46126.81832789453
2040-02-25 22:00:00+00:00,43314.050704463036
2040-02-25 23:00:00+00:00,41954.54035457043
2040-02-26 00:00:00+00:00,41127.407085811814
2040-02-26 01:00:00+00:00,40997.63551361265
2040-02-26 02:00:00+00:00,41583.45345184777
2040-02-26 03:00:00+00:00,43527.55607195669
2040-02-26 04:00:00+00:00,47677.38757552381
2040-02-26 05:00:00+00:00,51115.074936782774
2040-02-26 06:00:00+00:00,53916.173263764504
2040-02-26 07:00:00+00:00,55404.26029527708
2040-02-26 08:00:00+00:00,55444.08767569772
2040-02-26 09:00:00+00:00,54619.94258743564
2040-02-26 10:00:00+00:00,53921.94067015
2040-02-26 11:00:00+00:00,53704.35957106695
2040-02-26 12:00:00+00:00,53305.791158973356
2040-02-26 13:00:00+00:00,53153.30119491069
2040-02-26 14:00:00+00:00,53282.16352736877
2040-02-26 15:00:00+00:00,54180.47878634346
2040-02-26 16:00:00+00:00,55370.01533330519
2040-02-26 17:00:00+00:00,55920.556501338295
2040-02-26 18:00:00+00:00,54906.64604674277
2040-02-26 19:00:00+00:00,53106.08525329249
2040-02-26 20:00:00+00:00,50661.025287968354
2040-02-26 21:00:00+00:00,47701.313536525595
2040-02-26 22:00:00+00:00,44669.879749121
2040-02-26 23:00:00+00:00,42866.62006472343
2040-02-27 00:00:00+00:00,42877.86436123731
2040-02-27 01:00:00+00:00,42606.259055137656
2040-02-27 02:00:00+00:00,43152.82508374856
2040-02-27 03:00:00+00:00,45208.76502627526
2040-02-27 04:00:00+00:00,49456.355386197676
2040-02-27 05:00:00+00:00,52913.2942109196
2040-02-27 06:00:00+00:00,55759.15841346243
2040-02-27 07:00:00+00:00,56282.33682818649
2040-02-27 08:00:00+00:00,55025.4135577074
2040-02-27 09:00:00+00:00,53208.88266546627
2040-02-27 10:00:00+00:00,52061.07604291065
2040-02-27 11:00:00+00:00,51623.68945346827
2040-02-27 12:00:00+00:00,51154.49754768585
2040-02-27 13:00:00+00:00,51172.10205113713
2040-02-27 14:00:00+00:00,51454.1028597604
2040-02-27 15:00:00+00:00,52760.122164049586
2040-02-27 16:00:00+00:00,54572.93257211859
2040-02-27 17:00:00+00:00,56080.799001095394
2040-02-27 18:00:00+00:00,55545.03920402794
2040-02-27 19:00:00+00:00,53721.71725399616
2040-02-27 20:00:00+00:00,51183.470172807756
2040-02-27 21:00:00+00:00,48105.63361866074
2040-02-27 22:00:00+00:00,44983.276521365646
2040-02-27 23:00:00+00:00,43159.39125031242
2040-02-28 00:00:00+00:00,42299.599820131836
2040-02-28 01:00:00+00:00,42022.457568427635
2040-02-28 02:00:00+00:00,42457.317457619894
2040-02-28 03:00:00+00:00,44470.288563524104
2040-02-28 04:00:00+00:00,48628.49776342088
2040-02-28 05:00:00+00:00,51956.545341341145
2040-02-28 06:00:00+00:00,54615.26419800898
2040-02-28 07:00:00+00:00,55911.95447146387
2040-02-28 08:00:00+00:00,55041.76626719311
2040-02-28 09:00:00+00:00,53922.580684972
2040-02-28 10:00:00+00:00,52830.939332232665
2040-02-28 11:00:00+00:00,52222.43525505945
2040-02-28 12:00:00+00:00,52146.78755035354
2040-02-28 13:00:00+00:00,52531.60937775436
2040-02-28 14:00:00+00:00,53037.25409006215
2040-02-28 15:00:00+00:00,54108.43459177904
2040-02-28 16:00:00+00:00,55500.26365770898
2040-02-28 17:00:00+00:00,56177.305770177394
2040-02-28 18:00:00+00:00,55198.653426664496
2040-02-28 19:00:00+00:00,53411.58716959217
2040-02-28 20:00:00+00:00,50899.51212094428
2040-02-28 21:00:00+00:00,48003.35501418993
2040-02-28 22:00:00+00:00,44994.99097122262
2040-02-28 23:00:00+00:00,43237.36937707722
2040-02-29 00:00:00+00:00,42009.993477436314
2040-02-29 01:00:00+00:00,41643.55088332095
2040-02-29 02:00:00+00:00,42061.42018795374
2040-02-29 03:00:00+00:00,43923.6041796089
2040-02-29 04:00:00+00:00,47546.160258649536
2040-02-29 05:00:00+00:00,50734.952736825086
2040-02-29 06:00:00+00:00,53181.827357083064
2040-02-29 07:00:00+00:00,54522.04615897877
2040-02-29 08:00:00+00:00,54550.735996934505
2040-02-29 09:00:00+00:00,53830.09759856416
2040-02-29 10:00:00+00:00,53485.95332560447
2040-02-29 11:00:00+00:00,53392.10637982812
2040-02-29 12:00:00+00:00,53437.13358558705
2040-02-29 13:00:00+00:00,53454.99445505406
2040-02-29 14:00:00+00:00,53442.512535716414
2040-02-29 15:00:00+00:00,53930.56612004662
2040-02-29 16:00:00+00:00,54849.21787357753
2040-02-29 17:00:00+00:00,55079.6153659554
2040-02-29 18:00:00+00:00,54265.62354986851
2040-02-29 19:00:00+00:00,52581.223379536605
2040-02-29 20:00:00+00:00,50108.80512372128
2040-02-29 21:00:00+00:00,47196.50815069543
2040-02-29 22:00:00+00:00,44421.56134120587
2040-02-29 23:00:00+00:00,42675.36606325584
2040-03-01 00:00:00+00:00,42353.79245344732
2040-03-01 01:00:00+00:00,41964.0452579251
2040-03-01 02:00:00+00:00,42579.65968077176
2040-03-01 03:00:00+00:00,44491.88113613143
2040-03-01 04:00:00+00:00,47271.217821857375
2040-03-01 05:00:00+00:00,49412.15740755929
2040-03-01 06:00:00+00:00,51614.21586650455
2040-03-01 07:00:00+00:00,53039.16518905434
2040-03-01 08:00:00+00:00,53130.3111534778
2040-03-01 09:00:00+00:00,52183.820885158195
2040-03-01 10:00:00+00:00,51290.57366763293
2040-03-01 11:00:00+00:00,50502.65616414249
2040-03-01 12:00:00+00:00,50741.50964761416
2040-03-01 13:00:00+00:00,51322.48835779814
2040-03-01 14:00:00+00:00,51425.349607880475
2040-03-01 15:00:00+00:00,52190.7699200922
2040-03-01 16:00:00+00:00,53287.892854726604
2040-03-01 17:00:00+00:00,53749.67398159512
2040-03-01 18:00:00+00:00,53329.27224607228
2040-03-01 19:00:00+00:00,51859.50835459521
2040-03-01 20:00:00+00:00,49503.99666339209
2040-03-01 21:00:00+00:00,46775.377379452104
2040-03-01 22:00:00+00:00,44319.06792900958
2040-03-01 23:00:00+00:00,42770.933125293566
2040-03-02 00:00:00+00:00,41453.608064437125
2040-03-02 01:00:00+00:00,41106.231557986335
2040-03-02 02:00:00+00:00,41496.52583940298
2040-03-02 03:00:00+00:00,43021.43342122478
2040-03-02 04:00:00+00:00,45229.61063452506
2040-03-02 05:00:00+00:00,46361.86634495712
2040-03-02 06:00:00+00:00,46876.026323719234
2040-03-02 07:00:00+00:00,46946.87092418752
2040-03-02 08:00:00+00:00,46961.028232205994
2040-03-02 09:00:00+00:00,46834.66105278195
2040-03-02 10:00:00+00:00,46591.61919096441
2040-03-02 11:00:00+00:00,46209.321210123984
2040-03-02 12:00:00+00:00,46034.28193124152
2040-03-02 13:00:00+00:00,46081.26485873583
2040-03-02 14:00:00+00:00,46215.82777235262
2040-03-02 15:00:00+00:00,47222.98522743519
2040-03-02 16:00:00+00:00,48814.45468940492
2040-03-02 17:00:00+00:00,50595.08456122339
2040-03-02 18:00:00+00:00,50397.056914998306
2040-03-02 19:00:00+00:00,49244.60200559299
2040-03-02 20:00:00+00:00,47108.41353595372
2040-03-02 21:00:00+00:00,44614.71717927594
2040-03-02 22:00:00+00:00,42315.57836125675
2040-03-02 23:00:00+00:00,40617.39564607576
2040-03-03 00:00:00+00:00,39998.82204467515
2040-03-03 01:00:00+00:00,39676.999360023656
2040-03-03 02:00:00+00:00,39950.51202968013
2040-03-03 03:00:00+00:00,41640.60574173968
2040-03-03 04:00:00+00:00,44930.50337190465
2040-03-03 05:00:00+00:00,46894.09318893903
2040-03-03 06:00:00+00:00,47572.38759291741
2040-03-03 07:00:00+00:00,47257.4380125849
2040-03-03 08:00:00+00:00,46694.13656117448
2040-03-03 09:00:00+00:00,46351.347313005885
2040-03-03 10:00:00+00:00,45978.0213715678
2040-03-03 11:00:00+00:00,45853.931987470154
2040-03-03 12:00:00+00:00,45554.83371905731
2040-03-03 13:00:00+00:00,45349.06160113788
2040-03-03 14:00:00+00:00,45550.480234855095
2040-03-03 15:00:00+00:00,46406.854656386495
2040-03-03 16:00:00+00:00,48278.56783066911
2040-03-03 17:00:00+00:00,49998.543672442036
2040-03-03 18:00:00+00:00,49469.02171516477
2040-03-03 19:00:00+00:00,48185.61888521647
2040-03-03 20:00:00+00:00,46190.5191947559
2040-03-03 21:00:00+00:00,43874.571013372
2040-03-03 22:00:00+00:00,41398.992824722576
2040-03-03 23:00:00+00:00,40048.50071955288
2040-03-04 00:00:00+00:00,38046.3364037307
2040-03-04 01:00:00+00:00,37872.213029228355
2040-03-04 02:00:00+00:00,38118.608988218664
2040-03-04 03:00:00+00:00,39437.68527884391
2040-03-04 04:00:00+00:00,42221.07926590637
2040-03-04 05:00:00+00:00,45266.11120840108
2040-03-04 06:00:00+00:00,48231.42353203352
2040-03-04 07:00:00+00:00,49342.49236132519
2040-03-04 08:00:00+00:00,48797.087236197476
2040-03-04 09:00:00+00:00,47761.43228091617
2040-03-04 10:00:00+00:00,46719.6257773028
2040-03-04 11:00:00+00:00,46186.735122104066
2040-03-04 12:00:00+00:00,45824.19917027564
2040-03-04 13:00:00+00:00,45678.8076221189
2040-03-04 14:00:00+00:00,46029.282407781866
2040-03-04 15:00:00+00:00,46915.04050874743
2040-03-04 16:00:00+00:00,48434.208070813445
2040-03-04 17:00:00+00:00,49752.76545150456
2040-03-04 18:00:00+00:00,49311.126785961875
2040-03-04 19:00:00+00:00,47641.97101353338
2040-03-04 20:00:00+00:00,45686.19612559526
2040-03-04 21:00:00+00:00,43529.674109849075
2040-03-04 22:00:00+00:00,41127.204275608485
2040-03-04 23:00:00+00:00,39603.5379848327
2040-03-05 00:00:00+00:00,38305.498056692064
2040-03-05 01:00:00+00:00,38136.25742012834
2040-03-05 02:00:00+00:00,38224.43571481695
2040-03-05 03:00:00+00:00,39162.47677643117
2040-03-05 04:00:00+00:00,41536.99875827947
2040-03-05 05:00:00+00:00,44322.44902291225
2040-03-05 06:00:00+00:00,47400.76062783998
2040-03-05 07:00:00+00:00,48919.7832319024
2040-03-05 08:00:00+00:00,49000.40957772137
2040-03-05 09:00:00+00:00,48202.605951692254
2040-03-05 10:00:00+00:00,47592.26139748497
2040-03-05 11:00:00+00:00,47323.50160719064
2040-03-05 12:00:00+00:00,47253.98597179271
2040-03-05 13:00:00+00:00,47341.96977882661
2040-03-05 14:00:00+00:00,47572.47093367992
2040-03-05 15:00:00+00:00,48345.700844218474
2040-03-05 16:00:00+00:00,49408.357288311716
2040-03-05 17:00:00+00:00,49600.510837760565
2040-03-05 18:00:00+00:00,48853.38223655346
2040-03-05 19:00:00+00:00,47338.50735856741
2040-03-05 20:00:00+00:00,45390.562581907674
2040-03-05 21:00:00+00:00,43141.43518460518
2040-03-05 22:00:00+00:00,41034.58494992612
2040-03-05 23:00:00+00:00,39356.42093712814
2040-03-06 00:00:00+00:00,39051.39357238688
2040-03-06 01:00:00+00:00,38762.33084489413
2040-03-06 02:00:00+00:00,38921.98570451836
2040-03-06 03:00:00+00:00,40051.07591880799
2040-03-06 04:00:00+00:00,42675.97889647151
2040-03-06 05:00:00+00:00,45649.783756027886
2040-03-06 06:00:00+00:00,48528.215769335744
2040-03-06 07:00:00+00:00,49523.75597979732
2040-03-06 08:00:00+00:00,49014.081391605425
2040-03-06 09:00:00+00:00,47594.283900728886
2040-03-06 10:00:00+00:00,46555.292848286175
2040-03-06 11:00:00+00:00,46129.8568291833
2040-03-06 12:00:00+00:00,45947.7746812136
2040-03-06 13:00:00+00:00,46054.62756902793
2040-03-06 14:00:00+00:00,46269.13013801789
2040-03-06 15:00:00+00:00,47114.9021937126
2040-03-06 16:00:00+00:00,48534.66444650426
2040-03-06 17:00:00+00:00,49694.59925990047
2040-03-06 18:00:00+00:00,49511.36116237888
2040-03-06 19:00:00+00:00,47953.432170214
2040-03-06 20:00:00+00:00,45950.3991052708
2040-03-06 21:00:00+00:00,43618.69538642836
2040-03-06 22:00:00+00:00,41354.01678771631
2040-03-06 23:00:00+00:00,39802.668127341836
2040-03-07 00:00:00+00:00,39059.65075960602
2040-03-07 01:00:00+00:00,38745.19333490743
2040-03-07 02:00:00+00:00,38935.21954807767
2040-03-07 03:00:00+00:00,40119.24835843077
2040-03-07 04:00:00+00:00,42702.745659874156
2040-03-07 05:00:00+00:00,45594.17059435322
2040-03-07 06:00:00+00:00,48368.02836053202
2040-03-07 07:00:00+00:00,48851.97331265403
2040-03-07 08:00:00+00:00,48119.119961876495
2040-03-07 09:00:00+00:00,47063.36373680905
2040-03-07 10:00:00+00:00,46592.79542540766
2040-03-07 11:00:00+00:00,46425.46657087306
2040-03-07 12:00:00+00:00,46260.9491499291
2040-03-07 13:00:00+00:00,46525.47898706978
2040-03-07 14:00:00+00:00,47010.03930604638
2040-03-07 15:00:00+00:00,48031.52646102037
2040-03-07 16:00:00+00:00,49293.419201372504
2040-03-07 17:00:00+00:00,50340.45962697538
2040-03-07 18:00:00+00:00,50197.60047143094
2040-03-07 19:00:00+00:00,48825.491369515315
2040-03-07 20:00:00+00:00,46713.29002139501
2040-03-07 21:00:00+00:00,44307.46343974892
2040-03-07 22:00:00+00:00,42152.72703942678
2040-03-07 23:00:00+00:00,40634.59403129548
2040-03-08 00:00:00+00:00,41552.99528554348
2040-03-08 01:00:00+00:00,41324.86581912508
2040-03-08 02:00:00+00:00,41810.641390817655
2040-03-08 03:00:00+00:00,43532.55538151295
2040-03-08 04:00:00+00:00,46183.247067553544
2040-03-08 05:00:00+00:00,48339.287093681225
2040-03-08 06:00:00+00:00,50184.8204063981
2040-03-08 07:00:00+00:00,51369.1509424856
2040-03-08 08:00:00+00:00,51015.27956021189
2040-03-08 09:00:00+00:00,50185.32595741769
2040-03-08 10:00:00+00:00,49480.68377292564
2040-03-08 11:00:00+00:00,48824.36831071803
2040-03-08 12:00:00+00:00,48616.39139657768
2040-03-08 13:00:00+00:00,48430.9371270879
2040-03-08 14:00:00+00:00,48151.95194500876
2040-03-08 15:00:00+00:00,48603.30508790412
2040-03-08 16:00:00+00:00,50074.75661720111
2040-03-08 17:00:00+00:00,51856.97600545858
2040-03-08 18:00:00+00:00,52108.33626762621
2040-03-08 19:00:00+00:00,50906.44244031922
2040-03-08 20:00:00+00:00,48590.87222096487
2040-03-08 21:00:00+00:00,46005.72978729528
2040-03-08 22:00:00+00:00,43645.97119457629
2040-03-08 23:00:00+00:00,42095.39700878536
2040-03-09 00:00:00+00:00,42920.64821780736
2040-03-09 01:00:00+00:00,42521.031233428475
2040-03-09 02:00:00+00:00,43179.03463840247
2040-03-09 03:00:00+00:00,45228.02086740125
2040-03-09 04:00:00+00:00,48207.97957288799
2040-03-09 05:00:00+00:00,49528.023262197145
2040-03-09 06:00:00+00:00,49779.6738431721
2040-03-09 07:00:00+00:00,49735.899179790125
2040-03-09 08:00:00+00:00,49662.113248666596
2040-03-09 09:00:00+00:00,49505.04537739812
2040-03-09 10:00:00+00:00,49313.10573756936
2040-03-09 11:00:00+00:00,49039.10707811364
2040-03-09 12:00:00+00:00,49006.138278106046
2040-03-09 13:00:00+00:00,48916.901321705765
2040-03-09 14:00:00+00:00,48911.11565812477
2040-03-09 15:00:00+00:00,49711.46547073235
2040-03-09 16:00:00+00:00,51712.05663301095
2040-03-09 17:00:00+00:00,53500.06077090611
2040-03-09 18:00:00+00:00,53537.930720816046
2040-03-09 19:00:00+00:00,52380.09391751126
2040-03-09 20:00:00+00:00,49874.53223254228
2040-03-09 21:00:00+00:00,46969.29436168003
2040-03-09 22:00:00+00:00,44169.52916395235
2040-03-09 23:00:00+00:00,42208.03582983855
2040-03-10 00:00:00+00:00,42774.14681753356
2040-03-10 01:00:00+00:00,42436.67719227972
2040-03-10 02:00:00+00:00,43355.05439200546
2040-03-10 03:00:00+00:00,45990.9480896455
2040-03-10 04:00:00+00:00,50875.60310009868
2040-03-10 05:00:00+00:00,53438.80319246082
2040-03-10 06:00:00+00:00,53650.69561392208
2040-03-10 07:00:00+00:00,52942.711313728134
2040-03-10 08:00:00+00:00,52290.17276227024
2040-03-10 09:00:00+00:00,51588.124808302964
2040-03-10 10:00:00+00:00,51019.89835736857
2040-03-10 11:00:00+00:00,50984.283940401154
2040-03-10 12:00:00+00:00,50842.70520159196
2040-03-10 13:00:00+00:00,50528.24848086451
2040-03-10 14:00:00+00:00,50919.5982301509
2040-03-10 15:00:00+00:00,51892.49748060285
2040-03-10 16:00:00+00:00,53416.908208613684
2040-03-10 17:00:00+00:00,55258.84626591628
2040-03-10 18:00:00+00:00,55120.98022193315
2040-03-10 19:00:00+00:00,53552.97936291067
2040-03-10 20:00:00+00:00,50946.972360715234
2040-03-10 21:00:00+00:00,47897.16840695113
2040-03-10 22:00:00+00:00,44718.24721755526
2040-03-10 23:00:00+00:00,43004.27278519316
2040-03-11 00:00:00+00:00,42809.572481375064
2040-03-11 01:00:00+00:00,42667.08333356761
2040-03-11 02:00:00+00:00,43476.432547516684
2040-03-11 03:00:00+00:00,46321.15086566971
2040-03-11 04:00:00+00:00,51682.931798496444
2040-03-11 05:00:00+00:00,55404.866896258776
2040-03-11 06:00:00+00:00,57793.39196848047
2040-03-11 07:00:00+00:00,58904.32950060385
2040-03-11 08:00:00+00:00,58405.02774429324
2040-03-11 09:00:00+00:00,57554.10386402633
2040-03-11 10:00:00+00:00,57131.04777806874
2040-03-11 11:00:00+00:00,56794.5539419977
2040-03-11 12:00:00+00:00,56417.131343120964
2040-03-11 13:00:00+00:00,56542.93650568518
2040-03-11 14:00:00+00:00,56958.30485809951
2040-03-11 15:00:00+00:00,57839.028552149844
2040-03-11 16:00:00+00:00,59181.234538918485
2040-03-11 17:00:00+00:00,59326.81235397243
2040-03-11 18:00:00+00:00,58083.75104440915
2040-03-11 19:00:00+00:00,56072.48134521497
2040-03-11 20:00:00+00:00,53208.19163187145
2040-03-11 21:00:00+00:00,49723.04696854539
2040-03-11 22:00:00+00:00,46238.21188565805
2040-03-11 23:00:00+00:00,44097.6877575298
2040-03-12 00:00:00+00:00,43019.113142021895
2040-03-12 01:00:00+00:00,42793.37765718666
2040-03-12 02:00:00+00:00,43450.579617049094
2040-03-12 03:00:00+00:00,45932.50528719726
2040-03-12 04:00:00+00:00,50770.04224858269
2040-03-12 05:00:00+00:00,54332.71262272464
2040-03-12 06:00:00+00:00,56725.679019852396
2040-03-12 07:00:00+00:00,57903.71293702856
2040-03-12 08:00:00+00:00,57439.432893688776
2040-03-12 09:00:00+00:00,56075.947186755824
2040-03-12 10:00:00+00:00,54872.99363538374
2040-03-12 11:00:00+00:00,54071.34941277903
2040-03-12 12:00:00+00:00,53542.189975576395
2040-03-12 13:00:00+00:00,53654.47230862255
2040-03-12 14:00:00+00:00,54362.25017334513
2040-03-12 15:00:00+00:00,55683.7003358963
2040-03-12 16:00:00+00:00,57244.6615737043
2040-03-12 17:00:00+00:00,57779.71762476205
2040-03-12 18:00:00+00:00,56956.985688148176
2040-03-12 19:00:00+00:00,55217.99445364925
2040-03-12 20:00:00+00:00,52349.719240562954
2040-03-12 21:00:00+00:00,49076.79463031515
2040-03-12 22:00:00+00:00,45702.317462037005
2040-03-12 23:00:00+00:00,43867.28661165581
2040-03-13 00:00:00+00:00,42816.720424516294
2040-03-13 01:00:00+00:00,42447.44653532552
2040-03-13 02:00:00+00:00,43038.502130645924
2040-03-13 03:00:00+00:00,45489.2467288488
2040-03-13 04:00:00+00:00,49987.65380696114
2040-03-13 05:00:00+00:00,53240.37129710659
2040-03-13 06:00:00+00:00,55605.83928881044
2040-03-13 07:00:00+00:00,56570.23309955256
2040-03-13 08:00:00+00:00,56175.29903020934
2040-03-13 09:00:00+00:00,55190.22177231007
2040-03-13 10:00:00+00:00,54335.81999953657
2040-03-13 11:00:00+00:00,53974.301284553185
2040-03-13 12:00:00+00:00,53768.13112573356
2040-03-13 13:00:00+00:00,54062.75965112851
2040-03-13 14:00:00+00:00,54389.28755265217
2040-03-13 15:00:00+00:00,55308.537237062315
2040-03-13 16:00:00+00:00,56748.555652745024
2040-03-13 17:00:00+00:00,57228.579784435104
2040-03-13 18:00:00+00:00,56277.45006963084
2040-03-13 19:00:00+00:00,54521.918925843784
2040-03-13 20:00:00+00:00,51769.22146034613
2040-03-13 21:00:00+00:00,48524.59035216044
2040-03-13 22:00:00+00:00,45352.21607009091
2040-03-13 23:00:00+00:00,43323.7725635464
2040-03-14 00:00:00+00:00,42407.88430686548
2040-03-14 01:00:00+00:00,42134.25515840628
2040-03-14 02:00:00+00:00,42582.35346704387
2040-03-14 03:00:00+00:00,44933.92519081977
2040-03-14 04:00:00+00:00,49332.57934471867
2040-03-14 05:00:00+00:00,52588.58105191165
2040-03-14 06:00:00+00:00,54715.0581485533
2040-03-14 07:00:00+00:00,54596.1478954302
2040-03-14 08:00:00+00:00,53449.089096393174
2040-03-14 09:00:00+00:00,51993.370399851854
2040-03-14 10:00:00+00:00,51417.49066361217
2040-03-14 11:00:00+00:00,51402.08729608297
2040-03-14 12:00:00+00:00,51246.447972665825
2040-03-14 13:00:00+00:00,51225.38278776457
2040-03-14 14:00:00+00:00,51390.142369913716
2040-03-14 15:00:00+00:00,52239.17588143592
2040-03-14 16:00:00+00:00,53578.85102473193
2040-03-14 17:00:00+00:00,54965.214730457694
2040-03-14 18:00:00+00:00,54922.24469236457
2040-03-14 19:00:00+00:00,53573.49315381241
2040-03-14 20:00:00+00:00,50894.71407755167
2040-03-14 21:00:00+00:00,47631.297053315975
2040-03-14 22:00:00+00:00,44727.748503848896
2040-03-14 23:00:00+00:00,43058.038159971344
2040-03-15 00:00:00+00:00,40347.87512602552
2040-03-15 01:00:00+00:00,40198.906256747556
2040-03-15 02:00:00+00:00,40532.33951647331
2040-03-15 03:00:00+00:00,42204.86032999924
2040-03-15 04:00:00+00:00,44773.649905225364
2040-03-15 05:00:00+00:00,46783.24055587752
2040-03-15 06:00:00+00:00,48587.97889285426
2040-03-15 07:00:00+00:00,49801.139598628964
2040-03-15 08:00:00+00:00,50212.37358115292
2040-03-15 09:00:00+00:00,50041.5968874209
2040-03-15 10:00:00+00:00,49407.83903619418
2040-03-15 11:00:00+00:00,48883.884390565436
2040-03-15 12:00:00+00:00,48525.60981628332
2040-03-15 13:00:00+00:00,48504.928501512266
2040-03-15 14:00:00+00:00,48278.29364248868
2040-03-15 15:00:00+00:00,48565.04018125078
2040-03-15 16:00:00+00:00,49751.71296863446
2040-03-15 17:00:00+00:00,50668.509782598165
2040-03-15 18:00:00+00:00,50770.313244279125
2040-03-15 19:00:00+00:00,49412.410207889945
2040-03-15 20:00:00+00:00,47378.45330298362
2040-03-15 21:00:00+00:00,44828.6793832521
2040-03-15 22:00:00+00:00,42654.37860706249
2040-03-15 23:00:00+00:00,41021.84578346005
2040-03-16 00:00:00+00:00,40115.57427912132
2040-03-16 01:00:00+00:00,39743.5467633642
2040-03-16 02:00:00+00:00,40278.44552864072
2040-03-16 03:00:00+00:00,41681.21534302043
2040-03-16 04:00:00+00:00,43845.75466875722
2040-03-16 05:00:00+00:00,44891.82557900391
2040-03-16 06:00:00+00:00,45100.708781305155
2040-03-16 07:00:00+00:00,45489.45213845649
2040-03-16 08:00:00+00:00,45797.05080347901
2040-03-16 09:00:00+00:00,46175.57074979217
2040-03-16 10:00:00+00:00,46049.90038086377
2040-03-16 11:00:00+00:00,45775.31067943289
2040-03-16 12:00:00+00:00,45768.93389381038
2040-03-16 13:00:00+00:00,45522.204098757815
2040-03-16 14:00:00+00:00,45464.34668124925
2040-03-16 15:00:00+00:00,45909.04636718633
2040-03-16 16:00:00+00:00,47432.60031541921
2040-03-16 17:00:00+00:00,49236.00441678319
2040-03-16 18:00:00+00:00,49441.124492389514
2040-03-16 19:00:00+00:00,48460.75865320172
2040-03-16 20:00:00+00:00,46327.85423189027
2040-03-16 21:00:00+00:00,43993.27004692057
2040-03-16 22:00:00+00:00,41771.843799751674
2040-03-16 23:00:00+00:00,40179.01699343632
2040-03-17 00:00:00+00:00,39395.76952037189
2040-03-17 01:00:00+00:00,39061.21741017535
2040-03-17 02:00:00+00:00,39408.19281008621
2040-03-17 03:00:00+00:00,40987.695460423885
2040-03-17 04:00:00+00:00,44004.80236772943
2040-03-17 05:00:00+00:00,45778.485345421745
2040-03-17 06:00:00+00:00,46062.92754972241
2040-03-17 07:00:00+00:00,45589.05232931982
2040-03-17 08:00:00+00:00,45357.40807774159
2040-03-17 09:00:00+00:00,45225.35267303667
2040-03-17 10:00:00+00:00,45227.755450840625
2040-03-17 11:00:00+00:00,45316.27026156692
2040-03-17 12:00:00+00:00,45456.80197325644
2040-03-17 13:00:00+00:00,45356.80687199519
2040-03-17 14:00:00+00:00,45663.71605648823
2040-03-17 15:00:00+00:00,46280.57193377454
2040-03-17 16:00:00+00:00,47908.59643852594
2040-03-17 17:00:00+00:00,49051.940255393936
2040-03-17 18:00:00+00:00,48596.758817693844
2040-03-17 19:00:00+00:00,47521.76852557078
2040-03-17 20:00:00+00:00,45578.045119521295
2040-03-17 21:00:00+00:00,43332.67375414958
2040-03-17 22:00:00+00:00,41007.572541505666
2040-03-17 23:00:00+00:00,39623.69761659933
2040-03-18 00:00:00+00:00,40409.66027056228
2040-03-18 01:00:00+00:00,40141.291233362295
2040-03-18 02:00:00+00:00,40691.950794192555
2040-03-18 03:00:00+00:00,42776.73401980082
2040-03-18 04:00:00+00:00,46743.39159516871
2040-03-18 05:00:00+00:00,49990.21191880851
2040-03-18 06:00:00+00:00,52224.60755435212
2040-03-18 07:00:00+00:00,53212.35345833811
2040-03-18 08:00:00+00:00,52469.19041689445
2040-03-18 09:00:00+00:00,51169.24063645758
2040-03-18 10:00:00+00:00,49869.33457995435
2040-03-18 11:00:00+00:00,49244.08346810257
2040-03-18 12:00:00+00:00,48952.996266642134
2040-03-18 13:00:00+00:00,48933.67602981455
2040-03-18 14:00:00+00:00,49193.42889409629
2040-03-18 15:00:00+00:00,50155.31217605402
2040-03-18 16:00:00+00:00,51507.65893840122
2040-03-18 17:00:00+00:00,52632.364600764166
2040-03-18 18:00:00+00:00,52713.01721812685
2040-03-18 19:00:00+00:00,51231.34379241779
2040-03-18 20:00:00+00:00,48745.999506028675
2040-03-18 21:00:00+00:00,45895.5980599201
2040-03-18 22:00:00+00:00,43186.41835926802
2040-03-18 23:00:00+00:00,41525.76231708932
2040-03-19 00:00:00+00:00,41642.5956837324
2040-03-19 01:00:00+00:00,41354.76238133346
2040-03-19 02:00:00+00:00,41951.885519763404
2040-03-19 03:00:00+00:00,44195.15505228985
2040-03-19 04:00:00+00:00,48436.98374766381
2040-03-19 05:00:00+00:00,51816.548666439834
2040-03-19 06:00:00+00:00,53983.82669838758
2040-03-19 07:00:00+00:00,54549.61025405742
2040-03-19 08:00:00+00:00,53739.28825075877
2040-03-19 09:00:00+00:00,52463.11916747036
2040-03-19 10:00:00+00:00,51216.30338519155
2040-03-19 11:00:00+00:00,50536.83315206623
2040-03-19 12:00:00+00:00,50336.311855438995
2040-03-19 13:00:00+00:00,50530.04176415888
2040-03-19 14:00:00+00:00,50920.131836844135
2040-03-19 15:00:00+00:00,51805.834625259726
2040-03-19 16:00:00+00:00,53106.733750684456
2040-03-19 17:00:00+00:00,54154.1945556381
2040-03-19 18:00:00+00:00,54048.45983869127
2040-03-19 19:00:00+00:00,52423.26587868228
2040-03-19 20:00:00+00:00,49869.306030547465
2040-03-19 21:00:00+00:00,46771.43507709451
2040-03-19 22:00:00+00:00,43745.10568561911
2040-03-19 23:00:00+00:00,41946.46177095368
2040-03-20 00:00:00+00:00,41303.63703975143
2040-03-20 01:00:00+00:00,41035.76538446905
2040-03-20 02:00:00+00:00,41661.02510321547
2040-03-20 03:00:00+00:00,43886.462516245396
2040-03-20 04:00:00+00:00,48178.55356938376
2040-03-20 05:00:00+00:00,51545.0137152464
2040-03-20 06:00:00+00:00,53388.69777707237
2040-03-20 07:00:00+00:00,53446.56061317574
2040-03-20 08:00:00+00:00,52671.067534198395
2040-03-20 09:00:00+00:00,51402.702941360214
2040-03-20 10:00:00+00:00,50835.582728887224
2040-03-20 11:00:00+00:00,50372.414565717714
2040-03-20 12:00:00+00:00,50299.63174588658
2040-03-20 13:00:00+00:00,50313.689898208264
2040-03-20 14:00:00+00:00,50686.302371751415
2040-03-20 15:00:00+00:00,51688.01367405729
2040-03-20 16:00:00+00:00,53136.877138578646
2040-03-20 17:00:00+00:00,54030.50956886076
2040-03-20 18:00:00+00:00,53938.2414934122
2040-03-20 19:00:00+00:00,52506.36168671237
2040-03-20 20:00:00+00:00,49954.53979177186
2040-03-20 21:00:00+00:00,46877.71450385569
2040-03-20 22:00:00+00:00,43900.15048177063
2040-03-20 23:00:00+00:00,41995.59849850839
2040-03-21 00:00:00+00:00,41683.028888810375
2040-03-21 01:00:00+00:00,41575.82660175864
2040-03-21 02:00:00+00:00,42105.84014605104
2040-03-21 03:00:00+00:00,44490.1005775372
2040-03-21 04:00:00+00:00,48927.96084286799
2040-03-21 05:00:00+00:00,52012.26895007504
2040-03-21 06:00:00+00:00,54048.32894436395
2040-03-21 07:00:00+00:00,54645.99715224599
2040-03-21 08:00:00+00:00,53997.742100030155
2040-03-21 09:00:00+00:00,53167.707993986536
2040-03-21 10:00:00+00:00,52568.72229207855
2040-03-21 11:00:00+00:00,52371.95259751281
2040-03-21 12:00:00+00:00,52364.49149221272
2040-03-21 13:00:00+00:00,52306.71359859631
2040-03-21 14:00:00+00:00,52432.81696952837
2040-03-21 15:00:00+00:00,52880.41104283617
2040-03-21 16:00:00+00:00,54211.67874549223
2040-03-21 17:00:00+00:00,55144.71255279761
2040-03-21 18:00:00+00:00,55099.75312556288
2040-03-21 19:00:00+00:00,53667.48334091858
2040-03-21 20:00:00+00:00,50989.37917817629
2040-03-21 21:00:00+00:00,47829.31238948303
2040-03-21 22:00:00+00:00,44819.41028346043
2040-03-21 23:00:00+00:00,43200.546763578364
2040-03-22 00:00:00+00:00,42983.5071205491
2040-03-22 01:00:00+00:00,42818.58739751972
2040-03-22 02:00:00+00:00,43683.78800291081
2040-03-22 03:00:00+00:00,46037.7363520607
2040-03-22 04:00:00+00:00,49520.53364789918
2040-03-22 05:00:00+00:00,51900.785168018294
2040-03-22 06:00:00+00:00,53267.01356461142
2040-03-22 07:00:00+00:00,54523.75506989473
2040-03-22 08:00:00+00:00,55543.743680491214
2040-03-22 09:00:00+00:00,55420.3761736344
2040-03-22 10:00:00+00:00,54903.38148372497
2040-03-22 11:00:00+00:00,54487.44666500573
2040-03-22 12:00:00+00:00,54138.849209236985
2040-03-22 13:00:00+00:00,54027.82108186028
2040-03-22 14:00:00+00:00,53738.13575598327
2040-03-22 15:00:00+00:00,53981.008293296116
2040-03-22 16:00:00+00:00,55208.18283509903
2040-03-22 17:00:00+00:00,55850.300710403186
2040-03-22 18:00:00+00:00,55249.807599084146
2040-03-22 19:00:00+00:00,53900.37733924906
2040-03-22 20:00:00+00:00,51331.018515760974
2040-03-22 21:00:00+00:00,48220.70491092587
2040-03-22 22:00:00+00:00,45350.92632081304
2040-03-22 23:00:00+00:00,43457.56271519797
2040-03-23 00:00:00+00:00,42829.7755336801
2040-03-23 01:00:00+00:00,42535.218874430546
2040-03-23 02:00:00+00:00,43294.37138496056
2040-03-23 03:00:00+00:00,45737.54957205258
2040-03-23 04:00:00+00:00,48973.73765666268
2040-03-23 05:00:00+00:00,50620.70141726565
2040-03-23 06:00:00+00:00,50143.4519231087
2040-03-23 07:00:00+00:00,50020.977998204915
2040-03-23 08:00:00+00:00,50463.230884649194
2040-03-23 09:00:00+00:00,50883.02402273675
2040-03-23 10:00:00+00:00,50631.59541828667
2040-03-23 11:00:00+00:00,50240.22878439104
2040-03-23 12:00:00+00:00,50144.492404093384
2040-03-23 13:00:00+00:00,50047.89681734361
2040-03-23 14:00:00+00:00,50041.750233846185
2040-03-23 15:00:00+00:00,50882.92260314854
2040-03-23 16:00:00+00:00,52324.593516630826
2040-03-23 17:00:00+00:00,53773.57649512272
2040-03-23 18:00:00+00:00,54255.246371814574
2040-03-23 19:00:00+00:00,53472.97441708322
2040-03-23 20:00:00+00:00,50954.48554099932
2040-03-23 21:00:00+00:00,47913.41148999695
2040-03-23 22:00:00+00:00,45074.25392445777
2040-03-23 23:00:00+00:00,43297.015369767134
2040-03-24 00:00:00+00:00,42233.96808451714
2040-03-24 01:00:00+00:00,41961.61799578389
2040-03-24 02:00:00+00:00,42502.29914766943
2040-03-24 03:00:00+00:00,44850.99895670587
2040-03-24 04:00:00+00:00,49315.15400289712
2040-03-24 05:00:00+00:00,51655.50655999535
2040-03-24 06:00:00+00:00,51644.93942415708
2040-03-24 07:00:00+00:00,50876.127020542655
2040-03-24 08:00:00+00:00,50561.91667266089
2040-03-24 09:00:00+00:00,50367.625569115684
2040-03-24 10:00:00+00:00,50085.3720347915
2040-03-24 11:00:00+00:00,50066.63942550869
2040-03-24 12:00:00+00:00,49806.93466428446
2040-03-24 13:00:00+00:00,49763.014475644566
2040-03-24 14:00:00+00:00,50149.70432772865
2040-03-24 15:00:00+00:00,50774.90021880949
2040-03-24 16:00:00+00:00,52189.24027584083
2040-03-24 17:00:00+00:00,53607.88198148151
2040-03-24 18:00:00+00:00,53602.40710083434
2040-03-24 19:00:00+00:00,52459.452806069596
2040-03-24 20:00:00+00:00,50044.63718996353
2040-03-24 21:00:00+00:00,47242.75854943911
2040-03-24 22:00:00+00:00,44122.21437034628
2040-03-24 23:00:00+00:00,42394.808433980215
2040-03-25 00:00:00+00:00,41771.20951758788
2040-03-25 01:00:00+00:00,41535.73112042135
2040-03-25 02:00:00+00:00,42173.00705800632
2040-03-25 03:00:00+00:00,44549.69089444604
2040-03-25 04:00:00+00:00,49087.317401601584
2040-03-25 05:00:00+00:00,52633.01203194483
2040-03-25 06:00:00+00:00,54239.546153509866
2040-03-25 07:00:00+00:00,54237.6952734747
2040-03-25 08:00:00+00:00,52988.68021822356
2040-03-25 09:00:00+00:00,51700.82199457913
2040-03-25 10:00:00+00:00,50893.293026213716
2040-03-25 11:00:00+00:00,50613.81218442036
2040-03-25 12:00:00+00:00,50372.8052897852
2040-03-25 13:00:00+00:00,50326.1892196923
2040-03-25 14:00:00+00:00,50567.519817045504
2040-03-25 15:00:00+00:00,51352.718984224026
2040-03-25 16:00:00+00:00,52800.58842058848
2040-03-25 17:00:00+00:00,54217.42957723672
2040-03-25 18:00:00+00:00,54593.24530430973
2040-03-25 19:00:00+00:00,53348.9336718763
2040-03-25 20:00:00+00:00,50695.62171277955
2040-03-25 21:00:00+00:00,47579.98153059019
2040-03-25 22:00:00+00:00,44673.41315942999
2040-03-25 23:00:00+00:00,42563.9605855649
2040-03-26 00:00:00+00:00,41885.76373087551
2040-03-26 01:00:00+00:00,41658.957775658506
2040-03-26 02:00:00+00:00,42157.85222943508
2040-03-26 03:00:00+00:00,44399.1368069032
2040-03-26 04:00:00+00:00,48822.54685224084
2040-03-26 05:00:00+00:00,52292.74842491321
2040-03-26 06:00:00+00:00,53993.694380282155
2040-03-26 07:00:00+00:00,54138.37347700314
2040-03-26 08:00:00+00:00,53152.661832759855
2040-03-26 09:00:00+00:00,52109.191634026094
2040-03-26 10:00:00+00:00,51590.929188979004
2040-03-26 11:00:00+00:00,51185.997480955455
2040-03-26 12:00:00+00:00,50818.368358744316
2040-03-26 13:00:00+00:00,50820.0212795046
2040-03-26 14:00:00+00:00,51182.78248748109
2040-03-26 15:00:00+00:00,52181.097874512474
2040-03-26 16:00:00+00:00,53349.34162967506
2040-03-26 17:00:00+00:00,54339.847072300865
2040-03-26 18:00:00+00:00,54528.87591710076
2040-03-26 19:00:00+00:00,53139.86442955425
2040-03-26 20:00:00+00:00,50505.52942923517
2040-03-26 21:00:00+00:00,47413.50626481298
2040-03-26 22:00:00+00:00,44251.37940224775
2040-03-26 23:00:00+00:00,42515.953940927815
2040-03-27 00:00:00+00:00,42110.461216075106
2040-03-27 01:00:00+00:00,41934.34945051947
2040-03-27 02:00:00+00:00,42597.2915878025
2040-03-27 03:00:00+00:00,44967.43325738743
2040-03-27 04:00:00+00:00,49376.1156046618
2040-03-27 05:00:00+00:00,52649.16284789788
2040-03-27 06:00:00+00:00,54693.16591525678
2040-03-27 07:00:00+00:00,55238.10124265996
2040-03-27 08:00:00+00:00,55022.608773066306
2040-03-27 09:00:00+00:00,53854.54004257788
2040-03-27 10:00:00+00:00,53077.003825928296
2040-03-27 11:00:00+00:00,52518.218885871865
2040-03-27 12:00:00+00:00,51979.96722582324
2040-03-27 13:00:00+00:00,51696.0521799081
2040-03-27 14:00:00+00:00,51975.84942568899
2040-03-27 15:00:00+00:00,53378.01582496133
2040-03-27 16:00:00+00:00,54371.00658452303
2040-03-27 17:00:00+00:00,54898.376236318145
2040-03-27 18:00:00+00:00,55178.34168178783
2040-03-27 19:00:00+00:00,53906.76527458816
2040-03-27 20:00:00+00:00,51242.13526627425
2040-03-27 21:00:00+00:00,47968.2416392676
2040-03-27 22:00:00+00:00,44843.65186686529
2040-03-27 23:00:00+00:00,43005.26160822386
2040-03-28 00:00:00+00:00,42493.336272777604
2040-03-28 01:00:00+00:00,42082.70823018478
2040-03-28 02:00:00+00:00,42763.00880590176
2040-03-28 03:00:00+00:00,45262.46424457006
2040-03-28 04:00:00+00:00,49873.28167577487
2040-03-28 05:00:00+00:00,53162.492961811244
2040-03-28 06:00:00+00:00,54754.937561101826
2040-03-28 07:00:00+00:00,55432.05689299415
2040-03-28 08:00:00+00:00,55055.371958107484
2040-03-28 09:00:00+00:00,54905.48122634535
2040-03-28 10:00:00+00:00,54116.2667989321
2040-03-28 11:00:00+00:00,53361.43537873994
2040-03-28 12:00:00+00:00,52820.13026921674
2040-03-28 13:00:00+00:00,52849.21008824074
2040-03-28 14:00:00+00:00,52854.96594574027
2040-03-28 15:00:00+00:00,53757.02154251193
2040-03-28 16:00:00+00:00,54702.06988897932
2040-03-28 17:00:00+00:00,55250.80458756053
2040-03-28 18:00:00+00:00,55636.95656592754
2040-03-28 19:00:00+00:00,54523.95017835047
2040-03-28 20:00:00+00:00,51894.59964746836
2040-03-28 21:00:00+00:00,48664.61206223222
2040-03-28 22:00:00+00:00,45610.007312798734
2040-03-28 23:00:00+00:00,43861.134732342114
2040-03-29 00:00:00+00:00,42613.25115468744
2040-03-29 01:00:00+00:00,42430.73750672118
2040-03-29 02:00:00+00:00,43217.67675261989
2040-03-29 03:00:00+00:00,45445.57661287189
2040-03-29 04:00:00+00:00,48703.22473454483
2040-03-29 05:00:00+00:00,51012.55464171613
2040-03-29 06:00:00+00:00,51948.597026367745
2040-03-29 07:00:00+00:00,52641.3728546924
2040-03-29 08:00:00+00:00,52851.66709810305
2040-03-29 09:00:00+00:00,52337.31036379511
2040-03-29 10:00:00+00:00,51662.784131796245
2040-03-29 11:00:00+00:00,50928.10880340237
2040-03-29 12:00:00+00:00,50362.9167773857
2040-03-29 13:00:00+00:00,49981.44114311206
2040-03-29 14:00:00+00:00,49899.59994375704
2040-03-29 15:00:00+00:00,50361.72439806869
2040-03-29 16:00:00+00:00,51625.510775162285
2040-03-29 17:00:00+00:00,52773.21809305271
2040-03-29 18:00:00+00:00,53400.64514295819
2040-03-29 19:00:00+00:00,52185.4862080935
2040-03-29 20:00:00+00:00,49750.320678291646
2040-03-29 21:00:00+00:00,46814.22591658153
2040-03-29 22:00:00+00:00,44195.75835249745
2040-03-29 23:00:00+00:00,42446.745122781576
2040-03-30 00:00:00+00:00,41584.21063890471
2040-03-30 01:00:00+00:00,42135.660097735476
2040-03-30 02:00:00+00:00,43889.11710964344
2040-03-30 03:00:00+00:00,46534.24784699008
2040-03-30 04:00:00+00:00,47503.65742738643
2040-03-30 05:00:00+00:00,47280.3711848386
2040-03-30 06:00:00+00:00,47528.91616232267
2040-03-30 07:00:00+00:00,48531.96621906958
2040-03-30 08:00:00+00:00,49382.525278944464
2040-03-30 09:00:00+00:00,49538.977796335224
2040-03-30 10:00:00+00:00,49462.334822038865
2040-03-30 11:00:00+00:00,49179.26223525223
2040-03-30 12:00:00+00:00,49404.6990388219
2040-03-30 13:00:00+00:00,49387.60070250454
2040-03-30 14:00:00+00:00,49806.87005072519
2040-03-30 15:00:00+00:00,50211.6270901891
2040-03-30 16:00:00+00:00,50823.98720492635
2040-03-30 17:00:00+00:00,51684.68047425248
2040-03-30 18:00:00+00:00,51646.78115334464
2040-03-30 19:00:00+00:00,50003.58655216865
2040-03-30 20:00:00+00:00,47102.534793357816
2040-03-30 21:00:00+00:00,44389.09950285608
2040-03-30 22:00:00+00:00,42472.92292118344
2040-03-30 23:00:00+00:00,41789.591786337114
2040-03-31 00:00:00+00:00,40658.88693230685
2040-03-31 01:00:00+00:00,40931.33080272041
2040-03-31 02:00:00+00:00,42846.99743051662
2040-03-31 03:00:00+00:00,46659.91074002157
2040-03-31 04:00:00+00:00,48685.1924037231
2040-03-31 05:00:00+00:00,49173.36649194048
2040-03-31 06:00:00+00:00,48690.53092366638
2040-03-31 07:00:00+00:00,48143.55038612828
2040-03-31 08:00:00+00:00,47502.000107163
2040-03-31 09:00:00+00:00,46909.59291306043
2040-03-31 10:00:00+00:00,46686.56267513171
2040-03-31 11:00:00+00:00,46623.7246030908
2040-03-31 12:00:00+00:00,46365.208858926606
2040-03-31 13:00:00+00:00,46552.80313325944
2040-03-31 14:00:00+00:00,47443.77884568492
2040-03-31 15:00:00+00:00,48520.521425047424
2040-03-31 16:00:00+00:00,49478.39925037256
2040-03-31 17:00:00+00:00,49218.96542943497
2040-03-31 18:00:00+00:00,48885.834054814484
2040-03-31 19:00:00+00:00,47131.5419457477
2040-03-31 20:00:00+00:00,44765.03668511587
2040-03-31 21:00:00+00:00,42213.54511696604
2040-03-31 22:00:00+00:00,40740.49289940342
2040-03-31 23:00:00+00:00,40110.99334631789
2040-04-01 00:00:00+00:00,39343.13912474826
2040-04-01 01:00:00+00:00,39830.081852412244
2040-04-01 02:00:00+00:00,41744.46289355431
2040-04-01 03:00:00+00:00,45381.07930939595
2040-04-01 04:00:00+00:00,47675.33354248325
2040-04-01 05:00:00+00:00,48487.49154220793
2040-04-01 06:00:00+00:00,48122.15824620853
2040-04-01 07:00:00+00:00,47859.65315225341
2040-04-01 08:00:00+00:00,47777.76652973009
2040-04-01 09:00:00+00:00,47519.78435860445
2040-04-01 10:00:00+00:00,47264.45338497681
2040-04-01 11:00:00+00:00,47131.415740065204
2040-04-01 12:00:00+00:00,46794.80394307748
2040-04-01 13:00:00+00:00,46642.389397615945
2040-04-01 14:00:00+00:00,47257.49165732781
2040-04-01 15:00:00+00:00,47985.274191281795
2040-04-01 16:00:00+00:00,48783.06203089449
2040-04-01 17:00:00+00:00,48286.86125000674
2040-04-01 18:00:00+00:00,48638.578763793026
2040-04-01 19:00:00+00:00,47216.188599558445
2040-04-01 20:00:00+00:00,44765.054265961066
2040-04-01 21:00:00+00:00,42222.57878189295
2040-04-01 22:00:00+00:00,40559.023314355676
2040-04-01 23:00:00+00:00,40042.29878786268
2040-04-02 00:00:00+00:00,39883.03679770658
2040-04-02 01:00:00+00:00,40278.72034308614
2040-04-02 02:00:00+00:00,42318.78949820011
2040-04-02 03:00:00+00:00,46184.37857193603
2040-04-02 04:00:00+00:00,49502.292427159366
2040-04-02 05:00:00+00:00,51915.674612885254
2040-04-02 06:00:00+00:00,52589.39415690652
2040-04-02 07:00:00+00:00,52216.25697465633
2040-04-02 08:00:00+00:00,51410.68705865992
2040-04-02 09:00:00+00:00,50873.08615698325
2040-04-02 10:00:00+00:00,50786.272959289614
2040-04-02 11:00:00+00:00,50591.02042142082
2040-04-02 12:00:00+00:00,50448.82232546326
2040-04-02 13:00:00+00:00,50275.73056548643
2040-04-02 14:00:00+00:00,50950.12354021642
2040-04-02 15:00:00+00:00,51511.445020766674
2040-04-02 16:00:00+00:00,51818.95861310545
2040-04-02 17:00:00+00:00,51398.563745583226
2040-04-02 18:00:00+00:00,51169.3695382395
2040-04-02 19:00:00+00:00,49110.53348381753
2040-04-02 20:00:00+00:00,46243.982087925484
2040-04-02 21:00:00+00:00,43290.773816443514
2040-04-02 22:00:00+00:00,41496.31682177235
2040-04-02 23:00:00+00:00,40763.89769169331
2040-04-03 00:00:00+00:00,40211.9088534045
2040-04-03 01:00:00+00:00,40662.29924632772
2040-04-03 02:00:00+00:00,42533.5172449094
2040-04-03 03:00:00+00:00,46219.9651319952
2040-04-03 04:00:00+00:00,49210.38375976637
2040-04-03 05:00:00+00:00,51724.57808485813
2040-04-03 06:00:00+00:00,52800.13726271492
2040-04-03 07:00:00+00:00,52573.57357476599
2040-04-03 08:00:00+00:00,51732.920225923044
2040-04-03 09:00:00+00:00,50895.989358788705
2040-04-03 10:00:00+00:00,50471.82763884435
2040-04-03 11:00:00+00:00,50322.789283298
2040-04-03 12:00:00+00:00,50415.5876279736
2040-04-03 13:00:00+00:00,50153.25755125887
2040-04-03 14:00:00+00:00,50641.438217639596
2040-04-03 15:00:00+00:00,51421.200473037716
2040-04-03 16:00:00+00:00,51712.21603040403
2040-04-03 17:00:00+00:00,51374.78355268751
2040-04-03 18:00:00+00:00,51164.097274180494
2040-04-03 19:00:00+00:00,49238.78146963506
2040-04-03 20:00:00+00:00,46367.9558006659
2040-04-03 21:00:00+00:00,43437.07616886638
2040-04-03 22:00:00+00:00,41572.821733514975
2040-04-03 23:00:00+00:00,40753.202597002026
2040-04-04 00:00:00+00:00,40282.39791669138
2040-04-04 01:00:00+00:00,40575.69088015576
2040-04-04 02:00:00+00:00,42298.11322450161
2040-04-04 03:00:00+00:00,45948.66328303768
2040-04-04 04:00:00+00:00,48913.962378061966
2040-04-04 05:00:00+00:00,51422.89341271446
2040-04-04 06:00:00+00:00,52836.5749390868
2040-04-04 07:00:00+00:00,52904.101964485366
2040-04-04 08:00:00+00:00,52354.21343974561
2040-04-04 09:00:00+00:00,51327.86001991969
2040-04-04 10:00:00+00:00,50380.02814008294
2040-04-04 11:00:00+00:00,49875.745307108424
2040-04-04 12:00:00+00:00,49745.433432979604
2040-04-04 13:00:00+00:00,49700.24009785013
2040-04-04 14:00:00+00:00,50049.99249017279
2040-04-04 15:00:00+00:00,50691.25915758199
2040-04-04 16:00:00+00:00,51087.77581413536
2040-04-04 17:00:00+00:00,51068.45967461504
2040-04-04 18:00:00+00:00,50785.99259330643
2040-04-04 19:00:00+00:00,48925.05503690816
2040-04-04 20:00:00+00:00,46127.08417573429
2040-04-04 21:00:00+00:00,43365.29779753728
2040-04-04 22:00:00+00:00,41635.52613566423
2040-04-04 23:00:00+00:00,40768.95964628601
2040-04-05 00:00:00+00:00,40044.00599174418
2040-04-05 01:00:00+00:00,40590.71773137117
2040-04-05 02:00:00+00:00,42185.159040636536
2040-04-05 03:00:00+00:00,44684.46776832536
2040-04-05 04:00:00+00:00,46639.73850461492
2040-04-05 05:00:00+00:00,48309.44234599711
2040-04-05 06:00:00+00:00,49383.80957643706
2040-04-05 07:00:00+00:00,50345.73893141812
2040-04-05 08:00:00+00:00,50760.906714763645
2040-04-05 09:00:00+00:00,50960.63219291197
2040-04-05 10:00:00+00:00,50246.7111359209
2040-04-05 11:00:00+00:00,49752.061637234576
2040-04-05 12:00:00+00:00,48959.83398400403
2040-04-05 13:00:00+00:00,47863.81763641097
2040-04-05 14:00:00+00:00,47781.29377493501
2040-04-05 15:00:00+00:00,48328.06725966742
2040-04-05 16:00:00+00:00,48912.06383933834
2040-04-05 17:00:00+00:00,48919.151805693116
2040-04-05 18:00:00+00:00,49326.54439053494
2040-04-05 19:00:00+00:00,47657.48873760865
2040-04-05 20:00:00+00:00,45060.169515585774
2040-04-05 21:00:00+00:00,42709.612850081096
2040-04-05 22:00:00+00:00,41169.99698826147
2040-04-05 23:00:00+00:00,40412.414330439846
2040-04-06 00:00:00+00:00,40359.332300256014
2040-04-06 01:00:00+00:00,40463.62075021726
2040-04-06 02:00:00+00:00,42108.04826404067
2040-04-06 03:00:00+00:00,44543.470899126674
2040-04-06 04:00:00+00:00,45748.26272935567
2040-04-06 05:00:00+00:00,45860.09421132367
2040-04-06 06:00:00+00:00,45888.86171634547
2040-04-06 07:00:00+00:00,46073.415536674045
2040-04-06 08:00:00+00:00,46138.90682368409
2040-04-06 09:00:00+00:00,46168.1982662156
2040-04-06 10:00:00+00:00,45890.173722438776
2040-04-06 11:00:00+00:00,45805.05556179956
2040-04-06 12:00:00+00:00,45862.06576867624
2040-04-06 13:00:00+00:00,45788.71763958656
2040-04-06 14:00:00+00:00,46114.77756805977
2040-04-06 15:00:00+00:00,47054.17598310382
2040-04-06 16:00:00+00:00,47969.24895998106
2040-04-06 17:00:00+00:00,48051.64756804743
2040-04-06 18:00:00+00:00,48301.692947357835
2040-04-06 19:00:00+00:00,46735.25014755818
2040-04-06 20:00:00+00:00,44295.60225395515
2040-04-06 21:00:00+00:00,41923.69316990338
2040-04-06 22:00:00+00:00,40241.40032840826
2040-04-06 23:00:00+00:00,39728.46308540096
2040-04-07 00:00:00+00:00,38515.25516344497
2040-04-07 01:00:00+00:00,38684.74456945673
2040-04-07 02:00:00+00:00,40291.497206940156
2040-04-07 03:00:00+00:00,43317.83353376643
2040-04-07 04:00:00+00:00,45161.12178451803
2040-04-07 05:00:00+00:00,45679.80884731481
2040-04-07 06:00:00+00:00,45023.66792573297
2040-04-07 07:00:00+00:00,44321.020361390256
2040-04-07 08:00:00+00:00,44204.321525067266
2040-04-07 09:00:00+00:00,43855.434095986435
2040-04-07 10:00:00+00:00,44029.38958685444
2040-04-07 11:00:00+00:00,44088.28612127952
2040-04-07 12:00:00+00:00,43942.12283468877
2040-04-07 13:00:00+00:00,43953.874532645335
2040-04-07 14:00:00+00:00,44369.1383845571
2040-04-07 15:00:00+00:00,45525.292228918384
2040-04-07 16:00:00+00:00,46393.611889617474
2040-04-07 17:00:00+00:00,46324.96384995589
2040-04-07 18:00:00+00:00,46167.52881718432
2040-04-07 19:00:00+00:00,44826.28961041622
2040-04-07 20:00:00+00:00,42567.2130777974
2040-04-07 21:00:00+00:00,40316.07387057285
2040-04-07 22:00:00+00:00,38900.937064049016
2040-04-07 23:00:00+00:00,38401.4222825709
2040-04-08 00:00:00+00:00,37753.820983069156
2040-04-08 01:00:00+00:00,38035.569606579986
2040-04-08 02:00:00+00:00,39490.50247403358
2040-04-08 03:00:00+00:00,42466.89794157324
2040-04-08 04:00:00+00:00,45523.2738759214
2040-04-08 05:00:00+00:00,47728.54545473681
2040-04-08 06:00:00+00:00,48311.307803222895
2040-04-08 07:00:00+00:00,47840.142040931554
2040-04-08 08:00:00+00:00,46607.53670754319
2040-04-08 09:00:00+00:00,46150.147623275276
2040-04-08 10:00:00+00:00,45967.82908571333
2040-04-08 11:00:00+00:00,45998.556536237746
2040-04-08 12:00:00+00:00,46350.09706541235
2040-04-08 13:00:00+00:00,46524.42872320659
2040-04-08 14:00:00+00:00,46719.01277529689
2040-04-08 15:00:00+00:00,47109.189666060855
2040-04-08 16:00:00+00:00,47043.52266595713
2040-04-08 17:00:00+00:00,46526.81209878254
2040-04-08 18:00:00+00:00,46639.15423077448
2040-04-08 19:00:00+00:00,45589.288201439405
2040-04-08 20:00:00+00:00,43276.374506716464
2040-04-08 21:00:00+00:00,40999.519204864235
2040-04-08 22:00:00+00:00,39445.27185797645
2040-04-08 23:00:00+00:00,38626.96778407735
2040-04-09 00:00:00+00:00,38207.62423654169
2040-04-09 01:00:00+00:00,38441.61271926566
2040-04-09 02:00:00+00:00,39872.58940875017
2040-04-09 03:00:00+00:00,42918.30463260767
2040-04-09 04:00:00+00:00,45610.43595962652
2040-04-09 05:00:00+00:00,48045.93749616818
2040-04-09 06:00:00+00:00,48817.93311228702
2040-04-09 07:00:00+00:00,48187.09923268102
2040-04-09 08:00:00+00:00,47257.54337331232
2040-04-09 09:00:00+00:00,46760.7584213244
2040-04-09 10:00:00+00:00,46707.44968128012
2040-04-09 11:00:00+00:00,46854.18186868676
2040-04-09 12:00:00+00:00,46984.988261381775
2040-04-09 13:00:00+00:00,47218.7112368873
2040-04-09 14:00:00+00:00,47857.152138138175
2040-04-09 15:00:00+00:00,48635.45643201373
2040-04-09 16:00:00+00:00,48802.03969906554
2040-04-09 17:00:00+00:00,48099.249562740064
2040-04-09 18:00:00+00:00,47772.6516020305
2040-04-09 19:00:00+00:00,46371.43510853363
2040-04-09 20:00:00+00:00,44102.28865608193
2040-04-09 21:00:00+00:00,41730.31119921762
2040-04-09 22:00:00+00:00,39951.662579211545
2040-04-09 23:00:00+00:00,39126.10092841559
2040-04-10 00:00:00+00:00,38276.05502834794
2040-04-10 01:00:00+00:00,38366.196193989745
2040-04-10 02:00:00+00:00,39462.40290057886
2040-04-10 03:00:00+00:00,42112.987414223506
2040-04-10 04:00:00+00:00,44814.99747717535
2040-04-10 05:00:00+00:00,47095.35922599295
2040-04-10 06:00:00+00:00,47517.23931174083
2040-04-10 07:00:00+00:00,46890.933208899805
2040-04-10 08:00:00+00:00,45832.542074824385
2040-04-10 09:00:00+00:00,45245.91671719834
2040-04-10 10:00:00+00:00,44989.719876156945
2040-04-10 11:00:00+00:00,44911.39420447312
2040-04-10 12:00:00+00:00,44958.08131696636
2040-04-10 13:00:00+00:00,45093.557284371
2040-04-10 14:00:00+00:00,45447.45210856273
2040-04-10 15:00:00+00:00,45809.03512083311
2040-04-10 16:00:00+00:00,45955.31032825859
2040-04-10 17:00:00+00:00,45828.58025666606
2040-04-10 18:00:00+00:00,45883.49178832279
2040-04-10 19:00:00+00:00,45199.154671704324
2040-04-10 20:00:00+00:00,43180.57449354874
2040-04-10 21:00:00+00:00,40872.53851072503
2040-04-10 22:00:00+00:00,39400.317203533
2040-04-10 23:00:00+00:00,38663.149553158066
2040-04-11 00:00:00+00:00,37731.53708508933
2040-04-11 01:00:00+00:00,37950.534809360026
2040-04-11 02:00:00+00:00,39063.08665035916
2040-04-11 03:00:00+00:00,41425.512495896925
2040-04-11 04:00:00+00:00,43904.18980539864
2040-04-11 05:00:00+00:00,46404.897553412295
2040-04-11 06:00:00+00:00,47711.75115248198
2040-04-11 07:00:00+00:00,48130.05991002949
2040-04-11 08:00:00+00:00,47591.12702126467
2040-04-11 09:00:00+00:00,47199.34768101847
2040-04-11 10:00:00+00:00,46896.02733417151
2040-04-11 11:00:00+00:00,46474.215740800246
2040-04-11 12:00:00+00:00,46239.77049959017
2040-04-11 13:00:00+00:00,46255.79436213846
2040-04-11 14:00:00+00:00,46633.478574476336
2040-04-11 15:00:00+00:00,47333.75258050623
2040-04-11 16:00:00+00:00,47577.247109904165
2040-04-11 17:00:00+00:00,47009.191752279614
2040-04-11 18:00:00+00:00,46124.338950533616
2040-04-11 19:00:00+00:00,44908.029004694596
2040-04-11 20:00:00+00:00,42739.83173796239
2040-04-11 21:00:00+00:00,40661.60501303164
2040-04-11 22:00:00+00:00,39176.53181523664
2040-04-11 23:00:00+00:00,38320.77871541438
2040-04-12 00:00:00+00:00,37321.12870732738
2040-04-12 01:00:00+00:00,37439.374396701205
2040-04-12 02:00:00+00:00,38227.801378185744
2040-04-12 03:00:00+00:00,39681.27802288231
2040-04-12 04:00:00+00:00,41425.31413468686
2040-04-12 05:00:00+00:00,43282.875833088045
2040-04-12 06:00:00+00:00,44802.72792622528
2040-04-12 07:00:00+00:00,45480.26489558791
2040-04-12 08:00:00+00:00,45102.86006166818
2040-04-12 09:00:00+00:00,44627.6471932672
2040-04-12 10:00:00+00:00,44013.02556416195
2040-04-12 11:00:00+00:00,43717.557295326034
2040-04-12 12:00:00+00:00,43575.343032907105
2040-04-12 13:00:00+00:00,43393.70118153583
2040-04-12 14:00:00+00:00,43306.67521883715
2040-04-12 15:00:00+00:00,43674.787746306545
2040-04-12 16:00:00+00:00,44206.56011979142
2040-04-12 17:00:00+00:00,43893.14823681612
2040-04-12 18:00:00+00:00,43942.62329216617
2040-04-12 19:00:00+00:00,43095.90822260691
2040-04-12 20:00:00+00:00,41355.170953023924
2040-04-12 21:00:00+00:00,39685.786096660806
2040-04-12 22:00:00+00:00,38352.480352836326
2040-04-12 23:00:00+00:00,37464.38056850601
2040-04-13 00:00:00+00:00,34588.40368481906
2040-04-13 01:00:00+00:00,34261.172906969856
2040-04-13 02:00:00+00:00,34151.2192352743
2040-04-13 03:00:00+00:00,34235.24215170424
2040-04-13 04:00:00+00:00,34850.10472987697
2040-04-13 05:00:00+00:00,35318.35355580547
2040-04-13 06:00:00+00:00,35638.33044771949
2040-04-13 07:00:00+00:00,36424.643201075916
2040-04-13 08:00:00+00:00,37055.47146551458
2040-04-13 09:00:00+00:00,37300.035855535076
2040-04-13 10:00:00+00:00,37440.63148889101
2040-04-13 11:00:00+00:00,37389.89966004043
2040-04-13 12:00:00+00:00,37378.36099701737
2040-04-13 13:00:00+00:00,37171.48885668424
2040-04-13 14:00:00+00:00,37312.86440154869
2040-04-13 15:00:00+00:00,37976.13461010197
2040-04-13 16:00:00+00:00,38558.48365330429
2040-04-13 17:00:00+00:00,38394.58857911118
2040-04-13 18:00:00+00:00,38691.908505137966
2040-04-13 19:00:00+00:00,38630.20707073732
2040-04-13 20:00:00+00:00,37584.35218196876
2040-04-13 21:00:00+00:00,36481.99236943023
2040-04-13 22:00:00+00:00,35366.29378320164
2040-04-13 23:00:00+00:00,34587.401574830255
2040-04-14 00:00:00+00:00,34886.49177747066
2040-04-14 01:00:00+00:00,34623.35822705871
2040-04-14 02:00:00+00:00,34964.37477937997
2040-04-14 03:00:00+00:00,36183.83759472259
2040-04-14 04:00:00+00:00,37474.393742078195
2040-04-14 05:00:00+00:00,37975.81718970373
2040-04-14 06:00:00+00:00,37549.79000794016
2040-04-14 07:00:00+00:00,37711.948043351586
2040-04-14 08:00:00+00:00,37775.95501280912
2040-04-14 09:00:00+00:00,37737.353727736416
2040-04-14 10:00:00+00:00,37793.939192729915
2040-04-14 11:00:00+00:00,37998.268886697515
2040-04-14 12:00:00+00:00,37860.92967105858
2040-04-14 13:00:00+00:00,38219.667122228435
2040-04-14 14:00:00+00:00,38372.06443764434
2040-04-14 15:00:00+00:00,39074.64035757761
2040-04-14 16:00:00+00:00,39531.85366175158
2040-04-14 17:00:00+00:00,39264.97419112117
2040-04-14 18:00:00+00:00,39494.66666556721
2040-04-14 19:00:00+00:00,39238.760182426646
2040-04-14 20:00:00+00:00,38055.08630934823
2040-04-14 21:00:00+00:00,36581.516567201135
2040-04-14 22:00:00+00:00,35561.501057629364
2040-04-14 23:00:00+00:00,34935.34427470551
2040-04-15 00:00:00+00:00,35147.984370745595
2040-04-15 01:00:00+00:00,35315.36937468042
2040-04-15 02:00:00+00:00,35969.40217515459
2040-04-15 03:00:00+00:00,37469.49066149572
2040-04-15 04:00:00+00:00,40131.3845620141
2040-04-15 05:00:00+00:00,42415.18692936434
2040-04-15 06:00:00+00:00,42934.90388879218
2040-04-15 07:00:00+00:00,43033.57558539815
2040-04-15 08:00:00+00:00,42981.51977203432
2040-04-15 09:00:00+00:00,42940.54566510077
2040-04-15 10:00:00+00:00,43294.05041592357
2040-04-15 11:00:00+00:00,43614.5103118443
2040-04-15 12:00:00+00:00,44044.30149420468
2040-04-15 13:00:00+00:00,44526.592794083685
2040-04-15 14:00:00+00:00,44651.069060703296
2040-04-15 15:00:00+00:00,44315.10886492091
2040-04-15 16:00:00+00:00,44233.066870859606
2040-04-15 17:00:00+00:00,43181.452132527724
2040-04-15 18:00:00+00:00,43182.94298028539
2040-04-15 19:00:00+00:00,42634.008521117416
2040-04-15 20:00:00+00:00,41010.81857831389
2040-04-15 21:00:00+00:00,39179.83248115525
2040-04-15 22:00:00+00:00,37770.61921319023
2040-04-15 23:00:00+00:00,36881.07976357766
2040-04-16 00:00:00+00:00,35773.985464312704
2040-04-16 01:00:00+00:00,35531.37747138386
2040-04-16 02:00:00+00:00,35778.133015577776
2040-04-16 03:00:00+00:00,36839.23251822201
2040-04-16 04:00:00+00:00,39409.762843615346
2040-04-16 05:00:00+00:00,42152.236988812314
2040-04-16 06:00:00+00:00,43659.71537141274
2040-04-16 07:00:00+00:00,43151.52243812051
2040-04-16 08:00:00+00:00,42392.258258090296
2040-04-16 09:00:00+00:00,42035.77536082643
2040-04-16 10:00:00+00:00,41920.55629043315
2040-04-16 11:00:00+00:00,41774.110958655736
2040-04-16 12:00:00+00:00,41874.719801292566
2040-04-16 13:00:00+00:00,41991.2291148239
2040-04-16 14:00:00+00:00,42403.03786702291
2040-04-16 15:00:00+00:00,43037.88811445034
2040-04-16 16:00:00+00:00,42560.44454922627
2040-04-16 17:00:00+00:00,41572.917940306215
2040-04-16 18:00:00+00:00,41244.51650196905
2040-04-16 19:00:00+00:00,41244.82582697498
2040-04-16 20:00:00+00:00,39884.50297721676
2040-04-16 21:00:00+00:00,38376.13858509393
2040-04-16 22:00:00+00:00,36846.30080700867
2040-04-16 23:00:00+00:00,35968.15100955702
2040-04-17 00:00:00+00:00,36014.29050836571
2040-04-17 01:00:00+00:00,35995.082693021985
2040-04-17 02:00:00+00:00,36381.02895292684
2040-04-17 03:00:00+00:00,37849.84003913254
2040-04-17 04:00:00+00:00,40252.90677530615
2040-04-17 05:00:00+00:00,42660.61305814959
2040-04-17 06:00:00+00:00,43454.763919110315
2040-04-17 07:00:00+00:00,43324.397582314334
2040-04-17 08:00:00+00:00,42748.91661986516
2040-04-17 09:00:00+00:00,42658.27966806137
2040-04-17 10:00:00+00:00,42721.13677935987
2040-04-17 11:00:00+00:00,42755.649765795155
2040-04-17 12:00:00+00:00,42733.85382205154
2040-04-17 13:00:00+00:00,42660.61273105944
2040-04-17 14:00:00+00:00,43276.72652404425
2040-04-17 15:00:00+00:00,43606.688438255675
2040-04-17 16:00:00+00:00,43408.69298864517
2040-04-17 17:00:00+00:00,42790.055044861685
2040-04-17 18:00:00+00:00,42725.1367182851
2040-04-17 19:00:00+00:00,42477.94818408969
2040-04-17 20:00:00+00:00,40890.3817795116
2040-04-17 21:00:00+00:00,39121.61368977853
2040-04-17 22:00:00+00:00,37733.8181156248
2040-04-17 23:00:00+00:00,36775.75608829564
2040-04-18 00:00:00+00:00,38485.00128279257
2040-04-18 01:00:00+00:00,38516.43465908514
2040-04-18 02:00:00+00:00,39631.603669447744
2040-04-18 03:00:00+00:00,42184.23676456654
2040-04-18 04:00:00+00:00,44926.82636060163
2040-04-18 05:00:00+00:00,46788.447469682025
2040-04-18 06:00:00+00:00,47000.57124252908
2040-04-18 07:00:00+00:00,46492.161187408725
2040-04-18 08:00:00+00:00,45889.79034297934
2040-04-18 09:00:00+00:00,45850.56447659744
2040-04-18 10:00:00+00:00,45826.014186582324
2040-04-18 11:00:00+00:00,45710.708143285665
2040-04-18 12:00:00+00:00,45637.48433120715
2040-04-18 13:00:00+00:00,45726.10424155272
2040-04-18 14:00:00+00:00,45967.843093581614
2040-04-18 15:00:00+00:00,46562.009051418885
2040-04-18 16:00:00+00:00,46913.86635260834
2040-04-18 17:00:00+00:00,46586.07545248283
2040-04-18 18:00:00+00:00,46489.29186349109
2040-04-18 19:00:00+00:00,45885.82470349663
2040-04-18 20:00:00+00:00,43711.73505057106
2040-04-18 21:00:00+00:00,41472.97259160925
2040-04-18 22:00:00+00:00,40058.310658784416
2040-04-18 23:00:00+00:00,39106.820045331435
2040-04-19 00:00:00+00:00,39507.91882751355
2040-04-19 01:00:00+00:00,39797.19924542626
2040-04-19 02:00:00+00:00,41104.670187915995
2040-04-19 03:00:00+00:00,43282.477549844734
2040-04-19 04:00:00+00:00,45308.05598315075
2040-04-19 05:00:00+00:00,46980.68677102086
2040-04-19 06:00:00+00:00,48803.16085523866
2040-04-19 07:00:00+00:00,49584.18089823879
2040-04-19 08:00:00+00:00,49333.68980187457
2040-04-19 09:00:00+00:00,48631.69608556844
2040-04-19 10:00:00+00:00,47885.89200655725
2040-04-19 11:00:00+00:00,47478.24129647523
2040-04-19 12:00:00+00:00,47098.128293722024
2040-04-19 13:00:00+00:00,46486.78214774424
2040-04-19 14:00:00+00:00,46506.198480436964
2040-04-19 15:00:00+00:00,47164.38053098536
2040-04-19 16:00:00+00:00,47712.15719252836
2040-04-19 17:00:00+00:00,47460.41276292036
2040-04-19 18:00:00+00:00,47409.29013173722
2040-04-19 19:00:00+00:00,46706.66323545431
2040-04-19 20:00:00+00:00,44520.58210228454
2040-04-19 21:00:00+00:00,42276.041543978565
2040-04-19 22:00:00+00:00,40731.64796925655
2040-04-19 23:00:00+00:00,39909.21043635093
2040-04-20 00:00:00+00:00,38621.67833402445
2040-04-20 01:00:00+00:00,38750.08333426331
2040-04-20 02:00:00+00:00,39678.60889917101
2040-04-20 03:00:00+00:00,41194.90159365644
2040-04-20 04:00:00+00:00,41983.82484613452
2040-04-20 05:00:00+00:00,42212.37317486334
2040-04-20 06:00:00+00:00,42489.33614458003
2040-04-20 07:00:00+00:00,43136.52810791888
2040-04-20 08:00:00+00:00,43396.098211990706
2040-04-20 09:00:00+00:00,43425.455952737284
2040-04-20 10:00:00+00:00,43308.087463356314
2040-04-20 11:00:00+00:00,43208.41626718248
2040-04-20 12:00:00+00:00,43101.10922261686
2040-04-20 13:00:00+00:00,42906.18064803096
2040-04-20 14:00:00+00:00,43211.48609155508
2040-04-20 15:00:00+00:00,44155.845377349535
2040-04-20 16:00:00+00:00,45042.260493300506
2040-04-20 17:00:00+00:00,44899.65839928187
2040-04-20 18:00:00+00:00,44932.6018601566
2040-04-20 19:00:00+00:00,44234.818374616574
2040-04-20 20:00:00+00:00,42383.1911098346
2040-04-20 21:00:00+00:00,40418.41944711982
2040-04-20 22:00:00+00:00,39002.39528050629
2040-04-20 23:00:00+00:00,38442.32267282033
2040-04-21 00:00:00+00:00,37538.99628238814
2040-04-21 01:00:00+00:00,37549.438856585846
2040-04-21 02:00:00+00:00,38600.12623419823
2040-04-21 03:00:00+00:00,40726.83449237156
2040-04-21 04:00:00+00:00,42407.903523084125
2040-04-21 05:00:00+00:00,42635.39428731399
2040-04-21 06:00:00+00:00,42101.080465800354
2040-04-21 07:00:00+00:00,41535.642082345046
2040-04-21 08:00:00+00:00,41242.68855395862
2040-04-21 09:00:00+00:00,41133.977820669155
2040-04-21 10:00:00+00:00,41223.542242945354
2040-04-21 11:00:00+00:00,41133.798481414975
2040-04-21 12:00:00+00:00,41012.53905690456
2040-04-21 13:00:00+00:00,41313.664959396796
2040-04-21 14:00:00+00:00,41845.86898002103
2040-04-21 15:00:00+00:00,42661.34965849759
2040-04-21 16:00:00+00:00,43055.68611951912
2040-04-21 17:00:00+00:00,42731.64304118263
2040-04-21 18:00:00+00:00,42669.114255580884
2040-04-21 19:00:00+00:00,42633.918682047275
2040-04-21 20:00:00+00:00,41162.30906328076
2040-04-21 21:00:00+00:00,39261.228301822826
2040-04-21 22:00:00+00:00,37936.46687746221
2040-04-21 23:00:00+00:00,37240.725943930745
2040-04-22 00:00:00+00:00,36186.73022992166
2040-04-22 01:00:00+00:00,36219.43429607035
2040-04-22 02:00:00+00:00,37105.099022444796
2040-04-22 03:00:00+00:00,39210.79429375012
2040-04-22 04:00:00+00:00,42058.241401221545
2040-04-22 05:00:00+00:00,44156.29902746613
2040-04-22 06:00:00+00:00,44902.775555514476
2040-04-22 07:00:00+00:00,44546.58856380223
2040-04-22 08:00:00+00:00,43706.7526317777
2040-04-22 09:00:00+00:00,43422.880040222604
2040-04-22 10:00:00+00:00,43251.46730292974
2040-04-22 11:00:00+00:00,43247.302748198024
2040-04-22 12:00:00+00:00,43161.075938550006
2040-04-22 13:00:00+00:00,43087.76726492814
2040-04-22 14:00:00+00:00,43506.16935800959
2040-04-22 15:00:00+00:00,43914.35103588981
2040-04-22 16:00:00+00:00,43937.094772544086
2040-04-22 17:00:00+00:00,43399.877767530845
2040-04-22 18:00:00+00:00,43319.29495754463
2040-04-22 19:00:00+00:00,43368.94418027998
2040-04-22 20:00:00+00:00,41745.57570659563
2040-04-22 21:00:00+00:00,39734.6106186105
2040-04-22 22:00:00+00:00,38304.6051918688
2040-04-22 23:00:00+00:00,37501.47248629245
2040-04-23 00:00:00+00:00,35976.19085770363
2040-04-23 01:00:00+00:00,35926.90784758641
2040-04-23 02:00:00+00:00,36366.82443521273
2040-04-23 03:00:00+00:00,37854.5063343725
2040-04-23 04:00:00+00:00,40387.3439237196
2040-04-23 05:00:00+00:00,42271.44467276882
2040-04-23 06:00:00+00:00,42720.93225057257
2040-04-23 07:00:00+00:00,42193.51958801597
2040-04-23 08:00:00+00:00,41510.0783636062
2040-04-23 09:00:00+00:00,41245.014421433974
2040-04-23 10:00:00+00:00,41137.3438703587
2040-04-23 11:00:00+00:00,41214.33725354861
2040-04-23 12:00:00+00:00,41099.437489525284
2040-04-23 13:00:00+00:00,41326.587521015135
2040-04-23 14:00:00+00:00,41798.13602830414
2040-04-23 15:00:00+00:00,42652.39541757752
2040-04-23 16:00:00+00:00,43188.467213113894
2040-04-23 17:00:00+00:00,42745.48401383824
2040-04-23 18:00:00+00:00,42503.748789379206
2040-04-23 19:00:00+00:00,42014.77805151121
2040-04-23 20:00:00+00:00,40517.257293869705
2040-04-23 21:00:00+00:00,38781.46725653362
2040-04-23 22:00:00+00:00,37299.28776372945
2040-04-23 23:00:00+00:00,36486.9401946973
2040-04-24 00:00:00+00:00,35453.053105884785
2040-04-24 01:00:00+00:00,35280.07707513283
2040-04-24 02:00:00+00:00,35532.174991406966
2040-04-24 03:00:00+00:00,36567.171759225705
2040-04-24 04:00:00+00:00,38820.02050826966
2040-04-24 05:00:00+00:00,41097.96551616234
2040-04-24 06:00:00+00:00,42057.90813146879
2040-04-24 07:00:00+00:00,41994.4970978449
2040-04-24 08:00:00+00:00,41581.37637856323
2040-04-24 09:00:00+00:00,41194.25360706447
2040-04-24 10:00:00+00:00,41188.5370598578
2040-04-24 11:00:00+00:00,41275.28866405809
2040-04-24 12:00:00+00:00,41268.850949053165
2040-04-24 13:00:00+00:00,41264.771679603786
2040-04-24 14:00:00+00:00,41663.88530280812
2040-04-24 15:00:00+00:00,42192.3246767108
2040-04-24 16:00:00+00:00,41989.62972696021
2040-04-24 17:00:00+00:00,41452.75462307944
2040-04-24 18:00:00+00:00,41196.12444989925
2040-04-24 19:00:00+00:00,41238.15179285295
2040-04-24 20:00:00+00:00,39977.688170293004
2040-04-24 21:00:00+00:00,38350.25088754202
2040-04-24 22:00:00+00:00,36864.63644645053
2040-04-24 23:00:00+00:00,35807.484607056685
2040-04-25 00:00:00+00:00,38249.89117438067
2040-04-25 01:00:00+00:00,38386.38083277463
2040-04-25 02:00:00+00:00,39499.358512429426
2040-04-25 03:00:00+00:00,41957.41053284184
2040-04-25 04:00:00+00:00,44612.60194513478
2040-04-25 05:00:00+00:00,46517.03389227194
2040-04-25 06:00:00+00:00,47286.75738624662
2040-04-25 07:00:00+00:00,47046.625330513954
2040-04-25 08:00:00+00:00,46759.138094529306
2040-04-25 09:00:00+00:00,46559.65200768687
2040-04-25 10:00:00+00:00,46765.73922828219
2040-04-25 11:00:00+00:00,46560.0391075161
2040-04-25 12:00:00+00:00,46409.540567553784
2040-04-25 13:00:00+00:00,46426.66484159283
2040-04-25 14:00:00+00:00,47390.81549735317
2040-04-25 15:00:00+00:00,48394.324703925835
2040-04-25 16:00:00+00:00,48676.419224618956
2040-04-25 17:00:00+00:00,48076.96594168161
2040-04-25 18:00:00+00:00,47332.80875420808
2040-04-25 19:00:00+00:00,46071.01676997584
2040-04-25 20:00:00+00:00,43839.26402563892
2040-04-25 21:00:00+00:00,41583.75356399925
2040-04-25 22:00:00+00:00,40013.30864032699
2040-04-25 23:00:00+00:00,39114.62557505037
2040-04-26 00:00:00+00:00,39468.90846609278
2040-04-26 01:00:00+00:00,39751.64448983701
2040-04-26 02:00:00+00:00,41037.5615501628
2040-04-26 03:00:00+00:00,43113.06948831897
2040-04-26 04:00:00+00:00,44979.83738843655
2040-04-26 05:00:00+00:00,46376.77580423685
2040-04-26 06:00:00+00:00,47496.215753965655
2040-04-26 07:00:00+00:00,47662.25254953546
2040-04-26 08:00:00+00:00,47489.67466585714
2040-04-26 09:00:00+00:00,46956.79973725513
2040-04-26 10:00:00+00:00,46592.27283297504
2040-04-26 11:00:00+00:00,46252.83731984562
2040-04-26 12:00:00+00:00,46270.79716607621
2040-04-26 13:00:00+00:00,45553.88676085095
2040-04-26 14:00:00+00:00,45655.02371563127
2040-04-26 15:00:00+00:00,46149.63505116827
2040-04-26 16:00:00+00:00,46542.79112277006
2040-04-26 17:00:00+00:00,46343.66580770993
2040-04-26 18:00:00+00:00,46172.519994592185
2040-04-26 19:00:00+00:00,45537.274813868404
2040-04-26 20:00:00+00:00,43479.49691856888
2040-04-26 21:00:00+00:00,41458.60859332216
2040-04-26 22:00:00+00:00,39883.244679620475
2040-04-26 23:00:00+00:00,39052.055403301034
2040-04-27 00:00:00+00:00,38411.27020606369
2040-04-27 01:00:00+00:00,38459.71168963726
2040-04-27 02:00:00+00:00,39488.94882490329
2040-04-27 03:00:00+00:00,41146.15957888901
2040-04-27 04:00:00+00:00,41882.217716244595
2040-04-27 05:00:00+00:00,41816.128023704325
2040-04-27 06:00:00+00:00,42172.28345444312
2040-04-27 07:00:00+00:00,42726.52860852312
2040-04-27 08:00:00+00:00,43417.82313441313
2040-04-27 09:00:00+00:00,43143.468207129874
2040-04-27 10:00:00+00:00,42855.03414525243
2040-04-27 11:00:00+00:00,42887.85852843184
2040-04-27 12:00:00+00:00,42639.991562927695
2040-04-27 13:00:00+00:00,42544.523391552466
2040-04-27 14:00:00+00:00,42689.86789081755
2040-04-27 15:00:00+00:00,43493.263502228816
2040-04-27 16:00:00+00:00,44252.49793618508
2040-04-27 17:00:00+00:00,44249.536381697515
2040-04-27 18:00:00+00:00,44091.34358367267
2040-04-27 19:00:00+00:00,43456.22494717025
2040-04-27 20:00:00+00:00,41829.65844766742
2040-04-27 21:00:00+00:00,40003.64696723551
2040-04-27 22:00:00+00:00,38624.27732381033
2040-04-27 23:00:00+00:00,37961.35905383042
2040-04-28 00:00:00+00:00,37019.991837676964
2040-04-28 01:00:00+00:00,37285.64731548623
2040-04-28 02:00:00+00:00,38260.8410433782
2040-04-28 03:00:00+00:00,40721.55119064243
2040-04-28 04:00:00+00:00,42429.28492078903
2040-04-28 05:00:00+00:00,42436.86286124826
2040-04-28 06:00:00+00:00,42367.7296294313
2040-04-28 07:00:00+00:00,42107.89670456567
2040-04-28 08:00:00+00:00,42171.77408736984
2040-04-28 09:00:00+00:00,42219.75162669242
2040-04-28 10:00:00+00:00,42657.877353300224
2040-04-28 11:00:00+00:00,42458.03300299328
2040-04-28 12:00:00+00:00,42578.05251987521
2040-04-28 13:00:00+00:00,43083.39987934232
2040-04-28 14:00:00+00:00,43365.733674358176
2040-04-28 15:00:00+00:00,44147.56699453941
2040-04-28 16:00:00+00:00,44487.752045854664
2040-04-28 17:00:00+00:00,43818.379591619436
2040-04-28 18:00:00+00:00,43414.8179314514
2040-04-28 19:00:00+00:00,43072.20068137122
2040-04-28 20:00:00+00:00,41617.62396988661
2040-04-28 21:00:00+00:00,39694.42911164937
2040-04-28 22:00:00+00:00,38441.838266793966
2040-04-28 23:00:00+00:00,37796.99265882329
2040-04-29 00:00:00+00:00,37234.78450231964
2040-04-29 01:00:00+00:00,37404.09017235023
2040-04-29 02:00:00+00:00,38472.38907244219
2040-04-29 03:00:00+00:00,40925.29283530394
2040-04-29 04:00:00+00:00,43542.54226568505
2040-04-29 05:00:00+00:00,45095.761039153906
2040-04-29 06:00:00+00:00,45325.153020192425
2040-04-29 07:00:00+00:00,44784.66762259601
2040-04-29 08:00:00+00:00,44054.5995038706
2040-04-29 09:00:00+00:00,43754.24364472406
2040-04-29 10:00:00+00:00,43726.25278191273
2040-04-29 11:00:00+00:00,43700.66464044956
2040-04-29 12:00:00+00:00,43711.26021261944
2040-04-29 13:00:00+00:00,43901.57500808251
2040-04-29 14:00:00+00:00,44495.28845711336
2040-04-29 15:00:00+00:00,44898.57715574903
2040-04-29 16:00:00+00:00,44935.07367073065
2040-04-29 17:00:00+00:00,44353.95183524993
2040-04-29 18:00:00+00:00,43986.840792213115
2040-04-29 19:00:00+00:00,43624.21104213544
2040-04-29 20:00:00+00:00,42120.829197837906
2040-04-29 21:00:00+00:00,40024.15185924674
2040-04-29 22:00:00+00:00,38532.326727122934
2040-04-29 23:00:00+00:00,37712.15713817036
2040-04-30 00:00:00+00:00,36722.60166264577
2040-04-30 01:00:00+00:00,36722.62010397075
2040-04-30 02:00:00+00:00,37570.441222432164
2040-04-30 03:00:00+00:00,39640.29084624708
2040-04-30 04:00:00+00:00,42140.57579831094
2040-04-30 05:00:00+00:00,44057.96733393812
2040-04-30 06:00:00+00:00,44604.25488481441
2040-04-30 07:00:00+00:00,44318.72306464051
2040-04-30 08:00:00+00:00,43617.63553338822
2040-04-30 09:00:00+00:00,43234.67224376373
2040-04-30 10:00:00+00:00,43047.65942443358
2040-04-30 11:00:00+00:00,43156.70441137706
2040-04-30 12:00:00+00:00,43238.629688107074
2040-04-30 13:00:00+00:00,43327.118921858135
2040-04-30 14:00:00+00:00,43825.17964593627
2040-04-30 15:00:00+00:00,44400.025262612
2040-04-30 16:00:00+00:00,44160.26814494297
2040-04-30 17:00:00+00:00,43544.56726641345
2040-04-30 18:00:00+00:00,42896.783276470975
2040-04-30 19:00:00+00:00,42824.71099262913
2040-04-30 20:00:00+00:00,41587.13373168062
2040-04-30 21:00:00+00:00,39573.73043325437
2040-04-30 22:00:00+00:00,38299.1914001676
2040-04-30 23:00:00+00:00,37361.98310139201
2040-05-01 00:00:00+00:00,36178.13372553169
2040-05-01 01:00:00+00:00,36269.443007515656
2040-05-01 02:00:00+00:00,36931.352826974544
2040-05-01 03:00:00+00:00,38568.68322858847
2040-05-01 04:00:00+00:00,40656.2097635493
2040-05-01 05:00:00+00:00,42023.52661367945
2040-05-01 06:00:00+00:00,42685.92731084073
2040-05-01 07:00:00+00:00,42722.51656856762
2040-05-01 08:00:00+00:00,42422.07587827378
2040-05-01 09:00:00+00:00,42362.68518548205
2040-05-01 10:00:00+00:00,42420.73025241883
2040-05-01 11:00:00+00:00,42759.80336266689
2040-05-01 12:00:00+00:00,42791.96286850345
2040-05-01 13:00:00+00:00,42707.643130532895
2040-05-01 14:00:00+00:00,43056.42093309988
2040-05-01 15:00:00+00:00,43208.00206766024
2040-05-01 16:00:00+00:00,43280.87189322033
2040-05-01 17:00:00+00:00,42647.779279563576
2040-05-01 18:00:00+00:00,42450.39842497664
2040-05-01 19:00:00+00:00,42251.936099340994
2040-05-01 20:00:00+00:00,41161.60640684084
2040-05-01 21:00:00+00:00,39491.999633629166
2040-05-01 22:00:00+00:00,37993.76821939094
2040-05-01 23:00:00+00:00,37156.87635484383
2040-05-02 00:00:00+00:00,36395.07612337255
2040-05-02 01:00:00+00:00,36321.75004881543
2040-05-02 02:00:00+00:00,36623.383297476066
2040-05-02 03:00:00+00:00,37932.14703269242
2040-05-02 04:00:00+00:00,39943.245969974654
2040-05-02 05:00:00+00:00,41100.44079606741
2040-05-02 06:00:00+00:00,41757.313562708914
2040-05-02 07:00:00+00:00,41887.81040823515
2040-05-02 08:00:00+00:00,41963.08931315354
2040-05-02 09:00:00+00:00,42069.682320957654
2040-05-02 10:00:00+00:00,42349.886114006775
2040-05-02 11:00:00+00:00,42678.68688178591
2040-05-02 12:00:00+00:00,42694.38276671098
2040-05-02 13:00:00+00:00,42599.02490639946
2040-05-02 14:00:00+00:00,42778.63340337535
2040-05-02 15:00:00+00:00,43000.23202205723
2040-05-02 16:00:00+00:00,43122.995990545634
2040-05-02 17:00:00+00:00,42832.06253006151
2040-05-02 18:00:00+00:00,42408.49854175854
2040-05-02 19:00:00+00:00,41631.71626274783
2040-05-02 20:00:00+00:00,40487.739932122466
2040-05-02 21:00:00+00:00,39016.77805028444
2040-05-02 22:00:00+00:00,37704.51370368675
2040-05-02 23:00:00+00:00,36842.258329899174
2040-05-03 00:00:00+00:00,36819.877841024776
2040-05-03 01:00:00+00:00,36787.2420322609
2040-05-03 02:00:00+00:00,37172.96701107074
2040-05-03 03:00:00+00:00,38288.86227856432
2040-05-03 04:00:00+00:00,39519.46203539087
2040-05-03 05:00:00+00:00,41237.983989410386
2040-05-03 06:00:00+00:00,43072.468897893
2040-05-03 07:00:00+00:00,44359.68503857874
2040-05-03 08:00:00+00:00,44830.94256777808
2040-05-03 09:00:00+00:00,44921.979229825556
2040-05-03 10:00:00+00:00,44875.67874047752
2040-05-03 11:00:00+00:00,44532.37857139713
2040-05-03 12:00:00+00:00,44188.839907418056
2040-05-03 13:00:00+00:00,43688.77037378039
2040-05-03 14:00:00+00:00,43306.1663129837
2040-05-03 15:00:00+00:00,43529.41309482936
2040-05-03 16:00:00+00:00,43441.351691383956
2040-05-03 17:00:00+00:00,42399.4141562735
2040-05-03 18:00:00+00:00,41942.72926935806
2040-05-03 19:00:00+00:00,41455.40895220837
2040-05-03 20:00:00+00:00,40484.64174304134
2040-05-03 21:00:00+00:00,39094.942047235985
2040-05-03 22:00:00+00:00,37840.55592546053
2040-05-03 23:00:00+00:00,36872.571865494334
2040-05-04 00:00:00+00:00,35784.380401958166
2040-05-04 01:00:00+00:00,35593.458034003976
2040-05-04 02:00:00+00:00,35806.5377642374
2040-05-04 03:00:00+00:00,36327.22881290525
2040-05-04 04:00:00+00:00,36651.846388965496
2040-05-04 05:00:00+00:00,36597.323538943536
2040-05-04 06:00:00+00:00,36877.39804760837
2040-05-04 07:00:00+00:00,37874.74515608637
2040-05-04 08:00:00+00:00,38548.925244807164
2040-05-04 09:00:00+00:00,38911.29303021466
2040-05-04 10:00:00+00:00,38969.29412566971
2040-05-04 11:00:00+00:00,38997.52727599946
2040-05-04 12:00:00+00:00,39043.9608060583
2040-05-04 13:00:00+00:00,39140.90381170587
2040-05-04 14:00:00+00:00,39448.623937774246
2040-05-04 15:00:00+00:00,40625.87990043532
2040-05-04 16:00:00+00:00,41194.29778699514
2040-05-04 17:00:00+00:00,40759.97625240328
2040-05-04 18:00:00+00:00,40018.45209732972
2040-05-04 19:00:00+00:00,39740.525569678204
2040-05-04 20:00:00+00:00,38739.42631044247
2040-05-04 21:00:00+00:00,37506.992265321845
2040-05-04 22:00:00+00:00,36361.05169421897
2040-05-04 23:00:00+00:00,35655.62313188091
2040-05-05 00:00:00+00:00,34398.88010344337
2040-05-05 01:00:00+00:00,34220.45116039904
2040-05-05 02:00:00+00:00,34210.43318884728
2040-05-05 03:00:00+00:00,35020.853644773706
2040-05-05 04:00:00+00:00,35945.94010900037
2040-05-05 05:00:00+00:00,36478.87809504608
2040-05-05 06:00:00+00:00,36469.670688606755
2040-05-05 07:00:00+00:00,36559.95332720904
2040-05-05 08:00:00+00:00,36734.56234188151
2040-05-05 09:00:00+00:00,36804.03494364829
2040-05-05 10:00:00+00:00,37121.680970186564
2040-05-05 11:00:00+00:00,37169.46867129397
2040-05-05 12:00:00+00:00,37299.13212774739
2040-05-05 13:00:00+00:00,37322.509237474485
2040-05-05 14:00:00+00:00,37657.8060856132
2040-05-05 15:00:00+00:00,38060.41977024483
2040-05-05 16:00:00+00:00,38236.100821635315
2040-05-05 17:00:00+00:00,37612.34901177223
2040-05-05 18:00:00+00:00,37492.91617158499
2040-05-05 19:00:00+00:00,37699.94532490431
2040-05-05 20:00:00+00:00,37349.316161438226
2040-05-05 21:00:00+00:00,36282.19396580231
2040-05-05 22:00:00+00:00,35269.33087501069
2040-05-05 23:00:00+00:00,34553.497911647275
2040-05-06 00:00:00+00:00,33821.29965140238
2040-05-06 01:00:00+00:00,33725.23217915704
2040-05-06 02:00:00+00:00,33914.10101050466
2040-05-06 03:00:00+00:00,34882.95225718093
2040-05-06 04:00:00+00:00,36883.7709784692
2040-05-06 05:00:00+00:00,38766.117393641776
2040-05-06 06:00:00+00:00,39551.57299347276
2040-05-06 07:00:00+00:00,39690.941108560626
2040-05-06 08:00:00+00:00,39235.20601385978
2040-05-06 09:00:00+00:00,39240.42837375385
2040-05-06 10:00:00+00:00,39338.99502281462
2040-05-06 11:00:00+00:00,39437.74062915477
2040-05-06 12:00:00+00:00,39569.31367158024
2040-05-06 13:00:00+00:00,39639.53186985362
2040-05-06 14:00:00+00:00,40168.311114155964
2040-05-06 15:00:00+00:00,40787.89838185378
2040-05-06 16:00:00+00:00,40830.551817661435
2040-05-06 17:00:00+00:00,39983.55289132548
2040-05-06 18:00:00+00:00,39486.10102302003
2040-05-06 19:00:00+00:00,38980.312481316185
2040-05-06 20:00:00+00:00,38251.064026681095
2040-05-06 21:00:00+00:00,36950.85342465449
2040-05-06 22:00:00+00:00,35695.20398485264
2040-05-06 23:00:00+00:00,34843.27184662221
2040-05-07 00:00:00+00:00,34412.845623683126
2040-05-07 01:00:00+00:00,34240.23153440161
2040-05-07 02:00:00+00:00,34299.50350670925
2040-05-07 03:00:00+00:00,35145.34924843902
2040-05-07 04:00:00+00:00,37068.73958881824
2040-05-07 05:00:00+00:00,38701.56711603533
2040-05-07 06:00:00+00:00,39418.75585766506
2040-05-07 07:00:00+00:00,39351.086404477224
2040-05-07 08:00:00+00:00,39160.77984756153
2040-05-07 09:00:00+00:00,38949.42060571468
2040-05-07 10:00:00+00:00,39135.91765353002
2040-05-07 11:00:00+00:00,39307.116815096866
2040-05-07 12:00:00+00:00,39454.91737156061
2040-05-07 13:00:00+00:00,39645.5515923967
2040-05-07 14:00:00+00:00,39896.315161869636
2040-05-07 15:00:00+00:00,40120.79882436317
2040-05-07 16:00:00+00:00,39798.20319094422
2040-05-07 17:00:00+00:00,39103.62318277068
2040-05-07 18:00:00+00:00,38875.34362048754
2040-05-07 19:00:00+00:00,39016.83935850593
2040-05-07 20:00:00+00:00,38466.32024266543
2040-05-07 21:00:00+00:00,37159.7815423967
2040-05-07 22:00:00+00:00,35925.88850604637
2040-05-07 23:00:00+00:00,35003.853477334254
2040-05-08 00:00:00+00:00,35352.13986836933
2040-05-08 01:00:00+00:00,35238.98017530006
2040-05-08 02:00:00+00:00,35623.11958367456
2040-05-08 03:00:00+00:00,36877.681552536604
2040-05-08 04:00:00+00:00,38889.88136262106
2040-05-08 05:00:00+00:00,40773.838379907094
2040-05-08 06:00:00+00:00,41991.64960685971
2040-05-08 07:00:00+00:00,42240.939625520674
2040-05-08 08:00:00+00:00,42064.991600584515
2040-05-08 09:00:00+00:00,41961.21781228412
2040-05-08 10:00:00+00:00,41961.57812733712
2040-05-08 11:00:00+00:00,41782.34154174639
2040-05-08 12:00:00+00:00,41773.408533532966
2040-05-08 13:00:00+00:00,41742.267060687016
2040-05-08 14:00:00+00:00,42001.15205083099
2040-05-08 15:00:00+00:00,41993.05354500497
2040-05-08 16:00:00+00:00,41797.26551654658
2040-05-08 17:00:00+00:00,40740.317838583505
2040-05-08 18:00:00+00:00,40177.46266214365
2040-05-08 19:00:00+00:00,40108.55859173838
2040-05-08 20:00:00+00:00,39458.30976520505
2040-05-08 21:00:00+00:00,37987.94884217707
2040-05-08 22:00:00+00:00,36603.51429920884
2040-05-08 23:00:00+00:00,35824.575186501046
2040-05-09 00:00:00+00:00,35605.6847964542
2040-05-09 01:00:00+00:00,35460.2127851378
2040-05-09 02:00:00+00:00,35972.23624127736
2040-05-09 03:00:00+00:00,37265.26089000915
2040-05-09 04:00:00+00:00,38354.376047593556
2040-05-09 05:00:00+00:00,38532.86830712886
2040-05-09 06:00:00+00:00,38366.95046412698
2040-05-09 07:00:00+00:00,38439.82805776903
2040-05-09 08:00:00+00:00,38723.00093190845
2040-05-09 09:00:00+00:00,39059.61289824075
2040-05-09 10:00:00+00:00,39482.186107021356
2040-05-09 11:00:00+00:00,39663.173049685734
2040-05-09 12:00:00+00:00,39717.08347754592
2040-05-09 13:00:00+00:00,39517.269521513255
2040-05-09 14:00:00+00:00,39537.100980792195
2040-05-09 15:00:00+00:00,39836.77968140117
2040-05-09 16:00:00+00:00,40132.13227283821
2040-05-09 17:00:00+00:00,39535.45713350547
2040-05-09 18:00:00+00:00,39205.3957158539
2040-05-09 19:00:00+00:00,39334.414957125744
2040-05-09 20:00:00+00:00,38929.52709899872
2040-05-09 21:00:00+00:00,37771.69467963056
2040-05-09 22:00:00+00:00,36539.12705585193
2040-05-09 23:00:00+00:00,35775.69037656049
2040-05-10 00:00:00+00:00,35821.95997197663
2040-05-10 01:00:00+00:00,35911.24196048236
2040-05-10 02:00:00+00:00,36541.71298572514
2040-05-10 03:00:00+00:00,37713.825204050925
2040-05-10 04:00:00+00:00,38574.30079674791
2040-05-10 05:00:00+00:00,39001.57117703739
2040-05-10 06:00:00+00:00,39918.50791455663
2040-05-10 07:00:00+00:00,40804.20604964292
2040-05-10 08:00:00+00:00,41232.89808958002
2040-05-10 09:00:00+00:00,41316.603494490635
2040-05-10 10:00:00+00:00,41174.17732783592
2040-05-10 11:00:00+00:00,41194.75752733886
2040-05-10 12:00:00+00:00,41254.44087165115
2040-05-10 13:00:00+00:00,40994.62362866868
2040-05-10 14:00:00+00:00,40991.626732242396
2040-05-10 15:00:00+00:00,41351.23868726171
2040-05-10 16:00:00+00:00,41580.850286276574
2040-05-10 17:00:00+00:00,41158.46672410452
2040-05-10 18:00:00+00:00,41088.43784247423
2040-05-10 19:00:00+00:00,40971.39032749887
2040-05-10 20:00:00+00:00,40212.86210819889
2040-05-10 21:00:00+00:00,38820.45042620829
2040-05-10 22:00:00+00:00,37601.68252146288
2040-05-10 23:00:00+00:00,36703.95881287643
2040-05-11 00:00:00+00:00,36860.6371997828
2040-05-11 01:00:00+00:00,36670.238477124505
2040-05-11 02:00:00+00:00,37300.54995191936
2040-05-11 03:00:00+00:00,38354.3808516484
2040-05-11 04:00:00+00:00,38698.62660105024
2040-05-11 05:00:00+00:00,38603.3777860102
2040-05-11 06:00:00+00:00,38943.48478732894
2040-05-11 07:00:00+00:00,39784.18809559787
2040-05-11 08:00:00+00:00,40375.83873516783
2040-05-11 09:00:00+00:00,40680.346600061945
2040-05-11 10:00:00+00:00,40646.44584620002
2040-05-11 11:00:00+00:00,40845.824695565745
2040-05-11 12:00:00+00:00,40865.52545671234
2040-05-11 13:00:00+00:00,40603.39520168474
2040-05-11 14:00:00+00:00,40725.65952533593
2040-05-11 15:00:00+00:00,41554.77664625079
2040-05-11 16:00:00+00:00,41785.63838381438
2040-05-11 17:00:00+00:00,41571.55565265814
2040-05-11 18:00:00+00:00,41443.61934813406
2040-05-11 19:00:00+00:00,41248.72904811394
2040-05-11 20:00:00+00:00,40353.4156203292
2040-05-11 21:00:00+00:00,38803.58059584172
2040-05-11 22:00:00+00:00,37662.68875415112
2040-05-11 23:00:00+00:00,36966.28088310958
2040-05-12 00:00:00+00:00,35951.62248868841
2040-05-12 01:00:00+00:00,35918.01176120575
2040-05-12 02:00:00+00:00,36522.62467741592
2040-05-12 03:00:00+00:00,38205.218360203005
2040-05-12 04:00:00+00:00,39162.673402248816
2040-05-12 05:00:00+00:00,39109.364271247505
2040-05-12 06:00:00+00:00,38814.94388987145
2040-05-12 07:00:00+00:00,38950.44095357044
2040-05-12 08:00:00+00:00,39170.26416825162
2040-05-12 09:00:00+00:00,39446.835229708275
2040-05-12 10:00:00+00:00,39685.12585492243
2040-05-12 11:00:00+00:00,40225.590395868065
2040-05-12 12:00:00+00:00,40192.444048776306
2040-05-12 13:00:00+00:00,39815.28315406165
2040-05-12 14:00:00+00:00,40191.13533127358
2040-05-12 15:00:00+00:00,40645.01286952602
2040-05-12 16:00:00+00:00,40944.88875756938
2040-05-12 17:00:00+00:00,40538.876350294755
2040-05-12 18:00:00+00:00,40544.89948364186
2040-05-12 19:00:00+00:00,40588.04361744659
2040-05-12 20:00:00+00:00,40147.92860355996
2040-05-12 21:00:00+00:00,38602.553477362846
2040-05-12 22:00:00+00:00,37324.44910829144
2040-05-12 23:00:00+00:00,36678.96375687653
2040-05-13 00:00:00+00:00,36716.04314436253
2040-05-13 01:00:00+00:00,36789.733027655566
2040-05-13 02:00:00+00:00,37702.11266834166
2040-05-13 03:00:00+00:00,39783.70428669202
2040-05-13 04:00:00+00:00,41655.7772195964
2040-05-13 05:00:00+00:00,43257.00406712803
2040-05-13 06:00:00+00:00,44125.433581148696
2040-05-13 07:00:00+00:00,44011.28647990322
2040-05-13 08:00:00+00:00,43628.134803344285
2040-05-13 09:00:00+00:00,43599.939990340055
2040-05-13 10:00:00+00:00,43706.09433951102
2040-05-13 11:00:00+00:00,43859.621382902646
2040-05-13 12:00:00+00:00,44081.22158361034
2040-05-13 13:00:00+00:00,44277.90909530957
2040-05-13 14:00:00+00:00,44949.51261760364
2040-05-13 15:00:00+00:00,45118.5392521671
2040-05-13 16:00:00+00:00,44995.10681587352
2040-05-13 17:00:00+00:00,43790.98401643449
2040-05-13 18:00:00+00:00,43281.27257483529
2040-05-13 19:00:00+00:00,42812.234085847405
2040-05-13 20:00:00+00:00,41956.126015534435
2040-05-13 21:00:00+00:00,40027.542192919616
2040-05-13 22:00:00+00:00,38532.374931109494
2040-05-13 23:00:00+00:00,37688.06227403684
2040-05-14 00:00:00+00:00,36259.4039672804
2040-05-14 01:00:00+00:00,36152.68713341952
2040-05-14 02:00:00+00:00,36697.84491940342
2040-05-14 03:00:00+00:00,38119.357869726446
2040-05-14 04:00:00+00:00,39919.97556221507
2040-05-14 05:00:00+00:00,41580.058933333436
2040-05-14 06:00:00+00:00,42191.949498356094
2040-05-14 07:00:00+00:00,42246.269216559456
2040-05-14 08:00:00+00:00,41999.722987544614
2040-05-14 09:00:00+00:00,42032.15610942692
2040-05-14 10:00:00+00:00,42330.4367746435
2040-05-14 11:00:00+00:00,42533.97820999481
2040-05-14 12:00:00+00:00,42556.97359256395
2040-05-14 13:00:00+00:00,42803.68404542378
2040-05-14 14:00:00+00:00,43473.77252738697
2040-05-14 15:00:00+00:00,43777.82809812782
2040-05-14 16:00:00+00:00,43820.865181158086
2040-05-14 17:00:00+00:00,42929.09288836916
2040-05-14 18:00:00+00:00,42374.230240377416
2040-05-14 19:00:00+00:00,41893.613837933655
2040-05-14 20:00:00+00:00,40782.16354412021
2040-05-14 21:00:00+00:00,39013.44509715252
2040-05-14 22:00:00+00:00,37615.47007341217
2040-05-14 23:00:00+00:00,36743.38869097505
2040-05-15 00:00:00+00:00,37085.887786231564
2040-05-15 01:00:00+00:00,36996.960567596296
2040-05-15 02:00:00+00:00,37614.233339301856
2040-05-15 03:00:00+00:00,39627.25293642137
2040-05-15 04:00:00+00:00,41500.22689521218
2040-05-15 05:00:00+00:00,42936.523270012025
2040-05-15 06:00:00+00:00,43916.09273161567
2040-05-15 07:00:00+00:00,44093.33929679628
2040-05-15 08:00:00+00:00,44100.590325959194
2040-05-15 09:00:00+00:00,43988.208599167876
2040-05-15 10:00:00+00:00,44005.54118947253
2040-05-15 11:00:00+00:00,44323.479875903875
2040-05-15 12:00:00+00:00,44384.73890823868
2040-05-15 13:00:00+00:00,44580.674013776836
2040-05-15 14:00:00+00:00,45205.04785186409
2040-05-15 15:00:00+00:00,45685.57673401796
2040-05-15 16:00:00+00:00,45641.510855698754
2040-05-15 17:00:00+00:00,44663.059056984
2040-05-15 18:00:00+00:00,43621.14475852272
2040-05-15 19:00:00+00:00,42722.374677833286
2040-05-15 20:00:00+00:00,41652.6255467809
2040-05-15 21:00:00+00:00,39868.708652064925
2040-05-15 22:00:00+00:00,38327.81506475806
2040-05-15 23:00:00+00:00,37367.74164797597
2040-05-16 00:00:00+00:00,37080.42214749239
2040-05-16 01:00:00+00:00,37198.77834491564
2040-05-16 02:00:00+00:00,37903.883320743604
2040-05-16 03:00:00+00:00,39795.98293133428
2040-05-16 04:00:00+00:00,41714.872012020445
2040-05-16 05:00:00+00:00,43590.949193881286
2040-05-16 06:00:00+00:00,44550.76453602589
2040-05-16 07:00:00+00:00,44959.583691878775
2040-05-16 08:00:00+00:00,44980.544736634954
2040-05-16 09:00:00+00:00,44937.34245573497
2040-05-16 10:00:00+00:00,44964.448352019725
2040-05-16 11:00:00+00:00,45176.83826394814
2040-05-16 12:00:00+00:00,45219.977617173594
2040-05-16 13:00:00+00:00,45024.32254450291
2040-05-16 14:00:00+00:00,44803.340891958615
2040-05-16 15:00:00+00:00,44995.13264317963
2040-05-16 16:00:00+00:00,45161.822750765736
2040-05-16 17:00:00+00:00,44566.640564529574
2040-05-16 18:00:00+00:00,43860.2448686252
2040-05-16 19:00:00+00:00,42975.01240144015
2040-05-16 20:00:00+00:00,41781.527136678786
2040-05-16 21:00:00+00:00,40007.67808703053
2040-05-16 22:00:00+00:00,38572.64052885001
2040-05-16 23:00:00+00:00,37733.03391586523
2040-05-17 00:00:00+00:00,37185.89303905763
2040-05-17 01:00:00+00:00,37130.50187567881
2040-05-17 02:00:00+00:00,37747.940916969215
2040-05-17 03:00:00+00:00,39100.714703300255
2040-05-17 04:00:00+00:00,40232.55847849145
2040-05-17 05:00:00+00:00,41534.67537529202
2040-05-17 06:00:00+00:00,43156.95084123045
2040-05-17 07:00:00+00:00,44119.1351810103
2040-05-17 08:00:00+00:00,44263.39155392429
2040-05-17 09:00:00+00:00,44154.98642626925
2040-05-17 10:00:00+00:00,43990.03895419057
2040-05-17 11:00:00+00:00,43981.443270935204
2040-05-17 12:00:00+00:00,43681.01431894441
2040-05-17 13:00:00+00:00,43661.79188766615
2040-05-17 14:00:00+00:00,43594.731056749064
2040-05-17 15:00:00+00:00,44191.56983333218
2040-05-17 16:00:00+00:00,44463.05290849368
2040-05-17 17:00:00+00:00,43837.75227144268
2040-05-17 18:00:00+00:00,43042.95852398974
2040-05-17 19:00:00+00:00,42233.988704186806
2040-05-17 20:00:00+00:00,40998.859417277585
2040-05-17 21:00:00+00:00,39434.47696685665
2040-05-17 22:00:00+00:00,38142.57014587043
2040-05-17 23:00:00+00:00,37287.07499473782
2040-05-18 00:00:00+00:00,36044.10190346411
2040-05-18 01:00:00+00:00,35954.76041370823
2040-05-18 02:00:00+00:00,36306.91851154687
2040-05-18 03:00:00+00:00,37037.337389617765
2040-05-18 04:00:00+00:00,37215.07706712185
2040-05-18 05:00:00+00:00,37325.69661634226
2040-05-18 06:00:00+00:00,37935.580630497076
2040-05-18 07:00:00+00:00,38729.19060346454
2040-05-18 08:00:00+00:00,39515.73216804415
2040-05-18 09:00:00+00:00,39853.99518733712
2040-05-18 10:00:00+00:00,39788.62575029978
2040-05-18 11:00:00+00:00,39860.78036480987
2040-05-18 12:00:00+00:00,39905.622991643046
2040-05-18 13:00:00+00:00,39743.224356990075
2040-05-18 14:00:00+00:00,40171.63807369564
2040-05-18 15:00:00+00:00,40622.93732559119
2040-05-18 16:00:00+00:00,40960.08160628978
2040-05-18 17:00:00+00:00,40486.395652610954
2040-05-18 18:00:00+00:00,40183.75502171817
2040-05-18 19:00:00+00:00,39730.30567411782
2040-05-18 20:00:00+00:00,39040.11276583057
2040-05-18 21:00:00+00:00,37653.97122460549
2040-05-18 22:00:00+00:00,36527.22855653324
2040-05-18 23:00:00+00:00,35787.56122146898
2040-05-19 00:00:00+00:00,35331.762746934255
2040-05-19 01:00:00+00:00,35278.01367986428
2040-05-19 02:00:00+00:00,35877.42383187572
2040-05-19 03:00:00+00:00,37346.471791581804
2040-05-19 04:00:00+00:00,38287.04201371897
2040-05-19 05:00:00+00:00,38367.23670773183
2040-05-19 06:00:00+00:00,38312.04778396686
2040-05-19 07:00:00+00:00,38413.472040832596
2040-05-19 08:00:00+00:00,38524.37976584954
2040-05-19 09:00:00+00:00,38662.968895848084
2040-05-19 10:00:00+00:00,38781.98254095458
2040-05-19 11:00:00+00:00,38971.96619292282
2040-05-19 12:00:00+00:00,39128.17537666344
2040-05-19 13:00:00+00:00,39357.64507225259
2040-05-19 14:00:00+00:00,39828.0877656928
2040-05-19 15:00:00+00:00,40491.66745341392
2040-05-19 16:00:00+00:00,40599.16091497718
2040-05-19 17:00:00+00:00,39937.76490736779
2040-05-19 18:00:00+00:00,39279.694328430225
2040-05-19 19:00:00+00:00,38901.54782109465
2040-05-19 20:00:00+00:00,38660.14169248757
2040-05-19 21:00:00+00:00,37360.761417893504
2040-05-19 22:00:00+00:00,36287.945850791
2040-05-19 23:00:00+00:00,35682.75721056678
2040-05-20 00:00:00+00:00,35625.91935900335
2040-05-20 01:00:00+00:00,35592.93335015273
2040-05-20 02:00:00+00:00,36327.886725631826
2040-05-20 03:00:00+00:00,38030.6550550036
2040-05-20 04:00:00+00:00,39192.80747825364
2040-05-20 05:00:00+00:00,39656.54029087941
2040-05-20 06:00:00+00:00,39755.29280865579
2040-05-20 07:00:00+00:00,39899.27998120848
2040-05-20 08:00:00+00:00,40116.8005166873
2040-05-20 09:00:00+00:00,40156.21402226268
2040-05-20 10:00:00+00:00,40156.52001110391
2040-05-20 11:00:00+00:00,40204.270648766425
2040-05-20 12:00:00+00:00,40276.07058536482
2040-05-20 13:00:00+00:00,40664.826221457406
2040-05-20 14:00:00+00:00,41267.131369584866
2040-05-20 15:00:00+00:00,41914.52994959456
2040-05-20 16:00:00+00:00,41988.56182179345
2040-05-20 17:00:00+00:00,41038.408094445746
2040-05-20 18:00:00+00:00,40644.7916464272
2040-05-20 19:00:00+00:00,40228.12722126848
2040-05-20 20:00:00+00:00,39697.81719105549
2040-05-20 21:00:00+00:00,38199.46678189825
2040-05-20 22:00:00+00:00,37005.3462607005
2040-05-20 23:00:00+00:00,36411.45419556714
2040-05-21 00:00:00+00:00,36800.73502484091
2040-05-21 01:00:00+00:00,36915.52826563681
2040-05-21 02:00:00+00:00,37874.93442631187
2040-05-21 03:00:00+00:00,40129.8508390953
2040-05-21 04:00:00+00:00,42139.0674913897
2040-05-21 05:00:00+00:00,43768.929824416584
2040-05-21 06:00:00+00:00,44505.522985906515
2040-05-21 07:00:00+00:00,44615.15133507531
2040-05-21 08:00:00+00:00,44311.038638470236
2040-05-21 09:00:00+00:00,44336.962387053616
2040-05-21 10:00:00+00:00,44315.89030564793
2040-05-21 11:00:00+00:00,44477.97263053121
2040-05-21 12:00:00+00:00,44959.21402424885
2040-05-21 13:00:00+00:00,45043.73883071158
2040-05-21 14:00:00+00:00,45783.191621210055
2040-05-21 15:00:00+00:00,46681.07893293044
2040-05-21 16:00:00+00:00,46913.70704896469
2040-05-21 17:00:00+00:00,45875.60384195927
2040-05-21 18:00:00+00:00,45014.693266111855
2040-05-21 19:00:00+00:00,43929.22516418102
2040-05-21 20:00:00+00:00,42455.09708038638
2040-05-21 21:00:00+00:00,40472.0345067747
2040-05-21 22:00:00+00:00,38792.772445699185
2040-05-21 23:00:00+00:00,38011.72957337907
2040-05-22 00:00:00+00:00,38519.08460401176
2040-05-22 01:00:00+00:00,38789.90406072277
2040-05-22 02:00:00+00:00,40050.69703931429
2040-05-22 03:00:00+00:00,42914.502857325955
2040-05-22 04:00:00+00:00,45108.51529222954
2040-05-22 05:00:00+00:00,47038.74136334669
2040-05-22 06:00:00+00:00,48023.627597694736
2040-05-22 07:00:00+00:00,47980.29429338538
2040-05-22 08:00:00+00:00,47514.07693230383
2040-05-22 09:00:00+00:00,47243.982014652094
2040-05-22 10:00:00+00:00,47151.837519433306
2040-05-22 11:00:00+00:00,47018.2613866694
2040-05-22 12:00:00+00:00,46970.084308919126
2040-05-22 13:00:00+00:00,47047.479391774854
2040-05-22 14:00:00+00:00,47368.03143129934
2040-05-22 15:00:00+00:00,47623.55030826108
2040-05-22 16:00:00+00:00,47709.23951692524
2040-05-22 17:00:00+00:00,46623.84430675185
2040-05-22 18:00:00+00:00,45821.11978991466
2040-05-22 19:00:00+00:00,44936.726124635476
2040-05-22 20:00:00+00:00,43742.296515021546
2040-05-22 21:00:00+00:00,41609.94499408643
2040-05-22 22:00:00+00:00,40138.58874721991
2040-05-22 23:00:00+00:00,39440.73260796811
2040-05-23 00:00:00+00:00,38456.65726502222
2040-05-23 01:00:00+00:00,38542.56905025819
2040-05-23 02:00:00+00:00,39559.04330450231
2040-05-23 03:00:00+00:00,42059.73903687483
2040-05-23 04:00:00+00:00,44008.2176034938
2040-05-23 05:00:00+00:00,45619.828433909366
2040-05-23 06:00:00+00:00,46528.050116988394
2040-05-23 07:00:00+00:00,46746.25088467238
2040-05-23 08:00:00+00:00,46349.25042986691
2040-05-23 09:00:00+00:00,46027.347514508656
2040-05-23 10:00:00+00:00,46138.41601076598
2040-05-23 11:00:00+00:00,46122.18360464353
2040-05-23 12:00:00+00:00,46069.6890633696
2040-05-23 13:00:00+00:00,46026.73313554242
2040-05-23 14:00:00+00:00,46282.96225398644
2040-05-23 15:00:00+00:00,46388.42612962349
2040-05-23 16:00:00+00:00,46228.38285824217
2040-05-23 17:00:00+00:00,45555.48943006493
2040-05-23 18:00:00+00:00,44817.55005696778
2040-05-23 19:00:00+00:00,44012.20585306223
2040-05-23 20:00:00+00:00,42994.06789062064
2040-05-23 21:00:00+00:00,41209.629155317896
2040-05-23 22:00:00+00:00,39813.60681314401
2040-05-23 23:00:00+00:00,38885.42818621702
2040-05-24 00:00:00+00:00,37924.59747801306
2040-05-24 01:00:00+00:00,37966.9324877821
2040-05-24 02:00:00+00:00,38864.763054206174
2040-05-24 03:00:00+00:00,40333.31190443678
2040-05-24 04:00:00+00:00,41515.89830790807
2040-05-24 05:00:00+00:00,42763.574355116536
2040-05-24 06:00:00+00:00,44381.93960929377
2040-05-24 07:00:00+00:00,45439.37175196342
2040-05-24 08:00:00+00:00,45768.7108374015
2040-05-24 09:00:00+00:00,45791.66305808373
2040-05-24 10:00:00+00:00,45671.1357772879
2040-05-24 11:00:00+00:00,45568.04181795902
2040-05-24 12:00:00+00:00,45301.144565183575
2040-05-24 13:00:00+00:00,45251.844746106195
2040-05-24 14:00:00+00:00,45367.48704473091
2040-05-24 15:00:00+00:00,45917.19555180909
2040-05-24 16:00:00+00:00,46308.92692617066
2040-05-24 17:00:00+00:00,45367.47647487317
2040-05-24 18:00:00+00:00,44738.96755582037
2040-05-24 19:00:00+00:00,43440.303653052455
2040-05-24 20:00:00+00:00,42029.74626587011
2040-05-24 21:00:00+00:00,40386.377234673084
2040-05-24 22:00:00+00:00,38928.364469288696
2040-05-24 23:00:00+00:00,38097.27397881185
2040-05-25 00:00:00+00:00,37271.48679084759
2040-05-25 01:00:00+00:00,37289.0853169181
2040-05-25 02:00:00+00:00,37950.609979298824
2040-05-25 03:00:00+00:00,39077.98652245264
2040-05-25 04:00:00+00:00,39310.18763294294
2040-05-25 05:00:00+00:00,39528.11095945177
2040-05-25 06:00:00+00:00,40249.27641031471
2040-05-25 07:00:00+00:00,41003.453818626964
2040-05-25 08:00:00+00:00,41769.36960839155
2040-05-25 09:00:00+00:00,42003.44298547687
2040-05-25 10:00:00+00:00,41982.409862388806
2040-05-25 11:00:00+00:00,41997.57719299151
2040-05-25 12:00:00+00:00,42089.96364341321
2040-05-25 13:00:00+00:00,41748.63066803727
2040-05-25 14:00:00+00:00,41822.45274665447
2040-05-25 15:00:00+00:00,42227.351678969084
2040-05-25 16:00:00+00:00,42421.00653871094
2040-05-25 17:00:00+00:00,41813.52491718492
2040-05-25 18:00:00+00:00,41566.45222310592
2040-05-25 19:00:00+00:00,41025.32580969158
2040-05-25 20:00:00+00:00,40367.2583818835
2040-05-25 21:00:00+00:00,38994.003979214474
2040-05-25 22:00:00+00:00,37628.19899731094
2040-05-25 23:00:00+00:00,36935.385998521604
2040-05-26 00:00:00+00:00,35119.386635065224
2040-05-26 01:00:00+00:00,35002.97139532034
2040-05-26 02:00:00+00:00,35443.61726377035
2040-05-26 03:00:00+00:00,36716.68892668333
2040-05-26 04:00:00+00:00,37298.80943147763
2040-05-26 05:00:00+00:00,37515.70428500756
2040-05-26 06:00:00+00:00,37428.72947035982
2040-05-26 07:00:00+00:00,37858.129942819054
2040-05-26 08:00:00+00:00,38230.59291393465
2040-05-26 09:00:00+00:00,38642.342237365876
2040-05-26 10:00:00+00:00,38967.32452606236
2040-05-26 11:00:00+00:00,39238.68997973268
2040-05-26 12:00:00+00:00,39061.98894276825
2040-05-26 13:00:00+00:00,39106.686979428865
2040-05-26 14:00:00+00:00,39387.23079627385
2040-05-26 15:00:00+00:00,40158.802903990814
2040-05-26 16:00:00+00:00,40810.3563957026
2040-05-26 17:00:00+00:00,40133.99395052307
2040-05-26 18:00:00+00:00,39387.79639309096
2040-05-26 19:00:00+00:00,38839.9435128231
2040-05-26 20:00:00+00:00,38670.66250271891
2040-05-26 21:00:00+00:00,37442.17267690171
2040-05-26 22:00:00+00:00,36447.78133176682
2040-05-26 23:00:00+00:00,35601.828946296315
2040-05-27 00:00:00+00:00,34337.771589802775
2040-05-27 01:00:00+00:00,34343.44942227727
2040-05-27 02:00:00+00:00,34479.62197284539
2040-05-27 03:00:00+00:00,35556.38295291739
2040-05-27 04:00:00+00:00,37153.87593895424
2040-05-27 05:00:00+00:00,38873.717943727504
2040-05-27 06:00:00+00:00,39939.2023144348
2040-05-27 07:00:00+00:00,40157.06030356503
2040-05-27 08:00:00+00:00,39891.62906768298
2040-05-27 09:00:00+00:00,39806.527783484715
2040-05-27 10:00:00+00:00,39725.63706118421
2040-05-27 11:00:00+00:00,39899.92740027383
2040-05-27 12:00:00+00:00,40170.0814697608
2040-05-27 13:00:00+00:00,40336.50060324391
2040-05-27 14:00:00+00:00,40693.02057950972
2040-05-27 15:00:00+00:00,41213.9307824464
2040-05-27 16:00:00+00:00,41064.50367509871
2040-05-27 17:00:00+00:00,40232.669270466366
2040-05-27 18:00:00+00:00,39600.377076891295
2040-05-27 19:00:00+00:00,39119.15464027011
2040-05-27 20:00:00+00:00,38617.76199152923
2040-05-27 21:00:00+00:00,37403.22862957325
2040-05-27 22:00:00+00:00,36168.3788376552
2040-05-27 23:00:00+00:00,35549.447996011564
2040-05-28 00:00:00+00:00,36305.968640112646
2040-05-28 01:00:00+00:00,36182.62404124187
2040-05-28 02:00:00+00:00,36785.242546503316
2040-05-28 03:00:00+00:00,38304.92184046917
2040-05-28 04:00:00+00:00,40097.70032859993
2040-05-28 05:00:00+00:00,41755.40152810359
2040-05-28 06:00:00+00:00,42549.21418713688
2040-05-28 07:00:00+00:00,42626.98874349979
2040-05-28 08:00:00+00:00,42437.64673326201
2040-05-28 09:00:00+00:00,42379.639406280214
2040-05-28 10:00:00+00:00,42214.28480651825
2040-05-28 11:00:00+00:00,42258.425238675736
2040-05-28 12:00:00+00:00,42657.48170163396
2040-05-28 13:00:00+00:00,42882.967800446415
2040-05-28 14:00:00+00:00,43978.296185657375
2040-05-28 15:00:00+00:00,44757.91397187324
2040-05-28 16:00:00+00:00,44473.90691041259
2040-05-28 17:00:00+00:00,43588.699428203276
2040-05-28 18:00:00+00:00,43029.7551435403
2040-05-28 19:00:00+00:00,42080.29709264211
2040-05-28 20:00:00+00:00,40916.95629612541
2040-05-28 21:00:00+00:00,39323.653725876
2040-05-28 22:00:00+00:00,38018.15722946868
2040-05-28 23:00:00+00:00,37264.75623738025
2040-05-29 00:00:00+00:00,36187.04677449785
2040-05-29 01:00:00+00:00,36165.78340929519
2040-05-29 02:00:00+00:00,36565.285369898986
2040-05-29 03:00:00+00:00,38023.07346157658
2040-05-29 04:00:00+00:00,39930.4868305688
2040-05-29 05:00:00+00:00,41990.5251775579
2040-05-29 06:00:00+00:00,43116.773899266846
2040-05-29 07:00:00+00:00,43257.625232026796
2040-05-29 08:00:00+00:00,42826.1531060262
2040-05-29 09:00:00+00:00,42374.39842740173
2040-05-29 10:00:00+00:00,42202.40664501357
2040-05-29 11:00:00+00:00,42264.563128060996
2040-05-29 12:00:00+00:00,42213.91274740126
2040-05-29 13:00:00+00:00,42227.38662507349
2040-05-29 14:00:00+00:00,42403.142256936415
2040-05-29 15:00:00+00:00,42539.10819843356
2040-05-29 16:00:00+00:00,42223.45099254984
2040-05-29 17:00:00+00:00,41351.30719226672
2040-05-29 18:00:00+00:00,40666.90293509433
2040-05-29 19:00:00+00:00,40412.7161715854
2040-05-29 20:00:00+00:00,39929.2435540308
2040-05-29 21:00:00+00:00,38541.34212354681
2040-05-29 22:00:00+00:00,37140.18856127342
2040-05-29 23:00:00+00:00,36245.605474651406
2040-05-30 00:00:00+00:00,34995.678986676874
2040-05-30 01:00:00+00:00,34692.058603063226
2040-05-30 02:00:00+00:00,34951.48045287141
2040-05-30 03:00:00+00:00,35933.778220281645
2040-05-30 04:00:00+00:00,37578.003917495225
2040-05-30 05:00:00+00:00,39398.665194084904
2040-05-30 06:00:00+00:00,40423.31184740608
2040-05-30 07:00:00+00:00,40758.1210346101
2040-05-30 08:00:00+00:00,40661.650084138244
2040-05-30 09:00:00+00:00,40856.15598571355
2040-05-30 10:00:00+00:00,41108.01547016871
2040-05-30 11:00:00+00:00,41262.358368472414
2040-05-30 12:00:00+00:00,41446.96808549615
2040-05-30 13:00:00+00:00,41433.58277955289
2040-05-30 14:00:00+00:00,41474.50443816293
2040-05-30 15:00:00+00:00,41374.804995724124
2040-05-30 16:00:00+00:00,41169.58494137484
2040-05-30 17:00:00+00:00,40382.583653301
2040-05-30 18:00:00+00:00,40125.08635698742
2040-05-30 19:00:00+00:00,39795.100278779064
2040-05-30 20:00:00+00:00,39570.710776019274
2040-05-30 21:00:00+00:00,38144.97737472724
2040-05-30 22:00:00+00:00,36879.76701189481
2040-05-30 23:00:00+00:00,35960.72879579974
2040-05-31 00:00:00+00:00,37010.066061809586
2040-05-31 01:00:00+00:00,36974.086643503906
2040-05-31 02:00:00+00:00,37527.40597795386
2040-05-31 03:00:00+00:00,38729.482954602776
2040-05-31 04:00:00+00:00,39752.92436487252
2040-05-31 05:00:00+00:00,41075.708337579315
2040-05-31 06:00:00+00:00,42620.09519064957
2040-05-31 07:00:00+00:00,43541.03304407461
2040-05-31 08:00:00+00:00,43750.28705143133
2040-05-31 09:00:00+00:00,43587.74525249604
2040-05-31 10:00:00+00:00,43231.46554154071
2040-05-31 11:00:00+00:00,43029.6932420868
2040-05-31 12:00:00+00:00,43034.81728382985
2040-05-31 13:00:00+00:00,42799.324253732455
2040-05-31 14:00:00+00:00,42849.195010135496
2040-05-31 15:00:00+00:00,43223.50136905518
2040-05-31 16:00:00+00:00,43241.84718399919
2040-05-31 17:00:00+00:00,42634.15416204546
2040-05-31 18:00:00+00:00,42296.43976276766
2040-05-31 19:00:00+00:00,41558.22107714453
2040-05-31 20:00:00+00:00,40781.13112630438
2040-05-31 21:00:00+00:00,39424.17176298641
2040-05-31 22:00:00+00:00,38054.51130859179
2040-05-31 23:00:00+00:00,37310.41044592555
2040-06-01 00:00:00+00:00,36303.04024274338
2040-06-01 01:00:00+00:00,36203.581520802494
2040-06-01 02:00:00+00:00,36512.91764933508
2040-06-01 03:00:00+00:00,37201.107969376804
2040-06-01 04:00:00+00:00,37477.15022984241
2040-06-01 05:00:00+00:00,37713.283239760094
2040-06-01 06:00:00+00:00,38564.17808829977
2040-06-01 07:00:00+00:00,39637.948597735915
2040-06-01 08:00:00+00:00,40445.344485304275
2040-06-01 09:00:00+00:00,40738.18086427005
2040-06-01 10:00:00+00:00,40785.46170704903
2040-06-01 11:00:00+00:00,40760.247007164435
2040-06-01 12:00:00+00:00,40565.052627284604
2040-06-01 13:00:00+00:00,40339.11509928265
2040-06-01 14:00:00+00:00,40487.75966406788
2040-06-01 15:00:00+00:00,41184.545041208105
2040-06-01 16:00:00+00:00,41685.91226565138
2040-06-01 17:00:00+00:00,41365.39122450403
2040-06-01 18:00:00+00:00,41096.7903726943
2040-06-01 19:00:00+00:00,40278.39429123934
2040-06-01 20:00:00+00:00,39307.876329218496
2040-06-01 21:00:00+00:00,37939.5204948564
2040-06-01 22:00:00+00:00,36840.08824991844
2040-06-01 23:00:00+00:00,36102.80324512796
2040-06-02 00:00:00+00:00,35893.630104382515
2040-06-02 01:00:00+00:00,35800.93130471335
2040-06-02 02:00:00+00:00,36495.18971186452
2040-06-02 03:00:00+00:00,38051.05218932313
2040-06-02 04:00:00+00:00,39086.56798793563
2040-06-02 05:00:00+00:00,39422.51728064538
2040-06-02 06:00:00+00:00,39296.22042189315
2040-06-02 07:00:00+00:00,39361.93856785132
2040-06-02 08:00:00+00:00,39560.491080300715
2040-06-02 09:00:00+00:00,39648.592184047215
2040-06-02 10:00:00+00:00,39684.239272446765
2040-06-02 11:00:00+00:00,39579.790772759676
2040-06-02 12:00:00+00:00,39423.80879582974
2040-06-02 13:00:00+00:00,39626.50533529353
2040-06-02 14:00:00+00:00,40022.87566926925
2040-06-02 15:00:00+00:00,40547.7116090666
2040-06-02 16:00:00+00:00,40848.81380244041
2040-06-02 17:00:00+00:00,40299.87231972968
2040-06-02 18:00:00+00:00,40198.06329749766
2040-06-02 19:00:00+00:00,39825.84580279012
2040-06-02 20:00:00+00:00,39179.1161188907
2040-06-02 21:00:00+00:00,37876.40045425756
2040-06-02 22:00:00+00:00,36698.66715414159
2040-06-02 23:00:00+00:00,36222.736291441346
2040-06-03 00:00:00+00:00,34443.71856904087
2040-06-03 01:00:00+00:00,34194.764178383695
2040-06-03 02:00:00+00:00,34587.4136223425
2040-06-03 03:00:00+00:00,35674.11600116204
2040-06-03 04:00:00+00:00,37501.71368323408
2040-06-03 05:00:00+00:00,39587.77118133838
2040-06-03 06:00:00+00:00,40781.0214802681
2040-06-03 07:00:00+00:00,41056.71084660546
2040-06-03 08:00:00+00:00,40850.143436748534
2040-06-03 09:00:00+00:00,40597.961102159854
2040-06-03 10:00:00+00:00,40406.00881995675
2040-06-03 11:00:00+00:00,40379.88990327711
2040-06-03 12:00:00+00:00,40482.01063792632
2040-06-03 13:00:00+00:00,40486.60195827553
2040-06-03 14:00:00+00:00,41063.16700242795
2040-06-03 15:00:00+00:00,41560.23236542071
2040-06-03 16:00:00+00:00,41341.52243349499
2040-06-03 17:00:00+00:00,40275.10176919836
2040-06-03 18:00:00+00:00,39648.822971112226
2040-06-03 19:00:00+00:00,39395.18575862207
2040-06-03 20:00:00+00:00,38738.80022092777
2040-06-03 21:00:00+00:00,37512.3626843044
2040-06-03 22:00:00+00:00,36114.89231291858
2040-06-03 23:00:00+00:00,35527.14599818911
2040-06-04 00:00:00+00:00,34607.109183348235
2040-06-04 01:00:00+00:00,34354.5626805252
2040-06-04 02:00:00+00:00,34574.31711937412
2040-06-04 03:00:00+00:00,35352.61016776344
2040-06-04 04:00:00+00:00,37083.20084111089
2040-06-04 05:00:00+00:00,39194.10266154239
2040-06-04 06:00:00+00:00,40446.498799345325
2040-06-04 07:00:00+00:00,40578.49137003608
2040-06-04 08:00:00+00:00,40420.96424494154
2040-06-04 09:00:00+00:00,40147.686135817115
2040-06-04 10:00:00+00:00,40154.159862977045
2040-06-04 11:00:00+00:00,40165.44127231248
2040-06-04 12:00:00+00:00,40292.22325601525
2040-06-04 13:00:00+00:00,40420.47015095287
2040-06-04 14:00:00+00:00,40897.29213373159
2040-06-04 15:00:00+00:00,41274.73223084831
2040-06-04 16:00:00+00:00,40902.69697109845
2040-06-04 17:00:00+00:00,40371.75967928275
2040-06-04 18:00:00+00:00,39816.95301013099
2040-06-04 19:00:00+00:00,39347.51819361262
2040-06-04 20:00:00+00:00,38847.56864741616
2040-06-04 21:00:00+00:00,37677.92701450959
2040-06-04 22:00:00+00:00,36359.7201652192
2040-06-04 23:00:00+00:00,35641.72804496016
2040-06-05 00:00:00+00:00,34916.79322008506
2040-06-05 01:00:00+00:00,34714.15092850596
2040-06-05 02:00:00+00:00,34686.74023000427
2040-06-05 03:00:00+00:00,35396.14511995378
2040-06-05 04:00:00+00:00,36896.97464548925
2040-06-05 05:00:00+00:00,38467.29061324589
2040-06-05 06:00:00+00:00,39548.81329030117
2040-06-05 07:00:00+00:00,40037.44950271063
2040-06-05 08:00:00+00:00,39745.05820705427
2040-06-05 09:00:00+00:00,39705.28994340019
2040-06-05 10:00:00+00:00,39520.75678798569
2040-06-05 11:00:00+00:00,39673.52701939813
2040-06-05 12:00:00+00:00,39823.19338145422
2040-06-05 13:00:00+00:00,40114.8162579617
2040-06-05 14:00:00+00:00,40077.293837807876
2040-06-05 15:00:00+00:00,40335.9829674455
2040-06-05 16:00:00+00:00,39829.88618087012
2040-06-05 17:00:00+00:00,38911.09694196985
2040-06-05 18:00:00+00:00,38615.04108941741
2040-06-05 19:00:00+00:00,38317.35988697105
2040-06-05 20:00:00+00:00,38235.420328697735
2040-06-05 21:00:00+00:00,37280.475705006764
2040-06-05 22:00:00+00:00,35978.54578724767
2040-06-05 23:00:00+00:00,35060.47674423263
2040-06-06 00:00:00+00:00,34540.26865483941
2040-06-06 01:00:00+00:00,34352.59005827993
2040-06-06 02:00:00+00:00,34412.209955632636
2040-06-06 03:00:00+00:00,35077.87419285749
2040-06-06 04:00:00+00:00,36617.25360878706
2040-06-06 05:00:00+00:00,38395.47591266807
2040-06-06 06:00:00+00:00,39318.92258935457
2040-06-06 07:00:00+00:00,39733.8471626913
2040-06-06 08:00:00+00:00,39893.911920804945
2040-06-06 09:00:00+00:00,40079.881501285745
2040-06-06 10:00:00+00:00,40482.41071270973
2040-06-06 11:00:00+00:00,40684.70620353384
2040-06-06 12:00:00+00:00,40601.487442178804
2040-06-06 13:00:00+00:00,40417.12415453645
2040-06-06 14:00:00+00:00,40236.65729614028
2040-06-06 15:00:00+00:00,40372.39173171878
2040-06-06 16:00:00+00:00,39871.98147197048
2040-06-06 17:00:00+00:00,39170.920358591284
2040-06-06 18:00:00+00:00,38709.394821127986
2040-06-06 19:00:00+00:00,38570.511311947004
2040-06-06 20:00:00+00:00,38445.10805147127
2040-06-06 21:00:00+00:00,37499.50589120149
2040-06-06 22:00:00+00:00,36213.179099956345
2040-06-06 23:00:00+00:00,35259.69371062544
2040-06-07 00:00:00+00:00,35049.618494083494
2040-06-07 01:00:00+00:00,34806.959657534666
2040-06-07 02:00:00+00:00,34910.47745852625
2040-06-07 03:00:00+00:00,35386.54351241309
2040-06-07 04:00:00+00:00,36070.31029634868
2040-06-07 05:00:00+00:00,37323.05254800635
2040-06-07 06:00:00+00:00,38860.81033857912
2040-06-07 07:00:00+00:00,39974.80777765771
2040-06-07 08:00:00+00:00,40277.75342572611
2040-06-07 09:00:00+00:00,40468.03391908135
2040-06-07 10:00:00+00:00,40564.11274693813
2040-06-07 11:00:00+00:00,40475.232551650086
2040-06-07 12:00:00+00:00,40330.39769992625
2040-06-07 13:00:00+00:00,39990.2408595688
2040-06-07 14:00:00+00:00,39808.45958936183
2040-06-07 15:00:00+00:00,39820.495365415474
2040-06-07 16:00:00+00:00,39548.80529573976
2040-06-07 17:00:00+00:00,38827.131387618516
2040-06-07 18:00:00+00:00,38549.35959530111
2040-06-07 19:00:00+00:00,38439.65586511885
2040-06-07 20:00:00+00:00,38223.89442444454
2040-06-07 21:00:00+00:00,37581.2118667995
2040-06-07 22:00:00+00:00,36545.74040538742
2040-06-07 23:00:00+00:00,35513.950247794404
2040-06-08 00:00:00+00:00,35500.77344927825
2040-06-08 01:00:00+00:00,35181.83413753783
2040-06-08 02:00:00+00:00,35349.90217348688
2040-06-08 03:00:00+00:00,35706.940248599836
2040-06-08 04:00:00+00:00,35595.08491217438
2040-06-08 05:00:00+00:00,35583.460062427934
2040-06-08 06:00:00+00:00,36358.48057560647
2040-06-08 07:00:00+00:00,37593.84284533273
2040-06-08 08:00:00+00:00,38484.03396774608
2040-06-08 09:00:00+00:00,38825.15485737521
2040-06-08 10:00:00+00:00,38923.11606209724
2040-06-08 11:00:00+00:00,38894.89822933809
2040-06-08 12:00:00+00:00,38792.8070504449
2040-06-08 13:00:00+00:00,38558.97786763357
2040-06-08 14:00:00+00:00,38596.83863210478
2040-06-08 15:00:00+00:00,39421.05605758979
2040-06-08 16:00:00+00:00,39774.993885188735
2040-06-08 17:00:00+00:00,39408.01404481529
2040-06-08 18:00:00+00:00,36495.69927610034
2040-06-08 19:00:00+00:00,38287.453455438204
2040-06-08 20:00:00+00:00,37881.17451167873
2040-06-08 21:00:00+00:00,36999.930769351675
2040-06-08 22:00:00+00:00,36082.678316305726
2040-06-08 23:00:00+00:00,35286.30786281916
2040-06-09 00:00:00+00:00,35094.99184355825
2040-06-09 01:00:00+00:00,35071.22226379148
2040-06-09 02:00:00+00:00,35435.58545571268
2040-06-09 03:00:00+00:00,36490.24284004938
2040-06-09 04:00:00+00:00,37153.29501635774
2040-06-09 05:00:00+00:00,37278.17408190145
2040-06-09 06:00:00+00:00,37210.15463024884
2040-06-09 07:00:00+00:00,37512.9922870311
2040-06-09 08:00:00+00:00,37770.79669715246
2040-06-09 09:00:00+00:00,38211.72868490896
2040-06-09 10:00:00+00:00,38412.58081022031
2040-06-09 11:00:00+00:00,38403.89604574546
2040-06-09 12:00:00+00:00,38393.89279982156
2040-06-09 13:00:00+00:00,38593.147102235496
2040-06-09 14:00:00+00:00,38995.26350768288
2040-06-09 15:00:00+00:00,39629.86850175113
2040-06-09 16:00:00+00:00,39924.82758517376
2040-06-09 17:00:00+00:00,39196.34452867924
2040-06-09 18:00:00+00:00,38874.508634801045
2040-06-09 19:00:00+00:00,38751.640086263025
2040-06-09 20:00:00+00:00,38190.36226695566
2040-06-09 21:00:00+00:00,37118.08752270113
2040-06-09 22:00:00+00:00,36040.040475865455
2040-06-09 23:00:00+00:00,35320.8719361536
2040-06-10 00:00:00+00:00,33983.238612316476
2040-06-10 01:00:00+00:00,33939.88478772527
2040-06-10 02:00:00+00:00,34156.56566589483
2040-06-10 03:00:00+00:00,34999.803681290265
2040-06-10 04:00:00+00:00,36909.47433325001
2040-06-10 05:00:00+00:00,39247.54016048861
2040-06-10 06:00:00+00:00,40929.81004784632
2040-06-10 07:00:00+00:00,41478.51497048319
2040-06-10 08:00:00+00:00,41557.02719810779
2040-06-10 09:00:00+00:00,41540.09291342819
2040-06-10 10:00:00+00:00,41574.302835391856
2040-06-10 11:00:00+00:00,41267.40364354917
2040-06-10 12:00:00+00:00,41068.41050318209
2040-06-10 13:00:00+00:00,41267.76058538916
2040-06-10 14:00:00+00:00,41658.69682087319
2040-06-10 15:00:00+00:00,42160.42465323116
2040-06-10 16:00:00+00:00,41964.84926517454
2040-06-10 17:00:00+00:00,40843.006686891546
2040-06-10 18:00:00+00:00,40146.45222081031
2040-06-10 19:00:00+00:00,39610.86871001962
2040-06-10 20:00:00+00:00,38875.507818985934
2040-06-10 21:00:00+00:00,37787.28135655576
2040-06-10 22:00:00+00:00,36476.209649768694
2040-06-10 23:00:00+00:00,35554.572628789494
2040-06-11 00:00:00+00:00,34850.95327587926
2040-06-11 01:00:00+00:00,34508.25389612645
2040-06-11 02:00:00+00:00,34504.929823266386
2040-06-11 03:00:00+00:00,35219.09905395384
2040-06-11 04:00:00+00:00,36646.75124100559
2040-06-11 05:00:00+00:00,38494.82383643599
2040-06-11 06:00:00+00:00,39652.13794539789
2040-06-11 07:00:00+00:00,39815.98541801821
2040-06-11 08:00:00+00:00,39759.649786483686
2040-06-11 09:00:00+00:00,39831.001831157504
2040-06-11 10:00:00+00:00,39827.67739558837
2040-06-11 11:00:00+00:00,39801.37062078993
2040-06-11 12:00:00+00:00,39629.32929766727
2040-06-11 13:00:00+00:00,39849.18427046656
2040-06-11 14:00:00+00:00,40145.45512141094
2040-06-11 15:00:00+00:00,40379.346227436276
2040-06-11 16:00:00+00:00,40125.41896611673
2040-06-11 17:00:00+00:00,39030.764475943535
2040-06-11 18:00:00+00:00,38469.36689873092
2040-06-11 19:00:00+00:00,38451.73417778876
2040-06-11 20:00:00+00:00,38165.5114387065
2040-06-11 21:00:00+00:00,37122.96818932024
2040-06-11 22:00:00+00:00,35895.49657074012
2040-06-11 23:00:00+00:00,34919.61008804477
2040-06-12 00:00:00+00:00,34364.414681664704
2040-06-12 01:00:00+00:00,34107.52536311562
2040-06-12 02:00:00+00:00,34113.01325060403
2040-06-12 03:00:00+00:00,34798.36201171254
2040-06-12 04:00:00+00:00,36380.65574642562
2040-06-12 05:00:00+00:00,38167.51256067313
2040-06-12 06:00:00+00:00,39396.55938255461
2040-06-12 07:00:00+00:00,39839.79279207063
2040-06-12 08:00:00+00:00,39902.25680115212
2040-06-12 09:00:00+00:00,39783.67681572696
2040-06-12 10:00:00+00:00,39712.075588699394
2040-06-12 11:00:00+00:00,39804.00037082882
2040-06-12 12:00:00+00:00,39877.364768135645
2040-06-12 13:00:00+00:00,39938.195383266524
2040-06-12 14:00:00+00:00,40180.10496522432
2040-06-12 15:00:00+00:00,40479.208131431704
2040-06-12 16:00:00+00:00,40309.087493489445
2040-06-12 17:00:00+00:00,39407.90580895902
2040-06-12 18:00:00+00:00,38890.30761274859
2040-06-12 19:00:00+00:00,38703.092421881614
2040-06-12 20:00:00+00:00,38389.73729026078
2040-06-12 21:00:00+00:00,37337.55764867168
2040-06-12 22:00:00+00:00,36142.02889087014
2040-06-12 23:00:00+00:00,35123.16635120113
2040-06-13 00:00:00+00:00,34553.97306425592
2040-06-13 01:00:00+00:00,34484.00360850165
2040-06-13 02:00:00+00:00,34556.4756912709
2040-06-13 03:00:00+00:00,35308.67136435369
2040-06-13 04:00:00+00:00,36923.33910082537
2040-06-13 05:00:00+00:00,38753.566342838334
2040-06-13 06:00:00+00:00,39691.509366039085
2040-06-13 07:00:00+00:00,39849.67074440895
2040-06-13 08:00:00+00:00,39736.72113146213
2040-06-13 09:00:00+00:00,40066.607305501515
2040-06-13 10:00:00+00:00,40441.1896849372
2040-06-13 11:00:00+00:00,40733.33424271495
2040-06-13 12:00:00+00:00,40814.22428093701
2040-06-13 13:00:00+00:00,40480.66365018351
2040-06-13 14:00:00+00:00,40499.465619781346
2040-06-13 15:00:00+00:00,40677.01809463568
2040-06-13 16:00:00+00:00,40375.6281018535
2040-06-13 17:00:00+00:00,39677.89118142503
2040-06-13 18:00:00+00:00,39281.526731744154
2040-06-13 19:00:00+00:00,39033.78813790797
2040-06-13 20:00:00+00:00,38674.01605367349
2040-06-13 21:00:00+00:00,37656.441972275694
2040-06-13 22:00:00+00:00,36387.467698265995
2040-06-13 23:00:00+00:00,35461.17471766837
2040-06-14 00:00:00+00:00,35087.40368755254
2040-06-14 01:00:00+00:00,34741.19704493045
2040-06-14 02:00:00+00:00,34668.087796119544
2040-06-14 03:00:00+00:00,35208.60888312861
2040-06-14 04:00:00+00:00,36058.37296921643
2040-06-14 05:00:00+00:00,37562.9424991305
2040-06-14 06:00:00+00:00,39460.3778305592
2040-06-14 07:00:00+00:00,41015.56127525576
2040-06-14 08:00:00+00:00,41488.42737188948
2040-06-14 09:00:00+00:00,41365.183994290455
2040-06-14 10:00:00+00:00,41305.83866235166
2040-06-14 11:00:00+00:00,41251.39499950249
2040-06-14 12:00:00+00:00,40779.49561453741
2040-06-14 13:00:00+00:00,40503.322774380664
2040-06-14 14:00:00+00:00,40023.71584672525
2040-06-14 15:00:00+00:00,40137.46241344553
2040-06-14 16:00:00+00:00,39629.434421048325
2040-06-14 17:00:00+00:00,38808.80539421449
2040-06-14 18:00:00+00:00,38320.579593918716
2040-06-14 19:00:00+00:00,38207.35180558814
2040-06-14 20:00:00+00:00,38084.829929965315
2040-06-14 21:00:00+00:00,37395.70035144726
2040-06-14 22:00:00+00:00,36251.8060932273
2040-06-14 23:00:00+00:00,35224.041790788426
2040-06-15 00:00:00+00:00,34741.45402590372
2040-06-15 01:00:00+00:00,34446.49228748584
2040-06-15 02:00:00+00:00,34270.58127240368
2040-06-15 03:00:00+00:00,34433.81283212986
2040-06-15 04:00:00+00:00,34381.2683063319
2040-06-15 05:00:00+00:00,34820.55119582684
2040-06-15 06:00:00+00:00,35893.20462480171
2040-06-15 07:00:00+00:00,36580.36072525098
2040-06-15 08:00:00+00:00,37479.82936128197
2040-06-15 09:00:00+00:00,37975.5191808751
2040-06-15 10:00:00+00:00,37886.253085254226
2040-06-15 11:00:00+00:00,37969.83405968643
2040-06-15 12:00:00+00:00,38162.53485551796
2040-06-15 13:00:00+00:00,38009.934472808614
2040-06-15 14:00:00+00:00,38169.404629214296
2040-06-15 15:00:00+00:00,38697.83970805755
2040-06-15 16:00:00+00:00,39257.96341565592
2040-06-15 17:00:00+00:00,38757.623532614096
2040-06-15 18:00:00+00:00,38150.56901926868
2040-06-15 19:00:00+00:00,37646.613268092704
2040-06-15 20:00:00+00:00,37516.36230433752
2040-06-15 21:00:00+00:00,36848.90441129557
2040-06-15 22:00:00+00:00,35750.85035400488
2040-06-15 23:00:00+00:00,34958.41479763603
2040-06-16 00:00:00+00:00,34208.992077003975
2040-06-16 01:00:00+00:00,34001.64543744033
2040-06-16 02:00:00+00:00,34088.55220139498
2040-06-16 03:00:00+00:00,34560.44250208681
2040-06-16 04:00:00+00:00,35187.810399835755
2040-06-16 05:00:00+00:00,35388.20767141939
2040-06-16 06:00:00+00:00,35494.62966044091
2040-06-16 07:00:00+00:00,35901.502896805076
2040-06-16 08:00:00+00:00,36324.74717412665
2040-06-16 09:00:00+00:00,36807.220412309944
2040-06-16 10:00:00+00:00,37032.86933791392
2040-06-16 11:00:00+00:00,37098.72774572693
2040-06-16 12:00:00+00:00,37204.86056728779
2040-06-16 13:00:00+00:00,37441.597434501964
2040-06-16 14:00:00+00:00,37599.46617101674
2040-06-16 15:00:00+00:00,37657.19407408059
2040-06-16 16:00:00+00:00,37801.36186903299
2040-06-16 17:00:00+00:00,36852.03668482897
2040-06-16 18:00:00+00:00,36603.28554855906
2040-06-16 19:00:00+00:00,36600.057671674556
2040-06-16 20:00:00+00:00,36770.11890598894
2040-06-16 21:00:00+00:00,36238.455941851316
2040-06-16 22:00:00+00:00,35225.10441308312
2040-06-16 23:00:00+00:00,34469.792325306
2040-06-17 00:00:00+00:00,33966.9874659607
2040-06-17 01:00:00+00:00,33892.03426590691
2040-06-17 02:00:00+00:00,33796.79359527816
2040-06-17 03:00:00+00:00,34492.46288997975
2040-06-17 04:00:00+00:00,36155.18041708696
2040-06-17 05:00:00+00:00,38185.09520735189
2040-06-17 06:00:00+00:00,39273.302407430405
2040-06-17 07:00:00+00:00,39796.16384189566
2040-06-17 08:00:00+00:00,39528.09079209001
2040-06-17 09:00:00+00:00,39652.08588774788
2040-06-17 10:00:00+00:00,39742.49878078064
2040-06-17 11:00:00+00:00,39796.10122116097
2040-06-17 12:00:00+00:00,39919.80209396956
2040-06-17 13:00:00+00:00,39826.47452233813
2040-06-17 14:00:00+00:00,40302.11959457228
2040-06-17 15:00:00+00:00,40380.68811768774
2040-06-17 16:00:00+00:00,39853.51420283726
2040-06-17 17:00:00+00:00,38780.7502050987
2040-06-17 18:00:00+00:00,38248.278698640184
2040-06-17 19:00:00+00:00,38091.8884056803
2040-06-17 20:00:00+00:00,37882.790176236216
2040-06-17 21:00:00+00:00,37164.74783943532
2040-06-17 22:00:00+00:00,35942.83533102664
2040-06-17 23:00:00+00:00,34917.108536360596
2040-06-18 00:00:00+00:00,34457.64800605375
2040-06-18 01:00:00+00:00,34185.32806464379
2040-06-18 02:00:00+00:00,34139.222347823095
2040-06-18 03:00:00+00:00,34901.68887001902
2040-06-18 04:00:00+00:00,36314.16034943463
2040-06-18 05:00:00+00:00,38395.45346211668
2040-06-18 06:00:00+00:00,39865.192380665656
2040-06-18 07:00:00+00:00,40467.17234921404
2040-06-18 08:00:00+00:00,40345.22921100925
2040-06-18 09:00:00+00:00,40423.21375420035
2040-06-18 10:00:00+00:00,40644.36981426326
2040-06-18 11:00:00+00:00,40921.701713104354
2040-06-18 12:00:00+00:00,40990.12382027079
2040-06-18 13:00:00+00:00,41165.329011616566
2040-06-18 14:00:00+00:00,41522.161095775475
2040-06-18 15:00:00+00:00,41918.82022235845
2040-06-18 16:00:00+00:00,41374.15809634972
2040-06-18 17:00:00+00:00,40214.33734098518
2040-06-18 18:00:00+00:00,39329.48225476632
2040-06-18 19:00:00+00:00,38737.867925481296
2040-06-18 20:00:00+00:00,38142.2492373567
2040-06-18 21:00:00+00:00,37216.80279462392
2040-06-18 22:00:00+00:00,35941.03164027378
2040-06-18 23:00:00+00:00,35063.12495769722
2040-06-19 00:00:00+00:00,34499.23037640064
2040-06-19 01:00:00+00:00,34305.04043458521
2040-06-19 02:00:00+00:00,34276.50345144452
2040-06-19 03:00:00+00:00,34988.44779593718
2040-06-19 04:00:00+00:00,36307.55801739813
2040-06-19 05:00:00+00:00,38179.313737631026
2040-06-19 06:00:00+00:00,39298.66539548754
2040-06-19 07:00:00+00:00,39670.83990547127
2040-06-19 08:00:00+00:00,39682.93282598768
2040-06-19 09:00:00+00:00,39577.437905594066
2040-06-19 10:00:00+00:00,39542.18295255894
2040-06-19 11:00:00+00:00,39574.25365727532
2040-06-19 12:00:00+00:00,39795.87802664155
2040-06-19 13:00:00+00:00,40045.74170511739
2040-06-19 14:00:00+00:00,40154.05720721388
2040-06-19 15:00:00+00:00,40405.03291061798
2040-06-19 16:00:00+00:00,39905.785893212924
2040-06-19 17:00:00+00:00,38823.22093597743
2040-06-19 18:00:00+00:00,38380.40458421326
2040-06-19 19:00:00+00:00,38257.414078339614
2040-06-19 20:00:00+00:00,38076.59655048018
2040-06-19 21:00:00+00:00,37361.194579185016
2040-06-19 22:00:00+00:00,36047.522587994084
2040-06-19 23:00:00+00:00,35256.79883086022
2040-06-20 00:00:00+00:00,34758.30544718146
2040-06-20 01:00:00+00:00,34493.66093911954
2040-06-20 02:00:00+00:00,34322.05339761413
2040-06-20 03:00:00+00:00,34853.064089458014
2040-06-20 04:00:00+00:00,36238.615598824
2040-06-20 05:00:00+00:00,37831.96903556319
2040-06-20 06:00:00+00:00,38998.29071920352
2040-06-20 07:00:00+00:00,39697.15153862758
2040-06-20 08:00:00+00:00,39936.90975963694
2040-06-20 09:00:00+00:00,40154.112822433875
2040-06-20 10:00:00+00:00,40229.27394721364
2040-06-20 11:00:00+00:00,40474.62657313865
2040-06-20 12:00:00+00:00,40705.08002165262
2040-06-20 13:00:00+00:00,40740.86496184016
2040-06-20 14:00:00+00:00,40671.381468771266
2040-06-20 15:00:00+00:00,40614.95111276313
2040-06-20 16:00:00+00:00,40593.19006290127
2040-06-20 17:00:00+00:00,39807.82911652048
2040-06-20 18:00:00+00:00,39304.23108959219
2040-06-20 19:00:00+00:00,38665.8729770189
2040-06-20 20:00:00+00:00,38256.16405868336
2040-06-20 21:00:00+00:00,37328.04080509776
2040-06-20 22:00:00+00:00,36262.07119002463
2040-06-20 23:00:00+00:00,35223.063857167894
2040-06-21 00:00:00+00:00,34551.90909199423
2040-06-21 01:00:00+00:00,34276.27378605107
2040-06-21 02:00:00+00:00,34266.12092542793
2040-06-21 03:00:00+00:00,34719.67972443058
2040-06-21 04:00:00+00:00,35193.09642352099
2040-06-21 05:00:00+00:00,36728.07656887735
2040-06-21 06:00:00+00:00,38639.679782242776
2040-06-21 07:00:00+00:00,40066.48038494631
2040-06-21 08:00:00+00:00,40693.050104855945
2040-06-21 09:00:00+00:00,40979.1309606155
2040-06-21 10:00:00+00:00,40733.41448579163
2040-06-21 11:00:00+00:00,40806.97779969546
2040-06-21 12:00:00+00:00,40974.01639841852
2040-06-21 13:00:00+00:00,40777.18492020624
2040-06-21 14:00:00+00:00,40499.010295613225
2040-06-21 15:00:00+00:00,40714.38163137061
2040-06-21 16:00:00+00:00,40356.610227073215
2040-06-21 17:00:00+00:00,39268.284674183014
2040-06-21 18:00:00+00:00,38512.95299957812
2040-06-21 19:00:00+00:00,37746.79667378486
2040-06-21 20:00:00+00:00,37278.57620674594
2040-06-21 21:00:00+00:00,36624.814628204214
2040-06-21 22:00:00+00:00,35801.42477119654
2040-06-21 23:00:00+00:00,34955.62151419385
2040-06-22 00:00:00+00:00,34758.19923526669
2040-06-22 01:00:00+00:00,34376.103028334044
2040-06-22 02:00:00+00:00,34137.01664259909
2040-06-22 03:00:00+00:00,33999.64702576365
2040-06-22 04:00:00+00:00,33796.6914430957
2040-06-22 05:00:00+00:00,34029.95184863885
2040-06-22 06:00:00+00:00,34743.2882027839
2040-06-22 07:00:00+00:00,35966.06134778162
2040-06-22 08:00:00+00:00,36866.84076276822
2040-06-22 09:00:00+00:00,37355.102981043376
2040-06-22 10:00:00+00:00,37565.591625001325
2040-06-22 11:00:00+00:00,37621.152391974785
2040-06-22 12:00:00+00:00,37497.83290747573
2040-06-22 13:00:00+00:00,37324.051665598
2040-06-22 14:00:00+00:00,37417.3121476517
2040-06-22 15:00:00+00:00,37921.067194159834
2040-06-22 16:00:00+00:00,38025.00072924636
2040-06-22 17:00:00+00:00,37433.00851996966
2040-06-22 18:00:00+00:00,37268.023115923264
2040-06-22 19:00:00+00:00,36810.86320015931
2040-06-22 20:00:00+00:00,36756.83384415573
2040-06-22 21:00:00+00:00,36143.750145687154
2040-06-22 22:00:00+00:00,35162.90924438149
2040-06-22 23:00:00+00:00,34481.88163365949
2040-06-23 00:00:00+00:00,34346.32670516769
2040-06-23 01:00:00+00:00,34194.749414269565
2040-06-23 02:00:00+00:00,34467.71434991763
2040-06-23 03:00:00+00:00,35347.74221669593
2040-06-23 04:00:00+00:00,35906.77130580609
2040-06-23 05:00:00+00:00,36124.49079285556
2040-06-23 06:00:00+00:00,36166.98217702559
2040-06-23 07:00:00+00:00,36438.43738194532
2040-06-23 08:00:00+00:00,36930.849042341615
2040-06-23 09:00:00+00:00,37148.429128910844
2040-06-23 10:00:00+00:00,37445.52921281447
2040-06-23 11:00:00+00:00,37616.593336722624
2040-06-23 12:00:00+00:00,37625.18418195008
2040-06-23 13:00:00+00:00,37707.30380201848
2040-06-23 14:00:00+00:00,38067.393697274696
2040-06-23 15:00:00+00:00,38696.31628051985
2040-06-23 16:00:00+00:00,38541.56790344692
2040-06-23 17:00:00+00:00,37804.47687947836
2040-06-23 18:00:00+00:00,37871.66825891258
2040-06-23 19:00:00+00:00,37749.82632596232
2040-06-23 20:00:00+00:00,37692.19592997585
2040-06-23 21:00:00+00:00,36925.44802976413
2040-06-23 22:00:00+00:00,35834.9288784893
2040-06-23 23:00:00+00:00,35011.36934262728
2040-06-24 00:00:00+00:00,34801.224862820316
2040-06-24 01:00:00+00:00,34721.950801040555
2040-06-24 02:00:00+00:00,35081.23028739447
2040-06-24 03:00:00+00:00,36231.4182813049
2040-06-24 04:00:00+00:00,37856.78552315463
2040-06-24 05:00:00+00:00,39525.920078459436
2040-06-24 06:00:00+00:00,40620.96040743326
2040-06-24 07:00:00+00:00,40740.9213793982
2040-06-24 08:00:00+00:00,40560.87819884694
2040-06-24 09:00:00+00:00,40747.867405365665
2040-06-24 10:00:00+00:00,40783.66968580057
2040-06-24 11:00:00+00:00,40958.56481548156
2040-06-24 12:00:00+00:00,41212.28889263939
2040-06-24 13:00:00+00:00,41350.21383365124
2040-06-24 14:00:00+00:00,41714.608989167034
2040-06-24 15:00:00+00:00,41668.13228836745
2040-06-24 16:00:00+00:00,41357.84954826564
2040-06-24 17:00:00+00:00,40425.26760508329
2040-06-24 18:00:00+00:00,40086.47453519328
2040-06-24 19:00:00+00:00,39863.67078885427
2040-06-24 20:00:00+00:00,39517.60250394739
2040-06-24 21:00:00+00:00,38428.812972391854
2040-06-24 22:00:00+00:00,37020.362584622686
2040-06-24 23:00:00+00:00,36128.37905237209
2040-06-25 00:00:00+00:00,35761.204295119715
2040-06-25 01:00:00+00:00,35543.553513847444
2040-06-25 02:00:00+00:00,35850.70924633962
2040-06-25 03:00:00+00:00,36947.07576244134
2040-06-25 04:00:00+00:00,38439.51133479709
2040-06-25 05:00:00+00:00,40156.34774935722
2040-06-25 06:00:00+00:00,41151.440597637025
2040-06-25 07:00:00+00:00,41436.768048297396
2040-06-25 08:00:00+00:00,41337.21497081534
2040-06-25 09:00:00+00:00,41322.78173670611
2040-06-25 10:00:00+00:00,41634.90742601987
2040-06-25 11:00:00+00:00,41699.519375984026
2040-06-25 12:00:00+00:00,41838.37299238943
2040-06-25 13:00:00+00:00,42064.73971937993
2040-06-25 14:00:00+00:00,42412.89374052637
2040-06-25 15:00:00+00:00,42506.0131718334
2040-06-25 16:00:00+00:00,41934.48486111361
2040-06-25 17:00:00+00:00,41123.69871257728
2040-06-25 18:00:00+00:00,40565.993881593946
2040-06-25 19:00:00+00:00,40617.49331668837
2040-06-25 20:00:00+00:00,40220.25539093884
2040-06-25 21:00:00+00:00,39102.75000553427
2040-06-25 22:00:00+00:00,37583.31484825333
2040-06-25 23:00:00+00:00,36607.92876219272
2040-06-26 00:00:00+00:00,36237.01019961856
2040-06-26 01:00:00+00:00,36052.38661492722
2040-06-26 02:00:00+00:00,36403.41259807551
2040-06-26 03:00:00+00:00,37664.09364343979
2040-06-26 04:00:00+00:00,39064.989965555855
2040-06-26 05:00:00+00:00,40722.54134890219
2040-06-26 06:00:00+00:00,41716.079726416174
2040-06-26 07:00:00+00:00,41997.83695897802
2040-06-26 08:00:00+00:00,42056.65956155678
2040-06-26 09:00:00+00:00,42121.52962459332
2040-06-26 10:00:00+00:00,42254.767287781964
2040-06-26 11:00:00+00:00,42291.820542906484
2040-06-26 12:00:00+00:00,42577.76067756332
2040-06-26 13:00:00+00:00,42769.73075889305
2040-06-26 14:00:00+00:00,43140.29590869436
2040-06-26 15:00:00+00:00,43216.196203532236
2040-06-26 16:00:00+00:00,43001.69319145774
2040-06-26 17:00:00+00:00,42298.429191941694
2040-06-26 18:00:00+00:00,42029.68270779264
2040-06-26 19:00:00+00:00,41744.15387494081
2040-06-26 20:00:00+00:00,41331.97393313438
2040-06-26 21:00:00+00:00,40083.323617407696
2040-06-26 22:00:00+00:00,38566.32635282919
2040-06-26 23:00:00+00:00,37583.91995117336
2040-06-27 00:00:00+00:00,36486.68228893609
2040-06-27 01:00:00+00:00,36234.66026689943
2040-06-27 02:00:00+00:00,36377.256582243186
2040-06-27 03:00:00+00:00,37283.71295130259
2040-06-27 04:00:00+00:00,38593.64789862867
2040-06-27 05:00:00+00:00,40192.401486335024
2040-06-27 06:00:00+00:00,41174.14769767126
2040-06-27 07:00:00+00:00,41692.162312341505
2040-06-27 08:00:00+00:00,41815.00295057607
2040-06-27 09:00:00+00:00,41987.358952607676
2040-06-27 10:00:00+00:00,42287.78494361002
2040-06-27 11:00:00+00:00,42717.377061112646
2040-06-27 12:00:00+00:00,42755.59486950692
2040-06-27 13:00:00+00:00,42603.53694074069
2040-06-27 14:00:00+00:00,42863.49339668428
2040-06-27 15:00:00+00:00,42856.143616556044
2040-06-27 16:00:00+00:00,42635.139935693755
2040-06-27 17:00:00+00:00,42086.78259898985
2040-06-27 18:00:00+00:00,41751.30644376415
2040-06-27 19:00:00+00:00,41251.57109568769
2040-06-27 20:00:00+00:00,40537.67392477264
2040-06-27 21:00:00+00:00,39286.39708936945
2040-06-27 22:00:00+00:00,37887.854358121585
2040-06-27 23:00:00+00:00,36940.70990532826
2040-06-28 00:00:00+00:00,35942.61840019143
2040-06-28 01:00:00+00:00,35777.27894148128
2040-06-28 02:00:00+00:00,35681.788686174725
2040-06-28 03:00:00+00:00,35962.58879434003
2040-06-28 04:00:00+00:00,36493.34693384864
2040-06-28 05:00:00+00:00,37597.03631586951
2040-06-28 06:00:00+00:00,39293.85537930859
2040-06-28 07:00:00+00:00,40302.378453459794
2040-06-28 08:00:00+00:00,40847.694829141736
2040-06-28 09:00:00+00:00,40962.60605669746
2040-06-28 10:00:00+00:00,40812.71049733177
2040-06-28 11:00:00+00:00,40686.8081385511
2040-06-28 12:00:00+00:00,40608.21194274232
2040-06-28 13:00:00+00:00,40224.34955458548
2040-06-28 14:00:00+00:00,40038.85707838582
2040-06-28 15:00:00+00:00,40159.58323556908
2040-06-28 16:00:00+00:00,39886.864571195365
2040-06-28 17:00:00+00:00,38943.02656339156
2040-06-28 18:00:00+00:00,38589.47047070345
2040-06-28 19:00:00+00:00,38541.33763608873
2040-06-28 20:00:00+00:00,38396.81049620505
2040-06-28 21:00:00+00:00,37750.774220012914
2040-06-28 22:00:00+00:00,36703.78670303938
2040-06-28 23:00:00+00:00,35805.91316657321
2040-06-29 00:00:00+00:00,34677.00870590235
2040-06-29 01:00:00+00:00,34178.92108107351
2040-06-29 02:00:00+00:00,34113.12300952989
2040-06-29 03:00:00+00:00,33914.629123212966
2040-06-29 04:00:00+00:00,33628.409658412165
2040-06-29 05:00:00+00:00,33851.57899785961
2040-06-29 06:00:00+00:00,34546.15845389376
2040-06-29 07:00:00+00:00,35658.441534916914
2040-06-29 08:00:00+00:00,36665.42989294022
2040-06-29 09:00:00+00:00,37274.38950159181
2040-06-29 10:00:00+00:00,37358.99006053047
2040-06-29 11:00:00+00:00,37404.839104923834
2040-06-29 12:00:00+00:00,37532.67685335371
2040-06-29 13:00:00+00:00,37359.669174444556
2040-06-29 14:00:00+00:00,37514.12736850673
2040-06-29 15:00:00+00:00,37656.702221669926
2040-06-29 16:00:00+00:00,37992.95373567845
2040-06-29 17:00:00+00:00,38314.39224150959
2040-06-29 18:00:00+00:00,38261.677294559486
2040-06-29 19:00:00+00:00,37703.193430621104
2040-06-29 20:00:00+00:00,37145.66598341521
2040-06-29 21:00:00+00:00,36536.207455127944
2040-06-29 22:00:00+00:00,35559.06710382899
2040-06-29 23:00:00+00:00,34739.78340123607
2040-06-30 00:00:00+00:00,34361.67234690336
2040-06-30 01:00:00+00:00,34162.154510209155
2040-06-30 02:00:00+00:00,34185.84563230365
2040-06-30 03:00:00+00:00,34718.995287912105
2040-06-30 04:00:00+00:00,35282.54398960289
2040-06-30 05:00:00+00:00,35601.28634602414
2040-06-30 06:00:00+00:00,35659.67706302396
2040-06-30 07:00:00+00:00,35854.963580218326
2040-06-30 08:00:00+00:00,36093.13779828366
2040-06-30 09:00:00+00:00,36418.73231640294
2040-06-30 10:00:00+00:00,36767.95710568877
2040-06-30 11:00:00+00:00,36898.176872808166
2040-06-30 12:00:00+00:00,36790.68864566828
2040-06-30 13:00:00+00:00,37017.13846530397
2040-06-30 14:00:00+00:00,37411.70739156675
2040-06-30 15:00:00+00:00,38012.3499193133
2040-06-30 16:00:00+00:00,38286.687644287325
2040-06-30 17:00:00+00:00,37776.700247286324
2040-06-30 18:00:00+00:00,37457.90829157231
2040-06-30 19:00:00+00:00,37252.47713377892
2040-06-30 20:00:00+00:00,36973.969390129736
2040-06-30 21:00:00+00:00,36233.64895058189
2040-06-30 22:00:00+00:00,35359.78543972089
2040-06-30 23:00:00+00:00,34596.56091426446
2040-07-01 00:00:00+00:00,34146.32251008366
2040-07-01 01:00:00+00:00,34154.71820383086
2040-07-01 02:00:00+00:00,34184.6638049644
2040-07-01 03:00:00+00:00,34821.8042197308
2040-07-01 04:00:00+00:00,36328.54765622901
2040-07-01 05:00:00+00:00,38100.66660013133
2040-07-01 06:00:00+00:00,39258.30920654965
2040-07-01 07:00:00+00:00,39729.936015737374
2040-07-01 08:00:00+00:00,39695.19571704806
2040-07-01 09:00:00+00:00,39717.719215206496
2040-07-01 10:00:00+00:00,39964.71317083043
2040-07-01 11:00:00+00:00,39786.87376534891
2040-07-01 12:00:00+00:00,39718.535069903
2040-07-01 13:00:00+00:00,39837.25873202361
2040-07-01 14:00:00+00:00,40248.386883147694
2040-07-01 15:00:00+00:00,40561.386356785246
2040-07-01 16:00:00+00:00,40144.21223355618
2040-07-01 17:00:00+00:00,39101.438105216606
2040-07-01 18:00:00+00:00,38477.46499438651
2040-07-01 19:00:00+00:00,38284.758964948334
2040-07-01 20:00:00+00:00,38150.21937702963
2040-07-01 21:00:00+00:00,37366.398457071984
2040-07-01 22:00:00+00:00,36178.464592738776
2040-07-01 23:00:00+00:00,35340.23802267944
2040-07-02 00:00:00+00:00,34751.546456843935
2040-07-02 01:00:00+00:00,34593.76208712593
2040-07-02 02:00:00+00:00,34539.363408725156
2040-07-02 03:00:00+00:00,35268.688576194574
2040-07-02 04:00:00+00:00,37133.79447635084
2040-07-02 05:00:00+00:00,39233.03166723207
2040-07-02 06:00:00+00:00,40324.11028170531
2040-07-02 07:00:00+00:00,40620.442235958544
2040-07-02 08:00:00+00:00,40713.15100814118
2040-07-02 09:00:00+00:00,40719.64612583562
2040-07-02 10:00:00+00:00,40616.96363768597
2040-07-02 11:00:00+00:00,40607.21835813844
2040-07-02 12:00:00+00:00,40275.097218384384
2040-07-02 13:00:00+00:00,40283.811534506785
2040-07-02 14:00:00+00:00,40486.23998024371
2040-07-02 15:00:00+00:00,40766.24283741986
2040-07-02 16:00:00+00:00,40121.19951097148
2040-07-02 17:00:00+00:00,38884.40429769908
2040-07-02 18:00:00+00:00,38331.28879671597
2040-07-02 19:00:00+00:00,38348.163783298274
2040-07-02 20:00:00+00:00,38061.952520157414
2040-07-02 21:00:00+00:00,37211.24026088749
2040-07-02 22:00:00+00:00,35811.272766694405
2040-07-02 23:00:00+00:00,34994.084508182015
2040-07-03 00:00:00+00:00,34465.87773747386
2040-07-03 01:00:00+00:00,34332.383001039365
2040-07-03 02:00:00+00:00,34379.67344448293
2040-07-03 03:00:00+00:00,35085.9782213429
2040-07-03 04:00:00+00:00,36269.81720387276
2040-07-03 05:00:00+00:00,38332.035758423845
2040-07-03 06:00:00+00:00,39997.889803698534
2040-07-03 07:00:00+00:00,40745.44658245104
2040-07-03 08:00:00+00:00,41190.881384580935
2040-07-03 09:00:00+00:00,41333.61740778002
2040-07-03 10:00:00+00:00,41214.03050889294
2040-07-03 11:00:00+00:00,40827.33663575776
2040-07-03 12:00:00+00:00,40375.371034175856
2040-07-03 13:00:00+00:00,40152.45398683121
2040-07-03 14:00:00+00:00,40372.90453908878
2040-07-03 15:00:00+00:00,40682.004509571394
2040-07-03 16:00:00+00:00,40532.61302585175
2040-07-03 17:00:00+00:00,39622.52264741034
2040-07-03 18:00:00+00:00,39361.21939934837
2040-07-03 19:00:00+00:00,39086.79715012212
2040-07-03 20:00:00+00:00,38673.84379032551
2040-07-03 21:00:00+00:00,37565.196427777584
2040-07-03 22:00:00+00:00,36432.324930237744
2040-07-03 23:00:00+00:00,35605.7123492533
2040-07-04 00:00:00+00:00,35154.14591055891
2040-07-04 01:00:00+00:00,34952.66384396731
2040-07-04 02:00:00+00:00,34999.546814207155
2040-07-04 03:00:00+00:00,35650.46613662211
2040-07-04 04:00:00+00:00,37410.97755155623
2040-07-04 05:00:00+00:00,39030.843440157325
2040-07-04 06:00:00+00:00,40194.69185196159
2040-07-04 07:00:00+00:00,40314.2378799405
2040-07-04 08:00:00+00:00,40058.85635099078
2040-07-04 09:00:00+00:00,40221.05497906169
2040-07-04 10:00:00+00:00,40431.58003650291
2040-07-04 11:00:00+00:00,40623.20781934051
2040-07-04 12:00:00+00:00,40791.57293732781
2040-07-04 13:00:00+00:00,40486.755806475754
2040-07-04 14:00:00+00:00,40573.98456508616
2040-07-04 15:00:00+00:00,40658.290342789565
2040-07-04 16:00:00+00:00,40326.336318919464
2040-07-04 17:00:00+00:00,39706.88338256278
2040-07-04 18:00:00+00:00,38987.38072204407
2040-07-04 19:00:00+00:00,38735.9131119183
2040-07-04 20:00:00+00:00,38560.15451592837
2040-07-04 21:00:00+00:00,37780.3906670579
2040-07-04 22:00:00+00:00,36626.05969516968
2040-07-04 23:00:00+00:00,35638.272076870904
2040-07-05 00:00:00+00:00,35040.681191374846
2040-07-05 01:00:00+00:00,34825.446123296475
2040-07-05 02:00:00+00:00,34783.15293849968
2040-07-05 03:00:00+00:00,35188.43461860732
2040-07-05 04:00:00+00:00,35834.265854868296
2040-07-05 05:00:00+00:00,37276.83408822837
2040-07-05 06:00:00+00:00,38823.53460161224
2040-07-05 07:00:00+00:00,40195.18438882641
2040-07-05 08:00:00+00:00,40921.15969878567
2040-07-05 09:00:00+00:00,41109.13855254582
2040-07-05 10:00:00+00:00,40939.42652697591
2040-07-05 11:00:00+00:00,41015.02234720673
2040-07-05 12:00:00+00:00,40903.02274923151
2040-07-05 13:00:00+00:00,40545.20547597896
2040-07-05 14:00:00+00:00,40239.73643341603
2040-07-05 15:00:00+00:00,40729.70850728025
2040-07-05 16:00:00+00:00,40635.683843221195
2040-07-05 17:00:00+00:00,39774.34609804556
2040-07-05 18:00:00+00:00,38942.587610117116
2040-07-05 19:00:00+00:00,38319.90905453056
2040-07-05 20:00:00+00:00,37781.51535648796
2040-07-05 21:00:00+00:00,37073.512750747934
2040-07-05 22:00:00+00:00,36123.13972372343
2040-07-05 23:00:00+00:00,35075.63335705984
2040-07-06 00:00:00+00:00,34489.06953987504
2040-07-06 01:00:00+00:00,34143.185220404855
2040-07-06 02:00:00+00:00,34054.50483777164
2040-07-06 03:00:00+00:00,34108.19471680518
2040-07-06 04:00:00+00:00,33833.92041057637
2040-07-06 05:00:00+00:00,34143.72414162223
2040-07-06 06:00:00+00:00,34963.87301265379
2040-07-06 07:00:00+00:00,36340.25013314876
2040-07-06 08:00:00+00:00,37528.95198216451
2040-07-06 09:00:00+00:00,38152.39037446497
2040-07-06 10:00:00+00:00,38336.933560549194
2040-07-06 11:00:00+00:00,37910.74774135471
2040-07-06 12:00:00+00:00,37577.66329659663
2040-07-06 13:00:00+00:00,37474.27899583261
2040-07-06 14:00:00+00:00,37649.04372527612
2040-07-06 15:00:00+00:00,37964.72516999623
2040-07-06 16:00:00+00:00,38249.76207095475
2040-07-06 17:00:00+00:00,37728.1193321413
2040-07-06 18:00:00+00:00,37291.07004593273
2040-07-06 19:00:00+00:00,36947.66454529615
2040-07-06 20:00:00+00:00,36825.406470560185
2040-07-06 21:00:00+00:00,36072.91482490188
2040-07-06 22:00:00+00:00,35612.85968908152
2040-07-06 23:00:00+00:00,34761.107587070706
2040-07-07 00:00:00+00:00,34294.523550161925
2040-07-07 01:00:00+00:00,34044.20678989978
2040-07-07 02:00:00+00:00,33922.64893819905
2040-07-07 03:00:00+00:00,34363.00464872127
2040-07-07 04:00:00+00:00,34888.47703157794
2040-07-07 05:00:00+00:00,35214.171803038655
2040-07-07 06:00:00+00:00,35183.607629098165
2040-07-07 07:00:00+00:00,35348.88533251684
2040-07-07 08:00:00+00:00,35828.90463123301
2040-07-07 09:00:00+00:00,36349.90595206049
2040-07-07 10:00:00+00:00,36857.21246468385
2040-07-07 11:00:00+00:00,37238.484315580645
2040-07-07 12:00:00+00:00,37197.257036908995
2040-07-07 13:00:00+00:00,37407.9977797492
2040-07-07 14:00:00+00:00,37671.80021101364
2040-07-07 15:00:00+00:00,38260.02526220404
2040-07-07 16:00:00+00:00,38282.68328844229
2040-07-07 17:00:00+00:00,37154.32620876499
2040-07-07 18:00:00+00:00,36950.976575418215
2040-07-07 19:00:00+00:00,36819.16093560273
2040-07-07 20:00:00+00:00,36762.322858021
2040-07-07 21:00:00+00:00,36108.31457932466
2040-07-07 22:00:00+00:00,35244.01063336897
2040-07-07 23:00:00+00:00,34457.14692106854
2040-07-08 00:00:00+00:00,34006.89899013174
2040-07-08 01:00:00+00:00,33765.467362375806
2040-07-08 02:00:00+00:00,33929.38644161952
2040-07-08 03:00:00+00:00,34839.56037548652
2040-07-08 04:00:00+00:00,36349.53219057166
2040-07-08 05:00:00+00:00,38132.97687740573
2040-07-08 06:00:00+00:00,39079.8655633353
2040-07-08 07:00:00+00:00,39442.88384189566
2040-07-08 08:00:00+00:00,39466.10418769815
2040-07-08 09:00:00+00:00,39655.60813559859
2040-07-08 10:00:00+00:00,39720.07093851131
2040-07-08 11:00:00+00:00,39808.2164780837
2040-07-08 12:00:00+00:00,40061.7229229347
2040-07-08 13:00:00+00:00,40283.416486156544
2040-07-08 14:00:00+00:00,40644.059436046926
2040-07-08 15:00:00+00:00,40769.65472167448
2040-07-08 16:00:00+00:00,40648.1714627353
2040-07-08 17:00:00+00:00,39668.52415235342
2040-07-08 18:00:00+00:00,39060.29127448339
2040-07-08 19:00:00+00:00,38736.00866259001
2040-07-08 20:00:00+00:00,38318.57075419565
2040-07-08 21:00:00+00:00,37273.931442660985
2040-07-08 22:00:00+00:00,36275.05818193912
2040-07-08 23:00:00+00:00,35289.171351985824
2040-07-09 00:00:00+00:00,34653.787019651856
2040-07-09 01:00:00+00:00,34439.04524752546
2040-07-09 02:00:00+00:00,34587.65405170902
2040-07-09 03:00:00+00:00,35291.75103708711
2040-07-09 04:00:00+00:00,36904.53612402709
2040-07-09 05:00:00+00:00,38624.77324066655
2040-07-09 06:00:00+00:00,39704.72453737106
2040-07-09 07:00:00+00:00,39936.757472869314
2040-07-09 08:00:00+00:00,40187.38545749637
2040-07-09 09:00:00+00:00,40228.252725240454
2040-07-09 10:00:00+00:00,40320.574689852576
2040-07-09 11:00:00+00:00,40526.75573022471
2040-07-09 12:00:00+00:00,40827.96461634377
2040-07-09 13:00:00+00:00,41086.78114645506
2040-07-09 14:00:00+00:00,41671.26976388256
2040-07-09 15:00:00+00:00,41995.13263845604
2040-07-09 16:00:00+00:00,41991.446049540915
2040-07-09 17:00:00+00:00,41671.32564192631
2040-07-09 18:00:00+00:00,40867.41139003033
2040-07-09 19:00:00+00:00,40265.02449818342
2040-07-09 20:00:00+00:00,39167.34230090217
2040-07-09 21:00:00+00:00,38045.135830212705
2040-07-09 22:00:00+00:00,36778.04623738742
2040-07-09 23:00:00+00:00,36038.96271699173
2040-07-10 00:00:00+00:00,35428.22849449112
2040-07-10 01:00:00+00:00,35150.40529111485
2040-07-10 02:00:00+00:00,35243.475247750204
2040-07-10 03:00:00+00:00,35999.83631903806
2040-07-10 04:00:00+00:00,37731.81557754583
2040-07-10 05:00:00+00:00,39426.95675952771
2040-07-10 06:00:00+00:00,40418.00549241076
2040-07-10 07:00:00+00:00,40807.1442055306
2040-07-10 08:00:00+00:00,41004.89831827322
2040-07-10 09:00:00+00:00,41032.5654863738
2040-07-10 10:00:00+00:00,41062.47217632369
2040-07-10 11:00:00+00:00,41049.687834604534
2040-07-10 12:00:00+00:00,40980.59471728353
2040-07-10 13:00:00+00:00,41104.662411020356
2040-07-10 14:00:00+00:00,41350.736765542366
2040-07-10 15:00:00+00:00,41290.71126433895
2040-07-10 16:00:00+00:00,40985.239416286575
2040-07-10 17:00:00+00:00,39946.79784462448
2040-07-10 18:00:00+00:00,39297.924351580994
2040-07-10 19:00:00+00:00,38759.1319719027
2040-07-10 20:00:00+00:00,38667.09992096724
2040-07-10 21:00:00+00:00,37693.89652865266
2040-07-10 22:00:00+00:00,36843.577294385985
2040-07-10 23:00:00+00:00,35929.66462655936
2040-07-11 00:00:00+00:00,35343.93318033866
2040-07-11 01:00:00+00:00,35032.02999671376
2040-07-11 02:00:00+00:00,35021.38563290019
2040-07-11 03:00:00+00:00,35651.834876103865
2040-07-11 04:00:00+00:00,37015.52165745302
2040-07-11 05:00:00+00:00,38604.68810810089
2040-07-11 06:00:00+00:00,39594.9835095425
2040-07-11 07:00:00+00:00,40240.15083561692
2040-07-11 08:00:00+00:00,40254.42969846653
2040-07-11 09:00:00+00:00,40672.148661196676
2040-07-11 10:00:00+00:00,40827.88618724492
2040-07-11 11:00:00+00:00,41135.65234915906
2040-07-11 12:00:00+00:00,41217.97654306514
2040-07-11 13:00:00+00:00,41085.701970791204
2040-07-11 14:00:00+00:00,40992.01359167686
2040-07-11 15:00:00+00:00,40865.316000974286
2040-07-11 16:00:00+00:00,40589.52199290901
2040-07-11 17:00:00+00:00,39790.83151394148
2040-07-11 18:00:00+00:00,39339.8802533455
2040-07-11 19:00:00+00:00,39065.43798294021
2040-07-11 20:00:00+00:00,38917.54123313632
2040-07-11 21:00:00+00:00,38087.190390885604
2040-07-11 22:00:00+00:00,36822.57908420431
2040-07-11 23:00:00+00:00,35903.2705568685
2040-07-12 00:00:00+00:00,35160.03808382444
2040-07-12 01:00:00+00:00,34845.041228434486
2040-07-12 02:00:00+00:00,34701.582058149615
2040-07-12 03:00:00+00:00,35100.639770402246
2040-07-12 04:00:00+00:00,35748.65834818872
2040-07-12 05:00:00+00:00,37356.55922953107
2040-07-12 06:00:00+00:00,39575.665790973115
2040-07-12 07:00:00+00:00,41111.24804242287
2040-07-12 08:00:00+00:00,41964.13293149742
2040-07-12 09:00:00+00:00,42527.589398994074
2040-07-12 10:00:00+00:00,42746.92949482682
2040-07-12 11:00:00+00:00,42405.11179483352
2040-07-12 12:00:00+00:00,41915.27039439892
2040-07-12 13:00:00+00:00,41156.780361072
2040-07-12 14:00:00+00:00,40706.10979197975
2040-07-12 15:00:00+00:00,40630.81522421116
2040-07-12 16:00:00+00:00,40603.73576370216
2040-07-12 17:00:00+00:00,39672.73193053753
2040-07-12 18:00:00+00:00,39176.83884635327
2040-07-12 19:00:00+00:00,38701.85279864197
2040-07-12 20:00:00+00:00,38185.3168283322
2040-07-12 21:00:00+00:00,37376.418109219725
2040-07-12 22:00:00+00:00,36304.08672360508
2040-07-12 23:00:00+00:00,35305.07944756033
2040-07-13 00:00:00+00:00,34708.02607349828
2040-07-13 01:00:00+00:00,34365.10206119597
2040-07-13 02:00:00+00:00,34291.00562579024
2040-07-13 03:00:00+00:00,34359.682359724306
2040-07-13 04:00:00+00:00,34372.77477707269
2040-07-13 05:00:00+00:00,34769.636228263545
2040-07-13 06:00:00+00:00,35479.43305168014
2040-07-13 07:00:00+00:00,36610.730133148754
2040-07-13 08:00:00+00:00,37500.418794163656
2040-07-13 09:00:00+00:00,37914.618535268906
2040-07-13 10:00:00+00:00,38092.73992862308
2040-07-13 11:00:00+00:00,38159.60261234884
2040-07-13 12:00:00+00:00,38153.58010020979
2040-07-13 13:00:00+00:00,38016.93592239996
2040-07-13 14:00:00+00:00,38024.584447181296
2040-07-13 15:00:00+00:00,38252.440939532564
2040-07-13 16:00:00+00:00,38505.34037702074
2040-07-13 17:00:00+00:00,37834.09351908061
2040-07-13 18:00:00+00:00,37424.39461195981
2040-07-13 19:00:00+00:00,37157.33812992776
2040-07-13 20:00:00+00:00,36870.946470560186
2040-07-13 21:00:00+00:00,36206.774824901884
2040-07-13 22:00:00+00:00,35276.139689081516
2040-07-13 23:00:00+00:00,34638.041012629474
2040-07-14 00:00:00+00:00,34159.954599124096
2040-07-14 01:00:00+00:00,33976.90625426421
2040-07-14 02:00:00+00:00,33959.477951427274
2040-07-14 03:00:00+00:00,34496.95554092031
2040-07-14 04:00:00+00:00,34968.61728543836
2040-07-14 05:00:00+00:00,35434.08632930251
2040-07-14 06:00:00+00:00,35387.84762909816
2040-07-14 07:00:00+00:00,35686.98533251684
2040-07-14 08:00:00+00:00,36164.244631233014
2040-07-14 09:00:00+00:00,36649.103507078704
2040-07-14 10:00:00+00:00,37004.94128543144
2040-07-14 11:00:00+00:00,37194.22629197848
2040-07-14 12:00:00+00:00,37208.59722317982
2040-07-14 13:00:00+00:00,37218.36635234177
2040-07-14 14:00:00+00:00,37495.74706911872
2040-07-14 15:00:00+00:00,37952.54442098757
2040-07-14 16:00:00+00:00,38105.431557704826
2040-07-14 17:00:00+00:00,37200.40759530112
2040-07-14 18:00:00+00:00,36778.79403533556
2040-07-14 19:00:00+00:00,36791.91215144443
2040-07-14 20:00:00+00:00,36944.482858021
2040-07-14 21:00:00+00:00,36246.31457932466
2040-07-14 22:00:00+00:00,35337.850633368966
2040-07-14 23:00:00+00:00,34621.34091690362
2040-07-15 00:00:00+00:00,34241.21862019708
2040-07-15 01:00:00+00:00,34037.26616225735
2040-07-15 02:00:00+00:00,34088.921863789
2040-07-15 03:00:00+00:00,34952.29658307589
2040-07-15 04:00:00+00:00,36406.920267320354
2040-07-15 05:00:00+00:00,38024.52818270238
2040-07-15 06:00:00+00:00,39087.0024074304
2040-07-15 07:00:00+00:00,39351.80384189566
2040-07-15 08:00:00+00:00,39310.164187698145
2040-07-15 09:00:00+00:00,39489.947204533666
2040-07-15 10:00:00+00:00,39646.14511773778
2040-07-15 11:00:00+00:00,39999.891784437
2040-07-15 12:00:00+00:00,40137.938429410824
2040-07-15 13:00:00+00:00,40212.63075728415
2040-07-15 14:00:00+00:00,40618.25952184262
2040-07-15 15:00:00+00:00,40965.31483752041
2040-07-15 16:00:00+00:00,40789.912132384365
2040-07-15 17:00:00+00:00,40066.78591033757
2040-07-15 18:00:00+00:00,39477.9550091636
2040-07-15 19:00:00+00:00,39126.03047516801
2040-07-15 20:00:00+00:00,38619.41075419565
2040-07-15 21:00:00+00:00,37740.37144266099
2040-07-15 22:00:00+00:00,36556.57818193913
2040-07-15 23:00:00+00:00,35814.95135198582
2040-07-16 00:00:00+00:00,35379.44645684393
2040-07-16 01:00:00+00:00,34991.20208712593
2040-07-16 02:00:00+00:00,35185.42906092718
2040-07-16 03:00:00+00:00,35883.31679955844
2040-07-16 04:00:00+00:00,37357.35971375841
2040-07-16 05:00:00+00:00,38983.25166723207
2040-07-16 06:00:00+00:00,39853.53028170531
2040-07-16 07:00:00+00:00,40169.18223595854
2040-07-16 08:00:00+00:00,40145.97100814118
2040-07-16 09:00:00+00:00,40410.58636774938
2040-07-16 10:00:00+00:00,40485.53454695201
2040-07-16 11:00:00+00:00,40862.70598109814
2040-07-16 12:00:00+00:00,40899.30730805749
2040-07-16 13:00:00+00:00,40901.583141254094
2040-07-16 14:00:00+00:00,41222.96424903795
2040-07-16 15:00:00+00:00,41408.383205692575
2040-07-16 16:00:00+00:00,40994.362663302476
2040-07-16 17:00:00+00:00,39860.979302590145
2040-07-16 18:00:00+00:00,39257.380733017395
2040-07-16 19:00:00+00:00,38946.20593834975
2040-07-16 20:00:00+00:00,38585.7735574297
2040-07-16 21:00:00+00:00,37513.46026088749
2040-07-16 22:00:00+00:00,36257.01276669441
2040-07-16 23:00:00+00:00,35455.00450818201
2040-07-17 00:00:00+00:00,34990.27773747386
2040-07-17 01:00:00+00:00,34768.46300103937
2040-07-17 02:00:00+00:00,34801.953444482926
2040-07-17 03:00:00+00:00,35470.9982213429
2040-07-17 04:00:00+00:00,37056.417203872756
2040-07-17 05:00:00+00:00,38816.41575842385
2040-07-17 06:00:00+00:00,39708.08980369853
2040-07-17 07:00:00+00:00,40030.606582451044
2040-07-17 08:00:00+00:00,40166.60524446959
2040-07-17 09:00:00+00:00,40134.67632239056
2040-07-17 10:00:00+00:00,40218.01940918401
2040-07-17 11:00:00+00:00,40302.144329857256
2040-07-17 12:00:00+00:00,40398.463769851296
2040-07-17 13:00:00+00:00,40510.30078745488
2040-07-17 14:00:00+00:00,40812.690631074685
2040-07-17 15:00:00+00:00,40923.3889737169
2040-07-17 16:00:00+00:00,40326.3406061285
2040-07-17 17:00:00+00:00,39423.52366048974
2040-07-17 18:00:00+00:00,38968.87994576275
2040-07-17 19:00:00+00:00,38926.234635416025
2040-07-17 20:00:00+00:00,38727.6637903255
2040-07-17 21:00:00+00:00,37870.17642777759
2040-07-17 22:00:00+00:00,36595.16493023774
2040-07-17 23:00:00+00:00,35738.1923492533
2040-07-18 00:00:00+00:00,35223.14591055891
2040-07-18 01:00:00+00:00,34886.42384396731
2040-07-18 02:00:00+00:00,34944.34681420716
2040-07-18 03:00:00+00:00,35570.75507667876
2040-07-18 04:00:00+00:00,36851.36476193092
2040-07-18 05:00:00+00:00,38179.383440157326
2040-07-18 06:00:00+00:00,39199.71185196159
2040-07-18 07:00:00+00:00,39720.837879940496
2040-07-18 08:00:00+00:00,40022.25658943629
2040-07-18 09:00:00+00:00,40467.213090913254
2040-07-18 10:00:00+00:00,40888.173456038625
2040-07-18 11:00:00+00:00,41064.11339860915
2040-07-18 12:00:00+00:00,41242.898597047395
2040-07-18 13:00:00+00:00,41327.69551296126
2040-07-18 14:00:00+00:00,41407.03211213072
2040-07-18 15:00:00+00:00,41101.421938844935
2040-07-18 16:00:00+00:00,40797.72399404716
2040-07-18 17:00:00+00:00,40004.86765590616
2040-07-18 18:00:00+00:00,39677.56970845343
2040-07-18 19:00:00+00:00,39435.25909647726
2040-07-18 20:00:00+00:00,39273.61451592837
2040-07-18 21:00:00+00:00,38288.2306670579
2040-07-18 22:00:00+00:00,37056.85546045501
2040-07-18 23:00:00+00:00,36202.69215902251
2040-07-19 00:00:00+00:00,35566.98433279416
2040-07-19 01:00:00+00:00,35299.546803263096
2040-07-19 02:00:00+00:00,35144.304651337
2040-07-19 03:00:00+00:00,35387.72062167136
2040-07-19 04:00:00+00:00,36019.3904839373
2040-07-19 05:00:00+00:00,37185.11545219852
2040-07-19 06:00:00+00:00,38780.75460161224
2040-07-19 07:00:00+00:00,40028.20438882641
2040-07-19 08:00:00+00:00,40556.83969878567
2040-07-19 09:00:00+00:00,40786.381967907524
2040-07-19 10:00:00+00:00,40648.33785683283
2040-07-19 11:00:00+00:00,40709.490739190085
2040-07-19 12:00:00+00:00,40648.829329963744
2040-07-19 13:00:00+00:00,40256.108190092185
2040-07-19 14:00:00+00:00,40132.207719059435
2040-07-19 15:00:00+00:00,40241.66513753136
2040-07-19 16:00:00+00:00,39923.5780813814
2040-07-19 17:00:00+00:00,39183.585563863584
2040-07-19 18:00:00+00:00,39103.06164650217
2040-07-19 19:00:00+00:00,38952.81225474314
2040-07-19 20:00:00+00:00,38942.09535648796
2040-07-19 21:00:00+00:00,38260.31275074793
2040-07-19 22:00:00+00:00,37123.63972372343
2040-07-19 23:00:00+00:00,36211.37335705985
2040-07-20 00:00:00+00:00,35446.74586179055
2040-07-20 01:00:00+00:00,34965.72810012654
2040-07-20 02:00:00+00:00,34626.289393963474
2040-07-20 03:00:00+00:00,34633.55546976871
2040-07-20 04:00:00+00:00,34467.07164754266
2040-07-20 05:00:00+00:00,34426.9505405863
2040-07-20 06:00:00+00:00,35139.133012653794
2040-07-20 07:00:00+00:00,36280.56251196409
2040-07-20 08:00:00+00:00,37420.489309981676
2040-07-20 09:00:00+00:00,37985.05429775308
2040-07-20 10:00:00+00:00,38347.36236934354
2040-07-20 11:00:00+00:00,38438.86715971204
2040-07-20 12:00:00+00:00,38454.748475888984
2040-07-20 13:00:00+00:00,38326.37740637147
2040-07-20 14:00:00+00:00,38348.46799224013
2040-07-20 15:00:00+00:00,38863.280811821634
2040-07-20 16:00:00+00:00,38899.83262350267
2040-07-20 17:00:00+00:00,38677.13918948009
2040-07-20 18:00:00+00:00,38412.336602459094
2040-07-20 19:00:00+00:00,38076.70009179617
2040-07-20 20:00:00+00:00,38161.96920231161
2040-07-20 21:00:00+00:00,37480.46857935224
2040-07-20 22:00:00+00:00,36590.37722579087
2040-07-20 23:00:00+00:00,35727.107587070706
2040-07-21 00:00:00+00:00,35145.98355016192
2040-07-21 01:00:00+00:00,34907.38149049243
2040-07-21 02:00:00+00:00,34823.188486784115
2040-07-21 03:00:00+00:00,35490.75134827863
2040-07-21 04:00:00+00:00,36001.44845687922
2040-07-21 05:00:00+00:00,36388.17545245128
2040-07-21 06:00:00+00:00,36404.88717692466
2040-07-21 07:00:00+00:00,36992.337430040585
2040-07-21 08:00:00+00:00,37355.91859332407
2040-07-21 09:00:00+00:00,37818.50385471119
2040-07-21 10:00:00+00:00,38087.88739152116
2040-07-21 11:00:00+00:00,38188.021111612674
2040-07-21 12:00:00+00:00,38191.16997003067
2040-07-21 13:00:00+00:00,38092.3443475151
2040-07-21 14:00:00+00:00,38511.159377874166
2040-07-21 15:00:00+00:00,38956.429270780885
2040-07-21 16:00:00+00:00,39140.843297916625
2040-07-21 17:00:00+00:00,38164.87452611561
2040-07-21 18:00:00+00:00,37717.08156158051
2040-07-21 19:00:00+00:00,37563.68370532053
2040-07-21 20:00:00+00:00,37622.12801048234
2040-07-21 21:00:00+00:00,36801.79854592105
2040-07-21 22:00:00+00:00,35898.61222440553
2040-07-21 23:00:00+00:00,35121.31468047887
2040-07-22 00:00:00+00:00,34737.0274659607
2040-07-22 01:00:00+00:00,34455.07426590691
2040-07-22 02:00:00+00:00,34597.19359527816
2040-07-22 03:00:00+00:00,35390.84288997975
2040-07-22 04:00:00+00:00,36959.72041708696
2040-07-22 05:00:00+00:00,38375.53520735189
2040-07-22 06:00:00+00:00,39294.747503269486
2040-07-22 07:00:00+00:00,39545.577219230174
2040-07-22 08:00:00+00:00,39675.65749386828
2040-07-22 09:00:00+00:00,39939.49097221735
2040-07-22 10:00:00+00:00,40122.14206396577
2040-07-22 11:00:00+00:00,40220.696797104574
2040-07-22 12:00:00+00:00,40437.243061740075
2040-07-22 13:00:00+00:00,40481.76221740891
2040-07-22 14:00:00+00:00,40663.33372248828
2040-07-22 15:00:00+00:00,41187.31260556922
2040-07-22 16:00:00+00:00,40758.40882587787
2040-07-22 17:00:00+00:00,39887.10861163914
2040-07-22 18:00:00+00:00,39540.198731544646
2040-07-22 19:00:00+00:00,39330.71569598325
2040-07-22 20:00:00+00:00,39025.065738494515
2040-07-22 21:00:00+00:00,37845.37508531914
2040-07-22 22:00:00+00:00,36825.82764403965
2040-07-22 23:00:00+00:00,35988.962133204426
2040-07-23 00:00:00+00:00,35572.64645684393
2040-07-23 01:00:00+00:00,35231.32208712593
2040-07-23 02:00:00+00:00,35237.643408725155
2040-07-23 03:00:00+00:00,36127.048576194575
2040-07-23 04:00:00+00:00,37467.75447635084
2040-07-23 05:00:00+00:00,39412.43166723207
2040-07-23 06:00:00+00:00,40438.65028170531
2040-07-23 07:00:00+00:00,40816.71680321252
2040-07-23 08:00:00+00:00,40705.75108668466
2040-07-23 09:00:00+00:00,40683.68213726173
2040-07-23 10:00:00+00:00,40561.85540637299
2040-07-23 11:00:00+00:00,40538.831243361186
2040-07-23 12:00:00+00:00,40587.772559855315
2040-07-23 13:00:00+00:00,40780.8125889365
2040-07-23 14:00:00+00:00,41171.5295153076
2040-07-23 15:00:00+00:00,40847.18294992698
2040-07-23 16:00:00+00:00,40449.183127934644
2040-07-23 17:00:00+00:00,39596.25303584837
2040-07-23 18:00:00+00:00,39020.00237186521
2040-07-23 19:00:00+00:00,38831.33049255355
2040-07-23 20:00:00+00:00,38658.11252015742
2040-07-23 21:00:00+00:00,37672.16026088749
2040-07-23 22:00:00+00:00,36644.79276669441
2040-07-23 23:00:00+00:00,35805.52450818201
2040-07-24 00:00:00+00:00,35267.657737473855
2040-07-24 01:00:00+00:00,34998.923001039366
2040-07-24 02:00:00+00:00,35166.273444482926
2040-07-24 03:00:00+00:00,35831.77087978937
2040-07-24 04:00:00+00:00,37190.096442116934
2040-07-24 05:00:00+00:00,38543.17575842385
2040-07-24 06:00:00+00:00,39276.14980369853
2040-07-24 07:00:00+00:00,39490.73844181401
2040-07-24 08:00:00+00:00,39528.32136248241
2040-07-24 09:00:00+00:00,39638.11975377194
2040-07-24 10:00:00+00:00,39652.80400041234
2040-07-24 11:00:00+00:00,39762.01962150056
2040-07-24 12:00:00+00:00,39839.090119495064
2040-07-24 13:00:00+00:00,40185.72198184516
2040-07-24 14:00:00+00:00,40331.80797030959
2040-07-24 15:00:00+00:00,40394.49310872813
2040-07-24 16:00:00+00:00,40032.10223203437
2040-07-24 17:00:00+00:00,39087.97949758216
2040-07-24 18:00:00+00:00,38789.5161967867
2040-07-24 19:00:00+00:00,38595.26856339546
2040-07-24 20:00:00+00:00,38639.4144877998
2040-07-24 21:00:00+00:00,37557.2520708845
2040-07-24 22:00:00+00:00,36379.88493023774
2040-07-24 23:00:00+00:00,35488.4123492533
2040-07-25 00:00:00+00:00,34904.3659105589
2040-07-25 01:00:00+00:00,34632.503843967315
2040-07-25 02:00:00+00:00,34810.48681420716
2040-07-25 03:00:00+00:00,35494.52613662211
2040-07-25 04:00:00+00:00,36894.857551556226
2040-07-25 05:00:00+00:00,38320.14344015732
2040-07-25 06:00:00+00:00,39279.4777001849
2040-07-25 07:00:00+00:00,40040.081474436774
2040-07-25 08:00:00+00:00,40484.53204933415
2040-07-25 09:00:00+00:00,40532.727794441846
2040-07-25 10:00:00+00:00,40727.77412786926
2040-07-25 11:00:00+00:00,40883.44777983892
2040-07-25 12:00:00+00:00,41121.296879601025
2040-07-25 13:00:00+00:00,41084.17886573477
2040-07-25 14:00:00+00:00,41315.050571489
2040-07-25 15:00:00+00:00,41531.86526159793
2040-07-25 16:00:00+00:00,41492.636876966775
2040-07-25 17:00:00+00:00,40663.512555877554
2040-07-25 18:00:00+00:00,40038.22648054758
2040-07-25 19:00:00+00:00,39342.62822889743
2040-07-25 20:00:00+00:00,38912.11105390034
2040-07-25 21:00:00+00:00,37817.67653616537
2040-07-25 22:00:00+00:00,36738.075460455
2040-07-25 23:00:00+00:00,35875.63215902251
2040-07-26 00:00:00+00:00,35441.40433279416
2040-07-26 01:00:00+00:00,35207.0868032631
2040-07-26 02:00:00+00:00,35373.38465133699
2040-07-26 03:00:00+00:00,35447.06062167136
2040-07-26 04:00:00+00:00,36432.0104839373
2040-07-26 05:00:00+00:00,37519.07545219852
2040-07-26 06:00:00+00:00,39083.24022181442
2040-07-26 07:00:00+00:00,40014.0820185668
2040-07-26 08:00:00+00:00,40422.54706316869
2040-07-26 09:00:00+00:00,40165.6189037946
2040-07-26 10:00:00+00:00,40061.83481539005
2040-07-26 11:00:00+00:00,39930.895162652094
2040-07-26 12:00:00+00:00,39735.81091876959
2040-07-26 13:00:00+00:00,39455.61723361595
2040-07-26 14:00:00+00:00,39175.63770735135
2040-07-26 15:00:00+00:00,39193.094745150505
2040-07-26 16:00:00+00:00,39216.356790483886
2040-07-26 17:00:00+00:00,38748.759180967194
2040-07-26 18:00:00+00:00,38174.44150382691
2040-07-26 19:00:00+00:00,37937.74370073816
2040-07-26 20:00:00+00:00,37890.97571208787
2040-07-26 21:00:00+00:00,37093.565908195626
2040-07-26 22:00:00+00:00,36159.385578662
2040-07-26 23:00:00+00:00,35285.393357059846
2040-07-27 00:00:00+00:00,34624.26586179055
2040-07-27 01:00:00+00:00,34250.88810012654
2040-07-27 02:00:00+00:00,34139.0993249514
2040-07-27 03:00:00+00:00,34145.25399808608
2040-07-27 04:00:00+00:00,34014.495876240086
2040-07-27 05:00:00+00:00,33974.3105405863
2040-07-27 06:00:00+00:00,34595.41301265379
2040-07-27 07:00:00+00:00,35606.090133148755
2040-07-27 08:00:00+00:00,36687.598794163656
2040-07-27 09:00:00+00:00,37185.9785352689
2040-07-27 10:00:00+00:00,37370.44351318055
2040-07-27 11:00:00+00:00,37457.26061904502
2040-07-27 12:00:00+00:00,37558.604352022565
2040-07-27 13:00:00+00:00,37363.850767956974
2040-07-27 14:00:00+00:00,37511.050740964
2040-07-27 15:00:00+00:00,37810.114389558235
2040-07-27 16:00:00+00:00,37794.52839288187
2040-07-27 17:00:00+00:00,37351.8357391068
2040-07-27 18:00:00+00:00,37030.30396385433
2040-07-27 19:00:00+00:00,37051.3497895677
2040-07-27 20:00:00+00:00,37035.16647056019
2040-07-27 21:00:00+00:00,36184.69482490188
2040-07-27 22:00:00+00:00,35369.97968908152
2040-07-27 23:00:00+00:00,34609.30758707071
2040-07-28 00:00:00+00:00,34064.063550161925
2040-07-28 01:00:00+00:00,33906.88149049243
2040-07-28 02:00:00+00:00,33944.12848678412
2040-07-28 03:00:00+00:00,34550.97134827863
2040-07-28 04:00:00+00:00,35227.26845687922
2040-07-28 05:00:00+00:00,35296.59545245128
2040-07-28 06:00:00+00:00,35314.707629098164
2040-07-28 07:00:00+00:00,35525.52533251684
2040-07-28 08:00:00+00:00,35835.05065029313
2040-07-28 09:00:00+00:00,36130.72789380969
2040-07-28 10:00:00+00:00,36575.0684746878
2040-07-28 11:00:00+00:00,36827.50297659339
2040-07-28 12:00:00+00:00,36946.01142940976
2040-07-28 13:00:00+00:00,36959.309426335196
2040-07-28 14:00:00+00:00,37322.79880604747
2040-07-28 15:00:00+00:00,37732.746121738346
2040-07-28 16:00:00+00:00,37575.12629694636
2040-07-28 17:00:00+00:00,36835.83103045299
2040-07-28 18:00:00+00:00,36713.35676982638
2040-07-28 19:00:00+00:00,36866.13770003079
2040-07-28 20:00:00+00:00,37072.822858021
2040-07-28 21:00:00+00:00,36255.97457932466
2040-07-28 22:00:00+00:00,35296.450633368964
2040-07-28 23:00:00+00:00,34686.22692106853
2040-07-29 00:00:00+00:00,34292.6674659607
2040-07-29 01:00:00+00:00,34111.454265906905
2040-07-29 02:00:00+00:00,34245.293595278155
2040-07-29 03:00:00+00:00,34838.84288997975
2040-07-29 04:00:00+00:00,36479.48041708696
2040-07-29 05:00:00+00:00,37858.03520735189
2040-07-29 06:00:00+00:00,38405.28240743041
2040-07-29 07:00:00+00:00,38776.34384189566
2040-07-29 08:00:00+00:00,38781.624187698144
2040-07-29 09:00:00+00:00,39012.528135598586
2040-07-29 10:00:00+00:00,39182.24237623081
2040-07-29 11:00:00+00:00,39381.143189581904
2040-07-29 12:00:00+00:00,39525.324520972325
2040-07-29 13:00:00+00:00,39575.04808698711
2040-07-29 14:00:00+00:00,39814.34705305252
2040-07-29 15:00:00+00:00,39824.61781901146
2040-07-29 16:00:00+00:00,39374.0148694527
2040-07-29 17:00:00+00:00,38756.32727773177
2040-07-29 18:00:00+00:00,38640.29356401833
2040-07-29 19:00:00+00:00,38629.748662590006
2040-07-29 20:00:00+00:00,38438.63075419565
2040-07-29 21:00:00+00:00,37381.571442660985
2040-07-29 22:00:00+00:00,36181.218181939126
2040-07-29 23:00:00+00:00,35307.111351985826
2040-07-30 00:00:00+00:00,34907.48645684393
2040-07-30 01:00:00+00:00,34560.64208712593
2040-07-30 02:00:00+00:00,34582.143408725155
2040-07-30 03:00:00+00:00,35308.70857619457
2040-07-30 04:00:00+00:00,36831.57447635084
2040-07-30 05:00:00+00:00,38260.13166723207
2040-07-30 06:00:00+00:00,38901.33028170531
2040-07-30 07:00:00+00:00,39272.18223595854
2040-07-30 08:00:00+00:00,39359.371008141185
2040-07-30 09:00:00+00:00,39513.52612583562
2040-07-30 10:00:00+00:00,39665.367973321074
2040-07-30 11:00:00+00:00,40015.39354322923
2040-07-30 12:00:00+00:00,40221.55094484661
2040-07-30 13:00:00+00:00,40299.53209082633
2040-07-30 14:00:00+00:00,40535.70466127689
2040-07-30 15:00:00+00:00,40590.74859227116
2040-07-30 16:00:00+00:00,40219.18300206174
2040-07-30 17:00:00+00:00,39581.04723616224
2040-07-30 18:00:00+00:00,39323.872127564966
2040-07-30 19:00:00+00:00,39345.90378329828
2040-07-30 20:00:00+00:00,39081.772520157414
2040-07-30 21:00:00+00:00,37908.14026088749
2040-07-30 22:00:00+00:00,36792.452766694405
2040-07-30 23:00:00+00:00,35802.764508182016
2040-07-31 00:00:00+00:00,35271.797737473855
2040-07-31 01:00:00+00:00,35021.00300103937
2040-07-31 02:00:00+00:00,35014.47344448293
2040-07-31 03:00:00+00:00,35575.8782213429
2040-07-31 04:00:00+00:00,37050.89720387276
2040-07-31 05:00:00+00:00,38372.05575842385
2040-07-31 06:00:00+00:00,39098.35506384306
2040-07-31 07:00:00+00:00,39408.574633330594
2040-07-31 08:00:00+00:00,39469.78850210091
2040-07-31 09:00:00+00:00,39644.57613541823
2040-07-31 10:00:00+00:00,39847.91558351539
2040-07-31 11:00:00+00:00,40029.42354170514
2040-07-31 12:00:00+00:00,40299.481654087656
2040-07-31 13:00:00+00:00,40315.736302279314
2040-07-31 14:00:00+00:00,40751.5050188984
2040-07-31 15:00:00+00:00,40805.454467657895
2040-07-31 16:00:00+00:00,40401.76820871654
2040-07-31 17:00:00+00:00,39622.99128559072
2040-07-31 18:00:00+00:00,39259.94415429167
2040-07-31 19:00:00+00:00,39315.96033980843
2040-07-31 20:00:00+00:00,39079.181731494
2040-07-31 21:00:00+00:00,37877.22878980165
2040-07-31 22:00:00+00:00,36684.898433693066
2040-07-31 23:00:00+00:00,35870.115888229186
2040-08-01 00:00:00+00:00,35250.60389967195
2040-08-01 01:00:00+00:00,34956.30367927667
2040-08-01 02:00:00+00:00,34991.85191372454
2040-08-01 03:00:00+00:00,35516.50402435208
2040-08-01 04:00:00+00:00,36856.389776490556
2040-08-01 05:00:00+00:00,38221.97965253482
2040-08-01 06:00:00+00:00,39268.04716372258
2040-08-01 07:00:00+00:00,39761.85583277067
2040-08-01 08:00:00+00:00,40117.29964643897
2040-08-01 09:00:00+00:00,40248.35711911944
2040-08-01 10:00:00+00:00,40652.87184988142
2040-08-01 11:00:00+00:00,40877.36595093794
2040-08-01 12:00:00+00:00,41070.52952938569
2040-08-01 13:00:00+00:00,40940.17921967164
2040-08-01 14:00:00+00:00,41032.94768121446
2040-08-01 15:00:00+00:00,41054.89728470798
2040-08-01 16:00:00+00:00,40570.03903930576
2040-08-01 17:00:00+00:00,39650.787230691596
2040-08-01 18:00:00+00:00,39070.60642363597
2040-08-01 19:00:00+00:00,38898.90512557723
2040-08-01 20:00:00+00:00,38521.79107199179
2040-08-01 21:00:00+00:00,37440.99033290903
2040-08-01 22:00:00+00:00,36379.980437972146
2040-08-01 23:00:00+00:00,35454.49369643105
2040-08-02 00:00:00+00:00,34906.29655119406
2040-08-02 01:00:00+00:00,34672.27967343372
2040-08-02 02:00:00+00:00,34567.684054451085
2040-08-02 03:00:00+00:00,34868.840621671356
2040-08-02 04:00:00+00:00,35541.9104839373
2040-08-02 05:00:00+00:00,36423.35545219852
2040-08-02 06:00:00+00:00,37482.17460161225
2040-08-02 07:00:00+00:00,38464.342563837
2040-08-02 08:00:00+00:00,38899.76233362271
2040-08-02 09:00:00+00:00,39247.00012946225
2040-08-02 10:00:00+00:00,39299.45836876461
2040-08-02 11:00:00+00:00,39333.72836185827
2040-08-02 12:00:00+00:00,39276.64024680886
2040-08-02 13:00:00+00:00,38992.7687410895
2040-08-02 14:00:00+00:00,38960.58676743868
2040-08-02 15:00:00+00:00,39091.05301258317
2040-08-02 16:00:00+00:00,38950.94453966969
2040-08-02 17:00:00+00:00,38370.2516676769
2040-08-02 18:00:00+00:00,38300.68971099895
2040-08-02 19:00:00+00:00,38253.72951447765
2040-08-02 20:00:00+00:00,38061.65535648796
2040-08-02 21:00:00+00:00,37221.17275074793
2040-08-02 22:00:00+00:00,36240.43972372342
2040-08-02 23:00:00+00:00,35397.173357059844
2040-08-03 00:00:00+00:00,34679.30927857854
2040-08-03 01:00:00+00:00,34406.89570575836
2040-08-03 02:00:00+00:00,34225.27365707284
2040-08-03 03:00:00+00:00,34191.237465596416
2040-08-03 04:00:00+00:00,34275.28235907346
2040-08-03 05:00:00+00:00,34319.45208207417
2040-08-03 06:00:00+00:00,34692.01301265379
2040-08-03 07:00:00+00:00,35713.730133148754
2040-08-03 08:00:00+00:00,36673.14687402741
2040-08-03 09:00:00+00:00,36995.90374502728
2040-08-03 10:00:00+00:00,37439.376023114026
2040-08-03 11:00:00+00:00,37659.34046736778
2040-08-03 12:00:00+00:00,37797.78216924182
2040-08-03 13:00:00+00:00,37617.60935321048
2040-08-03 14:00:00+00:00,37941.8000777
2040-08-03 15:00:00+00:00,38540.42401945103
2040-08-03 16:00:00+00:00,38712.56793243359
2040-08-03 17:00:00+00:00,38284.62756588192
2040-08-03 18:00:00+00:00,37607.914940978626
2040-08-03 19:00:00+00:00,37517.27405663625
2040-08-03 20:00:00+00:00,37152.46647056019
2040-08-03 21:00:00+00:00,36301.99482490188
2040-08-03 22:00:00+00:00,35387.919689081515
2040-08-03 23:00:00+00:00,34658.98758707071
2040-08-04 00:00:00+00:00,34206.203550161925
2040-08-04 01:00:00+00:00,34196.681490492425
2040-08-04 02:00:00+00:00,34118.008486784114
2040-08-04 03:00:00+00:00,34719.33134827863
2040-08-04 04:00:00+00:00,35501.88845687922
2040-08-04 05:00:00+00:00,35571.21545245128
2040-08-04 06:00:00+00:00,35420.967629098166
2040-08-04 07:00:00+00:00,35622.3857585818
2040-08-04 08:00:00+00:00,36021.750577368926
2040-08-04 09:00:00+00:00,36259.68706778578
2040-08-04 10:00:00+00:00,36657.260621368885
2040-08-04 11:00:00+00:00,36747.49344786904
2040-08-04 12:00:00+00:00,36840.89388122701
2040-08-04 13:00:00+00:00,36857.568239611275
2040-08-04 14:00:00+00:00,37288.2349965241
2040-08-04 15:00:00+00:00,37715.18858258688
2040-08-04 16:00:00+00:00,37474.40123068183
2040-08-04 17:00:00+00:00,36881.82830889416
2040-08-04 18:00:00+00:00,36722.94612094358
2040-08-04 19:00:00+00:00,36896.20585542949
2040-08-04 20:00:00+00:00,36896.91034711959
2040-08-04 21:00:00+00:00,36039.114598591164
2040-08-04 22:00:00+00:00,35212.091650913266
2040-08-04 23:00:00+00:00,34524.766921068534
2040-08-05 00:00:00+00:00,34219.5274659607
2040-08-05 01:00:00+00:00,34086.61426590691
2040-08-05 02:00:00+00:00,34155.59359527816
2040-08-05 03:00:00+00:00,34801.58288997975
2040-08-05 04:00:00+00:00,36413.24041708696
2040-08-05 05:00:00+00:00,37678.635207351894
2040-08-05 06:00:00+00:00,38390.1024074304
2040-08-05 07:00:00+00:00,38628.683841895654
2040-08-05 08:00:00+00:00,38643.624187698144
2040-08-05 09:00:00+00:00,38719.96813559859
2040-08-05 10:00:00+00:00,39052.52237623081
2040-08-05 11:00:00+00:00,39086.31810296649
2040-08-05 12:00:00+00:00,39277.63803272221
2040-08-05 13:00:00+00:00,39327.96311845937
2040-08-05 14:00:00+00:00,39603.38552429715
2040-08-05 15:00:00+00:00,39777.67971435312
2040-08-05 16:00:00+00:00,39416.84963283995
2040-08-05 17:00:00+00:00,38686.39513375377
2040-08-05 18:00:00+00:00,38547.83356401832
2040-08-05 19:00:00+00:00,38669.76866259001
2040-08-05 20:00:00+00:00,38380.67075419565
2040-08-05 21:00:00+00:00,37296.01144266099
2040-08-05 22:00:00+00:00,36087.37818193912
2040-08-05 23:00:00+00:00,35272.611351985826
2040-08-06 00:00:00+00:00,34891.73623270902
2040-08-06 01:00:00+00:00,34704.652111308154
2040-08-06 02:00:00+00:00,34783.217766325564
2040-08-06 03:00:00+00:00,35435.49166171141
2040-08-06 04:00:00+00:00,36953.707138051635
2040-08-06 05:00:00+00:00,38251.03971989863
2040-08-06 06:00:00+00:00,38914.021256502674
2040-08-06 07:00:00+00:00,39157.38307282707
2040-08-06 08:00:00+00:00,39366.94290010115
2040-08-06 09:00:00+00:00,39411.63574076717
2040-08-06 10:00:00+00:00,39627.083921403355
2040-08-06 11:00:00+00:00,39877.980498177836
2040-08-06 12:00:00+00:00,39909.98827702368
2040-08-06 13:00:00+00:00,40192.62689097997
2040-08-06 14:00:00+00:00,40692.8817112361
2040-08-06 15:00:00+00:00,40661.91824153332
2040-08-06 16:00:00+00:00,40325.436673148775
2040-08-06 17:00:00+00:00,39657.95497384988
2040-08-06 18:00:00+00:00,39345.555913657685
2040-08-06 19:00:00+00:00,39459.22314508373
2040-08-06 20:00:00+00:00,39129.7693736304
2040-08-06 21:00:00+00:00,37810.105853880115
2040-08-06 22:00:00+00:00,36547.12123833261
2040-08-06 23:00:00+00:00,35764.91895020315
2040-08-07 00:00:00+00:00,35250.129967443325
2040-08-07 01:00:00+00:00,35079.75450524046
2040-08-07 02:00:00+00:00,35014.14887605871
2040-08-07 03:00:00+00:00,35675.76037283617
2040-08-07 04:00:00+00:00,37322.56302079031
2040-08-07 05:00:00+00:00,38844.25198207597
2040-08-07 06:00:00+00:00,39648.74980369853
2040-08-07 07:00:00+00:00,40098.22658245104
2040-08-07 08:00:00+00:00,39937.84138458094
2040-08-07 09:00:00+00:00,39975.69740778001
2040-08-07 10:00:00+00:00,40111.410508892935
2040-08-07 11:00:00+00:00,39829.59663575776
2040-08-07 12:00:00+00:00,39748.43063013615
2040-08-07 13:00:00+00:00,39925.07525267984
2040-08-07 14:00:00+00:00,39970.03087404518
2040-08-07 15:00:00+00:00,40150.8569122473
2040-08-07 16:00:00+00:00,39862.37306575045
2040-08-07 17:00:00+00:00,39182.30264741034
2040-08-07 18:00:00+00:00,38785.75939934836
2040-08-07 19:00:00+00:00,38853.57715012212
2040-08-07 20:00:00+00:00,38607.603790325506
2040-08-07 21:00:00+00:00,37253.55392027513
2040-08-07 22:00:00+00:00,36105.155129701285
2040-08-07 23:00:00+00:00,35237.51529551188
2040-08-08 00:00:00+00:00,34902.427911476625
2040-08-08 01:00:00+00:00,34716.546452632545
2040-08-08 02:00:00+00:00,34791.15057003293
2040-08-08 03:00:00+00:00,35323.21880527244
2040-08-08 04:00:00+00:00,36869.41962017241
2040-08-08 05:00:00+00:00,38188.45532336909
2040-08-08 06:00:00+00:00,38531.99939381699
2040-08-08 07:00:00+00:00,38805.8978799405
2040-08-08 08:00:00+00:00,39119.076350990785
2040-08-08 09:00:00+00:00,39468.954979061695
2040-08-08 10:00:00+00:00,39769.70890611391
2040-08-08 11:00:00+00:00,40024.64040576261
2040-08-08 12:00:00+00:00,40178.869780368565
2040-08-08 13:00:00+00:00,40078.085004713554
2040-08-08 14:00:00+00:00,40148.677598007096
2040-08-08 15:00:00+00:00,40057.31706654175
2040-08-08 16:00:00+00:00,39951.81734245898
2040-08-08 17:00:00+00:00,39452.39399273994
2040-08-08 18:00:00+00:00,39321.34072204407
2040-08-08 19:00:00+00:00,39350.0131119183
2040-08-08 20:00:00+00:00,38987.95451592837
2040-08-08 21:00:00+00:00,37912.8706670579
2040-08-08 22:00:00+00:00,36943.695460455005
2040-08-08 23:00:00+00:00,36148.87215902252
2040-08-09 00:00:00+00:00,35615.28433279417
2040-08-09 01:00:00+00:00,35426.506803263095
2040-08-09 02:00:00+00:00,35394.084651337
2040-08-09 03:00:00+00:00,35843.120621671354
2040-08-09 04:00:00+00:00,36850.1504839373
2040-08-09 05:00:00+00:00,38104.195452198524
2040-08-09 06:00:00+00:00,39687.41460161225
2040-08-09 07:00:00+00:00,41001.10438882641
2040-08-09 08:00:00+00:00,41358.61969878567
2040-08-09 09:00:00+00:00,41287.32196790752
2040-08-09 10:00:00+00:00,40838.777856832836
2040-08-09 11:00:00+00:00,40343.79073919009
2040-08-09 12:00:00+00:00,40085.78932996375
2040-08-09 13:00:00+00:00,39506.68421593189
2040-08-09 14:00:00+00:00,39203.631318353444
2040-08-09 15:00:00+00:00,39283.728057409986
2040-08-09 16:00:00+00:00,39440.67424603269
2040-08-09 17:00:00+00:00,38864.31246357303
2040-08-09 18:00:00+00:00,38452.61409159432
2040-08-09 19:00:00+00:00,38431.74951447765
2040-08-09 20:00:00+00:00,38025.79258063502
2040-08-09 21:00:00+00:00,37156.372990694326
2040-08-09 22:00:00+00:00,36275.38444067814
2040-08-09 23:00:00+00:00,35338.96020785765
2040-08-10 00:00:00+00:00,34656.20974655727
2040-08-10 01:00:00+00:00,34406.836330684455
2040-08-10 02:00:00+00:00,34162.92866728264
2040-08-10 03:00:00+00:00,34207.86403067519
2040-08-10 04:00:00+00:00,34367.85202957858
2040-08-10 05:00:00+00:00,34170.312402736745
2040-08-10 06:00:00+00:00,34703.939767022624
2040-08-10 07:00:00+00:00,35715.11013314875
2040-08-10 08:00:00+00:00,36407.45879416366
2040-08-10 09:00:00+00:00,36948.618535268906
2040-08-10 10:00:00+00:00,37217.81992862308
2040-08-10 11:00:00+00:00,37422.68261234884
2040-08-10 12:00:00+00:00,37695.42010020979
2040-08-10 13:00:00+00:00,37194.90545989922
2040-08-10 14:00:00+00:00,37276.34912377982
2040-08-10 15:00:00+00:00,37779.34751809175
2040-08-10 16:00:00+00:00,38294.26699382263
2040-08-10 17:00:00+00:00,37937.59351908061
2040-08-10 18:00:00+00:00,38027.454611959816
2040-08-10 19:00:00+00:00,37823.87812992776
2040-08-10 20:00:00+00:00,37400.866470560184
2040-08-10 21:00:00+00:00,36504.85482490188
2040-08-10 22:00:00+00:00,35633.55968908152
2040-08-10 23:00:00+00:00,34911.52758707071
2040-08-11 00:00:00+00:00,34380.891399673805
2040-08-11 01:00:00+00:00,34245.60643001791
2040-08-11 02:00:00+00:00,34288.30170589256
2040-08-11 03:00:00+00:00,34840.34199687119
2040-08-11 04:00:00+00:00,35712.01925657905
2040-08-11 05:00:00+00:00,35936.124292721004
2040-08-11 06:00:00+00:00,35839.107629098165
2040-08-11 07:00:00+00:00,36040.26533251684
2040-08-11 08:00:00+00:00,36241.52463123301
2040-08-11 09:00:00+00:00,36545.27995499785
2040-08-11 10:00:00+00:00,36832.55734645045
2040-08-11 11:00:00+00:00,37106.41428325595
2040-08-11 12:00:00+00:00,37168.68042510397
2040-08-11 13:00:00+00:00,37223.958786736446
2040-08-11 14:00:00+00:00,37774.279238008225
2040-08-11 15:00:00+00:00,38182.92928553781
2040-08-11 16:00:00+00:00,38112.10144214682
2040-08-11 17:00:00+00:00,37658.63738220965
2040-08-11 18:00:00+00:00,37956.868122373424
2040-08-11 19:00:00+00:00,38251.60093560273
2040-08-11 20:00:00+00:00,38113.14813151403
2040-08-11 21:00:00+00:00,37182.41670776901
2040-08-11 22:00:00+00:00,36191.29329695234
2040-08-11 23:00:00+00:00,35316.68144085745
2040-08-12 00:00:00+00:00,34951.79553525908
2040-08-12 01:00:00+00:00,34780.90312146236
2040-08-12 02:00:00+00:00,34858.04016795767
2040-08-12 03:00:00+00:00,35719.93939500566
2040-08-12 04:00:00+00:00,37567.83891830793
2040-08-12 05:00:00+00:00,38969.8543723285
2040-08-12 06:00:00+00:00,39368.27164240101
2040-08-12 07:00:00+00:00,39562.17043157377
2040-08-12 08:00:00+00:00,39657.061926469185
2040-08-12 09:00:00+00:00,39737.64288981972
2040-08-12 10:00:00+00:00,39996.88597661547
2040-08-12 11:00:00+00:00,40309.77663682436
2040-08-12 12:00:00+00:00,40591.55203087671
2040-08-12 13:00:00+00:00,40750.369333576404
2040-08-12 14:00:00+00:00,41051.57289429093
2040-08-12 15:00:00+00:00,41277.85638758311
2040-08-12 16:00:00+00:00,41171.41089908035
2040-08-12 17:00:00+00:00,40729.20408826448
2040-08-12 18:00:00+00:00,40972.89406394407
2040-08-12 19:00:00+00:00,40949.683413554805
2040-08-12 20:00:00+00:00,40528.75315337249
2040-08-12 21:00:00+00:00,39078.719269432324
2040-08-12 22:00:00+00:00,37731.8733765699
2040-08-12 23:00:00+00:00,36915.928302848944
2040-08-13 00:00:00+00:00,36282.01764285207
2040-08-13 01:00:00+00:00,35951.483956023185
2040-08-13 02:00:00+00:00,35909.42644024768
2040-08-13 03:00:00+00:00,36525.55502299322
2040-08-13 04:00:00+00:00,38541.51673518936
2040-08-13 05:00:00+00:00,39971.35353231551
2040-08-13 06:00:00+00:00,40674.26669281609
2040-08-13 07:00:00+00:00,40840.30180591576
2040-08-13 08:00:00+00:00,40758.32092992026
2040-08-13 09:00:00+00:00,41069.01759464658
2040-08-13 10:00:00+00:00,41067.592735523314
2040-08-13 11:00:00+00:00,41376.28573793791
2040-08-13 12:00:00+00:00,41351.69345700483
2040-08-13 13:00:00+00:00,41438.44390873945
2040-08-13 14:00:00+00:00,41730.58184889488
2040-08-13 15:00:00+00:00,41755.05916963899
2040-08-13 16:00:00+00:00,41490.56874243291
2040-08-13 17:00:00+00:00,41031.546147242065
2040-08-13 18:00:00+00:00,40667.8599559979
2040-08-13 19:00:00+00:00,40637.22005489677
2040-08-13 20:00:00+00:00,39854.73320701407
2040-08-13 21:00:00+00:00,38689.65652932279
2040-08-13 22:00:00+00:00,37387.35095024824
2040-08-13 23:00:00+00:00,36522.02705676039
2040-08-14 00:00:00+00:00,35933.345465213104
2040-08-14 01:00:00+00:00,35565.55232776592
2040-08-14 02:00:00+00:00,35617.993361772526
2040-08-14 03:00:00+00:00,36248.57691710355
2040-08-14 04:00:00+00:00,37993.18298548084
2040-08-14 05:00:00+00:00,39585.77274549584
2040-08-14 06:00:00+00:00,40402.7842820908
2040-08-14 07:00:00+00:00,40476.34658245104
2040-08-14 08:00:00+00:00,40549.18138458094
2040-08-14 09:00:00+00:00,40780.23740778001
2040-08-14 10:00:00+00:00,41143.65050889294
2040-08-14 11:00:00+00:00,41511.81663575776
2040-08-14 12:00:00+00:00,41650.07063013615
2040-08-14 13:00:00+00:00,42170.33525267983
2040-08-14 14:00:00+00:00,42326.296616077496
2040-08-14 15:00:00+00:00,42125.4845095714
2040-08-14 16:00:00+00:00,41529.46636446746
2040-08-14 17:00:00+00:00,40551.66460721276
2040-08-14 18:00:00+00:00,39946.33939934836
2040-08-14 19:00:00+00:00,39681.57715012212
2040-08-14 20:00:00+00:00,39108.54379032551
2040-08-14 21:00:00+00:00,37979.196427777584
2040-08-14 22:00:00+00:00,36737.30493023774
2040-08-14 23:00:00+00:00,35927.2523492533
2040-08-15 00:00:00+00:00,35443.945910558905
2040-08-15 01:00:00+00:00,35217.62384396731
2040-08-15 02:00:00+00:00,35224.48681420716
2040-08-15 03:00:00+00:00,35752.586136622114
2040-08-15 04:00:00+00:00,37355.777551556224
2040-08-15 05:00:00+00:00,38895.60344015732
2040-08-15 06:00:00+00:00,39530.91185196159
2040-08-15 07:00:00+00:00,39943.0178799405
2040-08-15 08:00:00+00:00,40031.13834158976
2040-08-15 09:00:00+00:00,40437.87479748385
2040-08-15 10:00:00+00:00,40969.24259036956
2040-08-15 11:00:00+00:00,41276.46009755723
2040-08-15 12:00:00+00:00,41367.058416647524
2040-08-15 13:00:00+00:00,41420.685988836645
2040-08-15 14:00:00+00:00,41280.03871855259
2040-08-15 15:00:00+00:00,41305.77563058103
2040-08-15 16:00:00+00:00,40983.45124277745
2040-08-15 17:00:00+00:00,40362.98293119756
2040-08-15 18:00:00+00:00,40381.42946475797
2040-08-15 19:00:00+00:00,40347.7531119183
2040-08-15 20:00:00+00:00,39522.01451592837
2040-08-15 21:00:00+00:00,38460.7306670579
2040-08-15 22:00:00+00:00,37261.095460455006
2040-08-15 23:00:00+00:00,36365.532159022514
2040-08-16 00:00:00+00:00,35815.384332794165
2040-08-16 01:00:00+00:00,35461.006803263095
2040-08-16 02:00:00+00:00,35420.304651337
2040-08-16 03:00:00+00:00,35718.92062167136
2040-08-16 04:00:00+00:00,36640.3904839373
2040-08-16 05:00:00+00:00,37912.375452198525
2040-08-16 06:00:00+00:00,39663.95460161225
2040-08-16 07:00:00+00:00,40854.82438882641
2040-08-16 08:00:00+00:00,41333.77969878567
2040-08-16 09:00:00+00:00,41274.90196790752
2040-08-16 10:00:00+00:00,41105.944664036644
2040-08-16 11:00:00+00:00,40997.89731330735
2040-08-16 12:00:00+00:00,40929.4338584791
2040-08-16 13:00:00+00:00,40336.074202949494
2040-08-16 14:00:00+00:00,40140.49722047253
2040-08-16 15:00:00+00:00,40170.2966999882
2040-08-16 16:00:00+00:00,40419.65036531131
2040-08-16 17:00:00+00:00,39847.11453817683
2040-08-16 18:00:00+00:00,39297.61113324923
2040-08-16 19:00:00+00:00,38905.43309760866
2040-08-16 20:00:00+00:00,38167.91535648796
2040-08-16 21:00:00+00:00,37218.41275074793
2040-08-16 22:00:00+00:00,36266.659723723424
2040-08-16 23:00:00+00:00,35442.713357059845
2040-08-17 00:00:00+00:00,34846.44586179055
2040-08-17 01:00:00+00:00,34582.08810012654
2040-08-17 02:00:00+00:00,34383.3593249514
2040-08-17 03:00:00+00:00,34470.933998086075
2040-08-17 04:00:00+00:00,34781.775876240084
2040-08-17 05:00:00+00:00,34785.7505405863
2040-08-17 06:00:00+00:00,35108.77301265379
2040-08-17 07:00:00+00:00,35858.630133148756
2040-08-17 08:00:00+00:00,36680.698794163654
2040-08-17 09:00:00+00:00,37083.858535268904
2040-08-17 10:00:00+00:00,37195.73992862308
2040-08-17 11:00:00+00:00,37495.82261234884
2040-08-17 12:00:00+00:00,37505.20033502594
2040-08-17 13:00:00+00:00,37392.73146724605
2040-08-17 14:00:00+00:00,37396.40344187114
2040-08-17 15:00:00+00:00,37685.50873823509
2040-08-17 16:00:00+00:00,37915.88629252095
2040-08-17 17:00:00+00:00,37792.61759008831
2040-08-17 18:00:00+00:00,37830.11461195981
2040-08-17 19:00:00+00:00,38065.37812992776
2040-08-17 20:00:00+00:00,37442.266470560186
2040-08-17 21:00:00+00:00,36500.71482490188
2040-08-17 22:00:00+00:00,35655.639689081516
2040-08-17 23:00:00+00:00,34903.247587070706
2040-08-18 00:00:00+00:00,34444.94355016192
2040-08-18 01:00:00+00:00,34271.20149049243
2040-08-18 02:00:00+00:00,34258.768486784116
2040-08-18 03:00:00+00:00,34919.6742668111
2040-08-18 04:00:00+00:00,35967.10552723416
2040-08-18 05:00:00+00:00,36197.68848075814
2040-08-18 06:00:00+00:00,35881.887629098164
2040-08-18 07:00:00+00:00,36023.70533251684
2040-08-18 08:00:00+00:00,36178.04463123301
2040-08-18 09:00:00+00:00,36357.59995499785
2040-08-18 10:00:00+00:00,36879.47734645045
2040-08-18 11:00:00+00:00,37033.27428325595
2040-08-18 12:00:00+00:00,37149.36042510398
2040-08-18 13:00:00+00:00,37099.75878673644
2040-08-18 14:00:00+00:00,37416.85923800823
2040-08-18 15:00:00+00:00,37894.50928553781
2040-08-18 16:00:00+00:00,37986.52144214682
2040-08-18 17:00:00+00:00,37392.297382209654
2040-08-18 18:00:00+00:00,37486.28812237342
2040-08-18 19:00:00+00:00,37872.10093560273
2040-08-18 20:00:00+00:00,37368.55120392384
2040-08-18 21:00:00+00:00,36397.10205287395
2040-08-18 22:00:00+00:00,35464.06546194976
2040-08-18 23:00:00+00:00,34823.67346858141
2040-08-19 00:00:00+00:00,34349.48480157226
2040-08-19 01:00:00+00:00,34352.350030092
2040-08-19 02:00:00+00:00,34426.64320308833
2040-08-19 03:00:00+00:00,35216.00450163933
2040-08-19 04:00:00+00:00,37164.8121217296
2040-08-19 05:00:00+00:00,38650.01513036863
2040-08-19 06:00:00+00:00,39129.253384654905
2040-08-19 07:00:00+00:00,39234.13207951548
2040-08-19 08:00:00+00:00,39087.485990326546
2040-08-19 09:00:00+00:00,39149.941708824226
2040-08-19 10:00:00+00:00,39224.38003715422
2040-08-19 11:00:00+00:00,39518.457920401226
2040-08-19 12:00:00+00:00,39639.173987101036
2040-08-19 13:00:00+00:00,39684.7764069466
2040-08-19 14:00:00+00:00,40140.80442885102
2040-08-19 15:00:00+00:00,40343.436767919135
2040-08-19 16:00:00+00:00,40257.962276188046
2040-08-19 17:00:00+00:00,39498.30927290341
2040-08-19 18:00:00+00:00,39371.175948626864
2040-08-19 19:00:00+00:00,39514.96975669476
2040-08-19 20:00:00+00:00,38628.51605427601
2040-08-19 21:00:00+00:00,37513.60131326409
2040-08-19 22:00:00+00:00,36531.12851022506
2040-08-19 23:00:00+00:00,35661.37091991928
2040-08-20 00:00:00+00:00,35053.73301263677
2040-08-20 01:00:00+00:00,34884.84386168558
2040-08-20 02:00:00+00:00,35013.064912896145
2040-08-20 03:00:00+00:00,35752.85972269248
2040-08-20 04:00:00+00:00,37618.81525399024
2040-08-20 05:00:00+00:00,39215.47725833107
2040-08-20 06:00:00+00:00,39781.85679438644
2040-08-20 07:00:00+00:00,39793.82223595854
2040-08-20 08:00:00+00:00,39738.871008141185
2040-08-20 09:00:00+00:00,40174.54612583562
2040-08-20 10:00:00+00:00,40196.73550543239
2040-08-20 11:00:00+00:00,40298.8849874671
2040-08-20 12:00:00+00:00,40795.320364920546
2040-08-20 13:00:00+00:00,41393.55785747739
2040-08-20 14:00:00+00:00,42101.751926858306
2040-08-20 15:00:00+00:00,42759.353961661276
2040-08-20 16:00:00+00:00,42255.08459673458
2040-08-20 17:00:00+00:00,41418.90236265333
2040-08-20 18:00:00+00:00,40555.16389153639
2040-08-20 19:00:00+00:00,39915.843783298275
2040-08-20 20:00:00+00:00,38852.69252015741
2040-08-20 21:00:00+00:00,37556.24026088749
2040-08-20 22:00:00+00:00,36437.79276669441
2040-08-20 23:00:00+00:00,35602.307117822056
2040-08-21 00:00:00+00:00,35335.64182015023
2040-08-21 01:00:00+00:00,35177.65786556077
2040-08-21 02:00:00+00:00,35236.977073920636
2040-08-21 03:00:00+00:00,35753.77238044961
2040-08-21 04:00:00+00:00,37650.5995253212
2040-08-21 05:00:00+00:00,39234.22797691553
2040-08-21 06:00:00+00:00,39783.79334800728
2040-08-21 07:00:00+00:00,39693.88658245104
2040-08-21 08:00:00+00:00,39707.381384580935
2040-08-21 09:00:00+00:00,39706.59740778001
2040-08-21 10:00:00+00:00,39839.481372284055
2040-08-21 11:00:00+00:00,39818.8285271309
2040-08-21 12:00:00+00:00,39921.846694415995
2040-08-21 13:00:00+00:00,39998.01419597173
2040-08-21 14:00:00+00:00,40237.051354285846
2040-08-21 15:00:00+00:00,40476.84337810044
2040-08-21 16:00:00+00:00,40492.380392085324
2040-08-21 17:00:00+00:00,39458.49399224028
2040-08-21 18:00:00+00:00,39310.15939934836
2040-08-21 19:00:00+00:00,39562.89715012212
2040-08-21 20:00:00+00:00,38708.34379032551
2040-08-21 21:00:00+00:00,37511.376427777584
2040-08-21 22:00:00+00:00,36392.30493023774
2040-08-21 23:00:00+00:00,35362.8323492533
2040-08-22 00:00:00+00:00,34862.96591055891
2040-08-22 01:00:00+00:00,34697.363843967316
2040-08-22 02:00:00+00:00,34847.74681420716
2040-08-22 03:00:00+00:00,35466.92613662211
2040-08-22 04:00:00+00:00,37334.70850452212
2040-08-22 05:00:00+00:00,39235.377816686254
2040-08-22 06:00:00+00:00,39921.45185196159
2040-08-22 07:00:00+00:00,39923.6978799405
2040-08-22 08:00:00+00:00,39913.95635099078
2040-08-22 09:00:00+00:00,40160.52911354586
2040-08-22 10:00:00+00:00,40481.65438367007
2040-08-22 11:00:00+00:00,40699.07273935789
2040-08-22 12:00:00+00:00,41060.616994182434
2040-08-22 13:00:00+00:00,40809.23712805001
2040-08-22 14:00:00+00:00,41075.075454596
2040-08-22 15:00:00+00:00,41552.09569259973
2040-08-22 16:00:00+00:00,41668.6213054557
2040-08-22 17:00:00+00:00,41115.91954722805
2040-08-22 18:00:00+00:00,40601.34995983749
2040-08-22 19:00:00+00:00,40277.77638973803
2040-08-22 20:00:00+00:00,39074.89451592837
2040-08-22 21:00:00+00:00,37940.4706670579
2040-08-22 22:00:00+00:00,36842.95546045501
2040-08-22 23:00:00+00:00,36027.432159022515
2040-08-23 00:00:00+00:00,35504.884332794165
2040-08-23 01:00:00+00:00,35247.106803263094
2040-08-23 02:00:00+00:00,35345.784651336995
2040-08-23 03:00:00+00:00,35564.36062167136
2040-08-23 04:00:00+00:00,36839.1104839373
2040-08-23 05:00:00+00:00,38308.43545219852
2040-08-23 06:00:00+00:00,39536.99460161224
2040-08-23 07:00:00+00:00,40727.86438882641
2040-08-23 08:00:00+00:00,41164.03969878567
2040-08-23 09:00:00+00:00,41527.44196790752
2040-08-23 10:00:00+00:00,41647.46387793041
2040-08-23 11:00:00+00:00,41330.705927959134
2040-08-23 12:00:00+00:00,40782.958817978615
2040-08-23 13:00:00+00:00,40129.54755194746
2040-08-23 14:00:00+00:00,39784.59983643485
2040-08-23 15:00:00+00:00,39905.05959141889
2040-08-23 16:00:00+00:00,39828.041401491064
2040-08-23 17:00:00+00:00,39255.70681395968
2040-08-23 18:00:00+00:00,39206.094091594314
2040-08-23 19:00:00+00:00,39138.30951447765
2040-08-23 20:00:00+00:00,38184.475356487965
2040-08-23 21:00:00+00:00,37230.832750747926
2040-08-23 22:00:00+00:00,36375.67972372343
2040-08-23 23:00:00+00:00,35335.073357059846
2040-08-24 00:00:00+00:00,34625.645861790545
2040-08-24 01:00:00+00:00,34394.40810012654
2040-08-24 02:00:00+00:00,34278.4793249514
2040-08-24 03:00:00+00:00,34244.613998086075
2040-08-24 04:00:00+00:00,34647.915876240084
2040-08-24 05:00:00+00:00,35007.9305405863
2040-08-24 06:00:00+00:00,35684.23301265379
2040-08-24 07:00:00+00:00,36859.130133148756
2040-08-24 08:00:00+00:00,37643.93879416366
2040-08-24 09:00:00+00:00,38151.9785352689
2040-08-24 10:00:00+00:00,38368.73992862308
2040-08-24 11:00:00+00:00,38443.88261234884
2040-08-24 12:00:00+00:00,38335.731611819116
2040-08-24 13:00:00+00:00,38295.6210170136
2040-08-24 14:00:00+00:00,38441.77582323444
2040-08-24 15:00:00+00:00,39617.33260008422
2040-08-24 16:00:00+00:00,40182.453497717484
2040-08-24 17:00:00+00:00,39779.947697930824
2040-08-24 18:00:00+00:00,39379.330812561835
2040-08-24 19:00:00+00:00,38700.178129927765
2040-08-24 20:00:00+00:00,37730.68647056019
2040-08-24 21:00:00+00:00,36742.21482490188
2040-08-24 22:00:00+00:00,35956.47968908152
2040-08-24 23:00:00+00:00,35180.62758707071
2040-08-25 00:00:00+00:00,34588.46355016192
2040-08-25 01:00:00+00:00,34377.461490492424
2040-08-25 02:00:00+00:00,34603.12366275054
2040-08-25 03:00:00+00:00,35151.497832441266
2040-08-25 04:00:00+00:00,36019.06957288476
2040-08-25 05:00:00+00:00,36308.30664804962
2040-08-25 06:00:00+00:00,35983.092170137235
2040-08-25 07:00:00+00:00,36129.96533251684
2040-08-25 08:00:00+00:00,36358.82463123301
2040-08-25 09:00:00+00:00,36658.439954997855
2040-08-25 10:00:00+00:00,36951.6460854709
2040-08-25 11:00:00+00:00,37045.48022995696
2040-08-25 12:00:00+00:00,36972.9902279788
2040-08-25 13:00:00+00:00,37271.69203895907
2040-08-25 14:00:00+00:00,37612.249176958074
2040-08-25 15:00:00+00:00,38215.651056810326
2040-08-25 16:00:00+00:00,38583.24527453883
2040-08-25 17:00:00+00:00,37969.778219800566
2040-08-25 18:00:00+00:00,38165.24812237342
2040-08-25 19:00:00+00:00,38323.36093560273
2040-08-25 20:00:00+00:00,37546.162858021
2040-08-25 21:00:00+00:00,36502.99457932466
2040-08-25 22:00:00+00:00,35573.83063336897
2040-08-25 23:00:00+00:00,35076.766921068534
2040-08-26 00:00:00+00:00,34673.547465960706
2040-08-26 01:00:00+00:00,34529.47720768149
2040-08-26 02:00:00+00:00,34600.19733228026
2040-08-26 03:00:00+00:00,35505.48009386611
2040-08-26 04:00:00+00:00,37597.16068836568
2040-08-26 05:00:00+00:00,39604.922080453834
2040-08-26 06:00:00+00:00,40217.29027893655
2040-08-26 07:00:00+00:00,40379.903841895655
2040-08-26 08:00:00+00:00,40180.944187698144
2040-08-26 09:00:00+00:00,40135.848135598586
2040-08-26 10:00:00+00:00,40006.121531461715
2040-08-26 11:00:00+00:00,40162.44798664545
2040-08-26 12:00:00+00:00,40396.70243309717
2040-08-26 13:00:00+00:00,40559.24935958721
2040-08-26 14:00:00+00:00,40732.501921663534
2040-08-26 15:00:00+00:00,40788.43182971288
2040-08-26 16:00:00+00:00,40669.63713376669
2040-08-26 17:00:00+00:00,39913.299371503475
2040-08-26 18:00:00+00:00,40003.73356401832
2040-08-26 19:00:00+00:00,39725.46866259001
2040-08-26 20:00:00+00:00,38627.69075419565
2040-08-26 21:00:00+00:00,37376.05144266099
2040-08-26 22:00:00+00:00,36168.79818193912
2040-08-26 23:00:00+00:00,35389.91135198582
2040-08-27 00:00:00+00:00,34939.497934743165
2040-08-27 01:00:00+00:00,34663.35977657555
2040-08-27 02:00:00+00:00,34707.32389446254
2040-08-27 03:00:00+00:00,35483.8703232663
2040-08-27 04:00:00+00:00,37503.54334147985
2040-08-27 05:00:00+00:00,39484.28221793511
2040-08-27 06:00:00+00:00,40107.385056272076
2040-08-27 07:00:00+00:00,40187.122235958544
2040-08-27 08:00:00+00:00,39929.31100814119
2040-08-27 09:00:00+00:00,39953.74612583562
2040-08-27 10:00:00+00:00,40208.61335436673
2040-08-27 11:00:00+00:00,40204.72305500369
2040-08-27 12:00:00+00:00,40232.30931624229
2040-08-27 13:00:00+00:00,40616.22459918644
2040-08-27 14:00:00+00:00,41066.29015959706
2040-08-27 15:00:00+00:00,41150.122847656734
2040-08-27 16:00:00+00:00,40876.970499130555
2040-08-27 17:00:00+00:00,40336.76509901301
2040-08-27 18:00:00+00:00,40381.96879671597
2040-08-27 19:00:00+00:00,40289.82378329828
2040-08-27 20:00:00+00:00,39123.172520157415
2040-08-27 21:00:00+00:00,37800.50026088749
2040-08-27 22:00:00+00:00,36602.381428961264
2040-08-27 23:00:00+00:00,35701.99809620033
2040-08-28 00:00:00+00:00,35209.00351741718
2040-08-28 01:00:00+00:00,34938.2176810926
2040-08-28 02:00:00+00:00,34929.53064653203
2040-08-28 03:00:00+00:00,35633.97688850243
2040-08-28 04:00:00+00:00,37645.49818802067
2040-08-28 05:00:00+00:00,39652.4944215091
2040-08-28 06:00:00+00:00,40174.847151857466
2040-08-28 07:00:00+00:00,40250.38882280412
2040-08-28 08:00:00+00:00,40173.82138458094
2040-08-28 09:00:00+00:00,40280.677407780015
2040-08-28 10:00:00+00:00,40532.7733828817
2040-08-28 11:00:00+00:00,40880.49188294129
2040-08-28 12:00:00+00:00,41105.54403970946
2040-08-28 13:00:00+00:00,41272.64469011789
2040-08-28 14:00:00+00:00,41463.85413137405
2040-08-28 15:00:00+00:00,41833.49319180006
2040-08-28 16:00:00+00:00,41731.43051646999
2040-08-28 17:00:00+00:00,41395.68521420687
2040-08-28 18:00:00+00:00,41371.87939934836
2040-08-28 19:00:00+00:00,41028.457150122114
2040-08-28 20:00:00+00:00,39889.62379032551
2040-08-28 21:00:00+00:00,38449.603146460155
2040-08-28 22:00:00+00:00,37048.76252184697
2040-08-28 23:00:00+00:00,36185.38266652074
2040-08-29 00:00:00+00:00,35633.43132094038
2040-08-29 01:00:00+00:00,35394.045948672996
2040-08-29 02:00:00+00:00,35481.58551588871
2040-08-29 03:00:00+00:00,36022.08219025161
2040-08-29 04:00:00+00:00,37951.79000078434
2040-08-29 05:00:00+00:00,39917.35494515349
2040-08-29 06:00:00+00:00,40686.69051709564
2040-08-29 07:00:00+00:00,40833.117879940495
2040-08-29 08:00:00+00:00,40820.61635099078
2040-08-29 09:00:00+00:00,41053.19497906169
2040-08-29 10:00:00+00:00,41218.48533154663
2040-08-29 11:00:00+00:00,41443.633238416325
2040-08-29 12:00:00+00:00,41607.45311149109
2040-08-29 13:00:00+00:00,41388.57217783267
2040-08-29 14:00:00+00:00,41656.78757193062
2040-08-29 15:00:00+00:00,41591.29371889176
2040-08-29 16:00:00+00:00,41378.44180938188
2040-08-29 17:00:00+00:00,40939.60728204205
2040-08-29 18:00:00+00:00,40746.88072204407
2040-08-29 19:00:00+00:00,40626.5131119183
2040-08-29 20:00:00+00:00,39214.27451592837
2040-08-29 21:00:00+00:00,37962.5506670579
2040-08-29 22:00:00+00:00,36736.695460455005
2040-08-29 23:00:00+00:00,35900.47215902251
2040-08-30 00:00:00+00:00,35372.40433279416
2040-08-30 01:00:00+00:00,35081.506803263095
2040-08-30 02:00:00+00:00,35025.624651337
2040-08-30 03:00:00+00:00,35387.72062167136
2040-08-30 04:00:00+00:00,36567.2504839373
2040-08-30 05:00:00+00:00,38280.835452198524
2040-08-30 06:00:00+00:00,39745.374601612246
2040-08-30 07:00:00+00:00,40560.88438882641
2040-08-30 08:00:00+00:00,40774.87969878567
2040-08-30 09:00:00+00:00,40689.78196790752
2040-08-30 10:00:00+00:00,40634.53785683284
2040-08-30 11:00:00+00:00,40583.91073919009
2040-08-30 12:00:00+00:00,40488.74932996375
2040-08-30 13:00:00+00:00,40210.484215931894
2040-08-30 14:00:00+00:00,39824.631318353444
2040-08-30 15:00:00+00:00,40048.24805740998
2040-08-30 16:00:00+00:00,40180.354246032686
2040-08-30 17:00:00+00:00,39782.01246357303
2040-08-30 18:00:00+00:00,40047.89409159432
2040-08-30 19:00:00+00:00,39647.5564165752
2040-08-30 20:00:00+00:00,38670.16128193363
2040-08-30 21:00:00+00:00,37615.2629512845
2040-08-30 22:00:00+00:00,36633.90690784657
2040-08-30 23:00:00+00:00,35767.20139651434
2040-08-31 00:00:00+00:00,35500.15187930247
2040-08-31 01:00:00+00:00,35046.24044163505
2040-08-31 02:00:00+00:00,34909.38236319325
2040-08-31 03:00:00+00:00,35131.789010131666
2040-08-31 04:00:00+00:00,35615.58154625332
2040-08-31 05:00:00+00:00,35997.59127365087
2040-08-31 06:00:00+00:00,36346.82564591237
2040-08-31 07:00:00+00:00,36824.08329091719
2040-08-31 08:00:00+00:00,37552.83438194423
2040-08-31 09:00:00+00:00,38011.70274070591
2040-08-31 10:00:00+00:00,38126.52184273342
2040-08-31 11:00:00+00:00,38136.91704931957
2040-08-31 12:00:00+00:00,38096.39788317464
2040-08-31 13:00:00+00:00,38077.72272334553
2040-08-31 14:00:00+00:00,38169.75594717384
2040-08-31 15:00:00+00:00,38683.176509027704
2040-08-31 16:00:00+00:00,38993.62739421671
2040-08-31 17:00:00+00:00,38929.44514048492
2040-08-31 18:00:00+00:00,39314.546997990605
2040-08-31 19:00:00+00:00,39059.93239435612
2040-08-31 20:00:00+00:00,38061.97749624881
2040-08-31 21:00:00+00:00,37089.99154220846
2040-08-31 22:00:00+00:00,36034.02123666338
2040-08-31 23:00:00+00:00,35435.8825916366
2040-09-01 00:00:00+00:00,34634.00355016192
2040-09-01 01:00:00+00:00,34318.175304986085
2040-09-01 02:00:00+00:00,34353.766870758496
2040-09-01 03:00:00+00:00,34982.34405242414
2040-09-01 04:00:00+00:00,36015.63946841682
2040-09-01 05:00:00+00:00,36463.766446086076
2040-09-01 06:00:00+00:00,36178.58762909817
2040-09-01 07:00:00+00:00,36261.06533251684
2040-09-01 08:00:00+00:00,36469.22463123301
2040-09-01 09:00:00+00:00,36841.97995499785
2040-09-01 10:00:00+00:00,37213.437346450446
2040-09-01 11:00:00+00:00,37680.49428325595
2040-09-01 12:00:00+00:00,37586.82042510398
2040-09-01 13:00:00+00:00,38131.99878673644
2040-09-01 14:00:00+00:00,38473.93923800822
2040-09-01 15:00:00+00:00,39068.88928553781
2040-09-01 16:00:00+00:00,39278.20144214682
2040-09-01 17:00:00+00:00,39252.53738220965
2040-09-01 18:00:00+00:00,39724.64812237342
2040-09-01 19:00:00+00:00,39706.12093560273
2040-09-01 20:00:00+00:00,38772.982858021
2040-09-01 21:00:00+00:00,37612.51457932466
2040-09-01 22:00:00+00:00,36686.11063336897
2040-09-01 23:00:00+00:00,35954.446921068535
2040-09-02 00:00:00+00:00,35393.90746596071
2040-09-02 01:00:00+00:00,35214.07426590691
2040-09-02 02:00:00+00:00,35219.573595278154
2040-09-02 03:00:00+00:00,36111.20288997975
2040-09-02 04:00:00+00:00,38114.780417086964
2040-09-02 05:00:00+00:00,40533.85520735189
2040-09-02 06:00:00+00:00,41304.662407430405
2040-09-02 07:00:00+00:00,41254.82384189566
2040-09-02 08:00:00+00:00,40938.564187698146
2040-09-02 09:00:00+00:00,40887.948135598584
2040-09-02 10:00:00+00:00,41014.25676077012
2040-09-02 11:00:00+00:00,41149.984314135516
2040-09-02 12:00:00+00:00,41425.97586314894
2040-09-02 13:00:00+00:00,41518.20528529907
2040-09-02 14:00:00+00:00,42111.94177385379
2040-09-02 15:00:00+00:00,42859.81359634946
2040-09-02 16:00:00+00:00,42941.915821380004
2040-09-02 17:00:00+00:00,42137.3633653749
2040-09-02 18:00:00+00:00,41583.83356401832
2040-09-02 19:00:00+00:00,41153.76866259001
2040-09-02 20:00:00+00:00,40035.29075419565
2040-09-02 21:00:00+00:00,38402.77144266099
2040-09-02 22:00:00+00:00,37209.318181939125
2040-09-02 23:00:00+00:00,36350.391351985825
2040-09-03 00:00:00+00:00,35764.46645684393
2040-09-03 01:00:00+00:00,35521.12208712593
2040-09-03 02:00:00+00:00,35574.56069530779
2040-09-03 03:00:00+00:00,36275.725789598764
2040-09-03 04:00:00+00:00,38258.28739924787
2040-09-03 05:00:00+00:00,40632.8416364045
2040-09-03 06:00:00+00:00,41495.73028170531
2040-09-03 07:00:00+00:00,41561.60223595854
2040-09-03 08:00:00+00:00,41120.25100814118
2040-09-03 09:00:00+00:00,40976.94361595025
2040-09-03 10:00:00+00:00,41101.89837911676
2040-09-03 11:00:00+00:00,41453.04164620188
2040-09-03 12:00:00+00:00,41577.32947896704
2040-09-03 13:00:00+00:00,41864.5940537268
2040-09-03 14:00:00+00:00,42210.554990778925
2040-09-03 15:00:00+00:00,42573.52674075669
2040-09-03 16:00:00+00:00,42428.12683274536
2040-09-03 17:00:00+00:00,41529.00971812499
2040-09-03 18:00:00+00:00,41190.263527599185
2040-09-03 19:00:00+00:00,40536.843783298275
2040-09-03 20:00:00+00:00,39203.212520157416
2040-09-03 21:00:00+00:00,37957.820260887485
2040-09-03 22:00:00+00:00,36748.29276669441
2040-09-03 23:00:00+00:00,35938.00450818201
2040-09-04 00:00:00+00:00,35376.67773747386
2040-09-04 01:00:00+00:00,35124.50300103937
2040-09-04 02:00:00+00:00,35171.79344448293
2040-09-04 03:00:00+00:00,35832.5582213429
2040-09-04 04:00:00+00:00,37680.17720387276
2040-09-04 05:00:00+00:00,40032.19575842385
2040-09-04 06:00:00+00:00,41103.26980369853
2040-09-04 07:00:00+00:00,41349.88658245104
2040-09-04 08:00:00+00:00,41356.6856232191
2040-09-04 09:00:00+00:00,41474.110064012246
2040-09-04 10:00:00+00:00,41290.561665784226
2040-09-04 11:00:00+00:00,41419.20049885551
2040-09-04 12:00:00+00:00,41385.30035059747
2040-09-04 13:00:00+00:00,41253.35197867122
2040-09-04 14:00:00+00:00,41679.3726164774
2040-09-04 15:00:00+00:00,42384.01552238107
2040-09-04 16:00:00+00:00,42224.028286222994
2040-09-04 17:00:00+00:00,41173.024643381155
2040-09-04 18:00:00+00:00,40721.66842440902
2040-09-04 19:00:00+00:00,40115.174060741905
2040-09-04 20:00:00+00:00,38940.49856330506
2040-09-04 21:00:00+00:00,37624.83123862564
2040-09-04 22:00:00+00:00,36473.25551392914
2040-09-04 23:00:00+00:00,35492.19139524593
2040-09-05 00:00:00+00:00,34987.441804294285
2040-09-05 01:00:00+00:00,34847.783843967314
2040-09-05 02:00:00+00:00,34952.62681420716
2040-09-05 03:00:00+00:00,35584.226136622114
2040-09-05 04:00:00+00:00,37369.57755155623
2040-09-05 05:00:00+00:00,40029.96344015732
2040-09-05 06:00:00+00:00,41409.09185196159
2040-09-05 07:00:00+00:00,41930.25811669444
2040-09-05 08:00:00+00:00,41797.56106541669
2040-09-05 09:00:00+00:00,41740.932165676866
2040-09-05 10:00:00+00:00,41542.58989109548
2040-09-05 11:00:00+00:00,41598.98460849345
2040-09-05 12:00:00+00:00,41498.43236102503
2040-09-05 13:00:00+00:00,41618.81780810598
2040-09-05 14:00:00+00:00,41805.31870956209
2040-09-05 15:00:00+00:00,42149.62442145489
2040-09-05 16:00:00+00:00,42429.78090572951
2040-09-05 17:00:00+00:00,42002.6821864911
2040-09-05 18:00:00+00:00,41926.78072204407
2040-09-05 19:00:00+00:00,41360.673111918295
2040-09-05 20:00:00+00:00,40000.87451592837
2040-09-05 21:00:00+00:00,38576.6506670579
2040-09-05 22:00:00+00:00,37418.415460455006
2040-09-05 23:00:00+00:00,36332.41215902251
2040-09-06 00:00:00+00:00,35711.884332794165
2040-09-06 01:00:00+00:00,35527.24680326309
2040-09-06 02:00:00+00:00,35312.66465133699
2040-09-06 03:00:00+00:00,35509.160621671355
2040-09-06 04:00:00+00:00,36735.6104839373
2040-09-06 05:00:00+00:00,38707.25545219852
2040-09-06 06:00:00+00:00,39801.95460161225
2040-09-06 07:00:00+00:00,40629.88438882641
2040-09-06 08:00:00+00:00,40929.439698785674
2040-09-06 09:00:00+00:00,40940.94196790752
2040-09-06 10:00:00+00:00,41095.457856832836
2040-09-06 11:00:00+00:00,41250.450739190084
2040-09-06 12:00:00+00:00,41291.909329963746
2040-09-06 13:00:00+00:00,40900.484215931894
2040-09-06 14:00:00+00:00,40987.97131835345
2040-09-06 15:00:00+00:00,41650.42805740999
2040-09-06 16:00:00+00:00,41581.05424603269
2040-09-06 17:00:00+00:00,41320.71246357303
2040-09-06 18:00:00+00:00,40817.93409159432
2040-09-06 19:00:00+00:00,39739.98951447765
2040-09-06 20:00:00+00:00,38537.75535648796
2040-09-06 21:00:00+00:00,37603.534342040424
2040-09-06 22:00:00+00:00,36440.23063634434
2040-09-06 23:00:00+00:00,35540.56117320049
2040-09-07 00:00:00+00:00,35141.20245560556
2040-09-07 01:00:00+00:00,34851.215686418465
2040-09-07 02:00:00+00:00,34702.21600664626
2040-09-07 03:00:00+00:00,34740.03545625864
2040-09-07 04:00:00+00:00,35144.29732907469
2040-09-07 05:00:00+00:00,35714.93365187313
2040-09-07 06:00:00+00:00,36207.22078476257
2040-09-07 07:00:00+00:00,37109.18881124828
2040-09-07 08:00:00+00:00,37642.66272625537
2040-09-07 09:00:00+00:00,38122.586358470595
2040-09-07 10:00:00+00:00,38086.62118966952
2040-09-07 11:00:00+00:00,37986.97326985571
2040-09-07 12:00:00+00:00,37945.07336596643
2040-09-07 13:00:00+00:00,38071.41273191464
2040-09-07 14:00:00+00:00,38115.73402575236
2040-09-07 15:00:00+00:00,38576.263835742866
2040-09-07 16:00:00+00:00,39233.775228616956
2040-09-07 17:00:00+00:00,39485.48678732589
2040-09-07 18:00:00+00:00,39634.46319699267
2040-09-07 19:00:00+00:00,39196.120511759145
2040-09-07 20:00:00+00:00,38230.80420719461
2040-09-07 21:00:00+00:00,37315.54546854433
2040-09-07 22:00:00+00:00,36231.20992493321
2040-09-07 23:00:00+00:00,35496.108853345264
2040-09-08 00:00:00+00:00,35412.160430421434
2040-09-08 01:00:00+00:00,35285.64685783081
2040-09-08 02:00:00+00:00,35726.626185467045
2040-09-08 03:00:00+00:00,36781.63010335819
2040-09-08 04:00:00+00:00,37858.62085250801
2040-09-08 05:00:00+00:00,38664.9451316027
2040-09-08 06:00:00+00:00,38433.26286716958
2040-09-08 07:00:00+00:00,38072.80524664982
2040-09-08 08:00:00+00:00,38206.10274562316
2040-09-08 09:00:00+00:00,38151.70100745294
2040-09-08 10:00:00+00:00,38239.72686325962
2040-09-08 11:00:00+00:00,38380.0468114997
2040-09-08 12:00:00+00:00,38477.777101914064
2040-09-08 13:00:00+00:00,38693.468774897636
2040-09-08 14:00:00+00:00,38998.40620118524
2040-09-08 15:00:00+00:00,39497.61803904001
2040-09-08 16:00:00+00:00,40202.0178431717
2040-09-08 17:00:00+00:00,39768.87953487622
2040-09-08 18:00:00+00:00,39914.134779620625
2040-09-08 19:00:00+00:00,39415.285131837234
2040-09-08 20:00:00+00:00,38276.884872604125
2040-09-08 21:00:00+00:00,36992.42173606397
2040-09-08 22:00:00+00:00,35949.85025375355
2040-09-08 23:00:00+00:00,35317.776257087804
2040-09-09 00:00:00+00:00,35225.26204929279
2040-09-09 01:00:00+00:00,35138.848028704255
2040-09-09 02:00:00+00:00,35604.11764041165
2040-09-09 03:00:00+00:00,36985.51067433588
2040-09-09 04:00:00+00:00,39277.787861827055
2040-09-09 05:00:00+00:00,41761.97243646739
2040-09-09 06:00:00+00:00,42769.21402479625
2040-09-09 07:00:00+00:00,42561.693331759474
2040-09-09 08:00:00+00:00,42040.025106249595
2040-09-09 09:00:00+00:00,41871.294707443136
2040-09-09 10:00:00+00:00,41697.353973818506
2040-09-09 11:00:00+00:00,41724.128808267415
2040-09-09 12:00:00+00:00,41889.618544153614
2040-09-09 13:00:00+00:00,42287.349698640646
2040-09-09 14:00:00+00:00,42687.01086176378
2040-09-09 15:00:00+00:00,43396.26716710622
2040-09-09 16:00:00+00:00,43528.015372385664
2040-09-09 17:00:00+00:00,42894.16196007775
2040-09-09 18:00:00+00:00,42450.58468262271
2040-09-09 19:00:00+00:00,41407.94624060518
2040-09-09 20:00:00+00:00,39838.376527256485
2040-09-09 21:00:00+00:00,38272.247438146995
2040-09-09 22:00:00+00:00,37072.672994625165
2040-09-09 23:00:00+00:00,36129.95653608032
2040-09-10 00:00:00+00:00,35144.40470363302
2040-09-10 01:00:00+00:00,34889.00400678889
2040-09-10 02:00:00+00:00,34998.54456570489
2040-09-10 03:00:00+00:00,35941.47560791835
2040-09-10 04:00:00+00:00,37917.160802783364
2040-09-10 05:00:00+00:00,40636.718179414864
2040-09-10 06:00:00+00:00,41420.51320473874
2040-09-10 07:00:00+00:00,41213.89564966205
2040-09-10 08:00:00+00:00,40906.08121664215
2040-09-10 09:00:00+00:00,41268.76135874112
2040-09-10 10:00:00+00:00,41496.63856638117
2040-09-10 11:00:00+00:00,42005.40543613293
2040-09-10 12:00:00+00:00,42410.35454088265
2040-09-10 13:00:00+00:00,42532.49283887781
2040-09-10 14:00:00+00:00,42956.67172870272
2040-09-10 15:00:00+00:00,43636.456133186155
2040-09-10 16:00:00+00:00,43220.862810091894
2040-09-10 17:00:00+00:00,42277.3370376855
2040-09-10 18:00:00+00:00,41464.119270988835
2040-09-10 19:00:00+00:00,40340.109012230474
2040-09-10 20:00:00+00:00,39017.31418367218
2040-09-10 21:00:00+00:00,37761.12605468199
2040-09-10 22:00:00+00:00,36513.86882899394
2040-09-10 23:00:00+00:00,35357.333190776175
2040-09-11 00:00:00+00:00,34881.516508779256
2040-09-11 01:00:00+00:00,34895.9542462401
2040-09-11 02:00:00+00:00,35101.850267706846
2040-09-11 03:00:00+00:00,36075.671554478475
2040-09-11 04:00:00+00:00,37757.02379872852
2040-09-11 05:00:00+00:00,40292.82739147866
2040-09-11 06:00:00+00:00,41002.64162880771
2040-09-11 07:00:00+00:00,40719.52086498054
2040-09-11 08:00:00+00:00,40361.840654130145
2040-09-11 09:00:00+00:00,40525.783448854396
2040-09-11 10:00:00+00:00,40687.703594592545
2040-09-11 11:00:00+00:00,40431.26229562815
2040-09-11 12:00:00+00:00,40716.3954270735
2040-09-11 13:00:00+00:00,41145.616464199426
2040-09-11 14:00:00+00:00,41298.02024238645
2040-09-11 15:00:00+00:00,41822.80133661985
2040-09-11 16:00:00+00:00,41801.08743852947
2040-09-11 17:00:00+00:00,41461.256329609416
2040-09-11 18:00:00+00:00,41224.23159729565
2040-09-11 19:00:00+00:00,40267.94591269062
2040-09-11 20:00:00+00:00,38896.65829864342
2040-09-11 21:00:00+00:00,37418.95233258885
2040-09-11 22:00:00+00:00,36105.23922278038
2040-09-11 23:00:00+00:00,35350.33240065874
2040-09-12 00:00:00+00:00,34632.20682705259
2040-09-12 01:00:00+00:00,34485.07894361
2040-09-12 02:00:00+00:00,34712.40502715328
2040-09-12 03:00:00+00:00,35286.37752933695
2040-09-12 04:00:00+00:00,37403.22375396784
2040-09-12 05:00:00+00:00,40109.58973973898
2040-09-12 06:00:00+00:00,40888.17449559425
2040-09-12 07:00:00+00:00,40798.84092970634
2040-09-12 08:00:00+00:00,40629.13627356467
2040-09-12 09:00:00+00:00,40527.03175561745
2040-09-12 10:00:00+00:00,40747.03138374133
2040-09-12 11:00:00+00:00,41004.65847280209
2040-09-12 12:00:00+00:00,41035.86636876541
2040-09-12 13:00:00+00:00,40764.41340983664
2040-09-12 14:00:00+00:00,40623.163478991504
2040-09-12 15:00:00+00:00,40879.40166875723
2040-09-12 16:00:00+00:00,41156.256360405016
2040-09-12 17:00:00+00:00,41009.14788779978
2040-09-12 18:00:00+00:00,41226.85918194532
2040-09-12 19:00:00+00:00,40277.990542644184
2040-09-12 20:00:00+00:00,39039.13044226091
2040-09-12 21:00:00+00:00,37470.92842932783
2040-09-12 22:00:00+00:00,36294.08333193344
2040-09-12 23:00:00+00:00,35353.71735989093
2040-09-13 00:00:00+00:00,34740.077040668664
2040-09-13 01:00:00+00:00,34476.60721468769
2040-09-13 02:00:00+00:00,34394.942352989005
2040-09-13 03:00:00+00:00,34852.971868151406
2040-09-13 04:00:00+00:00,36301.00571190503
2040-09-13 05:00:00+00:00,38527.258728978944
2040-09-13 06:00:00+00:00,39897.5774843933
2040-09-13 07:00:00+00:00,40420.35935894633
2040-09-13 08:00:00+00:00,40410.7398794942
2040-09-13 09:00:00+00:00,40340.89880601847
2040-09-13 10:00:00+00:00,40218.396157675044
2040-09-13 11:00:00+00:00,40273.72790599636
2040-09-13 12:00:00+00:00,40196.50674694966
2040-09-13 13:00:00+00:00,39815.17077326089
2040-09-13 14:00:00+00:00,39321.50238576054
2040-09-13 15:00:00+00:00,39686.967936530134
2040-09-13 16:00:00+00:00,39912.239310631514
2040-09-13 17:00:00+00:00,39876.58816956799
2040-09-13 18:00:00+00:00,40310.646161081306
2040-09-13 19:00:00+00:00,39379.463691320176
2040-09-13 20:00:00+00:00,38255.07367591627
2040-09-13 21:00:00+00:00,37040.285303201905
2040-09-13 22:00:00+00:00,36061.1717699747
2040-09-13 23:00:00+00:00,35112.78515634704
2040-09-14 00:00:00+00:00,35333.02975125981
2040-09-14 01:00:00+00:00,35187.56932421646
2040-09-14 02:00:00+00:00,35364.921330254234
2040-09-14 03:00:00+00:00,35856.40244785374
2040-09-14 04:00:00+00:00,36389.245721279214
2040-09-14 05:00:00+00:00,37021.7733801163
2040-09-14 06:00:00+00:00,37362.04295005903
2040-09-14 07:00:00+00:00,37831.86223817683
2040-09-14 08:00:00+00:00,38454.561849197504
2040-09-14 09:00:00+00:00,38602.28014515425
2040-09-14 10:00:00+00:00,38610.00546090571
2040-09-14 11:00:00+00:00,38796.62238266992
2040-09-14 12:00:00+00:00,38754.73158947922
2040-09-14 13:00:00+00:00,38660.7188001905
2040-09-14 14:00:00+00:00,38812.384290949565
2040-09-14 15:00:00+00:00,39311.184953398704
2040-09-14 16:00:00+00:00,39780.59994888616
2040-09-14 17:00:00+00:00,40035.541630405336
2040-09-14 18:00:00+00:00,40469.15584250867
2040-09-14 19:00:00+00:00,39510.781282536984
2040-09-14 20:00:00+00:00,38251.98837981748
2040-09-14 21:00:00+00:00,37024.182566945696
2040-09-14 22:00:00+00:00,36141.238043581674
2040-09-14 23:00:00+00:00,35469.31237864593
2040-09-15 00:00:00+00:00,35654.02577725657
2040-09-15 01:00:00+00:00,35571.422261396285
2040-09-15 02:00:00+00:00,36133.41107045242
2040-09-15 03:00:00+00:00,37536.17089200793
2040-09-15 04:00:00+00:00,38898.19646003272
2040-09-15 05:00:00+00:00,39654.95055609707
2040-09-15 06:00:00+00:00,39162.186975260876
2040-09-15 07:00:00+00:00,39079.570703863305
2040-09-15 08:00:00+00:00,38994.68020496131
2040-09-15 09:00:00+00:00,39083.89813423779
2040-09-15 10:00:00+00:00,39440.57661024565
2040-09-15 11:00:00+00:00,39513.43398827406
2040-09-15 12:00:00+00:00,39645.32823663136
2040-09-15 13:00:00+00:00,39971.728385061964
2040-09-15 14:00:00+00:00,40260.54995587692
2040-09-15 15:00:00+00:00,40863.438382132736
2040-09-15 16:00:00+00:00,41381.60138799993
2040-09-15 17:00:00+00:00,41219.44143446473
2040-09-15 18:00:00+00:00,41374.53222132697
2040-09-15 19:00:00+00:00,40365.62420514344
2040-09-15 20:00:00+00:00,38966.99408232816
2040-09-15 21:00:00+00:00,37420.33858444266
2040-09-15 22:00:00+00:00,36333.20172259152
2040-09-15 23:00:00+00:00,35856.384286828245
2040-09-16 00:00:00+00:00,35983.038474348956
2040-09-16 01:00:00+00:00,36075.51347432511
2040-09-16 02:00:00+00:00,36847.21632238612
2040-09-16 03:00:00+00:00,38776.255737530824
2040-09-16 04:00:00+00:00,41332.42061128986
2040-09-16 05:00:00+00:00,43902.47498444452
2040-09-16 06:00:00+00:00,45018.20734585764
2040-09-16 07:00:00+00:00,44744.375513091545
2040-09-16 08:00:00+00:00,44004.351536244125
2040-09-16 09:00:00+00:00,43464.04763005429
2040-09-16 10:00:00+00:00,43330.428152831795
2040-09-16 11:00:00+00:00,43265.73249476067
2040-09-16 12:00:00+00:00,43271.01805093495
2040-09-16 13:00:00+00:00,43309.528190812394
2040-09-16 14:00:00+00:00,43894.38870701535
2040-09-16 15:00:00+00:00,44517.28889963374
2040-09-16 16:00:00+00:00,44711.65914242025
2040-09-16 17:00:00+00:00,44395.72778193461
2040-09-16 18:00:00+00:00,44310.46299558455
2040-09-16 19:00:00+00:00,42836.466654522
2040-09-16 20:00:00+00:00,41108.05565380226
2040-09-16 21:00:00+00:00,39326.19057914675
2040-09-16 22:00:00+00:00,37803.41983468126
2040-09-16 23:00:00+00:00,37093.9653998829
2040-09-17 00:00:00+00:00,36314.22445059441
2040-09-17 01:00:00+00:00,36230.457654417005
2040-09-17 02:00:00+00:00,36845.055279959066
2040-09-17 03:00:00+00:00,38553.8280410754
2040-09-17 04:00:00+00:00,40788.327382293464
2040-09-17 05:00:00+00:00,43531.50561000018
2040-09-17 06:00:00+00:00,44339.39399579037
2040-09-17 07:00:00+00:00,43942.64597749524
2040-09-17 08:00:00+00:00,43530.249632771454
2040-09-17 09:00:00+00:00,43034.77446195025
2040-09-17 10:00:00+00:00,42926.625300518164
2040-09-17 11:00:00+00:00,42899.453449334855
2040-09-17 12:00:00+00:00,42892.362634560064
2040-09-17 13:00:00+00:00,42986.26117068886
2040-09-17 14:00:00+00:00,43381.54863744319
2040-09-17 15:00:00+00:00,44001.982133378435
2040-09-17 16:00:00+00:00,44130.27955506887
2040-09-17 17:00:00+00:00,43939.93919377098
2040-09-17 18:00:00+00:00,43868.64060805429
2040-09-17 19:00:00+00:00,42642.25306962514
2040-09-17 20:00:00+00:00,40845.48472132713
2040-09-17 21:00:00+00:00,39058.540479939395
2040-09-17 22:00:00+00:00,37681.83929173057
2040-09-17 23:00:00+00:00,36910.230437549166
2040-09-18 00:00:00+00:00,36110.03960419692
2040-09-18 01:00:00+00:00,35993.9983967666
2040-09-18 02:00:00+00:00,36503.22821664585
2040-09-18 03:00:00+00:00,37851.323079575144
2040-09-18 04:00:00+00:00,40148.539967384706
2040-09-18 05:00:00+00:00,42896.75193998
2040-09-18 06:00:00+00:00,44003.080864041076
2040-09-18 07:00:00+00:00,43982.569201098326
2040-09-18 08:00:00+00:00,43345.365852650386
2040-09-18 09:00:00+00:00,42631.67449981272
2040-09-18 10:00:00+00:00,42137.19976228148
2040-09-18 11:00:00+00:00,42226.60563860351
2040-09-18 12:00:00+00:00,42228.611099760434
2040-09-18 13:00:00+00:00,42433.68006508765
2040-09-18 14:00:00+00:00,42999.552084030234
2040-09-18 15:00:00+00:00,43448.264874057786
2040-09-18 16:00:00+00:00,43906.34442535678
2040-09-18 17:00:00+00:00,43713.61991721434
2040-09-18 18:00:00+00:00,43684.11593206665
2040-09-18 19:00:00+00:00,42355.3380098973
2040-09-18 20:00:00+00:00,40638.4430464818
2040-09-18 21:00:00+00:00,39085.97737665937
2040-09-18 22:00:00+00:00,37800.281439628874
2040-09-18 23:00:00+00:00,36832.31829542397
2040-09-19 00:00:00+00:00,35557.21546476558
2040-09-19 01:00:00+00:00,35344.10892549968
2040-09-19 02:00:00+00:00,35584.576194867
2040-09-19 03:00:00+00:00,36519.47134756538
2040-09-19 04:00:00+00:00,38505.221724587944
2040-09-19 05:00:00+00:00,41108.98250338463
2040-09-19 06:00:00+00:00,42279.58231410578
2040-09-19 07:00:00+00:00,42213.91284943269
2040-09-19 08:00:00+00:00,41802.60141593003
2040-09-19 09:00:00+00:00,41414.838893202614
2040-09-19 10:00:00+00:00,41360.39331577554
2040-09-19 11:00:00+00:00,41592.52262983415
2040-09-19 12:00:00+00:00,41669.04674586822
2040-09-19 13:00:00+00:00,41600.677219481935
2040-09-19 14:00:00+00:00,41784.063732513285
2040-09-19 15:00:00+00:00,42077.49312576517
2040-09-19 16:00:00+00:00,42554.987561595
2040-09-19 17:00:00+00:00,42494.89378735628
2040-09-19 18:00:00+00:00,42655.50097691481
2040-09-19 19:00:00+00:00,41326.11800718338
2040-09-19 20:00:00+00:00,39948.43108286841
2040-09-19 21:00:00+00:00,38403.8838132751
2040-09-19 22:00:00+00:00,37151.165104788495
2040-09-19 23:00:00+00:00,36246.83921379692
2040-09-20 00:00:00+00:00,35955.64389117833
2040-09-20 01:00:00+00:00,35727.86437908923
2040-09-20 02:00:00+00:00,35838.56915076408
2040-09-20 03:00:00+00:00,36469.86340480401
2040-09-20 04:00:00+00:00,37685.402434322845
2040-09-20 05:00:00+00:00,40087.48203748538
2040-09-20 06:00:00+00:00,41275.01166378026
2040-09-20 07:00:00+00:00,41909.436396370846
2040-09-20 08:00:00+00:00,41563.482079818736
2040-09-20 09:00:00+00:00,41412.984054186694
2040-09-20 10:00:00+00:00,41231.038264282426
2040-09-20 11:00:00+00:00,41130.32479870284
2040-09-20 12:00:00+00:00,41184.21289900607
2040-09-20 13:00:00+00:00,40947.09975603949
2040-09-20 14:00:00+00:00,40929.95125943444
2040-09-20 15:00:00+00:00,41334.33461115734
2040-09-20 16:00:00+00:00,41758.20546941574
2040-09-20 17:00:00+00:00,41768.43845451555
2040-09-20 18:00:00+00:00,41976.509798022475
2040-09-20 19:00:00+00:00,40846.19324817937
2040-09-20 20:00:00+00:00,39388.234189694136
2040-09-20 21:00:00+00:00,38123.946063482756
2040-09-20 22:00:00+00:00,36996.890837863655
2040-09-20 23:00:00+00:00,35979.514249781416
2040-09-21 00:00:00+00:00,34513.77993987185
2040-09-21 01:00:00+00:00,34251.722076923616
2040-09-21 02:00:00+00:00,34003.771318412
2040-09-21 03:00:00+00:00,34098.22374995757
2040-09-21 04:00:00+00:00,34387.512341992995
2040-09-21 05:00:00+00:00,35284.4581923969
2040-09-21 06:00:00+00:00,35813.73748971169
2040-09-21 07:00:00+00:00,36332.281546556806
2040-09-21 08:00:00+00:00,36877.6172941387
2040-09-21 09:00:00+00:00,37204.718343340224
2040-09-21 10:00:00+00:00,37291.635722012084
2040-09-21 11:00:00+00:00,37421.941740371796
2040-09-21 12:00:00+00:00,37482.15925869402
2040-09-21 13:00:00+00:00,37323.9368694939
2040-09-21 14:00:00+00:00,37434.507191665034
2040-09-21 15:00:00+00:00,38012.15815710895
2040-09-21 16:00:00+00:00,38745.20349455132
2040-09-21 17:00:00+00:00,39148.9722099125
2040-09-21 18:00:00+00:00,39317.442328445366
2040-09-21 19:00:00+00:00,38317.25427456925
2040-09-21 20:00:00+00:00,37340.301973412046
2040-09-21 21:00:00+00:00,36239.50943148289
2040-09-21 22:00:00+00:00,35258.920133033294
2040-09-21 23:00:00+00:00,34605.973183069866
2040-09-22 00:00:00+00:00,34163.74212145097
2040-09-22 01:00:00+00:00,33926.29657140962
2040-09-22 02:00:00+00:00,33890.48868569081
2040-09-22 03:00:00+00:00,34472.233897087965
2040-09-22 04:00:00+00:00,35574.946486856046
2040-09-22 05:00:00+00:00,36579.72736901
2040-09-22 06:00:00+00:00,36567.9805762148
2040-09-22 07:00:00+00:00,36545.944604579156
2040-09-22 08:00:00+00:00,36583.820770164675
2040-09-22 09:00:00+00:00,36706.41708246124
2040-09-22 10:00:00+00:00,37208.734288634325
2040-09-22 11:00:00+00:00,37267.1268084397
2040-09-22 12:00:00+00:00,37341.79033449234
2040-09-22 13:00:00+00:00,37684.189687470796
2040-09-22 14:00:00+00:00,38338.30678537189
2040-09-22 15:00:00+00:00,39054.968304860224
2040-09-22 16:00:00+00:00,39664.74105465002
2040-09-22 17:00:00+00:00,39397.666178264095
2040-09-22 18:00:00+00:00,39254.04084634377
2040-09-22 19:00:00+00:00,38158.96537752039
2040-09-22 20:00:00+00:00,37309.24067485079
2040-09-22 21:00:00+00:00,36246.61125243374
2040-09-22 22:00:00+00:00,35288.556672797145
2040-09-22 23:00:00+00:00,34725.897928705475
2040-09-23 00:00:00+00:00,34428.676903585845
2040-09-23 01:00:00+00:00,34331.252263731105
2040-09-23 02:00:00+00:00,34499.466106043146
2040-09-23 03:00:00+00:00,35465.98267214331
2040-09-23 04:00:00+00:00,37559.35316160672
2040-09-23 05:00:00+00:00,40385.00130129138
2040-09-23 06:00:00+00:00,41932.586473011834
2040-09-23 07:00:00+00:00,41712.19114029339
2040-09-23 08:00:00+00:00,41202.55496158142
2040-09-23 09:00:00+00:00,40730.20014253578
2040-09-23 10:00:00+00:00,40527.626202146384
2040-09-23 11:00:00+00:00,40597.68536547248
2040-09-23 12:00:00+00:00,40720.59747272901
2040-09-23 13:00:00+00:00,40784.77953564408
2040-09-23 14:00:00+00:00,41187.484894901696
2040-09-23 15:00:00+00:00,41901.48842477713
2040-09-23 16:00:00+00:00,41875.584427718364
2040-09-23 17:00:00+00:00,41576.16152511264
2040-09-23 18:00:00+00:00,41220.46265181681
2040-09-23 19:00:00+00:00,39967.427517047574
2040-09-23 20:00:00+00:00,38580.852578507256
2040-09-23 21:00:00+00:00,37192.70281151097
2040-09-23 22:00:00+00:00,36137.223528125025
2040-09-23 23:00:00+00:00,35265.66957108935
2040-09-24 00:00:00+00:00,34764.65117879595
2040-09-24 01:00:00+00:00,34586.85580833655
2040-09-24 02:00:00+00:00,34683.76223827189
2040-09-24 03:00:00+00:00,35478.46448634513
2040-09-24 04:00:00+00:00,37574.69646562258
2040-09-24 05:00:00+00:00,40482.90293363204
2040-09-24 06:00:00+00:00,41772.6831919594
2040-09-24 07:00:00+00:00,41485.67209404385
2040-09-24 08:00:00+00:00,40861.58123949899
2040-09-24 09:00:00+00:00,40720.67356718372
2040-09-24 10:00:00+00:00,40665.19392337596
2040-09-24 11:00:00+00:00,40692.54176316752
2040-09-24 12:00:00+00:00,40786.31245338757
2040-09-24 13:00:00+00:00,41003.9182440567
2040-09-24 14:00:00+00:00,41769.414584889775
2040-09-24 15:00:00+00:00,42773.3574070814
2040-09-24 16:00:00+00:00,42854.7599823115
2040-09-24 17:00:00+00:00,42007.82756461567
2040-09-24 18:00:00+00:00,41408.71174779393
2040-09-24 19:00:00+00:00,40110.07542086568
2040-09-24 20:00:00+00:00,38849.62905729348
2040-09-24 21:00:00+00:00,37561.31256882072
2040-09-24 22:00:00+00:00,36460.38167913873
2040-09-24 23:00:00+00:00,35640.66919086597
2040-09-25 00:00:00+00:00,35965.04736887935
2040-09-25 01:00:00+00:00,35834.662366822966
2040-09-25 02:00:00+00:00,36055.32069145393
2040-09-25 03:00:00+00:00,37552.06225703699
2040-09-25 04:00:00+00:00,39736.504790579806
2040-09-25 05:00:00+00:00,42457.49033402733
2040-09-25 06:00:00+00:00,43971.59810188727
2040-09-25 07:00:00+00:00,44144.64567905457
2040-09-25 08:00:00+00:00,43478.29406362151
2040-09-25 09:00:00+00:00,42865.759259746534
2040-09-25 10:00:00+00:00,42620.7941013001
2040-09-25 11:00:00+00:00,42462.25875055239
2040-09-25 12:00:00+00:00,42557.81547038721
2040-09-25 13:00:00+00:00,42769.10144444461
2040-09-25 14:00:00+00:00,43127.39245782344
2040-09-25 15:00:00+00:00,44010.58447700124
2040-09-25 16:00:00+00:00,44172.73817433323
2040-09-25 17:00:00+00:00,43670.7443509442
2040-09-25 18:00:00+00:00,42960.370721351785
2040-09-25 19:00:00+00:00,41753.87845605936
2040-09-25 20:00:00+00:00,40206.930967668995
2040-09-25 21:00:00+00:00,38491.2513042755
2040-09-25 22:00:00+00:00,37170.264521847435
2040-09-25 23:00:00+00:00,36238.18318444618
2040-09-26 00:00:00+00:00,36763.910697468884
2040-09-26 01:00:00+00:00,37059.24384678546
2040-09-26 02:00:00+00:00,37807.86205340417
2040-09-26 03:00:00+00:00,39596.00149595784
2040-09-26 04:00:00+00:00,41919.24548045854
2040-09-26 05:00:00+00:00,44861.25723266488
2040-09-26 06:00:00+00:00,45939.539972301485
2040-09-26 07:00:00+00:00,45535.003881253295
2040-09-26 08:00:00+00:00,45014.30412991409
2040-09-26 09:00:00+00:00,44772.90694089871
2040-09-26 10:00:00+00:00,44962.655492159836
2040-09-26 11:00:00+00:00,44856.96606651558
2040-09-26 12:00:00+00:00,45013.11130588614
2040-09-26 13:00:00+00:00,44950.265170227096
2040-09-26 14:00:00+00:00,44847.70600721387
2040-09-26 15:00:00+00:00,45346.83566487392
2040-09-26 16:00:00+00:00,46116.90678960991
2040-09-26 17:00:00+00:00,46113.14307468969
2040-09-26 18:00:00+00:00,45547.64738101684
2040-09-26 19:00:00+00:00,43708.11781880491
2040-09-26 20:00:00+00:00,41832.63051007909
2040-09-26 21:00:00+00:00,40165.37024388608
2040-09-26 22:00:00+00:00,38868.467611691965
2040-09-26 23:00:00+00:00,38052.93730985291
2040-09-27 00:00:00+00:00,37114.92738046011
2040-09-27 01:00:00+00:00,37059.85507321792
2040-09-27 02:00:00+00:00,37648.95547562534
2040-09-27 03:00:00+00:00,38657.53439927088
2040-09-27 04:00:00+00:00,40216.53401564478
2040-09-27 05:00:00+00:00,42474.690542495635
2040-09-27 06:00:00+00:00,43932.60793511331
2040-09-27 07:00:00+00:00,44626.850367093095
2040-09-27 08:00:00+00:00,44739.581810445525
2040-09-27 09:00:00+00:00,44783.434221601485
2040-09-27 10:00:00+00:00,44568.06305598926
2040-09-27 11:00:00+00:00,44688.456802467794
2040-09-27 12:00:00+00:00,44778.237113277544
2040-09-27 13:00:00+00:00,45097.50900525769
2040-09-27 14:00:00+00:00,45136.38898213417
2040-09-27 15:00:00+00:00,45357.933922029006
2040-09-27 16:00:00+00:00,45366.342738730804
2040-09-27 17:00:00+00:00,44760.27424131971
2040-09-27 18:00:00+00:00,44156.83660190665
2040-09-27 19:00:00+00:00,42650.38716908909
2040-09-27 20:00:00+00:00,41015.977812208475
2040-09-27 21:00:00+00:00,39506.03260461892
2040-09-27 22:00:00+00:00,38356.51966928618
2040-09-27 23:00:00+00:00,37630.155207845484
2040-09-28 00:00:00+00:00,36496.44835815233
2040-09-28 01:00:00+00:00,36344.10874271731
2040-09-28 02:00:00+00:00,36595.79428114873
2040-09-28 03:00:00+00:00,37023.500687106556
2040-09-28 04:00:00+00:00,37760.89366799799
2040-09-28 05:00:00+00:00,38519.666941590396
2040-09-28 06:00:00+00:00,39291.75739608621
2040-09-28 07:00:00+00:00,39887.54672972252
2040-09-28 08:00:00+00:00,40274.66136769391
2040-09-28 09:00:00+00:00,40223.333636483505
2040-09-28 10:00:00+00:00,40146.992047025866
2040-09-28 11:00:00+00:00,40021.03254057654
2040-09-28 12:00:00+00:00,40007.058100512746
2040-09-28 13:00:00+00:00,39834.83297037758
2040-09-28 14:00:00+00:00,40337.78861442694
2040-09-28 15:00:00+00:00,40945.034355124335
2040-09-28 16:00:00+00:00,41744.19565138488
2040-09-28 17:00:00+00:00,42201.98511602756
2040-09-28 18:00:00+00:00,41852.41283695714
2040-09-28 19:00:00+00:00,40617.30217557051
2040-09-28 20:00:00+00:00,39124.31495204343
2040-09-28 21:00:00+00:00,37876.475120115356
2040-09-28 22:00:00+00:00,36722.323882913166
2040-09-28 23:00:00+00:00,36078.32320847299
2040-09-29 00:00:00+00:00,36253.72963184957
2040-09-29 01:00:00+00:00,36285.18365926309
2040-09-29 02:00:00+00:00,36858.662258509234
2040-09-29 03:00:00+00:00,38571.71576370933
2040-09-29 04:00:00+00:00,39976.24503973112
2040-09-29 05:00:00+00:00,40973.73565761478
2040-09-29 06:00:00+00:00,40843.669948268005
2040-09-29 07:00:00+00:00,40442.343301976216
2040-09-29 08:00:00+00:00,40104.67829172686
2040-09-29 09:00:00+00:00,39932.79713456425
2040-09-29 10:00:00+00:00,39869.09280636634
2040-09-29 11:00:00+00:00,40030.27641457156
2040-09-29 12:00:00+00:00,40148.19177489392
2040-09-29 13:00:00+00:00,40596.78930587569
2040-09-29 14:00:00+00:00,41207.52825216785
2040-09-29 15:00:00+00:00,41991.452705648866
2040-09-29 16:00:00+00:00,42897.52199659161
2040-09-29 17:00:00+00:00,43023.503740788496
2040-09-29 18:00:00+00:00,42827.383857208224
2040-09-29 19:00:00+00:00,41459.86491668687
2040-09-29 20:00:00+00:00,40094.560214886966
2040-09-29 21:00:00+00:00,38511.20223535842
2040-09-29 22:00:00+00:00,37327.99218263668
2040-09-29 23:00:00+00:00,36832.39208778254
2040-09-30 00:00:00+00:00,36827.72415698639
2040-09-30 01:00:00+00:00,36805.24580167113
2040-09-30 02:00:00+00:00,37716.77351033657
2040-09-30 03:00:00+00:00,39875.0964359139
2040-09-30 04:00:00+00:00,42524.13806794038
2040-09-30 05:00:00+00:00,45351.19654047197
2040-09-30 06:00:00+00:00,46505.65246961295
2040-09-30 07:00:00+00:00,46147.3316521234
2040-09-30 08:00:00+00:00,45571.1180206079
2040-09-30 09:00:00+00:00,45401.83990022694
2040-09-30 10:00:00+00:00,45513.3963869633
2040-09-30 11:00:00+00:00,45865.54680628568
2040-09-30 12:00:00+00:00,45929.30074243033
2040-09-30 13:00:00+00:00,46180.65699349599
2040-09-30 14:00:00+00:00,46731.534342174884
2040-09-30 15:00:00+00:00,47767.160082673836
2040-09-30 16:00:00+00:00,47804.77923137951
2040-09-30 17:00:00+00:00,47088.779001083014
2040-09-30 18:00:00+00:00,46068.84652703463
2040-09-30 19:00:00+00:00,44268.86399076505
2040-09-30 20:00:00+00:00,41950.93960717028
2040-09-30 21:00:00+00:00,39960.1998262373
2040-09-30 22:00:00+00:00,38647.790228894315
2040-09-30 23:00:00+00:00,37916.21376466959
2040-10-01 00:00:00+00:00,37449.694264935824
2040-10-01 01:00:00+00:00,37594.61438047391
2040-10-01 02:00:00+00:00,38080.806605407706
2040-10-01 03:00:00+00:00,40083.296341072164
2040-10-01 04:00:00+00:00,42506.41563462089
2040-10-01 05:00:00+00:00,45139.74521524172
2040-10-01 06:00:00+00:00,46811.364130434435
2040-10-01 07:00:00+00:00,46807.32166924365
2040-10-01 08:00:00+00:00,46453.40157897228
2040-10-01 09:00:00+00:00,46226.52077230788
2040-10-01 10:00:00+00:00,46008.95338628317
2040-10-01 11:00:00+00:00,45872.210438307935
2040-10-01 12:00:00+00:00,45796.373947579275
2040-10-01 13:00:00+00:00,45858.761462137154
2040-10-01 14:00:00+00:00,46317.2995009833
2040-10-01 15:00:00+00:00,46953.57980402311
2040-10-01 16:00:00+00:00,46944.97421785377
2040-10-01 17:00:00+00:00,46210.98857107407
2040-10-01 18:00:00+00:00,45357.55861591256
2040-10-01 19:00:00+00:00,43646.04107227425
2040-10-01 20:00:00+00:00,41631.74202723423
2040-10-01 21:00:00+00:00,39704.0812631493
2040-10-01 22:00:00+00:00,38480.243060620385
2040-10-01 23:00:00+00:00,37429.911404496146
2040-10-02 00:00:00+00:00,36468.92716438658
2040-10-02 01:00:00+00:00,36389.41943296933
2040-10-02 02:00:00+00:00,37016.51165905714
2040-10-02 03:00:00+00:00,38608.55467477445
2040-10-02 04:00:00+00:00,40813.24600968189
2040-10-02 05:00:00+00:00,43781.85129707807
2040-10-02 06:00:00+00:00,45323.940029704354
2040-10-02 07:00:00+00:00,45551.252907088674
2040-10-02 08:00:00+00:00,45138.358750481384
2040-10-02 09:00:00+00:00,44784.41252520479
2040-10-02 10:00:00+00:00,44355.825879834454
2040-10-02 11:00:00+00:00,44213.11703172507
2040-10-02 12:00:00+00:00,44303.27489726963
2040-10-02 13:00:00+00:00,44653.177405581955
2040-10-02 14:00:00+00:00,45436.65669109041
2040-10-02 15:00:00+00:00,46035.325078439695
2040-10-02 16:00:00+00:00,46172.196480654486
2040-10-02 17:00:00+00:00,45498.84509060336
2040-10-02 18:00:00+00:00,44544.2884274222
2040-10-02 19:00:00+00:00,43104.97902193647
2040-10-02 20:00:00+00:00,41249.472695518765
2040-10-02 21:00:00+00:00,39434.1456247995
2040-10-02 22:00:00+00:00,38214.64623974199
2040-10-02 23:00:00+00:00,37237.46033869968
2040-10-03 00:00:00+00:00,35457.39696254011
2040-10-03 01:00:00+00:00,35188.9545526658
2040-10-03 02:00:00+00:00,35301.185100387665
2040-10-03 03:00:00+00:00,36174.61658454705
2040-10-03 04:00:00+00:00,38286.48006987708
2040-10-03 05:00:00+00:00,41545.956100539894
2040-10-03 06:00:00+00:00,42877.55239599764
2040-10-03 07:00:00+00:00,42185.99797980185
2040-10-03 08:00:00+00:00,41410.96831998979
2040-10-03 09:00:00+00:00,40858.108018401894
2040-10-03 10:00:00+00:00,40927.8683228947
2040-10-03 11:00:00+00:00,41160.79413733455
2040-10-03 12:00:00+00:00,41360.37904574676
2040-10-03 13:00:00+00:00,41210.30516209214
2040-10-03 14:00:00+00:00,41175.0920825347
2040-10-03 15:00:00+00:00,41898.946060918795
2040-10-03 16:00:00+00:00,42564.764724609464
2040-10-03 17:00:00+00:00,42870.22916479455
2040-10-03 18:00:00+00:00,42358.11308595885
2040-10-03 19:00:00+00:00,40904.87953015643
2040-10-03 20:00:00+00:00,39547.02413691326
2040-10-03 21:00:00+00:00,37956.381757568684
2040-10-03 22:00:00+00:00,36685.9800803484
2040-10-03 23:00:00+00:00,35836.583356819894
2040-10-04 00:00:00+00:00,35421.74023409813
2040-10-04 01:00:00+00:00,35163.60535346885
2040-10-04 02:00:00+00:00,35308.29419405819
2040-10-04 03:00:00+00:00,35828.283735808734
2040-10-04 04:00:00+00:00,37274.53203359781
2040-10-04 05:00:00+00:00,39866.31162287084
2040-10-04 06:00:00+00:00,41881.36736501723
2040-10-04 07:00:00+00:00,42058.69047703804
2040-10-04 08:00:00+00:00,41404.553355867916
2040-10-04 09:00:00+00:00,40913.21423551038
2040-10-04 10:00:00+00:00,40347.761454267034
2040-10-04 11:00:00+00:00,40217.27001731251
2040-10-04 12:00:00+00:00,40260.11190160931
2040-10-04 13:00:00+00:00,40046.83626304892
2040-10-04 14:00:00+00:00,40023.220299573644
2040-10-04 15:00:00+00:00,40985.670846124696
2040-10-04 16:00:00+00:00,41723.22054334496
2040-10-04 17:00:00+00:00,41991.24285650026
2040-10-04 18:00:00+00:00,41562.6778015577
2040-10-04 19:00:00+00:00,40133.52927887505
2040-10-04 20:00:00+00:00,38868.96569367752
2040-10-04 21:00:00+00:00,37649.93884612599
2040-10-04 22:00:00+00:00,36619.44718477885
2040-10-04 23:00:00+00:00,35699.28286585633
2040-10-05 00:00:00+00:00,35911.95838895047
2040-10-05 01:00:00+00:00,35669.60528984236
2040-10-05 02:00:00+00:00,35815.27334381797
2040-10-05 03:00:00+00:00,36282.13113178613
2040-10-05 04:00:00+00:00,36925.230867797654
2040-10-05 05:00:00+00:00,37990.26425707357
2040-10-05 06:00:00+00:00,38970.187598431716
2040-10-05 07:00:00+00:00,39228.24959441407
2040-10-05 08:00:00+00:00,39218.08974649841
2040-10-05 09:00:00+00:00,39007.3115282987
2040-10-05 10:00:00+00:00,38776.82726160596
2040-10-05 11:00:00+00:00,38796.24065157913
2040-10-05 12:00:00+00:00,38892.35119058916
2040-10-05 13:00:00+00:00,38742.66356372273
2040-10-05 14:00:00+00:00,38955.94304284732
2040-10-05 15:00:00+00:00,39841.42160253848
2040-10-05 16:00:00+00:00,41135.56856992799
2040-10-05 17:00:00+00:00,41882.85914976654
2040-10-05 18:00:00+00:00,41496.51867737746
2040-10-05 19:00:00+00:00,40096.96067444939
2040-10-05 20:00:00+00:00,39033.98594864472
2040-10-05 21:00:00+00:00,37496.11199642833
2040-10-05 22:00:00+00:00,36482.4236613105
2040-10-05 23:00:00+00:00,35866.62409687584
2040-10-06 00:00:00+00:00,35654.0812156119
2040-10-06 01:00:00+00:00,35565.308929204344
2040-10-06 02:00:00+00:00,36104.006953516495
2040-10-06 03:00:00+00:00,37549.26047680224
2040-10-06 04:00:00+00:00,39007.899004506384
2040-10-06 05:00:00+00:00,39870.70056012043
2040-10-06 06:00:00+00:00,40061.61852732463
2040-10-06 07:00:00+00:00,39665.92718334018
2040-10-06 08:00:00+00:00,39414.21728652046
2040-10-06 09:00:00+00:00,39370.345533149724
2040-10-06 10:00:00+00:00,39392.08993254807
2040-10-06 11:00:00+00:00,39436.2732605874
2040-10-06 12:00:00+00:00,39464.5787929217
2040-10-06 13:00:00+00:00,39579.09363837632
2040-10-06 14:00:00+00:00,39954.62369665629
2040-10-06 15:00:00+00:00,40838.43920819154
2040-10-06 16:00:00+00:00,41998.00102781171
2040-10-06 17:00:00+00:00,42456.07734454146
2040-10-06 18:00:00+00:00,42006.76582230576
2040-10-06 19:00:00+00:00,40514.89890976136
2040-10-06 20:00:00+00:00,39032.95993648282
2040-10-06 21:00:00+00:00,37457.679858199626
2040-10-06 22:00:00+00:00,36352.58433854323
2040-10-06 23:00:00+00:00,35847.69832078157
2040-10-07 00:00:00+00:00,34691.80067945032
2040-10-07 01:00:00+00:00,34621.2666078592
2040-10-07 02:00:00+00:00,34986.456975215864
2040-10-07 03:00:00+00:00,36331.46941775971
2040-10-07 04:00:00+00:00,38618.94485214985
2040-10-07 05:00:00+00:00,41625.16502719649
2040-10-07 06:00:00+00:00,43316.07686281212
2040-10-07 07:00:00+00:00,42602.89649015998
2040-10-07 08:00:00+00:00,41523.089015489204
2040-10-07 09:00:00+00:00,41054.19645251836
2040-10-07 10:00:00+00:00,40845.47793070794
2040-10-07 11:00:00+00:00,40753.64742072366
2040-10-07 12:00:00+00:00,40919.65142585707
2040-10-07 13:00:00+00:00,41158.77856001835
2040-10-07 14:00:00+00:00,41518.91399008283
2040-10-07 15:00:00+00:00,42349.23863770715
2040-10-07 16:00:00+00:00,43203.661973865135
2040-10-07 17:00:00+00:00,43045.07104518498
2040-10-07 18:00:00+00:00,41936.218361693725
2040-10-07 19:00:00+00:00,40496.96653066837
2040-10-07 20:00:00+00:00,39076.77346723275
2040-10-07 21:00:00+00:00,37574.109526510256
2040-10-07 22:00:00+00:00,36376.77669255754
2040-10-07 23:00:00+00:00,35552.571552778754
2040-10-08 00:00:00+00:00,35607.85216274688
2040-10-08 01:00:00+00:00,35418.14451309886
2040-10-08 02:00:00+00:00,35904.05959069133
2040-10-08 03:00:00+00:00,36935.365550450995
2040-10-08 04:00:00+00:00,39241.66719738603
2040-10-08 05:00:00+00:00,42276.46591134107
2040-10-08 06:00:00+00:00,43986.58744055508
2040-10-08 07:00:00+00:00,43824.060189725125
2040-10-08 08:00:00+00:00,42620.69542804144
2040-10-08 09:00:00+00:00,41876.71478007913
2040-10-08 10:00:00+00:00,41572.029566015386
2040-10-08 11:00:00+00:00,41802.97170461123
2040-10-08 12:00:00+00:00,41791.28610904698
2040-10-08 13:00:00+00:00,42074.52491423753
2040-10-08 14:00:00+00:00,42632.27883097978
2040-10-08 15:00:00+00:00,43198.21263631771
2040-10-08 16:00:00+00:00,43565.220640840475
2040-10-08 17:00:00+00:00,43574.55788828779
2040-10-08 18:00:00+00:00,42642.71845082904
2040-10-08 19:00:00+00:00,41341.300842564255
2040-10-08 20:00:00+00:00,39785.23450976592
2040-10-08 21:00:00+00:00,38100.82552550883
2040-10-08 22:00:00+00:00,36963.073524282576
2040-10-08 23:00:00+00:00,36058.952616063405
2040-10-09 00:00:00+00:00,37601.08504808139
2040-10-09 01:00:00+00:00,37803.40875219064
2040-10-09 02:00:00+00:00,38823.73425092634
2040-10-09 03:00:00+00:00,40981.59850424033
2040-10-09 04:00:00+00:00,43651.43057394192
2040-10-09 05:00:00+00:00,46292.24501451987
2040-10-09 06:00:00+00:00,47821.637703713546
2040-10-09 07:00:00+00:00,47436.036468206636
2040-10-09 08:00:00+00:00,46346.66046093492
2040-10-09 09:00:00+00:00,45943.51747529165
2040-10-09 10:00:00+00:00,45901.05597951047
2040-10-09 11:00:00+00:00,45841.70509531234
2040-10-09 12:00:00+00:00,46319.519215738226
2040-10-09 13:00:00+00:00,46547.327939972805
2040-10-09 14:00:00+00:00,47209.328681985
2040-10-09 15:00:00+00:00,48512.800767567715
2040-10-09 16:00:00+00:00,48573.75246092898
2040-10-09 17:00:00+00:00,47841.94809662766
2040-10-09 18:00:00+00:00,46420.02317299669
2040-10-09 19:00:00+00:00,44460.359824438034
2040-10-09 20:00:00+00:00,42388.86673386732
2040-10-09 21:00:00+00:00,40436.55946990962
2040-10-09 22:00:00+00:00,39046.360933722724
2040-10-09 23:00:00+00:00,38130.03498879268
2040-10-10 00:00:00+00:00,37443.0657331019
2040-10-10 01:00:00+00:00,37375.222407500194
2040-10-10 02:00:00+00:00,38696.50651183533
2040-10-10 03:00:00+00:00,41000.36568513354
2040-10-10 04:00:00+00:00,43365.26089981866
2040-10-10 05:00:00+00:00,46009.28331345004
2040-10-10 06:00:00+00:00,47510.26688419346
2040-10-10 07:00:00+00:00,47560.261666378276
2040-10-10 08:00:00+00:00,46487.48074900495
2040-10-10 09:00:00+00:00,46041.20165088608
2040-10-10 10:00:00+00:00,46001.74107137944
2040-10-10 11:00:00+00:00,46055.645461649896
2040-10-10 12:00:00+00:00,45888.237719273544
2040-10-10 13:00:00+00:00,46022.17004420522
2040-10-10 14:00:00+00:00,46646.43467158629
2040-10-10 15:00:00+00:00,47289.12929325486
2040-10-10 16:00:00+00:00,47938.1673733831
2040-10-10 17:00:00+00:00,47793.67604890183
2040-10-10 18:00:00+00:00,46619.25415468433
2040-10-10 19:00:00+00:00,44944.62364756255
2040-10-10 20:00:00+00:00,42736.453117137055
2040-10-10 21:00:00+00:00,40946.106224859235
2040-10-10 22:00:00+00:00,39351.0515758743
2040-10-10 23:00:00+00:00,38487.98924657436
2040-10-11 00:00:00+00:00,38338.43869819862
2040-10-11 01:00:00+00:00,38527.79402785093
2040-10-11 02:00:00+00:00,39333.827036728515
2040-10-11 03:00:00+00:00,41102.29863731432
2040-10-11 04:00:00+00:00,42724.23669877929
2040-10-11 05:00:00+00:00,45000.59077534568
2040-10-11 06:00:00+00:00,47177.973376809365
2040-10-11 07:00:00+00:00,47407.24065228889
2040-10-11 08:00:00+00:00,46760.4284188248
2040-10-11 09:00:00+00:00,46028.45309116402
2040-10-11 10:00:00+00:00,45521.7345755223
2040-10-11 11:00:00+00:00,45240.82682050312
2040-10-11 12:00:00+00:00,45193.41478834769
2040-10-11 13:00:00+00:00,45108.567293016014
2040-10-11 14:00:00+00:00,45246.94574469802
2040-10-11 15:00:00+00:00,46071.917334817066
2040-10-11 16:00:00+00:00,46821.460120420954
2040-10-11 17:00:00+00:00,47272.860117287964
2040-10-11 18:00:00+00:00,46342.99955630448
2040-10-11 19:00:00+00:00,44517.11484636536
2040-10-11 20:00:00+00:00,42612.499559653515
2040-10-11 21:00:00+00:00,40809.52897948581
2040-10-11 22:00:00+00:00,39571.67577536478
2040-10-11 23:00:00+00:00,38588.01040658831
2040-10-12 00:00:00+00:00,38065.149899671786
2040-10-12 01:00:00+00:00,38120.7314661987
2040-10-12 02:00:00+00:00,38912.052346316195
2040-10-12 03:00:00+00:00,40253.5171310814
2040-10-12 04:00:00+00:00,41204.246560209016
2040-10-12 05:00:00+00:00,41710.86423748751
2040-10-12 06:00:00+00:00,42805.46834309883
2040-10-12 07:00:00+00:00,43311.92667460524
2040-10-12 08:00:00+00:00,43461.87305094738
2040-10-12 09:00:00+00:00,43440.513028758825
2040-10-12 10:00:00+00:00,43487.526989650505
2040-10-12 11:00:00+00:00,43360.12357196521
2040-10-12 12:00:00+00:00,43328.161943380284
2040-10-12 13:00:00+00:00,43256.46732369465
2040-10-12 14:00:00+00:00,43647.56838196535
2040-10-12 15:00:00+00:00,44971.890271598866
2040-10-12 16:00:00+00:00,46416.87499789589
2040-10-12 17:00:00+00:00,46475.15113359831
2040-10-12 18:00:00+00:00,45303.505431357524
2040-10-12 19:00:00+00:00,43559.21621761257
2040-10-12 20:00:00+00:00,41546.92367344779
2040-10-12 21:00:00+00:00,39922.60931222731
2040-10-12 22:00:00+00:00,38631.24841129256
2040-10-12 23:00:00+00:00,37859.82257669572
2040-10-13 00:00:00+00:00,36957.06582439083
2040-10-13 01:00:00+00:00,36977.97030675746
2040-10-13 02:00:00+00:00,37636.724793121
2040-10-13 03:00:00+00:00,39505.97025306177
2040-10-13 04:00:00+00:00,40932.535046110934
2040-10-13 05:00:00+00:00,41973.72066839895
2040-10-13 06:00:00+00:00,42327.62921858975
2040-10-13 07:00:00+00:00,41958.85870084661
2040-10-13 08:00:00+00:00,41706.89335517935
2040-10-13 09:00:00+00:00,41684.58757120156
2040-10-13 10:00:00+00:00,41592.36772580639
2040-10-13 11:00:00+00:00,41690.6929587344
2040-10-13 12:00:00+00:00,41545.457602716044
2040-10-13 13:00:00+00:00,41556.00880412201
2040-10-13 14:00:00+00:00,42525.33766761277
2040-10-13 15:00:00+00:00,43475.73651531862
2040-10-13 16:00:00+00:00,44708.200432161895
2040-10-13 17:00:00+00:00,44741.4935958405
2040-10-13 18:00:00+00:00,43747.966035290505
2040-10-13 19:00:00+00:00,42214.33203352487
2040-10-13 20:00:00+00:00,40610.78760288053
2040-10-13 21:00:00+00:00,38952.69036378368
2040-10-13 22:00:00+00:00,37645.99724561479
2040-10-13 23:00:00+00:00,36945.37934133413
2040-10-14 00:00:00+00:00,36777.90681233155
2040-10-14 01:00:00+00:00,36861.796187411506
2040-10-14 02:00:00+00:00,37834.06748666418
2040-10-14 03:00:00+00:00,40335.10632816596
2040-10-14 04:00:00+00:00,42930.38366247703
2040-10-14 05:00:00+00:00,45783.22420227463
2040-10-14 06:00:00+00:00,47542.756755091454
2040-10-14 07:00:00+00:00,47579.22224277589
2040-10-14 08:00:00+00:00,46906.837179856586
2040-10-14 09:00:00+00:00,46495.0678406409
2040-10-14 10:00:00+00:00,46372.939630613524
2040-10-14 11:00:00+00:00,46216.28617539054
2040-10-14 12:00:00+00:00,46243.69926644931
2040-10-14 13:00:00+00:00,45598.00077659859
2040-10-14 14:00:00+00:00,45518.97872045843
2040-10-14 15:00:00+00:00,46560.43851872035
2040-10-14 16:00:00+00:00,47342.16823066057
2040-10-14 17:00:00+00:00,47473.22778507836
2040-10-14 18:00:00+00:00,46303.3300847615
2040-10-14 19:00:00+00:00,44652.06138765587
2040-10-14 20:00:00+00:00,42484.54318942224
2040-10-14 21:00:00+00:00,40273.54415190312
2040-10-14 22:00:00+00:00,38860.19341640927
2040-10-14 23:00:00+00:00,38206.513199072215
2040-10-15 00:00:00+00:00,37470.92458609824
2040-10-15 01:00:00+00:00,37411.265384729966
2040-10-15 02:00:00+00:00,38185.60749019188
2040-10-15 03:00:00+00:00,40420.13447644493
2040-10-15 04:00:00+00:00,42974.870271050444
2040-10-15 05:00:00+00:00,46040.68974917142
2040-10-15 06:00:00+00:00,47717.08052629279
2040-10-15 07:00:00+00:00,46927.49790792109
2040-10-15 08:00:00+00:00,45587.84201911298
2040-10-15 09:00:00+00:00,44542.204491808196
2040-10-15 10:00:00+00:00,44115.88974637067
2040-10-15 11:00:00+00:00,43963.70120793993
2040-10-15 12:00:00+00:00,43908.32515405465
2040-10-15 13:00:00+00:00,44272.58095786619
2040-10-15 14:00:00+00:00,44930.53713498382
2040-10-15 15:00:00+00:00,46182.29513122699
2040-10-15 16:00:00+00:00,47334.89357194248
2040-10-15 17:00:00+00:00,47605.64741129175
2040-10-15 18:00:00+00:00,46313.720645625006
2040-10-15 19:00:00+00:00,44290.680093201205
2040-10-15 20:00:00+00:00,42278.60741834447
2040-10-15 21:00:00+00:00,40218.780131330306
2040-10-15 22:00:00+00:00,38800.61437047743
2040-10-15 23:00:00+00:00,37933.02348989457
2040-10-16 00:00:00+00:00,36446.04450896489
2040-10-16 01:00:00+00:00,36532.518569844615
2040-10-16 02:00:00+00:00,36961.59193341017
2040-10-16 03:00:00+00:00,38249.03769500544
2040-10-16 04:00:00+00:00,40626.75237959158
2040-10-16 05:00:00+00:00,43560.51957081425
2040-10-16 06:00:00+00:00,45349.593205384066
2040-10-16 07:00:00+00:00,45104.65828515678
2040-10-16 08:00:00+00:00,43967.04560507161
2040-10-16 09:00:00+00:00,42931.855465293746
2040-10-16 10:00:00+00:00,42671.27654117848
2040-10-16 11:00:00+00:00,42879.84697639301
2040-10-16 12:00:00+00:00,43441.10101344967
2040-10-16 13:00:00+00:00,43600.387125447174
2040-10-16 14:00:00+00:00,44063.551969063425
2040-10-16 15:00:00+00:00,45212.01547631011
2040-10-16 16:00:00+00:00,45743.1807255229
2040-10-16 17:00:00+00:00,45531.80938458636
2040-10-16 18:00:00+00:00,44339.408460662766
2040-10-16 19:00:00+00:00,42564.08497021869
2040-10-16 20:00:00+00:00,40848.20828063914
2040-10-16 21:00:00+00:00,39106.3245766795
2040-10-16 22:00:00+00:00,37845.68740873524
2040-10-16 23:00:00+00:00,37033.18929670402
2040-10-17 00:00:00+00:00,37127.34718326018
2040-10-17 01:00:00+00:00,37120.154206842
2040-10-17 02:00:00+00:00,37729.483127217674
2040-10-17 03:00:00+00:00,39503.043154276274
2040-10-17 04:00:00+00:00,41760.3646250226
2040-10-17 05:00:00+00:00,44516.65152185897
2040-10-17 06:00:00+00:00,46204.64287039422
2040-10-17 07:00:00+00:00,46286.41691761535
2040-10-17 08:00:00+00:00,45941.56518755102
2040-10-17 09:00:00+00:00,45506.2781951145
2040-10-17 10:00:00+00:00,45224.388727137644
2040-10-17 11:00:00+00:00,45327.66248622502
2040-10-17 12:00:00+00:00,45063.8927881217
2040-10-17 13:00:00+00:00,45193.32504527868
2040-10-17 14:00:00+00:00,45357.032146477715
2040-10-17 15:00:00+00:00,46422.994387800005
2040-10-17 16:00:00+00:00,47094.10812538036
2040-10-17 17:00:00+00:00,46618.698604970334
2040-10-17 18:00:00+00:00,45184.270261711434
2040-10-17 19:00:00+00:00,43311.80514384738
2040-10-17 20:00:00+00:00,41532.53698460437
2040-10-17 21:00:00+00:00,39971.4664499317
2040-10-17 22:00:00+00:00,38422.935663353055
2040-10-17 23:00:00+00:00,37506.037465769645
2040-10-18 00:00:00+00:00,36254.12520204003
2040-10-18 01:00:00+00:00,36072.334352802274
2040-10-18 02:00:00+00:00,36451.40127995353
2040-10-18 03:00:00+00:00,37288.00999518066
2040-10-18 04:00:00+00:00,38690.181859311335
2040-10-18 05:00:00+00:00,41007.5880333821
2040-10-18 06:00:00+00:00,43506.35734210612
2040-10-18 07:00:00+00:00,44561.492881991246
2040-10-18 08:00:00+00:00,44680.00230915162
2040-10-18 09:00:00+00:00,44238.40861436271
2040-10-18 10:00:00+00:00,43557.76291953125
2040-10-18 11:00:00+00:00,43189.03025233738
2040-10-18 12:00:00+00:00,42936.380354304376
2040-10-18 13:00:00+00:00,43161.9588282512
2040-10-18 14:00:00+00:00,43111.33249936729
2040-10-18 15:00:00+00:00,44005.798956403356
2040-10-18 16:00:00+00:00,44447.3350756779
2040-10-18 17:00:00+00:00,44006.149157120984
2040-10-18 18:00:00+00:00,42941.59770464483
2040-10-18 19:00:00+00:00,41480.685468259086
2040-10-18 20:00:00+00:00,39846.86330023354
2040-10-18 21:00:00+00:00,38565.43630905271
2040-10-18 22:00:00+00:00,37493.96250835579
2040-10-18 23:00:00+00:00,36494.94976226157
2040-10-19 00:00:00+00:00,34988.49403851669
2040-10-19 01:00:00+00:00,34692.184059646046
2040-10-19 02:00:00+00:00,34572.33080285932
2040-10-19 03:00:00+00:00,34684.465453687095
2040-10-19 04:00:00+00:00,35130.65872661397
2040-10-19 05:00:00+00:00,36172.80232859413
2040-10-19 06:00:00+00:00,37533.61281829154
2040-10-19 07:00:00+00:00,38946.59404942072
2040-10-19 08:00:00+00:00,39484.4060214808
2040-10-19 09:00:00+00:00,39524.077359755516
2040-10-19 10:00:00+00:00,39392.31178864645
2040-10-19 11:00:00+00:00,39271.755060268566
2040-10-19 12:00:00+00:00,39389.93462462005
2040-10-19 13:00:00+00:00,39315.261848594935
2040-10-19 14:00:00+00:00,39633.02294454581
2040-10-19 15:00:00+00:00,40270.63847464973
2040-10-19 16:00:00+00:00,41285.450988929806
2040-10-19 17:00:00+00:00,41071.01690174576
2040-10-19 18:00:00+00:00,40159.66316505334
2040-10-19 19:00:00+00:00,38788.55125462346
2040-10-19 20:00:00+00:00,37829.44625432612
2040-10-19 21:00:00+00:00,36797.78632984475
2040-10-19 22:00:00+00:00,36130.10084699868
2040-10-19 23:00:00+00:00,35397.551434122135
2040-10-20 00:00:00+00:00,34631.928007967836
2040-10-20 01:00:00+00:00,34309.28242152387
2040-10-20 02:00:00+00:00,34411.355080870235
2040-10-20 03:00:00+00:00,35140.98953678919
2040-10-20 04:00:00+00:00,36257.702377721864
2040-10-20 05:00:00+00:00,37393.99213063615
2040-10-20 06:00:00+00:00,38019.84128002067
2040-10-20 07:00:00+00:00,38527.56115319512
2040-10-20 08:00:00+00:00,38653.67878904032
2040-10-20 09:00:00+00:00,38614.29767089674
2040-10-20 10:00:00+00:00,38735.0538216524
2040-10-20 11:00:00+00:00,38535.8139199189
2040-10-20 12:00:00+00:00,38314.53294192143
2040-10-20 13:00:00+00:00,38966.9087594041
2040-10-20 14:00:00+00:00,40021.137345527015
2040-10-20 15:00:00+00:00,41507.0551893722
2040-10-20 16:00:00+00:00,42204.06386104396
2040-10-20 17:00:00+00:00,41312.93166563071
2040-10-20 18:00:00+00:00,40123.09525568812
2040-10-20 19:00:00+00:00,38958.18770955137
2040-10-20 20:00:00+00:00,37940.39028205852
2040-10-20 21:00:00+00:00,37079.23716204123
2040-10-20 22:00:00+00:00,36137.21236676386
2040-10-20 23:00:00+00:00,35328.153270415656
2040-10-21 00:00:00+00:00,34786.56437993002
2040-10-21 01:00:00+00:00,34732.97526151996
2040-10-21 02:00:00+00:00,34770.99228701153
2040-10-21 03:00:00+00:00,35754.184736907126
2040-10-21 04:00:00+00:00,37992.61733648033
2040-10-21 05:00:00+00:00,40790.29963945367
2040-10-21 06:00:00+00:00,42868.63487829376
2040-10-21 07:00:00+00:00,43453.228330303646
2040-10-21 08:00:00+00:00,43098.26418769814
2040-10-21 09:00:00+00:00,42940.00813559859
2040-10-21 10:00:00+00:00,42741.262376230814
2040-10-21 11:00:00+00:00,42395.06318958191
2040-10-21 12:00:00+00:00,42094.55462529514
2040-10-21 13:00:00+00:00,42279.65206398585
2040-10-21 14:00:00+00:00,42933.81962156361
2040-10-21 15:00:00+00:00,44089.63667663565
2040-10-21 16:00:00+00:00,44078.43486945271
2040-10-21 17:00:00+00:00,42969.46727773177
2040-10-21 18:00:00+00:00,41552.09356401832
2040-10-21 19:00:00+00:00,40274.708662590005
2040-10-21 20:00:00+00:00,38963.03075419565
2040-10-21 21:00:00+00:00,37555.45144266099
2040-10-21 22:00:00+00:00,36337.15818193912
2040-10-21 23:00:00+00:00,35555.51135198582
2040-10-22 00:00:00+00:00,35192.441693770874
2040-10-22 01:00:00+00:00,35017.08345104703
2040-10-22 02:00:00+00:00,35116.93641994595
2040-10-22 03:00:00+00:00,35877.00716961067
2040-10-22 04:00:00+00:00,38112.41435598044
2040-10-22 05:00:00+00:00,41200.774366433085
2040-10-22 06:00:00+00:00,43325.14239957724
2040-10-22 07:00:00+00:00,43040.165524524564
2040-10-22 08:00:00+00:00,41784.29118428696
2040-10-22 09:00:00+00:00,41257.88082629981
2040-10-22 10:00:00+00:00,40883.195450812615
2040-10-22 11:00:00+00:00,41120.36046073577
2040-10-22 12:00:00+00:00,41080.78586674009
2040-10-22 13:00:00+00:00,41129.56836499012
2040-10-22 14:00:00+00:00,41536.413287183634
2040-10-22 15:00:00+00:00,42828.117644288024
2040-10-22 16:00:00+00:00,43670.86934593238
2040-10-22 17:00:00+00:00,43314.567188368535
2040-10-22 18:00:00+00:00,42069.33553048035
2040-10-22 19:00:00+00:00,40682.70317280956
2040-10-22 20:00:00+00:00,39269.160137337974
2040-10-22 21:00:00+00:00,37858.314810833595
2040-10-22 22:00:00+00:00,36561.711997458355
2040-10-22 23:00:00+00:00,35664.4999774178
2040-10-23 00:00:00+00:00,36805.28411319504
2040-10-23 01:00:00+00:00,36701.514472587776
2040-10-23 02:00:00+00:00,37242.0073269056
2040-10-23 03:00:00+00:00,39030.959636432024
2040-10-23 04:00:00+00:00,41327.639515376715
2040-10-23 05:00:00+00:00,44308.31754730132
2040-10-23 06:00:00+00:00,46215.50321947506
2040-10-23 07:00:00+00:00,46165.66198660594
2040-10-23 08:00:00+00:00,45193.24325730617
2040-10-23 09:00:00+00:00,44432.15600188615
2040-10-23 10:00:00+00:00,44066.80401628321
2040-10-23 11:00:00+00:00,43883.032979182004
2040-10-23 12:00:00+00:00,44101.462588627735
2040-10-23 13:00:00+00:00,44146.53131522288
2040-10-23 14:00:00+00:00,44714.96688641814
2040-10-23 15:00:00+00:00,45826.27599530049
2040-10-23 16:00:00+00:00,46596.74751778246
2040-10-23 17:00:00+00:00,46299.208361530866
2040-10-23 18:00:00+00:00,44880.19068454769
2040-10-23 19:00:00+00:00,43227.55617719521
2040-10-23 20:00:00+00:00,41321.772004127175
2040-10-23 21:00:00+00:00,39529.91934619196
2040-10-23 22:00:00+00:00,38268.571718994746
2040-10-23 23:00:00+00:00,37327.271990606656
2040-10-24 00:00:00+00:00,35736.081105627396
2040-10-24 01:00:00+00:00,35649.241451511785
2040-10-24 02:00:00+00:00,35890.355843291865
2040-10-24 03:00:00+00:00,36815.59924415518
2040-10-24 04:00:00+00:00,39049.079205500326
2040-10-24 05:00:00+00:00,42155.41378173928
2040-10-24 06:00:00+00:00,44000.28263915046
2040-10-24 07:00:00+00:00,43965.84443500257
2040-10-24 08:00:00+00:00,42854.15401029521
2040-10-24 09:00:00+00:00,42194.2606643037
2040-10-24 10:00:00+00:00,41909.547679120566
2040-10-24 11:00:00+00:00,41830.832258284725
2040-10-24 12:00:00+00:00,41976.70064188589
2040-10-24 13:00:00+00:00,41985.75822967025
2040-10-24 14:00:00+00:00,42265.369057462296
2040-10-24 15:00:00+00:00,43384.045985363475
2040-10-24 16:00:00+00:00,44881.533557377385
2040-10-24 17:00:00+00:00,44702.131869420824
2040-10-24 18:00:00+00:00,43314.44207081411
2040-10-24 19:00:00+00:00,41719.23240503165
2040-10-24 20:00:00+00:00,40020.66698005371
2040-10-24 21:00:00+00:00,38590.876651550505
2040-10-24 22:00:00+00:00,37362.68861304577
2040-10-24 23:00:00+00:00,36357.382099336646
2040-10-25 00:00:00+00:00,35393.96171364466
2040-10-25 01:00:00+00:00,35261.01723511515
2040-10-25 02:00:00+00:00,34931.32521979422
2040-10-25 03:00:00+00:00,35316.92394266898
2040-10-25 04:00:00+00:00,36823.860234709864
2040-10-25 05:00:00+00:00,39189.645646323705
2040-10-25 06:00:00+00:00,41712.52825747439
2040-10-25 07:00:00+00:00,42684.09874391737
2040-10-25 08:00:00+00:00,42081.73546550698
2040-10-25 09:00:00+00:00,41331.41902196471
2040-10-25 10:00:00+00:00,40886.969028067906
2040-10-25 11:00:00+00:00,40839.08834501148
2040-10-25 12:00:00+00:00,40614.20694705517
2040-10-25 13:00:00+00:00,40229.70116483436
2040-10-25 14:00:00+00:00,40485.602527736446
2040-10-25 15:00:00+00:00,41515.18831532138
2040-10-25 16:00:00+00:00,42536.046270970066
2040-10-25 17:00:00+00:00,42223.28749753957
2040-10-25 18:00:00+00:00,40961.49026612565
2040-10-25 19:00:00+00:00,39759.2156148268
2040-10-25 20:00:00+00:00,38467.0740311757
2040-10-25 21:00:00+00:00,37303.47130520061
2040-10-25 22:00:00+00:00,36242.61581836847
2040-10-25 23:00:00+00:00,35397.99062954224
2040-10-26 00:00:00+00:00,35020.46599135105
2040-10-26 01:00:00+00:00,34701.68599135104
2040-10-26 02:00:00+00:00,34527.55449840838
2040-10-26 03:00:00+00:00,34640.28189451416
2040-10-26 04:00:00+00:00,35282.07341220047
2040-10-26 05:00:00+00:00,36336.763309928974
2040-10-26 06:00:00+00:00,37555.44848202702
2040-10-26 07:00:00+00:00,38599.66417017857
2040-10-26 08:00:00+00:00,38581.64038492598
2040-10-26 09:00:00+00:00,38537.19806803642
2040-10-26 10:00:00+00:00,38435.04566918392
2040-10-26 11:00:00+00:00,38431.499747701906
2040-10-26 12:00:00+00:00,38393.4313278528
2040-10-26 13:00:00+00:00,38389.044340088025
2040-10-26 14:00:00+00:00,38781.81310281527
2040-10-26 15:00:00+00:00,40206.452226333364
2040-10-26 16:00:00+00:00,41593.767839972425
2040-10-26 17:00:00+00:00,41728.374001235876
2040-10-26 18:00:00+00:00,40670.05303783544
2040-10-26 19:00:00+00:00,39393.007801137726
2040-10-26 20:00:00+00:00,38233.52524992461
2040-10-26 21:00:00+00:00,37175.92478149219
2040-10-26 22:00:00+00:00,36026.44444142529
2040-10-26 23:00:00+00:00,35352.264849450476
2040-10-27 00:00:00+00:00,34996.89464128723
2040-10-27 01:00:00+00:00,34676.49647730394
2040-10-27 02:00:00+00:00,34808.03641841781
2040-10-27 03:00:00+00:00,35054.88207407994
2040-10-27 04:00:00+00:00,36070.58224377114
2040-10-27 05:00:00+00:00,37454.03811804948
2040-10-27 06:00:00+00:00,38503.45890047419
2040-10-27 07:00:00+00:00,39078.157326611596
2040-10-27 08:00:00+00:00,38971.056689930236
2040-10-27 09:00:00+00:00,38783.75029631054
2040-10-27 10:00:00+00:00,38693.10245913179
2040-10-27 11:00:00+00:00,38865.63043013503
2040-10-27 12:00:00+00:00,38902.930355188146
2040-10-27 13:00:00+00:00,38896.771457025556
2040-10-27 14:00:00+00:00,39214.94700060883
2040-10-27 15:00:00+00:00,40182.55323098384
2040-10-27 16:00:00+00:00,42365.35988477396
2040-10-27 17:00:00+00:00,42961.26364742992
2040-10-27 18:00:00+00:00,41671.876911138796
2040-10-27 19:00:00+00:00,40437.05276063278
2040-10-27 20:00:00+00:00,39421.68906825413
2040-10-27 21:00:00+00:00,38280.31725558667
2040-10-27 22:00:00+00:00,37221.26728165869
2040-10-27 23:00:00+00:00,35968.64761868893
2040-10-28 00:00:00+00:00,37005.930680561636
2040-10-28 01:00:00+00:00,37019.64388279118
2040-10-28 02:00:00+00:00,37068.71004260824
2040-10-28 03:00:00+00:00,37907.333629951274
2040-10-28 04:00:00+00:00,40166.304190684954
2040-10-28 05:00:00+00:00,42893.73002412193
2040-10-28 06:00:00+00:00,45601.94505991775
2040-10-28 07:00:00+00:00,46654.24895053551
2040-10-28 08:00:00+00:00,46571.40822497608
2040-10-28 09:00:00+00:00,46011.57257266233
2040-10-28 10:00:00+00:00,45905.47216506105
2040-10-28 11:00:00+00:00,45818.98599039691
2040-10-28 12:00:00+00:00,45863.45701861663
2040-10-28 13:00:00+00:00,46084.0752846401
2040-10-28 14:00:00+00:00,46451.710578151775
2040-10-28 15:00:00+00:00,47511.56522203845
2040-10-28 16:00:00+00:00,48914.91924203008
2040-10-28 17:00:00+00:00,48823.00746791094
2040-10-28 18:00:00+00:00,47158.53746492479
2040-10-28 19:00:00+00:00,45411.23513179245
2040-10-28 20:00:00+00:00,43645.44367884347
2040-10-28 21:00:00+00:00,41744.848755715975
2040-10-28 22:00:00+00:00,39723.617647057144
2040-10-28 23:00:00+00:00,38453.872231377645
2040-10-29 00:00:00+00:00,38045.31814070939
2040-10-29 01:00:00+00:00,37690.61625854308
2040-10-29 02:00:00+00:00,37891.1156873126
2040-10-29 03:00:00+00:00,38980.35416811912
2040-10-29 04:00:00+00:00,41136.37418622517
2040-10-29 05:00:00+00:00,43818.25383824381
2040-10-29 06:00:00+00:00,46419.49686797369
2040-10-29 07:00:00+00:00,47812.83050216222
2040-10-29 08:00:00+00:00,47838.50742781043
2040-10-29 09:00:00+00:00,47394.15056808839
2040-10-29 10:00:00+00:00,47080.82176536319
2040-10-29 11:00:00+00:00,46980.611188729534
2040-10-29 12:00:00+00:00,46996.15444864282
2040-10-29 13:00:00+00:00,47137.58934633072
2040-10-29 14:00:00+00:00,47506.55440540027
2040-10-29 15:00:00+00:00,48394.41860727401
2040-10-29 16:00:00+00:00,49680.59755303305
2040-10-29 17:00:00+00:00,49559.754850565034
2040-10-29 18:00:00+00:00,48012.497583601
2040-10-29 19:00:00+00:00,46352.8610504578
2040-10-29 20:00:00+00:00,44571.73571577269
2040-10-29 21:00:00+00:00,42655.17182434987
2040-10-29 22:00:00+00:00,40580.31519224481
2040-10-29 23:00:00+00:00,38944.59249601935
2040-10-30 00:00:00+00:00,37835.03252036018
2040-10-30 01:00:00+00:00,37425.98936035621
2040-10-30 02:00:00+00:00,37460.587791730184
2040-10-30 03:00:00+00:00,38269.21689115974
2040-10-30 04:00:00+00:00,40157.753538341174
2040-10-30 05:00:00+00:00,42867.29025662992
2040-10-30 06:00:00+00:00,45372.153401696036
2040-10-30 07:00:00+00:00,46858.917490063744
2040-10-30 08:00:00+00:00,46769.63057002604
2040-10-30 09:00:00+00:00,45985.90476284249
2040-10-30 10:00:00+00:00,45694.25408073126
2040-10-30 11:00:00+00:00,45542.89699634357
2040-10-30 12:00:00+00:00,45631.353234802606
2040-10-30 13:00:00+00:00,46117.403982017815
2040-10-30 14:00:00+00:00,46746.464637224155
2040-10-30 15:00:00+00:00,47721.22789330038
2040-10-30 16:00:00+00:00,48979.619735935514
2040-10-30 17:00:00+00:00,48791.848056370225
2040-10-30 18:00:00+00:00,47083.28420818867
2040-10-30 19:00:00+00:00,45499.04290375109
2040-10-30 20:00:00+00:00,43860.0735281952
2040-10-30 21:00:00+00:00,41998.17718135948
2040-10-30 22:00:00+00:00,39924.30438153919
2040-10-30 23:00:00+00:00,38616.05053291658
2040-10-31 00:00:00+00:00,37396.144195607776
2040-10-31 01:00:00+00:00,37088.30303130451
2040-10-31 02:00:00+00:00,37157.30223997131
2040-10-31 03:00:00+00:00,37805.86911476432
2040-10-31 04:00:00+00:00,39384.30107974112
2040-10-31 05:00:00+00:00,41705.45609105904
2040-10-31 06:00:00+00:00,44424.29957199862
2040-10-31 07:00:00+00:00,45895.081215004815
2040-10-31 08:00:00+00:00,45972.12987671318
2040-10-31 09:00:00+00:00,45669.246084383354
2040-10-31 10:00:00+00:00,45355.599828909566
2040-10-31 11:00:00+00:00,45345.6727383485
2040-10-31 12:00:00+00:00,45427.19148019369
2040-10-31 13:00:00+00:00,45949.61516041429
2040-10-31 14:00:00+00:00,46359.75834918854
2040-10-31 15:00:00+00:00,47045.60282175349
2040-10-31 16:00:00+00:00,48207.509104009594
2040-10-31 17:00:00+00:00,48327.437097919224
2040-10-31 18:00:00+00:00,46806.54109206606
2040-10-31 19:00:00+00:00,45382.80404856424
2040-10-31 20:00:00+00:00,43577.52753647817
2040-10-31 21:00:00+00:00,41787.517903259715
2040-10-31 22:00:00+00:00,40111.88415239243
2040-10-31 23:00:00+00:00,38670.0373958618
2040-11-01 00:00:00+00:00,38077.96190098322
2040-11-01 01:00:00+00:00,37694.20041197
2040-11-01 02:00:00+00:00,37673.04501791026
2040-11-01 03:00:00+00:00,38378.10867714534
2040-11-01 04:00:00+00:00,39527.708128874634
2040-11-01 05:00:00+00:00,41191.71268673037
2040-11-01 06:00:00+00:00,43575.68775908827
2040-11-01 07:00:00+00:00,45655.11044320418
2040-11-01 08:00:00+00:00,46985.82901875858
2040-11-01 09:00:00+00:00,47339.233831957215
2040-11-01 10:00:00+00:00,47395.16821239758
2040-11-01 11:00:00+00:00,47460.65510131774
2040-11-01 12:00:00+00:00,47055.595012331134
2040-11-01 13:00:00+00:00,46990.748762965384
2040-11-01 14:00:00+00:00,46962.57640127554
2040-11-01 15:00:00+00:00,47046.384512848235
2040-11-01 16:00:00+00:00,47830.595150023575
2040-11-01 17:00:00+00:00,47496.46103020632
2040-11-01 18:00:00+00:00,46089.19677567087
2040-11-01 19:00:00+00:00,44816.52158948109
2040-11-01 20:00:00+00:00,43215.24024201095
2040-11-01 21:00:00+00:00,41395.653469940306
2040-11-01 22:00:00+00:00,39809.66497378762
2040-11-01 23:00:00+00:00,38635.003332712564
2040-11-02 00:00:00+00:00,38492.80735484581
2040-11-02 01:00:00+00:00,38077.909667517255
2040-11-02 02:00:00+00:00,38064.941124330966
2040-11-02 03:00:00+00:00,38643.80503649124
2040-11-02 04:00:00+00:00,39702.08647964388
2040-11-02 05:00:00+00:00,40592.841946071625
2040-11-02 06:00:00+00:00,41502.05590337314
2040-11-02 07:00:00+00:00,42159.67734634938
2040-11-02 08:00:00+00:00,42743.523503034354
2040-11-02 09:00:00+00:00,43182.20372824455
2040-11-02 10:00:00+00:00,43128.799823605776
2040-11-02 11:00:00+00:00,43107.928382519916
2040-11-02 12:00:00+00:00,43145.063691026146
2040-11-02 13:00:00+00:00,43423.69019873729
2040-11-02 14:00:00+00:00,43598.40543612746
2040-11-02 15:00:00+00:00,44390.11843871687
2040-11-02 16:00:00+00:00,46235.35187288608
2040-11-02 17:00:00+00:00,47108.82024925715
2040-11-02 18:00:00+00:00,46013.39004621068
2040-11-02 19:00:00+00:00,44725.63101109421
2040-11-02 20:00:00+00:00,43106.654619795525
2040-11-02 21:00:00+00:00,41474.830431969516
2040-11-02 22:00:00+00:00,39764.42295636465
2040-11-02 23:00:00+00:00,38671.6448928305
2040-11-03 00:00:00+00:00,38475.0765270846
2040-11-03 01:00:00+00:00,38128.62117789784
2040-11-03 02:00:00+00:00,38311.193015575904
2040-11-03 03:00:00+00:00,39355.86918862713
2040-11-03 04:00:00+00:00,41548.98250389256
2040-11-03 05:00:00+00:00,43235.982419823886
2040-11-03 06:00:00+00:00,44186.23780939187
2040-11-03 07:00:00+00:00,43945.20677651234
2040-11-03 08:00:00+00:00,43615.76744661134
2040-11-03 09:00:00+00:00,43375.03270143164
2040-11-03 10:00:00+00:00,42971.73873766604
2040-11-03 11:00:00+00:00,43030.971500661035
2040-11-03 12:00:00+00:00,43134.250238427136
2040-11-03 13:00:00+00:00,43343.03774638398
2040-11-03 14:00:00+00:00,43813.694875586734
2040-11-03 15:00:00+00:00,45200.993701584164
2040-11-03 16:00:00+00:00,47305.41163721125
2040-11-03 17:00:00+00:00,48095.76403412936
2040-11-03 18:00:00+00:00,46534.73914575061
2040-11-03 19:00:00+00:00,45587.45109694517
2040-11-03 20:00:00+00:00,43876.96334413705
2040-11-03 21:00:00+00:00,41989.69463450489
2040-11-03 22:00:00+00:00,40003.47282322014
2040-11-03 23:00:00+00:00,38850.573693787504
2040-11-04 00:00:00+00:00,38836.294847854646
2040-11-04 01:00:00+00:00,38488.205667194175
2040-11-04 02:00:00+00:00,38860.904483008446
2040-11-04 03:00:00+00:00,40221.22204889048
2040-11-04 04:00:00+00:00,42932.7599897385
2040-11-04 05:00:00+00:00,46074.26499851446
2040-11-04 06:00:00+00:00,48891.88153972168
2040-11-04 07:00:00+00:00,50177.8138656949
2040-11-04 08:00:00+00:00,49461.187424897165
2040-11-04 09:00:00+00:00,48145.41017127515
2040-11-04 10:00:00+00:00,47370.38293915086
2040-11-04 11:00:00+00:00,47024.57783439955
2040-11-04 12:00:00+00:00,46805.11436907156
2040-11-04 13:00:00+00:00,47086.45953548802
2040-11-04 14:00:00+00:00,47800.35442161871
2040-11-04 15:00:00+00:00,49401.78398661489
2040-11-04 16:00:00+00:00,51629.07391228192
2040-11-04 17:00:00+00:00,51777.50193300453
2040-11-04 18:00:00+00:00,50024.04914508593
2040-11-04 19:00:00+00:00,48418.38390884017
2040-11-04 20:00:00+00:00,46456.96764707233
2040-11-04 21:00:00+00:00,44331.658998635496
2040-11-04 22:00:00+00:00,41858.075949450045
2040-11-04 23:00:00+00:00,40304.05536579154
2040-11-05 00:00:00+00:00,38321.915907509094
2040-11-05 01:00:00+00:00,37961.362623129055
2040-11-05 02:00:00+00:00,37974.44054395907
2040-11-05 03:00:00+00:00,38901.07219687614
2040-11-05 04:00:00+00:00,41011.63145532236
2040-11-05 05:00:00+00:00,43885.93596620739
2040-11-05 06:00:00+00:00,47102.944107357995
2040-11-05 07:00:00+00:00,48228.484161070606
2040-11-05 08:00:00+00:00,47515.38857130025
2040-11-05 09:00:00+00:00,46256.030094096706
2040-11-05 10:00:00+00:00,45478.54110475887
2040-11-05 11:00:00+00:00,45125.63038779101
2040-11-05 12:00:00+00:00,45210.090444934
2040-11-05 13:00:00+00:00,45431.74497102306
2040-11-05 14:00:00+00:00,46241.445907988025
2040-11-05 15:00:00+00:00,48039.705211389395
2040-11-05 16:00:00+00:00,50065.97458470258
2040-11-05 17:00:00+00:00,49989.73022834598
2040-11-05 18:00:00+00:00,48385.6118953821
2040-11-05 19:00:00+00:00,46791.51768002838
2040-11-05 20:00:00+00:00,44969.30362944831
2040-11-05 21:00:00+00:00,42892.41938070041
2040-11-05 22:00:00+00:00,40761.58976875751
2040-11-05 23:00:00+00:00,39323.94584962077
2040-11-06 00:00:00+00:00,37824.01034535454
2040-11-06 01:00:00+00:00,37434.60271844431
2040-11-06 02:00:00+00:00,37444.57741788942
2040-11-06 03:00:00+00:00,37891.239012801976
2040-11-06 04:00:00+00:00,39729.37253452657
2040-11-06 05:00:00+00:00,42255.5575651079
2040-11-06 06:00:00+00:00,45136.118029712634
2040-11-06 07:00:00+00:00,46905.11659585485
2040-11-06 08:00:00+00:00,47316.884053678354
2040-11-06 09:00:00+00:00,46832.72704315865
2040-11-06 10:00:00+00:00,46480.10420667401
2040-11-06 11:00:00+00:00,46399.952587332824
2040-11-06 12:00:00+00:00,46425.21091209283
2040-11-06 13:00:00+00:00,46454.09379006503
2040-11-06 14:00:00+00:00,46949.30493614089
2040-11-06 15:00:00+00:00,47963.55155962781
2040-11-06 16:00:00+00:00,49254.76939162625
2040-11-06 17:00:00+00:00,48933.729654510535
2040-11-06 18:00:00+00:00,47340.85917089809
2040-11-06 19:00:00+00:00,45622.33342227789
2040-11-06 20:00:00+00:00,43818.7397708716
2040-11-06 21:00:00+00:00,41981.504610899465
2040-11-06 22:00:00+00:00,40039.27655650553
2040-11-06 23:00:00+00:00,38607.180512495535
2040-11-07 00:00:00+00:00,38886.11325126212
2040-11-07 01:00:00+00:00,38545.84496406723
2040-11-07 02:00:00+00:00,38657.51804303784
2040-11-07 03:00:00+00:00,39577.0999716224
2040-11-07 04:00:00+00:00,42031.033229714936
2040-11-07 05:00:00+00:00,44845.68930507135
2040-11-07 06:00:00+00:00,47594.118213469395
2040-11-07 07:00:00+00:00,49215.51351361042
2040-11-07 08:00:00+00:00,49781.970604431575
2040-11-07 09:00:00+00:00,49516.05135156827
2040-11-07 10:00:00+00:00,49439.06626514511
2040-11-07 11:00:00+00:00,49693.19631727669
2040-11-07 12:00:00+00:00,49443.6817715113
2040-11-07 13:00:00+00:00,49844.594725492185
2040-11-07 14:00:00+00:00,50280.096933643086
2040-11-07 15:00:00+00:00,50853.1395249278
2040-11-07 16:00:00+00:00,51798.294734155716
2040-11-07 17:00:00+00:00,51464.09103719248
2040-11-07 18:00:00+00:00,49943.88958539257
2040-11-07 19:00:00+00:00,48365.5921125713
2040-11-07 20:00:00+00:00,46448.56612990277
2040-11-07 21:00:00+00:00,44295.61344291785
2040-11-07 22:00:00+00:00,42092.17405501256
2040-11-07 23:00:00+00:00,40713.66602608649
2040-11-08 00:00:00+00:00,39888.20525444977
2040-11-08 01:00:00+00:00,39328.77505127853
2040-11-08 02:00:00+00:00,39375.133514834946
2040-11-08 03:00:00+00:00,40317.434308061805
2040-11-08 04:00:00+00:00,42006.25568378535
2040-11-08 05:00:00+00:00,43976.56289211323
2040-11-08 06:00:00+00:00,46265.80775496669
2040-11-08 07:00:00+00:00,48841.95131845385
2040-11-08 08:00:00+00:00,50019.080866140685
2040-11-08 09:00:00+00:00,50121.762107374176
2040-11-08 10:00:00+00:00,49868.93885900497
2040-11-08 11:00:00+00:00,49782.60692551127
2040-11-08 12:00:00+00:00,49837.37643906578
2040-11-08 13:00:00+00:00,49925.48806015966
2040-11-08 14:00:00+00:00,50048.59009519221
2040-11-08 15:00:00+00:00,50314.386017543955
2040-11-08 16:00:00+00:00,51244.771925869565
2040-11-08 17:00:00+00:00,51050.76199992477
2040-11-08 18:00:00+00:00,49528.757260411025
2040-11-08 19:00:00+00:00,47920.295278325524
2040-11-08 20:00:00+00:00,46050.93817615868
2040-11-08 21:00:00+00:00,43858.52375682798
2040-11-08 22:00:00+00:00,41925.19399253643
2040-11-08 23:00:00+00:00,40547.068276691636
2040-11-09 00:00:00+00:00,40635.25638711882
2040-11-09 01:00:00+00:00,40108.141978235624
2040-11-09 02:00:00+00:00,40193.628193422075
2040-11-09 03:00:00+00:00,41241.81687271866
2040-11-09 04:00:00+00:00,43001.88954730542
2040-11-09 05:00:00+00:00,43993.47277601221
2040-11-09 06:00:00+00:00,44626.13704892202
2040-11-09 07:00:00+00:00,45773.8955278989
2040-11-09 08:00:00+00:00,47245.563162716986
2040-11-09 09:00:00+00:00,48009.87380453861
2040-11-09 10:00:00+00:00,48224.78349881009
2040-11-09 11:00:00+00:00,48255.773357522296
2040-11-09 12:00:00+00:00,48157.627349820694
2040-11-09 13:00:00+00:00,48229.23374565185
2040-11-09 14:00:00+00:00,48273.220494064546
2040-11-09 15:00:00+00:00,48890.85012877675
2040-11-09 16:00:00+00:00,50145.87194508669
2040-11-09 17:00:00+00:00,50414.76201985197
2040-11-09 18:00:00+00:00,49092.43055734
2040-11-09 19:00:00+00:00,47684.95060399127
2040-11-09 20:00:00+00:00,45771.25597804667
2040-11-09 21:00:00+00:00,43707.12666190792
2040-11-09 22:00:00+00:00,41587.62856557181
2040-11-09 23:00:00+00:00,40115.0094136276
2040-11-10 00:00:00+00:00,39522.51603318604
2040-11-10 01:00:00+00:00,39122.52835760875
2040-11-10 02:00:00+00:00,39329.4471392293
2040-11-10 03:00:00+00:00,40567.84959248618
2040-11-10 04:00:00+00:00,43263.67113983145
2040-11-10 05:00:00+00:00,45102.63955503807
2040-11-10 06:00:00+00:00,45910.89808261757
2040-11-10 07:00:00+00:00,46029.11909240805
2040-11-10 08:00:00+00:00,46318.260897304746
2040-11-10 09:00:00+00:00,46257.77166603314
2040-11-10 10:00:00+00:00,46168.157946032996
2040-11-10 11:00:00+00:00,46385.15600334103
2040-11-10 12:00:00+00:00,46373.13352992688
2040-11-10 13:00:00+00:00,46533.91665605692
2040-11-10 14:00:00+00:00,47030.31417024835
2040-11-10 15:00:00+00:00,48052.31938195727
2040-11-10 16:00:00+00:00,49585.52896226221
2040-11-10 17:00:00+00:00,49728.005199786
2040-11-10 18:00:00+00:00,48287.509622795675
2040-11-10 19:00:00+00:00,47007.60211015302
2040-11-10 20:00:00+00:00,45203.28341113817
2040-11-10 21:00:00+00:00,43237.50479292224
2040-11-10 22:00:00+00:00,41146.49859217254
2040-11-10 23:00:00+00:00,39791.824122225575
2040-11-11 00:00:00+00:00,38634.6483103247
2040-11-11 01:00:00+00:00,38299.6040396084
2040-11-11 02:00:00+00:00,38498.73552316016
2040-11-11 03:00:00+00:00,39707.35013482503
2040-11-11 04:00:00+00:00,42869.58710858818
2040-11-11 05:00:00+00:00,45678.18920159744
2040-11-11 06:00:00+00:00,48493.95308663865
2040-11-11 07:00:00+00:00,50127.414685267875
2040-11-11 08:00:00+00:00,49606.97242675201
2040-11-11 09:00:00+00:00,48323.48249092331
2040-11-11 10:00:00+00:00,47790.06275775476
2040-11-11 11:00:00+00:00,47552.75561517886
2040-11-11 12:00:00+00:00,47795.46856434304
2040-11-11 13:00:00+00:00,48228.245857643524
2040-11-11 14:00:00+00:00,48888.31443106596
2040-11-11 15:00:00+00:00,49972.22611454383
2040-11-11 16:00:00+00:00,52272.980343111536
2040-11-11 17:00:00+00:00,51738.767693371236
2040-11-11 18:00:00+00:00,49975.02109914554
2040-11-11 19:00:00+00:00,48320.56552931238
2040-11-11 20:00:00+00:00,46402.92329056389
2040-11-11 21:00:00+00:00,44289.31817876747
2040-11-11 22:00:00+00:00,41808.38091641858
2040-11-11 23:00:00+00:00,40294.59583841887
2040-11-12 00:00:00+00:00,40190.65949429083
2040-11-12 01:00:00+00:00,39823.54412408409
2040-11-12 02:00:00+00:00,40087.14633301687
2040-11-12 03:00:00+00:00,41534.54521495687
2040-11-12 04:00:00+00:00,44336.46375580529
2040-11-12 05:00:00+00:00,47528.69974046333
2040-11-12 06:00:00+00:00,50386.59416872835
2040-11-12 07:00:00+00:00,51973.439268230715
2040-11-12 08:00:00+00:00,51336.09852616837
2040-11-12 09:00:00+00:00,50386.779278663336
2040-11-12 10:00:00+00:00,49433.69629307203
2040-11-12 11:00:00+00:00,48650.6325402349
2040-11-12 12:00:00+00:00,48381.62169196045
2040-11-12 13:00:00+00:00,48878.705078334875
2040-11-12 14:00:00+00:00,49761.377968013214
2040-11-12 15:00:00+00:00,50994.45970014359
2040-11-12 16:00:00+00:00,53098.84235957937
2040-11-12 17:00:00+00:00,53102.58382472488
2040-11-12 18:00:00+00:00,51437.64282247913
2040-11-12 19:00:00+00:00,49706.8836160508
2040-11-12 20:00:00+00:00,47608.086026381454
2040-11-12 21:00:00+00:00,45137.65043542642
2040-11-12 22:00:00+00:00,42642.89955806658
2040-11-12 23:00:00+00:00,40971.954954069064
2040-11-13 00:00:00+00:00,40181.04216130289
2040-11-13 01:00:00+00:00,39845.973787738985
2040-11-13 02:00:00+00:00,40048.672233901976
2040-11-13 03:00:00+00:00,41364.27057726073
2040-11-13 04:00:00+00:00,44240.51698106071
2040-11-13 05:00:00+00:00,47183.11350989238
2040-11-13 06:00:00+00:00,49907.22206205885
2040-11-13 07:00:00+00:00,51530.37755941153
2040-11-13 08:00:00+00:00,51238.572151957706
2040-11-13 09:00:00+00:00,50487.1384668986
2040-11-13 10:00:00+00:00,49756.126056079185
2040-11-13 11:00:00+00:00,49726.10339697999
2040-11-13 12:00:00+00:00,49790.06793875792
2040-11-13 13:00:00+00:00,49972.42954266888
2040-11-13 14:00:00+00:00,50381.17815761159
2040-11-13 15:00:00+00:00,51707.68329347946
2040-11-13 16:00:00+00:00,53220.933535896766
2040-11-13 17:00:00+00:00,52835.67873197437
2040-11-13 18:00:00+00:00,51142.380833234216
2040-11-13 19:00:00+00:00,49593.205023139926
2040-11-13 20:00:00+00:00,47533.702828391135
2040-11-13 21:00:00+00:00,45140.89942620103
2040-11-13 22:00:00+00:00,42588.60019456211
2040-11-13 23:00:00+00:00,40941.036213309504
2040-11-14 00:00:00+00:00,40098.559848040706
2040-11-14 01:00:00+00:00,39794.603341025046
2040-11-14 02:00:00+00:00,40008.67942763255
2040-11-14 03:00:00+00:00,41266.536737808674
2040-11-14 04:00:00+00:00,44163.24665979401
2040-11-14 05:00:00+00:00,46992.940488956585
2040-11-14 06:00:00+00:00,49768.93174038497
2040-11-14 07:00:00+00:00,51101.063113329845
2040-11-14 08:00:00+00:00,51126.222424330685
2040-11-14 09:00:00+00:00,50532.469205113375
2040-11-14 10:00:00+00:00,50055.63688569438
2040-11-14 11:00:00+00:00,49969.19864374039
2040-11-14 12:00:00+00:00,50025.9196931236
2040-11-14 13:00:00+00:00,50241.290248580575
2040-11-14 14:00:00+00:00,50577.000093721945
2040-11-14 15:00:00+00:00,51489.67409927529
2040-11-14 16:00:00+00:00,52882.1590579007
2040-11-14 17:00:00+00:00,52832.547668493746
2040-11-14 18:00:00+00:00,51292.419957493694
2040-11-14 19:00:00+00:00,49686.80788752528
2040-11-14 20:00:00+00:00,47552.00633445852
2040-11-14 21:00:00+00:00,45022.44922331993
2040-11-14 22:00:00+00:00,42670.103303334065
2040-11-14 23:00:00+00:00,41206.69391985482
2040-11-15 00:00:00+00:00,41030.437975438326
2040-11-15 01:00:00+00:00,40519.33857196755
2040-11-15 02:00:00+00:00,41030.38001699678
2040-11-15 03:00:00+00:00,42479.74355654642
2040-11-15 04:00:00+00:00,44597.53801676079
2040-11-15 05:00:00+00:00,46765.658117024155
2040-11-15 06:00:00+00:00,48879.660210082664
2040-11-15 07:00:00+00:00,51037.23125379764
2040-11-15 08:00:00+00:00,51795.67714151305
2040-11-15 09:00:00+00:00,51739.546080302855
2040-11-15 10:00:00+00:00,51298.11550829469
2040-11-15 11:00:00+00:00,50876.66621931644
2040-11-15 12:00:00+00:00,50795.07746568333
2040-11-15 13:00:00+00:00,50983.4420699627
2040-11-15 14:00:00+00:00,51080.24040180968
2040-11-15 15:00:00+00:00,51784.36291142386
2040-11-15 16:00:00+00:00,53009.92970966347
2040-11-15 17:00:00+00:00,52843.16599097349
2040-11-15 18:00:00+00:00,51432.93101188561
2040-11-15 19:00:00+00:00,49809.05832146081
2040-11-15 20:00:00+00:00,47788.84353756342
2040-11-15 21:00:00+00:00,45383.12417699026
2040-11-15 22:00:00+00:00,43315.088868697785
2040-11-15 23:00:00+00:00,41866.59619706867
2040-11-16 00:00:00+00:00,40290.01525952576
2040-11-16 01:00:00+00:00,39831.60778569656
2040-11-16 02:00:00+00:00,39920.181380436785
2040-11-16 03:00:00+00:00,41103.19866819441
2040-11-16 04:00:00+00:00,42750.63653331858
2040-11-16 05:00:00+00:00,43808.73607572866
2040-11-16 06:00:00+00:00,44428.58883177919
2040-11-16 07:00:00+00:00,45618.487627773684
2040-11-16 08:00:00+00:00,46543.79800034963
2040-11-16 09:00:00+00:00,47273.18337011764
2040-11-16 10:00:00+00:00,47547.30613256253
2040-11-16 11:00:00+00:00,47499.37592213326
2040-11-16 12:00:00+00:00,47555.84570892068
2040-11-16 13:00:00+00:00,47736.07867612777
2040-11-16 14:00:00+00:00,47888.928277035455
2040-11-16 15:00:00+00:00,48792.53893481357
2040-11-16 16:00:00+00:00,49962.42019569787
2040-11-16 17:00:00+00:00,50023.06736098546
2040-11-16 18:00:00+00:00,48902.847365795154
2040-11-16 19:00:00+00:00,47492.03552006405
2040-11-16 20:00:00+00:00,45541.088509478854
2040-11-16 21:00:00+00:00,43376.438079126514
2040-11-16 22:00:00+00:00,41577.44057610844
2040-11-16 23:00:00+00:00,40344.340784232285
2040-11-17 00:00:00+00:00,40187.05649950596
2040-11-17 01:00:00+00:00,40069.68604315323
2040-11-17 02:00:00+00:00,40085.62789389432
2040-11-17 03:00:00+00:00,41416.15887379704
2040-11-17 04:00:00+00:00,44462.29394333234
2040-11-17 05:00:00+00:00,46365.6365555293
2040-11-17 06:00:00+00:00,47113.03730275055
2040-11-17 07:00:00+00:00,47211.738683968724
2040-11-17 08:00:00+00:00,47320.929112148304
2040-11-17 09:00:00+00:00,46937.81606529443
2040-11-17 10:00:00+00:00,46908.768315652356
2040-11-17 11:00:00+00:00,46920.38134582901
2040-11-17 12:00:00+00:00,46908.28191521136
2040-11-17 13:00:00+00:00,46991.66088429939
2040-11-17 14:00:00+00:00,47578.661468830804
2040-11-17 15:00:00+00:00,49121.350105757236
2040-11-17 16:00:00+00:00,51259.764549356616
2040-11-17 17:00:00+00:00,51320.89191684119
2040-11-17 18:00:00+00:00,49808.084511085384
2040-11-17 19:00:00+00:00,48407.895435437094
2040-11-17 20:00:00+00:00,46613.94646950631
2040-11-17 21:00:00+00:00,44212.94304520728
2040-11-17 22:00:00+00:00,41874.71151453531
2040-11-17 23:00:00+00:00,41013.88129580804
2040-11-18 00:00:00+00:00,40297.06924227306
2040-11-18 01:00:00+00:00,40015.45102433329
2040-11-18 02:00:00+00:00,40388.40892497158
2040-11-18 03:00:00+00:00,41734.41939459832
2040-11-18 04:00:00+00:00,44648.80865736233
2040-11-18 05:00:00+00:00,48185.109179977066
2040-11-18 06:00:00+00:00,50946.872394109385
2040-11-18 07:00:00+00:00,52395.69383864293
2040-11-18 08:00:00+00:00,51782.11074216908
2040-11-18 09:00:00+00:00,50960.925477488185
2040-11-18 10:00:00+00:00,49930.737268316654
2040-11-18 11:00:00+00:00,49516.38931636548
2040-11-18 12:00:00+00:00,49451.559731008776
2040-11-18 13:00:00+00:00,49708.582392521144
2040-11-18 14:00:00+00:00,51002.137201571706
2040-11-18 15:00:00+00:00,52543.613228554794
2040-11-18 16:00:00+00:00,54138.867125533245
2040-11-18 17:00:00+00:00,53701.63178906837
2040-11-18 18:00:00+00:00,51993.47140736295
2040-11-18 19:00:00+00:00,50196.11268549949
2040-11-18 20:00:00+00:00,48004.139654399194
2040-11-18 21:00:00+00:00,45456.83755476792
2040-11-18 22:00:00+00:00,42829.257196542
2040-11-18 23:00:00+00:00,41123.019266195595
2040-11-19 00:00:00+00:00,41883.81297066136
2040-11-19 01:00:00+00:00,41516.95960363615
2040-11-19 02:00:00+00:00,41866.63123428416
2040-11-19 03:00:00+00:00,43848.35257324143
2040-11-19 04:00:00+00:00,47716.35137852915
2040-11-19 05:00:00+00:00,51136.33216507294
2040-11-19 06:00:00+00:00,53939.59558287858
2040-11-19 07:00:00+00:00,55409.346843016036
2040-11-19 08:00:00+00:00,55619.97155026427
2040-11-19 09:00:00+00:00,54634.091410890294
2040-11-19 10:00:00+00:00,54438.797609279805
2040-11-19 11:00:00+00:00,54527.350278168284
2040-11-19 12:00:00+00:00,54241.45435728007
2040-11-19 13:00:00+00:00,53788.57394683374
2040-11-19 14:00:00+00:00,54341.22540307988
2040-11-19 15:00:00+00:00,55541.42577178874
2040-11-19 16:00:00+00:00,57107.47084163635
2040-11-19 17:00:00+00:00,56687.28580619629
2040-11-19 18:00:00+00:00,54888.81248258725
2040-11-19 19:00:00+00:00,53265.49124872638
2040-11-19 20:00:00+00:00,50938.406549472784
2040-11-19 21:00:00+00:00,48004.96822049495
2040-11-19 22:00:00+00:00,45083.07377799077
2040-11-19 23:00:00+00:00,43289.574544200455
2040-11-20 00:00:00+00:00,42872.626638087444
2040-11-20 01:00:00+00:00,42401.361192305565
2040-11-20 02:00:00+00:00,42885.51723325367
2040-11-20 03:00:00+00:00,44739.69330370704
2040-11-20 04:00:00+00:00,48342.63503525188
2040-11-20 05:00:00+00:00,51448.155744914126
2040-11-20 06:00:00+00:00,54365.145196269375
2040-11-20 07:00:00+00:00,56336.54515877145
2040-11-20 08:00:00+00:00,56722.17675825393
2040-11-20 09:00:00+00:00,56369.20859828348
2040-11-20 10:00:00+00:00,55899.33424355567
2040-11-20 11:00:00+00:00,55925.20371800706
2040-11-20 12:00:00+00:00,55926.49021362422
2040-11-20 13:00:00+00:00,55972.87942845591
2040-11-20 14:00:00+00:00,55500.10870996432
2040-11-20 15:00:00+00:00,56662.341406141706
2040-11-20 16:00:00+00:00,58501.91420976284
2040-11-20 17:00:00+00:00,57870.3478516865
2040-11-20 18:00:00+00:00,56174.24647682206
2040-11-20 19:00:00+00:00,54264.82562135318
2040-11-20 20:00:00+00:00,51776.58604279248
2040-11-20 21:00:00+00:00,48963.39328908627
2040-11-20 22:00:00+00:00,45885.12042049088
2040-11-20 23:00:00+00:00,44127.0796669898
2040-11-21 00:00:00+00:00,42598.54765016884
2040-11-21 01:00:00+00:00,42207.218552466795
2040-11-21 02:00:00+00:00,42673.80349849885
2040-11-21 03:00:00+00:00,44234.23741894967
2040-11-21 04:00:00+00:00,47488.68537585399
2040-11-21 05:00:00+00:00,50711.2632165442
2040-11-21 06:00:00+00:00,53403.250584345806
2040-11-21 07:00:00+00:00,55211.53112359045
2040-11-21 08:00:00+00:00,55172.70355267334
2040-11-21 09:00:00+00:00,54078.81791318191
2040-11-21 10:00:00+00:00,53631.85188492631
2040-11-21 11:00:00+00:00,53727.14030556278
2040-11-21 12:00:00+00:00,53753.7559370682
2040-11-21 13:00:00+00:00,53797.851972653334
2040-11-21 14:00:00+00:00,54287.78647045584
2040-11-21 15:00:00+00:00,55356.4703873867
2040-11-21 16:00:00+00:00,57049.62698112476
2040-11-21 17:00:00+00:00,56658.78432907317
2040-11-21 18:00:00+00:00,55129.6688547951
2040-11-21 19:00:00+00:00,53417.38515607477
2040-11-21 20:00:00+00:00,51094.92754261344
2040-11-21 21:00:00+00:00,48310.91295114775
2040-11-21 22:00:00+00:00,45508.042888808915
2040-11-21 23:00:00+00:00,43868.31687136466
2040-11-22 00:00:00+00:00,42432.323543556784
2040-11-22 01:00:00+00:00,42210.16714413301
2040-11-22 02:00:00+00:00,42460.830790696855
2040-11-22 03:00:00+00:00,44020.80369841489
2040-11-22 04:00:00+00:00,46449.351101091284
2040-11-22 05:00:00+00:00,48355.980963623544
2040-11-22 06:00:00+00:00,50705.68021622739
2040-11-22 07:00:00+00:00,53333.139762864244
2040-11-22 08:00:00+00:00,54358.995956134386
2040-11-22 09:00:00+00:00,54087.152786593186
2040-11-22 10:00:00+00:00,53594.86166772553
2040-11-22 11:00:00+00:00,53136.49667656919
2040-11-22 12:00:00+00:00,53309.56815650382
2040-11-22 13:00:00+00:00,53646.38485287445
2040-11-22 14:00:00+00:00,53849.06287005673
2040-11-22 15:00:00+00:00,54277.60168572232
2040-11-22 16:00:00+00:00,55230.73570134653
2040-11-22 17:00:00+00:00,54669.99340741161
2040-11-22 18:00:00+00:00,53166.12703973214
2040-11-22 19:00:00+00:00,51476.179669741854
2040-11-22 20:00:00+00:00,49672.44230730473
2040-11-22 21:00:00+00:00,47019.51805434405
2040-11-22 22:00:00+00:00,44426.846616657334
2040-11-22 23:00:00+00:00,42785.89875607178
2040-11-23 00:00:00+00:00,41523.618244792786
2040-11-23 01:00:00+00:00,41374.13187298452
2040-11-23 02:00:00+00:00,41401.69559199407
2040-11-23 03:00:00+00:00,42802.63624602406
2040-11-23 04:00:00+00:00,44606.43552314306
2040-11-23 05:00:00+00:00,45651.27749483172
2040-11-23 06:00:00+00:00,46559.86708437615
2040-11-23 07:00:00+00:00,47830.90397263344
2040-11-23 08:00:00+00:00,49171.325568813496
2040-11-23 09:00:00+00:00,49974.26831467484
2040-11-23 10:00:00+00:00,49787.533312031774
2040-11-23 11:00:00+00:00,49745.39475554591
2040-11-23 12:00:00+00:00,49950.82438604506
2040-11-23 13:00:00+00:00,50011.16194032503
2040-11-23 14:00:00+00:00,50292.21352639981
2040-11-23 15:00:00+00:00,51251.30580067715
2040-11-23 16:00:00+00:00,52363.95717733382
2040-11-23 17:00:00+00:00,52247.72965205451
2040-11-23 18:00:00+00:00,51140.867558963066
2040-11-23 19:00:00+00:00,49860.33754266909
2040-11-23 20:00:00+00:00,47821.53026337007
2040-11-23 21:00:00+00:00,45493.58571374314
2040-11-23 22:00:00+00:00,43383.76862238529
2040-11-23 23:00:00+00:00,41720.14061645845
2040-11-24 00:00:00+00:00,41545.69915848981
2040-11-24 01:00:00+00:00,41142.29177205795
2040-11-24 02:00:00+00:00,41278.039955736385
2040-11-24 03:00:00+00:00,42720.434884885886
2040-11-24 04:00:00+00:00,45710.83474794325
2040-11-24 05:00:00+00:00,47624.0458875513
2040-11-24 06:00:00+00:00,48614.668741268644
2040-11-24 07:00:00+00:00,48777.32719576949
2040-11-24 08:00:00+00:00,48524.42378512219
2040-11-24 09:00:00+00:00,48064.99902869928
2040-11-24 10:00:00+00:00,47614.87281982796
2040-11-24 11:00:00+00:00,47433.184971166156
2040-11-24 12:00:00+00:00,47349.74701720038
2040-11-24 13:00:00+00:00,47646.983176093614
2040-11-24 14:00:00+00:00,48453.37916706414
2040-11-24 15:00:00+00:00,50002.864130254144
2040-11-24 16:00:00+00:00,51635.989835568726
2040-11-24 17:00:00+00:00,51551.083394975925
2040-11-24 18:00:00+00:00,50298.59661460678
2040-11-24 19:00:00+00:00,48865.70735060309
2040-11-24 20:00:00+00:00,46929.38184758838
2040-11-24 21:00:00+00:00,44721.126059487746
2040-11-24 22:00:00+00:00,42465.97914246271
2040-11-24 23:00:00+00:00,40904.67995615791
2040-11-25 00:00:00+00:00,40295.46032257722
2040-11-25 01:00:00+00:00,40075.20915963208
2040-11-25 02:00:00+00:00,40382.29682872241
2040-11-25 03:00:00+00:00,42067.05075928198
2040-11-25 04:00:00+00:00,45404.18177593186
2040-11-25 05:00:00+00:00,48472.27013187169
2040-11-25 06:00:00+00:00,51262.654701900545
2040-11-25 07:00:00+00:00,52915.792984183405
2040-11-25 08:00:00+00:00,52611.69839358595
2040-11-25 09:00:00+00:00,52689.26716834006
2040-11-25 10:00:00+00:00,52481.31611478798
2040-11-25 11:00:00+00:00,52302.12673830873
2040-11-25 12:00:00+00:00,52044.970752572284
2040-11-25 13:00:00+00:00,52193.17626210721
2040-11-25 14:00:00+00:00,52697.92786017521
2040-11-25 15:00:00+00:00,53620.094812786614
2040-11-25 16:00:00+00:00,54880.95024439057
2040-11-25 17:00:00+00:00,54252.814478919194
2040-11-25 18:00:00+00:00,52566.14010928889
2040-11-25 19:00:00+00:00,50798.885030571844
2040-11-25 20:00:00+00:00,48655.72583114869
2040-11-25 21:00:00+00:00,46016.11992095679
2040-11-25 22:00:00+00:00,43499.5008702764
2040-11-25 23:00:00+00:00,41850.27247756337
2040-11-26 00:00:00+00:00,40746.45391112978
2040-11-26 01:00:00+00:00,40216.17673996456
2040-11-26 02:00:00+00:00,40490.89089747827
2040-11-26 03:00:00+00:00,41737.749234771705
2040-11-26 04:00:00+00:00,44821.16870554056
2040-11-26 05:00:00+00:00,47979.34021970969
2040-11-26 06:00:00+00:00,50885.55774875498
2040-11-26 07:00:00+00:00,52875.18263564829
2040-11-26 08:00:00+00:00,52080.41305184591
2040-11-26 09:00:00+00:00,51088.358622768574
2040-11-26 10:00:00+00:00,50214.98999420501
2040-11-26 11:00:00+00:00,49901.89728052453
2040-11-26 12:00:00+00:00,49776.745705127294
2040-11-26 13:00:00+00:00,50325.38084491213
2040-11-26 14:00:00+00:00,51337.23778912424
2040-11-26 15:00:00+00:00,52776.532009420655
2040-11-26 16:00:00+00:00,54118.0845303933
2040-11-26 17:00:00+00:00,53512.82684764425
2040-11-26 18:00:00+00:00,51911.96643949092
2040-11-26 19:00:00+00:00,50296.741876843764
2040-11-26 20:00:00+00:00,48180.93198069663
2040-11-26 21:00:00+00:00,45760.37279530635
2040-11-26 22:00:00+00:00,43153.18293231893
2040-11-26 23:00:00+00:00,41501.748838992666
2040-11-27 00:00:00+00:00,40073.66083407438
2040-11-27 01:00:00+00:00,39427.457574712455
2040-11-27 02:00:00+00:00,39516.06811346521
2040-11-27 03:00:00+00:00,40505.940637674954
2040-11-27 04:00:00+00:00,43096.42378765276
2040-11-27 05:00:00+00:00,46018.332009639926
2040-11-27 06:00:00+00:00,48894.75859850507
2040-11-27 07:00:00+00:00,51040.1921798193
2040-11-27 08:00:00+00:00,51659.23715311926
2040-11-27 09:00:00+00:00,51451.81256351437
2040-11-27 10:00:00+00:00,51192.69518972275
2040-11-27 11:00:00+00:00,51113.214318275524
2040-11-27 12:00:00+00:00,51267.66607363329
2040-11-27 13:00:00+00:00,51477.08608831761
2040-11-27 14:00:00+00:00,51794.448298399286
2040-11-27 15:00:00+00:00,52553.01458199806
2040-11-27 16:00:00+00:00,53423.80161351408
2040-11-27 17:00:00+00:00,52764.25326478829
2040-11-27 18:00:00+00:00,51028.610628225906
2040-11-27 19:00:00+00:00,49426.9052105469
2040-11-27 20:00:00+00:00,47401.384795403195
2040-11-27 21:00:00+00:00,45140.37986571137
2040-11-27 22:00:00+00:00,42883.34641113061
2040-11-27 23:00:00+00:00,41285.45389961515
2040-11-28 00:00:00+00:00,41137.25166978773
2040-11-28 01:00:00+00:00,40590.48338158558
2040-11-28 02:00:00+00:00,40787.9924426861
2040-11-28 03:00:00+00:00,42075.6058444403
2040-11-28 04:00:00+00:00,44568.80830156115
2040-11-28 05:00:00+00:00,47556.90947726278
2040-11-28 06:00:00+00:00,50183.12386182663
2040-11-28 07:00:00+00:00,52142.03590671666
2040-11-28 08:00:00+00:00,51816.992727325865
2040-11-28 09:00:00+00:00,50529.65877852198
2040-11-28 10:00:00+00:00,50005.395944251875
2040-11-28 11:00:00+00:00,49710.19427525112
2040-11-28 12:00:00+00:00,49598.786978850454
2040-11-28 13:00:00+00:00,50085.607351145045
2040-11-28 14:00:00+00:00,50937.20350721008
2040-11-28 15:00:00+00:00,52174.25411820716
2040-11-28 16:00:00+00:00,53607.75948693523
2040-11-28 17:00:00+00:00,53279.20669452849
2040-11-28 18:00:00+00:00,51843.522236940844
2040-11-28 19:00:00+00:00,50143.62211943734
2040-11-28 20:00:00+00:00,48042.25681611085
2040-11-28 21:00:00+00:00,45693.23305373281
2040-11-28 22:00:00+00:00,43170.68522699117
2040-11-28 23:00:00+00:00,41652.25862208083
2040-11-29 00:00:00+00:00,41130.94028170763
2040-11-29 01:00:00+00:00,40790.995726533045
2040-11-29 02:00:00+00:00,41150.08948870707
2040-11-29 03:00:00+00:00,42360.55108328881
2040-11-29 04:00:00+00:00,44530.15692684897
2040-11-29 05:00:00+00:00,46673.16589115349
2040-11-29 06:00:00+00:00,48922.67967862714
2040-11-29 07:00:00+00:00,51505.99932927548
2040-11-29 08:00:00+00:00,52240.867583487954
2040-11-29 09:00:00+00:00,51252.005825949156
2040-11-29 10:00:00+00:00,50021.48906526915
2040-11-29 11:00:00+00:00,49179.30807031965
2040-11-29 12:00:00+00:00,48975.56853352633
2040-11-29 13:00:00+00:00,49323.75154576298
2040-11-29 14:00:00+00:00,49843.3112791107
2040-11-29 15:00:00+00:00,51028.02784318992
2040-11-29 16:00:00+00:00,53007.23131223111
2040-11-29 17:00:00+00:00,52830.045987839316
2040-11-29 18:00:00+00:00,51435.59201041303
2040-11-29 19:00:00+00:00,50094.28766296386
2040-11-29 20:00:00+00:00,48147.853206848195
2040-11-29 21:00:00+00:00,45977.481663056285
2040-11-29 22:00:00+00:00,43793.011682133336
2040-11-29 23:00:00+00:00,42381.4547591425
2040-11-30 00:00:00+00:00,41508.21610984139
2040-11-30 01:00:00+00:00,41085.076189050305
2040-11-30 02:00:00+00:00,41291.57275498088
2040-11-30 03:00:00+00:00,42213.86725861587
2040-11-30 04:00:00+00:00,43975.705858834364
2040-11-30 05:00:00+00:00,44921.48374575272
2040-11-30 06:00:00+00:00,45700.770352258616
2040-11-30 07:00:00+00:00,47141.42664040091
2040-11-30 08:00:00+00:00,47611.916825499255
2040-11-30 09:00:00+00:00,47537.397995305786
2040-11-30 10:00:00+00:00,47171.006509003004
2040-11-30 11:00:00+00:00,46922.36156555488
2040-11-30 12:00:00+00:00,46789.01199723477
2040-11-30 13:00:00+00:00,47041.13217148749
2040-11-30 14:00:00+00:00,47672.32438081231
2040-11-30 15:00:00+00:00,49004.59687834002
2040-11-30 16:00:00+00:00,50713.26333965911
2040-11-30 17:00:00+00:00,50711.903825060566
2040-11-30 18:00:00+00:00,49493.09941462
2040-11-30 19:00:00+00:00,48178.99403925234
2040-11-30 20:00:00+00:00,46235.862068393406
2040-11-30 21:00:00+00:00,44108.218349924
2040-11-30 22:00:00+00:00,42045.19767351886
2040-11-30 23:00:00+00:00,40731.35901697049
2040-12-01 00:00:00+00:00,40842.74975468392
2040-12-01 01:00:00+00:00,40463.48330760098
2040-12-01 02:00:00+00:00,40674.69985103921
2040-12-01 03:00:00+00:00,42200.35624549094
2040-12-01 04:00:00+00:00,45230.66197197613
2040-12-01 05:00:00+00:00,47280.394285814626
2040-12-01 06:00:00+00:00,48209.9508191992
2040-12-01 07:00:00+00:00,48705.9366165176
2040-12-01 08:00:00+00:00,48354.9739624559
2040-12-01 09:00:00+00:00,47467.89615428877
2040-12-01 10:00:00+00:00,47086.871258232364
2040-12-01 11:00:00+00:00,47181.44679615272
2040-12-01 12:00:00+00:00,47274.871599950406
2040-12-01 13:00:00+00:00,47387.70999063157
2040-12-01 14:00:00+00:00,48447.56159524582
2040-12-01 15:00:00+00:00,50657.14927586008
2040-12-01 16:00:00+00:00,52331.717852315625
2040-12-01 17:00:00+00:00,52055.4893936332
2040-12-01 18:00:00+00:00,50873.89624749899
2040-12-01 19:00:00+00:00,49362.88465252633
2040-12-01 20:00:00+00:00,47441.829576015014
2040-12-01 21:00:00+00:00,45122.98997545295
2040-12-01 22:00:00+00:00,42724.048893608466
2040-12-01 23:00:00+00:00,41419.454106531484
2040-12-02 00:00:00+00:00,42291.420130092105
2040-12-02 01:00:00+00:00,42073.179867101804
2040-12-02 02:00:00+00:00,42525.57163335464
2040-12-02 03:00:00+00:00,44555.3210030356
2040-12-02 04:00:00+00:00,48757.73253948524
2040-12-02 05:00:00+00:00,51880.29022960315
2040-12-02 06:00:00+00:00,54698.71092210303
2040-12-02 07:00:00+00:00,56519.97430964768
2040-12-02 08:00:00+00:00,56508.92697210098
2040-12-02 09:00:00+00:00,55492.19651686986
2040-12-02 10:00:00+00:00,54518.65947183577
2040-12-02 11:00:00+00:00,53871.35715819419
2040-12-02 12:00:00+00:00,53704.92274574756
2040-12-02 13:00:00+00:00,53782.324413992654
2040-12-02 14:00:00+00:00,54429.30820570311
2040-12-02 15:00:00+00:00,55795.59747008448
2040-12-02 16:00:00+00:00,57566.40292786135
2040-12-02 17:00:00+00:00,57019.4528799587
2040-12-02 18:00:00+00:00,55319.83187643483
2040-12-02 19:00:00+00:00,53477.73582007911
2040-12-02 20:00:00+00:00,51094.18781819424
2040-12-02 21:00:00+00:00,48078.88139527592
2040-12-02 22:00:00+00:00,45144.95642958652
2040-12-02 23:00:00+00:00,43200.18386542503
2040-12-03 00:00:00+00:00,41278.01517744414
2040-12-03 01:00:00+00:00,40710.26935164217
2040-12-03 02:00:00+00:00,40963.824679675556
2040-12-03 03:00:00+00:00,42400.974551491
2040-12-03 04:00:00+00:00,45663.116710785966
2040-12-03 05:00:00+00:00,48821.185804164605
2040-12-03 06:00:00+00:00,51655.440824951394
2040-12-03 07:00:00+00:00,53623.66778925523
2040-12-03 08:00:00+00:00,53426.22353616262
2040-12-03 09:00:00+00:00,52084.027970487754
2040-12-03 10:00:00+00:00,50985.65343243546
2040-12-03 11:00:00+00:00,50585.23099781634
2040-12-03 12:00:00+00:00,50517.19820211663
2040-12-03 13:00:00+00:00,50834.75901376103
2040-12-03 14:00:00+00:00,51740.788397656666
2040-12-03 15:00:00+00:00,53416.24013877025
2040-12-03 16:00:00+00:00,55139.911410061046
2040-12-03 17:00:00+00:00,54978.07051720394
2040-12-03 18:00:00+00:00,53303.25711057091
2040-12-03 19:00:00+00:00,51514.789098472145
2040-12-03 20:00:00+00:00,49333.76298548038
2040-12-03 21:00:00+00:00,46734.51460025072
2040-12-03 22:00:00+00:00,43929.88602810349
2040-12-03 23:00:00+00:00,42116.85565095944
2040-12-04 00:00:00+00:00,41612.92138073245
2040-12-04 01:00:00+00:00,41207.399031924164
2040-12-04 02:00:00+00:00,41725.99860593347
2040-12-04 03:00:00+00:00,43086.71429188714
2040-12-04 04:00:00+00:00,46444.54406185983
2040-12-04 05:00:00+00:00,49435.33865188607
2040-12-04 06:00:00+00:00,52325.40998696266
2040-12-04 07:00:00+00:00,54386.41059405753
2040-12-04 08:00:00+00:00,54293.980706377944
2040-12-04 09:00:00+00:00,53291.39109489684
2040-12-04 10:00:00+00:00,52693.185727362805
2040-12-04 11:00:00+00:00,52291.60559825383
2040-12-04 12:00:00+00:00,52308.73489764499
2040-12-04 13:00:00+00:00,52537.71563965586
2040-12-04 14:00:00+00:00,53158.03689700728
2040-12-04 15:00:00+00:00,54466.121140273186
2040-12-04 16:00:00+00:00,55666.666105665674
2040-12-04 17:00:00+00:00,55356.907204888616
2040-12-04 18:00:00+00:00,53763.39636878488
2040-12-04 19:00:00+00:00,52039.754665254644
2040-12-04 20:00:00+00:00,49723.07393014598
2040-12-04 21:00:00+00:00,47075.37258692108
2040-12-04 22:00:00+00:00,44285.53883770829
2040-12-04 23:00:00+00:00,42557.207576268615
2040-12-05 00:00:00+00:00,42309.14331327267
2040-12-05 01:00:00+00:00,42074.81867520238
2040-12-05 02:00:00+00:00,42462.14456555495
2040-12-05 03:00:00+00:00,44162.362837872344
2040-12-05 04:00:00+00:00,47761.41499659044
2040-12-05 05:00:00+00:00,50807.0078847407
2040-12-05 06:00:00+00:00,53595.0985336631
2040-12-05 07:00:00+00:00,55318.10365083086
2040-12-05 08:00:00+00:00,55925.40404355539
2040-12-05 09:00:00+00:00,55990.39600676189
2040-12-05 10:00:00+00:00,56154.049383164136
2040-12-05 11:00:00+00:00,56152.099974554985
2040-12-05 12:00:00+00:00,56132.318240517874
2040-12-05 13:00:00+00:00,56039.0044319204
2040-12-05 14:00:00+00:00,56149.906824416285
2040-12-05 15:00:00+00:00,56561.23957956117
2040-12-05 16:00:00+00:00,57080.92033143924
2040-12-05 17:00:00+00:00,56387.63053812528
2040-12-05 18:00:00+00:00,54765.07089272948
2040-12-05 19:00:00+00:00,53117.91688541391
2040-12-05 20:00:00+00:00,50861.85892960006
2040-12-05 21:00:00+00:00,47950.47257168703
2040-12-05 22:00:00+00:00,45386.992398651164
2040-12-05 23:00:00+00:00,43796.14753795469
2040-12-06 00:00:00+00:00,42171.703314602324
2040-12-06 01:00:00+00:00,41831.707874862055
2040-12-06 02:00:00+00:00,42290.460004435954
2040-12-06 03:00:00+00:00,43682.00597576422
2040-12-06 04:00:00+00:00,46102.40702150459
2040-12-06 05:00:00+00:00,48147.01982256882
2040-12-06 06:00:00+00:00,50096.110684772364
2040-12-06 07:00:00+00:00,52575.93551187615
2040-12-06 08:00:00+00:00,53914.901142469236
2040-12-06 09:00:00+00:00,53902.23275889219
2040-12-06 10:00:00+00:00,53376.09331343405
2040-12-06 11:00:00+00:00,52935.991581984505
2040-12-06 12:00:00+00:00,52290.66160661768
2040-12-06 13:00:00+00:00,51943.326490884276
2040-12-06 14:00:00+00:00,52138.92872294143
2040-12-06 15:00:00+00:00,52833.970885050425
2040-12-06 16:00:00+00:00,54063.7258469692
2040-12-06 17:00:00+00:00,53668.213345238604
2040-12-06 18:00:00+00:00,52203.57454068234
2040-12-06 19:00:00+00:00,50713.63181850362
2040-12-06 20:00:00+00:00,48638.40379023726
2040-12-06 21:00:00+00:00,46137.92497759039
2040-12-06 22:00:00+00:00,43904.07300667161
2040-12-06 23:00:00+00:00,42419.97296620488
2040-12-07 00:00:00+00:00,40584.218680249825
2040-12-07 01:00:00+00:00,39940.161700372075
2040-12-07 02:00:00+00:00,39955.011037804805
2040-12-07 03:00:00+00:00,40934.556161502784
2040-12-07 04:00:00+00:00,42358.85658558785
2040-12-07 05:00:00+00:00,43415.1733371839
2040-12-07 06:00:00+00:00,44266.66380304253
2040-12-07 07:00:00+00:00,45701.01488817144
2040-12-07 08:00:00+00:00,46918.43928101786
2040-12-07 09:00:00+00:00,47189.114721329344
2040-12-07 10:00:00+00:00,46993.36070061206
2040-12-07 11:00:00+00:00,46777.889822691934
2040-12-07 12:00:00+00:00,46852.915872374746
2040-12-07 13:00:00+00:00,47281.29470972124
2040-12-07 14:00:00+00:00,47892.589253041355
2040-12-07 15:00:00+00:00,48748.69506151372
2040-12-07 16:00:00+00:00,50008.69457619231
2040-12-07 17:00:00+00:00,49899.65883303674
2040-12-07 18:00:00+00:00,48727.77836387563
2040-12-07 19:00:00+00:00,47382.54705270591
2040-12-07 20:00:00+00:00,45525.611994621315
2040-12-07 21:00:00+00:00,43624.804062385134
2040-12-07 22:00:00+00:00,41607.65862771956
2040-12-07 23:00:00+00:00,40339.57524832356
2040-12-08 00:00:00+00:00,39631.102373486276
2040-12-08 01:00:00+00:00,38999.83318339236
2040-12-08 02:00:00+00:00,39157.92732556517
2040-12-08 03:00:00+00:00,40081.21121858845
2040-12-08 04:00:00+00:00,42358.925483583116
2040-12-08 05:00:00+00:00,43845.556190769
2040-12-08 06:00:00+00:00,44676.9924009795
2040-12-08 07:00:00+00:00,45230.767872159275
2040-12-08 08:00:00+00:00,45716.28660122064
2040-12-08 09:00:00+00:00,45783.13650185081
2040-12-08 10:00:00+00:00,45703.44456516014
2040-12-08 11:00:00+00:00,45833.184213868255
2040-12-08 12:00:00+00:00,45906.73635184308
2040-12-08 13:00:00+00:00,46065.72538458679
2040-12-08 14:00:00+00:00,46675.33993735208
2040-12-08 15:00:00+00:00,47868.69388123926
2040-12-08 16:00:00+00:00,49432.76582051073
2040-12-08 17:00:00+00:00,49417.80873575381
2040-12-08 18:00:00+00:00,48106.316238285224
2040-12-08 19:00:00+00:00,46837.065292281026
2040-12-08 20:00:00+00:00,45195.469984929754
2040-12-08 21:00:00+00:00,43218.69224311007
2040-12-08 22:00:00+00:00,41275.982992284444
2040-12-08 23:00:00+00:00,40015.93645725726
2040-12-09 00:00:00+00:00,40948.4478008599
2040-12-09 01:00:00+00:00,40695.00401937674
2040-12-09 02:00:00+00:00,40957.13312051548
2040-12-09 03:00:00+00:00,42570.05271212692
2040-12-09 04:00:00+00:00,45966.06532283472
2040-12-09 05:00:00+00:00,49088.772970091006
2040-12-09 06:00:00+00:00,52080.98071327543
2040-12-09 07:00:00+00:00,53882.92502662889
2040-12-09 08:00:00+00:00,54467.05254321785
2040-12-09 09:00:00+00:00,53834.6301225669
2040-12-09 10:00:00+00:00,53635.827778798346
2040-12-09 11:00:00+00:00,53255.05890295105
2040-12-09 12:00:00+00:00,53348.776048472035
2040-12-09 13:00:00+00:00,53388.347801462005
2040-12-09 14:00:00+00:00,53981.87360736509
2040-12-09 15:00:00+00:00,54886.69912018424
2040-12-09 16:00:00+00:00,56042.05951811681
2040-12-09 17:00:00+00:00,55383.68792792561
2040-12-09 18:00:00+00:00,53527.904070625686
2040-12-09 19:00:00+00:00,51760.00958068487
2040-12-09 20:00:00+00:00,49646.94677853003
2040-12-09 21:00:00+00:00,46827.505443258844
2040-12-09 22:00:00+00:00,44142.222444826366
2040-12-09 23:00:00+00:00,42348.99051076728
2040-12-10 00:00:00+00:00,43016.38786107936
2040-12-10 01:00:00+00:00,42506.82401640914
2040-12-10 02:00:00+00:00,42869.48292304455
2040-12-10 03:00:00+00:00,44810.862597882755
2040-12-10 04:00:00+00:00,48777.661914959404
2040-12-10 05:00:00+00:00,52158.301536792744
2040-12-10 06:00:00+00:00,54979.71021382364
2040-12-10 07:00:00+00:00,56878.24844300065
2040-12-10 08:00:00+00:00,56980.958429208265
2040-12-10 09:00:00+00:00,56414.92815939319
2040-12-10 10:00:00+00:00,55705.460112829525
2040-12-10 11:00:00+00:00,55328.80743555522
2040-12-10 12:00:00+00:00,55334.840017025315
2040-12-10 13:00:00+00:00,55704.30315019321
2040-12-10 14:00:00+00:00,56254.21299413903
2040-12-10 15:00:00+00:00,57240.78083056843
2040-12-10 16:00:00+00:00,58246.010053913385
2040-12-10 17:00:00+00:00,57652.01269660685
2040-12-10 18:00:00+00:00,56089.228761055194
2040-12-10 19:00:00+00:00,54109.44500622642
2040-12-10 20:00:00+00:00,51610.86868325452
2040-12-10 21:00:00+00:00,48639.53974053134
2040-12-10 22:00:00+00:00,45500.656416149825
2040-12-10 23:00:00+00:00,43517.10175037848
2040-12-11 00:00:00+00:00,42928.858310136406
2040-12-11 01:00:00+00:00,42596.833323576735
2040-12-11 02:00:00+00:00,42906.541994619816
2040-12-11 03:00:00+00:00,44914.831330643894
2040-12-11 04:00:00+00:00,48967.66068780132
2040-12-11 05:00:00+00:00,52283.701628642746
2040-12-11 06:00:00+00:00,55082.84779023348
2040-12-11 07:00:00+00:00,56771.613466822746
2040-12-11 08:00:00+00:00,56658.8002008313
2040-12-11 09:00:00+00:00,56224.73547914026
2040-12-11 10:00:00+00:00,55672.50151103882
2040-12-11 11:00:00+00:00,55273.06917154633
2040-12-11 12:00:00+00:00,55145.01485883483
2040-12-11 13:00:00+00:00,55394.43238652634
2040-12-11 14:00:00+00:00,55869.07980071767
2040-12-11 15:00:00+00:00,56920.89713387954
2040-12-11 16:00:00+00:00,58364.52844285709
2040-12-11 17:00:00+00:00,57884.12177384205
2040-12-11 18:00:00+00:00,56164.03173367864
2040-12-11 19:00:00+00:00,54411.073412707396
2040-12-11 20:00:00+00:00,51985.91926345535
2040-12-11 21:00:00+00:00,48886.2525380685
2040-12-11 22:00:00+00:00,45918.05420932277
2040-12-11 23:00:00+00:00,43983.80836408709
2040-12-12 00:00:00+00:00,43313.03726948334
2040-12-12 01:00:00+00:00,42848.06143017487
2040-12-12 02:00:00+00:00,43188.28071934503
2040-12-12 03:00:00+00:00,45142.982484546505
2040-12-12 04:00:00+00:00,49028.684499683826
2040-12-12 05:00:00+00:00,52123.048187682216
2040-12-12 06:00:00+00:00,54823.479658712466
2040-12-12 07:00:00+00:00,56272.466914513076
2040-12-12 08:00:00+00:00,56521.43570556909
2040-12-12 09:00:00+00:00,56301.03109569536
2040-12-12 10:00:00+00:00,56007.93837054802
2040-12-12 11:00:00+00:00,55661.71825086412
2040-12-12 12:00:00+00:00,55582.907873715376
2040-12-12 13:00:00+00:00,55937.59898829719
2040-12-12 14:00:00+00:00,56068.395951151026
2040-12-12 15:00:00+00:00,56810.12421150716
2040-12-12 16:00:00+00:00,57841.66631971993
2040-12-12 17:00:00+00:00,57471.055622322114
2040-12-12 18:00:00+00:00,55993.845770730135
2040-12-12 19:00:00+00:00,54216.98960377786
2040-12-12 20:00:00+00:00,51912.80934010378
2040-12-12 21:00:00+00:00,48960.877502663134
2040-12-12 22:00:00+00:00,45903.599101058266
2040-12-12 23:00:00+00:00,44293.74668886086
2040-12-13 00:00:00+00:00,41909.478941521
2040-12-13 01:00:00+00:00,41493.26041764927
2040-12-13 02:00:00+00:00,41868.81011830801
2040-12-13 03:00:00+00:00,43252.23907696936
2040-12-13 04:00:00+00:00,45482.39469547228
2040-12-13 05:00:00+00:00,47496.2571102395
2040-12-13 06:00:00+00:00,49907.97224152025
2040-12-13 07:00:00+00:00,52611.676709174906
2040-12-13 08:00:00+00:00,54021.57892729166
2040-12-13 09:00:00+00:00,54271.55903756264
2040-12-13 10:00:00+00:00,53968.52433709016
2040-12-13 11:00:00+00:00,53725.54471881751
2040-12-13 12:00:00+00:00,53423.1395954938
2040-12-13 13:00:00+00:00,53603.013344563136
2040-12-13 14:00:00+00:00,53592.25771215104
2040-12-13 15:00:00+00:00,53774.98980512379
2040-12-13 16:00:00+00:00,54748.06456298211
2040-12-13 17:00:00+00:00,54220.96428594119
2040-12-13 18:00:00+00:00,52613.66472314233
2040-12-13 19:00:00+00:00,51169.99691017028
2040-12-13 20:00:00+00:00,49202.72699180539
2040-12-13 21:00:00+00:00,46800.16760739541
2040-12-13 22:00:00+00:00,44356.31821231453
2040-12-13 23:00:00+00:00,42719.43891580029
2040-12-14 00:00:00+00:00,40920.948719989734
2040-12-14 01:00:00+00:00,40413.47226083792
2040-12-14 02:00:00+00:00,40547.06184238109
2040-12-14 03:00:00+00:00,41391.403385828475
2040-12-14 04:00:00+00:00,42915.338442177555
2040-12-14 05:00:00+00:00,43679.59599150261
2040-12-14 06:00:00+00:00,44450.04710139348
2040-12-14 07:00:00+00:00,45900.99244968607
2040-12-14 08:00:00+00:00,47261.823368418234
2040-12-14 09:00:00+00:00,48354.58901051388
2040-12-14 10:00:00+00:00,48747.74730842965
2040-12-14 11:00:00+00:00,48535.2397689834
2040-12-14 12:00:00+00:00,48598.842032470755
2040-12-14 13:00:00+00:00,48835.91939412623
2040-12-14 14:00:00+00:00,48960.67662210753
2040-12-14 15:00:00+00:00,49506.25426126146
2040-12-14 16:00:00+00:00,50333.21647703524
2040-12-14 17:00:00+00:00,50120.42689384921
2040-12-14 18:00:00+00:00,49243.84595349701
2040-12-14 19:00:00+00:00,47865.109075821245
2040-12-14 20:00:00+00:00,46260.83519487018
2040-12-14 21:00:00+00:00,44184.429066230856
2040-12-14 22:00:00+00:00,42207.89306005289
2040-12-14 23:00:00+00:00,40754.43390272868
2040-12-15 00:00:00+00:00,39595.46161038961
2040-12-15 01:00:00+00:00,39109.67666957095
2040-12-15 02:00:00+00:00,39045.67921417035
2040-12-15 03:00:00+00:00,39698.60721473266
2040-12-15 04:00:00+00:00,41997.643878033356
2040-12-15 05:00:00+00:00,43270.12605069818
2040-12-15 06:00:00+00:00,44291.788662859864
2040-12-15 07:00:00+00:00,44625.66526808939
2040-12-15 08:00:00+00:00,45363.60327774273
2040-12-15 09:00:00+00:00,45698.75275109586
2040-12-15 10:00:00+00:00,46032.61943931901
2040-12-15 11:00:00+00:00,46726.45719712632
2040-12-15 12:00:00+00:00,46691.63940432656
2040-12-15 13:00:00+00:00,46886.91731568407
2040-12-15 14:00:00+00:00,47164.91052019178
2040-12-15 15:00:00+00:00,47769.235571606005
2040-12-15 16:00:00+00:00,48826.06131171736
2040-12-15 17:00:00+00:00,48618.137266974445
2040-12-15 18:00:00+00:00,47122.74681316049
2040-12-15 19:00:00+00:00,45884.96336233858
2040-12-15 20:00:00+00:00,44352.10744968016
2040-12-15 21:00:00+00:00,42585.58070277044
2040-12-15 22:00:00+00:00,40754.55440295846
2040-12-15 23:00:00+00:00,39662.16364209792
2040-12-16 00:00:00+00:00,40253.9302305944
2040-12-16 01:00:00+00:00,39845.754460606986
2040-12-16 02:00:00+00:00,40044.69035701097
2040-12-16 03:00:00+00:00,41295.03803440397
2040-12-16 04:00:00+00:00,44265.980453218115
2040-12-16 05:00:00+00:00,47356.37949062449
2040-12-16 06:00:00+00:00,50388.01426397694
2040-12-16 07:00:00+00:00,52092.339654236974
2040-12-16 08:00:00+00:00,52629.60561951532
2040-12-16 09:00:00+00:00,52286.57312374659
2040-12-16 10:00:00+00:00,51865.16404546857
2040-12-16 11:00:00+00:00,51537.352015398596
2040-12-16 12:00:00+00:00,51668.04024388631
2040-12-16 13:00:00+00:00,51832.469053085966
2040-12-16 14:00:00+00:00,52283.0948052459
2040-12-16 15:00:00+00:00,53144.95267621499
2040-12-16 16:00:00+00:00,54029.39102301679
2040-12-16 17:00:00+00:00,53389.782651561625
2040-12-16 18:00:00+00:00,51810.4664200108
2040-12-16 19:00:00+00:00,49969.49592459721
2040-12-16 20:00:00+00:00,47883.23374700026
2040-12-16 21:00:00+00:00,45600.01403541386
2040-12-16 22:00:00+00:00,43109.86189030563
2040-12-16 23:00:00+00:00,41618.78152038607
2040-12-17 00:00:00+00:00,40638.990201611916
2040-12-17 01:00:00+00:00,40063.03027913533
2040-12-17 02:00:00+00:00,40085.79397781171
2040-12-17 03:00:00+00:00,41003.17738562087
2040-12-17 04:00:00+00:00,43935.90016091057
2040-12-17 05:00:00+00:00,46704.77977282506
2040-12-17 06:00:00+00:00,49553.5923187189
2040-12-17 07:00:00+00:00,51635.76217227896
2040-12-17 08:00:00+00:00,51789.84741112503
2040-12-17 09:00:00+00:00,50972.17856209625
2040-12-17 10:00:00+00:00,50496.343128782835
2040-12-17 11:00:00+00:00,50124.56637926852
2040-12-17 12:00:00+00:00,49863.086003925986
2040-12-17 13:00:00+00:00,50157.00466567728
2040-12-17 14:00:00+00:00,50596.102224619644
2040-12-17 15:00:00+00:00,51800.20780571535
2040-12-17 16:00:00+00:00,52990.74981904965
2040-12-17 17:00:00+00:00,52390.48822137609
2040-12-17 18:00:00+00:00,50857.676659917066
2040-12-17 19:00:00+00:00,49281.77593467674
2040-12-17 20:00:00+00:00,47526.8711225859
2040-12-17 21:00:00+00:00,45222.19299970864
2040-12-17 22:00:00+00:00,42777.723812174896
2040-12-17 23:00:00+00:00,41341.56496812387
2040-12-18 00:00:00+00:00,40590.285517363096
2040-12-18 01:00:00+00:00,40196.9416778967
2040-12-18 02:00:00+00:00,40450.09663360197
2040-12-18 03:00:00+00:00,41718.356018942024
2040-12-18 04:00:00+00:00,44510.627735227616
2040-12-18 05:00:00+00:00,47360.56603262594
2040-12-18 06:00:00+00:00,49962.98677853282
2040-12-18 07:00:00+00:00,51910.81495801933
2040-12-18 08:00:00+00:00,52217.731776932036
2040-12-18 09:00:00+00:00,52093.400531376275
2040-12-18 10:00:00+00:00,51512.93497989492
2040-12-18 11:00:00+00:00,51231.37328657543
2040-12-18 12:00:00+00:00,51290.16080927456
2040-12-18 13:00:00+00:00,51467.12557749166
2040-12-18 14:00:00+00:00,51912.00714721122
2040-12-18 15:00:00+00:00,52550.66836499985
2040-12-18 16:00:00+00:00,53379.68834997083
2040-12-18 17:00:00+00:00,52673.42549804071
2040-12-18 18:00:00+00:00,51037.92377974327
2040-12-18 19:00:00+00:00,49507.64522566578
2040-12-18 20:00:00+00:00,47519.91436582801
2040-12-18 21:00:00+00:00,45242.01257383972
2040-12-18 22:00:00+00:00,42686.57213405597
2040-12-18 23:00:00+00:00,41159.12748284968
2040-12-19 00:00:00+00:00,41086.289342816526
2040-12-19 01:00:00+00:00,40702.34616055388
2040-12-19 02:00:00+00:00,40836.22459020394
2040-12-19 03:00:00+00:00,42384.77813121255
2040-12-19 04:00:00+00:00,45527.6432349509
2040-12-19 05:00:00+00:00,48359.754026965675
2040-12-19 06:00:00+00:00,51006.65872066324
2040-12-19 07:00:00+00:00,52797.45001021472
2040-12-19 08:00:00+00:00,53185.10853434795
2040-12-19 09:00:00+00:00,53013.01900363084
2040-12-19 10:00:00+00:00,52824.57499181482
2040-12-19 11:00:00+00:00,53389.472050963086
2040-12-19 12:00:00+00:00,53330.90430234606
2040-12-19 13:00:00+00:00,53070.5719588892
2040-12-19 14:00:00+00:00,53366.81595362303
2040-12-19 15:00:00+00:00,53995.338200932456
2040-12-19 16:00:00+00:00,54901.0793746739
2040-12-19 17:00:00+00:00,54373.64256856153
2040-12-19 18:00:00+00:00,52983.99756434116
2040-12-19 19:00:00+00:00,51486.873696745824
2040-12-19 20:00:00+00:00,49252.65142963188
2040-12-19 21:00:00+00:00,46917.069446613736
2040-12-19 22:00:00+00:00,44247.089962479
2040-12-19 23:00:00+00:00,42919.37696612314
2040-12-20 00:00:00+00:00,41654.49069699326
2040-12-20 01:00:00+00:00,41195.00722038975
2040-12-20 02:00:00+00:00,41124.77569116034
2040-12-20 03:00:00+00:00,42281.804371001985
2040-12-20 04:00:00+00:00,44399.50062468018
2040-12-20 05:00:00+00:00,46237.69574685866
2040-12-20 06:00:00+00:00,48158.89810387323
2040-12-20 07:00:00+00:00,50612.52575911358
2040-12-20 08:00:00+00:00,51892.48733600996
2040-12-20 09:00:00+00:00,51033.913915688754
2040-12-20 10:00:00+00:00,50088.22019616502
2040-12-20 11:00:00+00:00,49221.01732208208
2040-12-20 12:00:00+00:00,49266.22358718598
2040-12-20 13:00:00+00:00,49420.76819359119
2040-12-20 14:00:00+00:00,49666.76810616437
2040-12-20 15:00:00+00:00,50803.674866901274
2040-12-20 16:00:00+00:00,52133.06740923889
2040-12-20 17:00:00+00:00,51771.23592409481
2040-12-20 18:00:00+00:00,50462.75856317952
2040-12-20 19:00:00+00:00,49212.42957323171
2040-12-20 20:00:00+00:00,47263.60207044
2040-12-20 21:00:00+00:00,44999.685854147
2040-12-20 22:00:00+00:00,43070.62312927836
2040-12-20 23:00:00+00:00,41825.123837125655
2040-12-21 00:00:00+00:00,40544.181727705065
2040-12-21 01:00:00+00:00,39900.03421822873
2040-12-21 02:00:00+00:00,40016.93479416892
2040-12-21 03:00:00+00:00,40626.18242831124
2040-12-21 04:00:00+00:00,42005.96287137336
2040-12-21 05:00:00+00:00,42902.14968919729
2040-12-21 06:00:00+00:00,43796.83929299205
2040-12-21 07:00:00+00:00,45205.2719571
2040-12-21 08:00:00+00:00,46358.50207301993
2040-12-21 09:00:00+00:00,47283.46039947825
2040-12-21 10:00:00+00:00,47601.020969187644
2040-12-21 11:00:00+00:00,47753.688982270076
2040-12-21 12:00:00+00:00,48146.89512658797
2040-12-21 13:00:00+00:00,48407.71818263316
2040-12-21 14:00:00+00:00,48705.56599249943
2040-12-21 15:00:00+00:00,49151.505609482745
2040-12-21 16:00:00+00:00,50097.02124583264
2040-12-21 17:00:00+00:00,49665.73174690737
2040-12-21 18:00:00+00:00,48556.14098529114
2040-12-21 19:00:00+00:00,47287.67403006063
2040-12-21 20:00:00+00:00,45496.392859155065
2040-12-21 21:00:00+00:00,43383.779090343975
2040-12-21 22:00:00+00:00,41568.43884090404
2040-12-21 23:00:00+00:00,40379.43451563293
2040-12-22 00:00:00+00:00,39942.07814779814
2040-12-22 01:00:00+00:00,39361.075192685814
2040-12-22 02:00:00+00:00,39556.11550095366
2040-12-22 03:00:00+00:00,40606.72840907331
2040-12-22 04:00:00+00:00,43297.04429260643
2040-12-22 05:00:00+00:00,44916.726512720066
2040-12-22 06:00:00+00:00,45772.773400565275
2040-12-22 07:00:00+00:00,46496.38024758705
2040-12-22 08:00:00+00:00,47156.14548783573
2040-12-22 09:00:00+00:00,47061.618753443414
2040-12-22 10:00:00+00:00,46853.393121522255
2040-12-22 11:00:00+00:00,46879.47967377275
2040-12-22 12:00:00+00:00,46848.78450702128
2040-12-22 13:00:00+00:00,47076.174608118825
2040-12-22 14:00:00+00:00,47336.350376280025
2040-12-22 15:00:00+00:00,48660.67267055519
2040-12-22 16:00:00+00:00,49902.642882924796
2040-12-22 17:00:00+00:00,50026.522980603055
2040-12-22 18:00:00+00:00,48537.13342442031
2040-12-22 19:00:00+00:00,47089.58831003992
2040-12-22 20:00:00+00:00,45496.89003243465
2040-12-22 21:00:00+00:00,43955.89448287011
2040-12-22 22:00:00+00:00,41587.01661893405
2040-12-22 23:00:00+00:00,40224.2615151903
2040-12-23 00:00:00+00:00,38808.05780471461
2040-12-23 01:00:00+00:00,38412.14008844952
2040-12-23 02:00:00+00:00,38490.48850794296
2040-12-23 03:00:00+00:00,39452.53234643749
2040-12-23 04:00:00+00:00,41590.23068206382
2040-12-23 05:00:00+00:00,44090.82621649405
2040-12-23 06:00:00+00:00,46309.886230365664
2040-12-23 07:00:00+00:00,47760.7899936941
2040-12-23 08:00:00+00:00,48235.297372216155
2040-12-23 09:00:00+00:00,47368.3787845241
2040-12-23 10:00:00+00:00,46519.90156983254
2040-12-23 11:00:00+00:00,46239.6721073783
2040-12-23 12:00:00+00:00,46191.069185998356
2040-12-23 13:00:00+00:00,46780.78023540103
2040-12-23 14:00:00+00:00,47827.45088893342
2040-12-23 15:00:00+00:00,49139.92127415252
2040-12-23 16:00:00+00:00,50322.749593571905
2040-12-23 17:00:00+00:00,49873.62451606672
2040-12-23 18:00:00+00:00,48178.05938022515
2040-12-23 19:00:00+00:00,46686.61956972104
2040-12-23 20:00:00+00:00,44891.150263006646
2040-12-23 21:00:00+00:00,42894.2787733532
2040-12-23 22:00:00+00:00,40988.09016262931
2040-12-23 23:00:00+00:00,39460.06405703859
2040-12-24 00:00:00+00:00,40385.95861524917
2040-12-24 01:00:00+00:00,40005.611348843464
2040-12-24 02:00:00+00:00,40125.41639777195
2040-12-24 03:00:00+00:00,41236.164592715686
2040-12-24 04:00:00+00:00,44248.765810322126
2040-12-24 05:00:00+00:00,46834.11705057927
2040-12-24 06:00:00+00:00,48913.46607796968
2040-12-24 07:00:00+00:00,50222.19281650778
2040-12-24 08:00:00+00:00,50935.47403529229
2040-12-24 09:00:00+00:00,50989.26712000853
2040-12-24 10:00:00+00:00,50739.57513146335
2040-12-24 11:00:00+00:00,50739.960750222206
2040-12-24 12:00:00+00:00,50685.70037590504
2040-12-24 13:00:00+00:00,50701.292310408615
2040-12-24 14:00:00+00:00,50773.230784051026
2040-12-24 15:00:00+00:00,51450.783819721226
2040-12-24 16:00:00+00:00,51961.96964907306
2040-12-24 17:00:00+00:00,51102.22535036852
2040-12-24 18:00:00+00:00,49336.72221983751
2040-12-24 19:00:00+00:00,47563.76302639524
2040-12-24 20:00:00+00:00,45522.94071362257
2040-12-24 21:00:00+00:00,43345.12549145845
2040-12-24 22:00:00+00:00,41403.62334875684
2040-12-24 23:00:00+00:00,40081.44803689135
2040-12-25 00:00:00+00:00,40178.59505588156
2040-12-25 01:00:00+00:00,39623.85018945288
2040-12-25 02:00:00+00:00,39860.228071116166
2040-12-25 03:00:00+00:00,41288.60171827897
2040-12-25 04:00:00+00:00,44292.440889304235
2040-12-25 05:00:00+00:00,46400.30171251504
2040-12-25 06:00:00+00:00,47207.66725798921
2040-12-25 07:00:00+00:00,47553.94485070331
2040-12-25 08:00:00+00:00,48080.183880499855
2040-12-25 09:00:00+00:00,48289.18987536032
2040-12-25 10:00:00+00:00,48132.63487431731
2040-12-25 11:00:00+00:00,48154.99081698175
2040-12-25 12:00:00+00:00,48297.80617297629
2040-12-25 13:00:00+00:00,48397.51467356839
2040-12-25 14:00:00+00:00,48506.29081150081
2040-12-25 15:00:00+00:00,49045.854456278576
2040-12-25 16:00:00+00:00,50072.8289527842
2040-12-25 17:00:00+00:00,50109.496889373106
2040-12-25 18:00:00+00:00,48766.28235736361
2040-12-25 19:00:00+00:00,47221.04113291975
2040-12-25 20:00:00+00:00,45530.61906079556
2040-12-25 21:00:00+00:00,43657.24837459597
2040-12-25 22:00:00+00:00,41595.49248154441
2040-12-25 23:00:00+00:00,40487.90891828785
2040-12-26 00:00:00+00:00,38779.998771243205
2040-12-26 01:00:00+00:00,38327.17240114517
2040-12-26 02:00:00+00:00,38369.75695129112
2040-12-26 03:00:00+00:00,39476.08023780484
2040-12-26 04:00:00+00:00,41855.0951510717
2040-12-26 05:00:00+00:00,43674.70745080755
2040-12-26 06:00:00+00:00,44702.42920435345
2040-12-26 07:00:00+00:00,45072.834461753715
2040-12-26 08:00:00+00:00,45736.21788286996
2040-12-26 09:00:00+00:00,46584.94497139532
2040-12-26 10:00:00+00:00,46919.374545839164
2040-12-26 11:00:00+00:00,47281.09069478063
2040-12-26 12:00:00+00:00,47471.78954424873
2040-12-26 13:00:00+00:00,47518.18414217105
2040-12-26 14:00:00+00:00,47373.40940966132
2040-12-26 15:00:00+00:00,47759.50533556882
2040-12-26 16:00:00+00:00,48631.25466997146
2040-12-26 17:00:00+00:00,48735.26287786963
2040-12-26 18:00:00+00:00,47257.39967373178
2040-12-26 19:00:00+00:00,45994.150783305195
2040-12-26 20:00:00+00:00,44450.186419945494
2040-12-26 21:00:00+00:00,42860.735508619
2040-12-26 22:00:00+00:00,41082.81556524736
2040-12-26 23:00:00+00:00,39906.76583659273
2040-12-27 00:00:00+00:00,39626.06876105674
2040-12-27 01:00:00+00:00,39256.94634979591
2040-12-27 02:00:00+00:00,39487.5482487436
2040-12-27 03:00:00+00:00,40647.68822729623
2040-12-27 04:00:00+00:00,42774.39752599233
2040-12-27 05:00:00+00:00,44482.96178804507
2040-12-27 06:00:00+00:00,45739.408538908174
2040-12-27 07:00:00+00:00,47339.79370288053
2040-12-27 08:00:00+00:00,48847.715958819885
2040-12-27 09:00:00+00:00,49534.938980353385
2040-12-27 10:00:00+00:00,49226.38778248013
2040-12-27 11:00:00+00:00,48797.6708041138
2040-12-27 12:00:00+00:00,48674.65934764281
2040-12-27 13:00:00+00:00,48544.815349718454
2040-12-27 14:00:00+00:00,48742.87158066041
2040-12-27 15:00:00+00:00,49639.34679787028
2040-12-27 16:00:00+00:00,51136.697878020335
2040-12-27 17:00:00+00:00,51161.23226694085
2040-12-27 18:00:00+00:00,49827.06553104948
2040-12-27 19:00:00+00:00,48471.15839943984
2040-12-27 20:00:00+00:00,46623.24753800432
2040-12-27 21:00:00+00:00,44475.193373755166
2040-12-27 22:00:00+00:00,42336.17005702852
2040-12-27 23:00:00+00:00,40975.465345158926
2040-12-28 00:00:00+00:00,40997.6811643432
2040-12-28 01:00:00+00:00,40538.35211848687
2040-12-28 02:00:00+00:00,40853.379622615335
2040-12-28 03:00:00+00:00,42281.16031735106
2040-12-28 04:00:00+00:00,44196.11014993893
2040-12-28 05:00:00+00:00,45206.6471639397
2040-12-28 06:00:00+00:00,45744.184516234076
2040-12-28 07:00:00+00:00,46831.980166055684
2040-12-28 08:00:00+00:00,48269.96958191349
2040-12-28 09:00:00+00:00,49470.737252518236
2040-12-28 10:00:00+00:00,49442.31208267373
2040-12-28 11:00:00+00:00,49250.47157538314
2040-12-28 12:00:00+00:00,49068.74874078766
2040-12-28 13:00:00+00:00,49081.886345899475
2040-12-28 14:00:00+00:00,49455.69121640278
2040-12-28 15:00:00+00:00,50434.56807488327
2040-12-28 16:00:00+00:00,51913.47566153008
2040-12-28 17:00:00+00:00,52067.732047898404
2040-12-28 18:00:00+00:00,50940.06805262351
2040-12-28 19:00:00+00:00,49611.7667741795
2040-12-28 20:00:00+00:00,47651.8660947664
2040-12-28 21:00:00+00:00,45315.04160328629
2040-12-28 22:00:00+00:00,42941.88384065388
2040-12-28 23:00:00+00:00,41321.77056252187
2040-12-29 00:00:00+00:00,40941.966500903705
2040-12-29 01:00:00+00:00,40329.43729572225
2040-12-29 02:00:00+00:00,40488.50894628395
2040-12-29 03:00:00+00:00,41967.614980727325
2040-12-29 04:00:00+00:00,44995.05128592608
2040-12-29 05:00:00+00:00,46961.54600635466
2040-12-29 06:00:00+00:00,47505.13945666681
2040-12-29 07:00:00+00:00,47977.73100295608
2040-12-29 08:00:00+00:00,48474.92401109452
2040-12-29 09:00:00+00:00,48814.3784717553
2040-12-29 10:00:00+00:00,48953.79474877607
2040-12-29 11:00:00+00:00,49265.91702436562
2040-12-29 12:00:00+00:00,49380.321423563444
2040-12-29 13:00:00+00:00,49416.576127215405
2040-12-29 14:00:00+00:00,49859.68214943405
2040-12-29 15:00:00+00:00,50659.41771343322
2040-12-29 16:00:00+00:00,51710.14401486574
2040-12-29 17:00:00+00:00,51554.94058556006
2040-12-29 18:00:00+00:00,50170.205627926334
2040-12-29 19:00:00+00:00,48854.789715955725
2040-12-29 20:00:00+00:00,47007.87902737692
2040-12-29 21:00:00+00:00,44885.95316922516
2040-12-29 22:00:00+00:00,42633.02779071212
2040-12-29 23:00:00+00:00,41333.494390610285
2040-12-30 00:00:00+00:00,40228.12450993766
2040-12-30 01:00:00+00:00,39815.131171148576
2040-12-30 02:00:00+00:00,40117.018776585006
2040-12-30 03:00:00+00:00,41489.59963327176
2040-12-30 04:00:00+00:00,44246.93844618934
2040-12-30 05:00:00+00:00,46513.41927848603
2040-12-30 06:00:00+00:00,48401.14433390948
2040-12-30 07:00:00+00:00,49668.06066464887
2040-12-30 08:00:00+00:00,50068.664867251944
2040-12-30 09:00:00+00:00,50136.64459103491
2040-12-30 10:00:00+00:00,49991.24653599589
2040-12-30 11:00:00+00:00,50150.40386718331
2040-12-30 12:00:00+00:00,50252.71729559447
2040-12-30 13:00:00+00:00,50365.18353133854
2040-12-30 14:00:00+00:00,50582.20887141081
2040-12-30 15:00:00+00:00,51216.50525551497
2040-12-30 16:00:00+00:00,52404.08494340148
2040-12-30 17:00:00+00:00,52029.59146738907
2040-12-30 18:00:00+00:00,50395.37096125951
2040-12-30 19:00:00+00:00,48716.72407199828
2040-12-30 20:00:00+00:00,46757.356888754424
2040-12-30 21:00:00+00:00,44504.96836026772
2040-12-30 22:00:00+00:00,42593.33340346509
2040-12-30 23:00:00+00:00,40800.859683576426
2040-12-31 00:00:00+00:00,40192.27968357643
2040-12-31 01:00:00+00:00,39654.07968357643
2040-12-31 02:00:00+00:00,39426.37968357643
2040-12-31 03:00:00+00:00,39318.73968357643
2040-12-31 04:00:00+00:00,39760.33968357643
2040-12-31 05:00:00+00:00,40639.39968357643
2040-12-31 06:00:00+00:00,42075.97968357643
2040-12-31 07:00:00+00:00,43484.959683576424
2040-12-31 08:00:00+00:00,44755.93968357643
2040-12-31 09:00:00+00:00,45553.57968357643
2040-12-31 10:00:00+00:00,45779.89968357643
2040-12-31 11:00:00+00:00,45611.539683576426
2040-12-31 12:00:00+00:00,45577.039683576426
2040-12-31 13:00:00+00:00,45688.819683576425
2040-12-31 14:00:00+00:00,45531.499683576425
2040-12-31 15:00:00+00:00,45520.459683576424
2040-12-31 16:00:00+00:00,45806.11968357643
2040-12-31 17:00:00+00:00,45523.219683576426
2040-12-31 18:00:00+00:00,44668.999683576425
2040-12-31 19:00:00+00:00,43425.61968357643
2040-12-31 20:00:00+00:00,42138.07968357643
2040-12-31 21:00:00+00:00,41281.09968357643
2040-12-31 22:00:00+00:00,40631.11968357643
2040-12-31 23:00:00+00:00,39053.77968357643
