Unnamed: 0,HPHS,HDAM
2050-01-01 00:00:00+00:00,0.9998033741404099,0.7524570934350275
2050-01-01 01:00:00+00:00,0.9998041625865794,0.7528076166058466
2050-01-01 02:00:00+00:00,0.9998049534762805,0.7531596151547422
2050-01-01 03:00:00+00:00,0.9998057487997367,0.7535142251534319
2050-01-01 04:00:00+00:00,0.999806545742189,0.7538734950586241
2050-01-01 05:00:00+00:00,0.9998073528348487,0.7542382441917472
2050-01-01 06:00:00+00:00,0.9998081569723873,0.7546091582149649
2050-01-01 07:00:00+00:00,0.9998089879196052,0.7549866186478575
2050-01-01 08:00:00+00:00,0.9998097885426367,0.7553717421439949
2050-01-01 09:00:00+00:00,0.9998114097987817,0.7557644031272519
2050-01-01 10:00:00+00:00,0.9998492303771066,0.7561634298844601
2050-01-01 11:00:00+00:00,0.9998982806281888,0.7565675397763458
2050-01-01 12:00:00+00:00,0.9999909856945555,0.7569776893899768
2050-01-01 13:00:00+00:00,0.9999981184487694,0.7573951300465682
2050-01-01 14:00:00+00:00,0.9999997551799741,0.7578204108220643
2050-01-01 15:00:00+00:00,0.9999998250362527,0.7582501801276287
2050-01-01 16:00:00+00:00,0.9999974958271681,0.7586807750102993
2050-01-01 17:00:00+00:00,0.9999963679996786,0.7591105115535411
2050-01-01 18:00:00+00:00,0.9999955425418205,0.7595392468159147
2050-01-01 19:00:00+00:00,0.9999948722738287,0.7599670565263247
2050-01-01 20:00:00+00:00,0.9999942989955262,0.7603944151448493
2050-01-01 21:00:00+00:00,0.9999937969653939,0.7608225763634237
2050-01-01 22:00:00+00:00,0.999993346503513,0.7612504656546627
2050-01-01 23:00:00+00:00,0.999992944903364,0.7616775961998459
2050-01-02 00:00:00+00:00,0.9999925753781158,0.7621034470416634
2050-01-02 01:00:00+00:00,0.9999922356165794,0.7625275432716735
2050-01-02 02:00:00+00:00,0.9999919215761035,0.7629495241552073
2050-01-02 03:00:00+00:00,0.9999916308660307,0.7633690993876414
2050-01-02 04:00:00+00:00,0.9999913601087099,0.7637859063168251
2050-01-02 05:00:00+00:00,0.9999911069927784,0.7641998340313773
2050-01-02 06:00:00+00:00,0.9999908688997492,0.7646107698939435
2050-01-02 07:00:00+00:00,0.9999906464076743,0.7650190778489188
2050-01-02 08:00:00+00:00,0.9999904393099034,0.7654246544545217
2050-01-02 09:00:00+00:00,0.9999903865629526,0.7658275201269108
2050-01-02 10:00:00+00:00,0.9999903423725998,0.7662279375321837
2050-01-02 11:00:00+00:00,0.9999903351469399,0.7666260764614148
2050-01-02 12:00:00+00:00,0.9999988562732194,0.7670221501189867
2050-01-02 13:00:00+00:00,0.9999989020941186,0.7674163090342592
2050-01-02 14:00:00+00:00,0.9999990393275825,0.767808358286131
2050-01-02 15:00:00+00:00,0.9999983224205906,0.7679814744970643
2050-01-02 16:00:00+00:00,0.9999978718316285,0.7679699404942262
2050-01-02 17:00:00+00:00,0.9999975353289778,0.7680088874349393
2050-01-02 18:00:00+00:00,0.9999972670925833,0.7680658868411548
2050-01-02 19:00:00+00:00,0.999997047279152,0.7681507958283019
2050-01-02 20:00:00+00:00,0.9999968649726322,0.768250311420571
2050-01-02 21:00:00+00:00,0.9999967126454165,0.7683475678502327
2050-01-02 22:00:00+00:00,0.9999965929458741,0.7684938174423736
2050-01-02 23:00:00+00:00,0.9999964803921989,0.7688504475656187
2050-01-03 00:00:00+00:00,0.9999964966222203,0.7692245862656297
2050-01-03 01:00:00+00:00,0.999996531385167,0.7695975401856179
2050-01-03 02:00:00+00:00,0.9999965855453552,0.7699693394917351
2050-01-03 03:00:00+00:00,0.9999966711730579,0.7703399390974671
2050-01-03 04:00:00+00:00,0.9999966676031339,0.7704976604282078
2050-01-03 05:00:00+00:00,0.9999966715940388,0.7705807245683222
2050-01-03 06:00:00+00:00,0.9999966924027816,0.7706121847810979
2050-01-03 07:00:00+00:00,0.9999967315486153,0.7705971305264306
2050-01-03 08:00:00+00:00,0.999996791705865,0.7706753612988643
2050-01-03 09:00:00+00:00,0.999997041360471,0.7710389182520095
2050-01-03 10:00:00+00:00,0.9999973423940989,0.771401423358691
2050-01-03 11:00:00+00:00,0.9999977094520844,0.7717629627386583
2050-01-03 12:00:00+00:00,0.999998176763058,0.7721237011885481
2050-01-03 13:00:00+00:00,0.9999988291187519,0.7724837244538015
2050-01-03 14:00:00+00:00,1.0,0.7728430418162475
2050-01-03 15:00:00+00:00,0.9999997806613735,0.7722295649278936
2050-01-03 16:00:00+00:00,0.99999866362292,0.7716152164227382
2050-01-03 17:00:00+00:00,0.9999979916257147,0.7710000079490216
2050-01-03 18:00:00+00:00,0.9999974793793656,0.7703839759322569
2050-01-03 19:00:00+00:00,0.9999970547418885,0.7697671555229018
2050-01-03 20:00:00+00:00,0.9999966880832704,0.7691495628324768
2050-01-03 21:00:00+00:00,0.999996360476302,0.7685312112095503
2050-01-03 22:00:00+00:00,0.9999960627566485,0.7679121202247741
2050-01-03 23:00:00+00:00,0.9999959924584272,0.7672923100401925
2050-01-04 00:00:00+00:00,0.9999959076186088,0.766671799072835
2050-01-04 01:00:00+00:00,0.9999958259720465,0.7660506172755449
2050-01-04 02:00:00+00:00,0.9999957476780017,0.7654287871562325
2050-01-04 03:00:00+00:00,0.9999956717700972,0.7648063357530899
2050-01-04 04:00:00+00:00,0.9999955976650191,0.7641832844918744
2050-01-04 05:00:00+00:00,0.9999954459431075,0.7635596526096096
2050-01-04 06:00:00+00:00,0.9999952650993902,0.7629354493930274
2050-01-04 07:00:00+00:00,0.9999950923568287,0.7623106838017849
2050-01-04 08:00:00+00:00,0.9999949271362131,0.7616853747450926
2050-01-04 09:00:00+00:00,0.9999948655122755,0.7610595407721258
2050-01-04 10:00:00+00:00,0.9999948062101528,0.7604332732639852
2050-01-04 11:00:00+00:00,0.9999947484909222,0.7598067540209413
2050-01-04 12:00:00+00:00,0.9999946921410495,0.7591801461058457
2050-01-04 13:00:00+00:00,0.9999946376739731,0.75855351047428
2050-01-04 14:00:00+00:00,0.9999945885761159,0.7579269075117964
2050-01-04 15:00:00+00:00,0.9999943289915462,0.7573001276403655
2050-01-04 16:00:00+00:00,0.9999940801563834,0.7566729022209793
2050-01-04 17:00:00+00:00,0.9999938421655925,0.7560452023146309
2050-01-04 18:00:00+00:00,0.9999936137484216,0.7554170367790048
2050-01-04 19:00:00+00:00,0.9999933946818986,0.7547884172886117
2050-01-04 20:00:00+00:00,0.999993183600906,0.7541593564674329
2050-01-04 21:00:00+00:00,0.9999929800816926,0.7535298707971639
2050-01-04 22:00:00+00:00,0.9999927829053228,0.7528999810158962
2050-01-04 23:00:00+00:00,0.9999925890291058,0.7522696945269572
2050-01-05 00:00:00+00:00,0.99999240106379,0.7516390370075893
2050-01-05 01:00:00+00:00,0.9999923223031666,0.7510080210765301
2050-01-05 02:00:00+00:00,0.9999922567970354,0.7503766469455752
2050-01-05 03:00:00+00:00,0.9999921928151998,0.7497449328615409
2050-01-05 04:00:00+00:00,0.9999921298906169,0.7491128949275737
2050-01-05 05:00:00+00:00,0.9999919667882786,0.7484805131693398
2050-01-05 06:00:00+00:00,0.9999918109737097,0.7478477991010436
2050-01-05 07:00:00+00:00,0.9999916592475391,0.7472147794688214
2050-01-05 08:00:00+00:00,0.9999916033118933,0.7465814376345801
2050-01-05 09:00:00+00:00,0.9999915473048917,0.745947765091815
2050-01-05 10:00:00+00:00,0.9999914925156721,0.7453137983673164
2050-01-05 11:00:00+00:00,0.9999914385379551,0.7446796006122869
2050-01-05 12:00:00+00:00,0.9999913855496064,0.7440452726353374
2050-01-05 13:00:00+00:00,0.9999913335002533,0.74341086368966
2050-01-05 14:00:00+00:00,0.9999912824719239,0.7427763850172209
2050-01-05 15:00:00+00:00,0.9999911560528872,0.7421417359490928
2050-01-05 16:00:00+00:00,0.9999910324043552,0.7415067642712319
2050-01-05 17:00:00+00:00,0.9999909112993158,0.740871449146555
2050-01-05 18:00:00+00:00,0.9999907923404487,0.7402357957646629
2050-01-05 19:00:00+00:00,0.9999906758957694,0.7395998263430776
2050-01-05 20:00:00+00:00,0.9999905619295645,0.7389635372080052
2050-01-05 21:00:00+00:00,0.9999904501902722,0.7383269358902209
2050-01-05 22:00:00+00:00,0.9999903404750544,0.7376900227067938
2050-01-05 23:00:00+00:00,0.9999902338120551,0.7370528021001224
2050-01-06 00:00:00+00:00,0.99999015319121,0.7364152805399574
2050-01-06 01:00:00+00:00,0.999990082255601,0.7357774649333784
2050-01-06 02:00:00+00:00,0.9999900424547832,0.735139361237675
2050-01-06 03:00:00+00:00,0.9999900031877742,0.73450096803401
2050-01-06 04:00:00+00:00,0.9999899640637425,0.733862293074726
2050-01-06 05:00:00+00:00,0.9999899256214017,0.7332233315946052
2050-01-06 06:00:00+00:00,0.9999898525491957,0.7325840838321376
2050-01-06 07:00:00+00:00,0.999989758352788,0.7319445541478817
2050-01-06 08:00:00+00:00,0.9999897225635241,0.7313047386513427
2050-01-06 09:00:00+00:00,0.999989687702641,0.7306646489213755
2050-01-06 10:00:00+00:00,0.9999896536721745,0.7300243173940231
2050-01-06 11:00:00+00:00,0.9999896202819172,0.7293838267554313
2050-01-06 12:00:00+00:00,0.9999895875610164,0.7287433114139878
2050-01-06 13:00:00+00:00,0.9999895553157384,0.7281027713689348
2050-01-06 14:00:00+00:00,0.9999895230165546,0.7274621543744371
2050-01-06 15:00:00+00:00,0.9648428810666271,0.7268213819243411
2050-01-06 16:00:00+00:00,0.9332592496761384,0.7261803611458005
2050-01-06 17:00:00+00:00,0.9078967694009665,0.725539076081257
2050-01-06 18:00:00+00:00,0.88665413554838,0.7248975291898301
2050-01-06 19:00:00+00:00,0.8667187613356012,0.7242557241432978
2050-01-06 20:00:00+00:00,0.8494953300857402,0.7236136618046728
2050-01-06 21:00:00+00:00,0.8333321772519178,0.7229713449473473
2050-01-06 22:00:00+00:00,0.8183060527044259,0.7223287771745517
2050-01-06 23:00:00+00:00,0.8043375043354534,0.7216859633816938
2050-01-07 00:00:00+00:00,0.7908931180225713,0.7210429047851893
2050-01-07 01:00:00+00:00,0.781175988975113,0.7203996041570594
2050-01-07 02:00:00+00:00,0.7811590665194545,0.7197560658074457
2050-01-07 03:00:00+00:00,0.7811585180597268,0.7191122924477553
2050-01-07 04:00:00+00:00,0.7704477644976649,0.718468285822289
2050-01-07 05:00:00+00:00,0.7587361346124194,0.7178240479660405
2050-01-07 06:00:00+00:00,0.7452214262396284,0.717179582024897
2050-01-07 07:00:00+00:00,0.7261218021615232,0.7165348951275287
2050-01-07 08:00:00+00:00,0.7154876635396141,0.7158899835427445
2050-01-07 09:00:00+00:00,0.7154875117510839,0.7152448497799163
2050-01-07 10:00:00+00:00,0.7154873600506109,0.7145995142312896
2050-01-07 11:00:00+00:00,0.7154872084022482,0.7139540567627102
2050-01-07 12:00:00+00:00,0.7154870566264039,0.7133085637040989
2050-01-07 13:00:00+00:00,0.7154869048232589,0.7126630282922293
2050-01-07 14:00:00+00:00,0.7154863414304476,0.712017423758234
2050-01-07 15:00:00+00:00,0.7059127173804911,0.7113716863284898
2050-01-07 16:00:00+00:00,0.6489915207406677,0.7107257482194808
2050-01-07 17:00:00+00:00,0.5930435595991395,0.7100795945891218
2050-01-07 18:00:00+00:00,0.5829567462671742,0.7094332301700991
2050-01-07 19:00:00+00:00,0.5737569228204376,0.7087866580586144
2050-01-07 20:00:00+00:00,0.5648594648680083,0.7081398794457172
2050-01-07 21:00:00+00:00,0.5560796460410296,0.7074928962651238
2050-01-07 22:00:00+00:00,0.5477259422903153,0.7068457110919204
2050-01-07 23:00:00+00:00,0.5428771714241496,0.7061983255503915
2050-01-08 00:00:00+00:00,0.542877019662435,0.7055505843656756
2050-01-08 01:00:00+00:00,0.5428768674459328,0.7049024898316639
2050-01-08 02:00:00+00:00,0.5428767155982676,0.7042540139516381
2050-01-08 03:00:00+00:00,0.5428765631837021,0.7036051115404508
2050-01-08 04:00:00+00:00,0.5428764082623854,0.7029556905202894
2050-01-08 05:00:00+00:00,0.5350034072088627,0.7023056651697632
2050-01-08 06:00:00+00:00,0.5264974781622429,0.7016549410548341
2050-01-08 07:00:00+00:00,0.5178821898744478,0.7010034279529366
2050-01-08 08:00:00+00:00,0.5104073337265618,0.7003509855779988
2050-01-08 09:00:00+00:00,0.5104071837289988,0.6996975306126105
2050-01-08 10:00:00+00:00,0.5104070344662507,0.6990430594080096
2050-01-08 11:00:00+00:00,0.5104068854290823,0.6983876596053139
2050-01-08 12:00:00+00:00,0.5104067363208097,0.6977312443457122
2050-01-08 13:00:00+00:00,0.5104065868410912,0.6970736353162628
2050-01-08 14:00:00+00:00,0.5104064376921995,0.696414670376521
2050-01-08 15:00:00+00:00,0.5028951884098881,0.6957545351283644
2050-01-08 16:00:00+00:00,0.493794059561191,0.6950934900097877
2050-01-08 17:00:00+00:00,0.48468292814074476,0.6944316942339345
2050-01-08 18:00:00+00:00,0.47608578644608235,0.693769175668487
2050-01-08 19:00:00+00:00,0.4677464009652995,0.6931059376519909
2050-01-08 20:00:00+00:00,0.460193766368516,0.6924419310427837
2050-01-08 21:00:00+00:00,0.4529849660914936,0.691776996610976
2050-01-08 22:00:00+00:00,0.4529846880842152,0.6911112705302515
2050-01-08 23:00:00+00:00,0.4529844061897738,0.6904448246464173
2050-01-09 00:00:00+00:00,0.45298416176447764,0.6897777449486391
2050-01-09 01:00:00+00:00,0.4529839205745432,0.6891101201822958
2050-01-09 02:00:00+00:00,0.45298377268208934,0.6884420301457909
2050-01-09 03:00:00+00:00,0.452983624162577,0.6877735462091585
2050-01-09 04:00:00+00:00,0.4529833829426001,0.6871047585604008
2050-01-09 05:00:00+00:00,0.4456105694901407,0.6864357198425022
2050-01-09 06:00:00+00:00,0.43691454717771067,0.6857664851607107
2050-01-09 07:00:00+00:00,0.4279912838928076,0.6850970283944766
2050-01-09 08:00:00+00:00,0.4196892357915218,0.6844273960934513
2050-01-09 09:00:00+00:00,0.4196890864789188,0.6837576177980399
2050-01-09 10:00:00+00:00,0.4196889384692026,0.6830876753753428
2050-01-09 11:00:00+00:00,0.4196887907049608,0.6824176044697571
2050-01-09 12:00:00+00:00,0.4196886431370475,0.6817474249214726
2050-01-09 13:00:00+00:00,0.419688496000077,0.6810771216724663
2050-01-09 14:00:00+00:00,0.41968825692807094,0.6804067486746388
2050-01-09 15:00:00+00:00,0.4092668009782857,0.6797363022072738
2050-01-09 16:00:00+00:00,0.3375323123265713,0.679065775883404
2050-01-09 17:00:00+00:00,0.26579906504998085,0.6783951746547546
2050-01-09 18:00:00+00:00,0.20357510780300989,0.6777245141253935
2050-01-09 19:00:00+00:00,0.19250436873809876,0.6770537762977251
2050-01-09 20:00:00+00:00,0.18221642076781955,0.6763829752098797
2050-01-09 21:00:00+00:00,0.17156104759386642,0.6757121167862674
2050-01-09 22:00:00+00:00,0.16055763831614203,0.6750411953379934
2050-01-09 23:00:00+00:00,0.14946867920837892,0.6743701867011863
2050-01-10 00:00:00+00:00,0.1384012529580973,0.6736990519866671
2050-01-10 01:00:00+00:00,0.13156012650440702,0.673027788546117
2050-01-10 02:00:00+00:00,0.13155998516335685,0.6723564068509397
2050-01-10 03:00:00+00:00,0.13155984358873876,0.6716849426309133
2050-01-10 04:00:00+00:00,0.13155970348047427,0.6710134304590797
2050-01-10 05:00:00+00:00,0.11604339197274814,0.6703419176648272
2050-01-10 06:00:00+00:00,0.09527715349679677,0.6696704289371938
2050-01-10 07:00:00+00:00,0.03672184506820321,0.6689990183754891
2050-01-10 08:00:00+00:00,1.7460704919208067e-05,0.6683277418974587
2050-01-10 09:00:00+00:00,1.7323902516512123e-05,0.6676566036667174
2050-01-10 10:00:00+00:00,1.718157320638335e-05,0.6669855935448296
2050-01-10 11:00:00+00:00,1.7040863263891174e-05,0.6663147349484156
2050-01-10 12:00:00+00:00,1.689805175410571e-05,0.665643963575466
2050-01-10 13:00:00+00:00,1.675305940993459e-05,0.6649732734452228
2050-01-10 14:00:00+00:00,1.6593697075246682e-05,0.6643026928438965
2050-01-10 15:00:00+00:00,1.431607305654528e-05,0.6636322943828787
2050-01-10 16:00:00+00:00,1.1657104548443549e-05,0.6629621955441485
2050-01-10 17:00:00+00:00,8.437892003526416e-06,0.6622924289506458
2050-01-10 18:00:00+00:00,3.832510968895316e-06,0.6616230550433451
2050-01-10 19:00:00+00:00,3.662686943675446e-06,0.6609544221635055
2050-01-10 20:00:00+00:00,3.632710973375651e-06,0.6602866169388045
2050-01-10 21:00:00+00:00,3.609458437033654e-06,0.6596196904085123
2050-01-10 22:00:00+00:00,3.5872489694998284e-06,0.6589536044040426
2050-01-10 23:00:00+00:00,3.565034588047352e-06,0.6582885564472453
2050-01-11 00:00:00+00:00,3.5418868713687747e-06,0.6576249453574093
2050-01-11 01:00:00+00:00,3.518290177867999e-06,0.6569628659459256
2050-01-11 02:00:00+00:00,3.492787549323238e-06,0.6563025058374305
2050-01-11 03:00:00+00:00,3.4653045142890675e-06,0.6556437957095751
2050-01-11 04:00:00+00:00,3.433732803949318e-06,0.6549864171830023
2050-01-11 05:00:00+00:00,3.3509790211349232e-06,0.6543299418601889
2050-01-11 06:00:00+00:00,3.2640278618992654e-06,0.6536740216370103
2050-01-11 07:00:00+00:00,3.1727444793342543e-06,0.65301852069953
2050-01-11 08:00:00+00:00,3.076452378334752e-06,0.6523633642167748
2050-01-11 09:00:00+00:00,3.039379141602487e-06,0.6517085110164893
2050-01-11 10:00:00+00:00,3.0105902114308892e-06,0.6510539234357153
2050-01-11 11:00:00+00:00,3.0599317419697197e-06,0.6503994864508329
2050-01-11 12:00:00+00:00,3.070003411373494e-06,0.64974513737284
2050-01-11 13:00:00+00:00,3.022816141139047e-06,0.6490907791633517
2050-01-11 14:00:00+00:00,2.970926409407482e-06,0.6484363183100001
2050-01-11 15:00:00+00:00,2.798299119330404e-06,0.6477817916655868
2050-01-11 16:00:00+00:00,2.661154941960709e-06,0.6471272146461898
2050-01-11 17:00:00+00:00,2.418910917549542e-06,0.6464725494060873
2050-01-11 18:00:00+00:00,2.190219755760793e-06,0.645817790809054
2050-01-11 19:00:00+00:00,1.936599365178325e-06,0.6451629755184144
2050-01-11 20:00:00+00:00,1.642490803397178e-06,0.6445080537274257
2050-01-11 21:00:00+00:00,1.2783930032189121e-06,0.6438530148003526
2050-01-11 22:00:00+00:00,7.571583222787662e-07,0.6431978540520239
2050-01-11 23:00:00+00:00,6.181799718684547e-07,0.6425425716481722
2050-01-12 00:00:00+00:00,4.532488872314875e-07,0.6418871628849412
2050-01-12 01:00:00+00:00,4.579222132963706e-07,0.6412316333690666
2050-01-12 02:00:00+00:00,5.649422306557193e-07,0.6405759963145081
2050-01-12 03:00:00+00:00,7.483306708752493e-07,0.6399202555659116
2050-01-12 04:00:00+00:00,8.683307011268359e-07,0.6392644094603869
2050-01-12 05:00:00+00:00,9.636060654156391e-07,0.638608485893019
2050-01-12 06:00:00+00:00,1.0436347556052635e-06,0.6379524805492998
2050-01-12 07:00:00+00:00,1.0650561369949964e-06,0.637296397390175
2050-01-12 08:00:00+00:00,1.1186679708131324e-06,0.6366402210740175
2050-01-12 09:00:00+00:00,0.005613102141163732,0.6359839511884918
2050-01-12 10:00:00+00:00,0.05952642288213499,0.6353275684612144
2050-01-12 11:00:00+00:00,0.1134397502542678,0.6346710435913953
2050-01-12 12:00:00+00:00,0.16735307289467735,0.6340143523260762
2050-01-12 13:00:00+00:00,0.16735312422913723,0.6333575170953554
2050-01-12 14:00:00+00:00,0.16735316732338507,0.6327005210598444
2050-01-12 15:00:00+00:00,0.16735322129459648,0.632043411832312
2050-01-12 16:00:00+00:00,0.1673531426534141,0.6313862892808179
2050-01-12 17:00:00+00:00,0.16735306166436847,0.630729200188317
2050-01-12 18:00:00+00:00,0.16735297887620715,0.6300722142260481
2050-01-12 19:00:00+00:00,0.16735289461346978,0.6294153467882551
2050-01-12 20:00:00+00:00,0.1673528093211375,0.6287586346327824
2050-01-12 21:00:00+00:00,0.16735272325352257,0.628102075545761
2050-01-12 22:00:00+00:00,0.16735263647650492,0.6274457193154187
2050-01-12 23:00:00+00:00,0.1673525495033607,0.6267896112327528
2050-01-13 00:00:00+00:00,0.16735246228306647,0.626134015342117
2050-01-13 01:00:00+00:00,0.16735237489860613,0.6254789049610798
2050-01-13 02:00:00+00:00,0.16735228730886567,0.6248241040265367
2050-01-13 03:00:00+00:00,0.16735219864482154,0.6241694561855893
2050-01-13 04:00:00+00:00,0.1673521085606801,0.6235149099009377
2050-01-13 05:00:00+00:00,0.16735201841540032,0.6228604924492457
2050-01-13 06:00:00+00:00,0.16735192861252515,0.6222062593502734
2050-01-13 07:00:00+00:00,0.1673518399141273,0.6215521212113675
2050-01-13 08:00:00+00:00,0.1673517990317821,0.620898112140083
2050-01-13 09:00:00+00:00,0.16735175993284396,0.6202442593316732
2050-01-13 10:00:00+00:00,0.16735172122789654,0.6195904825808896
2050-01-13 11:00:00+00:00,0.16735168185892704,0.6189367987083486
2050-01-13 12:00:00+00:00,0.1673516425235528,0.6182831556277832
2050-01-13 13:00:00+00:00,0.16735160324486367,0.6176296781014491
2050-01-13 14:00:00+00:00,0.1673515646945361,0.6169764669492428
2050-01-13 15:00:00+00:00,0.16735150399486096,0.6163234815161727
2050-01-13 16:00:00+00:00,0.1672095828634301,0.6156706344635859
2050-01-13 17:00:00+00:00,0.16706566100816322,0.6150179920158065
2050-01-13 18:00:00+00:00,0.16692112762503952,0.6143655034149762
2050-01-13 19:00:00+00:00,0.16677652901830678,0.6137131640321485
2050-01-13 20:00:00+00:00,0.1666314886531701,0.6130609323668016
2050-01-13 21:00:00+00:00,0.13002558165752834,0.6124087680581743
2050-01-13 22:00:00+00:00,0.12987990367063093,0.6117567505911893
2050-01-13 23:00:00+00:00,0.1297350729397384,0.6111048012118134
2050-01-14 00:00:00+00:00,0.12959024055281568,0.6104529192759502
2050-01-14 01:00:00+00:00,0.12944585569266484,0.6098011137501022
2050-01-14 02:00:00+00:00,0.12930266107956712,0.6091493854380415
2050-01-14 03:00:00+00:00,0.12915882243710355,0.6084976831094123
2050-01-14 04:00:00+00:00,0.129013801104223,0.6078459974696867
2050-01-14 05:00:00+00:00,0.128867657134881,0.6071943089583577
2050-01-14 06:00:00+00:00,0.06450438574037684,0.6065426369668943
2050-01-14 07:00:00+00:00,0.00025886530779123087,0.6058909811618056
2050-01-14 08:00:00+00:00,4.935106570056002e-08,0.6052393535470298
2050-01-14 09:00:00+00:00,0.04382129872119728,0.6045877389099567
2050-01-14 10:00:00+00:00,0.09763357543563385,0.6039361477326608
2050-01-14 11:00:00+00:00,0.15144542521003565,0.6032845051265007
2050-01-14 12:00:00+00:00,0.20525598968348466,0.602632785149698
2050-01-14 13:00:00+00:00,0.25906495226148735,0.6019810097861626
2050-01-14 14:00:00+00:00,0.3010430200761183,0.6013291863720598
2050-01-14 15:00:00+00:00,0.3010431932017678,0.6006773262081956
2050-01-14 16:00:00+00:00,0.3010433695669511,0.6000255017526026
2050-01-14 17:00:00+00:00,0.3010435443014628,0.5993738455748678
2050-01-14 18:00:00+00:00,0.30104371982012423,0.598722252260296
2050-01-14 19:00:00+00:00,0.3010438953552423,0.5980706556114411
2050-01-14 20:00:00+00:00,0.34059976400213154,0.597419056305134
2050-01-14 21:00:00+00:00,0.3804090130425031,0.5967674721222037
2050-01-14 22:00:00+00:00,0.4194450623722497,0.596115899557838
2050-01-14 23:00:00+00:00,0.45943831517646505,0.5954643884519749
2050-01-15 00:00:00+00:00,0.49970732604897045,0.5948131696701512
2050-01-15 01:00:00+00:00,0.5402966468605322,0.5941621703558913
2050-01-15 02:00:00+00:00,0.5810570149445439,0.5935114334459898
2050-01-15 03:00:00+00:00,0.6219324117467878,0.5928613258529862
2050-01-15 04:00:00+00:00,0.6626596768520199,0.5922118756046069
2050-01-15 05:00:00+00:00,0.69875257423307,0.5915636117895174
2050-01-15 06:00:00+00:00,0.6987527491542599,0.5909170358894077
2050-01-15 07:00:00+00:00,0.6987529239452606,0.5902720387521775
2050-01-15 08:00:00+00:00,0.6987530875718574,0.5896293951830882
2050-01-15 09:00:00+00:00,0.7422477925842118,0.5889886265017656
2050-01-15 10:00:00+00:00,0.7960615848365812,0.5883484943709912
2050-01-15 11:00:00+00:00,0.8498763507657757,0.5877084841584207
2050-01-15 12:00:00+00:00,0.9036930144601641,0.5870684893628948
2050-01-15 13:00:00+00:00,0.9575109624067366,0.5864286556982969
2050-01-15 14:00:00+00:00,0.9999999888402762,0.5857888778439627
2050-01-15 15:00:00+00:00,0.9999998101360251,0.5851491932639631
2050-01-15 16:00:00+00:00,0.9282601136211978,0.5845095582381528
2050-01-15 17:00:00+00:00,0.8565208097603197,0.5838699418827111
2050-01-15 18:00:00+00:00,0.78478313797826,0.5832303415739308
2050-01-15 19:00:00+00:00,0.7130465334674199,0.5825908275346027
2050-01-15 20:00:00+00:00,0.7007133699617657,0.5819514045721624
2050-01-15 21:00:00+00:00,0.6889511233409964,0.5813121486777851
2050-01-15 22:00:00+00:00,0.6772325872862881,0.5806731538271631
2050-01-15 23:00:00+00:00,0.6659324170276083,0.5800345076652357
2050-01-16 00:00:00+00:00,0.6549852760753966,0.5793962631533018
2050-01-16 01:00:00+00:00,0.6499921996324352,0.5787583818332187
2050-01-16 02:00:00+00:00,0.6499920859426982,0.578120873195157
2050-01-16 03:00:00+00:00,0.649991924927995,0.5774836579574787
2050-01-16 04:00:00+00:00,0.649991692420572,0.5768467078067412
2050-01-16 05:00:00+00:00,0.6402617475815754,0.576210020248346
2050-01-16 06:00:00+00:00,0.6297749450041833,0.5755736561009073
2050-01-16 07:00:00+00:00,0.6193098407384235,0.5749378279959233
2050-01-16 08:00:00+00:00,0.6024843554032252,0.5743025800741307
2050-01-16 09:00:00+00:00,0.602484193740774,0.5736681474571094
2050-01-16 10:00:00+00:00,0.602484031611659,0.5730347647065018
2050-01-16 11:00:00+00:00,0.6024838702513284,0.572402701069466
2050-01-16 12:00:00+00:00,0.6024837055097311,0.5717720121392796
2050-01-16 13:00:00+00:00,0.6024835429498769,0.5711422908387497
2050-01-16 14:00:00+00:00,0.6024833796605145,0.5705134783113169
2050-01-16 15:00:00+00:00,0.590626929277657,0.5698855559521642
2050-01-16 16:00:00+00:00,0.5188961518159322,0.5692587164337543
2050-01-16 17:00:00+00:00,0.44716848351183974,0.5686327748592368
2050-01-16 18:00:00+00:00,0.37543766132087786,0.568008606437155
2050-01-16 19:00:00+00:00,0.35991549899743513,0.5673862923007519
2050-01-16 20:00:00+00:00,0.34562484139607946,0.5667658431783859
2050-01-16 21:00:00+00:00,0.33140727425866257,0.5661466226239897
2050-01-16 22:00:00+00:00,0.3168126585473331,0.5655279961935263
2050-01-16 23:00:00+00:00,0.30206905829782965,0.5649096656031782
2050-01-17 00:00:00+00:00,0.286925211150621,0.5642914823777596
2050-01-17 01:00:00+00:00,0.27153562737158493,0.5636733572873374
2050-01-17 02:00:00+00:00,0.25586433637048206,0.563055227991709
2050-01-17 03:00:00+00:00,0.2403065327702318,0.5624370511644066
2050-01-17 04:00:00+00:00,0.2235548186913637,0.5618187916355875
2050-01-17 05:00:00+00:00,0.1692328587676472,0.56120040236771
2050-01-17 06:00:00+00:00,0.0975007637545324,0.5605818503676208
2050-01-17 07:00:00+00:00,0.025766846595912486,0.5599630793599522
2050-01-17 08:00:00+00:00,2.6713437504524444e-08,0.5593440404460808
2050-01-17 09:00:00+00:00,8.947944099929122e-08,0.5587247299178921
2050-01-17 10:00:00+00:00,8.684380149866087e-08,0.5581051565575321
2050-01-17 11:00:00+00:00,0.05391339667248145,0.5574852958840149
2050-01-17 12:00:00+00:00,0.10782672099631944,0.5568651747227884
2050-01-17 13:00:00+00:00,0.1380845459767548,0.5562447768157064
2050-01-17 14:00:00+00:00,0.1380843690778206,0.5556240695310976
2050-01-17 15:00:00+00:00,0.13796368142757243,0.5550029944143346
2050-01-17 16:00:00+00:00,0.10680702687012258,0.5543814833242517
2050-01-17 17:00:00+00:00,0.07066531838295967,0.5537595070262947
2050-01-17 18:00:00+00:00,0.028437769818505258,0.5531369985328751
2050-01-17 19:00:00+00:00,0.0025514559168238905,0.5525136049384104
2050-01-17 20:00:00+00:00,0.002423569266636235,0.5518892435759715
2050-01-17 21:00:00+00:00,0.002288917561232371,0.5512638680252566
2050-01-17 22:00:00+00:00,0.002146675971790018,0.550637529430789
2050-01-17 23:00:00+00:00,0.001995442264237668,0.5500100417711427
2050-01-18 00:00:00+00:00,0.0018322648442307622,0.5493810218432496
2050-01-18 01:00:00+00:00,0.0016553948115180014,0.5487503986943822
2050-01-18 02:00:00+00:00,0.001643555892591539,0.5481179683627503
2050-01-18 03:00:00+00:00,0.0016431261681687085,0.5474838205347129
2050-01-18 04:00:00+00:00,0.001642693205165835,0.5468483115222396
2050-01-18 05:00:00+00:00,0.0013264538561691634,0.5462119700038844
2050-01-18 06:00:00+00:00,0.0009137964650685381,0.5455751207229361
2050-01-18 07:00:00+00:00,9.758888161058139e-05,0.544938033960004
2050-01-18 08:00:00+00:00,8.98488770168177e-05,0.5443008305579569
2050-01-18 09:00:00+00:00,8.965323984156851e-05,0.5436633500684532
2050-01-18 10:00:00+00:00,8.945983926431367e-05,0.5430255794939197
2050-01-18 11:00:00+00:00,8.926433200690323e-05,0.5423875526841463
2050-01-18 12:00:00+00:00,8.906720369834784e-05,0.5417493264333402
2050-01-18 13:00:00+00:00,8.886805013758235e-05,0.5411110096245747
2050-01-18 14:00:00+00:00,8.832891836084105e-05,0.5404727379858524
2050-01-18 15:00:00+00:00,8.336926277329276e-05,0.5398345730927768
2050-01-18 16:00:00+00:00,7.81253813920102e-05,0.5391966089608816
2050-01-18 17:00:00+00:00,7.253769931105098e-05,0.5385590406007466
2050-01-18 18:00:00+00:00,6.654135104192076e-05,0.5379221754823703
2050-01-18 19:00:00+00:00,6.009657751635971e-05,0.5372868315999711
2050-01-18 20:00:00+00:00,5.305028926252621e-05,0.5366535807830517
2050-01-18 21:00:00+00:00,4.5101559344018796e-05,0.5360225538718039
2050-01-18 22:00:00+00:00,3.5758476044303666e-05,0.5353935779870727
2050-01-18 23:00:00+00:00,2.361579316246097e-05,0.5347657955499563
2050-01-19 00:00:00+00:00,1.0252660463864406e-06,0.5341387218276497
2050-01-19 01:00:00+00:00,7.932756637728075e-08,0.5335123242417545
2050-01-19 02:00:00+00:00,6.729900911352693e-08,0.5328864482391121
2050-01-19 03:00:00+00:00,3.112363992236194e-07,0.5322609982721824
2050-01-19 04:00:00+00:00,1.2661386554761701e-06,0.5316361237821051
2050-01-19 05:00:00+00:00,1.7958955815831093e-06,0.531011762644268
2050-01-19 06:00:00+00:00,2.2054936659661314e-06,0.5303883080077721
2050-01-19 07:00:00+00:00,2.317394191081784e-06,0.5297656683146605
2050-01-19 08:00:00+00:00,2.6508339068044908e-06,0.5291440336418224
2050-01-19 09:00:00+00:00,0.036511951869464446,0.5285237290507593
2050-01-19 10:00:00+00:00,0.0748073607288319,0.5279049937617976
2050-01-19 11:00:00+00:00,0.11212656220537874,0.5272880474505107
2050-01-19 12:00:00+00:00,0.14864373042812087,0.526672970798815
2050-01-19 13:00:00+00:00,0.1841470323746138,0.5260597374689707
2050-01-19 14:00:00+00:00,0.2187451250845705,0.5254484223208694
2050-01-19 15:00:00+00:00,0.24055934866665962,0.5248388670241975
2050-01-19 16:00:00+00:00,0.2529857324123215,0.5242311357328959
2050-01-19 17:00:00+00:00,0.27456244565555205,0.5236254544966046
2050-01-19 18:00:00+00:00,0.30006003206614246,0.5230223812908883
2050-01-19 19:00:00+00:00,0.3297972135870748,0.5224223947506869
2050-01-19 20:00:00+00:00,0.36149501854350374,0.5218272680627504
2050-01-19 21:00:00+00:00,0.39279286423738197,0.5212390315426046
2050-01-19 22:00:00+00:00,0.42391128885488716,0.520657849252812
2050-01-19 23:00:00+00:00,0.4564204249311662,0.5200827872293957
2050-01-20 00:00:00+00:00,0.48943102281076156,0.5195129028064474
2050-01-20 01:00:00+00:00,0.5231458386929838,0.5189470657905333
2050-01-20 02:00:00+00:00,0.5579068007509015,0.5183848031030982
2050-01-20 03:00:00+00:00,0.5922285579382536,0.5178258532631949
2050-01-20 04:00:00+00:00,0.6263321563577708,0.5172698196861936
2050-01-20 05:00:00+00:00,0.6596614842821409,0.5167154037828198
2050-01-20 06:00:00+00:00,0.6920148263702044,0.5161618146997573
2050-01-20 07:00:00+00:00,0.7226768612685892,0.5156088719978656
2050-01-20 08:00:00+00:00,0.7554265402999673,0.5150564193636316
2050-01-20 09:00:00+00:00,0.7896800395640368,0.514504421664719
2050-01-20 10:00:00+00:00,0.8231319670832957,0.5139531205919511
2050-01-20 11:00:00+00:00,0.8565364632738642,0.5134027208335432
2050-01-20 12:00:00+00:00,0.8898644066020092,0.5128535025063066
2050-01-20 13:00:00+00:00,0.9206483186517932,0.5123051870315277
2050-01-20 14:00:00+00:00,0.9206496997604305,0.511757603626555
2050-01-20 15:00:00+00:00,0.9206498351967911,0.5112111536329822
2050-01-20 16:00:00+00:00,0.9206499695489766,0.510665694694666
2050-01-20 17:00:00+00:00,0.9206501030904336,0.5101207453273667
2050-01-20 18:00:00+00:00,0.9206502363485306,0.5095760944328342
2050-01-20 19:00:00+00:00,0.9206503696811584,0.509031500888955
2050-01-20 20:00:00+00:00,0.92065050339191,0.5084869944593384
2050-01-20 21:00:00+00:00,0.9206506375202625,0.5079425223478464
2050-01-20 22:00:00+00:00,0.9206507718516409,0.5073979856561041
2050-01-20 23:00:00+00:00,0.9206509068520895,0.506853481313756
2050-01-21 00:00:00+00:00,0.9206510421735963,0.5063090386549547
2050-01-21 01:00:00+00:00,0.9206511769949014,0.50576472391187
2050-01-21 02:00:00+00:00,0.9206513100067514,0.5052204688192627
2050-01-21 03:00:00+00:00,0.9206514445337217,0.5046762905950763
2050-01-21 04:00:00+00:00,0.9206517115335671,0.5041322248869902
2050-01-21 05:00:00+00:00,0.9206518459987518,0.5035883294858476
2050-01-21 06:00:00+00:00,0.9206519814855375,0.5030445991441109
2050-01-21 07:00:00+00:00,0.9206521175102109,0.5025009751754257
2050-01-21 08:00:00+00:00,0.9206522530813283,0.5019574121604713
2050-01-21 09:00:00+00:00,0.9206523890418327,0.5014139170754421
2050-01-21 10:00:00+00:00,0.9206528228525173,0.5008705850549606
2050-01-21 11:00:00+00:00,0.949699823218195,0.5003275513424007
2050-01-21 12:00:00+00:00,0.9999964169619422,0.4997849198262555
2050-01-21 13:00:00+00:00,0.9999970376594071,0.49924268173732106
2050-01-21 14:00:00+00:00,0.9999976846992782,0.4987009497161002
2050-01-21 15:00:00+00:00,0.9999986055366867,0.4981596620243065
2050-01-21 16:00:00+00:00,0.9999984531157725,0.4976185738350251
2050-01-21 17:00:00+00:00,0.9999983379971025,0.4970775193895251
2050-01-21 18:00:00+00:00,0.999998241300354,0.4965365940265422
2050-01-21 19:00:00+00:00,0.9999981591562209,0.49599588807506184
2050-01-21 20:00:00+00:00,0.999998089463309,0.495455345643128
2050-01-21 21:00:00+00:00,0.9999980308196998,0.4949148859384913
2050-01-21 22:00:00+00:00,0.9999979822890387,0.4943744722413837
2050-01-21 23:00:00+00:00,0.9999979450036076,0.49383403461802633
2050-01-22 00:00:00+00:00,0.9999979165247607,0.4932933390895845
2050-01-22 01:00:00+00:00,0.999997896730584,0.49275247628139845
2050-01-22 02:00:00+00:00,0.9999978852403447,0.4922113825727941
2050-01-22 03:00:00+00:00,0.9999978818099029,0.4916696749448194
2050-01-22 04:00:00+00:00,0.9999978862478462,0.4911273192938125
2050-01-22 05:00:00+00:00,0.9999978993801844,0.49058378741800446
2050-01-22 06:00:00+00:00,0.9999979218701981,0.4900385896097625
2050-01-22 07:00:00+00:00,0.999997951881115,0.4894918813298449
2050-01-22 08:00:00+00:00,0.9999979916656101,0.48894291125122047
2050-01-22 09:00:00+00:00,0.9999981380579347,0.48839217024388104
2050-01-22 10:00:00+00:00,0.9999984217686637,0.4878409296485571
2050-01-22 11:00:00+00:00,0.9999986684977438,0.4872897015607357
2050-01-22 12:00:00+00:00,0.9999989320145513,0.48673861166371085
2050-01-22 13:00:00+00:00,0.999999291954278,0.4861875678677259
2050-01-22 14:00:00+00:00,0.9999999776351349,0.48563668376463637
2050-01-22 15:00:00+00:00,0.9999999683866345,0.4850858553248001
2050-01-22 16:00:00+00:00,0.9999996334219082,0.4845350651250146
2050-01-22 17:00:00+00:00,0.9999994505609143,0.4839843815383451
2050-01-22 18:00:00+00:00,0.9999993209220642,0.48343377682084737
2050-01-22 19:00:00+00:00,0.9999992210999225,0.48288316775622847
2050-01-22 20:00:00+00:00,0.999999140631737,0.4823325609310825
2050-01-22 21:00:00+00:00,0.9999990737422584,0.4817818760365982
2050-01-22 22:00:00+00:00,0.9999990169978219,0.48123099820263515
2050-01-22 23:00:00+00:00,0.9999989681899335,0.48067983592774555
2050-01-23 00:00:00+00:00,0.9999989243797544,0.48012832275235967
2050-01-23 01:00:00+00:00,0.9999988892641037,0.47957651328808454
2050-01-23 02:00:00+00:00,0.9999988862137291,0.47902441191123507
2050-01-23 03:00:00+00:00,0.9999988612403357,0.47847210410894037
2050-01-23 04:00:00+00:00,0.9999988396242299,0.47791966432480953
2050-01-23 05:00:00+00:00,0.9999988219268253,0.4773671851675642
2050-01-23 06:00:00+00:00,0.9999988078972971,0.4768147553606506
2050-01-23 07:00:00+00:00,0.9999987971603082,0.4762621253423749
2050-01-23 08:00:00+00:00,0.9999987893666934,0.47570915214251563
2050-01-23 09:00:00+00:00,0.9999988107140456,0.4751556654239484
2050-01-23 10:00:00+00:00,0.9999988359940554,0.4746014585358616
2050-01-23 11:00:00+00:00,0.9999988643529494,0.4740462600957576
2050-01-23 12:00:00+00:00,0.9999988972781796,0.47349000295829524
2050-01-23 13:00:00+00:00,0.9999989355330283,0.47293310848726733
2050-01-23 14:00:00+00:00,0.9999989776821754,0.4723755893466856
2050-01-23 15:00:00+00:00,0.9977910887294194,0.47181744392150665
2050-01-23 16:00:00+00:00,0.9260576357500998,0.47125847152293837
2050-01-23 17:00:00+00:00,0.8543230597906968,0.470698722645704
2050-01-23 18:00:00+00:00,0.7825932772254659,0.47013728793407605
2050-01-23 19:00:00+00:00,0.7634969735573109,0.4695740513501434
2050-01-23 20:00:00+00:00,0.7473650168214425,0.4690089981967579
2050-01-23 21:00:00+00:00,0.7328379033434496,0.4684427777098685
2050-01-23 22:00:00+00:00,0.7187601755462674,0.46787603632275127
2050-01-23 23:00:00+00:00,0.7078758630976233,0.4673091701736392
2050-01-24 00:00:00+00:00,0.696456922608444,0.4667423365629004
2050-01-24 01:00:00+00:00,0.6858519297276959,0.4661755755982562
2050-01-24 02:00:00+00:00,0.6738833297357382,0.46560890407535566
2050-01-24 03:00:00+00:00,0.6629755769896214,0.4650424163404409
2050-01-24 04:00:00+00:00,0.650692295383501,0.46447615609577364
2050-01-24 05:00:00+00:00,0.6371221824908687,0.4639100954821857
2050-01-24 06:00:00+00:00,0.6226139649369774,0.4633441933369471
2050-01-24 07:00:00+00:00,0.5508779223691342,0.46277851983232887
2050-01-24 08:00:00+00:00,0.5378496994362636,0.46221309325624466
2050-01-24 09:00:00+00:00,0.5378495380617132,0.4616479574235659
2050-01-24 10:00:00+00:00,0.5378493773500518,0.4610830498440008
2050-01-24 11:00:00+00:00,0.5378492172859111,0.46051841863096943
2050-01-24 12:00:00+00:00,0.5378490569440175,0.45995407102852304
2050-01-24 13:00:00+00:00,0.5378488980914146,0.45939027214376216
2050-01-24 14:00:00+00:00,0.5378487568723842,0.45882684224942344
2050-01-24 15:00:00+00:00,0.5253635909063525,0.4582637464157166
2050-01-24 16:00:00+00:00,0.45362688581736954,0.45770086891098877
2050-01-24 17:00:00+00:00,0.3818897810219951,0.4571381811232282
2050-01-24 18:00:00+00:00,0.36701592084141776,0.45657564700720565
2050-01-24 19:00:00+00:00,0.3526039617442771,0.4560132691650652
2050-01-24 20:00:00+00:00,0.33824779311043757,0.45545103356234035
2050-01-24 21:00:00+00:00,0.32343255752410577,0.454888918231523
2050-01-24 22:00:00+00:00,0.30735421768046156,0.45432689628824974
2050-01-24 23:00:00+00:00,0.29148921084058305,0.4537649489614502
2050-01-25 00:00:00+00:00,0.27523279620998936,0.4532030607777521
2050-01-25 01:00:00+00:00,0.2534775777657051,0.4526412062924089
2050-01-25 02:00:00+00:00,0.22265575290680456,0.4520794064300597
2050-01-25 03:00:00+00:00,0.19315165970977302,0.4515176460574597
2050-01-25 04:00:00+00:00,0.1763447021930321,0.45095588412036514
2050-01-25 05:00:00+00:00,0.15734288407330377,0.4503940142556057
2050-01-25 06:00:00+00:00,0.08561282506091863,0.44983206173561757
2050-01-25 07:00:00+00:00,0.013874214669566265,0.44926988418545016
2050-01-25 08:00:00+00:00,1.3577722521631498e-08,0.4487074334842308
2050-01-25 09:00:00+00:00,8.799425097687062e-07,0.4481449230322612
2050-01-25 10:00:00+00:00,1.2520713738205914e-06,0.44758238060179456
2050-01-25 11:00:00+00:00,1.5182300350861974e-06,0.44701981865627105
2050-01-25 12:00:00+00:00,1.7271167372024076e-06,0.4464571822536123
2050-01-25 13:00:00+00:00,1.8978082055095793e-06,0.4458944330713583
2050-01-25 14:00:00+00:00,2.039223860601301e-06,0.44533148066925216
2050-01-25 15:00:00+00:00,2.0604655365963086e-06,0.44476830836070486
2050-01-25 16:00:00+00:00,2.065918351454441e-06,0.44420492207262224
2050-01-25 17:00:00+00:00,2.0546630708492107e-06,0.44364117772454714
2050-01-25 18:00:00+00:00,2.0281063273478018e-06,0.4430767757090738
2050-01-25 19:00:00+00:00,1.9823784756597686e-06,0.44251086783672894
2050-01-25 20:00:00+00:00,1.9186977672822695e-06,0.44194293766082504
2050-01-25 21:00:00+00:00,1.8356168125935158e-06,0.44137290921275857
2050-01-25 22:00:00+00:00,1.7273569152255698e-06,0.44080097601420437
2050-01-25 23:00:00+00:00,1.7725521387634393e-06,0.4402280265156055
2050-01-26 00:00:00+00:00,1.7983979227751974e-06,0.43965457491068266
2050-01-26 01:00:00+00:00,1.844946554808549e-06,0.43908093596074677
2050-01-26 02:00:00+00:00,1.863710588922103e-06,0.43850786732498115
2050-01-26 03:00:00+00:00,1.8611232754074327e-06,0.43793543609620783
2050-01-26 04:00:00+00:00,1.8380442174430226e-06,0.4373635306244564
2050-01-26 05:00:00+00:00,1.79470089522387e-06,0.43679238135698295
2050-01-26 06:00:00+00:00,1.6767198464485175e-06,0.43622075807658095
2050-01-26 07:00:00+00:00,1.4948229519704516e-06,0.4356487159826964
2050-01-26 08:00:00+00:00,1.9649078527974554e-06,0.43507639390025926
2050-01-26 09:00:00+00:00,3.870198611333797e-06,0.4354751861439301
2050-01-26 10:00:00+00:00,5.106528724222524e-06,0.43587291284766216
2050-01-26 11:00:00+00:00,6.082879986859835e-06,0.43626937718474035
2050-01-26 12:00:00+00:00,6.913788359694098e-06,0.43666455599489046
2050-01-26 13:00:00+00:00,7.644903924327763e-06,0.43705838275631015
2050-01-26 14:00:00+00:00,8.302822226367036e-06,0.4374507858076006
2050-01-26 15:00:00+00:00,8.491165238109739e-06,0.4368697893627255
2050-01-26 16:00:00+00:00,8.668780202596252e-06,0.43628722100651524
2050-01-26 17:00:00+00:00,8.83530836941408e-06,0.435702666141421
2050-01-26 18:00:00+00:00,8.993460601612591e-06,0.4351154329413831
2050-01-26 19:00:00+00:00,9.140540985278556e-06,0.43452499024987823
2050-01-26 20:00:00+00:00,9.280760303029054e-06,0.4339295281182232
2050-01-26 21:00:00+00:00,9.414537511359202e-06,0.4333270121403761
2050-01-26 22:00:00+00:00,9.540159511099167e-06,0.4327172302950174
2050-01-26 23:00:00+00:00,9.863731000042872e-06,0.4330729929164777
2050-01-27 00:00:00+00:00,1.0285288166476735e-05,0.4334231708407876
2050-01-27 01:00:00+00:00,1.0678775225402233e-05,0.4337688186392379
2050-01-27 02:00:00+00:00,1.1048138079242354e-05,0.43411058792504326
2050-01-27 03:00:00+00:00,1.1400310530540813e-05,0.4344489075335448
2050-01-27 04:00:00+00:00,1.1737305813389585e-05,0.4347842367323905
2050-01-27 05:00:00+00:00,1.2059311506152622e-05,0.4351179208457652
2050-01-27 06:00:00+00:00,1.2725672675195662e-05,0.4354507431245796
2050-01-27 07:00:00+00:00,1.3013302722282609e-05,0.43578293023451425
2050-01-27 08:00:00+00:00,1.370353355452352e-05,0.43611467447625646
2050-01-27 09:00:00+00:00,1.435123862495332e-05,0.4364459691846464
2050-01-27 10:00:00+00:00,1.4970288049548482e-05,0.43677665898208634
2050-01-27 11:00:00+00:00,1.5557857426870725e-05,0.4371065453267788
2050-01-27 12:00:00+00:00,1.6118277738957762e-05,0.43743541343758807
2050-01-27 13:00:00+00:00,1.6654808510685797e-05,0.43776355890738056
2050-01-27 14:00:00+00:00,1.717725060834781e-05,0.4380913691532127
2050-01-27 15:00:00+00:00,1.7403046780285137e-05,0.43841856077545155
2050-01-27 16:00:00+00:00,1.756139545938667e-05,0.43874529035022625
2050-01-27 17:00:00+00:00,1.7714811485585786e-05,0.4390722812007367
2050-01-27 18:00:00+00:00,1.7863554624108133e-05,0.4394004427568186
2050-01-27 19:00:00+00:00,1.8007816784933683e-05,0.4397307047281397
2050-01-27 20:00:00+00:00,1.814793508915368e-05,0.4400643831268799
2050-01-27 21:00:00+00:00,1.828419597777556e-05,0.44040231038230115
2050-01-27 22:00:00+00:00,1.8415759098472315e-05,0.4407445744172048
2050-01-27 23:00:00+00:00,1.859390228002528e-05,0.44109034449901235
2050-01-28 00:00:00+00:00,1.8767211777847614e-05,0.4414383155387634
2050-01-28 01:00:00+00:00,1.8935875771883118e-05,0.4417876553161238
2050-01-28 02:00:00+00:00,1.9100070446183223e-05,0.4421375387749009
2050-01-28 03:00:00+00:00,1.9260516993607134e-05,0.4424877746850299
2050-01-28 04:00:00+00:00,1.9369752834034065e-05,0.4428384350412331
2050-01-28 05:00:00+00:00,1.9475168771006985e-05,0.4431894810506835
2050-01-28 06:00:00+00:00,1.957723866233092e-05,0.4435410298829107
2050-01-28 07:00:00+00:00,1.9676510397401944e-05,0.4438930880502782
2050-01-28 08:00:00+00:00,1.9815136762509824e-05,0.44424580047314344
2050-01-28 09:00:00+00:00,2.3054821432413412e-05,0.44459893017198515
2050-01-28 10:00:00+00:00,2.5664679447749945e-05,0.44495241254406426
2050-01-28 11:00:00+00:00,2.8070415117917658e-05,0.4453063324662421
2050-01-28 12:00:00+00:00,3.0276055907780392e-05,0.4456606829712574
2050-01-28 13:00:00+00:00,3.235078850920006e-05,0.44601545527903447
2050-01-28 14:00:00+00:00,3.433922152658215e-05,0.44637046014923387
2050-01-28 15:00:00+00:00,3.528403356330448e-05,0.4467256099403862
2050-01-28 16:00:00+00:00,3.56178354544084e-05,0.4470808260028792
2050-01-28 17:00:00+00:00,3.594454397280844e-05,0.4474359805223558
2050-01-28 18:00:00+00:00,3.626695630997114e-05,0.4477910471853201
2050-01-28 19:00:00+00:00,3.658529818931021e-05,0.4481460008221678
2050-01-28 20:00:00+00:00,3.6900013288278344e-05,0.448500890393854
2050-01-28 21:00:00+00:00,3.721076507074832e-05,0.4488557744653465
2050-01-28 22:00:00+00:00,3.7998639114655734e-05,0.4492106942149529
2050-01-28 23:00:00+00:00,3.876049870617494e-05,0.44956567649909474
2050-01-29 00:00:00+00:00,3.952486887564768e-05,0.4499207432570476
2050-01-29 01:00:00+00:00,4.031503560127428e-05,0.4502758732498918
2050-01-29 02:00:00+00:00,4.1081047183251326e-05,0.4506311004976875
2050-01-29 03:00:00+00:00,4.183857007699441e-05,0.45098646344089177
2050-01-29 04:00:00+00:00,4.253555718519879e-05,0.4513420230173678
2050-01-29 05:00:00+00:00,4.281105111619623e-05,0.4516978190575638
2050-01-29 06:00:00+00:00,4.308665305554311e-05,0.4520538151151653
2050-01-29 07:00:00+00:00,4.335916505875369e-05,0.4524100738157849
2050-01-29 08:00:00+00:00,4.361864025266561e-05,0.45276663814776724
2050-01-29 09:00:00+00:00,4.4236906365581615e-05,0.45312354798751353
2050-01-29 10:00:00+00:00,0.05199308091384015,0.45348083410525125
2050-01-29 11:00:00+00:00,0.10472029769688479,0.4538388986092932
2050-01-29 12:00:00+00:00,0.15744406845379666,0.454197784947481
2050-01-29 13:00:00+00:00,0.21018063136428178,0.4545575944574953
2050-01-29 14:00:00+00:00,0.2486458251997539,0.45491840156039
2050-01-29 15:00:00+00:00,0.24864643515892637,0.4552804258904936
2050-01-29 16:00:00+00:00,0.24864686618960777,0.4556437359677779
2050-01-29 17:00:00+00:00,0.24864730013875927,0.45600746930494235
2050-01-29 18:00:00+00:00,0.24864773253086972,0.45637136716140897
2050-01-29 19:00:00+00:00,0.2486481658748558,0.4567354288444917
2050-01-29 20:00:00+00:00,0.24864874858816394,0.45709963674082793
2050-01-29 21:00:00+00:00,0.2486493310790337,0.45746395333155865
2050-01-29 22:00:00+00:00,0.24864990937173295,0.45782839526098484
2050-01-29 23:00:00+00:00,0.24865053167652132,0.4581929566899255
2050-01-30 00:00:00+00:00,0.2486511664337082,0.45855764641532765
2050-01-30 01:00:00+00:00,0.24865175614183005,0.45892245165153905
2050-01-30 02:00:00+00:00,0.24865226744867355,0.45928735994579206
2050-01-30 03:00:00+00:00,0.24865288925389412,0.45965238001379277
2050-01-30 04:00:00+00:00,0.24865352791026238,0.460017444744201
2050-01-30 05:00:00+00:00,0.24865417549842878,0.4603824720482003
2050-01-30 06:00:00+00:00,0.2486548262540067,0.46074731668010693
2050-01-30 07:00:00+00:00,0.24865547939592164,0.46111202305644505
2050-01-30 08:00:00+00:00,0.3017531272238305,0.461476724374187
2050-01-30 09:00:00+00:00,0.3555913669144659,0.46184144976412417
2050-01-30 10:00:00+00:00,0.409411699244071,0.46220642247980503
2050-01-30 11:00:00+00:00,0.4633244347075685,0.46257208260264365
2050-01-30 12:00:00+00:00,0.5172371058062111,0.4629388963140322
2050-01-30 13:00:00+00:00,0.5710555993235763,0.4633069595557912
2050-01-30 14:00:00+00:00,0.6248951803568457,0.4636764629707609
2050-01-30 15:00:00+00:00,0.6780478882483264,0.464047476577104
2050-01-30 16:00:00+00:00,0.6780483431123007,0.4644193185048172
2050-01-30 17:00:00+00:00,0.6780487719359662,0.4647923508082404
2050-01-30 18:00:00+00:00,0.6780492001771675,0.4651666513800634
2050-01-30 19:00:00+00:00,0.6780496265153969,0.46554271879903775
2050-01-30 20:00:00+00:00,0.6780500518896369,0.46592091868169266
2050-01-30 21:00:00+00:00,0.6780504768718489,0.46630064961108036
2050-01-30 22:00:00+00:00,0.6780509021883995,0.4666814268104373
2050-01-30 23:00:00+00:00,0.6780513248363897,0.46706278000860757
2050-01-31 00:00:00+00:00,0.6780517610307938,0.4674443495225804
2050-01-31 01:00:00+00:00,0.6780521941156643,0.46782604166220804
2050-01-31 02:00:00+00:00,0.6780526243020296,0.4682077701183097
2050-01-31 03:00:00+00:00,0.6780530480098587,0.46858945390251505
2050-01-31 04:00:00+00:00,0.6780534735688655,0.4689710726237025
2050-01-31 05:00:00+00:00,0.6780538967627501,0.4693526761684346
2050-01-31 06:00:00+00:00,0.6780543234954124,0.46973430791419984
2050-01-31 07:00:00+00:00,0.678054753833206,0.4701158917814232
2050-01-31 08:00:00+00:00,0.678055398776379,0.47049741961254893
2050-01-31 09:00:00+00:00,0.7312686288295227,0.4708788903706255
2050-01-31 10:00:00+00:00,0.7851141463752659,0.4712606254531601
2050-01-31 11:00:00+00:00,0.8389567179116595,0.4716430847115852
2050-01-31 12:00:00+00:00,0.8928014068715656,0.4720266739864464
2050-01-31 13:00:00+00:00,0.9466482887129885,0.4724112614399656
2050-01-31 14:00:00+00:00,0.9998832886802409,0.472796978915323
2050-01-31 15:00:00+00:00,0.9998839414014187,0.47318362420207993
2050-01-31 16:00:00+00:00,0.9998840392266435,0.4735707429722059
2050-01-31 17:00:00+00:00,0.9998841427360878,0.47395801764154527
2050-01-31 18:00:00+00:00,0.9998842467183426,0.47434542240686495
2050-01-31 19:00:00+00:00,0.9998843512114004,0.4747329474588028
2050-01-31 20:00:00+00:00,0.9998844560185088,0.47512063977306107
2050-01-31 21:00:00+00:00,0.999884561244175,0.4755085216111529
2050-01-31 22:00:00+00:00,0.9998846672559217,0.47589661136540706
2050-01-31 23:00:00+00:00,0.9998847729674797,0.4762848804511149
2050-02-01 00:00:00+00:00,0.9998849816806324,0.47667336337254923
2050-02-01 01:00:00+00:00,0.9998851807675678,0.47706208275557993
2050-02-01 02:00:00+00:00,0.999885288123921,0.4774510831507328
2050-02-01 03:00:00+00:00,0.9998853963782438,0.4778404578496926
2050-02-01 04:00:00+00:00,0.9998855049443095,0.47823041791817933
2050-02-01 05:00:00+00:00,0.9998856148392372,0.47862125757608553
2050-02-01 06:00:00+00:00,0.9998857259253138,0.47901323867389795
2050-02-01 07:00:00+00:00,0.9998858381466259,0.4794065617800067
2050-02-01 08:00:00+00:00,0.9998859503515019,0.47980130038166846
2050-02-01 09:00:00+00:00,0.9998860610934266,0.48019758581217464
2050-02-01 10:00:00+00:00,0.9998863789822717,0.48059598179649926
2050-02-01 11:00:00+00:00,0.9998866967871404,0.48099730604394836
2050-02-01 12:00:00+00:00,0.9998870183157106,0.48140232544709455
2050-02-01 13:00:00+00:00,0.9998871337237385,0.48181200600121743
2050-02-01 14:00:00+00:00,0.9998872474951928,0.48222689720323053
2050-02-01 15:00:00+00:00,0.9998873638368764,0.482647457988584
2050-02-01 16:00:00+00:00,0.9998874816661678,0.48307375437906996
2050-02-01 17:00:00+00:00,0.9998875995180283,0.48350709251386415
2050-02-01 18:00:00+00:00,0.9998877176530535,0.48394740709420775
2050-02-01 19:00:00+00:00,0.9998878366411922,0.48439717965230245
2050-02-01 20:00:00+00:00,0.999887956559753,0.484854862922839
2050-02-01 21:00:00+00:00,0.9998880746212581,0.48531936425792654
2050-02-01 22:00:00+00:00,0.9998881934980446,0.4857917511622235
2050-02-01 23:00:00+00:00,0.999888312713946,0.4862730092410081
2050-02-02 00:00:00+00:00,0.9998884352762598,0.48676383717212796
2050-02-02 01:00:00+00:00,0.9998885575935677,0.48726196274084005
2050-02-02 02:00:00+00:00,0.9998886801908625,0.4877639416821031
2050-02-02 03:00:00+00:00,0.999888803655759,0.48826823518974855
2050-02-02 04:00:00+00:00,0.9998889284324468,0.4887737808621909
2050-02-02 05:00:00+00:00,0.999889054750867,0.4892791794143391
2050-02-02 06:00:00+00:00,0.9998891799499111,0.4897847399818618
2050-02-02 07:00:00+00:00,0.9998893062417329,0.4902906394892558
2050-02-02 08:00:00+00:00,0.9998894225706348,0.4907965278811114
2050-02-02 09:00:00+00:00,0.9998897499817533,0.4913028730848308
2050-02-02 10:00:00+00:00,0.9998900802152569,0.49180982118870786
2050-02-02 11:00:00+00:00,0.9998904115734449,0.4923175551914397
2050-02-02 12:00:00+00:00,0.9998907410239786,0.4928261409844965
2050-02-02 13:00:00+00:00,0.9998911034431465,0.4933354789802684
2050-02-02 14:00:00+00:00,0.9998914369800382,0.4938461139504053
2050-02-02 15:00:00+00:00,0.9998917729153896,0.4943574640047013
2050-02-02 16:00:00+00:00,0.9998918956629183,0.49486954145116396
2050-02-02 17:00:00+00:00,0.9998920160339522,0.4953821563007979
2050-02-02 18:00:00+00:00,0.9998921427364045,0.49589512262108465
2050-02-02 19:00:00+00:00,0.9998922731010486,0.49640864398270357
2050-02-02 20:00:00+00:00,0.9998924055310656,0.49692246402485923
2050-02-02 21:00:00+00:00,0.9998925379149555,0.49743657310731104
2050-02-02 22:00:00+00:00,0.9998926699381032,0.49795102823557796
2050-02-02 23:00:00+00:00,0.9998928016052329,0.49846580482239594
2050-02-03 00:00:00+00:00,0.9998929354112334,0.49898086084578086
2050-02-03 01:00:00+00:00,0.9998930680553567,0.499496149922348
2050-02-03 02:00:00+00:00,0.9998932001870823,0.5000116449069392
2050-02-03 03:00:00+00:00,0.9998933322647019,0.5005273324586004
2050-02-03 04:00:00+00:00,0.9998934651392842,0.5010431905967254
2050-02-03 05:00:00+00:00,0.9998935976451235,0.5015591479582919
2050-02-03 06:00:00+00:00,0.9998937307123723,0.5020751790029275
2050-02-03 07:00:00+00:00,0.9998938643425042,0.502591329095101
2050-02-03 08:00:00+00:00,0.9998939957617969,0.5031075693248134
2050-02-03 09:00:00+00:00,0.9998945011057639,0.5036239173243556
2050-02-03 10:00:00+00:00,0.9998950117056743,0.5041403507175161
2050-02-03 11:00:00+00:00,0.999895527089399,0.5046568021738802
2050-02-03 12:00:00+00:00,0.9998960458294411,0.5051731729174651
2050-02-03 13:00:00+00:00,0.9998965639135026,0.5056893320825765
2050-02-03 14:00:00+00:00,0.9998970789060944,0.5062049852337145
2050-02-03 15:00:00+00:00,0.9998973288976752,0.5067200655788646
2050-02-03 16:00:00+00:00,0.9998975056816408,0.5072345723964317
2050-02-03 17:00:00+00:00,0.9998976794122935,0.5077483351923344
2050-02-03 18:00:00+00:00,0.9998978535931541,0.5082607136498146
2050-02-03 19:00:00+00:00,0.999898028356047,0.508771030439477
2050-02-03 20:00:00+00:00,0.9998982040770971,0.5092779882793173
2050-02-03 21:00:00+00:00,0.9998983811520372,0.509780855062634
2050-02-03 22:00:00+00:00,0.999898558728431,0.5102795745236928
2050-02-03 23:00:00+00:00,0.9998987369691621,0.5107751016060359
2050-02-04 00:00:00+00:00,0.9998990945262163,0.5112686100625162
2050-02-04 01:00:00+00:00,0.9998994534234336,0.5117608626861693
2050-02-04 02:00:00+00:00,0.9998996312584871,0.5122527511770586
2050-02-04 03:00:00+00:00,0.9998998124449054,0.5127445199054917
2050-02-04 04:00:00+00:00,0.9998999912419216,0.5132359596761249
2050-02-04 05:00:00+00:00,0.9999001706673543,0.5137272278574303
2050-02-04 06:00:00+00:00,0.9999003504633779,0.5142182258852046
2050-02-04 07:00:00+00:00,0.999900530855212,0.5147090296254686
2050-02-04 08:00:00+00:00,0.9999007096695639,0.515199705296954
2050-02-04 09:00:00+00:00,0.9999012789336316,0.5156904722168871
2050-02-04 10:00:00+00:00,0.999901844511106,0.5161813051963294
2050-02-04 11:00:00+00:00,0.9999024126123877,0.5166721187714626
2050-02-04 12:00:00+00:00,0.9999029834124749,0.5171630251136384
2050-02-04 13:00:00+00:00,0.999903557279083,0.5176541157007211
2050-02-04 14:00:00+00:00,0.999904133440059,0.5181454759601019
2050-02-04 15:00:00+00:00,0.9999044717420171,0.5186372589734537
2050-02-04 16:00:00+00:00,0.9999046579444778,0.5191296910667796
2050-02-04 17:00:00+00:00,0.9999048445464367,0.5196228161580776
2050-02-04 18:00:00+00:00,0.9999050312562114,0.5201166679322516
2050-02-04 19:00:00+00:00,0.9999052188498332,0.5206112554676464
2050-02-04 20:00:00+00:00,0.9999054048166769,0.521106624315093
2050-02-04 21:00:00+00:00,0.9999055919294482,0.5216027831118303
2050-02-04 22:00:00+00:00,0.9999057806335282,0.5220997267986537
2050-02-04 23:00:00+00:00,0.9999061281309767,0.5225974076149281
2050-02-05 00:00:00+00:00,0.9999064736883725,0.5230958054733204
2050-02-05 01:00:00+00:00,0.9999068216204523,0.5235949510510229
2050-02-05 02:00:00+00:00,0.9999071607057589,0.5240947142288183
2050-02-05 03:00:00+00:00,0.9999074756357083,0.5245952180523012
2050-02-05 04:00:00+00:00,0.9999092309568871,0.5250965149856672
2050-02-05 05:00:00+00:00,0.9999110142124027,0.5255985119673066
2050-02-05 06:00:00+00:00,0.9999128061367324,0.5261012870080889
2050-02-05 07:00:00+00:00,0.9999146089013586,0.5266049587145977
2050-02-05 08:00:00+00:00,0.9999163716808901,0.5271091932124816
2050-02-05 09:00:00+00:00,0.999918177843316,0.5276140015459108
2050-02-05 10:00:00+00:00,0.9999200102924416,0.5281196026186342
2050-02-05 11:00:00+00:00,0.9999218773522268,0.5286261233903191
2050-02-05 12:00:00+00:00,0.999923784178086,0.529133630535035
2050-02-05 13:00:00+00:00,0.9999257375060328,0.5296419851482568
2050-02-05 14:00:00+00:00,0.9999277568419173,0.5301513739781183
2050-02-05 15:00:00+00:00,0.9999297925296553,0.5306614506688512
2050-02-05 16:00:00+00:00,0.9999319675366993,0.5311720343123554
2050-02-05 17:00:00+00:00,0.9999323346821974,0.5316835166197145
2050-02-05 18:00:00+00:00,0.9999326835392788,0.5321959342027689
2050-02-05 19:00:00+00:00,0.9999330338535664,0.5327097183556415
2050-02-05 20:00:00+00:00,0.9999333867870619,0.5332252500989583
2050-02-05 21:00:00+00:00,0.9999337427358291,0.5337421027690892
2050-02-05 22:00:00+00:00,0.9999341099384194,0.5342595982700071
2050-02-05 23:00:00+00:00,0.9999344703152261,0.5347775482808235
2050-02-06 00:00:00+00:00,0.9999348383852129,0.5352961787327005
2050-02-06 01:00:00+00:00,0.9999352040991819,0.5358155770860078
2050-02-06 02:00:00+00:00,0.9999355739198289,0.5363356337693439
2050-02-06 03:00:00+00:00,0.9999359477277556,0.5368562716943295
2050-02-06 04:00:00+00:00,0.9999363296245317,0.5373773971823907
2050-02-06 05:00:00+00:00,0.9999367048069617,0.5378990201763223
2050-02-06 06:00:00+00:00,0.9999370823966858,0.5384210541466825
2050-02-06 07:00:00+00:00,0.9999374619873702,0.5389434545298346
2050-02-06 08:00:00+00:00,0.9999399528461027,0.5394663038547988
2050-02-06 09:00:00+00:00,0.9999443103254708,0.5399895817558205
2050-02-06 10:00:00+00:00,0.9999489681680153,0.5405130171852677
2050-02-06 11:00:00+00:00,0.9999543949163223,0.5410362536976832
2050-02-06 12:00:00+00:00,0.9999604766469865,0.5415590656544683
2050-02-06 13:00:00+00:00,0.9999676850580087,0.5420816963451993
2050-02-06 14:00:00+00:00,0.9999771792214431,0.5426039312694256
2050-02-06 15:00:00+00:00,0.9999932673899355,0.5431258799468384
2050-02-06 16:00:00+00:00,0.9999934940613929,0.5436478109616497
2050-02-06 17:00:00+00:00,0.9999936706042222,0.5439031825515681
2050-02-06 18:00:00+00:00,0.9999938605816876,0.543674012376529
2050-02-06 19:00:00+00:00,0.9999940662213009,0.543337837772052
2050-02-06 20:00:00+00:00,0.9999942924209103,0.542979880370075
2050-02-06 21:00:00+00:00,0.9999945441264515,0.542600311893257
2050-02-06 22:00:00+00:00,0.9999948254926693,0.5422037850679686
2050-02-06 23:00:00+00:00,0.9999951350764117,0.541825730083276
2050-02-07 00:00:00+00:00,0.999995483036319,0.5414475936105069
2050-02-07 01:00:00+00:00,0.9999958738648946,0.5410723077177055
2050-02-07 02:00:00+00:00,0.9999963281690646,0.5406899186784145
2050-02-07 03:00:00+00:00,0.9999965937963446,0.5402355112329851
2050-02-07 04:00:00+00:00,0.9999968744407782,0.5397814414388165
2050-02-07 05:00:00+00:00,0.999996902325677,0.5393276979590987
2050-02-07 06:00:00+00:00,0.9999969474853018,0.5388742967103132
2050-02-07 07:00:00+00:00,0.9999970104825177,0.5384212476719452
2050-02-07 08:00:00+00:00,0.9999970889937189,0.5379685462714558
2050-02-07 09:00:00+00:00,0.9999973609685611,0.5375161620544524
2050-02-07 10:00:00+00:00,0.9999976845898209,0.5370638763587414
2050-02-07 11:00:00+00:00,0.999998083446049,0.5366112513980975
2050-02-07 12:00:00+00:00,0.9999986113677559,0.5361579012349936
2050-02-07 13:00:00+00:00,0.9999994662895949,0.5357037038243326
2050-02-07 14:00:00+00:00,0.9999999310671364,0.5352487089779571
2050-02-07 15:00:00+00:00,0.9999999919674077,0.5347931279001477
2050-02-07 16:00:00+00:00,0.9999996157759805,0.5343374526993172
2050-02-07 17:00:00+00:00,0.9999993810431818,0.5338820034917534
2050-02-07 18:00:00+00:00,0.9999992060531988,0.5334268341482563
2050-02-07 19:00:00+00:00,0.9999990671340496,0.5329719671433998
2050-02-07 20:00:00+00:00,0.9999989534360872,0.5325173761561207
2050-02-07 21:00:00+00:00,0.9999988587073495,0.5320630627108175
2050-02-07 22:00:00+00:00,0.9999987788308726,0.5316090292638888
2050-02-07 23:00:00+00:00,0.9999987110958691,0.5311553221605615
2050-02-08 00:00:00+00:00,0.9999986532814013,0.5307019473873
2050-02-08 01:00:00+00:00,0.9999986044637698,0.5302488535448634
2050-02-08 02:00:00+00:00,0.999998563795057,0.5297959879587856
2050-02-08 03:00:00+00:00,0.9999985300504012,0.5293433207122129
2050-02-08 04:00:00+00:00,0.9999985031155713,0.5288907668847732
2050-02-08 05:00:00+00:00,0.9999984820215133,0.5284379266847103
2050-02-08 06:00:00+00:00,0.9999984665289524,0.5279844431409914
2050-02-08 07:00:00+00:00,0.9999984565757721,0.5275301738767962
2050-02-08 08:00:00+00:00,0.9999984948762867,0.5270750533924832
2050-02-08 09:00:00+00:00,0.9999985413513609,0.5266189261684818
2050-02-08 10:00:00+00:00,0.9999985901564059,0.5261612360042972
2050-02-08 11:00:00+00:00,0.9999986598224763,0.5257012048081298
2050-02-08 12:00:00+00:00,0.9999987292895203,0.5252382249628607
2050-02-08 13:00:00+00:00,0.9999988117365476,0.5247713027585653
2050-02-08 14:00:00+00:00,0.9999989109837429,0.5243000095346337
2050-02-08 15:00:00+00:00,0.9999990414012194,0.5238238082478884
2050-02-08 16:00:00+00:00,0.960211586408674,0.5233426035302502
2050-02-08 17:00:00+00:00,0.9182147663419628,0.522855079697967
2050-02-08 18:00:00+00:00,0.8792148658644471,0.5223611861768171
2050-02-08 19:00:00+00:00,0.8432593851470178,0.5218583614060965
2050-02-08 20:00:00+00:00,0.8100323705941144,0.5213481354009044
2050-02-08 21:00:00+00:00,0.7781141079429017,0.5208315493608148
2050-02-08 22:00:00+00:00,0.7489533944790128,0.5203075150025422
2050-02-08 23:00:00+00:00,0.7246747077784873,0.5197750180189189
2050-02-09 00:00:00+00:00,0.6988907051963653,0.5192333266808399
2050-02-09 01:00:00+00:00,0.6733194588023443,0.5186844225487142
2050-02-09 02:00:00+00:00,0.6483433386753964,0.5181311369083857
2050-02-09 03:00:00+00:00,0.6229238489808937,0.5175750269125724
2050-02-09 04:00:00+00:00,0.5984871556260253,0.517017114942689
2050-02-09 05:00:00+00:00,0.5725430434251438,0.5164586217232939
2050-02-09 06:00:00+00:00,0.5432146025466723,0.5159000781878651
2050-02-09 07:00:00+00:00,0.47147581301687613,0.5153413327404723
2050-02-09 08:00:00+00:00,0.4631644223807693,0.5147824395752828
2050-02-09 09:00:00+00:00,0.46316421839483873,0.51422323772155
2050-02-09 10:00:00+00:00,0.4631640136730433,0.5136635101019169
2050-02-09 11:00:00+00:00,0.4631638092224759,0.5131030642900362
2050-02-09 12:00:00+00:00,0.4631636061557575,0.5125417664964304
2050-02-09 13:00:00+00:00,0.46316340331458195,0.5119797715615932
2050-02-09 14:00:00+00:00,0.463163201500306,0.5114165450420223
2050-02-09 15:00:00+00:00,0.43703871570159136,0.5108528360074347
2050-02-09 16:00:00+00:00,0.36530016539459587,0.5102888201042081
2050-02-09 17:00:00+00:00,0.2935656022374126,0.5097248192120434
2050-02-09 18:00:00+00:00,0.22182938401806696,0.509161131255064
2050-02-09 19:00:00+00:00,0.150090922492922,0.5085976056679414
2050-02-09 20:00:00+00:00,0.11351002536022675,0.5080345628620917
2050-02-09 21:00:00+00:00,0.07781174942985995,0.5074719870681197
2050-02-09 22:00:00+00:00,0.038664226975766436,0.5069098696861483
2050-02-09 23:00:00+00:00,1.563877471948603e-06,0.5063482571850616
2050-02-10 00:00:00+00:00,1.3222909142791247e-07,0.5057872803366613
2050-02-10 01:00:00+00:00,7.509000585779294e-08,0.5052269727032718
2050-02-10 02:00:00+00:00,3.514818809736425e-08,0.5046672433830948
2050-02-10 03:00:00+00:00,1.1822181648837404e-07,0.5041081833057979
2050-02-10 04:00:00+00:00,1.8592311100012904e-07,0.5035496049810093
2050-02-10 05:00:00+00:00,2.2813857704474177e-07,0.5029915191106749
2050-02-10 06:00:00+00:00,2.529564201930054e-07,0.5024339596158395
2050-02-10 07:00:00+00:00,1.9719477431129749e-07,0.5018768486717232
2050-02-10 08:00:00+00:00,0.05241618929026401,0.5013201580203025
2050-02-10 09:00:00+00:00,0.10491017532505748,0.5007639041989036
2050-02-10 10:00:00+00:00,0.1587337490704735,0.5002082022463266
2050-02-10 11:00:00+00:00,0.21255697059599513,0.4996533102193492
2050-02-10 12:00:00+00:00,0.2663797500557887,0.499099300598771
2050-02-10 13:00:00+00:00,0.3202017845968151,0.4985463330466639
2050-02-10 14:00:00+00:00,0.3725640404104606,0.4979945051129414
2050-02-10 15:00:00+00:00,0.42485196058507996,0.49744392297646245
2050-02-10 16:00:00+00:00,0.47712443641924057,0.49689460893438814
2050-02-10 17:00:00+00:00,0.5293950370654247,0.49634640770445343
2050-02-10 18:00:00+00:00,0.5816611652240198,0.49579948312121497
2050-02-10 19:00:00+00:00,0.6339183181983042,0.4952549672177977
2050-02-10 20:00:00+00:00,0.6861675724885298,0.4947125055031409
2050-02-10 21:00:00+00:00,0.7384062020271988,0.49417166368439774
2050-02-10 22:00:00+00:00,0.7906523716754742,0.49363169677394597
2050-02-10 23:00:00+00:00,0.8429075929771133,0.4930923951268525
2050-02-11 00:00:00+00:00,0.8951548842872931,0.49255379419590856
2050-02-11 01:00:00+00:00,0.9473903624438768,0.4920158148033547
2050-02-11 02:00:00+00:00,0.9996197913490691,0.4914784654037641
2050-02-11 03:00:00+00:00,0.9998964150868064,0.49094167938054223
2050-02-11 04:00:00+00:00,0.9998967407785093,0.490405439733157
2050-02-11 05:00:00+00:00,0.9998971002077018,0.4898697432736419
2050-02-11 06:00:00+00:00,0.9998974649272521,0.48933460640370413
2050-02-11 07:00:00+00:00,0.9998978336535871,0.48880011698557135
2050-02-11 08:00:00+00:00,0.9998981998043328,0.4882664099799131
2050-02-11 09:00:00+00:00,0.999898517060344,0.4877336125388047
2050-02-11 10:00:00+00:00,0.999914854771386,0.48720160735895096
2050-02-11 11:00:00+00:00,0.9999329998146786,0.4866701442903538
2050-02-11 12:00:00+00:00,0.9999563778501611,0.48613885831271714
2050-02-11 13:00:00+00:00,0.999999203050932,0.4856077195820086
2050-02-11 14:00:00+00:00,0.9999997937593859,0.4850768644884656
2050-02-11 15:00:00+00:00,0.9999999887996237,0.4845461383490142
2050-02-11 16:00:00+00:00,0.9999996152240556,0.48401545680273084
2050-02-11 17:00:00+00:00,0.999999404353401,0.48348475090987014
2050-02-11 18:00:00+00:00,0.999999252836955,0.482953970455173
2050-02-11 19:00:00+00:00,0.9999991369077668,0.48242332228579227
2050-02-11 20:00:00+00:00,0.9999990451405711,0.48189285898330875
2050-02-11 21:00:00+00:00,0.9999989712854086,0.4813625844950756
2050-02-11 22:00:00+00:00,0.9999989116200697,0.4808323068155449
2050-02-11 23:00:00+00:00,0.9999988639119919,0.4803019234004278
2050-02-12 00:00:00+00:00,0.9999988263054055,0.479771480419281
2050-02-12 01:00:00+00:00,0.9999987979616498,0.4792411279907823
2050-02-12 02:00:00+00:00,0.9999987919107114,0.4787108935924118
2050-02-12 03:00:00+00:00,0.9999987931156226,0.4781805486817214
2050-02-12 04:00:00+00:00,0.999998796916696,0.47764993382115356
2050-02-12 05:00:00+00:00,0.9999987984640437,0.47711905131466087
2050-02-12 06:00:00+00:00,0.9999988067520722,0.4765878333258065
2050-02-12 07:00:00+00:00,0.9999988222956648,0.47605605432591347
2050-02-12 08:00:00+00:00,0.9999989014428803,0.4755239654514176
2050-02-12 09:00:00+00:00,0.999998996646756,0.47499151123549127
2050-02-12 10:00:00+00:00,0.9999991127533062,0.4744584512538933
2050-02-12 11:00:00+00:00,0.9999992587449249,0.47392431392475165
2050-02-12 12:00:00+00:00,0.9999994561725514,0.47338904560571404
2050-02-12 13:00:00+00:00,0.9999997882158743,0.4728527365945147
2050-02-12 14:00:00+00:00,0.9999998143378159,0.4723151238698403
2050-02-12 15:00:00+00:00,0.9837076848752667,0.47177635962858894
2050-02-12 16:00:00+00:00,0.9119448045227178,0.4712365228010426
2050-02-12 17:00:00+00:00,0.8401808206446608,0.4706959624458256
2050-02-12 18:00:00+00:00,0.7684178720061968,0.47015492712185947
2050-02-12 19:00:00+00:00,0.701542208425022,0.4696130179872873
2050-02-12 20:00:00+00:00,0.6426640861061371,0.4690698920573064
2050-02-12 21:00:00+00:00,0.5833210716594454,0.4685260557431201
2050-02-12 22:00:00+00:00,0.5253386132194396,0.4679821687956242
2050-02-12 23:00:00+00:00,0.4687418781346358,0.4674384394848076
2050-02-13 00:00:00+00:00,0.4124261067768361,0.4668946487081235
2050-02-13 01:00:00+00:00,0.35636114233567945,0.4663506502217259
2050-02-13 02:00:00+00:00,0.30060154305472464,0.4658065620405981
2050-02-13 03:00:00+00:00,0.24481090272565317,0.46526243897626723
2050-02-13 04:00:00+00:00,0.18836032873800823,0.46471838241072666
2050-02-13 05:00:00+00:00,0.1304171909931487,0.4641743457668779
2050-02-13 06:00:00+00:00,0.07026368087977915,0.4636304151534693
2050-02-13 07:00:00+00:00,2.1395717870562654e-07,0.4630865914383455
2050-02-13 08:00:00+00:00,2.2094247049394162e-08,0.4625427638157432
2050-02-13 09:00:00+00:00,0.053913056784228204,0.4619988560694513
2050-02-13 10:00:00+00:00,0.10782608282661374,0.46145495455032676
2050-02-13 11:00:00+00:00,0.1617390988998885,0.46091097699850625
2050-02-13 12:00:00+00:00,0.215652107779282,0.4603666924714502
2050-02-13 13:00:00+00:00,0.26956512080799494,0.45982179692401803
2050-02-13 14:00:00+00:00,0.32347813615703297,0.4592763552505356
2050-02-13 15:00:00+00:00,0.3773911545788336,0.45873016919589454
2050-02-13 16:00:00+00:00,0.37935783128906786,0.45818363642804627
2050-02-13 17:00:00+00:00,0.37945140577509495,0.45763705013952605
2050-02-13 18:00:00+00:00,0.37954433621752987,0.45709054681513855
2050-02-13 19:00:00+00:00,0.37963706805158143,0.45654381979386655
2050-02-13 20:00:00+00:00,0.3817059321359982,0.455996962966857
2050-02-13 21:00:00+00:00,0.3838087163252054,0.45545005697231983
2050-02-13 22:00:00+00:00,0.38593952036803264,0.4549032597988517
2050-02-13 23:00:00+00:00,0.38809011343820954,0.4543566434438369
2050-02-14 00:00:00+00:00,0.3902546853416229,0.4538102633454879
2050-02-14 01:00:00+00:00,0.39244940004681284,0.45326423292645296
2050-02-14 02:00:00+00:00,0.4006454793974394,0.45271864010674534
2050-02-14 03:00:00+00:00,0.45386143916692456,0.45217356116601637
2050-02-14 04:00:00+00:00,0.5077744764059922,0.45162893835175694
2050-02-14 05:00:00+00:00,0.5100810809579449,0.4510847611123986
2050-02-14 06:00:00+00:00,0.5123865952896305,0.4505410453626618
2050-02-14 07:00:00+00:00,0.5147807196215269,0.44999778603091767
2050-02-14 08:00:00+00:00,0.5686939466661507,0.4494551231418602
2050-02-14 09:00:00+00:00,0.6226071752484622,0.448913037585366
2050-02-14 10:00:00+00:00,0.6765204042006935,0.44837152692938015
2050-02-14 11:00:00+00:00,0.730433659314086,0.44783050307459443
2050-02-14 12:00:00+00:00,0.7843469516703456,0.4472900200170523
2050-02-14 13:00:00+00:00,0.8382602057547214,0.44675020904922785
2050-02-14 14:00:00+00:00,0.8921734348626176,0.44621116873833205
2050-02-14 15:00:00+00:00,0.9460866621058324,0.4456729415764895
2050-02-14 16:00:00+00:00,0.9999998897872907,0.4451354789642397
2050-02-14 17:00:00+00:00,0.9999994626088871,0.4445985520415904
2050-02-14 18:00:00+00:00,0.999999251515817,0.4440621590994464
2050-02-14 19:00:00+00:00,0.9999991058820257,0.44352629493540685
2050-02-14 20:00:00+00:00,0.9999989945754567,0.44299085874614896
2050-02-14 21:00:00+00:00,0.9999989063711295,0.44245589105378985
2050-02-14 22:00:00+00:00,0.9999988359225129,0.44192137108804946
2050-02-14 23:00:00+00:00,0.9999987783286461,0.44138726766891756
2050-02-15 00:00:00+00:00,0.9999987327013858,0.44085355086111694
2050-02-15 01:00:00+00:00,0.9999986964601222,0.4403202543002075
2050-02-15 02:00:00+00:00,0.9999986691439943,0.4397872933130259
2050-02-15 03:00:00+00:00,0.9999986495836143,0.43925462688331124
2050-02-15 04:00:00+00:00,0.9999986372298293,0.43872213813164124
2050-02-15 05:00:00+00:00,0.9999986319722929,0.4381899043259213
2050-02-15 06:00:00+00:00,0.9999986342707338,0.4376579765763365
2050-02-15 07:00:00+00:00,0.9999986442753867,0.43712628147849125
2050-02-15 08:00:00+00:00,0.999998696305398,0.43659482151767903
2050-02-15 09:00:00+00:00,0.9999987799041206,0.43606377738047386
2050-02-15 10:00:00+00:00,0.9999988749384668,0.43553332038916903
2050-02-15 11:00:00+00:00,0.9999990041895597,0.43500355903783167
2050-02-15 12:00:00+00:00,0.9999991716273622,0.43447448564836894
2050-02-15 13:00:00+00:00,0.9999994187114798,0.4339462784779256
2050-02-15 14:00:00+00:00,0.9999999448618149,0.4334188522636883
2050-02-15 15:00:00+00:00,0.9999999784870482,0.4328921064485878
2050-02-15 16:00:00+00:00,0.9355327159059803,0.4323656695087903
2050-02-15 17:00:00+00:00,0.8636483005468777,0.43183922571521444
2050-02-15 18:00:00+00:00,0.7917640010012934,0.4313128276969216
2050-02-15 19:00:00+00:00,0.7200160550000836,0.43078655741674776
2050-02-15 20:00:00+00:00,0.648267110583567,0.430260412597061
2050-02-15 21:00:00+00:00,0.5765178785331967,0.42973439217916437
2050-02-15 22:00:00+00:00,0.5047693942847579,0.42920849361651375
2050-02-15 23:00:00+00:00,0.4419700819068908,0.42868271497300214
2050-02-16 00:00:00+00:00,0.37967468369727536,0.4281570527050112
2050-02-16 01:00:00+00:00,0.3182475841015703,0.4276315055621578
2050-02-16 02:00:00+00:00,0.2582000145236272,0.42710607298978087
2050-02-16 03:00:00+00:00,0.21114808716277791,0.4265807545711919
2050-02-16 04:00:00+00:00,0.1730458840337469,0.42605554914331656
2050-02-16 05:00:00+00:00,0.11778917149158687,0.42553045408334295
2050-02-16 06:00:00+00:00,0.05894188788915582,0.42500546742386935
2050-02-16 07:00:00+00:00,1.2715902830726332e-08,0.4244805825379289
2050-02-16 08:00:00+00:00,0.05391330720411952,0.42395580098258734
2050-02-16 09:00:00+00:00,0.10782661837369235,0.4234311373815498
2050-02-16 10:00:00+00:00,0.16173993176814888,0.4229066716262292
2050-02-16 11:00:00+00:00,0.21565324695927673,0.4223826176668513
2050-02-16 12:00:00+00:00,0.2695665623344624,0.42185920008154254
2050-02-16 13:00:00+00:00,0.32347987807758505,0.42133665695480604
2050-02-16 14:00:00+00:00,0.37739319213711076,0.42081498270367473
2050-02-16 15:00:00+00:00,0.431306503919068,0.4202940350280843
2050-02-16 16:00:00+00:00,0.42880195291993406,0.4197733534889778
2050-02-16 17:00:00+00:00,0.35707683016850966,0.41925267430290264
2050-02-16 18:00:00+00:00,0.28535140382654606,0.41873190881015
2050-02-16 19:00:00+00:00,0.2136274309145693,0.4182110301808724
2050-02-16 20:00:00+00:00,0.1421871512384884,0.41768998132617985
2050-02-16 21:00:00+00:00,0.07049539479298109,0.4171687961235065
2050-02-16 22:00:00+00:00,0.045019985322743795,0.4166474375712754
2050-02-16 23:00:00+00:00,0.041792792663328415,0.41612588476085793
2050-02-17 00:00:00+00:00,0.03849259728202508,0.41560404061443007
2050-02-17 01:00:00+00:00,0.03503961475147356,0.4150819143425914
2050-02-17 02:00:00+00:00,0.03133758516184834,0.4145596141092067
2050-02-17 03:00:00+00:00,0.027288479413262574,0.41403704748843206
2050-02-17 04:00:00+00:00,0.02275148604667047,0.41351440987949883
2050-02-17 05:00:00+00:00,0.017558408591283648,0.41299169621919873
2050-02-17 06:00:00+00:00,0.011081228785631498,0.4124688641868687
2050-02-17 07:00:00+00:00,3.894807809905606e-08,0.4119459692735343
2050-02-17 08:00:00+00:00,0.053913111417471245,0.41142303734969426
2050-02-17 09:00:00+00:00,0.10782618646986811,0.41090004316034073
2050-02-17 10:00:00+00:00,0.16173926051695442,0.4103769123741038
2050-02-17 11:00:00+00:00,0.21565241280194944,0.409853552625981
2050-02-17 12:00:00+00:00,0.26956556448664454,0.4093301251052827
2050-02-17 13:00:00+00:00,0.32347871781637344,0.4088066747011952
2050-02-17 14:00:00+00:00,0.377391790754632,0.4082831642498143
2050-02-17 15:00:00+00:00,0.4313048608990357,0.40775943673598697
2050-02-17 16:00:00+00:00,0.4490469140365534,0.40723521613237296
2050-02-17 17:00:00+00:00,0.44916173652507574,0.4067103593895743
2050-02-17 18:00:00+00:00,0.45927957312744694,0.40618462827332846
2050-02-17 19:00:00+00:00,0.47105673907741513,0.4056568852576431
2050-02-17 20:00:00+00:00,0.48285962289754636,0.4051274784727126
2050-02-17 21:00:00+00:00,0.49457781088146535,0.40459682949164916
2050-02-17 22:00:00+00:00,0.506511147336266,0.40406566438946334
2050-02-17 23:00:00+00:00,0.5186017338719635,0.4035341730727398
2050-02-18 00:00:00+00:00,0.5306553250509328,0.403002307010404
2050-02-18 01:00:00+00:00,0.542695475586188,0.4024701345826577
2050-02-18 02:00:00+00:00,0.5546340527133586,0.40193764604182874
2050-02-18 03:00:00+00:00,0.5663065354432234,0.40140489801531076
2050-02-18 04:00:00+00:00,0.568351544167903,0.4008718928830609
2050-02-18 05:00:00+00:00,0.5684661732941039,0.40033860835715535
2050-02-18 06:00:00+00:00,0.5685805653478603,0.3998050050317613
2050-02-18 07:00:00+00:00,0.5686951935798642,0.3992709706308601
2050-02-18 08:00:00+00:00,0.6226080184329583,0.3987363386200886
2050-02-18 09:00:00+00:00,0.676521103114282,0.3982009175536175
2050-02-18 10:00:00+00:00,0.7304342618263059,0.3976648294764942
2050-02-18 11:00:00+00:00,0.7843474463587983,0.39712839855680987
2050-02-18 12:00:00+00:00,0.8382606321864979,0.3965920794093493
2050-02-18 13:00:00+00:00,0.8921737928819422,0.3960560770113991
2050-02-18 14:00:00+00:00,0.9460868873148345,0.395520244141605
2050-02-18 15:00:00+00:00,0.9999999875307198,0.3949845884609788
2050-02-18 16:00:00+00:00,0.9988545284114363,0.3944489779852517
2050-02-18 17:00:00+00:00,0.9270954954632608,0.39391329079169424
2050-02-18 18:00:00+00:00,0.8564842140523826,0.3933774984166119
2050-02-18 19:00:00+00:00,0.79641238603311,0.3928413928474149
2050-02-18 20:00:00+00:00,0.7371702307752062,0.39230486912376505
2050-02-18 21:00:00+00:00,0.6778872509610978,0.39176790814393786
2050-02-18 22:00:00+00:00,0.6186348496276272,0.39123070473290916
2050-02-18 23:00:00+00:00,0.5597203229982648,0.3906934014352829
2050-02-19 00:00:00+00:00,0.5007561067745961,0.3901559459906693
2050-02-19 01:00:00+00:00,0.4420862709456626,0.38961815930704663
2050-02-19 02:00:00+00:00,0.3834816285326953,0.38908013000540037
2050-02-19 03:00:00+00:00,0.3247397708350537,0.38854194073181303
2050-02-19 04:00:00+00:00,0.26557028299597707,0.3880036453722674
2050-02-19 05:00:00+00:00,0.2051101136073232,0.38746529017828135
2050-02-19 06:00:00+00:00,0.13335779247169105,0.3869268913114016
2050-02-19 07:00:00+00:00,0.061605263498354705,0.386388444017016
2050-02-19 08:00:00+00:00,3.857704109102302e-08,0.385849966997264
2050-02-19 09:00:00+00:00,0.053912150076470725,0.3853114576483637
2050-02-19 10:00:00+00:00,0.10782542012595372,0.38477294793744793
2050-02-19 11:00:00+00:00,0.16173868715115872,0.38423477929405353
2050-02-19 12:00:00+00:00,0.2156519451208053,0.38369708499042776
2050-02-19 13:00:00+00:00,0.26956521568166925,0.3831599459927063
2050-02-19 14:00:00+00:00,0.32347847026677773,0.3826233670198857
2050-02-19 15:00:00+00:00,0.37446014419423146,0.38208721045958316
2050-02-19 16:00:00+00:00,0.30286241723475743,0.3815513337949394
2050-02-19 17:00:00+00:00,0.2309779690359137,0.3810154411958663
2050-02-19 18:00:00+00:00,0.15909356503746158,0.3804794467639999
2050-02-19 19:00:00+00:00,0.08739109534535869,0.37994333104582184
2050-02-19 20:00:00+00:00,0.08276567122170643,0.37940706256143136
2050-02-19 21:00:00+00:00,0.07808969034500222,0.3788706028521926
2050-02-19 22:00:00+00:00,0.07324697913787838,0.3783339749440519
2050-02-19 23:00:00+00:00,0.06818688898548715,0.37779716819516185
2050-02-20 00:00:00+00:00,0.06285280050946049,0.3772601803585567
2050-02-20 01:00:00+00:00,0.057199152899552866,0.37672306539866934
2050-02-20 02:00:00+00:00,0.051154423495040874,0.3761858121772066
2050-02-20 03:00:00+00:00,0.044609802303193176,0.37564842893436673
2050-02-20 04:00:00+00:00,0.03726886238627265,0.3751109293857616
2050-02-20 05:00:00+00:00,0.028651555115081984,0.3745733411555878
2050-02-20 06:00:00+00:00,0.017192880581457445,0.3740356596629799
2050-02-20 07:00:00+00:00,5.691296968070252e-08,0.37349791295197216
2050-02-20 08:00:00+00:00,7.905018664823328e-07,0.372960104951921
2050-02-20 09:00:00+00:00,0.05386278243693022,0.37242223643652206
2050-02-20 10:00:00+00:00,0.10777573966434609,0.3728128751965732
2050-02-20 11:00:00+00:00,0.16168902674695504,0.37324707476306507
2050-02-20 12:00:00+00:00,0.2156020256073937,0.37368155308616235
2050-02-20 13:00:00+00:00,0.26951472492872985,0.37314446943388174
2050-02-20 14:00:00+00:00,0.32333354890571925,0.37260789129877947
2050-02-20 15:00:00+00:00,0.3739459330323366,0.37207180115299265
2050-02-20 16:00:00+00:00,0.37394632800468725,0.37153592870584695
2050-02-20 17:00:00+00:00,0.3739467190431941,0.37100003157742717
2050-02-20 18:00:00+00:00,0.3739471050107852,0.3704640558923184
2050-02-20 19:00:00+00:00,0.3739474906724369,0.36992799995000997
2050-02-20 20:00:00+00:00,0.37394787502219734,0.3693918608930788
2050-02-20 21:00:00+00:00,0.3739482580990934,0.36885563108440356
2050-02-20 22:00:00+00:00,0.3739486407950434,0.3683192929560616
2050-02-20 23:00:00+00:00,0.3739490225644224,0.3677828241090571
2050-02-21 00:00:00+00:00,0.373949403360272,0.3672461797137976
2050-02-21 01:00:00+00:00,0.37394978326515915,0.36670929101774696
2050-02-21 02:00:00+00:00,0.3739501623331013,0.36617208098790427
2050-02-21 03:00:00+00:00,0.37395054058114796,0.3656344819905929
2050-02-21 04:00:00+00:00,0.3739509181497687,0.3650965488842914
2050-02-21 05:00:00+00:00,0.3739512956942197,0.3645582913001446
2050-02-21 06:00:00+00:00,0.37395167386875106,0.36401969317246724
2050-02-21 07:00:00+00:00,0.3739520532765548,0.36348075539876107
2050-02-21 08:00:00+00:00,0.37451497570810305,0.36294134322831845
2050-02-21 09:00:00+00:00,0.42842708300348026,0.3624014742599285
2050-02-21 10:00:00+00:00,0.48234004175408446,0.36257043151034235
2050-02-21 11:00:00+00:00,0.5362532321213873,0.363001897799632
2050-02-21 12:00:00+00:00,0.5901656341081641,0.36246120073395927
2050-02-21 13:00:00+00:00,0.6440777057282053,0.3619202629808848
2050-02-21 14:00:00+00:00,0.6978771973537087,0.36137901147228274
2050-02-21 15:00:00+00:00,0.6984401689416347,0.3608373454119823
2050-02-21 16:00:00+00:00,0.6984405325432412,0.36029534107369193
2050-02-21 17:00:00+00:00,0.6984409004621451,0.3597530834419114
2050-02-21 18:00:00+00:00,0.6984412664257569,0.3592104935168466
2050-02-21 19:00:00+00:00,0.6984416310639134,0.3586674925758713
2050-02-21 20:00:00+00:00,0.6984419945533376,0.35812417289653037
2050-02-21 21:00:00+00:00,0.6984423571208451,0.35758047536788284
2050-02-21 22:00:00+00:00,0.6984427189214084,0.35703640821595356
2050-02-21 23:00:00+00:00,0.6984430806187519,0.3564919880001581
2050-02-22 00:00:00+00:00,0.6984434420915309,0.3559472172810784
2050-02-22 01:00:00+00:00,0.6984438035895497,0.35540208499367665
2050-02-22 02:00:00+00:00,0.6984441653010681,0.3548566841450777
2050-02-22 03:00:00+00:00,0.698444527171871,0.35431098415967816
2050-02-22 04:00:00+00:00,0.6984448890686589,0.3537649670859893
2050-02-22 05:00:00+00:00,0.698445251667579,0.353218650601208
2050-02-22 06:00:00+00:00,0.6984456153878188,0.35267207521425653
2050-02-22 07:00:00+00:00,0.6984459801105967,0.3521252612172853
2050-02-22 08:00:00+00:00,0.698543139797085,0.3515782184320077
2050-02-22 09:00:00+00:00,0.751462211893387,0.35103078150180694
2050-02-22 10:00:00+00:00,0.8053746930895451,0.3504827893912935
2050-02-22 11:00:00+00:00,0.8592871852108952,0.3499340715136042
2050-02-22 12:00:00+00:00,0.9122574596208101,0.3493845041375484
2050-02-22 13:00:00+00:00,0.9621604865766875,0.34883398855548786
2050-02-22 14:00:00+00:00,0.9997891681034432,0.3482825349662853
2050-02-22 15:00:00+00:00,0.999978913366343,0.3477302792914952
2050-02-22 16:00:00+00:00,0.9999792827895485,0.3471775732642083
2050-02-22 17:00:00+00:00,0.9999794050862536,0.34662472395924426
2050-02-22 18:00:00+00:00,0.9999794305608996,0.3460717779399035
2050-02-22 19:00:00+00:00,0.9999794638725686,0.3455187134948265
2050-02-22 20:00:00+00:00,0.999979493921599,0.34496553646002237
2050-02-22 21:00:00+00:00,0.9999795251417816,0.3444122569804537
2050-02-22 22:00:00+00:00,0.9999795573311212,0.34385886976965
2050-02-22 23:00:00+00:00,0.9999795912538354,0.34330537688044377
2050-02-23 00:00:00+00:00,0.9999796268789982,0.34275177097156345
2050-02-23 01:00:00+00:00,0.9999796644820257,0.34219806035648354
2050-02-23 02:00:00+00:00,0.9999797040731877,0.3416442451623631
2050-02-23 03:00:00+00:00,0.9999797457193068,0.3410903247538401
2050-02-23 04:00:00+00:00,0.9999797892624661,0.3405363041192927
2050-02-23 05:00:00+00:00,0.999979835160985,0.33998221282954477
2050-02-23 06:00:00+00:00,0.9999798835361532,0.3394280825833357
2050-02-23 07:00:00+00:00,0.9999799338399229,0.33887391770374237
2050-02-23 08:00:00+00:00,0.999980115857266,0.3383197705993325
2050-02-23 09:00:00+00:00,0.9999802990519383,0.33776572597414195
2050-02-23 10:00:00+00:00,0.9999804904411842,0.33721173269387206
2050-02-23 11:00:00+00:00,0.9999806864482839,0.33665750792259014
2050-02-23 12:00:00+00:00,0.999980886605896,0.33610276325635674
2050-02-23 13:00:00+00:00,0.9999810918402019,0.33554722584954616
2050-02-23 14:00:00+00:00,0.9999813018436429,0.33499092736974995
2050-02-23 15:00:00+00:00,0.9999815171314382,0.33443390707516224
2050-02-23 16:00:00+00:00,0.999981578763186,0.33387648705232387
2050-02-23 17:00:00+00:00,0.9999816402335302,0.3333189400669739
2050-02-23 18:00:00+00:00,0.9999817017645652,0.33276129785992137
2050-02-23 19:00:00+00:00,0.9999817649288731,0.3322035624803025
2050-02-23 20:00:00+00:00,0.9999818297827175,0.3316457438769427
2050-02-23 21:00:00+00:00,0.999981895936113,0.3310878223427399
2050-02-23 22:00:00+00:00,0.999981967565168,0.3305297854370055
2050-02-23 23:00:00+00:00,0.999982041562386,0.3299716202879871
2050-02-24 00:00:00+00:00,0.9999821153727524,0.32941331924962347
2050-02-24 01:00:00+00:00,0.999982192675386,0.32885487240341316
2050-02-24 02:00:00+00:00,0.9999822730250704,0.32829628320472853
2050-02-24 03:00:00+00:00,0.9999823565543141,0.32773755851688713
2050-02-24 04:00:00+00:00,0.9999824425777536,0.32717869868751775
2050-02-24 05:00:00+00:00,0.9999825319705635,0.32661970144648794
2050-02-24 06:00:00+00:00,0.9999826251907792,0.3260605645853349
2050-02-24 07:00:00+00:00,0.9999827219248402,0.32550128417787294
2050-02-24 08:00:00+00:00,0.9999830058957383,0.3249418550976545
2050-02-24 09:00:00+00:00,0.9999833015926681,0.324382275257401
2050-02-24 10:00:00+00:00,0.9999836032241085,0.32382249044453243
2050-02-24 11:00:00+00:00,0.9999839140326742,0.32326236041289935
2050-02-24 12:00:00+00:00,0.9999842368438292,0.32270168680033334
2050-02-24 13:00:00+00:00,0.9999845693542526,0.3221402604506875
2050-02-24 14:00:00+00:00,0.9999849108594508,0.3215779971098418
2050-02-24 15:00:00+00:00,0.9999852643940258,0.32101497021559683
2050-02-24 16:00:00+00:00,0.9999856274268908,0.3204514420741636
2050-02-24 17:00:00+00:00,0.999985754644955,0.31988770776671177
2050-02-24 18:00:00+00:00,0.9999858834200319,0.3193238311341374
2050-02-24 19:00:00+00:00,0.9999860151227962,0.31875980053607944
2050-02-24 20:00:00+00:00,0.9999861507318016,0.3181956140443422
2050-02-24 21:00:00+00:00,0.9999862903134745,0.3176312773588393
2050-02-24 22:00:00+00:00,0.9999864340099203,0.31706679361993867
2050-02-24 23:00:00+00:00,0.9999865825775921,0.31650216389351105
2050-02-25 00:00:00+00:00,0.9999867361469842,0.3159373859813535
2050-02-25 01:00:00+00:00,0.9999868948937644,0.31537245782888657
2050-02-25 02:00:00+00:00,0.9999870590319762,0.3148073744666678
2050-02-25 03:00:00+00:00,0.999987229136207,0.31424213225085107
2050-02-25 04:00:00+00:00,0.9999874053673714,0.31367673295955323
2050-02-25 05:00:00+00:00,0.9999875869532511,0.31311116932317284
2050-02-25 06:00:00+00:00,0.999987777655178,0.3125454312175745
2050-02-25 07:00:00+00:00,0.9999879746693614,0.3119795187525522
2050-02-25 08:00:00+00:00,0.9999887558665017,0.31141341624015767
2050-02-25 09:00:00+00:00,0.9999895643371012,0.31084711294173994
2050-02-25 10:00:00+00:00,0.9999904618138513,0.31028056092824724
2050-02-25 11:00:00+00:00,0.9999914533730065,0.3097135803174859
2050-02-25 12:00:00+00:00,0.9999925732431986,0.30914586425688134
2050-02-25 13:00:00+00:00,0.9999938923481908,0.30857717562178405
2050-02-25 14:00:00+00:00,0.999995566778565,0.3080075270911371
2050-02-25 15:00:00+00:00,0.9999992537268204,0.3074370843002632
2050-02-25 16:00:00+00:00,0.9993705282660499,0.30686611235609973
2050-02-25 17:00:00+00:00,0.9990690742083727,0.30629493131906366
2050-02-25 18:00:00+00:00,0.9988392021105982,0.3057236019113717
2050-02-25 19:00:00+00:00,0.9986449078789853,0.305152108495803
2050-02-25 20:00:00+00:00,0.9984729124336591,0.30458046268096206
2050-02-25 21:00:00+00:00,0.998316694589165,0.30400867345215615
2050-02-25 22:00:00+00:00,0.9981722055536726,0.3034367393029713
2050-02-25 23:00:00+00:00,0.9980374478396408,0.3028646630261334
2050-02-26 00:00:00+00:00,0.9979105911077014,0.30229244931662835
2050-02-26 01:00:00+00:00,0.9977904085474646,0.3017201031657636
2050-02-26 02:00:00+00:00,0.9976759703169984,0.30114761806170337
2050-02-26 03:00:00+00:00,0.9975664467146234,0.30057500012241484
2050-02-26 04:00:00+00:00,0.9974613417748855,0.3000022446234863
2050-02-26 05:00:00+00:00,0.9973602376582988,0.29942934759041034
2050-02-26 06:00:00+00:00,0.9895912086992905,0.2988563068392417
2050-02-26 07:00:00+00:00,0.9894945369551699,0.2982831207127697
2050-02-26 08:00:00+00:00,0.9894941710449211,0.2977097890305304
2050-02-26 09:00:00+00:00,0.9894938158671671,0.297136311416881
2050-02-26 10:00:00+00:00,0.9894934693328806,0.2965626448173326
2050-02-26 11:00:00+00:00,0.9894942790486676,0.29598841267295894
2050-02-26 12:00:00+00:00,0.99999815136504,0.29541344154692284
2050-02-26 13:00:00+00:00,0.9999998103427026,0.2948375458768535
2050-02-26 14:00:00+00:00,0.999999790365926,0.294260747022635
2050-02-26 15:00:00+00:00,0.9999999084570844,0.2936832229044182
2050-02-26 16:00:00+00:00,0.9997494482662586,0.2931051557125514
2050-02-26 17:00:00+00:00,0.9723813016289897,0.29252687171358716
2050-02-26 18:00:00+00:00,0.9578290225199144,0.29194845463080804
2050-02-26 19:00:00+00:00,0.948024877659333,0.2913698967767535
2050-02-26 20:00:00+00:00,0.9478983849353153,0.29079119681876636
2050-02-26 21:00:00+00:00,0.947774099367333,0.29021235174474425
2050-02-26 22:00:00+00:00,0.9418183072416552,0.2896333608924081
2050-02-26 23:00:00+00:00,0.9416958565279078,0.2890542225217964
2050-02-27 00:00:00+00:00,0.9415743348685928,0.2884749364026626
2050-02-27 01:00:00+00:00,0.9414537329484522,0.2878955013595907
2050-02-27 02:00:00+00:00,0.9413339976544266,0.2873159160251281
2050-02-27 03:00:00+00:00,0.9412151952658279,0.2867361806420661
2050-02-27 04:00:00+00:00,0.9410972403461452,0.28615629543499627
2050-02-27 05:00:00+00:00,0.9409803278478931,0.28557625960968547
2050-02-27 06:00:00+00:00,0.9369451953525731,0.28499607293660245
2050-02-27 07:00:00+00:00,0.9331069987911249,0.2844157368161019
2050-02-27 08:00:00+00:00,0.9331068682453774,0.28383525036642193
2050-02-27 09:00:00+00:00,0.933106742276997,0.2832546228828089
2050-02-27 10:00:00+00:00,0.9331066195857244,0.28267387845033265
2050-02-27 11:00:00+00:00,0.9331065454007107,0.2820928835774451
2050-02-27 12:00:00+00:00,0.9460867712175864,0.2815114742869001
2050-02-27 13:00:00+00:00,0.9999998043399136,0.28092961172213476
2050-02-27 14:00:00+00:00,0.9999997917507883,0.28034726379394803
2050-02-27 15:00:00+00:00,0.9999998384348213,0.2797644415152445
2050-02-27 16:00:00+00:00,0.9999995625652454,0.27918125811417827
2050-02-27 17:00:00+00:00,0.934096824508662,0.27859787939897884
2050-02-27 18:00:00+00:00,0.8686693110849979,0.27801435116703793
2050-02-27 19:00:00+00:00,0.8685216684804462,0.27743067530846893
2050-02-27 20:00:00+00:00,0.8683739029087911,0.27684684623205613
2050-02-27 21:00:00+00:00,0.8682262925661751,0.27626286397022387
2050-02-27 22:00:00+00:00,0.868078725779665,0.27567872752881856
2050-02-27 23:00:00+00:00,0.8679319320686362,0.2750944402238688
2050-02-28 00:00:00+00:00,0.8677859952024404,0.27450999989018054
2050-02-28 01:00:00+00:00,0.8676407561199414,0.2739254061841921
2050-02-28 02:00:00+00:00,0.8674962600710411,0.2733406576604579
2050-02-28 03:00:00+00:00,0.8673525313498552,0.27275575342104313
2050-02-28 04:00:00+00:00,0.8672095822762497,0.27217069335767174
2050-02-28 05:00:00+00:00,0.8670592846884764,0.27158547740600847
2050-02-28 06:00:00+00:00,0.8061053152858143,0.2710001055932278
2050-02-28 07:00:00+00:00,0.7843469621823946,0.27041458582953687
2050-02-28 08:00:00+00:00,0.7843467959782843,0.2698289087086653
2050-02-28 09:00:00+00:00,0.7843466347261321,0.26924308745750347
2050-02-28 10:00:00+00:00,0.8382599282962414,0.2686571616368821
2050-02-28 11:00:00+00:00,0.8921732263768423,0.2680712135230124
2050-02-28 12:00:00+00:00,0.9460865171056928,0.2674852991475899
2050-02-28 13:00:00+00:00,0.9999998112621002,0.2668994257738504
2050-02-28 14:00:00+00:00,0.9999997600526384,0.2663134887304306
2050-02-28 15:00:00+00:00,0.9999997610572803,0.2657274302246774
2050-02-28 16:00:00+00:00,0.9999991992188538,0.2651411098701147
2050-02-28 17:00:00+00:00,0.9999989139646644,0.2645544924441457
2050-02-28 18:00:00+00:00,0.9999987047066927,0.26396762908031696
2050-02-28 19:00:00+00:00,0.9999985339089577,0.2633806009151119
2050-02-28 20:00:00+00:00,0.9999983872965411,0.26279339795680495
2050-02-28 21:00:00+00:00,0.9999982581637342,0.2622060335553607
2050-02-28 22:00:00+00:00,0.9999981424302311,0.2616185166236031
2050-02-28 23:00:00+00:00,0.9999980378283414,0.2610308784581404
2050-03-01 00:00:00+00:00,0.9999979424397254,0.2604431463770536
2050-03-01 01:00:00+00:00,0.9999978550814197,0.25985538283288145
2050-03-01 02:00:00+00:00,0.9999977748121582,0.2592675992929082
2050-03-01 03:00:00+00:00,0.9999977007808487,0.25867980027922655
2050-03-01 04:00:00+00:00,0.9999976321324819,0.2580920286188163
2050-03-01 05:00:00+00:00,0.9999975684257226,0.25750428515495205
2050-03-01 06:00:00+00:00,0.9999975091446395,0.25691655613901243
2050-03-01 07:00:00+00:00,0.9999974538956213,0.25632883170614545
2050-03-01 08:00:00+00:00,0.999997443343941,0.25574109148100316
2050-03-01 09:00:00+00:00,0.9999974359074503,0.2551533823913318
2050-03-01 10:00:00+00:00,0.9999974313334391,0.2545657964000778
2050-03-01 11:00:00+00:00,0.9999974300068544,0.2539784932194815
2050-03-01 12:00:00+00:00,0.9999974315641295,0.25339165101885497
2050-03-01 13:00:00+00:00,0.9999974364137334,0.25280518575417305
2050-03-01 14:00:00+00:00,0.9999974437840065,0.2522190554598136
2050-03-01 15:00:00+00:00,0.9999974538440057,0.25163333407860267
2050-03-01 16:00:00+00:00,0.9999974657265223,0.25104788675806655
2050-03-01 17:00:00+00:00,0.999997444576684,0.25046255995308314
2050-03-01 18:00:00+00:00,0.9999974261731378,0.24987724580791784
2050-03-01 19:00:00+00:00,0.9999974095069952,0.24929184566034254
2050-03-01 20:00:00+00:00,0.9999973956766228,0.24870636366782903
2050-03-01 21:00:00+00:00,0.999997385554829,0.24812077008507175
2050-03-01 22:00:00+00:00,0.9999973779240516,0.24753507387831414
2050-03-01 23:00:00+00:00,0.9999973729125085,0.24694928036731376
2050-03-02 00:00:00+00:00,0.9999973705787251,0.246363376223888
2050-03-02 01:00:00+00:00,0.9999973709771823,0.24577732894617152
2050-03-02 02:00:00+00:00,0.9999973740845188,0.24519112017523906
2050-03-02 03:00:00+00:00,0.999997379916175,0.24460475432138412
2050-03-02 04:00:00+00:00,0.9999973881933198,0.24401823351071575
2050-03-02 05:00:00+00:00,0.9999973993302687,0.243431535058624
2050-03-02 06:00:00+00:00,0.9999974134837154,0.24284459572254638
2050-03-02 07:00:00+00:00,0.9999974309546087,0.24225742864298225
2050-03-02 08:00:00+00:00,0.9999975032800255,0.24167000139154296
2050-03-02 09:00:00+00:00,0.9999975815363229,0.24108225884305828
2050-03-02 10:00:00+00:00,0.9999976655704336,0.24049434886800028
2050-03-02 11:00:00+00:00,0.9999977561596118,0.23990666462772015
2050-03-02 12:00:00+00:00,0.9999978537591913,0.2393193920170882
2050-03-02 13:00:00+00:00,0.99999795769424,0.2387326079143123
2050-03-02 14:00:00+00:00,0.9999980702500405,0.23814626085215007
2050-03-02 15:00:00+00:00,0.9999981915278128,0.237560407440994
2050-03-02 16:00:00+00:00,0.9890498465112599,0.23697483341904801
2050-03-02 17:00:00+00:00,0.917280949185058,0.23638915297773883
2050-03-02 18:00:00+00:00,0.8455123575344443,0.2358032740852858
2050-03-02 19:00:00+00:00,0.7737440674654006,0.23521719286626858
2050-03-02 20:00:00+00:00,0.7031150893917997,0.23463089811770985
2050-03-02 21:00:00+00:00,0.6321132838968619,0.2340444045910022
2050-03-02 22:00:00+00:00,0.5603448494541692,0.23345771428511447
2050-03-02 23:00:00+00:00,0.48932707601176034,0.23287083806684913
2050-03-03 00:00:00+00:00,0.41869498527852966,0.23228378524992357
2050-03-03 01:00:00+00:00,0.34824221630383373,0.23169656000261954
2050-03-03 02:00:00+00:00,0.2778034625197598,0.23110916507591384
2050-03-03 03:00:00+00:00,0.20737588085191286,0.23052160111515352
2050-03-03 04:00:00+00:00,0.1369708276695967,0.2299338672062
2050-03-03 05:00:00+00:00,0.06691578346918085,0.22934596305467345
2050-03-03 06:00:00+00:00,1.8344874011719498e-07,0.22875788974369124
2050-03-03 07:00:00+00:00,1.8798977631930285e-08,0.22816964882029514
2050-03-03 08:00:00+00:00,1.15488104585712e-06,0.2275812463344283
2050-03-03 09:00:00+00:00,1.670791922897634e-06,0.22699274333558325
2050-03-03 10:00:00+00:00,2.0709530873645595e-06,0.22640445405948414
2050-03-03 11:00:00+00:00,0.053914121656376865,0.2258165827194151
2050-03-03 12:00:00+00:00,0.10782662970988253,0.22522918266027178
2050-03-03 13:00:00+00:00,0.16173912677640764,0.2246424082706857
2050-03-03 14:00:00+00:00,0.16173942036872418,0.22405642437280016
2050-03-03 15:00:00+00:00,0.16173973853024703,0.2234710811537044
2050-03-03 16:00:00+00:00,0.161609795583117,0.22288609806425252
2050-03-03 17:00:00+00:00,0.08972572560760929,0.22230104924107014
2050-03-03 18:00:00+00:00,0.05591730933854463,0.22171581288904552
2050-03-03 19:00:00+00:00,0.030556964277869823,0.22113039901658796
2050-03-03 20:00:00+00:00,0.0028044298096443114,0.22054481056546896
2050-03-03 21:00:00+00:00,0.0026623239452632703,0.21995904677804873
2050-03-03 22:00:00+00:00,0.002513914545939395,0.21937310883558978
2050-03-03 23:00:00+00:00,0.0023579526407418315,0.21878699647928074
2050-03-04 00:00:00+00:00,0.0021929797476113143,0.218200709905508
2050-03-04 01:00:00+00:00,0.0020168060731091298,0.21761424972276908
2050-03-04 02:00:00+00:00,0.0018262863485048633,0.21702761628142167
2050-03-04 03:00:00+00:00,0.0016176209009796541,0.21644080823072526
2050-03-04 04:00:00+00:00,0.0013795332896767295,0.21585382533992906
2050-03-04 05:00:00+00:00,0.001095830959149759,0.21526666841706468
2050-03-04 06:00:00+00:00,0.0007262191574376616,0.2146793390757593
2050-03-04 07:00:00+00:00,5.686241884882197e-07,0.21409183355534367
2050-03-04 08:00:00+00:00,1.534689496873617e-06,0.21350415862648586
2050-03-04 09:00:00+00:00,0.053792053142387775,0.2129164176586391
2050-03-04 10:00:00+00:00,0.10770467326333207,0.2133008302701763
2050-03-04 11:00:00+00:00,0.1616179879529953,0.21368559716559535
2050-03-04 12:00:00+00:00,0.21553130246915395,0.2140708301104125
2050-03-04 13:00:00+00:00,0.2694445639122961,0.21445666324508655
2050-03-04 14:00:00+00:00,0.3233560891115187,0.21411588459336336
2050-03-04 15:00:00+00:00,0.32440735465503945,0.21353108617006109
2050-03-04 16:00:00+00:00,0.32440745544480204,0.2129466305489392
2050-03-04 17:00:00+00:00,0.3244075626413774,0.21236219252075209
2050-03-04 18:00:00+00:00,0.32440766848390507,0.21177770652009992
2050-03-04 19:00:00+00:00,0.3244077741032142,0.21119314963684302
2050-03-04 20:00:00+00:00,0.3244078796223324,0.21060852591645268
2050-03-04 21:00:00+00:00,0.3244079842064808,0.21002386469693643
2050-03-04 22:00:00+00:00,0.32440808964581297,0.2094392206366883
2050-03-04 23:00:00+00:00,0.3244081945250667,0.20885466081521414
2050-03-05 00:00:00+00:00,0.32440829902142354,0.2082702943061557
2050-03-05 01:00:00+00:00,0.3244084033903673,0.2076861779759135
2050-03-05 02:00:00+00:00,0.32440850776470165,0.20710235301961094
2050-03-05 03:00:00+00:00,0.3244086121115613,0.20651888448167086
2050-03-05 04:00:00+00:00,0.3244087163599343,0.20593600377593707
2050-03-05 05:00:00+00:00,0.32440882026962553,0.2053540050550187
2050-03-05 06:00:00+00:00,0.3244089239750443,0.2047733441261657
2050-03-05 07:00:00+00:00,0.32440902665977683,0.20419395529893183
2050-03-05 08:00:00+00:00,0.32440913588915576,0.20361620662930766
2050-03-05 09:00:00+00:00,0.3244094290838247,0.20304031458069385
2050-03-05 10:00:00+00:00,0.3244097266019673,0.20246632654547153
2050-03-05 11:00:00+00:00,0.3244100472328459,0.2018943331239417
2050-03-05 12:00:00+00:00,0.3244103474634204,0.20132411510038853
2050-03-05 13:00:00+00:00,0.32441064483975085,0.20075546963298774
2050-03-05 14:00:00+00:00,0.32441093929926634,0.20018838302250438
2050-03-05 15:00:00+00:00,0.3244110485720523,0.19962262908530168
2050-03-05 16:00:00+00:00,0.32441097709444616,0.1990581006443399
2050-03-05 17:00:00+00:00,0.3244109017030436,0.1984946309826476
2050-03-05 18:00:00+00:00,0.3244108247182525,0.19793225581084753
2050-03-05 19:00:00+00:00,0.32441074787737023,0.19737092490630462
2050-03-05 20:00:00+00:00,0.32441067124102924,0.1968110262149803
2050-03-05 21:00:00+00:00,0.32441059363902713,0.19625285576541546
2050-03-05 22:00:00+00:00,0.324410514203395,0.19569683099978338
2050-03-05 23:00:00+00:00,0.3244105193958189,0.19514350182026427
2050-03-06 00:00:00+00:00,0.32441052352211247,0.19459335194946384
2050-03-06 01:00:00+00:00,0.324410526976004,0.19404661963056447
2050-03-06 02:00:00+00:00,0.32441053000251147,0.19350353041315838
2050-03-06 03:00:00+00:00,0.32441053294822236,0.19296468532541752
2050-03-06 04:00:00+00:00,0.32441045736316465,0.19242970786552252
2050-03-06 05:00:00+00:00,0.3244103763700451,0.1918982914302546
2050-03-06 06:00:00+00:00,0.32441029533090837,0.19137014115063064
2050-03-06 07:00:00+00:00,0.3244102134637618,0.1908463149734738
2050-03-06 08:00:00+00:00,0.3244101306152427,0.19032712157335216
2050-03-06 09:00:00+00:00,0.32441004986648536,0.18981288243797034
2050-03-06 10:00:00+00:00,0.3244100526215061,0.18930305298505096
2050-03-06 11:00:00+00:00,0.3244100599905127,0.1887974177101372
2050-03-06 12:00:00+00:00,0.32441006713184295,0.18829487887839885
2050-03-06 13:00:00+00:00,0.32441007387907217,0.18779544143027588
2050-03-06 14:00:00+00:00,0.3244100791040486,0.18729838986474773
2050-03-06 15:00:00+00:00,0.3244100802775203,0.1868033645910028
2050-03-06 16:00:00+00:00,0.32440999584917113,0.18631001581329026
2050-03-06 17:00:00+00:00,0.3244099115780498,0.18581772366458033
2050-03-06 18:00:00+00:00,0.3244098271147737,0.1853259939986478
2050-03-06 19:00:00+00:00,0.3244097426576828,0.18483455909513152
2050-03-06 20:00:00+00:00,0.32440965826706863,0.18434344529218605
2050-03-06 21:00:00+00:00,0.3244095739743927,0.18385272903046768
2050-03-06 22:00:00+00:00,0.3244094890847159,0.18336259708626515
2050-03-06 23:00:00+00:00,0.3244094039070629,0.18287328211764917
2050-03-07 00:00:00+00:00,0.3244093189253525,0.18238502087714117
2050-03-07 01:00:00+00:00,0.32440923350132433,0.18189783920021496
2050-03-07 02:00:00+00:00,0.3244091484736887,0.1814116824674634
2050-03-07 03:00:00+00:00,0.3244090643151706,0.18092650173739686
2050-03-07 04:00:00+00:00,0.3244089814552083,0.18044236500545582
2050-03-07 05:00:00+00:00,0.32440889932737593,0.1799592919909718
2050-03-07 06:00:00+00:00,0.3244088177942514,0.1794772780719485
2050-03-07 07:00:00+00:00,0.3244087348436656,0.1789958936759331
2050-03-07 08:00:00+00:00,0.32440948059759545,0.1785151753393349
2050-03-07 09:00:00+00:00,0.3244101878033545,0.17803546483674812
2050-03-07 10:00:00+00:00,0.32441089311093213,0.17755704411108866
2050-03-07 11:00:00+00:00,0.32441159122155483,0.17707995104384872
2050-03-07 12:00:00+00:00,0.32441229380969033,0.17660401741017995
2050-03-07 13:00:00+00:00,0.3244129942702262,0.17612996511576645
2050-03-07 14:00:00+00:00,0.32441369968068956,0.17565785260427685
2050-03-07 15:00:00+00:00,0.32441443612243526,0.1751876807598097
2050-03-07 16:00:00+00:00,0.3244146363717387,0.17471875390284883
2050-03-07 17:00:00+00:00,0.32441483646749164,0.1742505284783048
2050-03-07 18:00:00+00:00,0.32441503693293966,0.17378267258691943
2050-03-07 19:00:00+00:00,0.32441523639720743,0.17331540161931425
2050-03-07 20:00:00+00:00,0.32441543653602434,0.17284890632759778
2050-03-07 21:00:00+00:00,0.3244156370271946,0.1723830598540527
2050-03-07 22:00:00+00:00,0.32441641089908924,0.1719178402132153
2050-03-07 23:00:00+00:00,0.32441714285480067,0.17145337135885613
2050-03-08 00:00:00+00:00,0.3244178761004758,0.17098985385554644
2050-03-08 01:00:00+00:00,0.32441861196036537,0.17052764165717757
2050-03-08 02:00:00+00:00,0.3244193502553241,0.1700674859990303
2050-03-08 03:00:00+00:00,0.3244200896675619,0.16961042027898238
2050-03-08 04:00:00+00:00,0.32442083014203615,0.169157042174931
2050-03-08 05:00:00+00:00,0.3244210324387358,0.16870743209727482
2050-03-08 06:00:00+00:00,0.32442123778033227,0.16826107196812637
2050-03-08 07:00:00+00:00,0.3244216370025455,0.16781876826757453
2050-03-08 08:00:00+00:00,0.32442237937457746,0.16738043615696424
2050-03-08 09:00:00+00:00,0.3244230954488583,0.1669463071518918
2050-03-08 10:00:00+00:00,0.3244238116594209,0.16651570848665523
2050-03-08 11:00:00+00:00,0.32442453522043546,0.16608789737462895
2050-03-08 12:00:00+00:00,0.32442525871942424,0.16566259931705085
2050-03-08 13:00:00+00:00,0.3244259820602366,0.16523989620503365
2050-03-08 14:00:00+00:00,0.32442669707529104,0.16481960794689893
2050-03-08 15:00:00+00:00,0.32442743835800175,0.16440129210966478
2050-03-08 16:00:00+00:00,0.32442762664968344,0.163984530432339
2050-03-08 17:00:00+00:00,0.32442781260921577,0.163568650087807
2050-03-08 18:00:00+00:00,0.32442799788945714,0.16315295745070998
2050-03-08 19:00:00+00:00,0.3244281830829139,0.1627373600452939
2050-03-08 20:00:00+00:00,0.32442836854153545,0.16232183818547144
2050-03-08 21:00:00+00:00,0.3244285540056164,0.16190632906978747
2050-03-08 22:00:00+00:00,0.32442873972087394,0.16149074537100305
2050-03-08 23:00:00+00:00,0.3244289252288347,0.16107509217790342
2050-03-09 00:00:00+00:00,0.3244291104839978,0.1606594429347392
2050-03-09 01:00:00+00:00,0.32442929543312515,0.160243818553441
2050-03-09 02:00:00+00:00,0.32442948025975804,0.15982832481165632
2050-03-09 03:00:00+00:00,0.3244296652030941,0.1594131594251948
2050-03-09 04:00:00+00:00,0.3244298506906997,0.15899814274737506
2050-03-09 05:00:00+00:00,0.32443003611776317,0.15858323800080193
2050-03-09 06:00:00+00:00,0.32443022238615526,0.15816855191516774
2050-03-09 07:00:00+00:00,0.3244304087463038,0.1577539736409314
2050-03-09 08:00:00+00:00,0.3244311431949922,0.1573397855465622
2050-03-09 09:00:00+00:00,0.32443186477377245,0.15692653477066737
2050-03-09 10:00:00+00:00,0.3244325865413888,0.15651426302656138
2050-03-09 11:00:00+00:00,0.37834397337925635,0.15610304867160513
2050-03-09 12:00:00+00:00,0.4322551312339576,0.15569315879096707
2050-03-09 13:00:00+00:00,0.4861662846598969,0.15528459261008554
2050-03-09 14:00:00+00:00,0.4861670053349892,0.15487802534495515
2050-03-09 15:00:00+00:00,0.4861677265782865,0.15447279871860092
2050-03-09 16:00:00+00:00,0.48616790860238085,0.15406878958200398
2050-03-09 17:00:00+00:00,0.4861680978927922,0.15366532358399349
2050-03-09 18:00:00+00:00,0.48616828739361667,0.15326187648069484
2050-03-09 19:00:00+00:00,0.486168476620506,0.15285833758931835
2050-03-09 20:00:00+00:00,0.48616866557766664,0.1524546879955814
2050-03-09 21:00:00+00:00,0.4861688541818747,0.15205093134070277
2050-03-09 22:00:00+00:00,0.48616904272945094,0.1516470697781568
2050-03-09 23:00:00+00:00,0.48616923254621525,0.15124310605628424
2050-03-10 00:00:00+00:00,0.48616942197320595,0.1508390705808469
2050-03-10 01:00:00+00:00,0.48616961118406943,0.15043499400243768
2050-03-10 02:00:00+00:00,0.4861698009874387,0.1500308345540549
2050-03-10 03:00:00+00:00,0.4861699910087612,0.14962660148243725
2050-03-10 04:00:00+00:00,0.4861701812079883,0.1492222892869268
2050-03-10 05:00:00+00:00,0.4861703720603397,0.14881787833953403
2050-03-10 06:00:00+00:00,0.4861705637065997,0.14841336297449167
2050-03-10 07:00:00+00:00,0.48617130262020214,0.1480087704203637
2050-03-10 08:00:00+00:00,0.539955485532132,0.14760411073215898
2050-03-10 09:00:00+00:00,0.5937640527768444,0.14719946236254683
2050-03-10 10:00:00+00:00,0.6476582016644419,0.14679541037290164
2050-03-10 11:00:00+00:00,0.701543706944038,0.1463922451198308
2050-03-10 12:00:00+00:00,0.7554222938390746,0.14599044548418175
2050-03-10 13:00:00+00:00,0.8092164160405374,0.14559094275037363
2050-03-10 14:00:00+00:00,0.81056630677213,0.14519463633850338
2050-03-10 15:00:00+00:00,0.810631673387507,0.14480142363312332
2050-03-10 16:00:00+00:00,0.8106324103298845,0.144410633624274
2050-03-10 17:00:00+00:00,0.8106328075660155,0.14402110844339092
2050-03-10 18:00:00+00:00,0.810633203028241,0.14363208039797565
2050-03-10 19:00:00+00:00,0.8106335979316734,0.14324346695568513
2050-03-10 20:00:00+00:00,0.8106339925323458,0.14285516030620488
2050-03-10 21:00:00+00:00,0.8106343866022528,0.14246696259385197
2050-03-10 22:00:00+00:00,0.810634780178239,0.14207897453823987
2050-03-10 23:00:00+00:00,0.810635172498928,0.14169111080614072
2050-03-11 00:00:00+00:00,0.8106355644635486,0.1413033302243546
2050-03-11 01:00:00+00:00,0.8106359540627383,0.14091565164942652
2050-03-11 02:00:00+00:00,0.8106363504801118,0.14052808844634518
2050-03-11 03:00:00+00:00,0.8106367441183839,0.14014077992259105
2050-03-11 04:00:00+00:00,0.8106371375627808,0.13975373685297415
2050-03-11 05:00:00+00:00,0.8106375314850939,0.13936693048715867
2050-03-11 06:00:00+00:00,0.8106379238819412,0.1389806619384731
2050-03-11 07:00:00+00:00,0.8106383152760114,0.1385946570338661
2050-03-11 08:00:00+00:00,0.8119926214250657,0.13820884168967468
2050-03-11 09:00:00+00:00,0.8290931220578144,0.13782331046303092
2050-03-11 10:00:00+00:00,0.8828955569633073,0.13743824210771438
2050-03-11 11:00:00+00:00,0.9366987970309703,0.13705372773094543
2050-03-11 12:00:00+00:00,0.9487125771922178,0.1366699690307731
2050-03-11 13:00:00+00:00,0.9634595496106784,0.1362875088397945
2050-03-11 14:00:00+00:00,0.9650877275824779,0.13590692849097985
2050-03-11 15:00:00+00:00,0.9663338626831599,0.13552895786916666
2050-03-11 16:00:00+00:00,0.9663345881955513,0.13515288798278152
2050-03-11 17:00:00+00:00,0.9663353325869453,0.1347776210661897
2050-03-11 18:00:00+00:00,0.966336065947742,0.1344027889528133
2050-03-11 19:00:00+00:00,0.9663367953194516,0.13402813256344262
2050-03-11 20:00:00+00:00,0.9663375177182546,0.13365356144354518
2050-03-11 21:00:00+00:00,0.9663382390267825,0.13327905270823712
2050-03-11 22:00:00+00:00,0.9663389575914391,0.13290456199730044
2050-03-11 23:00:00+00:00,0.966339676117171,0.13253015234724194
2050-03-12 00:00:00+00:00,0.9663403947011086,0.13215581061807952
2050-03-12 01:00:00+00:00,0.9663411137005896,0.13178166787924814
2050-03-12 02:00:00+00:00,0.9663418301513388,0.1314075964083981
2050-03-12 03:00:00+00:00,0.9663425438696603,0.13103358617851973
2050-03-12 04:00:00+00:00,0.9663432550517644,0.13065933597884954
2050-03-12 05:00:00+00:00,0.9663439674039548,0.13028446774818073
2050-03-12 06:00:00+00:00,0.9663446852484439,0.12990852629462743
2050-03-12 07:00:00+00:00,0.9663453913366664,0.12953158180674063
2050-03-12 08:00:00+00:00,0.9663460910226823,0.1291531661886399
2050-03-12 09:00:00+00:00,0.9663467154433866,0.12877315954409255
2050-03-12 10:00:00+00:00,0.9712686123375933,0.12839161207155358
2050-03-12 11:00:00+00:00,0.9776645731824211,0.12800858769643478
2050-03-12 12:00:00+00:00,0.9857159206717221,0.12762457414944206
2050-03-12 13:00:00+00:00,0.9999957624818859,0.12724015302891425
2050-03-12 14:00:00+00:00,0.9999976383720455,0.1268554865506434
2050-03-12 15:00:00+00:00,0.9999991178561691,0.12647065595211943
2050-03-12 16:00:00+00:00,0.9999991099313221,0.12608521616843835
2050-03-12 17:00:00+00:00,0.9999980952556609,0.1256990968430636
2050-03-12 18:00:00+00:00,0.9999974648611394,0.12531189830057676
2050-03-12 19:00:00+00:00,0.9999969810840597,0.12492371766106769
2050-03-12 20:00:00+00:00,0.9999965803458457,0.12453410780504402
2050-03-12 21:00:00+00:00,0.9999962343348746,0.12414273969937795
2050-03-12 22:00:00+00:00,0.9999959321949017,0.1237491472213326
2050-03-12 23:00:00+00:00,0.9999956608595144,0.12335271601171119
2050-03-13 00:00:00+00:00,0.9999954147751802,0.12295294860611482
2050-03-13 01:00:00+00:00,0.9999951898399584,0.12254958015404585
2050-03-13 02:00:00+00:00,0.9999949831937289,0.1221423866324659
2050-03-13 03:00:00+00:00,0.9999947923614332,0.12173076009662016
2050-03-13 04:00:00+00:00,0.9999946155061337,0.12131508364776918
2050-03-13 05:00:00+00:00,0.999994450590909,0.12089566170181104
2050-03-13 06:00:00+00:00,0.9999942975603889,0.12047277985504681
2050-03-13 07:00:00+00:00,0.9999941551693785,0.12004538566812771
2050-03-13 08:00:00+00:00,0.9999941147374471,0.1196131899701973
2050-03-13 09:00:00+00:00,0.9999940818383959,0.11917592467672423
2050-03-13 10:00:00+00:00,0.9999940569749164,0.11873414203900119
2050-03-13 11:00:00+00:00,0.9999940400900191,0.11828800538641637
2050-03-13 12:00:00+00:00,0.999994027580357,0.1178387178999457
2050-03-13 13:00:00+00:00,0.9999940188479003,0.11738611504658536
2050-03-13 14:00:00+00:00,0.9999940165124238,0.11693095135350415
2050-03-13 15:00:00+00:00,0.9999940163230298,0.11647368576111398
2050-03-13 16:00:00+00:00,0.9999938101873376,0.11601476758169166
2050-03-13 17:00:00+00:00,0.9347423908367314,0.11555475514193467
2050-03-13 18:00:00+00:00,0.8695560461172283,0.11509405497485099
2050-03-13 19:00:00+00:00,0.8045125905312164,0.11463289293574998
2050-03-13 20:00:00+00:00,0.7393384119167347,0.11417125995540814
2050-03-13 21:00:00+00:00,0.6736159029180917,0.11370911846215857
2050-03-13 22:00:00+00:00,0.6018647196507827,0.11324630545119638
2050-03-13 23:00:00+00:00,0.5358466032950772,0.11278260000679287
2050-03-14 00:00:00+00:00,0.4703384309064097,0.11231775776337832
2050-03-14 01:00:00+00:00,0.4050640008087828,0.11185173439749321
2050-03-14 02:00:00+00:00,0.33988569201917573,0.11138456223637216
2050-03-14 03:00:00+00:00,0.2747126498735186,0.11091625544613153
2050-03-14 04:00:00+00:00,0.20941547992051565,0.11044673930495884
2050-03-14 05:00:00+00:00,0.1376649433868692,0.10997598566062768
2050-03-14 06:00:00+00:00,0.0659152847490813,0.10950400076544493
2050-03-14 07:00:00+00:00,2.0876212426575904e-05,0.10903122412855946
2050-03-14 08:00:00+00:00,2.113161894688688e-05,0.10855762842947698
2050-03-14 09:00:00+00:00,0.03527312097400382,0.10808288561373654
2050-03-14 10:00:00+00:00,0.08403690045777559,0.10760677182983097
2050-03-14 11:00:00+00:00,0.12148905458778976,0.10712902575045467
2050-03-14 12:00:00+00:00,0.15146671339759804,0.10664960880370297
2050-03-14 13:00:00+00:00,0.2053797767921502,0.1061677317770034
2050-03-14 14:00:00+00:00,0.2444838122091255,0.10568349698032509
2050-03-14 15:00:00+00:00,0.2631590442936809,0.10519697190295225
2050-03-14 16:00:00+00:00,0.2631597572495348,0.10470904650284975
2050-03-14 17:00:00+00:00,0.2608843769421311,0.1042203923557066
2050-03-14 18:00:00+00:00,0.2207439990762181,0.10373131619595226
2050-03-14 19:00:00+00:00,0.18179640825899596,0.10324159162808488
2050-03-14 20:00:00+00:00,0.16535103960309644,0.10275103473926632
2050-03-14 21:00:00+00:00,0.12483279534888202,0.10225978657720211
2050-03-14 22:00:00+00:00,0.07856899460861123,0.10176793872500095
2050-03-14 23:00:00+00:00,0.04146358788859612,0.10127532600079478
2050-03-15 00:00:00+00:00,0.0016785322801427373,0.10078165960013952
2050-03-15 01:00:00+00:00,0.0015166635276961712,0.10028646039228566
2050-03-15 02:00:00+00:00,0.001338645966821447,0.0997889491972224
2050-03-15 03:00:00+00:00,0.0011375522825007984,0.09928809668423008
2050-03-15 04:00:00+00:00,0.000901149457392628,0.09878323778693755
2050-03-15 05:00:00+00:00,0.0005951047623548432,0.09827427301487868
2050-03-15 06:00:00+00:00,2.955467778860332e-07,0.09776172621374778
2050-03-15 07:00:00+00:00,2.7938251128074797e-07,0.09724486095094502
2050-03-15 08:00:00+00:00,0.053912787139999675,0.09769580663102848
2050-03-15 09:00:00+00:00,0.10782528441188606,0.0981422693975304
2050-03-15 10:00:00+00:00,0.1617384722031027,0.09858486949178323
2050-03-15 11:00:00+00:00,0.21565178597781534,0.0990242308013661
2050-03-15 12:00:00+00:00,0.26956509949849333,0.09946042992546927
2050-03-15 13:00:00+00:00,0.32347829310808657,0.09989346071665928
2050-03-15 14:00:00+00:00,0.37739078571697976,0.1003235035292511
2050-03-15 15:00:00+00:00,0.4313032846616013,0.10075097657865907
2050-03-15 16:00:00+00:00,0.4313037144002879,0.10020433436035056
2050-03-15 17:00:00+00:00,0.43130414965862407,0.09965637693370791
2050-03-15 18:00:00+00:00,0.43130458278929745,0.09910789388261242
2050-03-15 19:00:00+00:00,0.4313050133251824,0.09855907910455493
2050-03-15 20:00:00+00:00,0.43130544192279346,0.09800995013628354
2050-03-15 21:00:00+00:00,0.4313058689039143,0.09746059257596548
2050-03-15 22:00:00+00:00,0.43130629540779725,0.09691109362395461
2050-03-15 23:00:00+00:00,0.43130672123767805,0.09636144064215968
2050-03-16 00:00:00+00:00,0.43130714628985606,0.09581158160464659
2050-03-16 01:00:00+00:00,0.4313075711614367,0.09526152084987646
2050-03-16 02:00:00+00:00,0.431307996606035,0.09471117185929857
2050-03-16 03:00:00+00:00,0.4313084197821742,0.09416033399662227
2050-03-16 04:00:00+00:00,0.4313088434551448,0.09360917930225751
2050-03-16 05:00:00+00:00,0.43130926785952395,0.09305773874165711
2050-03-16 06:00:00+00:00,0.43130969323899737,0.09250594093433807
2050-03-16 07:00:00+00:00,0.4852156864808248,0.09292589806232462
2050-03-16 08:00:00+00:00,0.5391219926742997,0.09334529865201749
2050-03-16 09:00:00+00:00,0.5930325364119342,0.09376357619806854
2050-03-16 10:00:00+00:00,0.6469448031817261,0.09418063234149647
2050-03-16 11:00:00+00:00,0.7008572707760934,0.09459620518025656
2050-03-16 12:00:00+00:00,0.7547694740725505,0.09500993365189644
2050-03-16 13:00:00+00:00,0.808675704092396,0.09542175953046553
2050-03-16 14:00:00+00:00,0.8625818933496892,0.09583103284555076
2050-03-16 15:00:00+00:00,0.916488219998493,0.09623845083861648
2050-03-16 16:00:00+00:00,0.9164888145893213,0.09567234732662988
2050-03-16 17:00:00+00:00,0.9164892308871687,0.09510573621126328
2050-03-16 18:00:00+00:00,0.9164896468674204,0.0945392249188278
2050-03-16 19:00:00+00:00,0.9164900612920782,0.09397289980958942
2050-03-16 20:00:00+00:00,0.916490474385351,0.09340683992812118
2050-03-16 21:00:00+00:00,0.9164908857513653,0.09284114260151094
2050-03-16 22:00:00+00:00,0.9164912976862938,0.09227584004439675
2050-03-16 23:00:00+00:00,0.9164917079188241,0.09171090936914614
2050-03-17 00:00:00+00:00,0.9164921169546709,0.09114631746023305
2050-03-17 01:00:00+00:00,0.916492525418425,0.09058202247591364
2050-03-17 02:00:00+00:00,0.9164929335896269,0.090018053204222
2050-03-17 03:00:00+00:00,0.9164933415242533,0.08945442782172472
2050-03-17 04:00:00+00:00,0.9164937488456305,0.08889122014698872
2050-03-17 05:00:00+00:00,0.9164941563634135,0.08832844950393158
2050-03-17 06:00:00+00:00,0.9164945646032755,0.08776614880504677
2050-03-17 07:00:00+00:00,0.9164949709971834,0.08720452345259254
2050-03-17 08:00:00+00:00,0.9227134371151678,0.08761582724259279
2050-03-17 09:00:00+00:00,0.9295538477738806,0.08802830574888502
2050-03-17 10:00:00+00:00,0.9369105639971056,0.08844138608764844
2050-03-17 11:00:00+00:00,0.9449938435861405,0.08885472065169406
2050-03-17 12:00:00+00:00,0.9543535137980422,0.08926763133492896
2050-03-17 13:00:00+00:00,0.965940125469843,0.08967903235797145
2050-03-17 14:00:00+00:00,0.9800420269008637,0.09008822940279586
2050-03-17 15:00:00+00:00,0.99987418231404,0.09049579663382898
2050-03-17 16:00:00+00:00,0.999874588882887,0.08993060490063391
2050-03-17 17:00:00+00:00,0.9998747191791446,0.0893662404198802
2050-03-17 18:00:00+00:00,0.999874849647011,0.08880402532597942
2050-03-17 19:00:00+00:00,0.9998749800438154,0.08824361504087104
2050-03-17 20:00:00+00:00,0.9998751108284777,0.08768482955995958
2050-03-17 21:00:00+00:00,0.9998752419749525,0.08712755410809464
2050-03-17 22:00:00+00:00,0.9998753732380248,0.08657122074638199
2050-03-17 23:00:00+00:00,0.9998755044117142,0.08601559171935494
2050-03-18 00:00:00+00:00,0.9998756387312333,0.08546064648454087
2050-03-18 01:00:00+00:00,0.9998757729931689,0.08490648860513861
2050-03-18 02:00:00+00:00,0.9998759084106604,0.08435340596406116
2050-03-18 03:00:00+00:00,0.9998760446828306,0.08380123073298121
2050-03-18 04:00:00+00:00,0.999876182179349,0.08324984885547532
2050-03-18 05:00:00+00:00,0.999876317323164,0.08269908071340307
2050-03-18 06:00:00+00:00,0.9998764551288554,0.08214850337147316
2050-03-18 07:00:00+00:00,0.9998765948645829,0.08159856648525796
2050-03-18 08:00:00+00:00,0.9998770197577023,0.08104913090593906
2050-03-18 09:00:00+00:00,0.9998774462810043,0.08050047093201795
2050-03-18 10:00:00+00:00,0.9998778769626864,0.0799523150411729
2050-03-18 11:00:00+00:00,0.9998783111402042,0.07940415735158504
2050-03-18 12:00:00+00:00,0.9998787486263739,0.0788556152354007
2050-03-18 13:00:00+00:00,0.9998791882690994,0.07830625460147098
2050-03-18 14:00:00+00:00,0.9998796264002859,0.07775543896304106
2050-03-18 15:00:00+00:00,0.9998800670184066,0.0772023339902041
2050-03-18 16:00:00+00:00,0.9998802013161435,0.07664775548529167
2050-03-18 17:00:00+00:00,0.9998803450624472,0.07609256152584619
2050-03-18 18:00:00+00:00,0.999880489534489,0.07553687275466192
2050-03-18 19:00:00+00:00,0.9998806329120649,0.07498092336763827
2050-03-18 20:00:00+00:00,0.9998807765867465,0.07442478463380428
2050-03-18 21:00:00+00:00,0.9998809206298754,0.07386845697166751
2050-03-18 22:00:00+00:00,0.9998810652137486,0.07331194511271572
2050-03-18 23:00:00+00:00,0.9998812103327863,0.07275512213316804
2050-03-19 00:00:00+00:00,0.9998813559867658,0.0721978642739895
2050-03-19 01:00:00+00:00,0.9998815031253862,0.07163995769179655
2050-03-19 02:00:00+00:00,0.9998816510610116,0.07108146744351301
2050-03-19 03:00:00+00:00,0.9998817998768533,0.07052231874981969
2050-03-19 04:00:00+00:00,0.9998819490857743,0.06996257776770776
2050-03-19 05:00:00+00:00,0.9998820983005685,0.06940232926069304
2050-03-19 06:00:00+00:00,0.9998822483190251,0.06884157570924479
2050-03-19 07:00:00+00:00,0.9998824028295533,0.06828032904617426
2050-03-19 08:00:00+00:00,0.9998829173229832,0.06771870563463607
2050-03-19 09:00:00+00:00,0.999883435220039,0.06715666711956093
2050-03-19 10:00:00+00:00,0.9998839560662042,0.06659426596852068
2050-03-19 11:00:00+00:00,0.9998844685277859,0.06603147944650237
2050-03-19 12:00:00+00:00,0.9999885858074389,0.06547215216899659
2050-03-19 13:00:00+00:00,0.9999891407182416,0.06490829023573645
2050-03-19 14:00:00+00:00,0.9999897355440913,0.06434350352979931
2050-03-19 15:00:00+00:00,0.9999903761630172,0.06377785557166238
2050-03-19 16:00:00+00:00,0.9999885331726271,0.06321182412074342
2050-03-19 17:00:00+00:00,0.9999869951607564,0.06264541498963515
2050-03-19 18:00:00+00:00,0.9999856335957361,0.06207877096392648
2050-03-19 19:00:00+00:00,0.9999843971819957,0.06151185018405475
2050-03-19 20:00:00+00:00,0.9999832549345843,0.06094472030216925
2050-03-19 21:00:00+00:00,0.9999821899087242,0.06037743814986323
2050-03-19 22:00:00+00:00,0.9999811947853775,0.05981007669001133
2050-03-19 23:00:00+00:00,0.999980251962561,0.059242739590036626
2050-03-20 00:00:00+00:00,0.9999793542311602,0.05867552842675037
2050-03-20 01:00:00+00:00,0.9999784955316502,0.05810851485699368
2050-03-20 02:00:00+00:00,0.9999776713168637,0.057541774025615604
2050-03-20 03:00:00+00:00,0.9999768793563707,0.056975407380830435
2050-03-20 04:00:00+00:00,0.9999761165715455,0.05640945977906466
2050-03-20 05:00:00+00:00,0.9999753796757328,0.055843996085855656
2050-03-20 06:00:00+00:00,0.9999746673789486,0.05527899665755425
2050-03-20 07:00:00+00:00,0.999973986836526,0.05471448380004538
2050-03-20 08:00:00+00:00,0.9999757746038682,0.054150616126485175
2050-03-20 09:00:00+00:00,0.9999776585611467,0.05358741174330283
2050-03-20 10:00:00+00:00,0.9999797289138541,0.05302506884672191
2050-03-20 11:00:00+00:00,0.9999819953424285,0.05246379298741802
2050-03-20 12:00:00+00:00,0.9999843233964049,0.051903770788349284
2050-03-20 13:00:00+00:00,0.9999867889320841,0.05134512607578806
2050-03-20 14:00:00+00:00,0.9999905025849916,0.0507878022512106
2050-03-20 15:00:00+00:00,0.9999999282033981,0.05023156783513005
2050-03-20 16:00:00+00:00,0.9999999732163493,0.04967626513344555
2050-03-20 17:00:00+00:00,0.928229341484403,0.0491211330439846
2050-03-20 18:00:00+00:00,0.8564546184296672,0.048566061155498365
2050-03-20 19:00:00+00:00,0.7846794325834069,0.04801114302541752
2050-03-20 20:00:00+00:00,0.7129043314516493,0.04745623528763454
2050-03-20 21:00:00+00:00,0.6411292031844444,0.0469012838778271
2050-03-20 22:00:00+00:00,0.5693545893067494,0.04634623886270208
2050-03-20 23:00:00+00:00,0.4981904556332101,0.045791067296641556
2050-03-21 00:00:00+00:00,0.4270286048667927,0.045235771386246806
2050-03-21 01:00:00+00:00,0.3558668966542928,0.04468036420334224
2050-03-21 02:00:00+00:00,0.28470465011367413,0.04412486790424367
2050-03-21 03:00:00+00:00,0.21354149253916868,0.04356931787928979
2050-03-21 04:00:00+00:00,0.14237092132770787,0.04301372224973232
2050-03-21 05:00:00+00:00,0.07118973779037298,0.042458091579173206
2050-03-21 06:00:00+00:00,2.8947089812970384e-08,0.041902424676953695
2050-03-21 07:00:00+00:00,7.743486250799216e-08,0.04134670432630905
2050-03-21 08:00:00+00:00,1.0569702039308469e-06,0.04091617765916282
2050-03-21 09:00:00+00:00,0.002547266104692818,0.04133252746201005
2050-03-21 10:00:00+00:00,0.026970638290231455,0.041749142595988865
2050-03-21 11:00:00+00:00,0.08087893378738505,0.042166226935918504
2050-03-21 12:00:00+00:00,0.13478563843861152,0.042583881422163294
2050-03-21 13:00:00+00:00,0.14551078143813484,0.04300232710336674
2050-03-21 14:00:00+00:00,0.14563297849987558,0.04342143121315445
2050-03-21 15:00:00+00:00,0.1456343162994407,0.04384117147982401
2050-03-21 16:00:00+00:00,0.14563479142193134,0.04420711331427599
2050-03-21 17:00:00+00:00,0.1456352640766622,0.04365697207732304
2050-03-21 18:00:00+00:00,0.1456357352146258,0.04310679027732636
2050-03-21 19:00:00+00:00,0.14563620745215902,0.0425566244531474
2050-03-21 20:00:00+00:00,0.14563667911148126,0.04253490217786991
2050-03-21 21:00:00+00:00,0.1456371505496005,0.042887524390518066
2050-03-21 22:00:00+00:00,0.1456376213245653,0.043250435108737474
2050-03-21 23:00:00+00:00,0.14563809183925117,0.04361511396274055
2050-03-22 00:00:00+00:00,0.1456385613845715,0.043980978905242
2050-03-22 01:00:00+00:00,0.14563903007575502,0.04434722580617519
2050-03-22 02:00:00+00:00,0.14563949808064097,0.04471323209716996
2050-03-22 03:00:00+00:00,0.14563996592249978,0.0450802488775058
2050-03-22 04:00:00+00:00,0.1456404350714048,0.04544545851672697
2050-03-22 05:00:00+00:00,0.1456409054634558,0.04581181424291275
2050-03-22 06:00:00+00:00,0.1456413771530879,0.04617787073604863
2050-03-22 07:00:00+00:00,0.19955394282460673,0.04659657019989521
2050-03-22 08:00:00+00:00,0.25346647615420587,0.04701519178810483
2050-03-22 09:00:00+00:00,0.30737976960485824,0.0474340752907213
2050-03-22 10:00:00+00:00,0.3612930839239815,0.04785349652473948
2050-03-22 11:00:00+00:00,0.41520639903070233,0.048273835941892405
2050-03-22 12:00:00+00:00,0.4691197137960395,0.04869528393328163
2050-03-22 13:00:00+00:00,0.5230330080029244,0.04911789113172151
2050-03-22 14:00:00+00:00,0.5769455429781495,0.04954156041062582
2050-03-22 15:00:00+00:00,0.6308582389789518,0.04996617004762532
2050-03-22 16:00:00+00:00,0.6308586968431649,0.05034800620144105
2050-03-22 17:00:00+00:00,0.6308591540083864,0.05072244624144165
2050-03-22 18:00:00+00:00,0.630859608913568,0.05109679415761143
2050-03-22 19:00:00+00:00,0.6308600629100214,0.051471469349707616
2050-03-22 20:00:00+00:00,0.6308605155016784,0.0518463680192888
2050-03-22 21:00:00+00:00,0.630860966333485,0.052221499349053194
2050-03-22 22:00:00+00:00,0.6308614212141308,0.05259723617793985
2050-03-22 23:00:00+00:00,0.6308618753603823,0.05297294878606318
2050-03-23 00:00:00+00:00,0.6308623289738367,0.05334881913533164
2050-03-23 01:00:00+00:00,0.6308627825162004,0.05372464552768707
2050-03-23 02:00:00+00:00,0.6308632368572854,0.05410063413736651
2050-03-23 03:00:00+00:00,0.6308636915997483,0.05447728024267935
2050-03-23 04:00:00+00:00,0.6308641467888579,0.05485459765501856
2050-03-23 05:00:00+00:00,0.6308646016888052,0.05523162265015973
2050-03-23 06:00:00+00:00,0.6308650582386378,0.05560600629436135
2050-03-23 07:00:00+00:00,0.6308655159591027,0.055983308535591206
2050-03-23 08:00:00+00:00,0.6308659669489686,0.05637551746003312
2050-03-23 09:00:00+00:00,0.6309810963566636,0.05680463973434753
2050-03-23 10:00:00+00:00,0.6376755767699392,0.057234471583078074
2050-03-23 11:00:00+00:00,0.6453304832440077,0.05766509397055568
2050-03-23 12:00:00+00:00,0.6532217406042372,0.058096774685583885
2050-03-23 13:00:00+00:00,0.6600262021352611,0.05852982184752975
2050-03-23 14:00:00+00:00,0.6601423324171863,0.05896485569662211
2050-03-23 15:00:00+00:00,0.6602566880534554,0.05940167182380461
2050-03-23 16:00:00+00:00,0.6602571442094637,0.05978847765681808
2050-03-23 17:00:00+00:00,0.660257597930532,0.06016005597824368
2050-03-23 18:00:00+00:00,0.6602580517371623,0.060167109229412
2050-03-23 19:00:00+00:00,0.6602585072735192,0.06055406411282539
2050-03-23 20:00:00+00:00,0.6602589617878893,0.06094395565800998
2050-03-23 21:00:00+00:00,0.6602594164286991,0.06133382238407773
2050-03-23 22:00:00+00:00,0.6602598708952536,0.06172385922940798
2050-03-23 23:00:00+00:00,0.6602603263988237,0.06211327848582602
2050-03-24 00:00:00+00:00,0.660260782755299,0.0625032999284993
2050-03-24 01:00:00+00:00,0.6602612394117838,0.06289411670321586
2050-03-24 02:00:00+00:00,0.6602616967813584,0.06328598321226614
2050-03-24 03:00:00+00:00,0.6602621547247859,0.06367864345808844
2050-03-24 04:00:00+00:00,0.6602626130476242,0.06407214945384522
2050-03-24 05:00:00+00:00,0.6602630711236143,0.06446616431952565
2050-03-24 06:00:00+00:00,0.6602635299370698,0.06486074348066805
2050-03-24 07:00:00+00:00,0.6602640004987266,0.06527428857985902
2050-03-24 08:00:00+00:00,0.660383619341795,0.06572087681405472
2050-03-24 09:00:00+00:00,0.6699484188483725,0.06616733918676532
2050-03-24 10:00:00+00:00,0.6802640866498711,0.06661345057006843
2050-03-24 11:00:00+00:00,0.6908909510026524,0.0670592671846289
2050-03-24 12:00:00+00:00,0.7015167215116421,0.06750535864896487
2050-03-24 13:00:00+00:00,0.7113835883881227,0.06795202310686686
2050-03-24 14:00:00+00:00,0.7115039792961652,0.0683990437578517
2050-03-24 15:00:00+00:00,0.7116237554107525,0.06884629437572135
2050-03-24 16:00:00+00:00,0.711624218000406,0.0692422800920787
2050-03-24 17:00:00+00:00,0.7116246751155424,0.06963746377827407
2050-03-24 18:00:00+00:00,0.7116251318794155,0.07003190657854401
2050-03-24 19:00:00+00:00,0.7116255887072047,0.0704225599963778
2050-03-24 20:00:00+00:00,0.7116260459681667,0.0708142365404904
2050-03-24 21:00:00+00:00,0.711626503262607,0.07120551461429506
2050-03-24 22:00:00+00:00,0.7116269609259422,0.0715961178105536
2050-03-24 23:00:00+00:00,0.7116274182226675,0.07198593444401763
2050-03-25 00:00:00+00:00,0.7116278756678631,0.07237539969489806
2050-03-25 01:00:00+00:00,0.7116283332903286,0.07276429639579714
2050-03-25 02:00:00+00:00,0.7116287916975355,0.07315249446173575
2050-03-25 03:00:00+00:00,0.7116292509577788,0.07354001528139337
2050-03-25 04:00:00+00:00,0.7116297096850217,0.0739266602209886
2050-03-25 05:00:00+00:00,0.7116301676344925,0.07430667454291419
2050-03-25 06:00:00+00:00,0.7116306251398413,0.0746872641837876
2050-03-25 07:00:00+00:00,0.7116310844437351,0.07506996705454345
2050-03-25 08:00:00+00:00,0.7116324218451928,0.07550485722994031
2050-03-25 09:00:00+00:00,0.7197636959877932,0.0759387905990469
2050-03-25 10:00:00+00:00,0.7350273099426271,0.0763718929992968
2050-03-25 11:00:00+00:00,0.7889162159077933,0.07680463855523757
2050-03-25 12:00:00+00:00,0.8427947560297882,0.07723743698538679
2050-03-25 13:00:00+00:00,0.8965898718611555,0.07767032331940646
2050-03-25 14:00:00+00:00,0.9115500587071724,0.07810333461261719
2050-03-25 15:00:00+00:00,0.9116519652486766,0.07853633148515449
2050-03-25 16:00:00+00:00,0.9116524325935617,0.07836402943109243
2050-03-25 17:00:00+00:00,0.9116525703217553,0.07782529391617776
2050-03-25 18:00:00+00:00,0.9116527078146764,0.07728665799159774
2050-03-25 19:00:00+00:00,0.911652846187484,0.0767481818221365
2050-03-25 20:00:00+00:00,0.9116529845872667,0.07620993116521821
2050-03-25 21:00:00+00:00,0.9116531233804653,0.0756719873193491
2050-03-25 22:00:00+00:00,0.9116532623302557,0.07513437612132766
2050-03-25 23:00:00+00:00,0.9116534014902186,0.07459705717297863
2050-03-26 00:00:00+00:00,0.9116535409398222,0.07405998442771841
2050-03-26 01:00:00+00:00,0.9116536808118744,0.0735231088102829
2050-03-26 02:00:00+00:00,0.9116538209464137,0.07298642994032002
2050-03-26 03:00:00+00:00,0.9116539612900977,0.0724499219252878
2050-03-26 04:00:00+00:00,0.9116541010200295,0.07191357148133758
2050-03-26 05:00:00+00:00,0.9116542408463533,0.0713773691776021
2050-03-26 06:00:00+00:00,0.9116543809744408,0.07084130016678582
2050-03-26 07:00:00+00:00,0.9116545268897217,0.07030539907879517
2050-03-26 08:00:00+00:00,0.9116550004752652,0.07068686601958564
2050-03-26 09:00:00+00:00,0.9116554650644356,0.07112215193895265
2050-03-26 10:00:00+00:00,0.9116567443790716,0.07155904639893637
2050-03-26 11:00:00+00:00,0.9116639882882001,0.07199649192249183
2050-03-26 12:00:00+00:00,0.9116711012161478,0.07243428408839982
2050-03-26 13:00:00+00:00,0.9116723741038263,0.07287239037666703
2050-03-26 14:00:00+00:00,0.9116728375714199,0.07330975347521371
2050-03-26 15:00:00+00:00,0.911673296051477,0.07368380813216253
2050-03-26 16:00:00+00:00,0.9116734420634195,0.07315115788397164
2050-03-26 17:00:00+00:00,0.9116735764105816,0.07261872993052368
2050-03-26 18:00:00+00:00,0.9116737117296931,0.0720864101247363
2050-03-26 19:00:00+00:00,0.9116738473318914,0.07155412039926072
2050-03-26 20:00:00+00:00,0.9116739831531254,0.07102186696011763
2050-03-26 21:00:00+00:00,0.911674119498629,0.07048966199273483
2050-03-26 22:00:00+00:00,0.9116742556695494,0.06995751368201478
2050-03-26 23:00:00+00:00,0.9116743920402421,0.06942541690486742
2050-03-27 00:00:00+00:00,0.9116745286399363,0.06889331161988496
2050-03-27 01:00:00+00:00,0.9116746656751883,0.06836121059120083
2050-03-27 02:00:00+00:00,0.9116748031793298,0.06782911615044254
2050-03-27 03:00:00+00:00,0.9116749412933308,0.06729697399280996
2050-03-27 04:00:00+00:00,0.9116750795658563,0.06676466457529082
2050-03-27 05:00:00+00:00,0.9116752178314006,0.06623211364009436
2050-03-27 06:00:00+00:00,0.9116753563048805,0.06569934087801331
2050-03-27 07:00:00+00:00,0.9116755031315076,0.06516623693020866
2050-03-27 08:00:00+00:00,0.9116759653461033,0.06523309797179241
2050-03-27 09:00:00+00:00,0.9116764002747865,0.06562033426285035
2050-03-27 10:00:00+00:00,0.946085486824923,0.06605792210210783
2050-03-27 11:00:00+00:00,0.9999938099592474,0.06649505144922906
2050-03-27 12:00:00+00:00,0.9999967014051943,0.06693158680284172
2050-03-27 13:00:00+00:00,0.9999972451643268,0.06731676629757057
2050-03-27 14:00:00+00:00,0.9999980351930141,0.06769944570388602
2050-03-27 15:00:00+00:00,0.9999996283177742,0.06716356994225808
2050-03-27 16:00:00+00:00,0.9999994231270807,0.06662603433516864
2050-03-27 17:00:00+00:00,0.9972040247545451,0.06608882428397288
2050-03-27 18:00:00+00:00,0.9825454863635577,0.06555184067940852
2050-03-27 19:00:00+00:00,0.9824125637438769,0.06501506749514088
2050-03-27 20:00:00+00:00,0.9822831063289258,0.06447853539272869
2050-03-27 21:00:00+00:00,0.9821553323309159,0.06394221173382166
2050-03-27 22:00:00+00:00,0.9820292931933062,0.06340613194927017
2050-03-27 23:00:00+00:00,0.9819045044670904,0.06287040979518743
2050-03-28 00:00:00+00:00,0.981780927437344,0.06233503932391289
2050-03-28 01:00:00+00:00,0.9816583410365518,0.06180008799747832
2050-03-28 02:00:00+00:00,0.9815366905868069,0.06126552370317846
2050-03-28 03:00:00+00:00,0.9814160324551017,0.06073143493063674
2050-03-28 04:00:00+00:00,0.981296295030063,0.06019802482127907
2050-03-28 05:00:00+00:00,0.9800329040604662,0.059665604576870486
2050-03-28 06:00:00+00:00,0.978506552846964,0.059134357897388364
2050-03-28 07:00:00+00:00,0.9783891636821547,0.058605580228724266
2050-03-28 08:00:00+00:00,0.9783887481295944,0.05807961612253828
2050-03-28 09:00:00+00:00,0.9783883367172134,0.05755675667185668
2050-03-28 10:00:00+00:00,0.9783879229478305,0.057036485578029504
2050-03-28 11:00:00+00:00,0.9783874986677281,0.05651865065480106
2050-03-28 12:00:00+00:00,0.978387090948557,0.05600313187066106
2050-03-28 13:00:00+00:00,0.9783866841292584,0.055489892103106384
2050-03-28 14:00:00+00:00,0.9783862745153006,0.05497890078166618
2050-03-28 15:00:00+00:00,0.9783858621422767,0.05447030841067154
2050-03-28 16:00:00+00:00,0.978254230006017,0.053963967182513034
2050-03-28 17:00:00+00:00,0.9303310399285917,0.05345979440945622
2050-03-28 18:00:00+00:00,0.8838727653301643,0.05295738477848804
2050-03-28 19:00:00+00:00,0.8416049384065686,0.0524569776008046
2050-03-28 20:00:00+00:00,0.8181734670904974,0.05195838194270922
2050-03-28 21:00:00+00:00,0.8176679969562819,0.05146121833486326
2050-03-28 22:00:00+00:00,0.817543242727254,0.05096505929027137
2050-03-28 23:00:00+00:00,0.8174189397189662,0.050469666886737055
2050-03-29 00:00:00+00:00,0.8172949931416371,0.04997486306157007
2050-03-29 01:00:00+00:00,0.8171712565917446,0.04948053120103379
2050-03-29 02:00:00+00:00,0.8170470923383486,0.048986694377826615
2050-03-29 03:00:00+00:00,0.816923328125865,0.048493344366289666
2050-03-29 04:00:00+00:00,0.8168001494722765,0.04800038232101908
2050-03-29 05:00:00+00:00,0.8166770492681289,0.04750801876263817
2050-03-29 06:00:00+00:00,0.8045742767780808,0.04701667843413113
2050-03-29 07:00:00+00:00,0.8045739381426195,0.04652667093205334
2050-03-29 08:00:00+00:00,0.8045740498763627,0.04603820832258348
2050-03-29 09:00:00+00:00,0.8045741631972395,0.045551477792724324
2050-03-29 10:00:00+00:00,0.8045742726283147,0.04506671775421724
2050-03-29 11:00:00+00:00,0.804574482354282,0.044583521617206676
2050-03-29 12:00:00+00:00,0.8114442823945573,0.04410180288570679
2050-03-29 13:00:00+00:00,0.8114444410703695,0.04362185931720157
2050-03-29 14:00:00+00:00,0.8114445528907143,0.043143580047055145
2050-03-29 15:00:00+00:00,0.8114446624421868,0.04266751010440051
2050-03-29 16:00:00+00:00,0.8097822730322136,0.0421931625562945
2050-03-29 17:00:00+00:00,0.7380633483027519,0.04172019216027234
2050-03-29 18:00:00+00:00,0.6663422016814533,0.04124788648047874
2050-03-29 19:00:00+00:00,0.5946228194747915,0.04077685569187077
2050-03-29 20:00:00+00:00,0.5229108606953781,0.040307628505081135
2050-03-29 21:00:00+00:00,0.4511957229653623,0.03984047998481108
2050-03-29 22:00:00+00:00,0.3794797140386719,0.03937549876328909
2050-03-29 23:00:00+00:00,0.3478599344865153,0.038913293133413566
2050-03-30 00:00:00+00:00,0.34610769001446895,0.03845506334812815
2050-03-30 01:00:00+00:00,0.3443969988332855,0.03800117019573836
2050-03-30 02:00:00+00:00,0.34274527690027096,0.03755113091446609
2050-03-30 03:00:00+00:00,0.34106524074968775,0.03710439048050456
2050-03-30 04:00:00+00:00,0.3393956665612618,0.03666079548417907
2050-03-30 05:00:00+00:00,0.3377538328763739,0.036220543086756866
2050-03-30 06:00:00+00:00,0.3361802512325863,0.035783498333882134
2050-03-30 07:00:00+00:00,0.340788635564923,0.035351063739364696
2050-03-30 08:00:00+00:00,0.3508497870911258,0.034922604496429484
2050-03-30 09:00:00+00:00,0.4046647414501852,0.03449750820690818
2050-03-30 10:00:00+00:00,0.4584712803581565,0.03407478495784788
2050-03-30 11:00:00+00:00,0.5123841718547033,0.03365408001864647
2050-03-30 12:00:00+00:00,0.5662970576516909,0.033235482458199794
2050-03-30 13:00:00+00:00,0.6202094496230299,0.03281825045441367
2050-03-30 14:00:00+00:00,0.6740305551334552,0.032401640552567904
2050-03-30 15:00:00+00:00,0.6845128138619545,0.031985854850730217
2050-03-30 16:00:00+00:00,0.684512854308676,0.03157099626089049
2050-03-30 17:00:00+00:00,0.6504536169289971,0.031156076368335995
2050-03-30 18:00:00+00:00,0.5786950555621169,0.03074149156854801
2050-03-30 19:00:00+00:00,0.506937379448307,0.030327091572889677
2050-03-30 20:00:00+00:00,0.4662079623076143,0.029912867995425207
2050-03-30 21:00:00+00:00,0.4273133385576035,0.029498727587533018
2050-03-30 22:00:00+00:00,0.38413572745104,0.029084650589668047
2050-03-30 23:00:00+00:00,0.34149982416159913,0.028670655286592375
2050-03-31 00:00:00+00:00,0.29944211582008023,0.028256499950882977
2050-03-31 01:00:00+00:00,0.2589234689148847,0.02784196441461529
2050-03-31 02:00:00+00:00,0.21706952669756258,0.027426987974623847
2050-03-31 03:00:00+00:00,0.1726248063170656,0.027011528999088933
2050-03-31 04:00:00+00:00,0.10086706496744506,0.026595465089704284
2050-03-31 05:00:00+00:00,0.05230241947999642,0.026178675226413633
2050-03-31 06:00:00+00:00,2.0077881750218958e-07,0.025761048039817016
2050-03-31 07:00:00+00:00,7.647246137340647e-07,0.025519245941719882
2050-03-31 08:00:00+00:00,1.5311440277943354e-06,0.02607147344206574
2050-03-31 09:00:00+00:00,1.9894038632810507e-06,0.02662279326076602
2050-03-31 10:00:00+00:00,2.290582195667457e-06,0.02717325246500946
2050-03-31 11:00:00+00:00,0.03842503315372136,0.02772291292325907
2050-03-31 12:00:00+00:00,0.09233720587733948,0.028271540391027555
2050-03-31 13:00:00+00:00,0.14024604580142308,0.028818944305763098
2050-03-31 14:00:00+00:00,0.1402463205523204,0.029364993706291045
2050-03-31 15:00:00+00:00,0.1402465936851594,0.029909393155088074
2050-03-31 16:00:00+00:00,0.140246683387555,0.030397867475714307
2050-03-31 17:00:00+00:00,0.1402466614883253,0.029966575519128544
2050-03-31 18:00:00+00:00,0.14024663761432857,0.029533723480617485
2050-03-31 19:00:00+00:00,0.14024661472822406,0.029100058832479177
2050-03-31 20:00:00+00:00,0.14024658973240592,0.02866566812143072
2050-03-31 21:00:00+00:00,0.1402465649703183,0.028230546403406834
2050-03-31 22:00:00+00:00,0.1402465403750311,0.027794760171903857
2050-03-31 23:00:00+00:00,0.14024651581446657,0.02735848988640426
2050-04-01 00:00:00+00:00,0.1402464910843995,0.026921791448888885
2050-04-01 01:00:00+00:00,0.1402464663601002,0.026484777249925387
2050-04-01 02:00:00+00:00,0.14024644191018823,0.026047517799048913
2050-04-01 03:00:00+00:00,0.14024641785277145,0.02561003942368715
2050-04-01 04:00:00+00:00,0.14024639407049264,0.02517243317486919
2050-04-01 05:00:00+00:00,0.14024637063457057,0.02473483582032833
2050-04-01 06:00:00+00:00,0.14024634853154924,0.024297444507570445
2050-04-01 07:00:00+00:00,0.1402464312685351,0.024788287661679925
2050-04-01 08:00:00+00:00,0.19415733141814095,0.025324103544905868
2050-04-01 09:00:00+00:00,0.24806879638849907,0.025860778493240342
2050-04-01 10:00:00+00:00,0.3019800501253854,0.02639822831583776
2050-04-01 11:00:00+00:00,0.3558933279453016,0.02693641419765112
2050-04-01 12:00:00+00:00,0.40980658442213913,0.027474834778328808
2050-04-01 13:00:00+00:00,0.46371775139310584,0.028013315257566875
2050-04-01 14:00:00+00:00,0.5176286739386808,0.02855201722737143
2050-04-01 15:00:00+00:00,0.5715392590479661,0.0290916303649551
2050-04-01 16:00:00+00:00,0.5715393456794415,0.029582875291989604
2050-04-01 17:00:00+00:00,0.5715394304696236,0.030029981521435618
2050-04-01 18:00:00+00:00,0.5715395151266202,0.02960353387657525
2050-04-01 19:00:00+00:00,0.571539599564234,0.029784273160290507
2050-04-01 20:00:00+00:00,0.5715396835245453,0.030264580462489133
2050-04-01 21:00:00+00:00,0.5715397670291228,0.0307529210534478
2050-04-01 22:00:00+00:00,0.5715398502684146,0.03124245761215272
2050-04-01 23:00:00+00:00,0.5715399332737564,0.03173261184950334
2050-04-02 00:00:00+00:00,0.5715400160630626,0.03222368722369196
2050-04-02 01:00:00+00:00,0.5715400988205476,0.03271504196797615
2050-04-02 02:00:00+00:00,0.5715401816932801,0.03320581894934867
2050-04-02 03:00:00+00:00,0.5715402643231918,0.033690964000358856
2050-04-02 04:00:00+00:00,0.5715403467338471,0.03332578952183346
2050-04-02 05:00:00+00:00,0.5715404292461073,0.033025434812921
2050-04-02 06:00:00+00:00,0.5715405122122329,0.03267106842053518
2050-04-02 07:00:00+00:00,0.5715405944449933,0.033169185113381565
2050-04-02 08:00:00+00:00,0.5715408767481713,0.03371963133805634
2050-04-02 09:00:00+00:00,0.5715411688439348,0.03427064679450197
2050-04-02 10:00:00+00:00,0.5771723479684004,0.034822150023041794
2050-04-02 11:00:00+00:00,0.6310855936739487,0.03537438398288158
2050-04-02 12:00:00+00:00,0.6849988370091119,0.03592730140279256
2050-04-02 13:00:00+00:00,0.7389080396888206,0.03648165665645831
2050-04-02 14:00:00+00:00,0.7389083313994453,0.03703676932834369
2050-04-02 15:00:00+00:00,0.7389086096392284,0.03759318752170433
2050-04-02 16:00:00+00:00,0.738908695887497,0.03809812959764843
2050-04-02 17:00:00+00:00,0.7389086838262808,0.03768430586393933
2050-04-02 18:00:00+00:00,0.7389086709002594,0.037270836350399454
2050-04-02 19:00:00+00:00,0.7389086561645835,0.03685763578691953
2050-04-02 20:00:00+00:00,0.7389086414800844,0.03644459742974573
2050-04-02 21:00:00+00:00,0.7389086264286105,0.036031630393846575
2050-04-02 22:00:00+00:00,0.7389086106926248,0.0356187086009457
2050-04-02 23:00:00+00:00,0.7389085972717746,0.03520583407277824
2050-04-03 00:00:00+00:00,0.7389085834186409,0.03479303734223883
2050-04-03 01:00:00+00:00,0.7389085695193739,0.03438027610323723
2050-04-03 02:00:00+00:00,0.7389085556711477,0.033967398113750394
2050-04-03 03:00:00+00:00,0.7389085414659692,0.03355430360145865
2050-04-03 04:00:00+00:00,0.7389085271097161,0.033141043104751196
2050-04-03 05:00:00+00:00,0.7389085129001572,0.03272762731911579
2050-04-03 06:00:00+00:00,0.7389084993611044,0.03231406845802698
2050-04-03 07:00:00+00:00,0.7389085824023884,0.032814419707959855
2050-04-03 08:00:00+00:00,0.7389235257026296,0.03337286346279175
2050-04-03 09:00:00+00:00,0.7842793311675551,0.03393146923848079
2050-04-03 10:00:00+00:00,0.83819264005273,0.03449008870742532
2050-04-03 11:00:00+00:00,0.8921059498067807,0.03504879181098664
2050-04-03 12:00:00+00:00,0.9460192536249437,0.035607903002268106
2050-04-03 13:00:00+00:00,0.9999303951184915,0.03616780639179636
2050-04-03 14:00:00+00:00,0.9999523903251977,0.0367283886981634
2050-04-03 15:00:00+00:00,0.9999851366763202,0.03728963095751547
2050-04-03 16:00:00+00:00,0.9999852312377832,0.03779945122143619
2050-04-03 17:00:00+00:00,0.9999852779187546,0.037389320061540984
2050-04-03 18:00:00+00:00,0.9999853259663527,0.036979080334537784
2050-04-03 19:00:00+00:00,0.9999853778912602,0.03656857129350414
2050-04-03 20:00:00+00:00,0.9999854332987761,0.03615790854764518
2050-04-03 21:00:00+00:00,0.9999854920846389,0.035747206140066504
2050-04-03 22:00:00+00:00,0.9999855543311826,0.03533642496708044
2050-04-03 23:00:00+00:00,0.9999856204460119,0.03492547823541841
2050-04-04 00:00:00+00:00,0.9999856903597553,0.03451438858388671
2050-04-04 01:00:00+00:00,0.9999857643922376,0.03410310447266453
2050-04-04 02:00:00+00:00,0.9999858432010041,0.03369167511252509
2050-04-04 03:00:00+00:00,0.9999859260165064,0.03328002155127017
2050-04-04 04:00:00+00:00,0.9999860131018984,0.03286794837077808
2050-04-04 05:00:00+00:00,0.9999861047821004,0.03245516197503145
2050-04-04 06:00:00+00:00,0.9999862011918248,0.03204150704151742
2050-04-04 07:00:00+00:00,0.9999863649267688,0.03253423849062312
2050-04-04 08:00:00+00:00,0.9999866821993499,0.0330880919023512
2050-04-04 09:00:00+00:00,0.9999870110291271,0.033639336646197344
2050-04-04 10:00:00+00:00,0.9999873572664026,0.03418823495799793
2050-04-04 11:00:00+00:00,0.9999877209484441,0.03473502578638618
2050-04-04 12:00:00+00:00,0.9999880994860245,0.03528034364463663
2050-04-04 13:00:00+00:00,0.9999884930224588,0.03582475324077714
2050-04-04 14:00:00+00:00,0.9999889042402443,0.03636873594247235
2050-04-04 15:00:00+00:00,0.9999891310200265,0.036883171291240906
2050-04-04 16:00:00+00:00,0.9999893710353462,0.0367992991774823
2050-04-04 17:00:00+00:00,0.9999894469507838,0.036370363814780954
2050-04-04 18:00:00+00:00,0.9999895286551723,0.035941776424105794
2050-04-04 19:00:00+00:00,0.9999896161578605,0.03551296361527461
2050-04-04 20:00:00+00:00,0.999989709330909,0.035083888488206434
2050-04-04 21:00:00+00:00,0.9999898076911098,0.03465474601052873
2050-04-04 22:00:00+00:00,0.9999899116086556,0.03422559931601131
2050-04-04 23:00:00+00:00,0.9999900218073832,0.033796499452127086
2050-04-05 00:00:00+00:00,0.9999901385578462,0.03336747730895287
2050-04-05 01:00:00+00:00,0.9999902625129709,0.03293856930881496
2050-04-05 02:00:00+00:00,0.9999903951595726,0.03250968746784105
2050-04-05 03:00:00+00:00,0.9999905354912579,0.03208078865386443
2050-04-05 04:00:00+00:00,0.9999906830887032,0.0316519434491534
2050-04-05 05:00:00+00:00,0.9999908389536953,0.031222924934511422
2050-04-05 06:00:00+00:00,0.9999910034212361,0.03079329074513298
2050-04-05 07:00:00+00:00,0.9999911806063567,0.030362731686372855
2050-04-05 08:00:00+00:00,0.9999917924479885,0.03023741612839708
2050-04-05 09:00:00+00:00,0.9999924637720844,0.030205245655050728
2050-04-05 10:00:00+00:00,0.9999932128876486,0.030189804035058384
2050-04-05 11:00:00+00:00,0.9999940731033885,0.03016658997149032
2050-04-05 12:00:00+00:00,0.9999951050574396,0.030110640311622517
2050-04-05 13:00:00+00:00,0.9999964645713048,0.029991540982157047
2050-04-05 14:00:00+00:00,0.9999988848361636,0.029553705051276025
2050-04-05 15:00:00+00:00,0.9999994073113709,0.02911390066203084
2050-04-05 16:00:00+00:00,0.9999992074352351,0.028672963111579058
2050-04-05 17:00:00+00:00,0.999998722281983,0.028231169071583826
2050-04-05 18:00:00+00:00,0.999998415291952,0.027789144595429655
2050-04-05 19:00:00+00:00,0.9999981871326618,0.027346101619288674
2050-04-05 20:00:00+00:00,0.9999980073864365,0.026901442859981504
2050-04-05 21:00:00+00:00,0.9999978617130728,0.026454771993138962
2050-04-05 22:00:00+00:00,0.9999977420328966,0.02600605036970957
2050-04-05 23:00:00+00:00,0.9999976438679545,0.025554613063846484
2050-04-06 00:00:00+00:00,0.9999975638981831,0.025099266344447996
2050-04-06 01:00:00+00:00,0.9999974999603362,0.02463960438817161
2050-04-06 02:00:00+00:00,0.9999974506507817,0.024176074226789107
2050-04-06 03:00:00+00:00,0.9999974150090989,0.02370920216654774
2050-04-06 04:00:00+00:00,0.9999973921576957,0.023239165004910054
2050-04-06 05:00:00+00:00,0.9999973817996979,0.022765740499877746
2050-04-06 06:00:00+00:00,0.999997383294665,0.022289080510218107
2050-04-06 07:00:00+00:00,0.9999973975206358,0.021807906190720375
2050-04-06 08:00:00+00:00,0.9999975162915717,0.02132285052757527
2050-04-06 09:00:00+00:00,0.9999976542346091,0.020834632686825925
2050-04-06 10:00:00+00:00,0.9999978194887323,0.020344024056732583
2050-04-06 11:00:00+00:00,0.9999980151239815,0.01985148768970251
2050-04-06 12:00:00+00:00,0.999998252936785,0.01935690555148906
2050-04-06 13:00:00+00:00,0.9999985479454229,0.01886107409000831
2050-04-06 14:00:00+00:00,0.9999989533058286,0.018364347778405374
2050-04-06 15:00:00+00:00,0.9999997196327657,0.017866463765604454
2050-04-06 16:00:00+00:00,0.9999999568493569,0.01736707924002152
2050-04-06 17:00:00+00:00,0.9281155623970163,0.01686765142461731
2050-04-06 18:00:00+00:00,0.8562311652449274,0.01636807518050312
2050-04-06 19:00:00+00:00,0.7843467680943988,0.015868361793274024
2050-04-06 20:00:00+00:00,0.7124623713454689,0.015368554681657749
2050-04-06 21:00:00+00:00,0.640577974832469,0.014868605973711063
2050-04-06 22:00:00+00:00,0.5686935784416817,0.014368452274544162
2050-04-06 23:00:00+00:00,0.49680918221665976,0.013868016968909283
2050-04-07 00:00:00+00:00,0.42492478604060185,0.013367203546216547
2050-04-07 01:00:00+00:00,0.3530403897800169,0.012866043628504173
2050-04-07 02:00:00+00:00,0.28115599313908335,0.012364491673999469
2050-04-07 03:00:00+00:00,0.20927159581807142,0.011862676511730327
2050-04-07 04:00:00+00:00,0.13738719759708035,0.011360741258627589
2050-04-07 05:00:00+00:00,0.06550279848794055,0.010858761838931984
2050-04-07 06:00:00+00:00,3.312711938420693e-08,0.010356835251638196
2050-04-07 07:00:00+00:00,8.106852182628492e-07,0.009857424666851257
2050-04-07 08:00:00+00:00,2.3536539233411936e-06,0.01032782390114777
2050-04-07 09:00:00+00:00,3.2688652833419376e-06,0.010798276579352622
2050-04-07 10:00:00+00:00,4.2158377421699235e-06,0.011269009072738728
2050-04-07 11:00:00+00:00,1.552937115021431e-05,0.011740255462046678
2050-04-07 12:00:00+00:00,2.159835888294998e-05,0.012212397119859617
2050-04-07 13:00:00+00:00,2.7000655131142216e-05,0.012685575428581734
2050-04-07 14:00:00+00:00,2.753759830637964e-05,0.013160677352315828
2050-04-07 15:00:00+00:00,2.8124935836183236e-05,0.013636962566335923
2050-04-07 16:00:00+00:00,2.8090879676318588e-05,0.013142371699216912
2050-04-07 17:00:00+00:00,2.7360132662956076e-05,0.012648202480755584
2050-04-07 18:00:00+00:00,2.6603294704935256e-05,0.012154251212421033
2050-04-07 19:00:00+00:00,2.582236508369624e-05,0.01166049575668517
2050-04-07 20:00:00+00:00,2.501352021577995e-05,0.011166910367266756
2050-04-07 21:00:00+00:00,2.4177482291336316e-05,0.01067352181578734
2050-04-07 22:00:00+00:00,2.3307344551950612e-05,0.01018033625312346
2050-04-07 23:00:00+00:00,2.239649074960234e-05,0.009687359862618648
2050-04-08 00:00:00+00:00,2.1446339036461555e-05,0.009194601534516948
2050-04-08 01:00:00+00:00,2.0450410773911643e-05,0.008702069766240958
2050-04-08 02:00:00+00:00,1.940326081792371e-05,0.008209771034715384
2050-04-08 03:00:00+00:00,1.8293617100574446e-05,0.007717734793624275
2050-04-08 04:00:00+00:00,1.7101284773937854e-05,0.007225967317005552
2050-04-08 05:00:00+00:00,1.5820706478793365e-05,0.006734414051439914
2050-04-08 06:00:00+00:00,1.4428955767655208e-05,0.00624297418315751
2050-04-08 07:00:00+00:00,1.2678101194647154e-05,0.005751544068919327
2050-04-08 08:00:00+00:00,1.2810261615513264e-05,0.005283586157605266
2050-04-08 09:00:00+00:00,1.2935613467508049e-05,0.0056195388499147075
2050-04-08 10:00:00+00:00,1.305389796642244e-05,0.006033770176724394
2050-04-08 11:00:00+00:00,1.3166884442996726e-05,0.006457872097775294
2050-04-08 12:00:00+00:00,1.3274811140104827e-05,0.006936509013765563
2050-04-08 13:00:00+00:00,1.3377745282019734e-05,0.007415623162232088
2050-04-08 14:00:00+00:00,1.3476341266219769e-05,0.007830253045774624
2050-04-08 15:00:00+00:00,1.357117171666133e-05,0.007363453866253882
2050-04-08 16:00:00+00:00,1.3555352896483306e-05,0.006871411048247416
2050-04-08 17:00:00+00:00,1.353524295334478e-05,0.006378121134977934
2050-04-08 18:00:00+00:00,1.35109488732388e-05,0.005883937126872414
2050-04-08 19:00:00+00:00,1.3482139467577519e-05,0.005389500090247493
2050-04-08 20:00:00+00:00,1.3449693099002383e-05,0.004895047755067172
2050-04-08 21:00:00+00:00,1.3413650792148746e-05,0.00440059791165398
2050-04-08 22:00:00+00:00,1.337342438398378e-05,0.0039059061177192152
2050-04-08 23:00:00+00:00,1.34217709409931e-05,0.0034106831966171217
2050-04-09 00:00:00+00:00,1.347313781824336e-05,0.002927024628739675
2050-04-09 01:00:00+00:00,1.3521465567569483e-05,0.002456121684011245
2050-04-09 02:00:00+00:00,1.3567183321247735e-05,0.001987122647768772
2050-04-09 03:00:00+00:00,1.350689638268466e-05,0.0014909221991536306
2050-04-09 04:00:00+00:00,1.3444460727615957e-05,0.0009946197415058205
2050-04-09 05:00:00+00:00,1.3378523733729545e-05,0.0004982455185730816
2050-04-09 06:00:00+00:00,1.3308543388868897e-05,1.6731831888203136e-06
2050-04-09 07:00:00+00:00,1.3329683776102507e-05,8.084136340093354e-07
2050-04-09 08:00:00+00:00,1.3464960119811794e-05,0.00047712218622367815
2050-04-09 09:00:00+00:00,1.3589084716747906e-05,0.0009540346889492373
2050-04-09 10:00:00+00:00,1.3709196810926082e-05,0.0014314303871215156
2050-04-09 11:00:00+00:00,1.3924934830491096e-05,0.0019089912769574967
2050-04-09 12:00:00+00:00,1.4122075812644278e-05,0.00238677920247641
2050-04-09 13:00:00+00:00,1.4232127724889368e-05,0.0028643529362479864
2050-04-09 14:00:00+00:00,1.4331992204130643e-05,0.0033420534293261456
2050-04-09 15:00:00+00:00,1.4426823908434054e-05,0.0038194709000708873
2050-04-09 16:00:00+00:00,1.4516530037249747e-05,0.004296782153543972
2050-04-09 17:00:00+00:00,1.4504209307714236e-05,0.004289136596839425
2050-04-09 18:00:00+00:00,1.4490451590424193e-05,0.004054098123879276
2050-04-09 19:00:00+00:00,1.447250465249311e-05,0.0038294696944169656
2050-04-09 20:00:00+00:00,1.4449599853897785e-05,0.0036230888265446804
2050-04-09 21:00:00+00:00,1.4422243967742657e-05,0.003429411575673351
2050-04-09 22:00:00+00:00,1.4390805511660606e-05,0.0032394090316965897
2050-04-09 23:00:00+00:00,1.435440209913821e-05,0.003042684895254705
2050-04-10 00:00:00+00:00,1.4313899574101553e-05,0.002842756762304698
2050-04-10 01:00:00+00:00,1.4269380593264962e-05,0.0026072613564974085
2050-04-10 02:00:00+00:00,1.422204252024744e-05,0.0023146679616716927
2050-04-10 03:00:00+00:00,1.4169885575511554e-05,0.0019552407590170246
2050-04-10 04:00:00+00:00,1.411457188178751e-05,0.0014658651197963272
2050-04-10 05:00:00+00:00,1.4055874420572274e-05,0.000976707063229679
2050-04-10 06:00:00+00:00,1.3992977079063455e-05,0.00048772928597827877
2050-04-10 07:00:00+00:00,1.3925330730678012e-05,0.00014923955427723336
2050-04-10 08:00:00+00:00,1.3957467527183883e-05,0.0006315502364315299
2050-04-10 09:00:00+00:00,1.3985574161025348e-05,0.0011141362909690494
2050-04-10 10:00:00+00:00,1.4020387878963235e-05,0.0015973157248558212
2050-04-10 11:00:00+00:00,1.4055657814915702e-05,0.002081423102466172
2050-04-10 12:00:00+00:00,1.4079369903990808e-05,0.0025664659254921464
2050-04-10 13:00:00+00:00,1.4092263732584872e-05,0.003052300510733542
2050-04-10 14:00:00+00:00,1.410006018006837e-05,0.0035390487129065163
2050-04-10 15:00:00+00:00,1.4103672863687333e-05,0.004026540283093044
2050-04-10 16:00:00+00:00,1.399570376026209e-05,0.003745111905616863
2050-04-10 17:00:00+00:00,1.3882788823719339e-05,0.0033815384831432905
2050-04-10 18:00:00+00:00,1.376608643293656e-05,0.003006917600197767
2050-04-10 19:00:00+00:00,1.3642697998525788e-05,0.002658827221183144
2050-04-10 20:00:00+00:00,1.3514346225726164e-05,0.002344584146481622
2050-04-10 21:00:00+00:00,1.3380567946424757e-05,0.0020355426060822412
2050-04-10 22:00:00+00:00,1.3242079204218504e-05,0.0019212399699103117
2050-04-10 23:00:00+00:00,1.3094829394171628e-05,0.00221925405834881
2050-04-11 00:00:00+00:00,1.2945889085463645e-05,0.002700525152821563
2050-04-11 01:00:00+00:00,1.2780454489636362e-05,0.0031266907604851654
2050-04-11 02:00:00+00:00,1.2615355773468203e-05,0.0029207946490534954
2050-04-11 03:00:00+00:00,1.2442499640442727e-05,0.002590718484935069
2050-04-11 04:00:00+00:00,1.2265157270753483e-05,0.002247952834147878
2050-04-11 05:00:00+00:00,1.2080238271183355e-05,0.0018895930810386432
2050-04-11 06:00:00+00:00,1.1886971005941015e-05,0.0015345889257375473
2050-04-11 07:00:00+00:00,1.1682539458532608e-05,0.0012121133656948352
2050-04-11 08:00:00+00:00,1.1607457383480566e-05,0.001725153218883422
2050-04-11 09:00:00+00:00,1.1527647036542754e-05,0.002240996395192019
2050-04-11 10:00:00+00:00,1.1442993931499723e-05,0.002760253163190898
2050-04-11 11:00:00+00:00,1.1352691186561369e-05,0.003283271387680636
2050-04-11 12:00:00+00:00,1.1255853176515262e-05,0.0038098892470999905
2050-04-11 13:00:00+00:00,1.115110125904656e-05,0.004339874666157595
2050-04-11 14:00:00+00:00,1.0869144065897645e-05,0.004643672349773465
2050-04-11 15:00:00+00:00,1.0578194251251487e-05,0.004307830540139434
2050-04-11 16:00:00+00:00,1.0275100527381455e-05,0.003966883413632602
2050-04-11 17:00:00+00:00,9.95549757234401e-06,0.0036217897450334323
2050-04-11 18:00:00+00:00,9.618471992185553e-06,0.0032801221156333474
2050-04-11 19:00:00+00:00,9.260320408011347e-06,0.002955452092698222
2050-04-11 20:00:00+00:00,8.878283328650989e-06,0.002642310788681953
2050-04-11 21:00:00+00:00,8.470167615640582e-06,0.002342644537116453
2050-04-11 22:00:00+00:00,8.032029893944017e-06,0.0020556014979200015
2050-04-11 23:00:00+00:00,7.5583375143710034e-06,0.001781854756899534
2050-04-12 00:00:00+00:00,7.04165128336484e-06,0.0015195521110679309
2050-04-12 01:00:00+00:00,6.465833639830239e-06,0.001291037069436399
2050-04-12 02:00:00+00:00,5.820093081995186e-06,0.0010662871994481897
2050-04-12 03:00:00+00:00,5.0762658247332355e-06,0.0008124179941469409
2050-04-12 04:00:00+00:00,4.175327761289492e-06,0.0005491193485337911
2050-04-12 05:00:00+00:00,2.971823666376683e-06,0.00027809516544542414
2050-04-12 06:00:00+00:00,7.018896018275676e-07,2.2756122353112026e-09
2050-04-12 07:00:00+00:00,2.9345879210633694e-06,0.000626564963162186
2050-04-12 08:00:00+00:00,0.0539161674418141,0.0012541176419919196
2050-04-12 09:00:00+00:00,0.10782940083024821,0.0018833799773506899
2050-04-12 10:00:00+00:00,0.16174266675568502,0.0025147652990934167
2050-04-12 11:00:00+00:00,0.21565593343976092,0.0031483018443467336
2050-04-12 12:00:00+00:00,0.26956919965633064,0.003784381607574376
2050-04-12 13:00:00+00:00,0.3234824656338716,0.004423305590893755
2050-04-12 14:00:00+00:00,0.37739569855384997,0.005065837672379081
2050-04-12 15:00:00+00:00,0.43130893100595163,0.005711462689509996
2050-04-12 16:00:00+00:00,0.48522177816763423,0.0063603171279021245
2050-04-12 17:00:00+00:00,0.485215036881832,0.006038650871044198
2050-04-12 18:00:00+00:00,0.47353215761738426,0.005718132998663824
2050-04-12 19:00:00+00:00,0.42704586837333985,0.005398719538985191
2050-04-12 20:00:00+00:00,0.3740337600629208,0.005080491386976118
2050-04-12 21:00:00+00:00,0.3191263765452638,0.004762951354826674
2050-04-12 22:00:00+00:00,0.2719996620968417,0.004445762121871025
2050-04-12 23:00:00+00:00,0.24670568251425806,0.004128916404655006
2050-04-13 00:00:00+00:00,0.23075682763641103,0.0038123680909002535
2050-04-13 01:00:00+00:00,0.2162351528756859,0.0034960773092534325
2050-04-13 02:00:00+00:00,0.18954442391619533,0.0031800389841187453
2050-04-13 03:00:00+00:00,0.14032907962268237,0.002864228923950214
2050-04-13 04:00:00+00:00,0.08628591885514485,0.002548647261532876
2050-04-13 05:00:00+00:00,0.031524270587092014,0.0022332869902863465
2050-04-13 06:00:00+00:00,6.370053536392647e-07,0.0019181410912301666
2050-04-13 07:00:00+00:00,1.5636531358316967e-07,0.002575198435071071
2050-04-13 08:00:00+00:00,0.053913264118395914,0.00323241193704911
2050-04-13 09:00:00+00:00,0.10782637601879075,0.0038901086169877293
2050-04-13 10:00:00+00:00,0.16173957893241087,0.004548639671156095
2050-04-13 11:00:00+00:00,0.2156528483496506,0.005208640935020661
2050-04-13 12:00:00+00:00,0.2695661175230316,0.005870716778143655
2050-04-13 13:00:00+00:00,0.32347931801493995,0.00653471576021757
2050-04-13 14:00:00+00:00,0.377392427637637,0.007200474933664707
2050-04-13 15:00:00+00:00,0.4313055303755676,0.007867917436459895
2050-04-13 16:00:00+00:00,0.43131130689507835,0.00853659449357659
2050-04-13 17:00:00+00:00,0.43131665601142133,0.009206008661457514
2050-04-13 18:00:00+00:00,0.4313220075667753,0.009875424634165384
2050-04-13 19:00:00+00:00,0.43132732521951883,0.010544755349045523
2050-04-13 20:00:00+00:00,0.4313326301499832,0.011214004148610363
2050-04-13 21:00:00+00:00,0.4313379244064458,0.011883184640622114
2050-04-13 22:00:00+00:00,0.431343443391102,0.012552300117613964
2050-04-13 23:00:00+00:00,0.43134895531184997,0.013221349514616733
2050-04-14 00:00:00+00:00,0.4313544597851427,0.013890394039602771
2050-04-14 01:00:00+00:00,0.431359961829375,0.014559484292740038
2050-04-14 02:00:00+00:00,0.4313654637093195,0.015228675814336807
2050-04-14 03:00:00+00:00,0.4313709662498338,0.01589798729627257
2050-04-14 04:00:00+00:00,0.4313764637869115,0.01656743227382789
2050-04-14 05:00:00+00:00,0.43138194571049054,0.01723709025504955
2050-04-14 06:00:00+00:00,0.4608669358260563,0.017906979572943543
2050-04-14 07:00:00+00:00,0.5147801995117918,0.018577077550137717
2050-04-14 08:00:00+00:00,0.5686934655442283,0.019247555392846966
2050-04-14 09:00:00+00:00,0.6226067317545242,0.019919626356094285
2050-04-14 10:00:00+00:00,0.6765199981620372,0.020594454013990467
2050-04-14 11:00:00+00:00,0.7304332647158861,0.021272805120510954
2050-04-14 12:00:00+00:00,0.7843465312904536,0.021954757656366293
2050-04-14 13:00:00+00:00,0.8382597976827507,0.02264102506126711
2050-04-14 14:00:00+00:00,0.8921730637793578,0.023330485077711165
2050-04-14 15:00:00+00:00,0.9460863301123571,0.024023589006154984
2050-04-14 16:00:00+00:00,0.9999995960533078,0.024719458698872415
2050-04-14 17:00:00+00:00,0.9895708561340809,0.025417336098678165
2050-04-14 18:00:00+00:00,0.9178465054841695,0.026115786727839187
2050-04-14 19:00:00+00:00,0.9041273023996086,0.026814752693847168
2050-04-14 20:00:00+00:00,0.8941732971049482,0.027514093572923323
2050-04-14 21:00:00+00:00,0.8850850347255906,0.02821378454965346
2050-04-14 22:00:00+00:00,0.8766968554530857,0.02891382101587022
2050-04-14 23:00:00+00:00,0.868676490597855,0.029614194388533962
2050-04-15 00:00:00+00:00,0.8609465037892517,0.030314898042535978
2050-04-15 01:00:00+00:00,0.8534703814781216,0.031015925583959585
2050-04-15 02:00:00+00:00,0.8460688497603585,0.03171726119040468
2050-04-15 03:00:00+00:00,0.7838680791674663,0.0324188695752108
2050-04-15 04:00:00+00:00,0.7121421616093577,0.033120728356141285
2050-04-15 05:00:00+00:00,0.6404175522658236,0.03382284970500205
2050-04-15 06:00:00+00:00,0.5686924791477259,0.034525219738682535
2050-04-15 07:00:00+00:00,0.5686938214379855,0.035227708873941194
2050-04-15 08:00:00+00:00,0.6226070411313522,0.03593089480762475
2050-04-15 09:00:00+00:00,0.6765202653974676,0.03663531849308229
2050-04-15 10:00:00+00:00,0.7304335473835036,0.03734275975850642
2050-04-15 11:00:00+00:00,0.7843468249447331,0.03805497449824541
2050-04-15 12:00:00+00:00,0.838260102617496,0.038772906623273755
2050-04-15 13:00:00+00:00,0.8921733838134686,0.039496469962495125
2050-04-15 14:00:00+00:00,0.9460866074973248,0.04022469928398634
2050-04-15 15:00:00+00:00,0.9999998239649482,0.040957477608467956
2050-04-15 16:00:00+00:00,0.9999924014505415,0.04169348892096008
2050-04-15 17:00:00+00:00,0.9711194680245777,0.04243123709278915
2050-04-15 18:00:00+00:00,0.8993941889361605,0.04316921585094582
2050-04-15 19:00:00+00:00,0.8276706547716339,0.04390708021221372
2050-04-15 20:00:00+00:00,0.7559477245405514,0.044644971662068884
2050-04-15 21:00:00+00:00,0.6842440220953381,0.04538292839769019
2050-04-15 22:00:00+00:00,0.6630954310507924,0.04612099630980539
2050-04-15 23:00:00+00:00,0.6510736336082596,0.04685920885481927
2050-04-16 00:00:00+00:00,0.6400224131285818,0.04759759357262666
2050-04-16 01:00:00+00:00,0.6293171696721547,0.048336176082678
2050-04-16 02:00:00+00:00,0.6188146216647318,0.049074995074209773
2050-04-16 03:00:00+00:00,0.6083143421215248,0.04981398095022008
2050-04-16 04:00:00+00:00,0.5966413302416318,0.05055322098341716
2050-04-16 05:00:00+00:00,0.5249247524061287,0.05129259508504145
2050-04-16 06:00:00+00:00,0.5147776139174023,0.05203209604538574
2050-04-16 07:00:00+00:00,0.5686908223929037,0.05277143083953838
2050-04-16 08:00:00+00:00,0.6226040791546248,0.05351092107799875
2050-04-16 09:00:00+00:00,0.6765173708520167,0.05425157774117716
2050-04-16 10:00:00+00:00,0.7304306590206083,0.05499643176123111
2050-04-16 11:00:00+00:00,0.7843439484194841,0.055747040552623424
2050-04-16 12:00:00+00:00,0.838257236284484,0.056503923482842694
2050-04-16 13:00:00+00:00,0.8921705289996784,0.05726695863338665
2050-04-16 14:00:00+00:00,0.9460837861378002,0.058035339617867256
2050-04-16 15:00:00+00:00,0.9999970398795245,0.05880807130804471
2050-04-16 16:00:00+00:00,0.9999966268385755,0.05958427312795932
2050-04-16 17:00:00+00:00,0.9286363018467028,0.06016595456485338
2050-04-16 18:00:00+00:00,0.8572839879569359,0.06050116970536519
2050-04-16 19:00:00+00:00,0.7859348605966906,0.060932090650718675
2050-04-16 20:00:00+00:00,0.7145851949763478,0.06135160840431691
2050-04-16 21:00:00+00:00,0.6432351973705526,0.061800485557068484
2050-04-16 22:00:00+00:00,0.571886087025599,0.06226155077784193
2050-04-16 23:00:00+00:00,0.5005351178081987,0.06269536057785789
2050-04-17 00:00:00+00:00,0.4291850162546936,0.06306868193340899
2050-04-17 01:00:00+00:00,0.3578296275570334,0.06311997129080182
2050-04-17 02:00:00+00:00,0.2864746621565054,0.06313998072546323
2050-04-17 03:00:00+00:00,0.21491448673986846,0.0629549796029765
2050-04-17 04:00:00+00:00,0.14312055057540665,0.0627631085036006
2050-04-17 05:00:00+00:00,0.07132763322446753,0.06257148829371326
2050-04-17 06:00:00+00:00,6.39712974164943e-07,0.06307710684996197
2050-04-17 07:00:00+00:00,9.006528560835915e-08,0.06385706142707974
2050-04-17 08:00:00+00:00,0.053913267165191,0.06463841050423581
2050-04-17 09:00:00+00:00,0.1078264453737406,0.06542331349580867
2050-04-17 10:00:00+00:00,0.16173962510660073,0.06621438554073178
2050-04-17 11:00:00+00:00,0.2156528048415569,0.06701219683902881
2050-04-17 12:00:00+00:00,0.26956598485555905,0.06781694421840664
2050-04-17 13:00:00+00:00,0.32347916502844,0.0686292343555403
2050-04-17 14:00:00+00:00,0.37739234360109214,0.06944827284694288
2050-04-17 15:00:00+00:00,0.43130552398489397,0.07027250326307109
2050-04-17 16:00:00+00:00,0.46060552707713653,0.07110066276750018
2050-04-17 17:00:00+00:00,0.4606253585250491,0.07193103902358342
2050-04-17 18:00:00+00:00,0.4606423465628442,0.0727618797974299
2050-04-17 19:00:00+00:00,0.4606592871309962,0.07359320531985131
2050-04-17 20:00:00+00:00,0.4606788255170247,0.07442439397318053
2050-04-17 21:00:00+00:00,0.46069834097469775,0.07525516175317154
2050-04-17 22:00:00+00:00,0.46071784121347076,0.07608544463642071
2050-04-17 23:00:00+00:00,0.4607373229144033,0.0769150003675125
2050-04-18 00:00:00+00:00,0.46075679579854295,0.07774338648670565
2050-04-18 01:00:00+00:00,0.4607762576444587,0.07856982999568105
2050-04-18 02:00:00+00:00,0.46079571285061666,0.0793941900668199
2050-04-18 03:00:00+00:00,0.4608151753261248,0.08021611891942797
2050-04-18 04:00:00+00:00,0.4608320057557698,0.08103583458316545
2050-04-18 05:00:00+00:00,0.4608488343155667,0.08185386172009625
2050-04-18 06:00:00+00:00,0.46086829086636916,0.08266993991720739
2050-04-18 07:00:00+00:00,0.514781515666119,0.08348491025095196
2050-04-18 08:00:00+00:00,0.5686946976361887,0.0842988853599761
2050-04-18 09:00:00+00:00,0.6226078807834563,0.08511448367200218
2050-04-18 10:00:00+00:00,0.6765210641342964,0.08593363484675168
2050-04-18 11:00:00+00:00,0.7304342505180694,0.08675689731644194
2050-04-18 12:00:00+00:00,0.7843474375489499,0.0875845074492006
2050-04-18 13:00:00+00:00,0.8382606216675413,0.08841693550957418
2050-04-18 14:00:00+00:00,0.8921738048999217,0.08925235726506295
2050-04-18 15:00:00+00:00,0.9460869864468219,0.09008945636414521
2050-04-18 16:00:00+00:00,0.9999999242956313,0.09092317741018822
2050-04-18 17:00:00+00:00,0.9999989875838899,0.09175232220408377
2050-04-18 18:00:00+00:00,0.9999163958275695,0.09257347789781434
2050-04-18 19:00:00+00:00,0.9998758988124146,0.0933864850469996
2050-04-18 20:00:00+00:00,0.999845429555939,0.09418848485509698
2050-04-18 21:00:00+00:00,0.99981966706187,0.09497859566269033
2050-04-18 22:00:00+00:00,0.9997968049663168,0.09575674423162424
2050-04-18 23:00:00+00:00,0.9997760048746596,0.09652287096663634
2050-04-19 00:00:00+00:00,0.9997568205655472,0.09727944032904093
2050-04-19 01:00:00+00:00,0.9997388431431506,0.09803270706342448
2050-04-19 02:00:00+00:00,0.9997219268512839,0.09878584457291918
2050-04-19 03:00:00+00:00,0.9997060390129159,0.09953962105164098
2050-04-19 04:00:00+00:00,0.9996893521413113,0.10029425360057805
2050-04-19 05:00:00+00:00,0.9996733752754293,0.10104981441991008
2050-04-19 06:00:00+00:00,0.9996581475773547,0.10180631387191226
2050-04-19 07:00:00+00:00,0.9996441782159616,0.1025647995347731
2050-04-19 08:00:00+00:00,0.999643549655333,0.10332609951483153
2050-04-19 09:00:00+00:00,0.9996429287659455,0.10409047261427969
2050-04-19 10:00:00+00:00,0.9996423118983788,0.10485862934765364
2050-04-19 11:00:00+00:00,0.9996416975288058,0.10563049965442647
2050-04-19 12:00:00+00:00,0.9996410861259011,0.10640657087018407
2050-04-19 13:00:00+00:00,0.9996404754849385,0.10718542453465099
2050-04-19 14:00:00+00:00,0.9996398663724052,0.10796501112398835
2050-04-19 15:00:00+00:00,0.9996392447843804,0.10874390715069346
2050-04-19 16:00:00+00:00,0.9996386365599915,0.10952155678307744
2050-04-19 17:00:00+00:00,0.9574594321233121,0.10932774015633488
2050-04-19 18:00:00+00:00,0.9067133800562469,0.1091337871417058
2050-04-19 19:00:00+00:00,0.8650682325480873,0.10893978550579111
2050-04-19 20:00:00+00:00,0.8276484443958486,0.10874540935294247
2050-04-19 21:00:00+00:00,0.7936800998542461,0.10855122338126955
2050-04-19 22:00:00+00:00,0.7624908920154506,0.10835793192130856
2050-04-19 23:00:00+00:00,0.7344924200961057,0.10816572649197326
2050-04-20 00:00:00+00:00,0.7083365843081842,0.10797448711920285
2050-04-20 01:00:00+00:00,0.6838549322740711,0.10778401217276393
2050-04-20 02:00:00+00:00,0.6598697513399772,0.1075942814462967
2050-04-20 03:00:00+00:00,0.6352402728713644,0.10740519999665715
2050-04-20 04:00:00+00:00,0.6101853727751586,0.10721674281073604
2050-04-20 05:00:00+00:00,0.5846821453800138,0.10702923067235588
2050-04-20 06:00:00+00:00,0.5686893755829789,0.10684257744536142
2050-04-20 07:00:00+00:00,0.5686890317395135,0.1076282166923333
2050-04-20 08:00:00+00:00,0.6226021603927078,0.10841476809008123
2050-04-20 09:00:00+00:00,0.6765152900902679,0.1092017065964528
2050-04-20 10:00:00+00:00,0.7304284183044256,0.1099885572361105
2050-04-20 11:00:00+00:00,0.7843416431664557,0.11077459462278993
2050-04-20 12:00:00+00:00,0.8382548768088294,0.11155905941680487
2050-04-20 13:00:00+00:00,0.8921681024941651,0.11234178540573145
2050-04-20 14:00:00+00:00,0.946081231170805,0.11312274353143165
2050-04-20 15:00:00+00:00,0.9999943577738707,0.1139022012478596
2050-04-20 16:00:00+00:00,0.999994102085493,0.11468057104304821
2050-04-20 17:00:00+00:00,0.9999912800161292,0.1144871208726276
2050-04-20 18:00:00+00:00,0.9999891817428321,0.11429441928817777
2050-04-20 19:00:00+00:00,0.9999874112569616,0.114102001721064
2050-04-20 20:00:00+00:00,0.9999858494764271,0.11390986179870093
2050-04-20 21:00:00+00:00,0.9999844509345902,0.11371796838108704
2050-04-20 22:00:00+00:00,0.999983163762421,0.1135264912019811
2050-04-20 23:00:00+00:00,0.9999819654947066,0.11333535577913045
2050-04-21 00:00:00+00:00,0.9999808423551636,0.11314447314962311
2050-04-21 01:00:00+00:00,0.999979781771415,0.11295381369806688
2050-04-21 02:00:00+00:00,0.9999787739400723,0.11276334386997182
2050-04-21 03:00:00+00:00,0.9999778070143035,0.11257258168358496
2050-04-21 04:00:00+00:00,0.9999768815007195,0.11238198281225852
2050-04-21 05:00:00+00:00,0.99997599507751,0.11219155297562894
2050-04-21 06:00:00+00:00,0.9999751531098149,0.11200180065305135
2050-04-21 07:00:00+00:00,0.9999743665759137,0.11208952586689983
2050-04-21 08:00:00+00:00,0.9999742065085796,0.11287110552577795
2050-04-21 09:00:00+00:00,0.9999740534728068,0.11365171066527648
2050-04-21 10:00:00+00:00,0.9999739032168952,0.11443003758595692
2050-04-21 11:00:00+00:00,0.9999738513172752,0.11520524485845286
2050-04-21 12:00:00+00:00,0.9999738444706984,0.11597707638492193
2050-04-21 13:00:00+00:00,0.9999737188295145,0.11674500354531643
2050-04-21 14:00:00+00:00,0.9999735860701835,0.1175095585526323
2050-04-21 15:00:00+00:00,0.999973453062507,0.11827083682417384
2050-04-21 16:00:00+00:00,0.9999728571974345,0.11850350970709139
2050-04-21 17:00:00+00:00,0.9533376503709957,0.11828928945324163
2050-04-21 18:00:00+00:00,0.8826445991875654,0.11807546186103854
2050-04-21 19:00:00+00:00,0.8148022960628535,0.11786167175845516
2050-04-21 20:00:00+00:00,0.7709624724079762,0.11764805626467502
2050-04-21 21:00:00+00:00,0.7284042293923436,0.11743455950695299
2050-04-21 22:00:00+00:00,0.6920541841664141,0.11722112974749549
2050-04-21 23:00:00+00:00,0.6573916786117143,0.11700772743628575
2050-04-22 00:00:00+00:00,0.6244334520135064,0.1167943664530525
2050-04-22 01:00:00+00:00,0.5924469072254659,0.11658107519464611
2050-04-22 02:00:00+00:00,0.5591207523854133,0.1163678412455137
2050-04-22 03:00:00+00:00,0.4943077954389876,0.11615471399277909
2050-04-22 04:00:00+00:00,0.42311583332566904,0.11594166516615462
2050-04-22 05:00:00+00:00,0.35137799619798465,0.11572867974985623
2050-04-22 06:00:00+00:00,0.28035257895048543,0.11551576729834145
2050-04-22 07:00:00+00:00,0.2803519913047535,0.11548223152732287
2050-04-22 08:00:00+00:00,0.33426500238139023,0.11624152421998608
2050-04-22 09:00:00+00:00,0.3881780128956614,0.11700069678086905
2050-04-22 10:00:00+00:00,0.4420912110303189,0.11775822120823537
2050-04-22 11:00:00+00:00,0.4960044520742049,0.11851260502236145
2050-04-22 12:00:00+00:00,0.549917701119318,0.11926322359310966
2050-04-22 13:00:00+00:00,0.6038309414458333,0.12000966282019836
2050-04-22 14:00:00+00:00,0.6577439518232292,0.12075290221616973
2050-04-22 15:00:00+00:00,0.7116569564979482,0.12149313609207023
2050-04-22 16:00:00+00:00,0.7116568176573106,0.12223102022879265
2050-04-22 17:00:00+00:00,0.7116562149342702,0.12204089612738382
2050-04-22 18:00:00+00:00,0.7116556051794598,0.12180618350537903
2050-04-22 19:00:00+00:00,0.7116549949821499,0.12157141575230557
2050-04-22 20:00:00+00:00,0.7116543843950486,0.12133655982280694
2050-04-22 21:00:00+00:00,0.7116537768140733,0.12112108445691572
2050-04-22 22:00:00+00:00,0.7116531707865938,0.12092667415271317
2050-04-22 23:00:00+00:00,0.7116525647170259,0.12073241059225781
2050-04-23 00:00:00+00:00,0.7116519587975029,0.1205382198528433
2050-04-23 01:00:00+00:00,0.7116513534859147,0.12034406707133626
2050-04-23 02:00:00+00:00,0.7116507487287244,0.12014958051277706
2050-04-23 03:00:00+00:00,0.711650144168763,0.11993829617494804
2050-04-23 04:00:00+00:00,0.7116495369545699,0.11970284935745065
2050-04-23 05:00:00+00:00,0.7116489300066732,0.11946732792540114
2050-04-23 06:00:00+00:00,0.7116483244704871,0.11923169615871672
2050-04-23 07:00:00+00:00,0.7116479695380324,0.11996718869558293
2050-04-23 08:00:00+00:00,0.7116479688479802,0.12070230545729935
2050-04-23 09:00:00+00:00,0.7116479601536105,0.12143635127333498
2050-04-23 10:00:00+00:00,0.7116479413072236,0.12216733952828861
2050-04-23 11:00:00+00:00,0.7116482776438446,0.12289442151216633
2050-04-23 12:00:00+00:00,0.7655594595907972,0.12361812502401846
2050-04-23 13:00:00+00:00,0.7655594863493161,0.12433799103792187
2050-04-23 14:00:00+00:00,0.7655594774217653,0.12505524826967152
2050-04-23 15:00:00+00:00,0.7655594759931912,0.12577083880106968
2050-04-23 16:00:00+00:00,0.765559291832102,0.12648487471599526
2050-04-23 17:00:00+00:00,0.7637806545359053,0.1262260795091363
2050-04-23 18:00:00+00:00,0.6955970963174047,0.12596694885366935
2050-04-23 19:00:00+00:00,0.6719621246748696,0.12570772943115072
2050-04-23 20:00:00+00:00,0.6560806493870174,0.12544838561679353
2050-04-23 21:00:00+00:00,0.646111801138556,0.12518894303891145
2050-04-23 22:00:00+00:00,0.6442286313500775,0.1249294167552699
2050-04-23 23:00:00+00:00,0.6423703582837843,0.12466982118551649
2050-04-24 00:00:00+00:00,0.6405337839921672,0.12441016020409398
2050-04-24 01:00:00+00:00,0.6387057761408743,0.12415042715242876
2050-04-24 02:00:00+00:00,0.6368844710579884,0.12389060507796673
2050-04-24 03:00:00+00:00,0.6350380041828878,0.12363069101599367
2050-04-24 04:00:00+00:00,0.616138961313699,0.1233706885084992
2050-04-24 05:00:00+00:00,0.5458411992364837,0.1231105966935466
2050-04-24 06:00:00+00:00,0.5439675405031922,0.12285042152492918
2050-04-24 07:00:00+00:00,0.543967422506723,0.12356205511984858
2050-04-24 08:00:00+00:00,0.5978807165996486,0.12427259602967368
2050-04-24 09:00:00+00:00,0.6517940097386304,0.12498101073731888
2050-04-24 10:00:00+00:00,0.7057073032970151,0.12568589410370348
2050-04-24 11:00:00+00:00,0.7596205960525426,0.12638804887237304
2050-04-24 12:00:00+00:00,0.8135338888287432,0.12708741302837442
2050-04-24 13:00:00+00:00,0.8674471825207501,0.12778325761809398
2050-04-24 14:00:00+00:00,0.9213604767046173,0.1284759562573549
2050-04-24 15:00:00+00:00,0.9752737718941925,0.1291665540031426
2050-04-24 16:00:00+00:00,0.9752735625880743,0.12985551091562553
2050-04-24 17:00:00+00:00,0.966340138314332,0.12957130487734203
2050-04-24 18:00:00+00:00,0.8944557023676475,0.12928649640272746
2050-04-24 19:00:00+00:00,0.8225712662360345,0.12900205769452153
2050-04-24 20:00:00+00:00,0.7506868300898596,0.12871751101278342
2050-04-24 21:00:00+00:00,0.6788023939534951,0.12843285945143681
2050-04-24 22:00:00+00:00,0.6069179578465953,0.12814810334704052
2050-04-24 23:00:00+00:00,0.5350335217425527,0.12786324384840486
2050-04-25 00:00:00+00:00,0.46314908564106355,0.12757827953069106
2050-04-25 01:00:00+00:00,0.3912646495360932,0.1272932146553167
2050-04-25 02:00:00+00:00,0.31938021343370165,0.12700806359806868
2050-04-25 03:00:00+00:00,0.2474957773200401,0.12672284008050033
2050-04-25 04:00:00+00:00,0.1756113411881976,0.12643757619157542
2050-04-25 05:00:00+00:00,0.1037269050604724,0.1261522733751606
2050-04-25 06:00:00+00:00,0.0318424691456985,0.12586698279119674
2050-04-25 07:00:00+00:00,0.03184224628096362,0.12655365237941324
2050-04-25 08:00:00+00:00,0.08575546745910015,0.12723964273095362
2050-04-25 09:00:00+00:00,0.13966873227496288,0.12792263999505948
2050-04-25 10:00:00+00:00,0.19358202636407373,0.1286023133525101
2050-04-25 11:00:00+00:00,0.24749532213746836,0.1292809190521449
2050-04-25 12:00:00+00:00,0.30140861847506206,0.1299588301212129
2050-04-25 13:00:00+00:00,0.3553218833378813,0.13063529593108725
2050-04-25 14:00:00+00:00,0.40923510426447846,0.13131126291285222
2050-04-25 15:00:00+00:00,0.46314832436115333,0.1319864386594258
2050-04-25 16:00:00+00:00,0.46314773787211405,0.13237919206199625
2050-04-25 17:00:00+00:00,0.45730133030631887,0.13208220904959816
2050-04-25 18:00:00+00:00,0.38700736029988053,0.13178579364522947
2050-04-25 19:00:00+00:00,0.32374207709214053,0.1314897268089241
2050-04-25 20:00:00+00:00,0.2879273523019131,0.1311940600265428
2050-04-25 21:00:00+00:00,0.2799298179888322,0.13089936716368353
2050-04-25 22:00:00+00:00,0.27312651473140703,0.13060499849523793
2050-04-25 23:00:00+00:00,0.26629106645284445,0.13031087431499858
2050-04-26 00:00:00+00:00,0.2594087950211194,0.13001659137716334
2050-04-26 01:00:00+00:00,0.25249521664513097,0.12972184832871467
2050-04-26 02:00:00+00:00,0.24558743664140184,0.12942660689051838
2050-04-26 03:00:00+00:00,0.23859326158227986,0.12913077137253462
2050-04-26 04:00:00+00:00,0.23139928860959633,0.12883432576639103
2050-04-26 05:00:00+00:00,0.22394690863475222,0.1285372875285373
2050-04-26 06:00:00+00:00,0.2201837666418545,0.1282397091636221
2050-04-26 07:00:00+00:00,0.22018309780324125,0.12794096664492827
2050-04-26 08:00:00+00:00,0.22018243397296472,0.12764200533467362
2050-04-26 09:00:00+00:00,0.22018177400689304,0.12734421380977043
2050-04-26 10:00:00+00:00,0.22018111673506208,0.12704713091889058
2050-04-26 11:00:00+00:00,0.22018046179344,0.12675041012032381
2050-04-26 12:00:00+00:00,0.22017980076244498,0.126453973953679
2050-04-26 13:00:00+00:00,0.2201791425405327,0.1261599333269541
2050-04-26 14:00:00+00:00,0.2201784848748764,0.1258692456176746
2050-04-26 15:00:00+00:00,0.22017782407413697,0.12558255325111103
2050-04-26 16:00:00+00:00,0.21238350127874434,0.12530031970550484
2050-04-26 17:00:00+00:00,0.20317977426237488,0.1250221169610213
2050-04-26 18:00:00+00:00,0.19332049274533972,0.1247469343331332
2050-04-26 19:00:00+00:00,0.18332844602184892,0.12447485712795091
2050-04-26 20:00:00+00:00,0.17294308917704918,0.12420630969816758
2050-04-26 21:00:00+00:00,0.1621459867397875,0.12394031724639681
2050-04-26 22:00:00+00:00,0.15103779752650487,0.12367658436512909
2050-04-26 23:00:00+00:00,0.13921703314614964,0.12341522846926907
2050-04-27 00:00:00+00:00,0.12650216222883054,0.12315663036118203
2050-04-27 01:00:00+00:00,0.11294550772667086,0.12290086252443569
2050-04-27 02:00:00+00:00,0.09816885495329723,0.1226488774325238
2050-04-27 03:00:00+00:00,0.08143913951825894,0.12240143380374958
2050-04-27 04:00:00+00:00,0.06185937826047498,0.12215870078763655
2050-04-27 05:00:00+00:00,0.032826232087445076,0.12192061746035782
2050-04-27 06:00:00+00:00,0.0005029547219669047,0.12168763884253816
2050-04-27 07:00:00+00:00,0.0005023432534248709,0.12146151685871057
2050-04-27 08:00:00+00:00,0.0005017399079244977,0.12124100119894897
2050-04-27 09:00:00+00:00,0.000501135591112413,0.12102676634607636
2050-04-27 10:00:00+00:00,0.0005005325595715881,0.12081865751368608
2050-04-27 11:00:00+00:00,0.0004999309230180424,0.12061790017659917
2050-04-27 12:00:00+00:00,0.0004993303469266741,0.12138140002186648
2050-04-27 13:00:00+00:00,0.0004987294448700996,0.12203106331550234
2050-04-27 14:00:00+00:00,0.0004981265720906772,0.12204885635396115
2050-04-27 15:00:00+00:00,0.0004975198756294196,0.12187798618776617
2050-04-27 16:00:00+00:00,0.0004969014759224018,0.12171279880489204
2050-04-27 17:00:00+00:00,0.0004962791668320202,0.12155206669535187
2050-04-27 18:00:00+00:00,0.0004794010088594327,0.12139324735604652
2050-04-27 19:00:00+00:00,0.0004619548477439663,0.12123541606794065
2050-04-27 20:00:00+00:00,0.0004439198666442614,0.12107820314581803
2050-04-27 21:00:00+00:00,0.0004252681630885249,0.1209215389015735
2050-04-27 22:00:00+00:00,0.0004059367311586323,0.12076512164105185
2050-04-27 23:00:00+00:00,0.0003859251317273125,0.12060885324499414
2050-04-28 00:00:00+00:00,0.00036509651940354283,0.12045279203593065
2050-04-28 01:00:00+00:00,0.000343365345834791,0.12029694012119954
2050-04-28 02:00:00+00:00,0.0003205473995511917,0.12014132675312879
2050-04-28 03:00:00+00:00,0.0002964555093384882,0.11998595090591477
2050-04-28 04:00:00+00:00,0.00027086583001218297,0.1198308286632111
2050-04-28 05:00:00+00:00,0.00024335375275232654,0.11967593702495172
2050-04-28 06:00:00+00:00,0.00021508257276935756,0.11952141799989013
2050-04-28 07:00:00+00:00,0.0002147267038020186,0.12033942665135654
2050-04-28 08:00:00+00:00,0.00021446883598708795,0.12115840527433276
2050-04-28 09:00:00+00:00,0.0002142117487306895,0.12197889302893923
2050-04-28 10:00:00+00:00,0.0002139543817589483,0.12280200970096458
2050-04-28 11:00:00+00:00,0.000213697352830719,0.12362860970643662
2050-04-28 12:00:00+00:00,0.00021344045946188425,0.12445912617733147
2050-04-28 13:00:00+00:00,0.0002131812440860353,0.12529336368683938
2050-04-28 14:00:00+00:00,0.00021292045861941216,0.12613128778326765
2050-04-28 15:00:00+00:00,0.00021265675348165107,0.1269717301558369
2050-04-28 16:00:00+00:00,0.0002119975387718518,0.1268426694874756
2050-04-28 17:00:00+00:00,0.00021130953677905552,0.12671434398333734
2050-04-28 18:00:00+00:00,0.00021061548940489705,0.12658664280007934
2050-04-28 19:00:00+00:00,0.00020991790825297872,0.1264609627732667
2050-04-28 20:00:00+00:00,0.00020921885545542647,0.1263376591869232
2050-04-28 21:00:00+00:00,0.00020851532630452758,0.12621728245789945
2050-04-28 22:00:00+00:00,0.00020780917320721275,0.12609978678795558
2050-04-28 23:00:00+00:00,0.0002070996376476658,0.125985526734915
2050-04-29 00:00:00+00:00,0.00020638342643024008,0.12587490582504976
2050-04-29 01:00:00+00:00,0.0002056999795652579,0.12576896360685863
2050-04-29 02:00:00+00:00,0.00020498044178156357,0.12566473452491675
2050-04-29 03:00:00+00:00,0.00020426371302195657,0.12556216987453228
2050-04-29 04:00:00+00:00,0.00020354451131969996,0.12546103632303096
2050-04-29 05:00:00+00:00,0.00020282160469798502,0.12536144926420467
2050-04-29 06:00:00+00:00,0.00020209563460211785,0.12526458793646725
2050-04-29 07:00:00+00:00,0.00020140388799203354,0.12583259640036218
2050-04-29 08:00:00+00:00,0.0002012510748382872,0.12671650130952436
2050-04-29 09:00:00+00:00,0.00020109975463274528,0.12760507044977137
2050-04-29 10:00:00+00:00,0.00020094597524908067,0.12849839532088755
2050-04-29 11:00:00+00:00,0.00020078849625848017,0.1293975068453022
2050-04-29 12:00:00+00:00,0.0002006312120953018,0.1303021256642466
2050-04-29 13:00:00+00:00,0.00020047651445672158,0.13121374277418668
2050-04-29 14:00:00+00:00,0.00020032217431184703,0.1321304728855888
2050-04-29 15:00:00+00:00,0.00020016626046298359,0.13305171882342004
2050-04-29 16:00:00+00:00,0.00019944686310681496,0.1330056631148221
2050-04-29 17:00:00+00:00,0.00019872464673345832,0.13296347482215073
2050-04-29 18:00:00+00:00,0.00019799996131992666,0.13292583242003378
2050-04-29 19:00:00+00:00,0.00019727305778145088,0.13289175484524515
2050-04-29 20:00:00+00:00,0.00019654278882563723,0.13286158902793238
2050-04-29 21:00:00+00:00,0.00019581024356379707,0.1328351438151045
2050-04-29 22:00:00+00:00,0.00019507569286594532,0.13281322679515087
2050-04-29 23:00:00+00:00,0.0001943311639754982,0.13279699902376005
2050-04-30 00:00:00+00:00,0.0001935867464020607,0.1327876984971742
2050-04-30 01:00:00+00:00,0.0001928408994097886,0.13278673561323137
2050-04-30 02:00:00+00:00,0.0001920933715766303,0.13279288948364237
2050-04-30 03:00:00+00:00,0.00019134212086424418,0.13280504440951743
2050-04-30 04:00:00+00:00,0.00019058908280991356,0.13282351829496367
2050-04-30 05:00:00+00:00,0.0001898353407323639,0.13284860720253808
2050-04-30 06:00:00+00:00,0.0001890799540009988,0.13288102532098103
2050-04-30 07:00:00+00:00,0.0001883193789563701,0.132920655052879
2050-04-30 08:00:00+00:00,0.0001880309086560043,0.13393789032958578
2050-04-30 09:00:00+00:00,0.0001877433283854608,0.13496121505103506
2050-04-30 10:00:00+00:00,0.00018745565506647678,0.13599133067182304
2050-04-30 11:00:00+00:00,0.00018718782296153739,0.13702719658768492
2050-04-30 12:00:00+00:00,0.00018692297914950766,0.13806710424387875
2050-04-30 13:00:00+00:00,0.00018663499509297493,0.13911220733865148
2050-04-30 14:00:00+00:00,0.0001863434917870857,0.14016165118618365
2050-04-30 15:00:00+00:00,0.000186048995433597,0.1412149687757067
2050-04-30 16:00:00+00:00,0.00018531164980353592,0.14227197318921275
2050-04-30 17:00:00+00:00,0.00018451949168707751,0.14236016808997387
2050-04-30 18:00:00+00:00,0.00018372627406477933,0.14245076816166566
2050-04-30 19:00:00+00:00,0.00018292734153447498,0.14254459427315413
2050-04-30 20:00:00+00:00,0.00018212307370365623,0.14264180581876126
2050-04-30 21:00:00+00:00,0.00018131425089590032,0.1427417694203027
2050-04-30 22:00:00+00:00,0.00018050116748050438,0.142846715806475
2050-04-30 23:00:00+00:00,0.00017968407100350944,0.14295594164899897
2050-05-01 00:00:00+00:00,0.0001788630743320324,0.14306970251600998
2050-05-01 01:00:00+00:00,0.00017803839988030895,0.14318807419256016
2050-05-01 02:00:00+00:00,0.0001772103344081065,0.14331023400566031
2050-05-01 03:00:00+00:00,0.00017637904163675004,0.1434350992144792
2050-05-01 04:00:00+00:00,0.00017554471773301275,0.1435618330257413
2050-05-01 05:00:00+00:00,0.00017470716219660388,0.14369012748376464
2050-05-01 06:00:00+00:00,0.00017387280477059944,0.143820873816272
2050-05-01 07:00:00+00:00,0.00017359562368715,0.14492610083218418
2050-05-01 08:00:00+00:00,0.00017330960116053353,0.14603650675600366
2050-05-01 09:00:00+00:00,0.0001730263577916615,0.14715220181188784
2050-05-01 10:00:00+00:00,0.00017274086444249507,0.14827340231428654
2050-05-01 11:00:00+00:00,0.0001725640048518905,0.14939888796670853
2050-05-01 12:00:00+00:00,0.00018937027284577948,0.15053081774603902
2050-05-01 13:00:00+00:00,0.0001891975082940778,0.1516693666213671
2050-05-01 14:00:00+00:00,0.00018891392990550468,0.15281442543319157
2050-05-01 15:00:00+00:00,0.00018862510651706973,0.15396480649417674
2050-05-01 16:00:00+00:00,0.00018800448208143065,0.15512018385771004
2050-05-01 17:00:00+00:00,0.00018705195393984333,0.15530700088529953
2050-05-01 18:00:00+00:00,0.00018611808434272986,0.15549616844229003
2050-05-01 19:00:00+00:00,0.00018518077677241496,0.1556861356858644
2050-05-01 20:00:00+00:00,0.0001842396694755961,0.15587733060289916
2050-05-01 21:00:00+00:00,0.00018329440976793895,0.1560692907297801
2050-05-01 22:00:00+00:00,0.00018234408897675747,0.156262057772097
2050-05-01 23:00:00+00:00,0.00018139007831053045,0.15645560294647645
2050-05-02 00:00:00+00:00,0.0001804321526898559,0.15664993998134347
2050-05-02 01:00:00+00:00,0.00017947062832608838,0.15684519835460853
2050-05-02 02:00:00+00:00,0.00017850694920243124,0.1570415291045356
2050-05-02 03:00:00+00:00,0.0001775432407887815,0.1572387636546738
2050-05-02 04:00:00+00:00,0.00017657147181463897,0.15743673431331776
2050-05-02 05:00:00+00:00,0.0001756170026255959,0.15763537907224545
2050-05-02 06:00:00+00:00,0.00017464086191846173,0.15783464055929786
2050-05-02 07:00:00+00:00,0.00017369789962407941,0.15803532450488025
2050-05-02 08:00:00+00:00,0.00017337281093858964,0.15920851752770376
2050-05-02 09:00:00+00:00,0.0001730485981706996,0.1603847938342913
2050-05-02 10:00:00+00:00,0.00017210537521705042,0.1605927050552689
2050-05-02 11:00:00+00:00,0.00017177738562465828,0.16177308206942262
2050-05-02 12:00:00+00:00,0.0001714499454713117,0.1629560722766199
2050-05-02 13:00:00+00:00,0.00017112273137867562,0.16414231385542538
2050-05-02 14:00:00+00:00,0.00017079291056293705,0.16533221696887496
2050-05-02 15:00:00+00:00,0.00017046076674363968,0.16652884238600202
2050-05-02 16:00:00+00:00,0.0001694755653000408,0.16676002480794147
2050-05-02 17:00:00+00:00,0.00016846139020561254,0.1669951801416621
2050-05-02 18:00:00+00:00,0.00016743556208885266,0.16723383232015213
2050-05-02 19:00:00+00:00,0.00016640924408570042,0.16747377717545955
2050-05-02 20:00:00+00:00,0.00016537562977408425,0.16771495581845391
2050-05-02 21:00:00+00:00,0.00016433516813115756,0.16795695520093473
2050-05-02 22:00:00+00:00,0.00016328616844979305,0.16819987572650555
2050-05-02 23:00:00+00:00,0.00016223120873884073,0.16844464331023626
2050-05-03 00:00:00+00:00,0.00016116857883840822,0.16869116084327238
2050-05-03 01:00:00+00:00,0.00016009876566744688,0.16894010336774337
2050-05-03 02:00:00+00:00,0.0001590237983066144,0.1691912840157823
2050-05-03 03:00:00+00:00,0.00015794444319760175,0.16944602189660515
2050-05-03 04:00:00+00:00,0.0001568601797380773,0.16970418479085864
2050-05-03 05:00:00+00:00,0.00015576473781359358,0.16996624062745772
2050-05-03 06:00:00+00:00,0.00015466947825837249,0.1702318714698532
2050-05-03 07:00:00+00:00,0.0001536015474235465,0.17049971889052365
2050-05-03 08:00:00+00:00,0.00015325498553205185,0.17173917488459184
2050-05-03 09:00:00+00:00,0.0001529083372863348,0.1729773870807315
2050-05-03 10:00:00+00:00,0.00015256235586550885,0.17421476203550026
2050-05-03 11:00:00+00:00,0.00015221591201514665,0.17545266158329648
2050-05-03 12:00:00+00:00,0.00015186623235183662,0.1766915409139125
2050-05-03 13:00:00+00:00,0.0001515132814718024,0.17792974068759249
2050-05-03 14:00:00+00:00,0.0001511582753404219,0.1791675011833189
2050-05-03 15:00:00+00:00,0.0001507982110437917,0.1804051874927674
2050-05-03 16:00:00+00:00,0.0001502764562047616,0.18164359584813602
2050-05-03 17:00:00+00:00,0.00014912226153803077,0.18191085024610065
2050-05-03 18:00:00+00:00,0.00014795524511149673,0.18217779393375716
2050-05-03 19:00:00+00:00,0.00014677776441705695,0.1824426075131453
2050-05-03 20:00:00+00:00,0.00014558915299037862,0.18270440288268452
2050-05-03 21:00:00+00:00,0.00014438995905465267,0.18296412326162098
2050-05-03 22:00:00+00:00,0.0001431805067803705,0.183222124435558
2050-05-03 23:00:00+00:00,0.00014196043414188504,0.1834779426189789
2050-05-04 00:00:00+00:00,0.0001407290737231603,0.18373126469587583
2050-05-04 01:00:00+00:00,0.0001394877744041605,0.18398233419531915
2050-05-04 02:00:00+00:00,0.00013823894339548004,0.18422997565683427
2050-05-04 03:00:00+00:00,0.000136980424987806,0.18447354922245265
2050-05-04 04:00:00+00:00,0.00013571313395947348,0.18471290837508036
2050-05-04 05:00:00+00:00,0.00013443770743329898,0.18494766462570217
2050-05-04 06:00:00+00:00,0.00013315757748946736,0.18517733012121604
2050-05-04 07:00:00+00:00,0.00013310588868674752,0.18637242256994044
2050-05-04 08:00:00+00:00,0.05404636370392827,0.18756240762967374
2050-05-04 09:00:00+00:00,0.10795962275862506,0.1887479180207165
2050-05-04 10:00:00+00:00,0.16187288186508508,0.18993046062748373
2050-05-04 11:00:00+00:00,0.21578615933221906,0.191111594443865
2050-05-04 12:00:00+00:00,0.26969945311126453,0.19229157909878733
2050-05-04 13:00:00+00:00,0.3236127475556549,0.19347013060742588
2050-05-04 14:00:00+00:00,0.3775260070312212,0.19464599981474032
2050-05-04 15:00:00+00:00,0.4314392653581199,0.19581992384360575
2050-05-04 16:00:00+00:00,0.48535230234719384,0.19699226885888693
2050-05-04 17:00:00+00:00,0.4853510219877004,0.19815011479813452
2050-05-04 18:00:00+00:00,0.4853497098628248,0.19834750621631506
2050-05-04 19:00:00+00:00,0.4853483923525349,0.19854430955594454
2050-05-04 20:00:00+00:00,0.4853470740770538,0.1987409184547864
2050-05-04 21:00:00+00:00,0.48534575322095747,0.19893747354140473
2050-05-04 22:00:00+00:00,0.48534443100368446,0.19913419764602627
2050-05-04 23:00:00+00:00,0.4853431072222291,0.19933121998463055
2050-05-05 00:00:00+00:00,0.4853417817060035,0.1995285726474614
2050-05-05 01:00:00+00:00,0.4853404609867279,0.1997262636324499
2050-05-05 02:00:00+00:00,0.48533914065084777,0.19992430444707948
2050-05-05 03:00:00+00:00,0.4853378223943199,0.2001226796055959
2050-05-05 04:00:00+00:00,0.4853365066856131,0.20032139545065758
2050-05-05 05:00:00+00:00,0.4853351966933186,0.20052049544648404
2050-05-05 06:00:00+00:00,0.48533389290138806,0.2007198004655195
2050-05-05 07:00:00+00:00,0.485333846357455,0.20189068541511998
2050-05-05 08:00:00+00:00,0.5392470728979935,0.2030621055018732
2050-05-05 09:00:00+00:00,0.5931603264058818,0.20423554391390863
2050-05-05 10:00:00+00:00,0.6470735876030524,0.2054128360938999
2050-05-05 11:00:00+00:00,0.7009868849329284,0.20659422285021617
2050-05-05 12:00:00+00:00,0.7549001462718139,0.207779159524819
2050-05-05 13:00:00+00:00,0.8088133714539978,0.20896664958464717
2050-05-05 14:00:00+00:00,0.8627265985300454,0.21015567636101726
2050-05-05 15:00:00+00:00,0.9166398258278216,0.2113474591906333
2050-05-05 16:00:00+00:00,0.9166394678864883,0.21254147901903778
2050-05-05 17:00:00+00:00,0.9164063058781101,0.21276517689633082
2050-05-05 18:00:00+00:00,0.8736316449373431,0.21299030868944605
2050-05-05 19:00:00+00:00,0.8281354758176498,0.21321470384392216
2050-05-05 20:00:00+00:00,0.8025609810591123,0.21343780343709648
2050-05-05 21:00:00+00:00,0.797377268168766,0.21365915845376315
2050-05-05 22:00:00+00:00,0.797151080375893,0.21387901258999742
2050-05-05 23:00:00+00:00,0.7969251171026395,0.21409686091662977
2050-05-06 00:00:00+00:00,0.7966994182153283,0.21431244877104966
2050-05-06 01:00:00+00:00,0.7964740883321556,0.21452566952399504
2050-05-06 02:00:00+00:00,0.7962490633472536,0.21473783838792285
2050-05-06 03:00:00+00:00,0.7960184666289809,0.21495001994552618
2050-05-06 04:00:00+00:00,0.7378395092501108,0.2151625570471174
2050-05-06 05:00:00+00:00,0.6663204869992059,0.21537537433021958
2050-05-06 06:00:00+00:00,0.6660997316514569,0.2155873218462519
2050-05-06 07:00:00+00:00,0.6660993810044503,0.21676890665733078
2050-05-06 08:00:00+00:00,0.6733471993261594,0.21794926941174245
2050-05-06 09:00:00+00:00,0.727260430395531,0.21912883013764767
2050-05-06 10:00:00+00:00,0.7811736926883802,0.22030878686553948
2050-05-06 11:00:00+00:00,0.8350869546399179,0.22148770817387395
2050-05-06 12:00:00+00:00,0.8890002156619293,0.22266587237516955
2050-05-06 13:00:00+00:00,0.9429134424106478,0.223843095900611
2050-05-06 14:00:00+00:00,0.996725214553662,0.22502071659861203
2050-05-06 15:00:00+00:00,0.9999998335698335,0.22619967262208737
2050-05-06 16:00:00+00:00,0.9999999858660094,0.22642737470808252
2050-05-06 17:00:00+00:00,0.9288799575270715,0.22663295693183205
2050-05-06 18:00:00+00:00,0.8570981347564653,0.22683562766955684
2050-05-06 19:00:00+00:00,0.7853167280926184,0.22703560598750352
2050-05-06 20:00:00+00:00,0.713536249325202,0.22723245852094753
2050-05-06 21:00:00+00:00,0.641846182960582,0.22742640062450573
2050-05-06 22:00:00+00:00,0.5706664345512287,0.22761670390562022
2050-05-06 23:00:00+00:00,0.4994883552457924,0.22780221681799054
2050-05-07 00:00:00+00:00,0.4283100119959044,0.22798175338262386
2050-05-07 01:00:00+00:00,0.35713078798744397,0.22815391616148437
2050-05-07 02:00:00+00:00,0.28594860777099884,0.22831995932751337
2050-05-07 03:00:00+00:00,0.21474572730365277,0.22848095692498044
2050-05-07 04:00:00+00:00,0.14296440996306464,0.22863652438094761
2050-05-07 05:00:00+00:00,0.07118217862127123,0.22878628532705017
2050-05-07 06:00:00+00:00,2.616786798163499e-08,0.22892950567084924
2050-05-07 07:00:00+00:00,7.416733367890653e-07,0.22906723556597214
2050-05-07 08:00:00+00:00,1.7361510975228427e-06,0.23017149504882367
2050-05-07 09:00:00+00:00,2.297794086515738e-06,0.23127198036746002
2050-05-07 10:00:00+00:00,2.705921549700773e-06,0.23236821896919305
2050-05-07 11:00:00+00:00,3.3122171349902988e-06,0.23346203153736705
2050-05-07 12:00:00+00:00,3.565705951759747e-06,0.23455406233964188
2050-05-07 13:00:00+00:00,3.8123733826290472e-06,0.23564400250673548
2050-05-07 14:00:00+00:00,4.013643860715087e-06,0.2367325906433938
2050-05-07 15:00:00+00:00,4.185057941366902e-06,0.23782025854522781
2050-05-07 16:00:00+00:00,4.196383561265686e-06,0.2381602134020573
2050-05-07 17:00:00+00:00,4.193004317069027e-06,0.23827530243068012
2050-05-07 18:00:00+00:00,4.17160327636002e-06,0.23838980120548298
2050-05-07 19:00:00+00:00,4.1324248064799865e-06,0.23850212632744275
2050-05-07 20:00:00+00:00,4.074385074824708e-06,0.23861189711757158
2050-05-07 21:00:00+00:00,3.996073405679184e-06,0.23871969633243784
2050-05-07 22:00:00+00:00,3.897747885287719e-06,0.23897083908280248
2050-05-07 23:00:00+00:00,3.7767687658171124e-06,0.239233806986602
2050-05-08 00:00:00+00:00,3.630366390032048e-06,0.2395040834761977
2050-05-08 01:00:00+00:00,3.454645483924981e-06,0.23978116443933645
2050-05-08 02:00:00+00:00,3.243909042647018e-06,0.24006502006779276
2050-05-08 03:00:00+00:00,2.9897497701566688e-06,0.2403520407063767
2050-05-08 04:00:00+00:00,2.6779678302598617e-06,0.24064167748949342
2050-05-08 05:00:00+00:00,2.2824657718143762e-06,0.24092382025875372
2050-05-08 06:00:00+00:00,1.93324750148158e-06,0.2419802865649218
2050-05-08 07:00:00+00:00,1.7721762583590628e-06,0.24303481777399977
2050-05-08 08:00:00+00:00,1.5314703326781103e-06,0.24408577943676982
2050-05-08 09:00:00+00:00,1.490731805128452e-06,0.24513303773244613
2050-05-08 10:00:00+00:00,0.053914496129724536,0.24617669982611065
2050-05-08 11:00:00+00:00,0.1078275861233639,0.24721861658529726
2050-05-08 12:00:00+00:00,0.16174053694369578,0.2482574103619702
2050-05-08 13:00:00+00:00,0.1617399557785281,0.24929284004199392
2050-05-08 14:00:00+00:00,0.16173937330961125,0.2503248087024681
2050-05-08 15:00:00+00:00,0.16173879536938862,0.2513540674456613
2050-05-08 16:00:00+00:00,0.161736773094359,0.2523815999696356
2050-05-08 17:00:00+00:00,0.1615914253331006,0.25340864377491135
2050-05-08 18:00:00+00:00,0.1377588329298037,0.2544360302554354
2050-05-08 19:00:00+00:00,0.13760739298425864,0.2554635814732929
2050-05-08 20:00:00+00:00,0.13745926339118056,0.25649144764425663
2050-05-08 21:00:00+00:00,0.1373108836302364,0.25752011475823783
2050-05-08 22:00:00+00:00,0.13716232293529487,0.2585496061060963
2050-05-08 23:00:00+00:00,0.1370134889955753,0.25958024542088953
2050-05-09 00:00:00+00:00,0.13686410119106557,0.26061222356920904
2050-05-09 01:00:00+00:00,0.13671422476235687,0.2616458248418722
2050-05-09 02:00:00+00:00,0.13656363494271884,0.2626809984392284
2050-05-09 03:00:00+00:00,0.13641123237331687,0.2637178938818505
2050-05-09 04:00:00+00:00,0.0695928420676275,0.2647563520004577
2050-05-09 05:00:00+00:00,0.0004084734100471862,0.26579593992778006
2050-05-09 06:00:00+00:00,0.00016916773447274428,0.2668369762882766
2050-05-09 07:00:00+00:00,0.054082176522052036,0.267880704444748
2050-05-09 08:00:00+00:00,0.1079951548094398,0.26892744990020473
2050-05-09 09:00:00+00:00,0.16190837678698072,0.26997547116716886
2050-05-09 10:00:00+00:00,0.21582146129466692,0.2710240441687514
2050-05-09 11:00:00+00:00,0.2697346734410514,0.27207325897601736
2050-05-09 12:00:00+00:00,0.3236478315616778,0.2731214088642936
2050-05-09 13:00:00+00:00,0.3775608112756281,0.2741702323527299
2050-05-09 14:00:00+00:00,0.4314737929195404,0.27521714020067184
2050-05-09 15:00:00+00:00,0.48538677357183463,0.2762607979528343
2050-05-09 16:00:00+00:00,0.48538612373283113,0.27730120907588796
2050-05-09 17:00:00+00:00,0.48538530102458477,0.2783415300912152
2050-05-09 18:00:00+00:00,0.48538447131377294,0.2793845212066451
2050-05-09 19:00:00+00:00,0.4853836398395315,0.2804372733728054
2050-05-09 20:00:00+00:00,0.48538280694377944,0.2815019104616698
2050-05-09 21:00:00+00:00,0.48538197367172586,0.2825808881072123
2050-05-09 22:00:00+00:00,0.4853811452732652,0.28367746444912595
2050-05-09 23:00:00+00:00,0.4853803165659342,0.28478958331710197
2050-05-10 00:00:00+00:00,0.48537948801820496,0.28591747459251016
2050-05-10 01:00:00+00:00,0.4853786594131739,0.2870587791134279
2050-05-10 02:00:00+00:00,0.48537783145518426,0.28820754675887944
2050-05-10 03:00:00+00:00,0.4853770046284726,0.28936068757979905
2050-05-10 04:00:00+00:00,0.4853761742061265,0.29051764171339195
2050-05-10 05:00:00+00:00,0.48537534539249017,0.2916766238308627
2050-05-10 06:00:00+00:00,0.48537452036354395,0.29283682515739934
2050-05-10 07:00:00+00:00,0.48537428141705513,0.29399933464416467
2050-05-10 08:00:00+00:00,0.4853740461476737,0.2951634222351533
2050-05-10 09:00:00+00:00,0.48537381081457076,0.29632880056598865
2050-05-10 10:00:00+00:00,0.4853735782032818,0.29749564749689184
2050-05-10 11:00:00+00:00,0.48537334514866276,0.2986624978450997
2050-05-10 12:00:00+00:00,0.48537311184808984,0.2998285528759328
2050-05-10 13:00:00+00:00,0.48537287697728543,0.3009941384619634
2050-05-10 14:00:00+00:00,0.48537264086468807,0.30215866594868035
2050-05-10 15:00:00+00:00,0.48537240238561,0.3033216576085726
2050-05-10 16:00:00+00:00,0.4853717681010174,0.3044822031478233
2050-05-10 17:00:00+00:00,0.4784410278601533,0.30564095341287456
2050-05-10 18:00:00+00:00,0.40810202186208194,0.30679881042378015
2050-05-10 19:00:00+00:00,0.3375108044200517,0.3079569180392243
2050-05-10 20:00:00+00:00,0.2657837891979619,0.30911555880680014
2050-05-10 21:00:00+00:00,0.19405642280785387,0.31027465929919795
2050-05-10 22:00:00+00:00,0.1461143165064496,0.31143385217491926
2050-05-10 23:00:00+00:00,0.11338998880520029,0.3125932911618756
2050-05-11 00:00:00+00:00,0.10185006287863838,0.31375307451191975
2050-05-11 01:00:00+00:00,0.09177951053823452,0.3149130711676187
2050-05-11 02:00:00+00:00,0.08085244906074882,0.3160735642700961
2050-05-11 03:00:00+00:00,0.06744890238182304,0.31723458289073614
2050-05-11 04:00:00+00:00,0.04860849680493642,0.3183961344620068
2050-05-11 05:00:00+00:00,0.016736809949177808,0.31955838248059887
2050-05-11 06:00:00+00:00,2.009478874289364e-06,0.3207214720528074
2050-05-11 07:00:00+00:00,1.8031865596926021e-06,0.32188580162806407
2050-05-11 08:00:00+00:00,0.05391492692913615,0.32305122458694147
2050-05-11 09:00:00+00:00,0.1078280514963553,0.324217000599255
2050-05-11 10:00:00+00:00,0.16174117673652053,0.32538388001911056
2050-05-11 11:00:00+00:00,0.21565436321628478,0.32655074013247976
2050-05-11 12:00:00+00:00,0.2695676006212518,0.327716783174568
2050-05-11 13:00:00+00:00,0.32348075120312625,0.32888185265116693
2050-05-11 14:00:00+00:00,0.3773938762804881,0.33004685659825694
2050-05-11 15:00:00+00:00,0.4313070008621943,0.3312115108597218
2050-05-11 16:00:00+00:00,0.48522012346846133,0.3323759631044691
2050-05-11 17:00:00+00:00,0.485216383592869,0.33354056610969207
2050-05-11 18:00:00+00:00,0.485212881906888,0.33470615183785263
2050-05-11 19:00:00+00:00,0.4852093899356654,0.3358726786973224
2050-05-11 20:00:00+00:00,0.48520589279057863,0.33704000306387516
2050-05-11 21:00:00+00:00,0.4852023955919158,0.33820807501576927
2050-05-11 22:00:00+00:00,0.48519889504308383,0.33937681585532486
2050-05-11 23:00:00+00:00,0.48519539394820443,0.34054631587708645
2050-05-12 00:00:00+00:00,0.48519189528801143,0.3417165410144231
2050-05-12 01:00:00+00:00,0.4851883991376481,0.3428875186244141
2050-05-12 02:00:00+00:00,0.4851849090191526,0.344059246505382
2050-05-12 03:00:00+00:00,0.4851814260955375,0.3452317958330204
2050-05-12 04:00:00+00:00,0.48517795168633737,0.34640518602023124
2050-05-12 05:00:00+00:00,0.48517448885976444,0.34757946053060934
2050-05-12 06:00:00+00:00,0.4851710108138315,0.3487546196090915
2050-05-12 07:00:00+00:00,0.4852602441126104,0.3499312595884607
2050-05-12 08:00:00+00:00,0.5189802724853074,0.3511083250615947
2050-05-12 09:00:00+00:00,0.555140549280129,0.3522840962721971
2050-05-12 10:00:00+00:00,0.5913738522340738,0.3534561474739491
2050-05-12 11:00:00+00:00,0.6304499795149819,0.35462400379795894
2050-05-12 12:00:00+00:00,0.671393635270965,0.35578876728701586
2050-05-12 13:00:00+00:00,0.7086181084451205,0.35695106666602977
2050-05-12 14:00:00+00:00,0.7445625456069013,0.3581115553477756
2050-05-12 15:00:00+00:00,0.7446554944752118,0.35926994881855495
2050-05-12 16:00:00+00:00,0.7446552565287826,0.36042679071118966
2050-05-12 17:00:00+00:00,0.7445108958828314,0.3615821968007474
2050-05-12 18:00:00+00:00,0.7004079697968998,0.36273679617589283
2050-05-12 19:00:00+00:00,0.6556153867150755,0.3638934913490464
2050-05-12 20:00:00+00:00,0.6115016961411972,0.36505449508914767
2050-05-12 21:00:00+00:00,0.5853102150048635,0.3662197358282955
2050-05-12 22:00:00+00:00,0.585163108658824,0.3673890692735761
2050-05-12 23:00:00+00:00,0.5850168348056656,0.3685626892155025
2050-05-13 00:00:00+00:00,0.5848699569895036,0.3697365127249775
2050-05-13 01:00:00+00:00,0.5847233404529443,0.37091043036631743
2050-05-13 02:00:00+00:00,0.5845762779914582,0.37208426002123485
2050-05-13 03:00:00+00:00,0.5844298015514002,0.3732578008400505
2050-05-13 04:00:00+00:00,0.5556135515246307,0.37443093951445156
2050-05-13 05:00:00+00:00,0.5149271762914385,0.3756035962943387
2050-05-13 06:00:00+00:00,0.5147814196938582,0.3767756858987814
2050-05-13 07:00:00+00:00,0.5147796582734788,0.3779465373322101
2050-05-13 08:00:00+00:00,0.5686928592369039,0.3791155587839139
2050-05-13 09:00:00+00:00,0.6226060606657126,0.3802820362289485
2050-05-13 10:00:00+00:00,0.6765192622632118,0.3814450804503849
2050-05-13 11:00:00+00:00,0.7304324669005501,0.38260669578969514
2050-05-13 12:00:00+00:00,0.7843457056940962,0.38376781410522953
2050-05-13 13:00:00+00:00,0.8382589119719905,0.3849279241572364
2050-05-13 14:00:00+00:00,0.8921721147773083,0.3860866086260465
2050-05-13 15:00:00+00:00,0.9460853159617509,0.38724331690084296
2050-05-13 16:00:00+00:00,0.9999985074315922,0.38839930093885977
2050-05-13 17:00:00+00:00,0.999997545622695,0.38955515717272293
2050-05-13 18:00:00+00:00,0.999542339319504,0.3907113460972827
2050-05-13 19:00:00+00:00,0.9993137500431801,0.39186804184601515
2050-05-13 20:00:00+00:00,0.9967076389709153,0.39302528086427685
2050-05-13 21:00:00+00:00,0.9950976967614855,0.3941830183929551
2050-05-13 22:00:00+00:00,0.9949358829274306,0.39534117085616216
2050-05-13 23:00:00+00:00,0.9947781241197656,0.396499690111732
2050-05-14 00:00:00+00:00,0.9946241617141236,0.3976585664976104
2050-05-14 01:00:00+00:00,0.9944736263876749,0.3988177889412283
2050-05-14 02:00:00+00:00,0.9942318753037576,0.39997733771977706
2050-05-14 03:00:00+00:00,0.9630815380585728,0.4011372504839268
2050-05-14 04:00:00+00:00,0.9167578975637737,0.40229759006805216
2050-05-14 05:00:00+00:00,0.8754843671907736,0.40345842939005255
2050-05-14 06:00:00+00:00,0.8599188420277766,0.40461973792186795
2050-05-14 07:00:00+00:00,0.8599178090239424,0.4057812551682852
2050-05-14 08:00:00+00:00,0.8599174711154195,0.406942495613772
2050-05-14 09:00:00+00:00,0.8599171332979915,0.408103350366086
2050-05-14 10:00:00+00:00,0.8599168839143725,0.4092654679315744
2050-05-14 11:00:00+00:00,0.9105789890141586,0.4104284284505311
2050-05-14 12:00:00+00:00,0.9644916509047994,0.4115922211429377
2050-05-14 13:00:00+00:00,0.9999983486231198,0.412756864250038
2050-05-14 14:00:00+00:00,0.9999981093145961,0.41392162529323373
2050-05-14 15:00:00+00:00,0.9999979468923638,0.41508635046845094
2050-05-14 16:00:00+00:00,0.9999976095348659,0.416252384169413
2050-05-14 17:00:00+00:00,0.9999972103915399,0.41741896593553485
2050-05-14 18:00:00+00:00,0.9999968921999737,0.41858660844634515
2050-05-14 19:00:00+00:00,0.9999966311000459,0.4197553789568566
2050-05-14 20:00:00+00:00,0.9999964138373301,0.42092505621891874
2050-05-14 21:00:00+00:00,0.9999962313509391,0.4220956130041962
2050-05-14 22:00:00+00:00,0.9999960780734998,0.42326715335122045
2050-05-14 23:00:00+00:00,0.9999959489894156,0.4244400688245012
2050-05-15 00:00:00+00:00,0.9999958426032691,0.4256144047699917
2050-05-15 01:00:00+00:00,0.9999957580461815,0.4267901964686057
2050-05-15 02:00:00+00:00,0.999995693976097,0.4279676316521126
2050-05-15 03:00:00+00:00,0.9999956490074874,0.4291466946279806
2050-05-15 04:00:00+00:00,0.9999956223799196,0.43032739221976285
2050-05-15 05:00:00+00:00,0.9999956124674866,0.43151006444069046
2050-05-15 06:00:00+00:00,0.9999956209987378,0.43269467465277195
2050-05-15 07:00:00+00:00,0.999995642195011,0.43388230989699417
2050-05-15 08:00:00+00:00,0.9999958351058663,0.4350743550052158
2050-05-15 09:00:00+00:00,0.9999960586640609,0.4362695957264717
2050-05-15 10:00:00+00:00,0.9999963196336081,0.43746646666493283
2050-05-15 11:00:00+00:00,0.9999966259902296,0.43866289130231856
2050-05-15 12:00:00+00:00,0.9999969905404898,0.4398579263671269
2050-05-15 13:00:00+00:00,0.9999974455309741,0.4410514306818866
2050-05-15 14:00:00+00:00,0.9999980481543677,0.4422459017234103
2050-05-15 15:00:00+00:00,0.9999991553933155,0.44344048784808804
2050-05-15 16:00:00+00:00,0.9999994733470925,0.4436630410342263
2050-05-15 17:00:00+00:00,0.9999999265074162,0.44388604479200294
2050-05-15 18:00:00+00:00,0.9999965543582048,0.4441110913808349
2050-05-15 19:00:00+00:00,0.9999948797932948,0.4443385777260414
2050-05-15 20:00:00+00:00,0.9999936143135356,0.44456980055535517
2050-05-15 21:00:00+00:00,0.9999925502631332,0.44480561570463273
2050-05-15 22:00:00+00:00,0.9999916164544937,0.4450458530425797
2050-05-15 23:00:00+00:00,0.9999907745524484,0.44529084655839474
2050-05-16 00:00:00+00:00,0.9999900026768553,0.44554060472245155
2050-05-16 01:00:00+00:00,0.9999892877197541,0.445794111031443
2050-05-16 02:00:00+00:00,0.9999886173940683,0.44605100469160386
2050-05-16 03:00:00+00:00,0.999987985987832,0.4463109529557506
2050-05-16 04:00:00+00:00,0.9999874033735068,0.44657438602882543
2050-05-16 05:00:00+00:00,0.9281029642840342,0.4468415109656132
2050-05-16 06:00:00+00:00,0.9281023932020405,0.4471118264760327
2050-05-16 07:00:00+00:00,0.9281018182631715,0.44738364241213363
2050-05-16 08:00:00+00:00,0.9281021936407248,0.4476552154456559
2050-05-16 09:00:00+00:00,0.9281025736508388,0.44792533990580324
2050-05-16 10:00:00+00:00,0.9281029499083747,0.4481927445056542
2050-05-16 11:00:00+00:00,0.9281073145426056,0.4484560927798319
2050-05-16 12:00:00+00:00,0.9345283181222522,0.44871452144034923
2050-05-16 13:00:00+00:00,0.9345286932237158,0.44896664195875025
2050-05-16 14:00:00+00:00,0.934529066532483,0.4492157941466312
2050-05-16 15:00:00+00:00,0.9345294340469245,0.449461317221421
2050-05-16 16:00:00+00:00,0.9345295575978211,0.44970605074693254
2050-05-16 17:00:00+00:00,0.8626452276858659,0.4499486057186017
2050-05-16 18:00:00+00:00,0.7907609012041599,0.45018867955542674
2050-05-16 19:00:00+00:00,0.7188765748023713,0.4504226191214629
2050-05-16 20:00:00+00:00,0.6469922482043202,0.45064936392850286
2050-05-16 21:00:00+00:00,0.5751079213825782,0.45086786513548394
2050-05-16 22:00:00+00:00,0.5032235938703308,0.4510765546874757
2050-05-16 23:00:00+00:00,0.4313392663556983,0.45127611734431544
2050-05-17 00:00:00+00:00,0.3594549387569962,0.4514649349153135
2050-05-17 01:00:00+00:00,0.2875706106966535,0.45164378328816607
2050-05-17 02:00:00+00:00,0.21568628220109407,0.45181707102837665
2050-05-17 03:00:00+00:00,0.14380195357602818,0.45198566337713236
2050-05-17 04:00:00+00:00,0.0719176248825311,0.4521494350346852
2050-05-17 05:00:00+00:00,3.329583777672468e-05,0.45230923888520114
2050-05-17 06:00:00+00:00,8.54460489609621e-08,0.45246615152893666
2050-05-17 07:00:00+00:00,9.315332126965449e-07,0.4529004155243787
2050-05-17 08:00:00+00:00,4.474434507068909e-06,0.4540238600076394
2050-05-17 09:00:00+00:00,6.427371954337212e-06,0.4551440468608695
2050-05-17 10:00:00+00:00,7.91017589718027e-06,0.45625997414623237
2050-05-17 11:00:00+00:00,9.150280438908473e-06,0.4573724655011785
2050-05-17 12:00:00+00:00,1.025324675645749e-05,0.458481540152257
2050-05-17 13:00:00+00:00,1.1253972401408725e-05,0.4595881650091232
2050-05-17 14:00:00+00:00,1.2174988047085421e-05,0.4606935446775328
2050-05-17 15:00:00+00:00,1.3054348353577344e-05,0.46179852069460386
2050-05-17 16:00:00+00:00,1.328107256209375e-05,0.4619316900815791
2050-05-17 17:00:00+00:00,1.35074971754052e-05,0.4620654729383276
2050-05-17 18:00:00+00:00,1.3723776769425115e-05,0.46219897534572835
2050-05-17 19:00:00+00:00,1.3930680260274321e-05,0.46233223503187815
2050-05-17 20:00:00+00:00,1.412976626837215e-05,0.46246536797912957
2050-05-17 21:00:00+00:00,1.4320965689590739e-05,0.4625983833844865
2050-05-17 22:00:00+00:00,1.4504722575492606e-05,0.462731227671945
2050-05-17 23:00:00+00:00,1.46806134944414e-05,0.46286404270843007
2050-05-18 00:00:00+00:00,1.4849111580849501e-05,0.4629970833016462
2050-05-18 01:00:00+00:00,1.501080405864506e-05,0.4631310166433678
2050-05-18 02:00:00+00:00,1.5166267106993747e-05,0.4632657600818487
2050-05-18 03:00:00+00:00,1.5316145574037044e-05,0.4634011938148172
2050-05-18 04:00:00+00:00,1.5456305170302276e-05,0.4635374469987163
2050-05-18 05:00:00+00:00,1.5593080573073015e-05,0.46367491984007553
2050-05-18 06:00:00+00:00,1.5722148526684573e-05,0.4638137649196251
2050-05-18 07:00:00+00:00,1.609682125711674e-05,0.4649256982695677
2050-05-18 08:00:00+00:00,1.6448867981516643e-05,0.46604119645511705
2050-05-18 09:00:00+00:00,1.6789715806173654e-05,0.4671634304046954
2050-05-18 10:00:00+00:00,1.7118819620787975e-05,0.46829270665460737
2050-05-18 11:00:00+00:00,1.7436550899163605e-05,0.46942886591655203
2050-05-18 12:00:00+00:00,1.7743686166602364e-05,0.47057087269149694
2050-05-18 13:00:00+00:00,1.8041840377781075e-05,0.4717203313194161
2050-05-18 14:00:00+00:00,1.8329701917555648e-05,0.4728754945929255
2050-05-18 15:00:00+00:00,1.861085127285177e-05,0.47403885661702205
2050-05-18 16:00:00+00:00,1.8693909067615766e-05,0.47517830850457754
2050-05-18 17:00:00+00:00,1.877337766629166e-05,0.47538529668592594
2050-05-18 18:00:00+00:00,1.8849538711083153e-05,0.4755997952981268
2050-05-18 19:00:00+00:00,1.892200814213705e-05,0.475821955556537
2050-05-18 20:00:00+00:00,1.898947135043265e-05,0.47605030296506246
2050-05-18 21:00:00+00:00,1.9052054305394047e-05,0.4762850666723156
2050-05-18 22:00:00+00:00,1.9110940491333302e-05,0.47652546025781584
2050-05-18 23:00:00+00:00,1.916581662680026e-05,0.4767694470979001
2050-05-19 00:00:00+00:00,1.921682129261853e-05,0.47701638186278206
2050-05-19 01:00:00+00:00,1.9264303888613537e-05,0.477265621166513
2050-05-19 02:00:00+00:00,1.930810575437956e-05,0.4775169186953296
2050-05-19 03:00:00+00:00,1.935058372896668e-05,0.47777031250364055
2050-05-19 04:00:00+00:00,1.9389568397289434e-05,0.4780251431985731
2050-05-19 05:00:00+00:00,1.9425542232609383e-05,0.47828086325756164
2050-05-19 06:00:00+00:00,1.9457732161568634e-05,0.47853688126329413
2050-05-19 07:00:00+00:00,1.9632951760900243e-05,0.4797641548317558
2050-05-19 08:00:00+00:00,1.979879965033498e-05,0.48099152882808816
2050-05-19 09:00:00+00:00,1.9960672108949088e-05,0.4822189157860242
2050-05-19 10:00:00+00:00,2.011853552334645e-05,0.4834462372562964
2050-05-19 11:00:00+00:00,2.0271241610703364e-05,0.4846730277610678
2050-05-19 12:00:00+00:00,2.0419451339941646e-05,0.48589853061110894
2050-05-19 13:00:00+00:00,2.0563351253044306e-05,0.48712351182109453
2050-05-19 14:00:00+00:00,2.070267767496941e-05,0.488347916951749
2050-05-19 15:00:00+00:00,2.0836715337265715e-05,0.4895724549543673
2050-05-19 16:00:00+00:00,2.08351042927086e-05,0.49068718337785977
2050-05-19 17:00:00+00:00,2.0830981759305842e-05,0.4909434283960451
2050-05-19 18:00:00+00:00,2.082252286416362e-05,0.4912005291350806
2050-05-19 19:00:00+00:00,2.081009031318434e-05,0.4914558003108084
2050-05-19 20:00:00+00:00,2.079372215992382e-05,0.49170699155450986
2050-05-19 21:00:00+00:00,2.077397905927649e-05,0.49195419984965516
2050-05-19 22:00:00+00:00,2.0751377098019083e-05,0.49219738148797904
2050-05-19 23:00:00+00:00,2.0726012809217514e-05,0.4924366276263898
2050-05-20 00:00:00+00:00,2.0698160424316193e-05,0.49267573944209053
2050-05-20 01:00:00+00:00,2.0667845032522333e-05,0.4929146682521839
2050-05-20 02:00:00+00:00,2.0633731066790483e-05,0.4931534158040283
2050-05-20 03:00:00+00:00,2.0596368704162613e-05,0.49339200475730566
2050-05-20 04:00:00+00:00,2.0556817085640194e-05,0.4936304025028534
2050-05-20 05:00:00+00:00,2.0515264411539785e-05,0.493868549025005
2050-05-20 06:00:00+00:00,2.0472474203297394e-05,0.494106431036784
2050-05-20 07:00:00+00:00,2.0421109737334772e-05,0.49489316433823205
2050-05-20 08:00:00+00:00,2.0489189634256645e-05,0.49610254808684723
2050-05-20 09:00:00+00:00,2.0555448061901772e-05,0.49731165617419015
2050-05-20 10:00:00+00:00,2.0618435670574244e-05,0.49851978300009
2050-05-20 11:00:00+00:00,2.0677558793108087e-05,0.49972511489750326
2050-05-20 12:00:00+00:00,2.0733228919844333e-05,0.5009264285852527
2050-05-20 13:00:00+00:00,2.078598223144738e-05,0.5021233715312357
2050-05-20 14:00:00+00:00,2.083430559580697e-05,0.503316982554612
2050-05-20 15:00:00+00:00,2.087984348184087e-05,0.5045074617311512
2050-05-20 16:00:00+00:00,2.0802775409672095e-05,0.5047245808433106
2050-05-20 17:00:00+00:00,2.0721515854791463e-05,0.5049404150554836
2050-05-20 18:00:00+00:00,2.063717148702661e-05,0.505156223037963
2050-05-20 19:00:00+00:00,2.0551699006444846e-05,0.5053723174246263
2050-05-20 20:00:00+00:00,2.046189183332352e-05,0.5055888731087469
2050-05-20 21:00:00+00:00,2.036829500256645e-05,0.5058057654799015
2050-05-20 22:00:00+00:00,2.0268033949837834e-05,0.50602295231728
2050-05-20 23:00:00+00:00,2.016394602496459e-05,0.506240647522263
2050-05-21 00:00:00+00:00,2.005584282574554e-05,0.5064589510172233
2050-05-21 01:00:00+00:00,1.9943803365328104e-05,0.5066779993775883
2050-05-21 02:00:00+00:00,1.982813606190448e-05,0.5068981738956787
2050-05-21 03:00:00+00:00,1.9709362544490072e-05,0.5071197240266346
2050-05-21 04:00:00+00:00,1.9587634401809216e-05,0.5073430136364827
2050-05-21 05:00:00+00:00,1.9461805216172106e-05,0.507567638955451
2050-05-21 06:00:00+00:00,1.932966034484716e-05,0.5077934087812882
2050-05-21 07:00:00+00:00,1.9190205780082293e-05,0.5080204499597784
2050-05-21 08:00:00+00:00,1.9100872129272795e-05,0.5092203522140906
2050-05-21 09:00:00+00:00,1.907314164587574e-05,0.5104201479374365
2050-05-21 10:00:00+00:00,1.9000747567505215e-05,0.5116170835944703
2050-05-21 11:00:00+00:00,1.8924052498684176e-05,0.5128096039504559
2050-05-21 12:00:00+00:00,1.8842770047925568e-05,0.5139977661653079
2050-05-21 13:00:00+00:00,1.872966255828445e-05,0.5151808846421434
2050-05-21 14:00:00+00:00,1.861151212964321e-05,0.5163594299261828
2050-05-21 15:00:00+00:00,1.84333074727126e-05,0.5165621697954509
2050-05-21 16:00:00+00:00,1.825160961757186e-05,0.5167610387208749
2050-05-21 17:00:00+00:00,1.8063359118487395e-05,0.5169577806601172
2050-05-21 18:00:00+00:00,1.7870315940565586e-05,0.5171534851127794
2050-05-21 19:00:00+00:00,1.7670570080082074e-05,0.5173487812070326
2050-05-21 20:00:00+00:00,1.746398828918847e-05,0.5175442231173346
2050-05-21 21:00:00+00:00,1.724984308426981e-05,0.5177398939517782
2050-05-21 22:00:00+00:00,1.7028689450151996e-05,0.5179359062542634
2050-05-21 23:00:00+00:00,1.6799529078389853e-05,0.5181319758775018
2050-05-22 00:00:00+00:00,1.6562072631566358e-05,0.5183282374335393
2050-05-22 01:00:00+00:00,1.6316418427075382e-05,0.5185248457100933
2050-05-22 02:00:00+00:00,1.6062004822106706e-05,0.5187215168203623
2050-05-22 03:00:00+00:00,1.579976236447808e-05,0.518918441626383
2050-05-22 04:00:00+00:00,1.5529281909174193e-05,0.519115837755321
2050-05-22 05:00:00+00:00,1.524862863820067e-05,0.5193133493385236
2050-05-22 06:00:00+00:00,1.4956042255140407e-05,0.5195109699745584
2050-05-22 07:00:00+00:00,1.4647578195540273e-05,0.520412359815821
2050-05-22 08:00:00+00:00,1.4539704303769557e-05,0.5215785135030288
2050-05-22 09:00:00+00:00,1.4427152267989112e-05,0.5227427651873864
2050-05-22 10:00:00+00:00,1.4307233068362761e-05,0.5239053115949923
2050-05-22 11:00:00+00:00,1.4182546336825105e-05,0.5250664477191792
2050-05-22 12:00:00+00:00,1.4052579799648145e-05,0.5262255523283187
2050-05-22 13:00:00+00:00,1.3910912237011057e-05,0.5273827794956191
2050-05-22 14:00:00+00:00,1.3761687926874339e-05,0.5285362546821717
2050-05-22 15:00:00+00:00,1.3603425851201819e-05,0.5296872461999117
2050-05-22 16:00:00+00:00,1.3335239583215417e-05,0.5308364790768233
2050-05-22 17:00:00+00:00,1.291613718869849e-05,0.5319836091515218
2050-05-22 18:00:00+00:00,1.248137768328983e-05,0.5331286954931328
2050-05-22 19:00:00+00:00,1.2021638861162332e-05,0.5342718147460276
2050-05-22 20:00:00+00:00,1.1534252673264153e-05,0.5354119701737312
2050-05-22 21:00:00+00:00,1.101629447787078e-05,0.5365479870080806
2050-05-22 22:00:00+00:00,1.0462917365935576e-05,0.5376797644004295
2050-05-22 23:00:00+00:00,9.869256470800948e-06,0.5388065122828269
2050-05-23 00:00:00+00:00,9.225782943391161e-06,0.5399279197584667
2050-05-23 01:00:00+00:00,8.522557325404157e-06,0.5410445086199411
2050-05-23 02:00:00+00:00,7.734289097503619e-06,0.5421565106974582
2050-05-23 03:00:00+00:00,6.843270311659112e-06,0.543264166486467
2050-05-23 04:00:00+00:00,5.793113470526545e-06,0.5443673231704618
2050-05-23 05:00:00+00:00,4.501541269806267e-06,0.5454662666722913
2050-05-23 06:00:00+00:00,2.6898602841526296e-06,0.5465612073893449
2050-05-23 07:00:00+00:00,0.05391556694876184,0.547652733685592
2050-05-23 08:00:00+00:00,0.10782862118352424,0.5487415475184099
2050-05-23 09:00:00+00:00,0.16174167742184048,0.5498279791631576
2050-05-23 10:00:00+00:00,0.2156547336648323,0.5509127725843258
2050-05-23 11:00:00+00:00,0.2695677913017954,0.5519957324484852
2050-05-23 12:00:00+00:00,0.3234808514287279,0.5530774433753636
2050-05-23 13:00:00+00:00,0.37739390986259563,0.5541567740232632
2050-05-23 14:00:00+00:00,0.43130696587989176,0.5552329660858492
2050-05-23 15:00:00+00:00,0.48522001976613055,0.5563064240009019
2050-05-23 16:00:00+00:00,0.48521989085186995,0.5573759996658973
2050-05-23 17:00:00+00:00,0.4852187079826591,0.558442247281341
2050-05-23 18:00:00+00:00,0.4850791678286716,0.5585335563483924
2050-05-23 19:00:00+00:00,0.4849375930898673,0.5586208019929562
2050-05-23 20:00:00+00:00,0.4847953171686196,0.558702775942126
2050-05-23 21:00:00+00:00,0.48465247736994066,0.5587779716992367
2050-05-23 22:00:00+00:00,0.48451047755844595,0.55884518507097
2050-05-23 23:00:00+00:00,0.48436822761168863,0.5589048346960201
2050-05-24 00:00:00+00:00,0.4842256844403428,0.5589587439607586
2050-05-24 01:00:00+00:00,0.48408303239444617,0.5590078777810489
2050-05-24 02:00:00+00:00,0.4839402909205755,0.5590537950264216
2050-05-24 03:00:00+00:00,0.483797171667054,0.5590974967157705
2050-05-24 04:00:00+00:00,0.4742080168821002,0.5591397029470446
2050-05-24 05:00:00+00:00,0.463958199629834,0.5591809177030957
2050-05-24 06:00:00+00:00,0.46381534346422904,0.5592212196575047
2050-05-24 07:00:00+00:00,0.46381466826413914,0.560231627625453
2050-05-24 08:00:00+00:00,0.463813998374095,0.5612410879292485
2050-05-24 09:00:00+00:00,0.463813332298455,0.5622492669471792
2050-05-24 10:00:00+00:00,0.4638126673184028,0.563255693279548
2050-05-24 11:00:00+00:00,0.4638119984066391,0.5642596579015684
2050-05-24 12:00:00+00:00,0.463811330158019,0.565260429189839
2050-05-24 13:00:00+00:00,0.4638106611520382,0.5662571406878739
2050-05-24 14:00:00+00:00,0.46380998726946093,0.5672490490231875
2050-05-24 15:00:00+00:00,0.4638093125980051,0.5682364010399528
2050-05-24 16:00:00+00:00,0.46380810871651085,0.5692197366155416
2050-05-24 17:00:00+00:00,0.46366581839579113,0.5692282583887179
2050-05-24 18:00:00+00:00,0.4563459801184371,0.5692357635269035
2050-05-24 19:00:00+00:00,0.4457998286593211,0.5692428715900754
2050-05-24 20:00:00+00:00,0.43522798269039054,0.5692500698257278
2050-05-24 21:00:00+00:00,0.42537126025601585,0.5692574591419686
2050-05-24 22:00:00+00:00,0.42522631178382886,0.5692652239376952
2050-05-24 23:00:00+00:00,0.42508245936546724,0.5692732886058913
2050-05-25 00:00:00+00:00,0.42493897182436724,0.569281376498811
2050-05-25 01:00:00+00:00,0.424795488672139,0.5692888791950065
2050-05-25 02:00:00+00:00,0.42465200668604547,0.5692959068544767
2050-05-25 03:00:00+00:00,0.4245085623420246,0.569302509759823
2050-05-25 04:00:00+00:00,0.4243650346657085,0.5693084167419387
2050-05-25 05:00:00+00:00,0.42422138104785406,0.5693130644905383
2050-05-25 06:00:00+00:00,0.42422069811706203,0.5702878807455783
2050-05-25 07:00:00+00:00,0.4242205792367975,0.5712608117792701
2050-05-25 08:00:00+00:00,0.4242204447170212,0.5722293202299427
2050-05-25 09:00:00+00:00,0.42422030616819273,0.5731899209792284
2050-05-25 10:00:00+00:00,0.4242201722465751,0.5741405149020753
2050-05-25 11:00:00+00:00,0.4242200309478954,0.5750803998203311
2050-05-25 12:00:00+00:00,0.42422023134183545,0.5760105034461949
2050-05-25 13:00:00+00:00,0.4242201595085914,0.5769289410559724
2050-05-25 14:00:00+00:00,0.4242200139486277,0.5778376312671062
2050-05-25 15:00:00+00:00,0.42421987889543256,0.5787347762364136
2050-05-25 16:00:00+00:00,0.4242196509278791,0.5796220650011524
2050-05-25 17:00:00+00:00,0.42418876862250443,0.5797432920392402
2050-05-25 18:00:00+00:00,0.41328536109395125,0.5796417424302462
2050-05-25 19:00:00+00:00,0.39996507372150925,0.5795324360808156
2050-05-25 20:00:00+00:00,0.38601658229866814,0.5794168062587072
2050-05-25 21:00:00+00:00,0.37200099771445544,0.5792946196255109
2050-05-25 22:00:00+00:00,0.3584349067499199,0.5791666167381977
2050-05-25 23:00:00+00:00,0.34492659094106537,0.5790347023636464
2050-05-26 00:00:00+00:00,0.33170607576914707,0.5788995182683686
2050-05-26 01:00:00+00:00,0.318648363763929,0.5787616965181507
2050-05-26 02:00:00+00:00,0.30515630873541777,0.5786214616496977
2050-05-26 03:00:00+00:00,0.291010343667549,0.5784787447591933
2050-05-26 04:00:00+00:00,0.27642824124446763,0.5783342053716017
2050-05-26 05:00:00+00:00,0.26168219367114454,0.578188308559167
2050-05-26 06:00:00+00:00,0.2592628717236153,0.5780416457480226
2050-05-26 07:00:00+00:00,0.25926252762357277,0.578866046697606
2050-05-26 08:00:00+00:00,0.3131757162184036,0.5796894718987018
2050-05-26 09:00:00+00:00,0.36708890554302875,0.5805116358927697
2050-05-26 10:00:00+00:00,0.4210020966824508,0.5813320720522274
2050-05-26 11:00:00+00:00,0.4749153169842681,0.5821504966669993
2050-05-26 12:00:00+00:00,0.5288285493707429,0.5829663018066386
2050-05-26 13:00:00+00:00,0.5827417656008179,0.5837788691830742
2050-05-26 14:00:00+00:00,0.636654954533674,0.5845883773740327
2050-05-26 15:00:00+00:00,0.6905681425293397,0.58539438474309
2050-05-26 16:00:00+00:00,0.6905678052925827,0.5861962102490581
2050-05-26 17:00:00+00:00,0.6821103282467833,0.5860231840016202
2050-05-26 18:00:00+00:00,0.6662228593327437,0.5858485475706617
2050-05-26 19:00:00+00:00,0.6412340117966989,0.5856731621752012
2050-05-26 20:00:00+00:00,0.6171081139233623,0.5854972794285227
2050-05-26 21:00:00+00:00,0.5993569852874324,0.5853208133067022
2050-05-26 22:00:00+00:00,0.5841079625086089,0.585143799741255
2050-05-26 23:00:00+00:00,0.56887356480601,0.5849661452298461
2050-05-27 00:00:00+00:00,0.5539051579165206,0.584787987360953
2050-05-27 01:00:00+00:00,0.5389709612622811,0.5846096229839303
2050-05-27 02:00:00+00:00,0.5239375313089204,0.5844311139545233
2050-05-27 03:00:00+00:00,0.5088009523433265,0.5842524326225267
2050-05-27 04:00:00+00:00,0.4788363625866334,0.5840736489512313
2050-05-27 05:00:00+00:00,0.4072014753293842,0.5838948233817611
2050-05-27 06:00:00+00:00,0.39783653671905794,0.5837159901420357
2050-05-27 07:00:00+00:00,0.3978364288678529,0.5845087186348857
2050-05-27 08:00:00+00:00,0.4517496972431855,0.5853010627137204
2050-05-27 09:00:00+00:00,0.5056629898990603,0.5860928390363529
2050-05-27 10:00:00+00:00,0.5595762800347612,0.5868840283022947
2050-05-27 11:00:00+00:00,0.6134895704425308,0.5876744976590874
2050-05-27 12:00:00+00:00,0.6674028607587503,0.5884649454930001
2050-05-27 13:00:00+00:00,0.7213161504171536,0.5892560651354856
2050-05-27 14:00:00+00:00,0.7752294340678338,0.5900473881785387
2050-05-27 15:00:00+00:00,0.8291427182311782,0.5908391193062579
2050-05-27 16:00:00+00:00,0.8291423114762438,0.5916306515513461
2050-05-27 17:00:00+00:00,0.8201762771456192,0.5914502585548405
2050-05-27 18:00:00+00:00,0.8087911674176107,0.5912694220861677
2050-05-27 19:00:00+00:00,0.788599055972543,0.5910880780548994
2050-05-27 20:00:00+00:00,0.7649254862752011,0.5909060571953444
2050-05-27 21:00:00+00:00,0.7522100325437996,0.5907234084936509
2050-05-27 22:00:00+00:00,0.7416237607604528,0.5905402671350105
2050-05-27 23:00:00+00:00,0.7315927737073062,0.5903563726927248
2050-05-28 00:00:00+00:00,0.7219435133332622,0.5901717146954688
2050-05-28 01:00:00+00:00,0.7126200998816957,0.5899861262964452
2050-05-28 02:00:00+00:00,0.7034901019154979,0.5897992240642637
2050-05-28 03:00:00+00:00,0.6944459454709215,0.5896107791973514
2050-05-28 04:00:00+00:00,0.6851858212929266,0.5894205915771397
2050-05-28 05:00:00+00:00,0.6758984017249602,0.589229520708142
2050-05-28 06:00:00+00:00,0.6678132571680319,0.5890381688888188
2050-05-28 07:00:00+00:00,0.6677827018395793,0.589571250724639
2050-05-28 08:00:00+00:00,0.6677820348164334,0.5903514452114186
2050-05-28 09:00:00+00:00,0.6677813763441868,0.5911329585338533
2050-05-28 10:00:00+00:00,0.6677807179243946,0.5919162809704807
2050-05-28 11:00:00+00:00,0.6677800606387158,0.5927017321194598
2050-05-28 12:00:00+00:00,0.6677794030448767,0.5934902197555264
2050-05-28 13:00:00+00:00,0.6677787456978173,0.5942835828119384
2050-05-28 14:00:00+00:00,0.6677780865059992,0.5950816638770295
2050-05-28 15:00:00+00:00,0.6677774193172656,0.5958847775463445
2050-05-28 16:00:00+00:00,0.6677767714697423,0.5966929338681369
2050-05-28 17:00:00+00:00,0.6603093115916973,0.5965339240307346
2050-05-28 18:00:00+00:00,0.6523978657580655,0.5963808576800838
2050-05-28 19:00:00+00:00,0.6442372226267533,0.5962308851499032
2050-05-28 20:00:00+00:00,0.6359700208286108,0.5960828899448235
2050-05-28 21:00:00+00:00,0.6278126733426832,0.5959361290510466
2050-05-28 22:00:00+00:00,0.6198994993064474,0.5957897943094081
2050-05-28 23:00:00+00:00,0.6120728883147012,0.5956430867660103
2050-05-29 00:00:00+00:00,0.604315328148101,0.5954954818283158
2050-05-29 01:00:00+00:00,0.59661040317926,0.5953464107849387
2050-05-29 02:00:00+00:00,0.5888926684674965,0.5951961212309294
2050-05-29 03:00:00+00:00,0.5808156516958909,0.5950444403676889
2050-05-29 04:00:00+00:00,0.5227358333205447,0.5948912022291947
2050-05-29 05:00:00+00:00,0.45102858500627874,0.5947363525773142
2050-05-29 06:00:00+00:00,0.44346926377488777,0.5945798564569552
2050-05-29 07:00:00+00:00,0.4371348943908507,0.5944212680569054
2050-05-29 08:00:00+00:00,0.43713422690094794,0.595231955857371
2050-05-29 09:00:00+00:00,0.43713356489438954,0.5960400551096714
2050-05-29 10:00:00+00:00,0.4371329047233355,0.59684557210724
2050-05-29 11:00:00+00:00,0.4371322451078263,0.5976479422355775
2050-05-29 12:00:00+00:00,0.4371315858185851,0.5984474575474888
2050-05-29 13:00:00+00:00,0.43713092687384475,0.5992444743443793
2050-05-29 14:00:00+00:00,0.4371302661003488,0.6000392655884447
2050-05-29 15:00:00+00:00,0.4371296020366161,0.600831981913833
2050-05-29 16:00:00+00:00,0.43012695815741103,0.6006518194372212
2050-05-29 17:00:00+00:00,0.4218082478516066,0.6004705918124162
2050-05-29 18:00:00+00:00,0.4115505955601141,0.6002886390212556
2050-05-29 19:00:00+00:00,0.37824260587678965,0.6001058336082729
2050-05-29 20:00:00+00:00,0.35418542346087095,0.5999218215074122
2050-05-29 21:00:00+00:00,0.34382936953295307,0.5997368694942096
2050-05-29 22:00:00+00:00,0.33437819578967704,0.5995512637539873
2050-05-29 23:00:00+00:00,0.32491352479846153,0.5993651890704917
2050-05-30 00:00:00+00:00,0.31543494991038395,0.5991787269885859
2050-05-30 01:00:00+00:00,0.30587958838810286,0.5989918947680857
2050-05-30 02:00:00+00:00,0.2962402497329466,0.5988047306513071
2050-05-30 03:00:00+00:00,0.2863822591424248,0.5986173738060101
2050-05-30 04:00:00+00:00,0.2753398792497614,0.5984298676412836
2050-05-30 05:00:00+00:00,0.2623132957797149,0.5982422524366591
2050-05-30 06:00:00+00:00,0.25234927393192924,0.5980544560864218
2050-05-30 07:00:00+00:00,0.24395153990153665,0.5978662791147604
2050-05-30 08:00:00+00:00,0.2439503307484006,0.5986494504102032
2050-05-30 09:00:00+00:00,0.24394967092370215,0.599432374200762
2050-05-30 10:00:00+00:00,0.24394901427233429,0.6002146592441697
2050-05-30 11:00:00+00:00,0.24394835396084902,0.6009963279033907
2050-05-30 12:00:00+00:00,0.2439476935994136,0.6017771472483325
2050-05-30 13:00:00+00:00,0.2439470355598511,0.6025569636088903
2050-05-30 14:00:00+00:00,0.24394637765547528,0.6033362080219172
2050-05-30 15:00:00+00:00,0.243945740392957,0.6041157223762141
2050-05-30 16:00:00+00:00,0.23479445849844133,0.6039246075462009
2050-05-30 17:00:00+00:00,0.22386916794807635,0.6037350503562232
2050-05-30 18:00:00+00:00,0.21137305922704352,0.6035471507589855
2050-05-30 19:00:00+00:00,0.1983339579424905,0.603360799839
2050-05-30 20:00:00+00:00,0.18486134753495034,0.6031763060352779
2050-05-30 21:00:00+00:00,0.17097690532658877,0.6029937690507546
2050-05-30 22:00:00+00:00,0.15765469168393717,0.6028128409090667
2050-05-30 23:00:00+00:00,0.14382473223345063,0.6026335283288676
2050-05-31 00:00:00+00:00,0.1293835633684975,0.6024557187803528
2050-05-31 01:00:00+00:00,0.11408915798114924,0.6022793994395095
2050-05-31 02:00:00+00:00,0.09745962470720641,0.6021046769383359
2050-05-31 03:00:00+00:00,0.07838667471852755,0.601932020054245
2050-05-31 04:00:00+00:00,0.054887834478005354,0.6017621607152602
2050-05-31 05:00:00+00:00,0.025175346470987858,0.6015957677237185
2050-05-31 06:00:00+00:00,2.9070539908327195e-05,0.6014334328264614
2050-05-31 07:00:00+00:00,2.843862477203652e-05,0.602246257184043
2050-05-31 08:00:00+00:00,2.818775560902868e-05,0.6030628201624845
2050-05-31 09:00:00+00:00,2.7929780833844854e-05,0.6038824867419411
2050-05-31 10:00:00+00:00,2.7667485692855117e-05,0.6047047730567819
2050-05-31 11:00:00+00:00,2.7401708612449457e-05,0.6055293106532902
2050-05-31 12:00:00+00:00,2.711633545470061e-05,0.6063560411226472
2050-05-31 13:00:00+00:00,2.6812793864695308e-05,0.6071857718277288
2050-05-31 14:00:00+00:00,2.6521281061221272e-05,0.6080192149772284
2050-05-31 15:00:00+00:00,2.622519872253239e-05,0.6088566939208786
2050-05-31 16:00:00+00:00,2.5919325960025095e-05,0.6096981931488971
2050-05-31 17:00:00+00:00,2.506766512971099e-05,0.6105440673695623
2050-05-31 18:00:00+00:00,2.4168006853703836e-05,0.6113936817884263
2050-05-31 19:00:00+00:00,2.3228290940490167e-05,0.6122465111976543
2050-05-31 20:00:00+00:00,2.224263563326724e-05,0.6131014886692165
2050-05-31 21:00:00+00:00,2.120639972420551e-05,0.6139587680118295
2050-05-31 22:00:00+00:00,2.0117443886961937e-05,0.6148180033405466
2050-05-31 23:00:00+00:00,1.895699942056205e-05,0.6156785756537902
2050-06-01 00:00:00+00:00,1.771621836420774e-05,0.6165400912441839
2050-06-01 01:00:00+00:00,1.6377970854931864e-05,0.617402412257909
2050-06-01 02:00:00+00:00,1.4916937583538303e-05,0.6182653502653697
2050-06-01 03:00:00+00:00,1.3293577791428077e-05,0.6191289391796633
2050-06-01 04:00:00+00:00,1.1440543018034057e-05,0.6199932281479972
2050-06-01 05:00:00+00:00,9.217924169796813e-06,0.6208583839769893
2050-06-01 06:00:00+00:00,6.144257704929618e-06,0.6217243650208645
2050-06-01 07:00:00+00:00,5.536374252310264e-06,0.6225914642982066
2050-06-01 08:00:00+00:00,0.05391878202929727,0.6234593748564299
2050-06-01 09:00:00+00:00,0.10783202885430437,0.6243281419807869
2050-06-01 10:00:00+00:00,0.1617452758377599,0.6251981551079395
2050-06-01 11:00:00+00:00,0.21565853662237777,0.6260691564782305
2050-06-01 12:00:00+00:00,0.26957179747220655,0.6269415249560586
2050-06-01 13:00:00+00:00,0.32348505425400664,0.6278150511925292
2050-06-01 14:00:00+00:00,0.3773983015033603,0.628690515895213
2050-06-01 15:00:00+00:00,0.4313115479997179,0.6295676582705758
2050-06-01 16:00:00+00:00,0.48522479239653654,0.6304459658786161
2050-06-01 17:00:00+00:00,0.48522352494821724,0.6313244665925599
2050-06-01 18:00:00+00:00,0.4850896957048916,0.6322033396285258
2050-06-01 19:00:00+00:00,0.4833504549301822,0.6330822407229656
2050-06-01 20:00:00+00:00,0.481430689582836,0.6339613138872986
2050-06-01 21:00:00+00:00,0.47940336725417515,0.634840531995881
2050-06-01 22:00:00+00:00,0.4775152719474889,0.6357200050500489
2050-06-01 23:00:00+00:00,0.4755809480738609,0.6365997715730728
2050-06-02 00:00:00+00:00,0.4736465077252913,0.6374797416335103
2050-06-02 01:00:00+00:00,0.47166513024112255,0.6383599118033116
2050-06-02 02:00:00+00:00,0.4695759354111257,0.6392402150801902
2050-06-02 03:00:00+00:00,0.4664532360772163,0.6401206230666544
2050-06-02 04:00:00+00:00,0.46285465873801734,0.6410011254436518
2050-06-02 05:00:00+00:00,0.46076290499019174,0.6418817863340721
2050-06-02 06:00:00+00:00,0.4606319626158838,0.6427627383761046
2050-06-02 07:00:00+00:00,0.5145452389661275,0.643644189308113
2050-06-02 08:00:00+00:00,0.5684585177089733,0.6445266881551627
2050-06-02 09:00:00+00:00,0.6223717966263795,0.6454108417479711
2050-06-02 10:00:00+00:00,0.6762850758970824,0.6462975669503059
2050-06-02 11:00:00+00:00,0.7301983651293547,0.6471871585253076
2050-06-02 12:00:00+00:00,0.7841116539391301,0.6480798559199276
2050-06-02 13:00:00+00:00,0.8380249323790754,0.6489752104796817
2050-06-02 14:00:00+00:00,0.8919382110137556,0.6498735146165675
2050-06-02 15:00:00+00:00,0.9458514892882197,0.6507744922058558
2050-06-02 16:00:00+00:00,0.9997647342282692,0.6516771878730687
2050-06-02 17:00:00+00:00,0.9995846168389502,0.6525810543978409
2050-06-02 18:00:00+00:00,0.9277008475290244,0.6534852319662495
2050-06-02 19:00:00+00:00,0.8558170800834187,0.6543894591798661
2050-06-02 20:00:00+00:00,0.7839333085501802,0.6552937905978784
2050-06-02 21:00:00+00:00,0.7120495354669716,0.6561983271811779
2050-06-02 22:00:00+00:00,0.6401657599510249,0.6571030185040919
2050-06-02 23:00:00+00:00,0.568281980451433,0.6580078085075428
2050-06-03 00:00:00+00:00,0.4963982004182301,0.6589126038533445
2050-06-03 01:00:00+00:00,0.424514424027226,0.6598171769796849
2050-06-03 02:00:00+00:00,0.35263065031650537,0.660721505104224
2050-06-03 03:00:00+00:00,0.28074688162560707,0.6616255836312641
2050-06-03 04:00:00+00:00,0.20886312198372986,0.6625294252116626
2050-06-03 05:00:00+00:00,0.13697936939087602,0.6634330153530412
2050-06-03 06:00:00+00:00,0.06509562120203238,0.6643364745923486
2050-06-03 07:00:00+00:00,0.07171134628528088,0.6652401909176913
2050-06-03 08:00:00+00:00,0.12562463233048504,0.6661443257035987
2050-06-03 09:00:00+00:00,0.1795379177402626,0.6670500745043768
2050-06-03 10:00:00+00:00,0.23345120357403534,0.6679584220446264
2050-06-03 11:00:00+00:00,0.28736448920358,0.6688695350721927
2050-06-03 12:00:00+00:00,0.34127777507244544,0.6697833232766726
2050-06-03 13:00:00+00:00,0.3951910607781849,0.670699508328662
2050-06-03 14:00:00+00:00,0.4491043460917323,0.6716174670893972
2050-06-03 15:00:00+00:00,0.5030176314716033,0.6725363252590892
2050-06-03 16:00:00+00:00,0.5569309018069394,0.6734559610520793
2050-06-03 17:00:00+00:00,0.5569297048577896,0.674375529220764
2050-06-03 18:00:00+00:00,0.5568079093590761,0.6752952186220392
2050-06-03 19:00:00+00:00,0.5442145319730821,0.676214697372914
2050-06-03 20:00:00+00:00,0.5440873690333038,0.6771339768108118
2050-06-03 21:00:00+00:00,0.5439653160157005,0.6780531488455817
2050-06-03 22:00:00+00:00,0.5438435115351462,0.6789721298237216
2050-06-03 23:00:00+00:00,0.5437216662495656,0.679890962486729
2050-06-04 00:00:00+00:00,0.5435999149329227,0.6808095531965832
2050-06-04 01:00:00+00:00,0.5434775681918953,0.6817279426711206
2050-06-04 02:00:00+00:00,0.543355462229691,0.6826461365391956
2050-06-04 03:00:00+00:00,0.543233105893753,0.6835641347995172
2050-06-04 04:00:00+00:00,0.5430989844581172,0.6844817600277877
2050-06-04 05:00:00+00:00,0.4889432821312651,0.6853985566479304
2050-06-04 06:00:00+00:00,0.488822174918787,0.6863141231600478
2050-06-04 07:00:00+00:00,0.5336309946830445,0.6872283432572039
2050-06-04 08:00:00+00:00,0.5875442671018365,0.6881406854342258
2050-06-04 09:00:00+00:00,0.6414575393145691,0.6890515417276366
2050-06-04 10:00:00+00:00,0.6953708262495671,0.6899620475353088
2050-06-04 11:00:00+00:00,0.7492841130930014,0.6908728730263541
2050-06-04 12:00:00+00:00,0.803197400023094,0.6917831557371235
2050-06-04 13:00:00+00:00,0.8571106871345741,0.6926912806158734
2050-06-04 14:00:00+00:00,0.9110239592179962,0.6935970984283192
2050-06-04 15:00:00+00:00,0.9649372319338492,0.6945002567053687
2050-06-04 16:00:00+00:00,0.9999993021149985,0.6954002064679174
2050-06-04 17:00:00+00:00,0.9999332085820019,0.6959157290345965
2050-06-04 18:00:00+00:00,0.9887945736533703,0.6958343651400511
2050-06-04 19:00:00+00:00,0.9171585612835592,0.6957495753225977
2050-06-04 20:00:00+00:00,0.8576524367280745,0.6956619036919356
2050-06-04 21:00:00+00:00,0.852102771302858,0.6955720061633044
2050-06-04 22:00:00+00:00,0.8482224890730913,0.6954804492727871
2050-06-04 23:00:00+00:00,0.8443181364815832,0.695387883974069
2050-06-05 00:00:00+00:00,0.8402887911058518,0.6952946446176099
2050-06-05 01:00:00+00:00,0.8296202677365352,0.6952008657059855
2050-06-05 02:00:00+00:00,0.759250209304072,0.695106597165561
2050-06-05 03:00:00+00:00,0.6876179209953183,0.695011801692908
2050-06-05 04:00:00+00:00,0.6159796560281792,0.6949165415511375
2050-06-05 05:00:00+00:00,0.5443444359116577,0.6948208446184382
2050-06-05 06:00:00+00:00,0.5409809797287656,0.6947247583991103
2050-06-05 07:00:00+00:00,0.5461332718482713,0.6956000944066606
2050-06-05 08:00:00+00:00,0.600046549836097,0.6964749118062165
2050-06-05 09:00:00+00:00,0.6539598303880934,0.6973504878848472
2050-06-05 10:00:00+00:00,0.7078731218878157,0.6982286731991069
2050-06-05 11:00:00+00:00,0.7617864136248292,0.6991097552796742
2050-06-05 12:00:00+00:00,0.8156997050240048,0.6999937139216464
2050-06-05 13:00:00+00:00,0.8696129829587743,0.7008812036402107
2050-06-05 14:00:00+00:00,0.9235262609213761,0.7017734814254785
2050-06-05 15:00:00+00:00,0.9774395391052064,0.7026699767982613
2050-06-05 16:00:00+00:00,0.9774392212863016,0.703567977797358
2050-06-05 17:00:00+00:00,0.9618346927276411,0.7034953039505687
2050-06-05 18:00:00+00:00,0.8901998466933336,0.7034228662904324
2050-06-05 19:00:00+00:00,0.8185636009012836,0.7033507938026811
2050-06-05 20:00:00+00:00,0.7469296115440054,0.7032789238261593
2050-06-05 21:00:00+00:00,0.6876528288921859,0.7032071558349302
2050-06-05 22:00:00+00:00,0.6555273573169761,0.70313526122806
2050-06-05 23:00:00+00:00,0.6361391883228521,0.7030632143253495
2050-06-06 00:00:00+00:00,0.621853409793428,0.7029910309368959
2050-06-06 01:00:00+00:00,0.6081482063977215,0.7029187684225565
2050-06-06 02:00:00+00:00,0.5932927690800283,0.7028464029117366
2050-06-06 03:00:00+00:00,0.5501226637641012,0.7027738933430593
2050-06-06 04:00:00+00:00,0.47849022979505607,0.7027011678731829
2050-06-06 05:00:00+00:00,0.4068558659235419,0.7026282316568416
2050-06-06 06:00:00+00:00,0.397365376136134,0.7025551512693246
2050-06-06 07:00:00+00:00,0.4512786161862497,0.7034537348476236
2050-06-06 08:00:00+00:00,0.505191893834389,0.7043535439449289
2050-06-06 09:00:00+00:00,0.5591051855259854,0.7052562227639292
2050-06-06 10:00:00+00:00,0.6130184767509596,0.7061624363027476
2050-06-06 11:00:00+00:00,0.6669317686314643,0.7070724877250035
2050-06-06 12:00:00+00:00,0.7208450598079523,0.707987897927269
2050-06-06 13:00:00+00:00,0.7747583428329249,0.7089089002800356
2050-06-06 14:00:00+00:00,0.8286716205325878,0.7098362201493827
2050-06-06 15:00:00+00:00,0.8825848986353871,0.710767638286521
2050-06-06 16:00:00+00:00,0.8825845775272997,0.7117014502644946
2050-06-06 17:00:00+00:00,0.8822897410234833,0.7116639607244899
2050-06-06 18:00:00+00:00,0.8106852126714963,0.711625840850804
2050-06-06 19:00:00+00:00,0.7390723601798114,0.711587158564689
2050-06-06 20:00:00+00:00,0.6675601503565519,0.7115465114682178
2050-06-06 21:00:00+00:00,0.6672569277833842,0.7115036076017167
2050-06-06 22:00:00+00:00,0.6669605058893968,0.7114586852449605
2050-06-06 23:00:00+00:00,0.6666637036931519,0.711411724087944
2050-06-07 00:00:00+00:00,0.6663661385287385,0.7113627593213119
2050-06-07 01:00:00+00:00,0.666068994005736,0.7113118033145779
2050-06-07 02:00:00+00:00,0.665771381489945,0.7112588674026669
2050-06-07 03:00:00+00:00,0.665467913303421,0.7112034757791512
2050-06-07 04:00:00+00:00,0.593867822654117,0.7111448673837535
2050-06-07 05:00:00+00:00,0.5222585132056152,0.71108244118395
2050-06-07 06:00:00+00:00,0.5219648768099662,0.7110156775208785
2050-06-07 07:00:00+00:00,0.5686731931595905,0.7119172223176313
2050-06-07 08:00:00+00:00,0.622586469348708,0.7128168833358962
2050-06-07 09:00:00+00:00,0.6764997472396412,0.7137173965698747
2050-06-07 10:00:00+00:00,0.7304130386194315,0.7146198193293303
2050-06-07 11:00:00+00:00,0.7843263291160273,0.7155256074617272
2050-06-07 12:00:00+00:00,0.8382396206245757,0.7164359797387423
2050-06-07 13:00:00+00:00,0.8921528982065114,0.7173522564243929
2050-06-07 14:00:00+00:00,0.9460661743029368,0.7182729836761759
2050-06-07 15:00:00+00:00,0.9999794503113046,0.7191962731206495
2050-06-07 16:00:00+00:00,0.9999788659146386,0.7201211582480089
2050-06-07 17:00:00+00:00,0.9999779169682296,0.7210450820806341
2050-06-07 18:00:00+00:00,0.9999770010230076,0.721966295168014
2050-06-07 19:00:00+00:00,0.9999761231978466,0.7228843415708663
2050-06-07 20:00:00+00:00,0.9999752782017782,0.7237999327147271
2050-06-07 21:00:00+00:00,0.9999744576896424,0.7247129120214401
2050-06-07 22:00:00+00:00,0.9999736666652805,0.7256236745835976
2050-06-07 23:00:00+00:00,0.9999729010181126,0.726532557704671
2050-06-08 00:00:00+00:00,0.9999721580893637,0.7274401483816183
2050-06-08 01:00:00+00:00,0.9999714364935499,0.72834654334161
2050-06-08 02:00:00+00:00,0.9999707349354405,0.7292524362768676
2050-06-08 03:00:00+00:00,0.9999700525445177,0.7301584836029404
2050-06-08 04:00:00+00:00,0.9999693891386593,0.7310656275222751
2050-06-08 05:00:00+00:00,0.9999687443221292,0.7319745246895464
2050-06-08 06:00:00+00:00,0.9999683156667064,0.7328858971913819
2050-06-08 07:00:00+00:00,0.9999680593833378,0.7337992697522336
2050-06-08 08:00:00+00:00,0.9999678074084406,0.7347144228926344
2050-06-08 09:00:00+00:00,0.9999675600699253,0.7356331123103571
2050-06-08 10:00:00+00:00,0.9999673163604151,0.7365555151199302
2050-06-08 11:00:00+00:00,0.9999670673552474,0.7374825471588201
2050-06-08 12:00:00+00:00,0.9999668244993557,0.7384141371474174
2050-06-08 13:00:00+00:00,0.999966590054776,0.7393503580472935
2050-06-08 14:00:00+00:00,0.999966358430415,0.740290327336035
2050-06-08 15:00:00+00:00,0.999966131065866,0.7412329100207096
2050-06-08 16:00:00+00:00,0.9999657734974807,0.7421787725464503
2050-06-08 17:00:00+00:00,0.9999646808438196,0.7431276982125781
2050-06-08 18:00:00+00:00,0.9999636338831568,0.7440803096206382
2050-06-08 19:00:00+00:00,0.9999626152483156,0.7450365776439345
2050-06-08 20:00:00+00:00,0.9999616226024363,0.7459950146355404
2050-06-08 21:00:00+00:00,0.9999606547787103,0.7469563819024245
2050-06-08 22:00:00+00:00,0.999959709916225,0.7479208762937023
2050-06-08 23:00:00+00:00,0.9999587874084854,0.7488882608646851
2050-06-09 00:00:00+00:00,0.9999578859861583,0.7498581327176443
2050-06-09 01:00:00+00:00,0.9999570049708411,0.7508296706439124
2050-06-09 02:00:00+00:00,0.9999561437777623,0.7518026533852874
2050-06-09 03:00:00+00:00,0.9999553019354834,0.7527770095364843
2050-06-09 04:00:00+00:00,0.9999544793910174,0.7537531081514097
2050-06-09 05:00:00+00:00,0.9999536731224139,0.7547311664061555
2050-06-09 06:00:00+00:00,0.9999533855021064,0.7557112404650824
2050-06-09 07:00:00+00:00,0.9999530880581291,0.7566939223316981
2050-06-09 08:00:00+00:00,0.9999527974646534,0.7576803526462559
2050-06-09 09:00:00+00:00,0.9999525114986726,0.7586706817221437
2050-06-09 10:00:00+00:00,0.9999522290511449,0.7596644148802842
2050-06-09 11:00:00+00:00,0.9999519514578713,0.760662863056949
2050-06-09 12:00:00+00:00,0.9999516777768389,0.7616670674130608
2050-06-09 13:00:00+00:00,0.9999514063210422,0.7626782335598441
2050-06-09 14:00:00+00:00,0.9999511359487361,0.7636963910816627
2050-06-09 15:00:00+00:00,0.9999508696789439,0.7647209636095149
2050-06-09 16:00:00+00:00,0.9999501610316204,0.7655431314724067
2050-06-09 17:00:00+00:00,0.9999494830317069,0.7656061246497108
2050-06-09 18:00:00+00:00,0.9586608320041926,0.7656721932913098
2050-06-09 19:00:00+00:00,0.9197136989250999,0.7657414526726065
2050-06-09 20:00:00+00:00,0.8857714623298153,0.765813079030717
2050-06-09 21:00:00+00:00,0.8566758302199989,0.7658863632465709
2050-06-09 22:00:00+00:00,0.8328978111375499,0.765960920040281
2050-06-09 23:00:00+00:00,0.8102534387525587,0.7660365706634972
2050-06-10 00:00:00+00:00,0.7880135776219116,0.7661131390173855
2050-06-10 01:00:00+00:00,0.7660658903214745,0.7661905104126259
2050-06-10 02:00:00+00:00,0.7439820793799682,0.7662685755922647
2050-06-10 03:00:00+00:00,0.7176732040121262,0.7663474466480039
2050-06-10 04:00:00+00:00,0.6459566800347941,0.7664272230037746
2050-06-10 05:00:00+00:00,0.5742203871979823,0.766507913723858
2050-06-10 06:00:00+00:00,0.5540455059038957,0.766589526185785
2050-06-10 07:00:00+00:00,0.5540448009444722,0.7666720168749867
2050-06-10 08:00:00+00:00,0.5540441347125401,0.7667555729464647
2050-06-10 09:00:00+00:00,0.554043503283179,0.7669051574535785
2050-06-10 10:00:00+00:00,0.5540428714373719,0.767053999739295
2050-06-10 11:00:00+00:00,0.5540422410929227,0.7679566600092981
2050-06-10 12:00:00+00:00,0.5540416161773745,0.7690069600258237
2050-06-10 13:00:00+00:00,0.5540409915851863,0.7700552880614641
2050-06-10 14:00:00+00:00,0.5540403657560308,0.7711025895619912
2050-06-10 15:00:00+00:00,0.5540397356294514,0.7720777977526837
2050-06-10 16:00:00+00:00,0.5540391069212771,0.7722065257534378
2050-06-10 17:00:00+00:00,0.549601770830141,0.7722834426682433
2050-06-10 18:00:00+00:00,0.49219500986749193,0.7723608645034999
2050-06-10 19:00:00+00:00,0.4204587610481495,0.7724389473074046
2050-06-10 20:00:00+00:00,0.3487224065313489,0.7725175184750351
2050-06-10 21:00:00+00:00,0.27698712203970843,0.7725965624686143
2050-06-10 22:00:00+00:00,0.23332633176226358,0.7726759806107086
2050-06-10 23:00:00+00:00,0.21116346665852895,0.7727557710042193
2050-06-11 00:00:00+00:00,0.18826466370329686,0.7728359054842571
2050-06-11 01:00:00+00:00,0.16453155150231305,0.7729163814404099
2050-06-11 02:00:00+00:00,0.13718371934262888,0.7729971820517212
2050-06-11 03:00:00+00:00,0.10612161880569797,0.7730782914692752
2050-06-11 04:00:00+00:00,0.05396978214537966,0.7731597220765679
2050-06-11 05:00:00+00:00,3.1643901125716914e-05,0.7732414907692278
2050-06-11 06:00:00+00:00,3.0984105708006943e-05,0.7733239611110428
2050-06-11 07:00:00+00:00,3.0728037081905425e-05,0.7743789471681217
2050-06-11 08:00:00+00:00,3.045841752359741e-05,0.7754355055682394
2050-06-11 09:00:00+00:00,2.9753187402619113e-05,0.7755211507011034
2050-06-11 10:00:00+00:00,2.947637325220707e-05,0.7765779636983557
2050-06-11 11:00:00+00:00,2.9459440609381625e-05,0.7776334256725209
2050-06-11 12:00:00+00:00,2.9281202335566033e-05,0.7786872848950943
2050-06-11 13:00:00+00:00,2.911393253032381e-05,0.7797395641779106
2050-06-11 14:00:00+00:00,2.8808064393224588e-05,0.7807904180057567
2050-06-11 15:00:00+00:00,2.8492111733730403e-05,0.7818393266095252
2050-06-11 16:00:00+00:00,2.8168695776843182e-05,0.7828863548233558
2050-06-11 17:00:00+00:00,2.7208777032685338e-05,0.7829608601023521
2050-06-11 18:00:00+00:00,2.6202915086809497e-05,0.7830349098335965
2050-06-11 19:00:00+00:00,2.5154625224328165e-05,0.7831087986906236
2050-06-11 20:00:00+00:00,2.4055816789489962e-05,0.7831829722636421
2050-06-11 21:00:00+00:00,2.2900568594415035e-05,0.7832574377061209
2050-06-11 22:00:00+00:00,2.1691401287955454e-05,0.783332253155512
2050-06-11 23:00:00+00:00,2.040614884320766e-05,0.7834073503112399
2050-06-12 00:00:00+00:00,1.9017687752875183e-05,0.7834827226454006
2050-06-12 01:00:00+00:00,1.7503637407492668e-05,0.7835583766434522
2050-06-12 02:00:00+00:00,1.5847754054003404e-05,0.7836343063472703
2050-06-12 03:00:00+00:00,1.4017530452443423e-05,0.7837105135218358
2050-06-12 04:00:00+00:00,1.1919386181178687e-05,0.7837869972600925
2050-06-12 05:00:00+00:00,9.339922534207936e-06,0.7838637556477134
2050-06-12 06:00:00+00:00,8.40555873387299e-06,0.7849125048092462
2050-06-12 07:00:00+00:00,8.296972264288735e-06,0.7859618533884407
2050-06-12 08:00:00+00:00,0.053921562060007804,0.7870128034580866
2050-06-12 09:00:00+00:00,0.10783482794396321,0.7880642712397327
2050-06-12 10:00:00+00:00,0.16174809377431013,0.7891142347257946
2050-06-12 11:00:00+00:00,0.21566136919113207,0.7901623329823075
2050-06-12 12:00:00+00:00,0.2695746445806021,0.7912086033008093
2050-06-12 13:00:00+00:00,0.32348791070514854,0.792251577869045
2050-06-12 14:00:00+00:00,0.3774011764667624,0.7932894675989715
2050-06-12 15:00:00+00:00,0.4313144416238566,0.7943231298772191
2050-06-12 16:00:00+00:00,0.4313142932109736,0.7953543921965662
2050-06-12 17:00:00+00:00,0.4313139604668783,0.7963842385123295
2050-06-12 18:00:00+00:00,0.43131363328539346,0.7974134028243682
2050-06-12 19:00:00+00:00,0.43131330553713587,0.7984420351334288
2050-06-12 20:00:00+00:00,0.4313129790693008,0.7994705753714635
2050-06-12 21:00:00+00:00,0.43131264882039677,0.8004991802310425
2050-06-12 22:00:00+00:00,0.43131231835198747,0.8015279600369493
2050-06-12 23:00:00+00:00,0.43131198819694416,0.8025569131126363
2050-06-13 00:00:00+00:00,0.43131165778209873,0.8035860407641596
2050-06-13 01:00:00+00:00,0.4313113269928738,0.8046153430974234
2050-06-13 02:00:00+00:00,0.4313110007427449,0.8056448215856548
2050-06-13 03:00:00+00:00,0.43131067468973205,0.8066744748152557
2050-06-13 04:00:00+00:00,0.43131035024160685,0.8077043042217955
2050-06-13 05:00:00+00:00,0.43131002454461337,0.8087343133056148
2050-06-13 06:00:00+00:00,0.4313096959879783,0.8097645623032993
2050-06-13 07:00:00+00:00,0.431309561655957,0.8107953683408956
2050-06-13 08:00:00+00:00,0.431309428216129,0.8118258798389075
2050-06-13 09:00:00+00:00,0.43130910358957963,0.8128545561964143
2050-06-13 10:00:00+00:00,0.4313089730774376,0.8138805870131397
2050-06-13 11:00:00+00:00,0.431308844962187,0.8149038002591752
2050-06-13 12:00:00+00:00,0.43130871701972545,0.8159233024910061
2050-06-13 13:00:00+00:00,0.43130858802262373,0.8169397076022414
2050-06-13 14:00:00+00:00,0.4313084561364086,0.8179506719375074
2050-06-13 15:00:00+00:00,0.4313083225340708,0.8189582741127865
2050-06-13 16:00:00+00:00,0.43130818521440634,0.8199634467845562
2050-06-13 17:00:00+00:00,0.4313078393855657,0.820968276131239
2050-06-13 18:00:00+00:00,0.4203654127047477,0.8219149350645313
2050-06-13 19:00:00+00:00,0.40733437293385616,0.8228510652709776
2050-06-13 20:00:00+00:00,0.39262939536728,0.8237824904130812
2050-06-13 21:00:00+00:00,0.37784783780520764,0.8247173509543055
2050-06-13 22:00:00+00:00,0.36342938862219276,0.8256571351660377
2050-06-13 23:00:00+00:00,0.3488195110331551,0.826598531547563
2050-06-14 00:00:00+00:00,0.33397275865924075,0.8275410143871049
2050-06-14 01:00:00+00:00,0.31855436744968735,0.8284829297295374
2050-06-14 02:00:00+00:00,0.2643902813719288,0.8289847314998865
2050-06-14 03:00:00+00:00,0.19265390279086275,0.8290365045167785
2050-06-14 04:00:00+00:00,0.1209158508668855,0.8290889738974861
2050-06-14 05:00:00+00:00,0.04917754827944745,0.8291421800831501
2050-06-14 06:00:00+00:00,2.1863750855782263e-06,0.8300337634740974
2050-06-14 07:00:00+00:00,1.7586213170536516e-06,0.8310589160098342
2050-06-14 08:00:00+00:00,0.053914919804441575,0.8320829240969645
2050-06-14 09:00:00+00:00,0.10782808179557127,0.8331038830379687
2050-06-14 10:00:00+00:00,0.16174124410014976,0.8341214951483022
2050-06-14 11:00:00+00:00,0.21565451876699882,0.835135283957776
2050-06-14 12:00:00+00:00,0.2695677926177189,0.8361438703515158
2050-06-14 13:00:00+00:00,0.32348106701407053,0.8371455520168143
2050-06-14 14:00:00+00:00,0.3773942295889933,0.8381408460835404
2050-06-14 15:00:00+00:00,0.43130739150944253,0.8391314916558005
2050-06-14 16:00:00+00:00,0.431307169741824,0.8401198488174608
2050-06-14 17:00:00+00:00,0.4313052307960284,0.841106312764979
2050-06-14 18:00:00+00:00,0.4313032862937606,0.842092499729407
2050-06-14 19:00:00+00:00,0.4313013797304904,0.8430791341532883
2050-06-14 20:00:00+00:00,0.43129944367218215,0.8440660134778094
2050-06-14 21:00:00+00:00,0.43129749670652234,0.8450529675540484
2050-06-14 22:00:00+00:00,0.4312955425772938,0.8460397130886811
2050-06-14 23:00:00+00:00,0.43129359786731103,0.8470264123515183
2050-06-15 00:00:00+00:00,0.4312916506565834,0.8480128988576598
2050-06-15 01:00:00+00:00,0.43128969204703765,0.848999163372152
2050-06-15 02:00:00+00:00,0.4312877306283679,0.8499846653064599
2050-06-15 03:00:00+00:00,0.43128578366088677,0.8509687598979934
2050-06-15 04:00:00+00:00,0.4312838461658032,0.8519505433771968
2050-06-15 05:00:00+00:00,0.4312819034347218,0.8529293687885307
2050-06-15 06:00:00+00:00,0.43128165637081495,0.8539047467966963
2050-06-15 07:00:00+00:00,0.4851949301777863,0.8548770363622067
2050-06-15 08:00:00+00:00,0.5391082198110283,0.8558467584317582
2050-06-15 09:00:00+00:00,0.5930215098674764,0.8568120471478022
2050-06-15 10:00:00+00:00,0.6469348001390953,0.8577721854562483
2050-06-15 11:00:00+00:00,0.700848090303241,0.8587262457753668
2050-06-15 12:00:00+00:00,0.7547613801610492,0.8596741394705504
2050-06-15 13:00:00+00:00,0.8086746699772522,0.8606157649816107
2050-06-15 14:00:00+00:00,0.8625879601387233,0.8615512474691048
2050-06-15 15:00:00+00:00,0.9165012500105655,0.8624818713962303
2050-06-15 16:00:00+00:00,0.9704145380361773,0.863407462144272
2050-06-15 17:00:00+00:00,0.9704156097598708,0.8643287117913828
2050-06-15 18:00:00+00:00,0.9689150014944832,0.8652455288453216
2050-06-15 19:00:00+00:00,0.9673263473959689,0.8661583644799781
2050-06-15 20:00:00+00:00,0.9240935148878058,0.8670686488075224
2050-06-15 21:00:00+00:00,0.8700963881419076,0.8679756447194639
2050-06-15 22:00:00+00:00,0.8411757637940418,0.8688791056366483
2050-06-15 23:00:00+00:00,0.8175370501067213,0.8697793029624503
2050-06-16 00:00:00+00:00,0.8033270995946371,0.8706767514036622
2050-06-16 01:00:00+00:00,0.801626578143435,0.8715722663833382
2050-06-16 02:00:00+00:00,0.729914469231388,0.8724661376300513
2050-06-16 03:00:00+00:00,0.6582016464248114,0.8733584533591624
2050-06-16 04:00:00+00:00,0.5864893009732395,0.874248828225686
2050-06-16 05:00:00+00:00,0.5147793607335658,0.8751369931717146
2050-06-16 06:00:00+00:00,0.5147778587544442,0.8760229041879719
2050-06-16 07:00:00+00:00,0.568691134601575,0.8769058856208304
2050-06-16 08:00:00+00:00,0.6226044249345467,0.877784454788244
2050-06-16 09:00:00+00:00,0.6765177145478011,0.8786578863178948
2050-06-16 10:00:00+00:00,0.7304310039513643,0.8795256732454053
2050-06-16 11:00:00+00:00,0.7843442931950886,0.8803860165721232
2050-06-16 12:00:00+00:00,0.8382575822326307,0.8812376666678229
2050-06-16 13:00:00+00:00,0.8921708719066842,0.8820798231957431
2050-06-16 14:00:00+00:00,0.9460841620444815,0.8829120137084792
2050-06-16 15:00:00+00:00,0.9999974521046857,0.8837353119896352
2050-06-16 16:00:00+00:00,0.9999977192218265,0.8845508685953413
2050-06-16 17:00:00+00:00,0.9996989041732072,0.8843897123250697
2050-06-16 18:00:00+00:00,0.9425839071359617,0.884224744076919
2050-06-16 19:00:00+00:00,0.8872620561107637,0.8840567127046884
2050-06-16 20:00:00+00:00,0.8351968849917432,0.8838862139360075
2050-06-16 21:00:00+00:00,0.799785618559967,0.8837138896472346
2050-06-16 22:00:00+00:00,0.7996328341163047,0.8835402236250768
2050-06-16 23:00:00+00:00,0.7994807220004098,0.8833654073739575
2050-06-17 00:00:00+00:00,0.7993286544210834,0.883189642030918
2050-06-17 01:00:00+00:00,0.7991769032899168,0.8830130767064013
2050-06-17 02:00:00+00:00,0.7990253569728324,0.8828358282246629
2050-06-17 03:00:00+00:00,0.7988739530264767,0.8826578149449327
2050-06-17 04:00:00+00:00,0.7714195426013398,0.8824788598283743
2050-06-17 05:00:00+00:00,0.7385322210153559,0.8822990162763465
2050-06-17 06:00:00+00:00,0.7383838513632003,0.8821183795287729
2050-06-17 07:00:00+00:00,0.7383835044090613,0.8829088293143218
2050-06-17 08:00:00+00:00,0.7383838194493744,0.8836982781718448
2050-06-17 09:00:00+00:00,0.7840017138098151,0.8844862124520796
2050-06-17 10:00:00+00:00,0.8379149890849731,0.8852727345376435
2050-06-17 11:00:00+00:00,0.8918282660838571,0.8860573606425713
2050-06-17 12:00:00+00:00,0.9457415426742126,0.886840204806425
2050-06-17 13:00:00+00:00,0.9996547083143074,0.8876207337674407
2050-06-17 14:00:00+00:00,0.9996550985562169,0.8883995309791236
2050-06-17 15:00:00+00:00,0.9996551037510302,0.8891771891100698
2050-06-17 16:00:00+00:00,0.9996308436645486,0.8895665764690035
2050-06-17 17:00:00+00:00,0.9994331268189784,0.889371218734932
2050-06-17 18:00:00+00:00,0.9992842539143376,0.8891755783343455
2050-06-17 19:00:00+00:00,0.9991594623366334,0.8889797159776883
2050-06-17 20:00:00+00:00,0.9990492575469195,0.8887837801676727
2050-06-17 21:00:00+00:00,0.998949243903602,0.8885878298945401
2050-06-17 22:00:00+00:00,0.9988569805951539,0.8883921336345567
2050-06-17 23:00:00+00:00,0.9987707563432775,0.8881970677861892
2050-06-18 00:00:00+00:00,0.9986894743801521,0.8880033572963745
2050-06-18 01:00:00+00:00,0.9986123174206268,0.8878115303422713
2050-06-18 02:00:00+00:00,0.9985386568587663,0.8876218975511946
2050-06-18 03:00:00+00:00,0.998468072462006,0.8874349978707378
2050-06-18 04:00:00+00:00,0.9983272340371527,0.8872509381298945
2050-06-18 05:00:00+00:00,0.9981959089840994,0.8870703507609714
2050-06-18 06:00:00+00:00,0.9981323097297139,0.886892780999647
2050-06-18 07:00:00+00:00,0.9980704667710468,0.8867162704210663
2050-06-18 08:00:00+00:00,0.9980697640553984,0.8875118459875311
2050-06-18 09:00:00+00:00,0.9980690678265238,0.8883068396711306
2050-06-18 10:00:00+00:00,0.9980683735102761,0.8891015921479433
2050-06-18 11:00:00+00:00,0.9980676804600487,0.8898970825369898
2050-06-18 12:00:00+00:00,0.9980669858545859,0.8906930622015279
2050-06-18 13:00:00+00:00,0.9980662885118056,0.891489899261906
2050-06-18 14:00:00+00:00,0.9980655889125913,0.8922874757492342
2050-06-18 15:00:00+00:00,0.9980648832794193,0.8930858253739433
2050-06-18 16:00:00+00:00,0.9980144924397498,0.8929128228697896
2050-06-18 17:00:00+00:00,0.9272799496140801,0.8927416582231151
2050-06-18 18:00:00+00:00,0.8555193168485952,0.8925742301470425
2050-06-18 19:00:00+00:00,0.7837582827205039,0.8924104709049722
2050-06-18 20:00:00+00:00,0.7119968942808855,0.8922495254271728
2050-06-18 21:00:00+00:00,0.6402353395072312,0.8920908178151797
2050-06-18 22:00:00+00:00,0.5693615571698326,0.8919342887473617
2050-06-18 23:00:00+00:00,0.4986347319993731,0.8917794622221786
2050-06-19 00:00:00+00:00,0.4279109871770349,0.8916266063620872
2050-06-19 01:00:00+00:00,0.3571853021025431,0.8914757457596671
2050-06-19 02:00:00+00:00,0.2864597713705513,0.8913267017361733
2050-06-19 03:00:00+00:00,0.21573437010087512,0.8911785368095776
2050-06-19 04:00:00+00:00,0.14500576209994326,0.8910307502431049
2050-06-19 05:00:00+00:00,0.07427378817129675,0.8908831041268941
2050-06-19 06:00:00+00:00,0.003513231297934347,0.890735650341215
2050-06-19 07:00:00+00:00,0.003463776380393091,0.8905880223632222
2050-06-19 08:00:00+00:00,0.0034630792131252267,0.8914113470555883
2050-06-19 09:00:00+00:00,0.003462381363535067,0.8922329355022759
2050-06-19 10:00:00+00:00,0.0034616852368147943,0.8930524053578501
2050-06-19 11:00:00+00:00,0.003460989272506064,0.8938698660973624
2050-06-19 12:00:00+00:00,0.003460291633109442,0.8946857191164125
2050-06-19 13:00:00+00:00,0.0034595972475155077,0.8955010014088985
2050-06-19 14:00:00+00:00,0.00345890470704176,0.8963161643783734
2050-06-19 15:00:00+00:00,0.0034582042715688988,0.8971324387440863
2050-06-19 16:00:00+00:00,0.0034034011799700145,0.8969778306179381
2050-06-19 17:00:00+00:00,0.0033480277470487574,0.8968250579589404
2050-06-19 18:00:00+00:00,0.003292050161430437,0.8966761504162463
2050-06-19 19:00:00+00:00,0.0032352360824881364,0.8965276719165913
2050-06-19 20:00:00+00:00,0.0031773234304087604,0.8963794264443699
2050-06-19 21:00:00+00:00,0.0031185483525566623,0.8962312767600417
2050-06-19 22:00:00+00:00,0.003058888603833322,0.8960837921738403
2050-06-19 23:00:00+00:00,0.002998449616794042,0.8959376805128458
2050-06-20 00:00:00+00:00,0.002937016477955526,0.895792206616169
2050-06-20 01:00:00+00:00,0.0028745066052408524,0.8956475248451721
2050-06-20 02:00:00+00:00,0.00281090928781421,0.8955042845727563
2050-06-20 03:00:00+00:00,0.002746187474298717,0.8953628613704472
2050-06-20 04:00:00+00:00,0.002679473728542783,0.8952230416245184
2050-06-20 05:00:00+00:00,0.0025398418702897697,0.8950841854415987
2050-06-20 06:00:00+00:00,0.002471018786132913,0.8949464223409729
2050-06-20 07:00:00+00:00,0.0024001534016069585,0.8948090094714939
2050-06-20 08:00:00+00:00,0.002399464073177662,0.8956433657400321
2050-06-20 09:00:00+00:00,0.0023987702900864845,0.8964778768283227
2050-06-20 10:00:00+00:00,0.002398080826048134,0.8973145294614505
2050-06-20 11:00:00+00:00,0.0023974339568353332,0.8981543423969631
2050-06-20 12:00:00+00:00,0.0023967449184304364,0.8989968665774223
2050-06-20 13:00:00+00:00,0.0023960574586388665,0.8998410013207099
2050-06-20 14:00:00+00:00,0.0023953682635461664,0.9006896776609312
2050-06-20 15:00:00+00:00,0.002394672987039114,0.901540950958013
2050-06-20 16:00:00+00:00,0.002374633765884268,0.9019788545042156
2050-06-20 17:00:00+00:00,0.0022810130263522283,0.901864202753775
2050-06-20 18:00:00+00:00,0.002184038089963339,0.9017499717329468
2050-06-20 19:00:00+00:00,0.002083191438175909,0.9016346637290166
2050-06-20 20:00:00+00:00,0.0019778384997595636,0.9015167309596254
2050-06-20 21:00:00+00:00,0.0018674749853309657,0.9013957046719535
2050-06-20 22:00:00+00:00,0.001751734282695455,0.9012720714396455
2050-06-20 23:00:00+00:00,0.0016288718475405113,0.9011466237657192
2050-06-21 00:00:00+00:00,0.0014974424113334175,0.9010197893177723
2050-06-21 01:00:00+00:00,0.0013553250419760573,0.9008919087091366
2050-06-21 02:00:00+00:00,0.0011994430394622034,0.9007630072368457
2050-06-21 03:00:00+00:00,0.001023842129033335,0.9006330942271265
2050-06-21 04:00:00+00:00,0.0008169010547832619,0.9005022219031763
2050-06-21 05:00:00+00:00,0.000548042388249942,0.9003703977493753
2050-06-21 06:00:00+00:00,4.816444064268771e-05,0.9002375906693161
2050-06-21 07:00:00+00:00,4.7494570293199434e-05,0.9010761067940525
2050-06-21 08:00:00+00:00,4.709681335889441e-05,0.9019137264989538
2050-06-21 09:00:00+00:00,4.6701414606480155e-05,0.9027501477235185
2050-06-21 10:00:00+00:00,4.6300417179900204e-05,0.9035849922255157
2050-06-21 11:00:00+00:00,4.58949349548543e-05,0.9044177988987323
2050-06-21 12:00:00+00:00,4.548268919120037e-05,0.9052493566242639
2050-06-21 13:00:00+00:00,4.506408135187711e-05,0.906079512063966
2050-06-21 14:00:00+00:00,4.463933971104321e-05,0.9069079996146279
2050-06-21 15:00:00+00:00,4.42042621825161e-05,0.907735519524664
2050-06-21 16:00:00+00:00,4.342169584784928e-05,0.9085602397061119
2050-06-21 17:00:00+00:00,4.166374017595082e-05,0.9093839858614452
2050-06-21 18:00:00+00:00,3.981233405411703e-05,0.9102074063260058
2050-06-21 19:00:00+00:00,3.7887636452831936e-05,0.9110299798404611
2050-06-21 20:00:00+00:00,3.5860925804393935e-05,0.9118519291161707
2050-06-21 21:00:00+00:00,3.370940719581504e-05,0.9126731933959829
2050-06-21 22:00:00+00:00,3.14420117791664e-05,0.9134939524084272
2050-06-21 23:00:00+00:00,2.9011906266359413e-05,0.9143142707397993
2050-06-22 00:00:00+00:00,2.6370636923984826e-05,0.9151341390966026
2050-06-22 01:00:00+00:00,2.3451592804825992e-05,0.9159536219088575
2050-06-22 02:00:00+00:00,2.014031558888482e-05,0.9167726665476524
2050-06-22 03:00:00+00:00,1.621921935462311e-05,0.9175912622101111
2050-06-22 04:00:00+00:00,1.1059139091882423e-05,0.9184094608291485
2050-06-22 05:00:00+00:00,7.872794322284703e-08,0.9192271587089913
2050-06-22 06:00:00+00:00,6.27331376202776e-07,0.9200442035932562
2050-06-22 07:00:00+00:00,0.05391330693466433,0.9208603447414322
2050-06-22 08:00:00+00:00,0.10782598858261903,0.9216753757875051
2050-06-22 09:00:00+00:00,0.16173867461909766,0.9224892324935673
2050-06-22 10:00:00+00:00,0.21565135849569206,0.9233017567704607
2050-06-22 11:00:00+00:00,0.26956404207477164,0.9241127709724538
2050-06-22 12:00:00+00:00,0.3234767213909307,0.9249219708158668
2050-06-22 13:00:00+00:00,0.3773894030044925,0.9257294989708049
2050-06-22 14:00:00+00:00,0.43130208040582196,0.9265354904502989
2050-06-22 15:00:00+00:00,0.48521475708523976,0.9273402536685507
2050-06-22 16:00:00+00:00,0.5391274269389298,0.9281437617761071
2050-06-22 17:00:00+00:00,0.5391269787054754,0.9289461380854478
2050-06-22 18:00:00+00:00,0.5384291128783574,0.9297477160014026
2050-06-22 19:00:00+00:00,0.5131547743076788,0.930548661540566
2050-06-22 20:00:00+00:00,0.485155897127318,0.9313490576462843
2050-06-22 21:00:00+00:00,0.45746536316873276,0.9321489264906088
2050-06-22 22:00:00+00:00,0.4324195290434918,0.93294826970283
2050-06-22 23:00:00+00:00,0.4131002980989139,0.9337470887699055
2050-06-23 00:00:00+00:00,0.40767120504886717,0.934545396783577
2050-06-23 01:00:00+00:00,0.40752672768206605,0.9353432053962514
2050-06-23 02:00:00+00:00,0.40738285464010165,0.936140526171785
2050-06-23 03:00:00+00:00,0.4072396455101601,0.9369373590614994
2050-06-23 04:00:00+00:00,0.40709654505136894,0.9377336976984397
2050-06-23 05:00:00+00:00,0.4069551657354572,0.93852954990843
2050-06-23 06:00:00+00:00,0.40695580873714043,0.9393249310597843
2050-06-23 07:00:00+00:00,0.4608689415439499,0.9401196994354635
2050-06-23 08:00:00+00:00,0.5147820707414805,0.94091364383733
2050-06-23 09:00:00+00:00,0.5686952006989413,0.9417065614959526
2050-06-23 10:00:00+00:00,0.6226083313911228,0.9424983064476321
2050-06-23 11:00:00+00:00,0.6765214618898487,0.9432886749638629
2050-06-23 12:00:00+00:00,0.7304345890469008,0.9440775240120871
2050-06-23 13:00:00+00:00,0.7843477165298898,0.9448648638159713
2050-06-23 14:00:00+00:00,0.8382608421217217,0.9456509111830963
2050-06-23 15:00:00+00:00,0.8921739709567253,0.946435843663786
2050-06-23 16:00:00+00:00,0.9460870988797982,0.9472197876123098
2050-06-23 17:00:00+00:00,0.9999997489558565,0.9480029451255308
2050-06-23 18:00:00+00:00,0.9999999227158766,0.9487856147655422
2050-06-23 19:00:00+00:00,0.9999982598398081,0.9495677847841094
2050-06-23 20:00:00+00:00,0.9999932695160751,0.9503497045669014
2050-06-23 21:00:00+00:00,0.9999905993593796,0.9511314597880215
2050-06-23 22:00:00+00:00,0.9999874713317617,0.9519129723543526
2050-06-23 23:00:00+00:00,0.9999849614763956,0.952694195974685
2050-06-24 00:00:00+00:00,0.9999828046721414,0.9534751906673586
2050-06-24 01:00:00+00:00,0.9999809103898603,0.9542559549798748
2050-06-24 02:00:00+00:00,0.99997918857093,0.95503646074169
2050-06-24 03:00:00+00:00,0.9999775989298932,0.9558167578980262
2050-06-24 04:00:00+00:00,0.9999760962276212,0.9565970154437615
2050-06-24 05:00:00+00:00,0.9999746744629124,0.9573773602005107
2050-06-24 06:00:00+00:00,0.9999733467422313,0.9581578698658313
2050-06-24 07:00:00+00:00,0.9999729596239271,0.9589383749602342
2050-06-24 08:00:00+00:00,0.9999725858385848,0.9597188951906213
2050-06-24 09:00:00+00:00,0.9999714498523504,0.9604992227982836
2050-06-24 10:00:00+00:00,0.9999710928678587,0.9612789524403066
2050-06-24 11:00:00+00:00,0.9999707441109237,0.9620576836269183
2050-06-24 12:00:00+00:00,0.999970407116109,0.9628352160037534
2050-06-24 13:00:00+00:00,0.9999700734726761,0.9636110644090325
2050-06-24 14:00:00+00:00,0.9999697458415772,0.9643845335123127
2050-06-24 15:00:00+00:00,0.999969421610335,0.965154970688779
2050-06-24 16:00:00+00:00,0.9999687762335839,0.9659229273908867
2050-06-24 17:00:00+00:00,0.982666188610732,0.9657163368068397
2050-06-24 18:00:00+00:00,0.955248274213899,0.9655080463503868
2050-06-24 19:00:00+00:00,0.9287330762481483,0.9652987851171532
2050-06-24 20:00:00+00:00,0.8916488906245681,0.9650885950401399
2050-06-24 21:00:00+00:00,0.8628776713262121,0.964877418249619
2050-06-24 22:00:00+00:00,0.8430975047272163,0.9646650811559982
2050-06-24 23:00:00+00:00,0.8260514782012979,0.9644512038345884
2050-06-25 00:00:00+00:00,0.81080239971927,0.964235079587829
2050-06-25 01:00:00+00:00,0.7964101833923068,0.9640161683065827
2050-06-25 02:00:00+00:00,0.7820245476112839,0.9637941702764781
2050-06-25 03:00:00+00:00,0.7497362761662,0.963568543501512
2050-06-25 04:00:00+00:00,0.6779993511987416,0.9633391249388427
2050-06-25 05:00:00+00:00,0.6062623981020517,0.9631053272134973
2050-06-25 06:00:00+00:00,0.5922427478958179,0.9628675690595863
2050-06-25 07:00:00+00:00,0.5922421173701189,0.9635992461396464
2050-06-25 08:00:00+00:00,0.5922417673404159,0.9643283693018113
2050-06-25 09:00:00+00:00,0.5922414127085124,0.9650549351776464
2050-06-25 10:00:00+00:00,0.5922410612191316,0.9657782069625263
2050-06-25 11:00:00+00:00,0.592240705802973,0.9664970754546888
2050-06-25 12:00:00+00:00,0.5922403465492484,0.9672117808573757
2050-06-25 13:00:00+00:00,0.592239998588862,0.9679217768411376
2050-06-25 14:00:00+00:00,0.5922396509792764,0.9686274562961065
2050-06-25 15:00:00+00:00,0.5922393008416329,0.9693291802685386
2050-06-25 16:00:00+00:00,0.5922386715471952,0.9700276659378734
2050-06-25 17:00:00+00:00,0.5847607740085355,0.9697502747551332
2050-06-25 18:00:00+00:00,0.5756416036523173,0.969467424690646
2050-06-25 19:00:00+00:00,0.5039179363351036,0.9691798660507552
2050-06-25 20:00:00+00:00,0.43219404898133146,0.9688885933506097
2050-06-25 21:00:00+00:00,0.36314514214058485,0.9685942195741813
2050-06-25 22:00:00+00:00,0.35360094748797044,0.9682967839559468
2050-06-25 23:00:00+00:00,0.3445053276483479,0.9679967450327362
2050-06-26 00:00:00+00:00,0.3354709133564983,0.9676938331031515
2050-06-26 01:00:00+00:00,0.3263374522500517,0.9673880174083201
2050-06-26 02:00:00+00:00,0.3169181360065299,0.9670794725964745
2050-06-26 03:00:00+00:00,0.30587060996531984,0.9667691337638449
2050-06-26 04:00:00+00:00,0.23415240092061915,0.9664574670480963
2050-06-26 05:00:00+00:00,0.16242756981575193,0.966144738506407
2050-06-26 06:00:00+00:00,0.1535653922875208,0.9658309337049363
2050-06-26 07:00:00+00:00,0.15356505836633652,0.9664879457596777
2050-06-26 08:00:00+00:00,0.20747832319908066,0.9671435561885825
2050-06-26 09:00:00+00:00,0.26139158820734376,0.9677980107198658
2050-06-26 10:00:00+00:00,0.3153048642367326,0.9684512622466891
2050-06-26 11:00:00+00:00,0.36921815549702536,0.9691029446697754
2050-06-26 12:00:00+00:00,0.423131431533832,0.9697524402537578
2050-06-26 13:00:00+00:00,0.4770447066688293,0.9703992157741754
2050-06-26 14:00:00+00:00,0.5309579717128604,0.9710430483814224
2050-06-26 15:00:00+00:00,0.5848712360029897,0.9716828522957218
2050-06-26 16:00:00+00:00,0.5848709048636896,0.9723194236168646
2050-06-26 17:00:00+00:00,0.5780975715000362,0.9719801800799549
2050-06-26 18:00:00+00:00,0.5673271324892749,0.9716354435733757
2050-06-26 19:00:00+00:00,0.5526861728053003,0.971289228201954
2050-06-26 20:00:00+00:00,0.5392453384680991,0.9709418197979031
2050-06-26 21:00:00+00:00,0.5276041048673501,0.9705933574147303
2050-06-26 22:00:00+00:00,0.5167590028407695,0.970243277208055
2050-06-26 23:00:00+00:00,0.5061210640133671,0.9698908714130072
2050-06-27 00:00:00+00:00,0.4955274127931383,0.9695368757695053
2050-06-27 01:00:00+00:00,0.48486798739240006,0.9691811366559409
2050-06-27 02:00:00+00:00,0.4740692998832298,0.9688230060276892
2050-06-27 03:00:00+00:00,0.4630099848354054,0.9684621079114669
2050-06-27 04:00:00+00:00,0.45043203020575473,0.9680986528473475
2050-06-27 05:00:00+00:00,0.4343189036876296,0.9677332490855491
2050-06-27 06:00:00+00:00,0.4245339497309134,0.9673657875258727
2050-06-27 07:00:00+00:00,0.4245333519882791,0.9679682546091771
2050-06-27 08:00:00+00:00,0.42461546578993853,0.9685686446671677
2050-06-27 09:00:00+00:00,0.4266314636011789,0.9691662873835378
2050-06-27 10:00:00+00:00,0.42866279024642284,0.9697589103839077
2050-06-27 11:00:00+00:00,0.48257526105814247,0.9703450838291183
2050-06-27 12:00:00+00:00,0.536488530091723,0.9709244445151455
2050-06-27 13:00:00+00:00,0.5904011863341023,0.9714974241794047
2050-06-27 14:00:00+00:00,0.5924122849613597,0.972062334596986
2050-06-27 15:00:00+00:00,0.5943096189342384,0.9726208011882479
2050-06-27 16:00:00+00:00,0.5943092632995862,0.9731723862956188
2050-06-27 17:00:00+00:00,0.5885207992045817,0.9727459667016589
2050-06-27 18:00:00+00:00,0.5779312899769324,0.9723153360174472
2050-06-27 19:00:00+00:00,0.5658381119265341,0.97188139600007
2050-06-27 20:00:00+00:00,0.5533557837343609,0.9714457938783893
2050-06-27 21:00:00+00:00,0.5406371110200024,0.9710092491835054
2050-06-27 22:00:00+00:00,0.5280626798214106,0.9705719605894242
2050-06-27 23:00:00+00:00,0.515487694064573,0.9701339901387166
2050-06-28 00:00:00+00:00,0.5037451148651106,0.969695417975191
2050-06-28 01:00:00+00:00,0.4924593425681922,0.9692562303075213
2050-06-28 02:00:00+00:00,0.4812740745084166,0.9688164418734057
2050-06-28 03:00:00+00:00,0.46979352225368115,0.968376077136612
2050-06-28 04:00:00+00:00,0.4567645437460587,0.9679351417632137
2050-06-28 05:00:00+00:00,0.44305377242309013,0.9674936231772353
2050-06-28 06:00:00+00:00,0.43230635098120535,0.9670514670027202
2050-06-28 07:00:00+00:00,0.42686203245604654,0.9666082322741804
2050-06-28 08:00:00+00:00,0.42686138647287003,0.9671357485719237
2050-06-28 09:00:00+00:00,0.42686073817431697,0.9676621828354509
2050-06-28 10:00:00+00:00,0.4268600917550569,0.9681875458898196
2050-06-28 11:00:00+00:00,0.4268594464100784,0.9687115791239481
2050-06-28 12:00:00+00:00,0.426858802272564,0.969233704142493
2050-06-28 13:00:00+00:00,0.4268581546699949,0.9697537329791567
2050-06-28 14:00:00+00:00,0.4268575065375383,0.970272688101541
2050-06-28 15:00:00+00:00,0.426856855978607,0.9707895775871522
2050-06-28 16:00:00+00:00,0.4268556687334999,0.9713046348980664
2050-06-28 17:00:00+00:00,0.4268301277045074,0.9712315934010082
2050-06-28 18:00:00+00:00,0.42680487492898583,0.9710562323049007
2050-06-28 19:00:00+00:00,0.42677959450081443,0.9708114758939762
2050-06-28 20:00:00+00:00,0.42675431015713344,0.9706255701526563
2050-06-28 21:00:00+00:00,0.42672902038836796,0.9705014035539977
2050-06-28 22:00:00+00:00,0.42670456601707235,0.9705179267456888
2050-06-28 23:00:00+00:00,0.4266793777786318,0.9707828905258259
2050-06-29 00:00:00+00:00,0.426677645248762,0.9712899967379527
2050-06-29 01:00:00+00:00,0.42667643642481257,0.9717964446762474
2050-06-29 02:00:00+00:00,0.42665078861893424,0.9719989525322758
2050-06-29 03:00:00+00:00,0.42662522023279814,0.972121777574438
2050-06-29 04:00:00+00:00,0.4265998982223805,0.9722712928665691
2050-06-29 05:00:00+00:00,0.4265746062060832,0.9724932301038646
2050-06-29 06:00:00+00:00,0.42654896900515726,0.9729460739629175
2050-06-29 07:00:00+00:00,0.4265483389955804,0.973450493991031
2050-06-29 08:00:00+00:00,0.42654771159099364,0.9739552333484955
2050-06-29 09:00:00+00:00,0.4265470882704512,0.974460321131942
2050-06-29 10:00:00+00:00,0.4265464734630117,0.9749661462052552
2050-06-29 11:00:00+00:00,0.42654585967450376,0.9754730421262531
2050-06-29 12:00:00+00:00,0.42654524515819936,0.9759811886452322
2050-06-29 13:00:00+00:00,0.42654463021204336,0.9764904904761044
2050-06-29 14:00:00+00:00,0.42654401351742016,0.9770004701881888
2050-06-29 15:00:00+00:00,0.4265433931580148,0.9775101788608739
2050-06-29 16:00:00+00:00,0.42654276423300413,0.9780194238787225
2050-06-29 17:00:00+00:00,0.4265160946975856,0.9779082755471203
2050-06-29 18:00:00+00:00,0.4263657795361369,0.9774452347949395
2050-06-29 19:00:00+00:00,0.41076915362400496,0.9769821665044215
2050-06-29 20:00:00+00:00,0.3942197836162861,0.9765190234200608
2050-06-29 21:00:00+00:00,0.3772794142368119,0.9760557372597393
2050-06-29 22:00:00+00:00,0.35989084548272593,0.9755922091702369
2050-06-29 23:00:00+00:00,0.3424856618788713,0.9751282917545802
2050-06-30 00:00:00+00:00,0.32520538437057755,0.9746639273555167
2050-06-30 01:00:00+00:00,0.307981215823694,0.974199064492954
2050-06-30 02:00:00+00:00,0.2901991533168977,0.9737337337955272
2050-06-30 03:00:00+00:00,0.27165138387331866,0.9732678700311165
2050-06-30 04:00:00+00:00,0.2519614732228497,0.9728014720816934
2050-06-30 05:00:00+00:00,0.2323537614097281,0.9723345000039917
2050-06-30 06:00:00+00:00,0.23220276628120462,0.971866958997298
2050-06-30 07:00:00+00:00,0.23220286639466034,0.9723704534447745
2050-06-30 08:00:00+00:00,0.28611614127627627,0.9728730863609836
2050-06-30 09:00:00+00:00,0.34002941674073905,0.9733748790019537
2050-06-30 10:00:00+00:00,0.3939426927617533,0.9738758334339926
2050-06-30 11:00:00+00:00,0.44785598537981514,0.9743760160339435
2050-06-30 12:00:00+00:00,0.5017692775280189,0.9748754527940988
2050-06-30 13:00:00+00:00,0.5556825698265948,0.9753741343908015
2050-06-30 14:00:00+00:00,0.6095958619106958,0.9758719862927412
2050-06-30 15:00:00+00:00,0.6635091376221468,0.9763688829327682
2050-06-30 16:00:00+00:00,0.7174224013754944,0.9768648111433119
2050-06-30 17:00:00+00:00,0.7174211711869862,0.9773598654516502
2050-06-30 18:00:00+00:00,0.7172716424958703,0.9768822801044531
2050-06-30 19:00:00+00:00,0.7056967921821763,0.9764038075760108
2050-06-30 20:00:00+00:00,0.6986527724564888,0.9759244528726724
2050-06-30 21:00:00+00:00,0.698500937914436,0.9754441659737793
2050-06-30 22:00:00+00:00,0.6983499937528751,0.9749629657263638
2050-06-30 23:00:00+00:00,0.6981992981264036,0.974480875913471
2050-07-01 00:00:00+00:00,0.6980488998914597,0.9739978827859017
2050-07-01 01:00:00+00:00,0.6978974484844269,0.9735139850920093
2050-07-01 02:00:00+00:00,0.6775758927297192,0.9730291615634296
2050-07-01 03:00:00+00:00,0.6556140889667518,0.9725433902014082
2050-07-01 04:00:00+00:00,0.62731072689911,0.9720565097550291
2050-07-01 05:00:00+00:00,0.5879153467223793,0.971568393764899
2050-07-01 06:00:00+00:00,0.5686889938623956,0.9710788852426463
2050-07-01 07:00:00+00:00,0.5686883828440258,0.9715596276235992
2050-07-01 08:00:00+00:00,0.6226015482851636,0.9720386152156436
2050-07-01 09:00:00+00:00,0.6765147165732537,0.9725158451400738
2050-07-01 10:00:00+00:00,0.7304279911482606,0.9729915416268899
2050-07-01 11:00:00+00:00,0.784341267061867,0.973466218127266
2050-07-01 12:00:00+00:00,0.8382545595246921,0.9739402903783713
2050-07-01 13:00:00+00:00,0.8921678343548339,0.9744150860608063
2050-07-01 14:00:00+00:00,0.9460810026810736,0.9748908532230187
2050-07-01 15:00:00+00:00,0.9999941689438273,0.975367087340403
2050-07-01 16:00:00+00:00,0.9999937000280856,0.9758436465477396
2050-07-01 17:00:00+00:00,0.9999907135942693,0.9753489024455069
2050-07-01 18:00:00+00:00,0.9281075561748178,0.9748542446691357
2050-07-01 19:00:00+00:00,0.8562243765683524,0.9743591130640371
2050-07-01 20:00:00+00:00,0.7843411856303166,0.9738634258128818
2050-07-01 21:00:00+00:00,0.7124579860008465,0.9733672318527556
2050-07-01 22:00:00+00:00,0.6405747889319866,0.9728704817148552
2050-07-01 23:00:00+00:00,0.568691587537118,0.972373174556003
2050-07-02 00:00:00+00:00,0.4968083844482424,0.971875321329932
2050-07-02 01:00:00+00:00,0.424925180623948,0.9713769277349124
2050-07-02 02:00:00+00:00,0.353041978478905,0.9708779992655651
2050-07-02 03:00:00+00:00,0.2811587747739859,0.9703785397087427
2050-07-02 04:00:00+00:00,0.20927557185273057,0.9698785481485297
2050-07-02 05:00:00+00:00,0.13739238018735916,0.9693780234168328
2050-07-02 06:00:00+00:00,0.0655090748625836,0.9688769533521796
2050-07-02 07:00:00+00:00,0.06550704704304423,0.9693234523810829
2050-07-02 08:00:00+00:00,0.0655069629933446,0.9697932658614724
2050-07-02 09:00:00+00:00,0.06550685037958734,0.9702624847326738
2050-07-02 10:00:00+00:00,0.11941970277278043,0.970731122259482
2050-07-02 11:00:00+00:00,0.17333292673108128,0.9711991979504782
2050-07-02 12:00:00+00:00,0.22724617470692948,0.9716668018291356
2050-07-02 13:00:00+00:00,0.22724627502726222,0.972134142737687
2050-07-02 14:00:00+00:00,0.22724618933158675,0.972602836793353
2050-07-02 15:00:00+00:00,0.22724610691722422,0.9730719787938873
2050-07-02 16:00:00+00:00,0.2272453635075588,0.9735413503224672
2050-07-02 17:00:00+00:00,0.22724310423276392,0.9730386221680243
2050-07-02 18:00:00+00:00,0.2272408549131822,0.972535689550829
2050-07-02 19:00:00+00:00,0.2272386098816212,0.9720323508485293
2050-07-02 20:00:00+00:00,0.2272363663679847,0.9715286394259811
2050-07-02 21:00:00+00:00,0.22723413147303925,0.9710246418617717
2050-07-02 22:00:00+00:00,0.22723188153055512,0.9705203785335306
2050-07-02 23:00:00+00:00,0.2272296408288972,0.9700158805257209
2050-07-03 00:00:00+00:00,0.22722740378132372,0.9695115155387661
2050-07-03 01:00:00+00:00,0.22722516695733241,0.969007537290235
2050-07-03 02:00:00+00:00,0.22722293484864758,0.9685041644830285
2050-07-03 03:00:00+00:00,0.22722071473848354,0.9680016123167872
2050-07-03 04:00:00+00:00,0.22721850614416914,0.9674996443667733
2050-07-03 05:00:00+00:00,0.2272163008892054,0.9669982373296482
2050-07-03 06:00:00+00:00,0.22721409569537654,0.9664974590531288
2050-07-03 07:00:00+00:00,0.22721248857487103,0.9669697767033717
2050-07-03 08:00:00+00:00,0.22721201418906126,0.9674426736155075
2050-07-03 09:00:00+00:00,0.2272115416599313,0.967915635832763
2050-07-03 10:00:00+00:00,0.22721106960238432,0.9683883941177208
2050-07-03 11:00:00+00:00,0.2272105977018226,0.9688609503629063
2050-07-03 12:00:00+00:00,0.22721012851889552,0.9693334059549505
2050-07-03 13:00:00+00:00,0.2272096580939222,0.9698057236600962
2050-07-03 14:00:00+00:00,0.2272091876271285,0.9702782534070453
2050-07-03 15:00:00+00:00,0.22720871360613884,0.9707525288271781
2050-07-03 16:00:00+00:00,0.22720668881979167,0.9707516757659759
2050-07-03 17:00:00+00:00,0.22720451572223213,0.9702567316480918
2050-07-03 18:00:00+00:00,0.2272023288111741,0.9697626262085082
2050-07-03 19:00:00+00:00,0.22720013770778516,0.9692689897579079
2050-07-03 20:00:00+00:00,0.22719794242071786,0.9687755409487904
2050-07-03 21:00:00+00:00,0.22719574504340492,0.9682821261687077
2050-07-03 22:00:00+00:00,0.22719354620933047,0.967788747660004
2050-07-03 23:00:00+00:00,0.22719135499944587,0.9672952211171781
2050-07-04 00:00:00+00:00,0.22718916255482274,0.9668014698342797
2050-07-04 01:00:00+00:00,0.22718697178596253,0.9663074970264216
2050-07-04 02:00:00+00:00,0.22718478194442238,0.9658133274859126
2050-07-04 03:00:00+00:00,0.22718260075646274,0.9653189901595816
2050-07-04 04:00:00+00:00,0.22718039321917977,0.9648244876752643
2050-07-04 05:00:00+00:00,0.22717818508211274,0.9643297598605198
2050-07-04 06:00:00+00:00,0.22717601249183178,0.9638347527992729
2050-07-04 07:00:00+00:00,0.22717527551408118,0.9643112686329037
2050-07-04 08:00:00+00:00,0.2271749951972148,0.9647873912631061
2050-07-04 09:00:00+00:00,0.22717471491983368,0.9652630521771364
2050-07-04 10:00:00+00:00,0.2271744367662311,0.9657382277990522
2050-07-04 11:00:00+00:00,0.2810874814587763,0.9662128504354387
2050-07-04 12:00:00+00:00,0.33500074422661447,0.9666867094064846
2050-07-04 13:00:00+00:00,0.3889139749285542,0.9671597043699729
2050-07-04 14:00:00+00:00,0.3889147420947993,0.9676316407184309
2050-07-04 15:00:00+00:00,0.3889144632632615,0.9681024925715681
2050-07-04 16:00:00+00:00,0.38891420349443545,0.9685725425657828
2050-07-04 17:00:00+00:00,0.38891201188505414,0.9680697861591673
2050-07-04 18:00:00+00:00,0.3853747021496786,0.967566072561626
2050-07-04 19:00:00+00:00,0.33832662794635837,0.967061803674764
2050-07-04 20:00:00+00:00,0.29190883066341206,0.9665569476313828
2050-07-04 21:00:00+00:00,0.28473980010450617,0.9660515279436998
2050-07-04 22:00:00+00:00,0.2786710125973753,0.9655456131536907
2050-07-04 23:00:00+00:00,0.27433137042452566,0.9650392225649637
2050-07-05 00:00:00+00:00,0.2701423811928457,0.9645323580695706
2050-07-05 01:00:00+00:00,0.26594619424893806,0.9640250279048926
2050-07-05 02:00:00+00:00,0.26133609997417895,0.9635172330689903
2050-07-05 03:00:00+00:00,0.23490107391592624,0.9630089624732852
2050-07-05 04:00:00+00:00,0.16319219791785428,0.9625002050085056
2050-07-05 05:00:00+00:00,0.09148027461901467,0.9619909408625934
2050-07-05 06:00:00+00:00,0.08727958043924096,0.9614811778346708
2050-07-05 07:00:00+00:00,0.0860440563038444,0.9609708754348599
2050-07-05 08:00:00+00:00,0.08604368926930603,0.9614320787975507
2050-07-05 09:00:00+00:00,0.08604330952402647,0.9618927395095856
2050-07-05 10:00:00+00:00,0.08604291734505581,0.962352823378206
2050-07-05 11:00:00+00:00,0.1399561910387891,0.9628123296273078
2050-07-05 12:00:00+00:00,0.1938694656479281,0.963271154878184
2050-07-05 13:00:00+00:00,0.24778273984714438,0.9637291935391502
2050-07-05 14:00:00+00:00,0.24778235374038013,0.9641860057451724
2050-07-05 15:00:00+00:00,0.24778198353689213,0.9646417841153713
2050-07-05 16:00:00+00:00,0.24778164966939137,0.9650968313553826
2050-07-05 17:00:00+00:00,0.24268418408906803,0.9645790319495137
2050-07-05 18:00:00+00:00,0.23605455859563512,0.9640605619697316
2050-07-05 19:00:00+00:00,0.16433624452280896,0.9635415398014046
2050-07-05 20:00:00+00:00,0.11454081336745557,0.9630219912485429
2050-07-05 21:00:00+00:00,0.10679775630846053,0.9625019144297042
2050-07-05 22:00:00+00:00,0.09958559633136416,0.9619813119465782
2050-07-05 23:00:00+00:00,0.0921055826646985,0.9614601789979976
2050-07-06 00:00:00+00:00,0.08424117318339185,0.9609385219261162
2050-07-06 01:00:00+00:00,0.07581488627555881,0.9604163211898171
2050-07-06 02:00:00+00:00,0.06654046959807561,0.959893543970144
2050-07-06 03:00:00+00:00,0.055958089525908944,0.9593701713073932
2050-07-06 04:00:00+00:00,0.04294162327889746,0.9588461666384311
2050-07-06 05:00:00+00:00,0.022147053187230373,0.9583212503197658
2050-07-06 06:00:00+00:00,3.3817138831701874e-06,0.9577952923112388
2050-07-06 07:00:00+00:00,0.027885641268211556,0.9582402990770755
2050-07-06 08:00:00+00:00,0.08179891663661991,0.9586838486079856
2050-07-06 09:00:00+00:00,0.13571219143825017,0.9591258111520441
2050-07-06 10:00:00+00:00,0.18962548310474048,0.9595658235930821
2050-07-06 11:00:00+00:00,0.24353877440219796,0.9600035916193604
2050-07-06 12:00:00+00:00,0.2974520658450271,0.9604391387815338
2050-07-06 13:00:00+00:00,0.3513653577202373,0.9608727325006985
2050-07-06 14:00:00+00:00,0.4052786330387019,0.9613051853468688
2050-07-06 15:00:00+00:00,0.4591919083776123,0.961736705915472
2050-07-06 16:00:00+00:00,0.5131050980963804,0.9621675048154007
2050-07-06 17:00:00+00:00,0.5131012606354212,0.9623401572691972
2050-07-06 18:00:00+00:00,0.44137345046903703,0.9617974942069052
2050-07-06 19:00:00+00:00,0.3696416823381083,0.9612540713877831
2050-07-06 20:00:00+00:00,0.2979100527688402,0.9607097754387787
2050-07-06 21:00:00+00:00,0.22618690250656806,0.9601646185126834
2050-07-06 22:00:00+00:00,0.2133887790959045,0.9596186905891281
2050-07-06 23:00:00+00:00,0.20115050368443252,0.9590721374402807
2050-07-07 00:00:00+00:00,0.18887883610652012,0.9585250137994562
2050-07-07 01:00:00+00:00,0.17641827956322167,0.957977374843877
2050-07-07 02:00:00+00:00,0.16194447545911583,0.9574291794417249
2050-07-07 03:00:00+00:00,0.12968428035551757,0.9568804943592324
2050-07-07 04:00:00+00:00,0.0717317902501847,0.9563313254935009
2050-07-07 05:00:00+00:00,3.5683053247227995e-06,0.9557817037816958
2050-07-07 06:00:00+00:00,1.1682892395385475e-06,0.9562036211510582
2050-07-07 07:00:00+00:00,0.053914447286390894,0.9566250873170169
2050-07-07 08:00:00+00:00,0.1078277372451121,0.9570461338135429
2050-07-07 09:00:00+00:00,0.16174102658061815,0.9574667686803097
2050-07-07 10:00:00+00:00,0.2156543159045458,0.9578870366643636
2050-07-07 11:00:00+00:00,0.26956760530332396,0.9583071958929326
2050-07-07 12:00:00+00:00,0.323480894760854,0.9587273384963617
2050-07-07 13:00:00+00:00,0.37739418419364923,0.9591480248568549
2050-07-07 14:00:00+00:00,0.4313074737546851,0.9595688674714139
2050-07-07 15:00:00+00:00,0.4852207636518823,0.959990206738528
2050-07-07 16:00:00+00:00,0.5391340339450005,0.9604118671222053
2050-07-07 17:00:00+00:00,0.5385351315482771,0.9608333193843535
2050-07-07 18:00:00+00:00,0.5375892106426091,0.9612544996795446
2050-07-07 19:00:00+00:00,0.46588371989554755,0.9616755755406267
2050-07-07 20:00:00+00:00,0.4219842030123498,0.9620962672129428
2050-07-07 21:00:00+00:00,0.42100171518930296,0.9625165584840929
2050-07-07 22:00:00+00:00,0.42008593856891907,0.9629364326419224
2050-07-07 23:00:00+00:00,0.41916992140736115,0.9633558831775143
2050-07-08 00:00:00+00:00,0.41825417628868755,0.9637749035380291
2050-07-08 01:00:00+00:00,0.4173383896696809,0.9641934919516085
2050-07-08 02:00:00+00:00,0.41642020678941777,0.9646116439103972
2050-07-08 03:00:00+00:00,0.4153783781538485,0.9650293569091386
2050-07-08 04:00:00+00:00,0.34367270891940493,0.9654466301329605
2050-07-08 05:00:00+00:00,0.27196960384772934,0.965863456024985
2050-07-08 06:00:00+00:00,0.2710752384606616,0.966279838050997
2050-07-08 07:00:00+00:00,0.32498850310298194,0.9666957977837832
2050-07-08 08:00:00+00:00,0.3789017927203622,0.9671113215235164
2050-07-08 09:00:00+00:00,0.43281508164628996,0.9675264011533481
2050-07-08 10:00:00+00:00,0.4867283704595261,0.9679410278256557
2050-07-08 11:00:00+00:00,0.5406416594012039,0.9683552585970397
2050-07-08 12:00:00+00:00,0.5945549483622674,0.9687703672489635
2050-07-08 13:00:00+00:00,0.6484682372133318,0.969185866358166
2050-07-08 14:00:00+00:00,0.7023815261761085,0.9696017102637765
2050-07-08 15:00:00+00:00,0.7562948148904058,0.9700173528672561
2050-07-08 16:00:00+00:00,0.8102080849749133,0.9704324754883513
2050-07-08 17:00:00+00:00,0.8094640809664199,0.9708465465667961
2050-07-08 18:00:00+00:00,0.8081731779574596,0.9712600459888237
2050-07-08 19:00:00+00:00,0.7364690394936434,0.9716732367632057
2050-07-08 20:00:00+00:00,0.7019243964715622,0.9720860082339448
2050-07-08 21:00:00+00:00,0.7006426767874289,0.9724982932644319
2050-07-08 22:00:00+00:00,0.6994039133561527,0.9729101363872616
2050-07-08 23:00:00+00:00,0.6981678445560936,0.9733215536862929
2050-07-09 00:00:00+00:00,0.6969364368488925,0.9737325540047337
2050-07-09 01:00:00+00:00,0.6957076031225228,0.9741431393925643
2050-07-09 02:00:00+00:00,0.6944691847290785,0.974553312083544
2050-07-09 03:00:00+00:00,0.6868132003476141,0.9749630745005066
2050-07-09 04:00:00+00:00,0.6150806906975389,0.975372425599713
2050-07-09 05:00:00+00:00,0.5433484472035613,0.9757813640339187
2050-07-09 06:00:00+00:00,0.5421488472490227,0.976189890914591
2050-07-09 07:00:00+00:00,0.5421489079899362,0.9765980776339709
2050-07-09 08:00:00+00:00,0.5960621443020516,0.9770059854968455
2050-07-09 09:00:00+00:00,0.6499753763690478,0.9774136242357696
2050-07-09 10:00:00+00:00,0.7038886667882093,0.9778211397416822
2050-07-09 11:00:00+00:00,0.7578019573905743,0.9782303406138751
2050-07-09 12:00:00+00:00,0.811715247713341,0.9786417668862422
2050-07-09 13:00:00+00:00,0.8656285385835332,0.9790562315530106
2050-07-09 14:00:00+00:00,0.9195417995141125,0.9794716242640614
2050-07-09 15:00:00+00:00,0.9734550367644209,0.979887754645041
2050-07-09 16:00:00+00:00,0.9999915886822512,0.9803039820205746
2050-07-09 17:00:00+00:00,0.9289498815990804,0.9807198718049591
2050-07-09 18:00:00+00:00,0.8576822612074508,0.9811352177002186
2050-07-09 19:00:00+00:00,0.7858981819829041,0.9815501448546671
2050-07-09 20:00:00+00:00,0.7141135971670045,0.9819645185444131
2050-07-09 21:00:00+00:00,0.6428187099547529,0.9823782506155834
2050-07-09 22:00:00+00:00,0.5715601100313425,0.9827913280410613
2050-07-09 23:00:00+00:00,0.5003003982997184,0.9832037251134421
2050-07-10 00:00:00+00:00,0.42903986729395993,0.9836150755617704
2050-07-10 01:00:00+00:00,0.35778264825752726,0.9840251285487436
2050-07-10 02:00:00+00:00,0.2865236363817626,0.9844336696257728
2050-07-10 03:00:00+00:00,0.21483422870988675,0.9848404897408344
2050-07-10 04:00:00+00:00,0.14304968667391824,0.9852458253513856
2050-07-10 05:00:00+00:00,0.07126601692074802,0.9856496984454151
2050-07-10 06:00:00+00:00,8.024226643057765e-06,0.9860520414606645
2050-07-10 07:00:00+00:00,0.05392127535388083,0.9864522620619085
2050-07-10 08:00:00+00:00,0.10783454655886843,0.9868510900887199
2050-07-10 09:00:00+00:00,0.1617478276832523,0.9872490389967189
2050-07-10 10:00:00+00:00,0.2156611172567912,0.9876465413757862
2050-07-10 11:00:00+00:00,0.2695744066738747,0.9880440304326841
2050-07-10 12:00:00+00:00,0.32348769612263223,0.9884434284543397
2050-07-10 13:00:00+00:00,0.37740098622128426,0.9888461510906315
2050-07-10 14:00:00+00:00,0.4313142573740328,0.9892524090676369
2050-07-10 15:00:00+00:00,0.48522752809262876,0.9896594247391318
2050-07-10 16:00:00+00:00,0.5391407840352641,0.9900657667314148
2050-07-10 17:00:00+00:00,0.5390219941294343,0.9904706472302806
2050-07-10 18:00:00+00:00,0.5389008647743521,0.9908742060149777
2050-07-10 19:00:00+00:00,0.5387721414020663,0.9912768454521061
2050-07-10 20:00:00+00:00,0.5386500764860191,0.9916785380453194
2050-07-10 21:00:00+00:00,0.5385286590363977,0.9920794212710357
2050-07-10 22:00:00+00:00,0.5384070527359788,0.9924794324009902
2050-07-10 23:00:00+00:00,0.53828534220879,0.9928787207787978
2050-07-11 00:00:00+00:00,0.5381635830094882,0.993277400696288
2050-07-11 01:00:00+00:00,0.5380417945051055,0.9936754224478745
2050-07-11 02:00:00+00:00,0.5379200036300946,0.9940727541938875
2050-07-11 03:00:00+00:00,0.5377901145249162,0.9944694032560719
2050-07-11 04:00:00+00:00,0.5375306748610881,0.9948653582354341
2050-07-11 05:00:00+00:00,0.5149030974695039,0.9952606766615009
2050-07-11 06:00:00+00:00,0.5147810475594882,0.9956554273185941
2050-07-11 07:00:00+00:00,0.514779923556193,0.996049653976958
2050-07-11 08:00:00+00:00,0.5686931941753084,0.9964434269836073
2050-07-11 09:00:00+00:00,0.622606464215723,0.9968367832111866
2050-07-11 10:00:00+00:00,0.676519753126517,0.9972299357769104
2050-07-11 11:00:00+00:00,0.7304330418894416,0.9976230814251421
2050-07-11 12:00:00+00:00,0.7843463306261843,0.9980166180301366
2050-07-11 13:00:00+00:00,0.8382596194974412,0.9984109448398873
2050-07-11 14:00:00+00:00,0.892172889401464,0.9988070239826576
2050-07-11 15:00:00+00:00,0.946086159457123,0.999204149530422
2050-07-11 16:00:00+00:00,0.9999991299784785,0.9996026384752812
2050-07-11 17:00:00+00:00,0.9999961977072268,0.9999999937009743
2050-07-11 18:00:00+00:00,0.9499432190694946,0.9995222630046818
2050-07-11 19:00:00+00:00,0.899998360202144,0.9990429073688938
2050-07-11 20:00:00+00:00,0.8558473495370986,0.9985762058013128
2050-07-11 21:00:00+00:00,0.8162707405192479,0.9981195217802393
2050-07-11 22:00:00+00:00,0.7804253807211521,0.9976719191788117
2050-07-11 23:00:00+00:00,0.7464222778473926,0.9972295152536227
2050-07-12 00:00:00+00:00,0.7116085421120496,0.9967852154942162
2050-07-12 01:00:00+00:00,0.676497327158755,0.9963410675327579
2050-07-12 02:00:00+00:00,0.6407081349301084,0.9958955391151394
2050-07-12 03:00:00+00:00,0.6006639733252261,0.995439760923442
2050-07-12 04:00:00+00:00,0.5385894737724816,0.994922591777344
2050-07-12 05:00:00+00:00,0.46685508837260636,0.9943461642072807
2050-07-12 06:00:00+00:00,0.42980692048966274,0.9939021366512448
2050-07-12 07:00:00+00:00,0.42980660484613215,0.9942956829640652
2050-07-12 08:00:00+00:00,0.48371987997825716,0.9946888640447707
2050-07-12 09:00:00+00:00,0.537633154821111,0.9950817023678169
2050-07-12 10:00:00+00:00,0.5915464469157882,0.9954742691444136
2050-07-12 11:00:00+00:00,0.6454597386485941,0.9958667086693052
2050-07-12 12:00:00+00:00,0.699373030373761,0.9962590486186983
2050-07-12 13:00:00+00:00,0.7532863224086329,0.996651245061879
2050-07-12 14:00:00+00:00,0.807199597190484,0.9970434755505836
2050-07-12 15:00:00+00:00,0.8611128719804196,0.9974363442850195
2050-07-12 16:00:00+00:00,0.8611136356571517,0.9978299197219967
2050-07-12 17:00:00+00:00,0.8376184266017968,0.9974595040500938
2050-07-12 18:00:00+00:00,0.7967690563889686,0.997006149807895
2050-07-12 19:00:00+00:00,0.7250384285224325,0.996428394353407
2050-07-12 20:00:00+00:00,0.6708657522324487,0.9959381784699031
2050-07-12 21:00:00+00:00,0.6329802941561075,0.9954908575198207
2050-07-12 22:00:00+00:00,0.5953339085235141,0.9950452377986923
2050-07-12 23:00:00+00:00,0.5546565317123067,0.9945920800399392
2050-07-13 00:00:00+00:00,0.5145087650147172,0.9941416594384911
2050-07-13 01:00:00+00:00,0.47659225280189427,0.9936996703199273
2050-07-13 02:00:00+00:00,0.4440826954876585,0.993279800099934
2050-07-13 03:00:00+00:00,0.41230885633852304,0.992867240441088
2050-07-13 04:00:00+00:00,0.3792171136440356,0.9924529537185542
2050-07-13 05:00:00+00:00,0.3313580262442286,0.9919897860641339
2050-07-13 06:00:00+00:00,0.31301170392480565,0.9918207485444325
2050-07-13 07:00:00+00:00,0.3531712987888601,0.9922091794907437
2050-07-13 08:00:00+00:00,0.4070845749674106,0.9925972266585484
2050-07-13 09:00:00+00:00,0.4609978502454889,0.9929851071581066
2050-07-13 10:00:00+00:00,0.5149111427789337,0.9933726560659916
2050-07-13 11:00:00+00:00,0.5688244349113264,0.9937601808671447
2050-07-13 12:00:00+00:00,0.6227377268940547,0.9941483445923597
2050-07-13 13:00:00+00:00,0.6766510194648122,0.9945380315532278
2050-07-13 14:00:00+00:00,0.7305642946978083,0.9949279820699709
2050-07-13 15:00:00+00:00,0.784477570463626,0.9953180595051483
2050-07-13 16:00:00+00:00,0.7996964335078093,0.9957083333597904
2050-07-13 17:00:00+00:00,0.7926273406191975,0.9960174916749308
2050-07-13 18:00:00+00:00,0.772082424715669,0.9957918179733337
2050-07-13 19:00:00+00:00,0.742691023424281,0.9954239350958922
2050-07-13 20:00:00+00:00,0.7154307628442902,0.9950717861591825
2050-07-13 21:00:00+00:00,0.690537302046494,0.9947444426660008
2050-07-13 22:00:00+00:00,0.664015556310037,0.9943958954067362
2050-07-13 23:00:00+00:00,0.6365823854913641,0.9940375318242612
2050-07-14 00:00:00+00:00,0.6084388449276721,0.9936727721710494
2050-07-14 01:00:00+00:00,0.5793612576799184,0.9933011289014204
2050-07-14 02:00:00+00:00,0.5515899056972088,0.9929433276929992
2050-07-14 03:00:00+00:00,0.5232523390709911,0.9925831586466008
2050-07-14 04:00:00+00:00,0.49424371536503675,0.9922201666216716
2050-07-14 05:00:00+00:00,0.4636617641260484,0.9918476459310179
2050-07-14 06:00:00+00:00,0.45595986836552416,0.9921376749110905
2050-07-14 07:00:00+00:00,0.4961773904499641,0.9925233517476459
2050-07-14 08:00:00+00:00,0.5500906666371158,0.9929086560573476
2050-07-14 09:00:00+00:00,0.604003942276444,0.9932935972329605
2050-07-14 10:00:00+00:00,0.6579172278656904,0.9936782525695579
2050-07-14 11:00:00+00:00,0.7118305212162064,0.9940626636606225
2050-07-14 12:00:00+00:00,0.7657438144924509,0.9944474803283521
2050-07-14 13:00:00+00:00,0.8196571001105726,0.9948323625429657
2050-07-14 14:00:00+00:00,0.8735703755578584,0.9952185503610397
2050-07-14 15:00:00+00:00,0.9274836515130436,0.9956064633895344
2050-07-14 16:00:00+00:00,0.9274833407054502,0.9959954779995883
2050-07-14 17:00:00+00:00,0.9108852433730196,0.9956535755033051
2050-07-14 18:00:00+00:00,0.8816544907804075,0.9951881219317082
2050-07-14 19:00:00+00:00,0.8415694693298068,0.9946950178134524
2050-07-14 20:00:00+00:00,0.8108307374277683,0.9942126422968881
2050-07-14 21:00:00+00:00,0.7842231188031025,0.9937355011184588
2050-07-14 22:00:00+00:00,0.757919022419193,0.9932561530847714
2050-07-14 23:00:00+00:00,0.732491299243911,0.9927766289475142
2050-07-15 00:00:00+00:00,0.7077346987952712,0.9922969338181243
2050-07-15 01:00:00+00:00,0.6830159066919942,0.9918157257229778
2050-07-15 02:00:00+00:00,0.65624975533863,0.9913285628809417
2050-07-15 03:00:00+00:00,0.6158871628125432,0.9908215290906704
2050-07-15 04:00:00+00:00,0.5441492043680409,0.9902356547265735
2050-07-15 05:00:00+00:00,0.4724104116746126,0.9896494302380203
2050-07-15 06:00:00+00:00,0.4510787978562151,0.9891771396723528
2050-07-15 07:00:00+00:00,0.4510784765556154,0.9895610560129638
2050-07-15 08:00:00+00:00,0.5049917536265568,0.9899446245001005
2050-07-15 09:00:00+00:00,0.5589050299990176,0.9903278462356276
2050-07-15 10:00:00+00:00,0.6128183234598451,0.9907107163563106
2050-07-15 11:00:00+00:00,0.6667316169851418,0.9910933720878348
2050-07-15 12:00:00+00:00,0.720644910583887,0.9914737677154669
2050-07-15 13:00:00+00:00,0.774558186374637,0.9918515590328562
2050-07-15 14:00:00+00:00,0.8284714626732169,0.9922270212304728
2050-07-15 15:00:00+00:00,0.8823847395863661,0.9926016063815435
2050-07-15 16:00:00+00:00,0.8823844346072768,0.9929753237753663
2050-07-15 17:00:00+00:00,0.8692865154933301,0.9925226164500875
2050-07-15 18:00:00+00:00,0.8507027172772728,0.9920164288018387
2050-07-15 19:00:00+00:00,0.7978538611146048,0.9914691034785306
2050-07-15 20:00:00+00:00,0.7675002091645794,0.9909373968902363
2050-07-15 21:00:00+00:00,0.7494633282238353,0.9904232727230221
2050-07-15 22:00:00+00:00,0.732957166798966,0.989912644959545
2050-07-15 23:00:00+00:00,0.716699142478596,0.9894013105610915
2050-07-16 00:00:00+00:00,0.7007202071978407,0.9888896539217777
2050-07-16 01:00:00+00:00,0.6847498657055329,0.9883766294960313
2050-07-16 02:00:00+00:00,0.6675638549696731,0.987857953277284
2050-07-16 03:00:00+00:00,0.6297673004756287,0.9873139529640751
2050-07-16 04:00:00+00:00,0.5580281625876415,0.9867113721525986
2050-07-16 05:00:00+00:00,0.4862883292573634,0.9861084589357185
2050-07-16 06:00:00+00:00,0.4723225989559149,0.9856034385315501
2050-07-16 07:00:00+00:00,0.47232198549735793,0.9859708433011888
2050-07-16 08:00:00+00:00,0.47935746456778994,0.9863379222140585
2050-07-16 09:00:00+00:00,0.5332704671405022,0.9867046072658423
2050-07-16 10:00:00+00:00,0.587183746887758,0.9870708159388591
2050-07-16 11:00:00+00:00,0.641097036123115,0.9874349434957417
2050-07-16 12:00:00+00:00,0.6950103157838329,0.9877974507669035
2050-07-16 13:00:00+00:00,0.7489235866269827,0.9881585776393235
2050-07-16 14:00:00+00:00,0.8027479871220748,0.9885181137719351
2050-07-16 15:00:00+00:00,0.8093975588667623,0.9888774739020555
2050-07-16 16:00:00+00:00,0.8093961616798152,0.9892361933638412
2050-07-16 17:00:00+00:00,0.7874347922021996,0.9886916867575457
2050-07-16 18:00:00+00:00,0.716429728885742,0.9880845808931126
2050-07-16 19:00:00+00:00,0.6447022032676227,0.9874727615393046
2050-07-16 20:00:00+00:00,0.5922113398163411,0.9869040210057316
2050-07-16 21:00:00+00:00,0.5577467098302521,0.9863445095243504
2050-07-16 22:00:00+00:00,0.5274969064336834,0.9857871633448109
2050-07-16 23:00:00+00:00,0.4968918463925593,0.9852294266228072
2050-07-17 00:00:00+00:00,0.466190945681539,0.9846714481629781
2050-07-17 01:00:00+00:00,0.4350417236603468,0.984113090694171
2050-07-17 02:00:00+00:00,0.4020620646287954,0.9835536742002359
2050-07-17 03:00:00+00:00,0.35862939031277197,0.9829891791315194
2050-07-17 04:00:00+00:00,0.28690143874946267,0.9823755447219024
2050-07-17 05:00:00+00:00,0.21517255786059256,0.9817619730614298
2050-07-17 06:00:00+00:00,0.1859591956904462,0.9812097087096453
2050-07-17 07:00:00+00:00,0.18595673553034306,0.9815673207347915
2050-07-17 08:00:00+00:00,0.1859564107951719,0.9819250129532446
2050-07-17 09:00:00+00:00,0.18595635302514218,0.982282535959919
2050-07-17 10:00:00+00:00,0.23986962963831324,0.9826405207554467
2050-07-17 11:00:00+00:00,0.2937829070617275,0.9829995546779976
2050-07-17 12:00:00+00:00,0.3476961848591939,0.9833598188880887
2050-07-17 13:00:00+00:00,0.35686344756756816,0.9837192639809575
2050-07-17 14:00:00+00:00,0.35686313048923485,0.9840775657493724
2050-07-17 15:00:00+00:00,0.35686280456882075,0.9844368523180631
2050-07-17 16:00:00+00:00,0.3568611143675512,0.9847973264071742
2050-07-17 17:00:00+00:00,0.34550703752913664,0.9843865386685479
2050-07-17 18:00:00+00:00,0.33039896013830883,0.9839090080634321
2050-07-17 19:00:00+00:00,0.29625478539909605,0.9833786887749758
2050-07-17 20:00:00+00:00,0.2776086019875756,0.9828842181374274
2050-07-17 21:00:00+00:00,0.26192805994031426,0.9824162972391189
2050-07-17 22:00:00+00:00,0.2468300192570744,0.9819623750834677
2050-07-17 23:00:00+00:00,0.23121417415391898,0.9815095596235603
2050-07-18 00:00:00+00:00,0.21522013743804444,0.9810605597441799
2050-07-18 01:00:00+00:00,0.19862147279401426,0.9806139498936535
2050-07-18 02:00:00+00:00,0.18121582176714215,0.9801690914265652
2050-07-18 03:00:00+00:00,0.1622292012257586,0.9797202360222688
2050-07-18 04:00:00+00:00,0.13973935239180257,0.9792578131255618
2050-07-18 05:00:00+00:00,0.0961733014159701,0.9787457843011674
2050-07-18 06:00:00+00:00,0.07347798491244684,0.9783301026652098
2050-07-18 07:00:00+00:00,0.07347738631602005,0.9786923086184064
2050-07-18 08:00:00+00:00,0.11244641272816296,0.9790545965985117
2050-07-18 09:00:00+00:00,0.16635935814518482,0.9794177160198255
2050-07-18 10:00:00+00:00,0.2202726372230338,0.9797829433805674
2050-07-18 11:00:00+00:00,0.274185933094293,0.9801506609397992
2050-07-18 12:00:00+00:00,0.32809922251760915,0.9805218026700268
2050-07-18 13:00:00+00:00,0.3820120744697841,0.9808971192194108
2050-07-18 14:00:00+00:00,0.43581310794288936,0.9812753772275556
2050-07-18 15:00:00+00:00,0.45675614881824145,0.9816566346723546
2050-07-18 16:00:00+00:00,0.45675557031512715,0.9820387303302746
2050-07-18 17:00:00+00:00,0.4473069705156328,0.9823358203035737
2050-07-18 18:00:00+00:00,0.41169019520642713,0.9821349863124313
2050-07-18 19:00:00+00:00,0.3613134864668836,0.9817419248978342
2050-07-18 20:00:00+00:00,0.31752742269118467,0.9814367278536003
2050-07-18 21:00:00+00:00,0.2886700031467121,0.9814561127908316
2050-07-18 22:00:00+00:00,0.27538762554080215,0.9817268198031286
2050-07-18 23:00:00+00:00,0.26263709691984405,0.9820067575757553
2050-07-19 00:00:00+00:00,0.2498862590599796,0.9822902392343441
2050-07-19 01:00:00+00:00,0.23666362678941844,0.9825729628385249
2050-07-19 02:00:00+00:00,0.22235340292908004,0.9828505797964441
2050-07-19 03:00:00+00:00,0.19509458784841568,0.9830301300336631
2050-07-19 04:00:00+00:00,0.14240540416650482,0.9827373250522292
2050-07-19 05:00:00+00:00,0.08351290899119086,0.982329953186621
2050-07-19 06:00:00+00:00,0.0681339671193936,0.9826264046953317
2050-07-19 07:00:00+00:00,0.06813368739419269,0.9830113090488047
2050-07-19 08:00:00+00:00,0.12204696609162953,0.983395950376065
2050-07-19 09:00:00+00:00,0.17596024500586221,0.9837804335611074
2050-07-19 10:00:00+00:00,0.2298735237640056,0.9841647719218146
2050-07-19 11:00:00+00:00,0.28378681953115587,0.9845495639005292
2050-07-19 12:00:00+00:00,0.3377001149006946,0.9849395099985553
2050-07-19 13:00:00+00:00,0.39161339407137447,0.9853324119179785
2050-07-19 14:00:00+00:00,0.445526673018444,0.9857309034755602
2050-07-19 15:00:00+00:00,0.49943995186956175,0.9861338848934363
2050-07-19 16:00:00+00:00,0.4994396412741745,0.9865399736174885
2050-07-19 17:00:00+00:00,0.4993368910192993,0.9869459507237929
2050-07-19 18:00:00+00:00,0.4946923309679952,0.9873259351973931
2050-07-19 19:00:00+00:00,0.4899195773351433,0.9877064152307115
2050-07-19 20:00:00+00:00,0.48517110161874705,0.988087025888262
2050-07-19 21:00:00+00:00,0.48070932456579063,0.9884689166177195
2050-07-19 22:00:00+00:00,0.48060830981681385,0.9888766274424398
2050-07-19 23:00:00+00:00,0.48050711595645307,0.9892840913845411
2050-07-20 00:00:00+00:00,0.4804058014154922,0.9896912588722622
2050-07-20 01:00:00+00:00,0.48030448454066776,0.9900981338705637
2050-07-20 02:00:00+00:00,0.48020337740016117,0.9905047167842564
2050-07-20 03:00:00+00:00,0.48010244517981016,0.990911010589925
2050-07-20 04:00:00+00:00,0.4800016766449563,0.9913170204485402
2050-07-20 05:00:00+00:00,0.4794343172309906,0.9917190258811085
2050-07-20 06:00:00+00:00,0.47933016615775365,0.9921244542369819
2050-07-20 07:00:00+00:00,0.5332432328944774,0.9925304807866024
2050-07-20 08:00:00+00:00,0.5871565069349418,0.992936398401731
2050-07-20 09:00:00+00:00,0.6410697809213127,0.9933419992228785
2050-07-20 10:00:00+00:00,0.6949830733319824,0.993747473329826
2050-07-20 11:00:00+00:00,0.7488963658181453,0.9941525595094731
2050-07-20 12:00:00+00:00,0.8028096583137954,0.994556555063183
2050-07-20 13:00:00+00:00,0.8567229325435322,0.9949603106400907
2050-07-20 14:00:00+00:00,0.910636206497878,0.9953663103395266
2050-07-20 15:00:00+00:00,0.9645494808089575,0.99577542484233
2050-07-20 16:00:00+00:00,0.9645493228079168,0.9961856286925523
2050-07-20 17:00:00+00:00,0.9494004165473476,0.9964961627238758
2050-07-20 18:00:00+00:00,0.9059981728141204,0.9964040548110857
2050-07-20 19:00:00+00:00,0.8594829021802692,0.9961660340976376
2050-07-20 20:00:00+00:00,0.8216394715562635,0.9960622854569736
2050-07-20 21:00:00+00:00,0.7972027141922697,0.9961770914602047
2050-07-20 22:00:00+00:00,0.7786843312700272,0.9963719441329826
2050-07-20 23:00:00+00:00,0.7482961431892241,0.9963511342039703
2050-07-21 00:00:00+00:00,0.7125904619308756,0.9962293738316369
2050-07-21 01:00:00+00:00,0.6760236905826769,0.9960987651452207
2050-07-21 02:00:00+00:00,0.639522637565322,0.9959791247824757
2050-07-21 03:00:00+00:00,0.6031310536956027,0.9958766175266038
2050-07-21 04:00:00+00:00,0.5662987465793353,0.9957836724572814
2050-07-21 05:00:00+00:00,0.5269872277476355,0.9956554770077604
2050-07-21 06:00:00+00:00,0.5147790355652406,0.9959494605584893
2050-07-21 07:00:00+00:00,0.5686919934156722,0.9963551388180264
2050-07-21 08:00:00+00:00,0.6226052696386701,0.9967605448811766
2050-07-21 09:00:00+00:00,0.6765185491234597,0.9971656762603933
2050-07-21 10:00:00+00:00,0.730431842477456,0.9975704847456228
2050-07-21 11:00:00+00:00,0.7843451357812735,0.9979746835314682
2050-07-21 12:00:00+00:00,0.8382584291497062,0.9983777024604925
2050-07-21 13:00:00+00:00,0.8921717227144941,0.998780949737147
2050-07-21 14:00:00+00:00,0.9460849982921927,0.9991855817411178
2050-07-21 15:00:00+00:00,0.9999982751853532,0.9995910687480662
2050-07-21 16:00:00+00:00,0.9999978981058458,0.9999960509794283
2050-07-21 17:00:00+00:00,0.999995815529999,0.9994293974220733
2050-07-21 18:00:00+00:00,0.9730485914828316,0.998862954627418
2050-07-21 19:00:00+00:00,0.9046803767004197,0.9982962095944156
2050-07-21 20:00:00+00:00,0.8450641151656878,0.9977291867576027
2050-07-21 21:00:00+00:00,0.8235700976480731,0.9971618730380913
2050-07-21 22:00:00+00:00,0.8106852391795681,0.9965942624478608
2050-07-21 23:00:00+00:00,0.7985796036862238,0.9960264713236181
2050-07-22 00:00:00+00:00,0.7874105599018326,0.9954584312390095
2050-07-22 01:00:00+00:00,0.7767287304219115,0.9948901260929919
2050-07-22 02:00:00+00:00,0.766058564261102,0.9943215581100743
2050-07-22 03:00:00+00:00,0.745035164073398,0.9937527354697421
2050-07-22 04:00:00+00:00,0.6733910512527947,0.9931836493034005
2050-07-22 05:00:00+00:00,0.6016569896158451,0.9926142932022577
2050-07-22 06:00:00+00:00,0.5927620371478333,0.9920446732204814
2050-07-22 07:00:00+00:00,0.5927617888111683,0.9924469437733231
2050-07-22 08:00:00+00:00,0.5927629560640341,0.9928490228032565
2050-07-22 09:00:00+00:00,0.6466760836636918,0.9932509020237562
2050-07-22 10:00:00+00:00,0.7005893659652231,0.9936526150226759
2050-07-22 11:00:00+00:00,0.754502664408405,0.9940540599536608
2050-07-22 12:00:00+00:00,0.8084159494890787,0.9944574487273274
2050-07-22 13:00:00+00:00,0.8623292191595721,0.9948638190371482
2050-07-22 14:00:00+00:00,0.8623302153022679,0.9952742031559932
2050-07-22 15:00:00+00:00,0.862331251152745,0.9956867438562582
2050-07-22 16:00:00+00:00,0.862330572192549,0.995481124347113
2050-07-22 17:00:00+00:00,0.8622048773492986,0.9949245160905417
2050-07-22 18:00:00+00:00,0.8620802888166252,0.9943681552174773
2050-07-22 19:00:00+00:00,0.8510378525323006,0.9938117402574428
2050-07-22 20:00:00+00:00,0.8412559564920395,0.9932551307037573
2050-07-22 21:00:00+00:00,0.8411255832838509,0.9926983154979362
2050-07-22 22:00:00+00:00,0.8409973043569994,0.9921412421489568
2050-07-22 23:00:00+00:00,0.8408684221851243,0.9915839159791614
2050-07-23 00:00:00+00:00,0.8407389987099059,0.9910263359498608
2050-07-23 01:00:00+00:00,0.840609473712915,0.9904685018881685
2050-07-23 02:00:00+00:00,0.8404804944630933,0.9899104137812131
2050-07-23 03:00:00+00:00,0.8403513182712261,0.9893520726590802
2050-07-23 04:00:00+00:00,0.832597938930472,0.9887934869308613
2050-07-23 05:00:00+00:00,0.8245688107035603,0.9882346459553789
2050-07-23 06:00:00+00:00,0.8244395807771936,0.9876755281747784
2050-07-23 07:00:00+00:00,0.8244388963276181,0.9871849997185971
2050-07-23 08:00:00+00:00,0.8244386508084308,0.9875971813174383
2050-07-23 09:00:00+00:00,0.8244383990920046,0.988009075064196
2050-07-23 10:00:00+00:00,0.8783514398286774,0.9884206648965269
2050-07-23 11:00:00+00:00,0.9322646340986839,0.9888317619912851
2050-07-23 12:00:00+00:00,0.934632314860381,0.9892427703747578
2050-07-23 13:00:00+00:00,0.9346320716711161,0.9896526065363671
2050-07-23 14:00:00+00:00,0.9346318255289499,0.9900614884569485
2050-07-23 15:00:00+00:00,0.9346315715372228,0.9904703296644826
2050-07-23 16:00:00+00:00,0.9346308836572912,0.9899589648062557
2050-07-23 17:00:00+00:00,0.9345037470197196,0.9893977260880777
2050-07-23 18:00:00+00:00,0.9343770255262299,0.9888364804905649
2050-07-23 19:00:00+00:00,0.9274682272923873,0.9882750873459126
2050-07-23 20:00:00+00:00,0.9214269547170921,0.9877137936427011
2050-07-23 21:00:00+00:00,0.9180158314935656,0.9871522136676304
2050-07-23 22:00:00+00:00,0.9178894357418252,0.9865902608476184
2050-07-23 23:00:00+00:00,0.9177633159840649,0.9860280289464253
2050-07-24 00:00:00+00:00,0.9176374389910826,0.9854655558449936
2050-07-24 01:00:00+00:00,0.9175117867460589,0.9849028424196723
2050-07-24 02:00:00+00:00,0.9173863457066194,0.9843398952279812
2050-07-24 03:00:00+00:00,0.9172611576647524,0.9837765966414084
2050-07-24 04:00:00+00:00,0.9131542154543171,0.9832127648406952
2050-07-24 05:00:00+00:00,0.9087401316209884,0.9826483019738882
2050-07-24 06:00:00+00:00,0.9086162113701811,0.9820830566724225
2050-07-24 07:00:00+00:00,0.9086155188426062,0.9815711803521272
2050-07-24 08:00:00+00:00,0.908615373502741,0.981976760656602
2050-07-24 09:00:00+00:00,0.9086152179023842,0.982381888795113
2050-07-24 10:00:00+00:00,0.9086150539568965,0.9827858549741886
2050-07-24 11:00:00+00:00,0.9520599030763736,0.9831876316819274
2050-07-24 12:00:00+00:00,0.9999701557997765,0.9835851231575741
2050-07-24 13:00:00+00:00,0.9999700002367736,0.9839798328493723
2050-07-24 14:00:00+00:00,0.9999698469561925,0.9843710431642234
2050-07-24 15:00:00+00:00,0.9999697098226771,0.9847576940753269
2050-07-24 16:00:00+00:00,0.9999690878846311,0.984915067360555
2050-07-24 17:00:00+00:00,0.9996317167047047,0.98432339856848
2050-07-24 18:00:00+00:00,0.999414342487008,0.9837303423034001
2050-07-24 19:00:00+00:00,0.9470505165184707,0.9831360341560171
2050-07-24 20:00:00+00:00,0.9017622444092928,0.9825409350733953
2050-07-24 21:00:00+00:00,0.8767624041938571,0.98194526171392
2050-07-24 22:00:00+00:00,0.8766188122136438,0.981349177320629
2050-07-24 23:00:00+00:00,0.8764765478290243,0.9807526270148595
2050-07-25 00:00:00+00:00,0.8763351810246548,0.9801558044714709
2050-07-25 01:00:00+00:00,0.8761947102401012,0.9795585578051114
2050-07-25 02:00:00+00:00,0.8760551920939553,0.9789607822272378
2050-07-25 03:00:00+00:00,0.8759166082581248,0.9783623936422993
2050-07-25 04:00:00+00:00,0.8743570210229119,0.9777634853139869
2050-07-25 05:00:00+00:00,0.8571222099665297,0.9771641606139568
2050-07-25 06:00:00+00:00,0.8569868926664634,0.9765642476594251
2050-07-25 07:00:00+00:00,0.8569865142669203,0.9769360191674112
2050-07-25 08:00:00+00:00,0.8569863657906623,0.977307160144102
2050-07-25 09:00:00+00:00,0.856986241524311,0.9776768761174197
2050-07-25 10:00:00+00:00,0.8845258128952045,0.9780438513248825
2050-07-25 11:00:00+00:00,0.9384390942610009,0.9784073545546452
2050-07-25 12:00:00+00:00,0.9923523755865558,0.9787660548424213
2050-07-25 13:00:00+00:00,0.9999992898234767,0.979118941939223
2050-07-25 14:00:00+00:00,0.9999992911607135,0.9794662778074331
2050-07-25 15:00:00+00:00,0.9999993942602228,0.9798086204760746
2050-07-25 16:00:00+00:00,0.9999996501459328,0.9801476239105537
2050-07-25 17:00:00+00:00,0.9999999818707223,0.9795119198678356
2050-07-25 18:00:00+00:00,0.9291219830759663,0.9788740891313852
2050-07-25 19:00:00+00:00,0.8573911489943511,0.9782344317559414
2050-07-25 20:00:00+00:00,0.7856620108181229,0.9775938830988329
2050-07-25 21:00:00+00:00,0.7143366361035852,0.9769525827735583
2050-07-25 22:00:00+00:00,0.6935036463510896,0.9763106465390222
2050-07-25 23:00:00+00:00,0.6738906318053958,0.9756683548882492
2050-07-26 00:00:00+00:00,0.6548016010152719,0.9750257030419621
2050-07-26 01:00:00+00:00,0.6355057276702444,0.9743828977493134
2050-07-26 02:00:00+00:00,0.614856376283188,0.9737399284797333
2050-07-26 03:00:00+00:00,0.5735794509068229,0.9730967465463182
2050-07-26 04:00:00+00:00,0.501858710742079,0.9724533038772839
2050-07-26 05:00:00+00:00,0.43013810413072456,0.9718095325976408
2050-07-26 06:00:00+00:00,0.4147499966686486,0.9711655091237746
2050-07-26 07:00:00+00:00,0.46866332371138586,0.9705779753577477
2050-07-26 08:00:00+00:00,0.5225766515393304,0.9709054349560317
2050-07-26 09:00:00+00:00,0.5764899800020885,0.9712325338298998
2050-07-26 10:00:00+00:00,0.6304033095175298,0.9715592215700259
2050-07-26 11:00:00+00:00,0.6843166479399079,0.971884759135629
2050-07-26 12:00:00+00:00,0.7382299858999531,0.9722044419669992
2050-07-26 13:00:00+00:00,0.7921433154783073,0.9725204869013174
2050-07-26 14:00:00+00:00,0.8460566444929543,0.9728300641928848
2050-07-26 15:00:00+00:00,0.8999699733429074,0.9731337178709537
2050-07-26 16:00:00+00:00,0.9538833002387536,0.9725221840101319
2050-07-26 17:00:00+00:00,0.8819988804414401,0.9718476504607338
2050-07-26 18:00:00+00:00,0.8101144562186466,0.97117160377245
2050-07-26 19:00:00+00:00,0.7382300319268669,0.97049412196682
2050-07-26 20:00:00+00:00,0.6663456081721689,0.9698162144609452
2050-07-26 21:00:00+00:00,0.5944611849042852,0.9691377887916612
2050-07-26 22:00:00+00:00,0.5225767621142148,0.9684589254498507
2050-07-26 23:00:00+00:00,0.45069233948773685,0.9677798823801427
2050-07-27 00:00:00+00:00,0.3788079168900444,0.9671008689562265
2050-07-27 01:00:00+00:00,0.30692349424729776,0.966421752589701
2050-07-27 02:00:00+00:00,0.2350390713724727,0.9657424542950873
2050-07-27 03:00:00+00:00,0.1631546481301176,0.9650629792550711
2050-07-27 04:00:00+00:00,0.09127022423437264,0.9643832989519315
2050-07-27 05:00:00+00:00,0.019385798691754864,0.9637034107535289
2050-07-27 06:00:00+00:00,1.579411714902731e-08,0.9630233038691295
2050-07-27 07:00:00+00:00,2.0791685569526423e-07,0.963233222793374
2050-07-27 08:00:00+00:00,4.2759964651579826e-07,0.9635247139603217
2050-07-27 09:00:00+00:00,5.035668188514521e-07,0.9638158038912018
2050-07-27 10:00:00+00:00,0.053913728863558504,0.9641064743506356
2050-07-27 11:00:00+00:00,0.10782700798061406,0.9643967223525653
2050-07-27 12:00:00+00:00,0.161740286616838,0.9646865055364793
2050-07-27 13:00:00+00:00,0.2156533683139555,0.9649738499085003
2050-07-27 14:00:00+00:00,0.2156532715267699,0.965257938061039
2050-07-27 15:00:00+00:00,0.21565316423079264,0.9655383743218503
2050-07-27 16:00:00+00:00,0.2156526270922603,0.9658182125290271
2050-07-27 17:00:00+00:00,0.21231655168327124,0.966032071425906
2050-07-27 18:00:00+00:00,0.19379153976215124,0.965405982350048
2050-07-27 19:00:00+00:00,0.17246465987207119,0.9647783170435753
2050-07-27 20:00:00+00:00,0.1522277398800301,0.9641547054154643
2050-07-27 21:00:00+00:00,0.14106387494218264,0.9635596374828905
2050-07-27 22:00:00+00:00,0.13552804716697808,0.9634997458560527
2050-07-27 23:00:00+00:00,0.1302721921213466,0.9635860428381812
2050-07-28 00:00:00+00:00,0.12592285739343292,0.9637852761807219
2050-07-28 01:00:00+00:00,0.1216561540247795,0.963995155567406
2050-07-28 02:00:00+00:00,0.117290744705228,0.9642069466721306
2050-07-28 03:00:00+00:00,0.11274138549902178,0.9644176604974044
2050-07-28 04:00:00+00:00,0.10760151080073278,0.9646092556348442
2050-07-28 05:00:00+00:00,0.09950787387752702,0.9643851093306905
2050-07-28 06:00:00+00:00,0.09485828984614665,0.9646090680855308
2050-07-28 07:00:00+00:00,0.09485817009416775,0.964904129705172
2050-07-28 08:00:00+00:00,0.09485805218222906,0.9652009367605311
2050-07-28 09:00:00+00:00,0.09485792205150609,0.9654998986672919
2050-07-28 10:00:00+00:00,0.1487711540206455,0.9658007988552694
2050-07-28 11:00:00+00:00,0.20268441322972294,0.966103623501363
2050-07-28 12:00:00+00:00,0.2565976648991319,0.9664081053697368
2050-07-28 13:00:00+00:00,0.25659753979272054,0.9667135738135072
2050-07-28 14:00:00+00:00,0.2565974204664832,0.9670188562849028
2050-07-28 15:00:00+00:00,0.2565973010408659,0.9673250267981027
2050-07-28 16:00:00+00:00,0.25659696904649415,0.9676317398436544
2050-07-28 17:00:00+00:00,0.25644801808446493,0.967937810112303
2050-07-28 18:00:00+00:00,0.23059059075537464,0.9675000152090997
2050-07-28 19:00:00+00:00,0.16984864478873746,0.9669162810600045
2050-07-28 20:00:00+00:00,0.13594766203442443,0.9664617495405537
2050-07-28 21:00:00+00:00,0.12171039138565037,0.9665567416003025
2050-07-28 22:00:00+00:00,0.12155823669131294,0.966874949843855
2050-07-28 23:00:00+00:00,0.12140550952775132,0.9671965863776419
2050-07-29 00:00:00+00:00,0.12125264094983469,0.9675225975578442
2050-07-29 01:00:00+00:00,0.12109950087721444,0.9678531029766597
2050-07-29 02:00:00+00:00,0.12094599378733227,0.9681897637997116
2050-07-29 03:00:00+00:00,0.1207906969960173,0.9685330734903954
2050-07-29 04:00:00+00:00,0.07580701299255485,0.9684727888980682
2050-07-29 05:00:00+00:00,0.010033038145502245,0.9679340358898544
2050-07-29 06:00:00+00:00,2.7060592821961353e-06,0.9682664992780361
2050-07-29 07:00:00+00:00,2.1952992652487475e-06,0.968639429709625
2050-07-29 08:00:00+00:00,0.05391541560920773,0.9690215329419659
2050-07-29 09:00:00+00:00,0.10782863629153291,0.9694119974597663
2050-07-29 10:00:00+00:00,0.16174185719137374,0.9698095620718615
2050-07-29 11:00:00+00:00,0.21565512630248054,0.9702125395458415
2050-07-29 12:00:00+00:00,0.2695683949650219,0.9706173281009086
2050-07-29 13:00:00+00:00,0.32348162014286075,0.9710204488125508
2050-07-29 14:00:00+00:00,0.37739484083805297,0.9714191110862153
2050-07-29 15:00:00+00:00,0.4313080609758299,0.9718143970882476
2050-07-29 16:00:00+00:00,0.4852212810410508,0.9722079466401718
2050-07-29 17:00:00+00:00,0.4852196688293457,0.9725991608004887
2050-07-29 18:00:00+00:00,0.4239719085423171,0.9729899074974399
2050-07-29 19:00:00+00:00,0.3523194491437412,0.9733803158813781
2050-07-29 20:00:00+00:00,0.2806567028921578,0.9737705118616754
2050-07-29 21:00:00+00:00,0.20929789459990827,0.9741604893933771
2050-07-29 22:00:00+00:00,0.20890997790028173,0.9745503073414861
2050-07-29 23:00:00+00:00,0.20852099764132823,0.9749399533894769
2050-07-30 00:00:00+00:00,0.20813142945197458,0.9753294293254449
2050-07-30 01:00:00+00:00,0.2077410890836113,0.9757187547860411
2050-07-30 02:00:00+00:00,0.20734956597044532,0.9761079335044767
2050-07-30 03:00:00+00:00,0.20694441462922492,0.9764969547257544
2050-07-30 04:00:00+00:00,0.13560281352414288,0.976885800673005
2050-07-30 05:00:00+00:00,0.06393058153851791,0.9772744653809289
2050-07-30 06:00:00+00:00,0.06353144449711162,0.9776629489279082
2050-07-30 07:00:00+00:00,0.0938847650290818,0.9780512357669136
2050-07-30 08:00:00+00:00,0.14779803296400265,0.9784393356621709
2050-07-30 09:00:00+00:00,0.20171130126710832,0.9788272085860975
2050-07-30 10:00:00+00:00,0.25562456978631887,0.9792147946952747
2050-07-30 11:00:00+00:00,0.3095378389356182,0.9796020401488733
2050-07-30 12:00:00+00:00,0.3634511081669839,0.9799874285132438
2050-07-30 13:00:00+00:00,0.41736437670572196,0.9803707714738207
2050-07-30 14:00:00+00:00,0.4712776449329403,0.9807525482523118
2050-07-30 15:00:00+00:00,0.5251909126152212,0.9811315125482043
2050-07-30 16:00:00+00:00,0.5791036557199262,0.9815073903282285
2050-07-30 17:00:00+00:00,0.5791029433552303,0.9818811176412022
2050-07-30 18:00:00+00:00,0.5789986948859787,0.982253998195171
2050-07-30 19:00:00+00:00,0.5788955645745294,0.9826260687731748
2050-07-30 20:00:00+00:00,0.5787923299538231,0.982997348963717
2050-07-30 21:00:00+00:00,0.5786888594352758,0.9833682798136194
2050-07-30 22:00:00+00:00,0.5785850252131923,0.983738987823473
2050-07-30 23:00:00+00:00,0.5784805470578865,0.9841094925838414
2050-07-31 00:00:00+00:00,0.5783769037238823,0.984479810522356
2050-07-31 01:00:00+00:00,0.5782732145674813,0.9848499439442712
2050-07-31 02:00:00+00:00,0.5781691022364567,0.9852198794856234
2050-07-31 03:00:00+00:00,0.5758298243556749,0.9855896109966936
2050-07-31 04:00:00+00:00,0.5734562148035057,0.985959150233483
2050-07-31 05:00:00+00:00,0.5710458347864796,0.9863285018448689
2050-07-31 06:00:00+00:00,0.5686937352914392,0.9866976521295046
2050-07-31 07:00:00+00:00,0.5686923869751809,0.9870665785237716
2050-07-31 08:00:00+00:00,0.6226055226338576,0.9874352464559849
2050-07-31 09:00:00+00:00,0.6765186642616716,0.9878036400039714
2050-07-31 10:00:00+00:00,0.7304318052966164,0.9881716370335957
2050-07-31 11:00:00+00:00,0.7843450772582276,0.988539262880314
2050-07-31 12:00:00+00:00,0.8382583703566018,0.9889063953524836
2050-07-31 13:00:00+00:00,0.8921716424378529,0.9892720304694212
2050-07-31 14:00:00+00:00,0.9460847841373882,0.9896366688635456
2050-07-31 15:00:00+00:00,0.9999979245280919,0.9900005984157574
2050-07-31 16:00:00+00:00,0.9999975194357796,0.9903639046268402
2050-07-31 17:00:00+00:00,0.9331209294022357,0.9898313109389035
2050-07-31 18:00:00+00:00,0.8613823835478595,0.9892230097107629
2050-07-31 19:00:00+00:00,0.7896426288223793,0.9886145139885596
2050-07-31 20:00:00+00:00,0.7179033892292555,0.9880058138035871
2050-07-31 21:00:00+00:00,0.6503669905458995,0.9874456631186743
2050-07-31 22:00:00+00:00,0.5835654611601037,0.9869005299715069
2050-07-31 23:00:00+00:00,0.5169022551129885,0.9863585015962665
2050-08-01 00:00:00+00:00,0.4503066268501073,0.9858179915901844
2050-08-01 01:00:00+00:00,0.38373812800518914,0.9852783249020521
2050-08-01 02:00:00+00:00,0.31715915066968203,0.9847387315712618
2050-08-01 03:00:00+00:00,0.25051589416253284,0.984198264138447
2050-08-01 04:00:00+00:00,0.18376643646341792,0.9836559151726114
2050-08-01 05:00:00+00:00,0.11678588008165497,0.9831091765546848
2050-08-01 06:00:00+00:00,0.04992189291765217,0.9825690098273445
2050-08-01 07:00:00+00:00,0.04992178976767249,0.9829291954815774
2050-08-01 08:00:00+00:00,0.10383508179761748,0.9832891690972527
2050-08-01 09:00:00+00:00,0.1577483728980267,0.9836489388555086
2050-08-01 10:00:00+00:00,0.2116616639400625,0.9840082927858791
2050-08-01 11:00:00+00:00,0.26557495526274866,0.9843673915080644
2050-08-01 12:00:00+00:00,0.31948824659475716,0.9847262701888138
2050-08-01 13:00:00+00:00,0.3734015377206617,0.9850847917157273
2050-08-01 14:00:00+00:00,0.42731482885579214,0.985442987190625
2050-08-01 15:00:00+00:00,0.4812281201553982,0.9858008594486537
2050-08-01 16:00:00+00:00,0.5351413263822955,0.9861585341646968
2050-08-01 17:00:00+00:00,0.5320219547276656,0.9864973337916894
2050-08-01 18:00:00+00:00,0.4670591443564691,0.9865222394758388
2050-08-01 19:00:00+00:00,0.4003350828807634,0.9860715459399741
2050-08-01 20:00:00+00:00,0.3351998279114076,0.9860832338195615
2050-08-01 21:00:00+00:00,0.30755681538152807,0.9863927221664915
2050-08-01 22:00:00+00:00,0.30012908213147776,0.9867191652475447
2050-08-01 23:00:00+00:00,0.29264350090822405,0.9870455424906125
2050-08-02 00:00:00+00:00,0.2849854739609153,0.9873717202966301
2050-08-02 01:00:00+00:00,0.2763143580057909,0.9876963435424145
2050-08-02 02:00:00+00:00,0.2515750636503991,0.9880087318033537
2050-08-02 03:00:00+00:00,0.18679407112135452,0.9881856985723463
2050-08-02 04:00:00+00:00,0.11893674938796521,0.9876722462449558
2050-08-02 05:00:00+00:00,0.05071328348541368,0.9871371752884358
2050-08-02 06:00:00+00:00,8.536726920457476e-07,0.98744581754841
2050-08-02 07:00:00+00:00,6.324002807297025e-07,0.9878004183940843
2050-08-02 08:00:00+00:00,0.05391389693749188,0.9881548170371859
2050-08-02 09:00:00+00:00,0.10782716014834824,0.9885089790863749
2050-08-02 10:00:00+00:00,0.16174044714330382,0.9888628797673986
2050-08-02 11:00:00+00:00,0.215653734057544,0.9892165142459728
2050-08-02 12:00:00+00:00,0.269567020876376,0.9895698592349619
2050-08-02 13:00:00+00:00,0.32348030691796187,0.9899229276716017
2050-08-02 14:00:00+00:00,0.3773935692125018,0.9902757293522829
2050-08-02 15:00:00+00:00,0.43130683203360903,0.9906282366668471
2050-08-02 16:00:00+00:00,0.485220033075079,0.9909804856850049
2050-08-02 17:00:00+00:00,0.48509856920394173,0.9913326694859349
2050-08-02 18:00:00+00:00,0.48012594280756893,0.9916846482882703
2050-08-02 19:00:00+00:00,0.4751350394663661,0.9920364614458755
2050-08-02 20:00:00+00:00,0.4702191824385049,0.9923881203138271
2050-08-02 21:00:00+00:00,0.4667211461196129,0.9927396409942327
2050-08-02 22:00:00+00:00,0.4665968014152927,0.993091034053479
2050-08-02 23:00:00+00:00,0.466472101970986,0.9934422271475802
2050-08-03 00:00:00+00:00,0.466347813297405,0.9937930554084893
2050-08-03 01:00:00+00:00,0.46622334364487766,0.994143658058573
2050-08-03 02:00:00+00:00,0.46609874756667324,0.9944941235017503
2050-08-03 03:00:00+00:00,0.46597405529894076,0.9948444528114095
2050-08-03 04:00:00+00:00,0.4658492298655002,0.9951946421488549
2050-08-03 05:00:00+00:00,0.4609925621998063,0.9955446679036902
2050-08-03 06:00:00+00:00,0.460866962568569,0.9958945233002664
2050-08-03 07:00:00+00:00,0.5147801786714622,0.9962441118609973
2050-08-03 08:00:00+00:00,0.5686934577117525,0.9965934883785937
2050-08-03 09:00:00+00:00,0.6226067374006903,0.9969426724674902
2050-08-03 10:00:00+00:00,0.6765200285133066,0.997291665461649
2050-08-03 11:00:00+00:00,0.730433318930743,0.9976404169179303
2050-08-03 12:00:00+00:00,0.7843466089675095,0.9979890311528223
2050-08-03 13:00:00+00:00,0.8382598997394954,0.9983376026319107
2050-08-03 14:00:00+00:00,0.892173178274842,0.9986853959137102
2050-08-03 15:00:00+00:00,0.9460864576343488,0.9990326882613695
2050-08-03 16:00:00+00:00,0.9999996329329619,0.999378497842017
2050-08-03 17:00:00+00:00,0.999715697311928,0.9997207004380069
2050-08-03 18:00:00+00:00,0.9600537306149417,0.9994006001387415
2050-08-03 19:00:00+00:00,0.90647457549593,0.9988971436395566
2050-08-03 20:00:00+00:00,0.8422467168331104,0.9983225889732498
2050-08-03 21:00:00+00:00,0.7858737852561432,0.9977990121906052
2050-08-03 22:00:00+00:00,0.7560753560882344,0.9975311094797014
2050-08-03 23:00:00+00:00,0.7305929505699117,0.9973739211353595
2050-08-04 00:00:00+00:00,0.7070038869717832,0.9972827003957626
2050-08-04 01:00:00+00:00,0.6833178900886581,0.9971997098050996
2050-08-04 02:00:00+00:00,0.6577657925285134,0.9970748707073134
2050-08-04 03:00:00+00:00,0.6308407235421785,0.996927157177253
2050-08-04 04:00:00+00:00,0.6040450533391925,0.9968000257375609
2050-08-04 05:00:00+00:00,0.5757671448506427,0.9966530564766534
2050-08-04 06:00:00+00:00,0.560336124750229,0.9968061365835363
2050-08-04 07:00:00+00:00,0.560336020512103,0.9971320632583291
2050-08-04 08:00:00+00:00,0.6142492932617721,0.9974559240983027
2050-08-04 09:00:00+00:00,0.6681625654471335,0.9977772915695665
2050-08-04 10:00:00+00:00,0.722075857822668,0.9980962609434157
2050-08-04 11:00:00+00:00,0.7759891503194051,0.9984128962032985
2050-08-04 12:00:00+00:00,0.8299024427783773,0.9987273385758152
2050-08-04 13:00:00+00:00,0.8838157351877133,0.999038720241199
2050-08-04 14:00:00+00:00,0.9377290073627043,0.9993461064795038
2050-08-04 15:00:00+00:00,0.991642279990285,0.9996483148698482
2050-08-04 16:00:00+00:00,0.9916421713470255,0.9999477889805731
2050-08-04 17:00:00+00:00,0.9742157688535297,0.9998258997312429
2050-08-04 18:00:00+00:00,0.9297719954144739,0.9993802088889628
2050-08-04 19:00:00+00:00,0.8580398406826428,0.9987018181428695
2050-08-04 20:00:00+00:00,0.7863137651706164,0.9980202163412096
2050-08-04 21:00:00+00:00,0.7424393282355404,0.997586844659301
2050-08-04 22:00:00+00:00,0.724071575651235,0.9976518904836207
2050-08-04 23:00:00+00:00,0.7098121248806211,0.9977771492462298
2050-08-05 00:00:00+00:00,0.696997607070084,0.9979200050582898
2050-08-05 01:00:00+00:00,0.6848576013821952,0.9980694161804525
2050-08-05 02:00:00+00:00,0.6727711143743322,0.998216270784061
2050-08-05 03:00:00+00:00,0.6596941891389715,0.9983492820187428
2050-08-05 04:00:00+00:00,0.6335656053144559,0.998348757141889
2050-08-05 05:00:00+00:00,0.5797078935405741,0.9978220538503781
2050-08-05 06:00:00+00:00,0.5686927383651089,0.9979629092185436
2050-08-05 07:00:00+00:00,0.5686924313051438,0.9981885714905812
2050-08-05 08:00:00+00:00,0.622605704921251,0.9984046402081695
2050-08-05 09:00:00+00:00,0.6765189784339278,0.9986118944495023
2050-08-05 10:00:00+00:00,0.7304322729377604,0.9988115131944172
2050-08-05 11:00:00+00:00,0.7843455669926209,0.999004974232348
2050-08-05 12:00:00+00:00,0.83825886116767,0.9991939202426018
2050-08-05 13:00:00+00:00,0.8921721345195404,0.999380832767436
2050-08-05 14:00:00+00:00,0.9460854079768184,0.9995670726751368
2050-08-05 15:00:00+00:00,0.9999986808789142,0.9997531085721624
2050-08-05 16:00:00+00:00,0.9999984823326586,0.9999390374142898
2050-08-05 17:00:00+00:00,0.9999978740810638,0.9999978324681231
2050-08-05 18:00:00+00:00,0.9999974528047111,0.9995880401258697
2050-08-05 19:00:00+00:00,0.9999971277646974,0.9993677583127104
2050-08-05 20:00:00+00:00,0.9999968660987861,0.9992493807195757
2050-08-05 21:00:00+00:00,0.999996652323223,0.9991835495957654
2050-08-05 22:00:00+00:00,0.9999964751875877,0.9991488183048454
2050-08-05 23:00:00+00:00,0.9999963266890646,0.9991350414627931
2050-08-06 00:00:00+00:00,0.9999962047347799,0.9991309000618671
2050-08-06 01:00:00+00:00,0.9999961083059752,0.9991306514116713
2050-08-06 02:00:00+00:00,0.999996033152094,0.9991298797172743
2050-08-06 03:00:00+00:00,0.9999959775554786,0.99904295463735
2050-08-06 04:00:00+00:00,0.9999959414666731,0.9982688754853184
2050-08-06 05:00:00+00:00,0.9999959226094077,0.9974818467827672
2050-08-06 06:00:00+00:00,0.9999959219307553,0.9970297487912235
2050-08-06 07:00:00+00:00,0.9999959374690068,0.997144211371544
2050-08-06 08:00:00+00:00,0.999996114062214,0.9973278241430318
2050-08-06 09:00:00+00:00,0.999996318734428,0.9975113831468856
2050-08-06 10:00:00+00:00,0.9999965488297394,0.9976950144550086
2050-08-06 11:00:00+00:00,0.9999970401734382,0.9978790439179198
2050-08-06 12:00:00+00:00,0.9999976445362966,0.998063693784808
2050-08-06 13:00:00+00:00,0.9999980343187354,0.998249092172391
2050-08-06 14:00:00+00:00,0.9999985708033657,0.9984365384710538
2050-08-06 15:00:00+00:00,0.9999994251506107,0.9986254900403033
2050-08-06 16:00:00+00:00,0.9999999979028104,0.998499832761336
2050-08-06 17:00:00+00:00,0.9286649424212773,0.9977188948421424
2050-08-06 18:00:00+00:00,0.8568892990813989,0.9969399309631598
2050-08-06 19:00:00+00:00,0.7851169443523571,0.9961636792607874
2050-08-06 20:00:00+00:00,0.7133469487635794,0.9953906882211652
2050-08-06 21:00:00+00:00,0.6419933537829886,0.994621019966181
2050-08-06 22:00:00+00:00,0.5707085717627783,0.9938570784068053
2050-08-06 23:00:00+00:00,0.4994287993741674,0.9931003821379586
2050-08-07 00:00:00+00:00,0.42815166937653404,0.9923511943553565
2050-08-07 01:00:00+00:00,0.3568764586590804,0.9916082978632281
2050-08-07 02:00:00+00:00,0.2856023909223177,0.9908670257122721
2050-08-07 03:00:00+00:00,0.2143253159785727,0.9901261767425649
2050-08-07 04:00:00+00:00,0.14303696619550302,0.9893857088221478
2050-08-07 05:00:00+00:00,0.07127179712410066,0.9886457201352433
2050-08-07 06:00:00+00:00,1.705533596863447e-07,0.9879061808489566
2050-08-07 07:00:00+00:00,8.552920325579576e-08,0.9871675158683529
2050-08-07 08:00:00+00:00,0.05391340448353337,0.9864295913200292
2050-08-07 09:00:00+00:00,0.10782672423489678,0.9856937726031624
2050-08-07 10:00:00+00:00,0.16174004422079494,0.9849606398459975
2050-08-07 11:00:00+00:00,0.21565336471632224,0.9842305786415968
2050-08-07 12:00:00+00:00,0.26956668473700995,0.9835042693866233
2050-08-07 13:00:00+00:00,0.3234800045137016,0.9827819282073702
2050-08-07 14:00:00+00:00,0.37739332379098617,0.9820647159374869
2050-08-07 15:00:00+00:00,0.4313066424340704,0.9813518662736118
2050-08-07 16:00:00+00:00,0.48521996072229334,0.980644444340046
2050-08-07 17:00:00+00:00,0.48521984301848287,0.979942091754018
2050-08-07 18:00:00+00:00,0.4568898397695478,0.979245198010781
2050-08-07 19:00:00+00:00,0.38516805493662776,0.9785536314391295
2050-08-07 20:00:00+00:00,0.31344481373034183,0.9778653425674162
2050-08-07 21:00:00+00:00,0.26912282015825534,0.9771797696702333
2050-08-07 22:00:00+00:00,0.2603538690938109,0.9764966191356566
2050-08-07 23:00:00+00:00,0.2518808786546478,0.9758154878736361
2050-08-08 00:00:00+00:00,0.2434230114990941,0.9751361905386481
2050-08-08 01:00:00+00:00,0.23478224734143546,0.9744589763994561
2050-08-08 02:00:00+00:00,0.2258435992387494,0.9737836342635517
2050-08-08 03:00:00+00:00,0.2152035036671269,0.973111459340415
2050-08-08 04:00:00+00:00,0.14347201547808108,0.9724430870938907
2050-08-08 05:00:00+00:00,0.07173226587034671,0.971778000328306
2050-08-08 06:00:00+00:00,2.0883992409134983e-08,0.9711171113960687
2050-08-08 07:00:00+00:00,6.45160371526835e-07,0.9704596825814736
2050-08-08 08:00:00+00:00,1.5630921473482118e-06,0.9707767820454957
2050-08-08 09:00:00+00:00,2.1346741153908522e-06,0.9710966764290498
2050-08-08 10:00:00+00:00,2.5654883874418164e-06,0.9714199778496689
2050-08-08 11:00:00+00:00,2.9276000523280016e-06,0.9717461680052993
2050-08-08 12:00:00+00:00,3.233123375278789e-06,0.9720760261829057
2050-08-08 13:00:00+00:00,3.4941462907663252e-06,0.9724086451019797
2050-08-08 14:00:00+00:00,3.7129987248232177e-06,0.9727436974105438
2050-08-08 15:00:00+00:00,3.900980512902594e-06,0.9730815254725428
2050-08-08 16:00:00+00:00,3.926103045719521e-06,0.9733824021664789
2050-08-08 17:00:00+00:00,3.9377707855559365e-06,0.9735912870287684
2050-08-08 18:00:00+00:00,3.931097459406257e-06,0.9730111921102302
2050-08-08 19:00:00+00:00,3.903625716775454e-06,0.9723853480418982
2050-08-08 20:00:00+00:00,3.8569287698490226e-06,0.9717595906764146
2050-08-08 21:00:00+00:00,3.7912102968234023e-06,0.9712344953853528
2050-08-08 22:00:00+00:00,3.7044960038353827e-06,0.9713143232480396
2050-08-08 23:00:00+00:00,3.5937042390875657e-06,0.9714874828650794
2050-08-09 00:00:00+00:00,3.4567615414590133e-06,0.971675319165955
2050-08-09 01:00:00+00:00,3.289759772888674e-06,0.9718691127505745
2050-08-09 02:00:00+00:00,3.0866685821759836e-06,0.9720642598492881
2050-08-09 03:00:00+00:00,2.837461195011203e-06,0.9722545357120065
2050-08-09 04:00:00+00:00,2.5275807209030185e-06,0.9724032344555251
2050-08-09 05:00:00+00:00,2.1269429397666516e-06,0.9719038460651992
2050-08-09 06:00:00+00:00,1.5586174122875195e-06,0.9721178918106165
2050-08-09 07:00:00+00:00,1.2349891861303132e-06,0.9724635832159355
2050-08-09 08:00:00+00:00,0.053910700935195205,0.9728093006483539
2050-08-09 09:00:00+00:00,0.10782031653975864,0.9731550495477181
2050-08-09 10:00:00+00:00,0.16173107255338012,0.9735008786843683
2050-08-09 11:00:00+00:00,0.2156443431809747,0.9738468595739597
2050-08-09 12:00:00+00:00,0.2695576138170028,0.9741929186128717
2050-08-09 13:00:00+00:00,0.3234673633659973,0.9745391213338178
2050-08-09 14:00:00+00:00,0.37737698485931703,0.974885494049104
2050-08-09 15:00:00+00:00,0.43128658629456273,0.9752320396122872
2050-08-09 16:00:00+00:00,0.43128634830190016,0.9755787036184499
2050-08-09 17:00:00+00:00,0.423177663722003,0.9758449357716864
2050-08-09 18:00:00+00:00,0.41230428072688363,0.976077723419652
2050-08-09 19:00:00+00:00,0.39877567766476946,0.9762771272658683
2050-08-09 20:00:00+00:00,0.38439260142440945,0.9764675116591095
2050-08-09 21:00:00+00:00,0.37163163192988363,0.9766818905577818
2050-08-09 22:00:00+00:00,0.3593119750140975,0.976903991399241
2050-08-09 23:00:00+00:00,0.347044321726877,0.9771289479397641
2050-08-10 00:00:00+00:00,0.33473139485711445,0.9773557340131808
2050-08-10 01:00:00+00:00,0.3220611674420365,0.9775810902384513
2050-08-10 02:00:00+00:00,0.3084422358589511,0.9777992754220609
2050-08-10 03:00:00+00:00,0.2923418270667073,0.9779956524824824
2050-08-10 04:00:00+00:00,0.27300671565053786,0.9781645265695629
2050-08-10 05:00:00+00:00,0.2361517411180785,0.9781115233213091
2050-08-10 06:00:00+00:00,0.22391686674911374,0.978354742755555
2050-08-10 07:00:00+00:00,0.22391626246036206,0.9786993386402564
2050-08-10 08:00:00+00:00,0.2778295322481434,0.9790438272936539
2050-08-10 09:00:00+00:00,0.3317428028548467,0.9793882060431404
2050-08-10 10:00:00+00:00,0.38565607384122425,0.97973245349408
2050-08-10 11:00:00+00:00,0.43956934588288427,0.9800765465806591
2050-08-10 12:00:00+00:00,0.4934826394157837,0.9804202660931278
2050-08-10 13:00:00+00:00,0.5473959114141047,0.9807635541737828
2050-08-10 14:00:00+00:00,0.6013091822405516,0.9811063350671758
2050-08-10 15:00:00+00:00,0.6552224529371232,0.9814485452525541
2050-08-10 16:00:00+00:00,0.6761649503380149,0.9817902952279021
2050-08-10 17:00:00+00:00,0.6666060509716847,0.9820590081509496
2050-08-10 18:00:00+00:00,0.6435011242381147,0.982236080444319
2050-08-10 19:00:00+00:00,0.5943522648147059,0.9820242016620973
2050-08-10 20:00:00+00:00,0.5430191979135365,0.9817401278849948
2050-08-10 21:00:00+00:00,0.49404881325081174,0.981529799376548
2050-08-10 22:00:00+00:00,0.4685742811900645,0.9816880850251757
2050-08-10 23:00:00+00:00,0.4444530640470939,0.9818573293609617
2050-08-11 00:00:00+00:00,0.42192526754164417,0.9820389542961341
2050-08-11 01:00:00+00:00,0.39942988226054055,0.9822230312750049
2050-08-11 02:00:00+00:00,0.3768488077551392,0.9824091745261665
2050-08-11 03:00:00+00:00,0.35290097186129826,0.982590306423019
2050-08-11 04:00:00+00:00,0.33092563970257316,0.9827857202538629
2050-08-11 05:00:00+00:00,0.30785677327595834,0.9829786859611305
2050-08-11 06:00:00+00:00,0.29372313688427676,0.9832219415919295
2050-08-11 07:00:00+00:00,0.29372297744345627,0.983560112267524
2050-08-11 08:00:00+00:00,0.3476362495078286,0.9838980705484355
2050-08-11 09:00:00+00:00,0.4015495218552214,0.9842358114000131
2050-08-11 10:00:00+00:00,0.45546281592197774,0.9845733883477223
2050-08-11 11:00:00+00:00,0.5093761100593863,0.9849107425817729
2050-08-11 12:00:00+00:00,0.5632894039890064,0.9852478338300236
2050-08-11 13:00:00+00:00,0.6172026767733578,0.9855845820192798
2050-08-11 14:00:00+00:00,0.6711159488922656,0.9859210757097482
2050-08-11 15:00:00+00:00,0.7250292206052482,0.986257211658658
2050-08-11 16:00:00+00:00,0.7250291054190768,0.9865930520841983
2050-08-11 17:00:00+00:00,0.7141000822657158,0.9868545253774575
2050-08-11 18:00:00+00:00,0.6882175912533477,0.9870367405629324
2050-08-11 19:00:00+00:00,0.6421795658543307,0.9870316196626476
2050-08-11 20:00:00+00:00,0.6035826586622279,0.9871262602721432
2050-08-11 21:00:00+00:00,0.5799296503915315,0.9873150082679277
2050-08-11 22:00:00+00:00,0.5639117029037962,0.9875426009296041
2050-08-11 23:00:00+00:00,0.5485088573631915,0.9877735767236541
2050-08-12 00:00:00+00:00,0.5331714825374636,0.9880051281280084
2050-08-12 01:00:00+00:00,0.5171937939542077,0.9882336747460855
2050-08-12 02:00:00+00:00,0.49939853753410374,0.9884534276612662
2050-08-12 03:00:00+00:00,0.46364465716138265,0.988578417929095
2050-08-12 04:00:00+00:00,0.4017609703418203,0.9880684872732911
2050-08-12 05:00:00+00:00,0.33003702195354867,0.987431904926565
2050-08-12 06:00:00+00:00,0.28314158699343633,0.9874585252765599
2050-08-12 07:00:00+00:00,0.2831409651569587,0.9877925972114634
2050-08-12 08:00:00+00:00,0.3370542344683093,0.9881265603713164
2050-08-12 09:00:00+00:00,0.390967504563708,0.9884604069264712
2050-08-12 10:00:00+00:00,0.4448807749831526,0.9887941416003183
2050-08-12 11:00:00+00:00,0.49879404731864047,0.989127786007929
2050-08-12 12:00:00+00:00,0.5527073196879431,0.9894613216561287
2050-08-12 13:00:00+00:00,0.6066205901289445,0.9897951825037479
2050-08-12 14:00:00+00:00,0.6605338603014678,0.9901299809703618
2050-08-12 15:00:00+00:00,0.714447130067685,0.9904654644404035
2050-08-12 16:00:00+00:00,0.7144469963622091,0.9908009115158655
2050-08-12 17:00:00+00:00,0.7062644525747258,0.9910811746879209
2050-08-12 18:00:00+00:00,0.6919571698154754,0.9913324274981115
2050-08-12 19:00:00+00:00,0.6774558918430842,0.9915829710328595
2050-08-12 20:00:00+00:00,0.6638240315638704,0.9918369612948013
2050-08-12 21:00:00+00:00,0.6510096483679945,0.9920942948317418
2050-08-12 22:00:00+00:00,0.6386731558885418,0.992353652233023
2050-08-12 23:00:00+00:00,0.6262137159490939,0.9926122632547691
2050-08-13 00:00:00+00:00,0.6136999461798739,0.9928705902375325
2050-08-13 01:00:00+00:00,0.6012732289784817,0.9931297325850342
2050-08-13 02:00:00+00:00,0.5887384915099757,0.9933888376245268
2050-08-13 03:00:00+00:00,0.5755465150072293,0.99364563645281
2050-08-13 04:00:00+00:00,0.5586743163292562,0.9938878715416025
2050-08-13 05:00:00+00:00,0.4954236610725813,0.9933838081632236
2050-08-13 06:00:00+00:00,0.4802364869440029,0.993634428222547
2050-08-13 07:00:00+00:00,0.4802358753090151,0.9939718592275748
2050-08-13 08:00:00+00:00,0.5341491435578141,0.9943091750461814
2050-08-13 09:00:00+00:00,0.5880624120938562,0.994646345680646
2050-08-13 10:00:00+00:00,0.6419756803498803,0.9949832725867881
2050-08-13 11:00:00+00:00,0.6958889537277709,0.9953196495841968
2050-08-13 12:00:00+00:00,0.7498022271795185,0.9956554910591191
2050-08-13 13:00:00+00:00,0.8037155004616354,0.9959912236397105
2050-08-13 14:00:00+00:00,0.8576287693798293,0.9963258083414052
2050-08-13 15:00:00+00:00,0.9115420379029572,0.9966601139459923
2050-08-13 16:00:00+00:00,0.9115417168093833,0.9969941567453474
2050-08-13 17:00:00+00:00,0.9029253472672294,0.99726332188026
2050-08-13 18:00:00+00:00,0.893723250778967,0.997517881807649
2050-08-13 19:00:00+00:00,0.8457034952241635,0.9972248492106724
2050-08-13 20:00:00+00:00,0.8029476745990548,0.9970305388214179
2050-08-13 21:00:00+00:00,0.7896930039570471,0.997234451951665
2050-08-13 22:00:00+00:00,0.7819863309977398,0.9974803769880729
2050-08-13 23:00:00+00:00,0.7744949664213592,0.9977206850996164
2050-08-14 00:00:00+00:00,0.7671821832297201,0.9979549906691231
2050-08-14 01:00:00+00:00,0.7600338254018759,0.9981845634866043
2050-08-14 02:00:00+00:00,0.7529502352966231,0.9984132878257478
2050-08-14 03:00:00+00:00,0.7449933721721886,0.9986347802564894
2050-08-14 04:00:00+00:00,0.6891925076472588,0.9981588859618175
2050-08-14 05:00:00+00:00,0.617478649586433,0.9974779320171479
2050-08-14 06:00:00+00:00,0.5686912484743881,0.9972548541969412
2050-08-14 07:00:00+00:00,0.5686906407884725,0.9975426541811995
2050-08-14 08:00:00+00:00,0.6226039107609627,0.9978294801005222
2050-08-14 09:00:00+00:00,0.6765171809271878,0.9981139720001031
2050-08-14 10:00:00+00:00,0.7304304736040709,0.9983955567704076
2050-08-14 11:00:00+00:00,0.784343766120696,0.9986738920552983
2050-08-14 12:00:00+00:00,0.8382570586539815,0.9989482855749523
2050-08-14 13:00:00+00:00,0.8921703512637376,0.9992185336077442
2050-08-14 14:00:00+00:00,0.9460836213387558,0.999483655233475
2050-08-14 15:00:00+00:00,0.9999968917128971,0.999744566823682
2050-08-14 16:00:00+00:00,0.9999964012847868,0.9999999907292725
2050-08-14 17:00:00+00:00,0.9878476838461768,0.9999430246476592
2050-08-14 18:00:00+00:00,0.9234406079945785,0.9992795461717334
2050-08-14 19:00:00+00:00,0.8517793896936288,0.9985484003441631
2050-08-14 20:00:00+00:00,0.789794472163978,0.9979002780418046
2050-08-14 21:00:00+00:00,0.7459479818341593,0.9975225988769555
2050-08-14 22:00:00+00:00,0.710614264663085,0.9973458499547831
2050-08-14 23:00:00+00:00,0.6795471369881345,0.9972585361409287
2050-08-15 00:00:00+00:00,0.6532176844593125,0.997245623671113
2050-08-15 01:00:00+00:00,0.6285594750532341,0.9972582609954795
2050-08-15 02:00:00+00:00,0.6036485779066009,0.9972753563853286
2050-08-15 03:00:00+00:00,0.5695646116886262,0.9971984596597123
2050-08-15 04:00:00+00:00,0.5182378685909821,0.9967379126150473
2050-08-15 05:00:00+00:00,0.4528429479100713,0.9960343661921459
2050-08-15 06:00:00+00:00,0.42855544731046014,0.996073247945692
2050-08-15 07:00:00+00:00,0.42855519600070224,0.9962762169250942
2050-08-15 08:00:00+00:00,0.4824684671509049,0.9964759888107776
2050-08-15 09:00:00+00:00,0.5363817377814618,0.9966727369408632
2050-08-15 10:00:00+00:00,0.5902950307530257,0.9968658484759659
2050-08-15 11:00:00+00:00,0.6442083237333476,0.997055838273619
2050-08-15 12:00:00+00:00,0.6981216166087355,0.9972419376162416
2050-08-15 13:00:00+00:00,0.7520349093076256,0.9974250633361401
2050-08-15 14:00:00+00:00,0.8059481796169609,0.9976055352603914
2050-08-15 15:00:00+00:00,0.8598614500433828,0.9977830134954451
2050-08-15 16:00:00+00:00,0.8598611943452369,0.9979573031348479
2050-08-15 17:00:00+00:00,0.8597167625080769,0.9981282120675672
2050-08-15 18:00:00+00:00,0.8085047809852941,0.9977719821055894
2050-08-15 19:00:00+00:00,0.757287871494174,0.9974113535676772
2050-08-15 20:00:00+00:00,0.7082305902457724,0.9971450555163182
2050-08-15 21:00:00+00:00,0.6671836564297677,0.9970617903583865
2050-08-15 22:00:00+00:00,0.6536405398369248,0.9971457754105479
2050-08-15 23:00:00+00:00,0.6534974831425078,0.9973128655387204
2050-08-16 00:00:00+00:00,0.6533550403297911,0.9974796311243385
2050-08-16 01:00:00+00:00,0.6532128602415924,0.9976461345227844
2050-08-16 02:00:00+00:00,0.6530707958352698,0.9978124053213986
2050-08-16 03:00:00+00:00,0.6529271863168332,0.9979783985160652
2050-08-16 04:00:00+00:00,0.6242598230882656,0.9980149496612073
2050-08-16 05:00:00+00:00,0.5779850657660923,0.9979596861225263
2050-08-16 06:00:00+00:00,0.5533067300229028,0.9980145728776474
2050-08-16 07:00:00+00:00,0.5533062774896074,0.9981804840551274
2050-08-16 08:00:00+00:00,0.6072194397433797,0.9983461559566715
2050-08-16 09:00:00+00:00,0.6611327146206472,0.9985115743827547
2050-08-16 10:00:00+00:00,0.7150460103079966,0.9986766997917923
2050-08-16 11:00:00+00:00,0.7689593074984143,0.9988414744211492
2050-08-16 12:00:00+00:00,0.8228725869679936,0.9990060904652336
2050-08-16 13:00:00+00:00,0.8767858642065693,0.9991708155608001
2050-08-16 14:00:00+00:00,0.9306990264031366,0.9993369543710912
2050-08-16 15:00:00+00:00,0.9846119248433964,0.9995037469803575
2050-08-16 16:00:00+00:00,0.9846109650884135,0.999670687525273
2050-08-16 17:00:00+00:00,0.9574868054780604,0.9994693434179125
2050-08-16 18:00:00+00:00,0.8857529841308046,0.998665965614612
2050-08-16 19:00:00+00:00,0.8140204048596792,0.9978629226877739
2050-08-16 20:00:00+00:00,0.7424699583291396,0.9970618570985635
2050-08-16 21:00:00+00:00,0.6825475521549595,0.9963448932119929
2050-08-16 22:00:00+00:00,0.6513993728216358,0.9959303916208997
2050-08-16 23:00:00+00:00,0.624562675350303,0.9956338331108008
2050-08-17 00:00:00+00:00,0.5998612226077299,0.9954068718756272
2050-08-17 01:00:00+00:00,0.575549310872948,0.9952011708397568
2050-08-17 02:00:00+00:00,0.5488714945193292,0.9949450495430362
2050-08-17 03:00:00+00:00,0.5169618393162848,0.9945730284513656
2050-08-17 04:00:00+00:00,0.47925803304837794,0.9941010922934637
2050-08-17 05:00:00+00:00,0.4217171028147667,0.9934126823055879
2050-08-17 06:00:00+00:00,0.4068980721792831,0.9934283903612425
2050-08-17 07:00:00+00:00,0.40689779137718385,0.9936000636243029
2050-08-17 08:00:00+00:00,0.4608110629055051,0.9937718854567634
2050-08-17 09:00:00+00:00,0.5147243571399198,0.9939438906439071
2050-08-17 10:00:00+00:00,0.5686376515583086,0.9941160907890366
2050-08-17 11:00:00+00:00,0.6225509459342835,0.9942888833611842
2050-08-17 12:00:00+00:00,0.6764642404967066,0.9944618870501962
2050-08-17 13:00:00+00:00,0.7303775349177409,0.9946352453720023
2050-08-17 14:00:00+00:00,0.7842908299124509,0.994808795815438
2050-08-17 15:00:00+00:00,0.8382041243984389,0.9949828917872512
2050-08-17 16:00:00+00:00,0.892117400146807,0.9951572916902829
2050-08-17 17:00:00+00:00,0.8921171300258859,0.9953319098528228
2050-08-17 18:00:00+00:00,0.8921163893125477,0.9955066296595404
2050-08-17 19:00:00+00:00,0.8921156494069298,0.9956816126350606
2050-08-17 20:00:00+00:00,0.8921149077006097,0.9958565956017351
2050-08-17 21:00:00+00:00,0.8921141643183849,0.9960314984820051
2050-08-17 22:00:00+00:00,0.8921134193053122,0.9962063001914828
2050-08-17 23:00:00+00:00,0.892112671119728,0.996381000337451
2050-08-18 00:00:00+00:00,0.8921119214719664,0.9965555973518958
2050-08-18 01:00:00+00:00,0.892111170214263,0.9967300909764606
2050-08-18 02:00:00+00:00,0.892110418269796,0.9969044823075102
2050-08-18 03:00:00+00:00,0.8921096669416694,0.9970787716425216
2050-08-18 04:00:00+00:00,0.892108916218143,0.9972529595037706
2050-08-18 05:00:00+00:00,0.8921081663014384,0.9974270466662583
2050-08-18 06:00:00+00:00,0.8921074114706109,0.9976010357555593
2050-08-18 07:00:00+00:00,0.8921071238100479,0.9977749340641174
2050-08-18 08:00:00+00:00,0.8921063774663293,0.9979487514087872
2050-08-18 09:00:00+00:00,0.8921056298910275,0.9981225348362865
2050-08-18 10:00:00+00:00,0.8921048824873821,0.9982963081872893
2050-08-18 11:00:00+00:00,0.8921045988708194,0.9984700734376796
2050-08-18 12:00:00+00:00,0.9460178609282879,0.9986439479834998
2050-08-18 13:00:00+00:00,0.999931097595978,0.9988180297728511
2050-08-18 14:00:00+00:00,0.9999310547826449,0.9989922205664883
2050-08-18 15:00:00+00:00,0.9999307733605288,0.9991665787470703
2050-08-18 16:00:00+00:00,0.9999304890110852,0.9993412123831137
2050-08-18 17:00:00+00:00,0.9999129970131161,0.9995148208200575
2050-08-18 18:00:00+00:00,0.999897158201625,0.998884384726124
2050-08-18 19:00:00+00:00,0.9998832944192976,0.9984266708170689
2050-08-18 20:00:00+00:00,0.9998707239697631,0.998092631718356
2050-08-18 21:00:00+00:00,0.9998592330584894,0.9981680187287064
2050-08-18 22:00:00+00:00,0.9998490900044237,0.9983414224287583
2050-08-18 23:00:00+00:00,0.9998395096178313,0.9985147504445178
2050-08-19 00:00:00+00:00,0.9998303921940406,0.9986879961250146
2050-08-19 01:00:00+00:00,0.999821680265515,0.9988611616179419
2050-08-19 02:00:00+00:00,0.999813331763969,0.9990342456192481
2050-08-19 03:00:00+00:00,0.9998053136305476,0.9992072388968383
2050-08-19 04:00:00+00:00,0.9997971911713632,0.9988857307795596
2050-08-19 05:00:00+00:00,0.999789344175766,0.9984486393912995
2050-08-19 06:00:00+00:00,0.9997817308777341,0.9982305758173807
2050-08-19 07:00:00+00:00,0.9997798448615052,0.9984045726408033
2050-08-19 08:00:00+00:00,0.999779605993303,0.9985786966627803
2050-08-19 09:00:00+00:00,0.9997793689286142,0.9987529539945135
2050-08-19 10:00:00+00:00,0.9997791339903235,0.9989273644906592
2050-08-19 11:00:00+00:00,0.9997788974772186,0.999102050482544
2050-08-19 12:00:00+00:00,0.9997788322864611,0.999278487708984
2050-08-19 13:00:00+00:00,0.9997787665817714,0.9994561464646554
2050-08-19 14:00:00+00:00,0.999778534042966,0.9996340249075462
2050-08-19 15:00:00+00:00,0.999778299955402,0.9998127171821322
2050-08-19 16:00:00+00:00,0.9997778923228663,0.9999918034517343
2050-08-19 17:00:00+00:00,0.9997719572987558,0.999999966868292
2050-08-19 18:00:00+00:00,0.9607824245133056,0.9996402774771734
2050-08-19 19:00:00+00:00,0.9319911241832627,0.9994570562654478
2050-08-19 20:00:00+00:00,0.906750022940837,0.999349813906386
2050-08-19 21:00:00+00:00,0.8895719784499434,0.9993704291602401
2050-08-19 22:00:00+00:00,0.8746724567288917,0.9994253329932448
2050-08-19 23:00:00+00:00,0.8611746433680958,0.999502503415569
2050-08-20 00:00:00+00:00,0.8484003396366299,0.9995949722035455
2050-08-20 01:00:00+00:00,0.8360742425145207,0.999700139923707
2050-08-20 02:00:00+00:00,0.8229785225195396,0.999814240556194
2050-08-20 03:00:00+00:00,0.773302342472371,0.9998974596106297
2050-08-20 04:00:00+00:00,0.7050620423355646,0.9991895737703921
2050-08-20 05:00:00+00:00,0.6333309909756134,0.9983944460748665
2050-08-20 06:00:00+00:00,0.5616026508230633,0.9975988189905312
2050-08-20 07:00:00+00:00,0.5616022715917389,0.9977735645519054
2050-08-20 08:00:00+00:00,0.6155155429937252,0.9979481502661957
2050-08-20 09:00:00+00:00,0.6694288144161445,0.9981225494588996
2050-08-20 10:00:00+00:00,0.7233421079947273,0.9982967384173972
2050-08-20 11:00:00+00:00,0.777255401139064,0.9984707112294754
2050-08-20 12:00:00+00:00,0.8311686942829943,0.9986442408475339
2050-08-20 13:00:00+00:00,0.8850819880034095,0.9988167794711726
2050-08-20 14:00:00+00:00,0.938995259842193,0.9989880621596274
2050-08-20 15:00:00+00:00,0.99290853176196,0.9991577603291654
2050-08-20 16:00:00+00:00,0.9929081393799775,0.9993263666771142
2050-08-20 17:00:00+00:00,0.9803574174870777,0.99910938480384
2050-08-20 18:00:00+00:00,0.9086310479921993,0.9983063293141415
2050-08-20 19:00:00+00:00,0.8419310270080548,0.9975325793208288
2050-08-20 20:00:00+00:00,0.8209321217065442,0.99682578041209
2050-08-20 21:00:00+00:00,0.8118119490263076,0.9963004007414954
2050-08-20 22:00:00+00:00,0.8033981789080921,0.9958489383503575
2050-08-20 23:00:00+00:00,0.7953220297044337,0.9954384450354428
2050-08-21 00:00:00+00:00,0.7875064566347227,0.9950618795788536
2050-08-21 01:00:00+00:00,0.7798709236762454,0.9947033767597858
2050-08-21 02:00:00+00:00,0.7723455874814268,0.9943469102145429
2050-08-21 03:00:00+00:00,0.7644276062440828,0.9938818448454312
2050-08-21 04:00:00+00:00,0.7121148889789222,0.9931321293562542
2050-08-21 05:00:00+00:00,0.6404016820185814,0.9923277328952065
2050-08-21 06:00:00+00:00,0.5686938354790357,0.9915232473970925
2050-08-21 07:00:00+00:00,0.5686934786803901,0.9916893693965474
2050-08-21 08:00:00+00:00,0.6226067532458773,0.9918553891376368
2050-08-21 09:00:00+00:00,0.6765200276506849,0.9920212874752647
2050-08-21 10:00:00+00:00,0.7304333234344069,0.9921870574729439
2050-08-21 11:00:00+00:00,0.7843466188121935,0.9923526567095026
2050-08-21 12:00:00+00:00,0.8382599143206925,0.9925180960701945
2050-08-21 13:00:00+00:00,0.8921732103143808,0.9926833629417781
2050-08-21 14:00:00+00:00,0.9460864851435365,0.9928482801278224
2050-08-21 15:00:00+00:00,0.9999997606133312,0.9930126990737685
2050-08-21 16:00:00+00:00,0.9999999879837216,0.9931768232615078
2050-08-21 17:00:00+00:00,0.934494172008042,0.9923686654855878
2050-08-21 18:00:00+00:00,0.8626099996491714,0.9915603181968595
2050-08-21 19:00:00+00:00,0.7907258309769775,0.9907518116279291
2050-08-21 20:00:00+00:00,0.7188416660543685,0.989943144368691
2050-08-21 21:00:00+00:00,0.6469575033341498,0.989134311098711
2050-08-21 22:00:00+00:00,0.5750733425567999,0.9883253232703525
2050-08-21 23:00:00+00:00,0.5031891818941899,0.9875161949659232
2050-08-22 00:00:00+00:00,0.431305020900664,0.9867069385047391
2050-08-22 01:00:00+00:00,0.3594208591676961,0.9858975599582975
2050-08-22 02:00:00+00:00,0.2875366961322187,0.9850880469249323
2050-08-22 03:00:00+00:00,0.2156525312129345,0.984278414118833
2050-08-22 04:00:00+00:00,0.1437683631269913,0.9834686553157177
2050-08-22 05:00:00+00:00,0.0718841915059015,0.9826587693535954
2050-08-22 06:00:00+00:00,2.1588706288994917e-08,0.9818487709331712
2050-08-22 07:00:00+00:00,8.099294950228286e-07,0.9820106925059693
2050-08-22 08:00:00+00:00,0.05391375687932865,0.9821725086452856
2050-08-22 09:00:00+00:00,0.10782704212062641,0.9823342142792022
2050-08-22 10:00:00+00:00,0.16174035028774497,0.9824958072348076
2050-08-22 11:00:00+00:00,0.21565365840774545,0.9826572887217084
2050-08-22 12:00:00+00:00,0.26956696656568774,0.9828186592695368
2050-08-22 13:00:00+00:00,0.3234802604299609,0.9829799280155175
2050-08-22 14:00:00+00:00,0.37739320059722925,0.983141254317882
2050-08-22 15:00:00+00:00,0.4313061438235978,0.9833030705521153
2050-08-22 16:00:00+00:00,0.43130641354982163,0.983464786233313
2050-08-22 17:00:00+00:00,0.4313064971832114,0.9826544555931612
2050-08-22 18:00:00+00:00,0.4313065822963396,0.9818444001431815
2050-08-22 19:00:00+00:00,0.4313066652524509,0.9810342513608014
2050-08-22 20:00:00+00:00,0.4313067450164266,0.9802240097705742
2050-08-22 21:00:00+00:00,0.4313068244514236,0.9794136863621467
2050-08-22 22:00:00+00:00,0.43130690257693566,0.9786032647001951
2050-08-22 23:00:00+00:00,0.4313069797645071,0.97779275249265
2050-08-23 00:00:00+00:00,0.4313070561095101,0.9769821385218157
2050-08-23 01:00:00+00:00,0.4313071316826162,0.9761714259952172
2050-08-23 02:00:00+00:00,0.4313072066297172,0.9753606163770293
2050-08-23 03:00:00+00:00,0.4313072817915646,0.9745497831835119
2050-08-23 04:00:00+00:00,0.4313073561353102,0.9737388539842732
2050-08-23 05:00:00+00:00,0.4313074300168155,0.9729278320024872
2050-08-23 06:00:00+00:00,0.4313075025225226,0.972116715212042
2050-08-23 07:00:00+00:00,0.43130774885244844,0.9722775388534933
2050-08-23 08:00:00+00:00,0.44725842429677,0.9724382659992192
2050-08-23 09:00:00+00:00,0.5010915369318427,0.9725988933440064
2050-08-23 10:00:00+00:00,0.5550047738677623,0.972759425122503
2050-08-23 11:00:00+00:00,0.6089180685108228,0.9729199446298245
2050-08-23 12:00:00+00:00,0.662831363246524,0.9730803537720245
2050-08-23 13:00:00+00:00,0.7167446012492311,0.9732403999421639
2050-08-23 14:00:00+00:00,0.7705806833669749,0.9733987713486831
2050-08-23 15:00:00+00:00,0.7895351690428425,0.9735564113938006
2050-08-23 16:00:00+00:00,0.7895361309245089,0.9737136520703175
2050-08-23 17:00:00+00:00,0.7895363685330773,0.9738705521616997
2050-08-23 18:00:00+00:00,0.7895366051857157,0.974027034860343
2050-08-23 19:00:00+00:00,0.7895368417925754,0.9741831458275977
2050-08-23 20:00:00+00:00,0.7895370765520455,0.9743385197205745
2050-08-23 21:00:00+00:00,0.7895373129322517,0.9744932296744728
2050-08-23 22:00:00+00:00,0.7895375485311096,0.9746474588560322
2050-08-23 23:00:00+00:00,0.7895377833220951,0.9748013587852996
2050-08-24 00:00:00+00:00,0.7895380181471625,0.9749550587995428
2050-08-24 01:00:00+00:00,0.7895382526881242,0.9751085618630717
2050-08-24 02:00:00+00:00,0.7895384876860674,0.9752617147134546
2050-08-24 03:00:00+00:00,0.7895387237162124,0.9754145212047509
2050-08-24 04:00:00+00:00,0.789538960051507,0.9755671652194224
2050-08-24 05:00:00+00:00,0.78953919615569,0.9757195135964521
2050-08-24 06:00:00+00:00,0.7895394326235622,0.975871879051959
2050-08-24 07:00:00+00:00,0.7895403198149361,0.9760242605896493
2050-08-24 08:00:00+00:00,0.789639684980635,0.9761768405761098
2050-08-24 09:00:00+00:00,0.7927861421056264,0.9763298037040722
2050-08-24 10:00:00+00:00,0.8005908290223414,0.9764838857953905
2050-08-24 11:00:00+00:00,0.8093164604898914,0.9766399060649676
2050-08-24 12:00:00+00:00,0.8189687708778759,0.9768002743815307
2050-08-24 13:00:00+00:00,0.8684483207578731,0.9769660430671027
2050-08-24 14:00:00+00:00,0.8825695509259329,0.9771371752827246
2050-08-24 15:00:00+00:00,0.8921986239223185,0.9773108774605748
2050-08-24 16:00:00+00:00,0.8922997911096114,0.9774862178426184
2050-08-24 17:00:00+00:00,0.8923000261600809,0.9776626271687188
2050-08-24 18:00:00+00:00,0.892300261418569,0.9778398646836569
2050-08-24 19:00:00+00:00,0.8923004957559791,0.9780170232634666
2050-08-24 20:00:00+00:00,0.8923007289125581,0.97819459631166
2050-08-24 21:00:00+00:00,0.8923009652617012,0.9783727571770126
2050-08-24 22:00:00+00:00,0.8923012005633448,0.9785516314707733
2050-08-24 23:00:00+00:00,0.8923014355280126,0.9787311618453194
2050-08-25 00:00:00+00:00,0.8923016704238134,0.978911014577242
2050-08-25 01:00:00+00:00,0.8923019055065382,0.9790911047529497
2050-08-25 02:00:00+00:00,0.8923021404081068,0.9792715258977435
2050-08-25 03:00:00+00:00,0.892302375443637,0.9794521528479565
2050-08-25 04:00:00+00:00,0.8923026115291522,0.9796329575920769
2050-08-25 05:00:00+00:00,0.8923028482414367,0.9798139252697946
2050-08-25 06:00:00+00:00,0.8923030846262421,0.9799950441415205
2050-08-25 07:00:00+00:00,0.8923039537809772,0.9801762346369123
2050-08-25 08:00:00+00:00,0.8923048372414886,0.9803574542884103
2050-08-25 09:00:00+00:00,0.8923057176976632,0.9805386407469248
2050-08-25 10:00:00+00:00,0.8923065946360064,0.9807198058153334
2050-08-25 11:00:00+00:00,0.8923074479218093,0.9809009380510516
2050-08-25 12:00:00+00:00,0.8923083224872238,0.9810819074564682
2050-08-25 13:00:00+00:00,0.8923092011582272,0.9812626050703479
2050-08-25 14:00:00+00:00,0.8923100777648525,0.9814431265563837
2050-08-25 15:00:00+00:00,0.8923109390129077,0.981623452574622
2050-08-25 16:00:00+00:00,0.8923111715689064,0.9818035653211805
2050-08-25 17:00:00+00:00,0.8923114036165486,0.9819834463030979
2050-08-25 18:00:00+00:00,0.8923116360239307,0.98216316527136
2050-08-25 19:00:00+00:00,0.8923118677410259,0.9823428823917849
2050-08-25 20:00:00+00:00,0.8923120986979262,0.9825226239118392
2050-08-25 21:00:00+00:00,0.8923123291827388,0.9827023782025813
2050-08-25 22:00:00+00:00,0.8923125610401968,0.9828820804001103
2050-08-25 23:00:00+00:00,0.8923127928961404,0.9830617238438212
2050-08-26 00:00:00+00:00,0.8923130254797982,0.9832413141527508
2050-08-26 01:00:00+00:00,0.8923132580892685,0.9834208653478487
2050-08-26 02:00:00+00:00,0.8923134908052478,0.9836003635133883
2050-08-26 03:00:00+00:00,0.892313723655678,0.9837798036399127
2050-08-26 04:00:00+00:00,0.8923139566312978,0.9839591773611028
2050-08-26 05:00:00+00:00,0.8923141878757467,0.9841384927337287
2050-08-26 06:00:00+00:00,0.8923144190106611,0.984317740574511
2050-08-26 07:00:00+00:00,0.8923146532529246,0.9844968840091007
2050-08-26 08:00:00+00:00,0.8923155066445179,0.9846758504716929
2050-08-26 09:00:00+00:00,0.8923163628379451,0.9848546324728771
2050-08-26 10:00:00+00:00,0.8923169726510876,0.985033326483436
2050-08-26 11:00:00+00:00,0.9461271574250394,0.9852119406964047
2050-08-26 12:00:00+00:00,0.9999432211938101,0.985389004017516
2050-08-26 13:00:00+00:00,0.9999440795318216,0.9855646557624571
2050-08-26 14:00:00+00:00,0.9999449550866601,0.9857393464216524
2050-08-26 15:00:00+00:00,0.9999458406506401,0.9859129457514969
2050-08-26 16:00:00+00:00,0.9999460860259225,0.9860864582352996
2050-08-26 17:00:00+00:00,0.9999461608940711,0.9852879295375944
2050-08-26 18:00:00+00:00,0.9999462410278518,0.984489529875148
2050-08-26 19:00:00+00:00,0.9999463221947187,0.9836908685046982
2050-08-26 20:00:00+00:00,0.9999464034431225,0.9828920075003288
2050-08-26 21:00:00+00:00,0.9999464855257248,0.9820929890269714
2050-08-26 22:00:00+00:00,0.999946568407552,0.9812939092416284
2050-08-26 23:00:00+00:00,0.9999466522765973,0.9804947917844042
2050-08-27 00:00:00+00:00,0.9999467380733783,0.9796956987490328
2050-08-27 01:00:00+00:00,0.9999468256259181,0.9788966037102073
2050-08-27 02:00:00+00:00,0.9999469141747378,0.9780974639224168
2050-08-27 03:00:00+00:00,0.999947003293209,0.9772982796158804
2050-08-27 04:00:00+00:00,0.9999470935627232,0.9764990733637889
2050-08-27 05:00:00+00:00,0.9999471957390288,0.9756998378554156
2050-08-27 06:00:00+00:00,0.9999472881165509,0.9749006401192696
2050-08-27 07:00:00+00:00,0.9999474798540017,0.9741016715731796
2050-08-27 08:00:00+00:00,0.9999479668605044,0.9742745244806659
2050-08-27 09:00:00+00:00,0.999948451407516,0.9744475298287235
2050-08-27 10:00:00+00:00,0.999949675680088,0.9746209213087282
2050-08-27 11:00:00+00:00,0.9999508082200022,0.9747954350741147
2050-08-27 12:00:00+00:00,0.9999520768158012,0.9749711309944405
2050-08-27 13:00:00+00:00,0.9999525718813325,0.9751488498997307
2050-08-27 14:00:00+00:00,0.9999530855057465,0.9753281955915158
2050-08-27 15:00:00+00:00,0.9999536174606396,0.9755089445748935
2050-08-27 16:00:00+00:00,0.9999539365078475,0.9756910762948582
2050-08-27 17:00:00+00:00,0.953728864231841,0.9749020079446432
2050-08-27 18:00:00+00:00,0.901926591556453,0.974113189603795
2050-08-27 19:00:00+00:00,0.8630178138041232,0.9733244041442722
2050-08-27 20:00:00+00:00,0.8276825306603706,0.9725355916644096
2050-08-27 21:00:00+00:00,0.7930514803603429,0.9717467215583492
2050-08-27 22:00:00+00:00,0.7598064932701867,0.9709577896400459
2050-08-27 23:00:00+00:00,0.7279024889366278,0.9701687896351502
2050-08-28 00:00:00+00:00,0.6969039455158325,0.9693797180309257
2050-08-28 01:00:00+00:00,0.6670887446831342,0.9685905860865263
2050-08-28 02:00:00+00:00,0.6377832488026235,0.9678013815621578
2050-08-28 03:00:00+00:00,0.5893560251305768,0.967012108898721
2050-08-28 04:00:00+00:00,0.5176195898413274,0.9662227748051846
2050-08-28 05:00:00+00:00,0.4458867227973767,0.9654333777490345
2050-08-28 06:00:00+00:00,0.37415358850851227,0.9646439136804553
2050-08-28 07:00:00+00:00,0.3741538413383797,0.9639479723694808
2050-08-28 08:00:00+00:00,0.37415585869765716,0.9641304318579159
2050-08-28 09:00:00+00:00,0.37415863690087714,0.9643128464870359
2050-08-28 10:00:00+00:00,0.42806969495429575,0.9644952413236355
2050-08-28 11:00:00+00:00,0.4819828443072503,0.9646776391205178
2050-08-28 12:00:00+00:00,0.5358943158441959,0.9648600979502611
2050-08-28 13:00:00+00:00,0.5615218332610618,0.9650427308840112
2050-08-28 14:00:00+00:00,0.5615240436680101,0.9652254524552183
2050-08-28 15:00:00+00:00,0.5615260357875876,0.9654083491222087
2050-08-28 16:00:00+00:00,0.5615264311049133,0.9655914746169094
2050-08-28 17:00:00+00:00,0.5364790256166712,0.9648028673517965
2050-08-28 18:00:00+00:00,0.4647576293012154,0.9640142794453985
2050-08-28 19:00:00+00:00,0.39303657202914094,0.9632256677918943
2050-08-28 20:00:00+00:00,0.32131952468632724,0.9624370120462012
2050-08-28 21:00:00+00:00,0.3012875661158843,0.9616482956436975
2050-08-28 22:00:00+00:00,0.2811985863755422,0.9608595234644166
2050-08-28 23:00:00+00:00,0.260481773253542,0.9600706789700264
2050-08-29 00:00:00+00:00,0.23893497752858778,0.9592817639554497
2050-08-29 01:00:00+00:00,0.21622027410437056,0.9584927841351536
2050-08-29 02:00:00+00:00,0.19186536468727322,0.9577037433968804
2050-08-29 03:00:00+00:00,0.16451519202999224,0.9569146341423558
2050-08-29 04:00:00+00:00,0.12056042126379309,0.9561254588300011
2050-08-29 05:00:00+00:00,0.048836155048061894,0.9553362146917751
2050-08-29 06:00:00+00:00,4.98406948366197e-07,0.9545468998216841
2050-08-29 07:00:00+00:00,5.235330405162095e-07,0.9547295536010058
2050-08-29 08:00:00+00:00,5.072550255744015e-07,0.9549121545155874
2050-08-29 09:00:00+00:00,0.05391348660930657,0.9550947128411381
2050-08-29 10:00:00+00:00,0.10782676296863036,0.9552772556361654
2050-08-29 11:00:00+00:00,0.16174003942202483,0.9554598194735103
2050-08-29 12:00:00+00:00,0.21565331384207695,0.955642435371904
2050-08-29 13:00:00+00:00,0.21565321339796614,0.9558250750490614
2050-08-29 14:00:00+00:00,0.2156530535180119,0.9560077025880792
2050-08-29 15:00:00+00:00,0.21565290879298865,0.9561902138157997
2050-08-29 16:00:00+00:00,0.2156523376606428,0.9563733737666515
2050-08-29 17:00:00+00:00,0.21467911242180945,0.9555848436097988
2050-08-29 18:00:00+00:00,0.14411491680844554,0.9547961974177448
2050-08-29 19:00:00+00:00,0.08571447601071057,0.954007618095122
2050-08-29 20:00:00+00:00,0.08459694673812475,0.9532190417012416
2050-08-29 21:00:00+00:00,0.08357016262324922,0.9524303849254255
2050-08-29 22:00:00+00:00,0.08254439359839982,0.9516416508338403
2050-08-29 23:00:00+00:00,0.08151229477173341,0.950852835101559
2050-08-30 00:00:00+00:00,0.08047389133109756,0.9500639499744827
2050-08-30 01:00:00+00:00,0.0794267034923172,0.9492749963234272
2050-08-30 02:00:00+00:00,0.07837004036790621,0.9484859730423663
2050-08-30 03:00:00+00:00,0.07728373834147803,0.9476968070466032
2050-08-30 04:00:00+00:00,0.07456637969124864,0.9469075707091569
2050-08-30 05:00:00+00:00,0.004914869200369274,0.9461182627648305
2050-08-30 06:00:00+00:00,2.27187555488731e-06,0.9453288939435031
2050-08-30 07:00:00+00:00,1.4633730458680722e-06,0.9455115101685404
2050-08-30 08:00:00+00:00,1.4115481097877208e-06,0.9456941028202012
2050-08-30 09:00:00+00:00,0.053914148859609226,0.9458766859298819
2050-08-30 10:00:00+00:00,0.10782741631832321,0.9460593272138129
2050-08-30 11:00:00+00:00,0.16174068298611766,0.9462421781512633
2050-08-30 12:00:00+00:00,0.2156535849718457,0.9464250479145299
2050-08-30 13:00:00+00:00,0.21565348746355698,0.9466081443680631
2050-08-30 14:00:00+00:00,0.21565338096902745,0.9467913239510395
2050-08-30 15:00:00+00:00,0.21565326269516444,0.9469743777924218
2050-08-30 16:00:00+00:00,0.21565290362417774,0.9471575744644395
2050-08-30 17:00:00+00:00,0.21375473740105883,0.947340528169191
2050-08-30 18:00:00+00:00,0.2117461853778095,0.9475233295320646
2050-08-30 19:00:00+00:00,0.20974291375723245,0.9477058788457873
2050-08-30 20:00:00+00:00,0.2077304204999882,0.9478883045505397
2050-08-30 21:00:00+00:00,0.20571235090362405,0.9480706849605068
2050-08-30 22:00:00+00:00,0.20369022906868672,0.9482530326857158
2050-08-30 23:00:00+00:00,0.2016577722439339,0.948435344504943
2050-08-31 00:00:00+00:00,0.19961073469686455,0.9486175855183563
2050-08-31 01:00:00+00:00,0.19754863917663107,0.9487997427607209
2050-08-31 02:00:00+00:00,0.19546121219445373,0.9489817483188607
2050-08-31 03:00:00+00:00,0.19331158185971292,0.9491634963389469
2050-08-31 04:00:00+00:00,0.19102457327950975,0.949344801275043
2050-08-31 05:00:00+00:00,0.17189490648315736,0.94952544918804
2050-08-31 06:00:00+00:00,0.1695233054917735,0.9497052339312273
2050-08-31 07:00:00+00:00,0.16952266733703578,0.9498845199748186
2050-08-31 08:00:00+00:00,0.16952252534343126,0.9500631915398066
2050-08-31 09:00:00+00:00,0.16952237990404423,0.9502410343922001
2050-08-31 10:00:00+00:00,0.1695222139004607,0.950417320137813
2050-08-31 11:00:00+00:00,0.16952203879368039,0.9505910196474411
2050-08-31 12:00:00+00:00,0.1695218941191293,0.9507600715549503
2050-08-31 13:00:00+00:00,0.16952173316377983,0.9509233101592961
2050-08-31 14:00:00+00:00,0.1695215905499143,0.9510809114397129
2050-08-31 15:00:00+00:00,0.16952144904581568,0.9512353471429208
2050-08-31 16:00:00+00:00,0.16952109275680527,0.9513877775634398
2050-08-31 17:00:00+00:00,0.1693984087503875,0.9515387494533166
2050-08-31 18:00:00+00:00,0.1669735290263574,0.9516885896227708
2050-08-31 19:00:00+00:00,0.1645559827183655,0.9518380161344062
2050-08-31 20:00:00+00:00,0.16212009493593713,0.9519867908382255
2050-08-31 21:00:00+00:00,0.15966801515734305,0.9521348128712046
2050-08-31 22:00:00+00:00,0.15720155230286673,0.9522819596652523
2050-08-31 23:00:00+00:00,0.15470877421506066,0.9524282912901627
2050-09-01 00:00:00+00:00,0.15224883295485087,0.9525741450278316
2050-09-01 01:00:00+00:00,0.1521256767366304,0.9527196057542552
2050-09-01 02:00:00+00:00,0.1520026731384735,0.9528645811254106
2050-09-01 03:00:00+00:00,0.1518798808308336,0.9530091948947986
2050-09-01 04:00:00+00:00,0.1517573870320416,0.9531534716489601
2050-09-01 05:00:00+00:00,0.15163501582693623,0.9532974292550289
2050-09-01 06:00:00+00:00,0.15151270754789523,0.9534410818003389
2050-09-01 07:00:00+00:00,0.15151257442671603,0.9535845344003963
2050-09-01 08:00:00+00:00,0.20542584075751713,0.9537277914336333
2050-09-01 09:00:00+00:00,0.25933910709206476,0.95387087957512
2050-09-01 10:00:00+00:00,0.31325239924935516,0.9540138025909067
2050-09-01 11:00:00+00:00,0.3671656908182434,0.9541566985526346
2050-09-01 12:00:00+00:00,0.42107898242122704,0.954299463808209
2050-09-01 13:00:00+00:00,0.4749922663047074,0.9544422691734478
2050-09-01 14:00:00+00:00,0.5289055327197417,0.9545849643473017
2050-09-01 15:00:00+00:00,0.5828187989132646,0.9547274949348341
2050-09-01 16:00:00+00:00,0.5828186387807797,0.9548697303911823
2050-09-01 17:00:00+00:00,0.5826969363603008,0.9550118098216667
2050-09-01 18:00:00+00:00,0.5798944105680748,0.955153746159619
2050-09-01 19:00:00+00:00,0.578734559195074,0.9552954673402166
2050-09-01 20:00:00+00:00,0.5786127091812108,0.9554370370715985
2050-09-01 21:00:00+00:00,0.5784907751012327,0.9555784662235981
2050-09-01 22:00:00+00:00,0.5783688698437177,0.9557197886059191
2050-09-01 23:00:00+00:00,0.5782470430244997,0.9558610028580521
2050-09-02 00:00:00+00:00,0.5781252900003067,0.9560021106919994
2050-09-02 01:00:00+00:00,0.5780036213126011,0.9561431013084157
2050-09-02 02:00:00+00:00,0.5778822099512353,0.9562839953777379
2050-09-02 03:00:00+00:00,0.5771391199647181,0.9564248098023115
2050-09-02 04:00:00+00:00,0.5743471419016626,0.956565554632167
2050-09-02 05:00:00+00:00,0.5715051652893246,0.9567062205570349
2050-09-02 06:00:00+00:00,0.5686911373101382,0.9568468047492958
2050-09-02 07:00:00+00:00,0.5686907984745743,0.9569873013560753
2050-09-02 08:00:00+00:00,0.6226040652255335,0.9571276372246766
2050-09-02 09:00:00+00:00,0.6765173312766062,0.957267787933599
2050-09-02 10:00:00+00:00,0.7304306230354918,0.9574076234835107
2050-09-02 11:00:00+00:00,0.7843439139964995,0.9575469825586301
2050-09-02 12:00:00+00:00,0.8382572049629313,0.9576858628620117
2050-09-02 13:00:00+00:00,0.8921704969944744,0.9578242107194342
2050-09-02 14:00:00+00:00,0.9460837631474176,0.9579618952821027
2050-09-02 15:00:00+00:00,0.9999970298325096,0.9580986435216714
2050-09-02 16:00:00+00:00,0.9999968478571681,0.9582344058440613
2050-09-02 17:00:00+00:00,0.9777791308449837,0.958368269985944
2050-09-02 18:00:00+00:00,0.9060497468445062,0.9582076192735512
2050-09-02 19:00:00+00:00,0.8651318064704864,0.9583406149621115
2050-09-02 20:00:00+00:00,0.8522932497048215,0.9584734832677112
2050-09-02 21:00:00+00:00,0.8412810050617835,0.9586062130756777
2050-09-02 22:00:00+00:00,0.830927893500123,0.9587387958727948
2050-09-02 23:00:00+00:00,0.8210077772230115,0.9588712275996512
2050-09-03 00:00:00+00:00,0.8114907890534195,0.9590034481909595
2050-09-03 01:00:00+00:00,0.8022697955143531,0.9591355088573418
2050-09-03 02:00:00+00:00,0.7932898507123771,0.9592674540287467
2050-09-03 03:00:00+00:00,0.7838618701840395,0.9593992816184219
2050-09-03 04:00:00+00:00,0.712144404467541,0.9593900744347488
2050-09-03 05:00:00+00:00,0.64042051031133,0.9591031451501923
2050-09-03 06:00:00+00:00,0.5686980608059508,0.9588707580131854
2050-09-03 07:00:00+00:00,0.5686963720761696,0.9590031901043701
2050-09-03 08:00:00+00:00,0.6226082702281522,0.9591354541105412
2050-09-03 09:00:00+00:00,0.6765215400005011,0.9592674093690915
2050-09-03 10:00:00+00:00,0.7304348341732749,0.9593988237151685
2050-09-03 11:00:00+00:00,0.7843481274852804,0.9595289541587491
2050-09-03 12:00:00+00:00,0.838261421782888,0.9596577399133778
2050-09-03 13:00:00+00:00,0.8921747098616561,0.9597843386343284
2050-09-03 14:00:00+00:00,0.9460866210226248,0.9599091594979928
2050-09-03 15:00:00+00:00,0.999998536146631,0.9600324319586571
2050-09-03 16:00:00+00:00,0.9999978575657713,0.9601541487244333
2050-09-03 17:00:00+00:00,0.9420611141612403,0.9593028531745981
2050-09-03 18:00:00+00:00,0.8703167525225229,0.9584511573123101
2050-09-03 19:00:00+00:00,0.7985724631948016,0.957599279312573
2050-09-03 20:00:00+00:00,0.7268287001278384,0.9567472789432144
2050-09-03 21:00:00+00:00,0.6550911669778089,0.9558951849690993
2050-09-03 22:00:00+00:00,0.6012920527395083,0.9550430011044484
2050-09-03 23:00:00+00:00,0.5484505084615173,0.9541907341953476
2050-09-04 00:00:00+00:00,0.4960685635120842,0.9533383878705614
2050-09-04 01:00:00+00:00,0.4437379948295381,0.9524859510491774
2050-09-04 02:00:00+00:00,0.3912221939017523,0.9516334367317326
2050-09-04 03:00:00+00:00,0.33805089618532314,0.9507808407201475
2050-09-04 04:00:00+00:00,0.280916881475986,0.9499281567875295
2050-09-04 05:00:00+00:00,0.2091732692764222,0.9490753857549715
2050-09-04 06:00:00+00:00,0.13743018117729952,0.9482225321498053
2050-09-04 07:00:00+00:00,0.13742973244240744,0.9483416228736061
2050-09-04 08:00:00+00:00,0.19134285239546764,0.9484606378569682
2050-09-04 09:00:00+00:00,0.24525612654928977,0.9485795493292845
2050-09-04 10:00:00+00:00,0.2991694234485804,0.9486983335994668
2050-09-04 11:00:00+00:00,0.3530827201403509,0.9488169716649123
2050-09-04 12:00:00+00:00,0.40699601698619386,0.9489354115124511
2050-09-04 13:00:00+00:00,0.4609092911365395,0.9490535482357007
2050-09-04 14:00:00+00:00,0.5148224098332207,0.949171476432219
2050-09-04 15:00:00+00:00,0.5687355331962696,0.949289108789723
2050-09-04 16:00:00+00:00,0.5687350732352305,0.9494063878591338
2050-09-04 17:00:00+00:00,0.5687318323010755,0.9485512345656621
2050-09-04 18:00:00+00:00,0.5687285561711022,0.9476959417490824
2050-09-04 19:00:00+00:00,0.5687252692297178,0.946840579464464
2050-09-04 20:00:00+00:00,0.5687219645026476,0.945985144141294
2050-09-04 21:00:00+00:00,0.5687187166220239,0.9451296445584545
2050-09-04 22:00:00+00:00,0.5687154657581811,0.9442740625547459
2050-09-04 23:00:00+00:00,0.5687122095939501,0.9434184128026415
2050-09-05 00:00:00+00:00,0.5687089446154215,0.9425626983897156
2050-09-05 01:00:00+00:00,0.5687056728597533,0.9417069106985337
2050-09-05 02:00:00+00:00,0.5687023986182613,0.9408510405614536
2050-09-05 03:00:00+00:00,0.56869912886219,0.9399950941775644
2050-09-05 04:00:00+00:00,0.5686958709474464,0.9391390711599559
2050-09-05 05:00:00+00:00,0.5686925666305741,0.9382829736373541
2050-09-05 06:00:00+00:00,0.5686892668192356,0.9374268032988495
2050-09-05 07:00:00+00:00,0.5686890862017974,0.9375426131747188
2050-09-05 08:00:00+00:00,0.6226023552044756,0.9376583606062644
2050-09-05 09:00:00+00:00,0.6765156296500217,0.9377740264616303
2050-09-05 10:00:00+00:00,0.730428926651628,0.9378896084690712
2050-09-05 11:00:00+00:00,0.7843422239021183,0.9380050725102862
2050-09-05 12:00:00+00:00,0.8382555208613125,0.9381204253316553
2050-09-05 13:00:00+00:00,0.8921688035483016,0.9382365185336916
2050-09-05 14:00:00+00:00,0.9460820717655356,0.9383533910401326
2050-09-05 15:00:00+00:00,0.9999953414318379,0.9384698430716789
2050-09-05 16:00:00+00:00,0.9999949252138574,0.9385857477683802
2050-09-05 17:00:00+00:00,0.9999943910635744,0.938542609073073
2050-09-05 18:00:00+00:00,0.9999939230361655,0.937686780027099
2050-09-05 19:00:00+00:00,0.99999350292339,0.9368406988558977
2050-09-05 20:00:00+00:00,0.9999931182254275,0.9363962397023043
2050-09-05 21:00:00+00:00,0.9999927657749759,0.9362829866940126
2050-09-05 22:00:00+00:00,0.999992443516072,0.9362789762172937
2050-09-05 23:00:00+00:00,0.9999921429402588,0.9362773248482299
2050-09-06 00:00:00+00:00,0.9999918637276876,0.9362783032105472
2050-09-06 01:00:00+00:00,0.9999916030521779,0.9362802277409495
2050-09-06 02:00:00+00:00,0.999991359888532,0.9362818717458666
2050-09-06 03:00:00+00:00,0.9999911318438339,0.9362709727482093
2050-09-06 04:00:00+00:00,0.9999909182475699,0.935573856381451
2050-09-06 05:00:00+00:00,0.9999907171947194,0.9347175699215177
2050-09-06 06:00:00+00:00,0.999990528309535,0.9338612063111151
2050-09-06 07:00:00+00:00,0.9999904047062094,0.9339756384906961
2050-09-06 08:00:00+00:00,0.9999904187336843,0.9340900165825948
2050-09-06 09:00:00+00:00,0.9999904416181083,0.9342043298222015
2050-09-06 10:00:00+00:00,0.9999904704011525,0.9343184960246016
2050-09-06 11:00:00+00:00,0.9999905867031296,0.9344323488768074
2050-09-06 12:00:00+00:00,0.9999906319657752,0.934546164148469
2050-09-06 13:00:00+00:00,0.9999906875602248,0.9346599730289974
2050-09-06 14:00:00+00:00,0.9999907511464109,0.9347740837063422
2050-09-06 15:00:00+00:00,0.9999908208151927,0.9348885809073536
2050-09-06 16:00:00+00:00,0.9999907722457839,0.935003377066118
2050-09-06 17:00:00+00:00,0.9999905990690877,0.934146641261417
2050-09-06 18:00:00+00:00,0.9999904356700191,0.9332907108065125
2050-09-06 19:00:00+00:00,0.9999902822245451,0.9324349866214231
2050-09-06 20:00:00+00:00,0.9999901374277668,0.9315797088975678
2050-09-06 21:00:00+00:00,0.999990001977974,0.9307249529095507
2050-09-06 22:00:00+00:00,0.999989875463639,0.9298706836930992
2050-09-06 23:00:00+00:00,0.9999897562182775,0.9290169090250944
2050-09-07 00:00:00+00:00,0.9999896434986576,0.9281635290998979
2050-09-07 01:00:00+00:00,0.9999895383562466,0.9273104713874575
2050-09-07 02:00:00+00:00,0.9999894404518265,0.9264578982091013
2050-09-07 03:00:00+00:00,0.9999893500643501,0.9256057045869067
2050-09-07 04:00:00+00:00,0.999989266638226,0.9247538645143025
2050-09-07 05:00:00+00:00,0.9999891904468226,0.9239026074398177
2050-09-07 06:00:00+00:00,0.9999891193328897,0.9230515777762206
2050-09-07 07:00:00+00:00,0.9999891647534738,0.9231728031923065
2050-09-07 08:00:00+00:00,0.9999892163592321,0.9232942652511867
2050-09-07 09:00:00+00:00,0.999989276174899,0.9234159574044623
2050-09-07 10:00:00+00:00,0.9999893420316828,0.9235380007754236
2050-09-07 11:00:00+00:00,0.9999894134691096,0.9236605255692051
2050-09-07 12:00:00+00:00,0.9999894929855774,0.9237842416201109
2050-09-07 13:00:00+00:00,0.9999895778071523,0.9239096794936451
2050-09-07 14:00:00+00:00,0.9999896701809688,0.9240369504693126
2050-09-07 15:00:00+00:00,0.9999897181857479,0.923823554483396
2050-09-07 16:00:00+00:00,0.9999897002412161,0.922984227254273
2050-09-07 17:00:00+00:00,0.9999896924429591,0.922147802587774
2050-09-07 18:00:00+00:00,0.9999896915852412,0.9213151607033508
2050-09-07 19:00:00+00:00,0.9999896965929552,0.9204863203706529
2050-09-07 20:00:00+00:00,0.999989707260166,0.9196632993543016
2050-09-07 21:00:00+00:00,0.9999897237786923,0.918846442965193
2050-09-07 22:00:00+00:00,0.9999897459730686,0.9180358517698197
2050-09-07 23:00:00+00:00,0.9999897741727825,0.9172309557202082
2050-09-08 00:00:00+00:00,0.9999898087405289,0.9164299137264593
2050-09-08 01:00:00+00:00,0.999989849719595,0.9156314824912671
2050-09-08 02:00:00+00:00,0.9999898972180614,0.9148345459103746
2050-09-08 03:00:00+00:00,0.9999899513111089,0.9140390105459472
2050-09-08 04:00:00+00:00,0.9999900121179257,0.9132445806714283
2050-09-08 05:00:00+00:00,0.9999900798603795,0.9124509235309115
2050-09-08 06:00:00+00:00,0.9999901539418258,0.9116577755264424
2050-09-08 07:00:00+00:00,0.9999904232462695,0.9118375502878641
2050-09-08 08:00:00+00:00,0.999990702978934,0.9120184005104469
2050-09-08 09:00:00+00:00,0.9999909976760969,0.9122008626158766
2050-09-08 10:00:00+00:00,0.9999913038896201,0.9123851457464613
2050-09-08 11:00:00+00:00,0.9999916312436489,0.912571087371168
2050-09-08 12:00:00+00:00,0.9999919832662633,0.9127596417979152
2050-09-08 13:00:00+00:00,0.999992367948501,0.9129511580980539
2050-09-08 14:00:00+00:00,0.9999927880509581,0.9131458686480276
2050-09-08 15:00:00+00:00,0.9999932491211048,0.9133431653656356
2050-09-08 16:00:00+00:00,0.9999937383420309,0.9135430192779813
2050-09-08 17:00:00+00:00,0.9289050978439053,0.9127738118623615
2050-09-08 18:00:00+00:00,0.857135612057612,0.9120075022929572
2050-09-08 19:00:00+00:00,0.7853658186714451,0.9112443692640604
2050-09-08 20:00:00+00:00,0.7135958663770644,0.910484667949155
2050-09-08 21:00:00+00:00,0.6418263136055958,0.9097281573430767
2050-09-08 22:00:00+00:00,0.5707419840795752,0.9089736938048381
2050-09-08 23:00:00+00:00,0.4996589427375785,0.9082199791849817
2050-09-09 00:00:00+00:00,0.4285756886837934,0.9074667516045763
2050-09-09 01:00:00+00:00,0.3574909238890806,0.9067138854909362
2050-09-09 02:00:00+00:00,0.28640489718043494,0.9059610852639522
2050-09-09 03:00:00+00:00,0.21531395518688326,0.9052082730086725
2050-09-09 04:00:00+00:00,0.14354389882863494,0.904455402893686
2050-09-09 05:00:00+00:00,0.07177391633969221,0.9037024542724366
2050-09-09 06:00:00+00:00,3.906267344086678e-06,0.902949425267519
2050-09-09 07:00:00+00:00,4.448697111676149e-06,0.9031684008993195
2050-09-09 08:00:00+00:00,0.05391686779425185,0.9033873473135414
2050-09-09 09:00:00+00:00,0.10782929723251494,0.9036062416674951
2050-09-09 10:00:00+00:00,0.1617417938802263,0.9038250877835122
2050-09-09 11:00:00+00:00,0.21565411019655123,0.9040438859150726
2050-09-09 12:00:00+00:00,0.26956665443277994,0.9042626242447557
2050-09-09 13:00:00+00:00,0.32347908172655154,0.9044812768700099
2050-09-09 14:00:00+00:00,0.37739151238007884,0.9046998607762519
2050-09-09 15:00:00+00:00,0.43130395770922475,0.9049183902817292
2050-09-09 16:00:00+00:00,0.43130441687048887,0.9051368684888296
2050-09-09 17:00:00+00:00,0.43130489871782696,0.9053553097695722
2050-09-09 18:00:00+00:00,0.43130538149408437,0.9055737085238247
2050-09-09 19:00:00+00:00,0.4313058636966077,0.9057920715635747
2050-09-09 20:00:00+00:00,0.43130634556452196,0.9060104015136786
2050-09-09 21:00:00+00:00,0.4313068266990413,0.9062287059197214
2050-09-09 22:00:00+00:00,0.4313073069510299,0.9064469869674668
2050-09-09 23:00:00+00:00,0.43130778605268366,0.9066652507604513
2050-09-10 00:00:00+00:00,0.431308269689228,0.9068835574228602
2050-09-10 01:00:00+00:00,0.43130875148999614,0.9071018449537843
2050-09-10 02:00:00+00:00,0.43130923190623405,0.9073201113881122
2050-09-10 03:00:00+00:00,0.4313097114632422,0.9075383810768474
2050-09-10 04:00:00+00:00,0.43131019096155565,0.9077566562593186
2050-09-10 05:00:00+00:00,0.43131066810051477,0.9079749329333211
2050-09-10 06:00:00+00:00,0.4313111457430442,0.9081932129216368
2050-09-10 07:00:00+00:00,0.43131251818789834,0.9084120222471391
2050-09-10 08:00:00+00:00,0.4852249718668247,0.9086314638946572
2050-09-10 09:00:00+00:00,0.5391374241828469,0.9088515393050242
2050-09-10 10:00:00+00:00,0.5930498731459696,0.9090721658487406
2050-09-10 11:00:00+00:00,0.6469623318533674,0.9092934013240022
2050-09-10 12:00:00+00:00,0.7008747843581118,0.9095154417599243
2050-09-10 13:00:00+00:00,0.7547872313924697,0.9097382662727916
2050-09-10 14:00:00+00:00,0.808699683864035,0.909962041636027
2050-09-10 15:00:00+00:00,0.8626121382571779,0.910186697717944
2050-09-10 16:00:00+00:00,0.8740694133721214,0.9104120517969202
2050-09-10 17:00:00+00:00,0.8740698973854135,0.9106377075985279
2050-09-10 18:00:00+00:00,0.8740703842072701,0.9108636670335764
2050-09-10 19:00:00+00:00,0.8740708707545948,0.9110900813290703
2050-09-10 20:00:00+00:00,0.8740713569225965,0.911316895462106
2050-09-10 21:00:00+00:00,0.8740718437825361,0.9115439789941153
2050-09-10 22:00:00+00:00,0.8740723326088777,0.9117711733683652
2050-09-10 23:00:00+00:00,0.8740728223994284,0.911998399107407
2050-09-11 00:00:00+00:00,0.8740733131211972,0.912225651474557
2050-09-11 01:00:00+00:00,0.8740738055320554,0.9124529050562024
2050-09-11 02:00:00+00:00,0.8740743000474811,0.9126802665483741
2050-09-11 03:00:00+00:00,0.8740747900615101,0.9129076661010698
2050-09-11 04:00:00+00:00,0.874075281512557,0.9131350773081105
2050-09-11 05:00:00+00:00,0.8740757737105227,0.9133624893008119
2050-09-11 06:00:00+00:00,0.8740762733566584,0.9135899215533827
2050-09-11 07:00:00+00:00,0.8740773704785819,0.9138174570052616
2050-09-11 08:00:00+00:00,0.8780902072506105,0.9140451770389962
2050-09-11 09:00:00+00:00,0.9241004679649515,0.9142730487545968
2050-09-11 10:00:00+00:00,0.9780067056073629,0.9145010723525225
2050-09-11 11:00:00+00:00,0.9835180442741918,0.9147293668675656
2050-09-11 12:00:00+00:00,0.9904488657185164,0.9149578619986772
2050-09-11 13:00:00+00:00,0.9997942945289207,0.9151865669026673
2050-09-11 14:00:00+00:00,0.999997306741481,0.915415386216881
2050-09-11 15:00:00+00:00,0.999999263473739,0.9156443441151795
2050-09-11 16:00:00+00:00,0.9999999644028315,0.9149013904454861
2050-09-11 17:00:00+00:00,0.9548188486155417,0.9141586646685048
2050-09-11 18:00:00+00:00,0.8877814531259781,0.9134160474488768
2050-09-11 19:00:00+00:00,0.8207272739011898,0.9126735539379814
2050-09-11 20:00:00+00:00,0.7536777293297214,0.9119311886600595
2050-09-11 21:00:00+00:00,0.686655478349931,0.9111889991330318
2050-09-11 22:00:00+00:00,0.6196637153732052,0.9104469412657903
2050-09-11 23:00:00+00:00,0.5526961207512698,0.9097049909943231
2050-09-12 00:00:00+00:00,0.485720467948472,0.9089631206173653
2050-09-12 01:00:00+00:00,0.41866644083105337,0.9082214135292583
2050-09-12 02:00:00+00:00,0.35144695179871116,0.907479862309356
2050-09-12 03:00:00+00:00,0.2826704179046909,0.9067383877046897
2050-09-12 04:00:00+00:00,0.2109287928946921,0.9059969820350192
2050-09-12 05:00:00+00:00,0.13918802278719528,0.9052556265071068
2050-09-12 06:00:00+00:00,0.06744912132221713,0.9045143339812509
2050-09-12 07:00:00+00:00,1.934845294543962e-07,0.9037731595455927
2050-09-12 08:00:00+00:00,7.489360868908397e-07,0.9030320585167917
2050-09-12 09:00:00+00:00,1.041859854462248e-06,0.9022910752439984
2050-09-12 10:00:00+00:00,1.2903531295956737e-06,0.9015502252228823
2050-09-12 11:00:00+00:00,1.6213936003875812e-06,0.9008095552152767
2050-09-12 12:00:00+00:00,1.7716615211519433e-06,0.9000690794672348
2050-09-12 13:00:00+00:00,1.878507313021791e-06,0.8993279118990047
2050-09-12 14:00:00+00:00,1.9682382194789373e-06,0.8985858831521197
2050-09-12 15:00:00+00:00,2.041596852888349e-06,0.8978437619008924
2050-09-12 16:00:00+00:00,2.055587699855883e-06,0.8971014355600087
2050-09-12 17:00:00+00:00,2.053135288591172e-06,0.8963590902022295
2050-09-12 18:00:00+00:00,2.0421692013648837e-06,0.8956166975514387
2050-09-12 19:00:00+00:00,2.021545575230488e-06,0.8948740764293842
2050-09-12 20:00:00+00:00,1.9907256313673812e-06,0.8941312725391946
2050-09-12 21:00:00+00:00,1.94894878283948e-06,0.8933883876046853
2050-09-12 22:00:00+00:00,1.8951725387309015e-06,0.8926454616725195
2050-09-12 23:00:00+00:00,1.8275193010413787e-06,0.8919025022132882
2050-09-13 00:00:00+00:00,1.7441315795711309e-06,0.8911595183523577
2050-09-13 01:00:00+00:00,1.6418441832277282e-06,0.8904165112679447
2050-09-13 02:00:00+00:00,1.5150303561726333e-06,0.8896734835917842
2050-09-13 03:00:00+00:00,1.3542491488674251e-06,0.8889304353920076
2050-09-13 04:00:00+00:00,1.1407001839846973e-06,0.8881873634483693
2050-09-13 05:00:00+00:00,8.248497304996788e-07,0.887444264706891
2050-09-13 06:00:00+00:00,9.240869395841644e-08,0.886701131863095
2050-09-13 07:00:00+00:00,9.463102018172689e-07,0.8859579464396179
2050-09-13 08:00:00+00:00,2.3889244960104266e-06,0.8861867387937066
2050-09-13 09:00:00+00:00,3.159277325639149e-06,0.8864154476616719
2050-09-13 10:00:00+00:00,3.7330031082517762e-06,0.886644074723608
2050-09-13 11:00:00+00:00,4.204821731353121e-06,0.8868725428335884
2050-09-13 12:00:00+00:00,4.606957914879177e-06,0.8871007328522962
2050-09-13 13:00:00+00:00,4.9568833448219e-06,0.8873283061194607
2050-09-13 14:00:00+00:00,5.262224991987981e-06,0.8875550876161398
2050-09-13 15:00:00+00:00,5.535861185987373e-06,0.8877809997412193
2050-09-13 16:00:00+00:00,5.704491303446573e-06,0.8873846305578655
2050-09-13 17:00:00+00:00,5.762094144233144e-06,0.8866368556894934
2050-09-13 18:00:00+00:00,5.807733933357655e-06,0.8858880251278821
2050-09-13 19:00:00+00:00,5.842166833275512e-06,0.885138882969348
2050-09-13 20:00:00+00:00,5.865221431906022e-06,0.884389181005588
2050-09-13 21:00:00+00:00,5.8771899119071526e-06,0.8836388283750126
2050-09-13 22:00:00+00:00,5.878506604282237e-06,0.8828878538061116
2050-09-13 23:00:00+00:00,5.86829285834045e-06,0.8821362492416658
2050-09-14 00:00:00+00:00,5.846540800767646e-06,0.8813841473595941
2050-09-14 01:00:00+00:00,5.88678416928236e-06,0.8806753877371823
2050-09-14 02:00:00+00:00,5.848194609722507e-06,0.8799222877379121
2050-09-14 03:00:00+00:00,5.793637422399466e-06,0.8791687236571237
2050-09-14 04:00:00+00:00,5.72715697795136e-06,0.8784147233786831
2050-09-14 05:00:00+00:00,5.648546083463719e-06,0.8776600566195204
2050-09-14 06:00:00+00:00,5.557596383769963e-06,0.876905079755853
2050-09-14 07:00:00+00:00,5.568156221704099e-06,0.8771218314550293
2050-09-14 08:00:00+00:00,5.695705032937033e-06,0.8773382774195884
2050-09-14 09:00:00+00:00,5.807210193618204e-06,0.8775544258485962
2050-09-14 10:00:00+00:00,5.90395150873372e-06,0.8777701534011704
2050-09-14 11:00:00+00:00,5.986607061816265e-06,0.8779851623628532
2050-09-14 12:00:00+00:00,6.055638166674062e-06,0.8781987643487563
2050-09-14 13:00:00+00:00,6.1100692182052895e-06,0.8784104406479856
2050-09-14 14:00:00+00:00,6.151656430340257e-06,0.8786201442856654
2050-09-14 15:00:00+00:00,6.114505604706424e-06,0.8788270599745066
2050-09-14 16:00:00+00:00,6.01400806146905e-06,0.8790313776823537
2050-09-14 17:00:00+00:00,5.8978533495724375e-06,0.8792330233335764
2050-09-14 18:00:00+00:00,5.76667952366634e-06,0.879431300094602
2050-09-14 19:00:00+00:00,5.618434921138186e-06,0.8796261216128499
2050-09-14 20:00:00+00:00,5.451632291017243e-06,0.8798157147678916
2050-09-14 21:00:00+00:00,5.264453497111708e-06,0.8800001226367212
2050-09-14 22:00:00+00:00,5.049407415257509e-06,0.8801796247963735
2050-09-14 23:00:00+00:00,4.807210239709056e-06,0.8803555085563063
2050-09-15 00:00:00+00:00,4.537330278671018e-06,0.8805304056828342
2050-09-15 01:00:00+00:00,4.226044536076689e-06,0.8807063061713928
2050-09-15 02:00:00+00:00,3.862295612850064e-06,0.880885240259528
2050-09-15 03:00:00+00:00,3.426944450016443e-06,0.8810664845748336
2050-09-15 04:00:00+00:00,2.8844821292096702e-06,0.8812489401819781
2050-09-15 05:00:00+00:00,2.1485895462817524e-06,0.8814324242589823
2050-09-15 06:00:00+00:00,8.235903903413527e-07,0.8816171934143839
2050-09-15 07:00:00+00:00,1.3585529220409618e-07,0.8818022047427266
2050-09-15 08:00:00+00:00,0.05391210756056171,0.8819873410803846
2050-09-15 09:00:00+00:00,0.10782409286803381,0.8821719208839086
2050-09-15 10:00:00+00:00,0.16173607602273737,0.8823557511411849
2050-09-15 11:00:00+00:00,0.21564800437350046,0.8825394082353514
2050-09-15 12:00:00+00:00,0.2695607464714089,0.8827214601432939
2050-09-15 13:00:00+00:00,0.3234727107327451,0.8829016429926688
2050-09-15 14:00:00+00:00,0.37738469568096905,0.8830797386675164
2050-09-15 15:00:00+00:00,0.4312966800484305,0.8832559195398599
2050-09-15 16:00:00+00:00,0.4852072656391021,0.8834302231992699
2050-09-15 17:00:00+00:00,0.48558237499280005,0.8836017980488478
2050-09-15 18:00:00+00:00,0.48567626828205107,0.8837706290468205
2050-09-15 19:00:00+00:00,0.4857719098041603,0.8839365079447261
2050-09-15 20:00:00+00:00,0.48931899616269253,0.8840990776130349
2050-09-15 21:00:00+00:00,0.4929729035764754,0.8842585578300175
2050-09-15 22:00:00+00:00,0.4966375029746398,0.8844161224773717
2050-09-15 23:00:00+00:00,0.5003920662092275,0.884572971472095
2050-09-16 00:00:00+00:00,0.504205891597662,0.8847292796318237
2050-09-16 01:00:00+00:00,0.5081101638998882,0.8848851609663991
2050-09-16 02:00:00+00:00,0.5118441822729508,0.8850408993353432
2050-09-16 03:00:00+00:00,0.5154815373737363,0.8851965547840126
2050-09-16 04:00:00+00:00,0.5183202380740886,0.8853521706608316
2050-09-16 05:00:00+00:00,0.5184108895476051,0.8855077796045521
2050-09-16 06:00:00+00:00,0.5185039959352888,0.885663416743425
2050-09-16 07:00:00+00:00,0.5224226331801065,0.8858191586410311
2050-09-16 08:00:00+00:00,0.5763355301258493,0.8859752089804498
2050-09-16 09:00:00+00:00,0.6302484310005892,0.8861316256599252
2050-09-16 10:00:00+00:00,0.6841613267722876,0.886288680371865
2050-09-16 11:00:00+00:00,0.7380742238915109,0.8864470354022899
2050-09-16 12:00:00+00:00,0.7919871231788337,0.8866073987326203
2050-09-16 13:00:00+00:00,0.8459000214434699,0.8867695363274459
2050-09-16 14:00:00+00:00,0.8998129171803302,0.8869327114465213
2050-09-16 15:00:00+00:00,0.9537258019467407,0.8870966739987859
2050-09-16 16:00:00+00:00,0.9999998587837522,0.8872611334058649
2050-09-16 17:00:00+00:00,0.9999950654153225,0.8874262863316773
2050-09-16 18:00:00+00:00,0.9999929753601717,0.8875923862254115
2050-09-16 19:00:00+00:00,0.999991396664998,0.8877605325552189
2050-09-16 20:00:00+00:00,0.9999900709665469,0.8879313152399888
2050-09-16 21:00:00+00:00,0.9999889049987493,0.8881041463377466
2050-09-16 22:00:00+00:00,0.9999878530328435,0.8882782509627767
2050-09-16 23:00:00+00:00,0.9999868876190025,0.8884531579385337
2050-09-17 00:00:00+00:00,0.9999859925021385,0.8886287870370861
2050-09-17 01:00:00+00:00,0.9999851555699548,0.8888048986848727
2050-09-17 02:00:00+00:00,0.9999843683227403,0.8889816302606462
2050-09-17 03:00:00+00:00,0.9999836235625558,0.8891589512853609
2050-09-17 04:00:00+00:00,0.9999829142699554,0.8893367844982238
2050-09-17 05:00:00+00:00,0.9999822394036172,0.8895150053067601
2050-09-17 06:00:00+00:00,0.9999816341943133,0.889693423944093
2050-09-17 07:00:00+00:00,0.9999810191926701,0.889871473251558
2050-09-17 08:00:00+00:00,0.9999807976400151,0.8900489641408744
2050-09-17 09:00:00+00:00,0.9999805812685029,0.8902258787167349
2050-09-17 10:00:00+00:00,0.999980370150887,0.890402287129368
2050-09-17 11:00:00+00:00,0.9999801656862863,0.8905781163271307
2050-09-17 12:00:00+00:00,0.9999799681024555,0.8907531471629483
2050-09-17 13:00:00+00:00,0.9999797751141426,0.8909273901374659
2050-09-17 14:00:00+00:00,0.9999795869502967,0.89110066446557
2050-09-17 15:00:00+00:00,0.9999790998403103,0.8912730377106606
2050-09-17 16:00:00+00:00,0.9999786724468497,0.8914446760920096
2050-09-17 17:00:00+00:00,0.9999782571295036,0.8916159821212865
2050-09-17 18:00:00+00:00,0.9999778563275041,0.8917869837994815
2050-09-17 19:00:00+00:00,0.9999774666359325,0.8919578746832155
2050-09-17 20:00:00+00:00,0.9999770877829117,0.8921289929227488
2050-09-17 21:00:00+00:00,0.9999767190209242,0.8923007811096264
2050-09-17 22:00:00+00:00,0.9999763587893312,0.8924733572468644
2050-09-17 23:00:00+00:00,0.9999760069345524,0.8926468832620977
2050-09-18 00:00:00+00:00,0.9999756626416452,0.8928211597431934
2050-09-18 01:00:00+00:00,0.9999753261787188,0.8929961529877639
2050-09-18 02:00:00+00:00,0.9999749983996561,0.8931724197403349
2050-09-18 03:00:00+00:00,0.9999746808438907,0.8933498881734425
2050-09-18 04:00:00+00:00,0.9999743709804322,0.8935290602971713
2050-09-18 05:00:00+00:00,0.9999740662533712,0.8937094460279423
2050-09-18 06:00:00+00:00,0.9999737712383743,0.8938909387234543
2050-09-18 07:00:00+00:00,0.9999734543449609,0.8940732714814908
2050-09-18 08:00:00+00:00,0.999973313348303,0.8942565985283722
2050-09-18 09:00:00+00:00,0.9999731725235259,0.8944408784059301
2050-09-18 10:00:00+00:00,0.9999730250957122,0.8946259486843381
2050-09-18 11:00:00+00:00,0.9999728704579126,0.8948117002577776
2050-09-18 12:00:00+00:00,0.9999727214910156,0.8949979003294494
2050-09-18 13:00:00+00:00,0.9999725844339923,0.895184811343929
2050-09-18 14:00:00+00:00,0.9999724517996355,0.8953724436784318
2050-09-18 15:00:00+00:00,0.9999723295528327,0.8955608288776231
2050-09-18 16:00:00+00:00,0.9999716883357896,0.8957499532932212
2050-09-18 17:00:00+00:00,0.9999700928590638,0.8959400698923784
2050-09-18 18:00:00+00:00,0.9999684474051111,0.8961315586531529
2050-09-18 19:00:00+00:00,0.9999668818252897,0.8963240607831829
2050-09-18 20:00:00+00:00,0.9999653830709333,0.8965175951400911
2050-09-18 21:00:00+00:00,0.9999639558727831,0.8967119617543621
2050-09-18 22:00:00+00:00,0.9999625752797047,0.8969070048831497
2050-09-18 23:00:00+00:00,0.9999612414075644,0.8971025438430333
2050-09-19 00:00:00+00:00,0.999959948210168,0.8972986174390173
2050-09-19 01:00:00+00:00,0.9999586960430074,0.8974949720395135
2050-09-19 02:00:00+00:00,0.9999574789351026,0.8976916862811618
2050-09-19 03:00:00+00:00,0.9999562904666327,0.8978887531232166
2050-09-19 04:00:00+00:00,0.9999551273021542,0.898086001785515
2050-09-19 05:00:00+00:00,0.9999539940923108,0.8982833842208381
2050-09-19 06:00:00+00:00,0.9999528940471334,0.8984808204326146
2050-09-19 07:00:00+00:00,0.9999518759755736,0.8986783018666753
2050-09-19 08:00:00+00:00,0.99995151752556,0.8988758184009067
2050-09-19 09:00:00+00:00,0.9999511694286767,0.8990731865798358
2050-09-19 10:00:00+00:00,0.9999508276022079,0.899270320306498
2050-09-19 11:00:00+00:00,0.9999504796921916,0.8994671683279143
2050-09-19 12:00:00+00:00,0.9999502961832887,0.8996636511761914
2050-09-19 13:00:00+00:00,0.9999499633678034,0.8998598003797291
2050-09-19 14:00:00+00:00,0.9999496326148163,0.9000556293873457
2050-09-19 15:00:00+00:00,0.9999493027619317,0.9002512453738678
2050-09-19 16:00:00+00:00,0.9999488636847186,0.9004466526267915
2050-09-19 17:00:00+00:00,0.9999472320240433,0.900381479868633
2050-09-19 18:00:00+00:00,0.9999456512477178,0.9002622601824336
2050-09-19 19:00:00+00:00,0.999944109991839,0.9001514953667195
2050-09-19 20:00:00+00:00,0.9999426042131061,0.9000310895228331
2050-09-19 21:00:00+00:00,0.9999411305989383,0.8999028207471759
2050-09-19 22:00:00+00:00,0.9999397025464761,0.8997348708505817
2050-09-19 23:00:00+00:00,0.9999383039262353,0.8995596451285004
2050-09-20 00:00:00+00:00,0.9999369315266337,0.8993757544949417
2050-09-20 01:00:00+00:00,0.9999355853927693,0.8991850064326139
2050-09-20 02:00:00+00:00,0.9999342646206232,0.8989766100084513
2050-09-20 03:00:00+00:00,0.9999329678386641,0.8987202213634532
2050-09-20 04:00:00+00:00,0.9999316920238379,0.8979758713867739
2050-09-20 05:00:00+00:00,0.999930428813902,0.8971995944773996
2050-09-20 06:00:00+00:00,0.9999291874141678,0.8964233188027919
2050-09-20 07:00:00+00:00,0.9999279780263165,0.8962557749079704
2050-09-20 08:00:00+00:00,0.9999272796281952,0.8964502819263623
2050-09-20 09:00:00+00:00,0.9999269039737394,0.8966447618840313
2050-09-20 10:00:00+00:00,0.9999265329347511,0.896839222906763
2050-09-20 11:00:00+00:00,0.9999262637889801,0.89703367098395
2050-09-20 12:00:00+00:00,0.9999259910985825,0.8972281293661161
2050-09-20 13:00:00+00:00,0.9999257234677281,0.8974225880289398
2050-09-20 14:00:00+00:00,0.9999253593229547,0.8976170273936659
2050-09-20 15:00:00+00:00,0.9999249973808125,0.8978114651723276
2050-09-20 16:00:00+00:00,0.9987517780495333,0.8970338270864403
2050-09-20 17:00:00+00:00,0.9307711274732412,0.8962561503444767
2050-09-20 18:00:00+00:00,0.8590434664932742,0.8954784250364548
2050-09-20 19:00:00+00:00,0.7914146400015858,0.8947006588640665
2050-09-20 20:00:00+00:00,0.7196881280604074,0.8939228477874894
2050-09-20 21:00:00+00:00,0.6542281257193863,0.8931449920385378
2050-09-20 22:00:00+00:00,0.6086000203840435,0.8923670879757444
2050-09-20 23:00:00+00:00,0.5667568712528941,0.8915891371704002
2050-09-21 00:00:00+00:00,0.5281604241455464,0.8908111341856287
2050-09-21 01:00:00+00:00,0.4912637456461691,0.890033085905583
2050-09-21 02:00:00+00:00,0.45492918394810966,0.889254979839635
2050-09-21 03:00:00+00:00,0.41809464603951757,0.8884768113682284
2050-09-21 04:00:00+00:00,0.3800830913044369,0.8876985794198399
2050-09-21 05:00:00+00:00,0.3375182420039665,0.8869202850837543
2050-09-21 06:00:00+00:00,0.29838725692075063,0.8861419219505519
2050-09-21 07:00:00+00:00,0.29735514754493375,0.8853634888945734
2050-09-21 08:00:00+00:00,0.2973548738737945,0.8855570168028735
2050-09-21 09:00:00+00:00,0.2973545926011751,0.8857504477931073
2050-09-21 10:00:00+00:00,0.30257521567526785,0.8859437755873634
2050-09-21 11:00:00+00:00,0.3564884826187115,0.8861369884960706
2050-09-21 12:00:00+00:00,0.4104017498473488,0.8863300939663443
2050-09-21 13:00:00+00:00,0.4643119246530693,0.8865230595550992
2050-09-21 14:00:00+00:00,0.46431166178554145,0.8867158454279437
2050-09-21 15:00:00+00:00,0.464311404914011,0.8869083431135008
2050-09-21 16:00:00+00:00,0.4643103383446109,0.8865170212207569
2050-09-21 17:00:00+00:00,0.4632628230486731,0.8857365439156678
2050-09-21 18:00:00+00:00,0.46219273337494804,0.8849554478491789
2050-09-21 19:00:00+00:00,0.4615388600759533,0.8841738301080466
2050-09-21 20:00:00+00:00,0.46092873569163734,0.8833914539878462
2050-09-21 21:00:00+00:00,0.46070750825049356,0.8826079413517995
2050-09-21 22:00:00+00:00,0.4605919788973685,0.8818229287659488
2050-09-21 23:00:00+00:00,0.46047741835357686,0.8810356953919112
2050-09-22 00:00:00+00:00,0.4603630860125384,0.8802454517064228
2050-09-22 01:00:00+00:00,0.4602489087761109,0.879451455055964
2050-09-22 02:00:00+00:00,0.46013490462629447,0.878652788602709
2050-09-22 03:00:00+00:00,0.4600210973698615,0.8778502688169798
2050-09-22 04:00:00+00:00,0.45990743773578374,0.8770452962748867
2050-09-22 05:00:00+00:00,0.459794166208442,0.8762383824454667
2050-09-22 06:00:00+00:00,0.45968156219865475,0.875429529890938
2050-09-22 07:00:00+00:00,0.4596812203751645,0.8755914403273868
2050-09-22 08:00:00+00:00,0.4596810974636666,0.8757520015012089
2050-09-22 09:00:00+00:00,0.4596843407770131,0.8759113493344972
2050-09-22 10:00:00+00:00,0.513597608652124,0.8760694352980285
2050-09-22 11:00:00+00:00,0.5675108789331806,0.8762257304280299
2050-09-22 12:00:00+00:00,0.6214241482013539,0.8763808072182713
2050-09-22 13:00:00+00:00,0.6338168928480515,0.8765344331560968
2050-09-22 14:00:00+00:00,0.6338167805321955,0.8766867432243345
2050-09-22 15:00:00+00:00,0.6338166461297845,0.8768381810148511
2050-09-22 16:00:00+00:00,0.6338160279109891,0.8769887496332915
2050-09-22 17:00:00+00:00,0.6338149693732105,0.8761680023598244
2050-09-22 18:00:00+00:00,0.6338139119735181,0.8753468745497003
2050-09-22 19:00:00+00:00,0.6338128647240627,0.8747753010483555
2050-09-22 20:00:00+00:00,0.6338118190901216,0.8745886526155995
2050-09-22 21:00:00+00:00,0.6338107751632847,0.8745081851504952
2050-09-22 22:00:00+00:00,0.6338097331040725,0.87444643280248
2050-09-22 23:00:00+00:00,0.6338086934778863,0.8743876178010006
2050-09-23 00:00:00+00:00,0.6338076558727215,0.8743299278069515
2050-09-23 01:00:00+00:00,0.6338066218083772,0.8742731194124419
2050-09-23 02:00:00+00:00,0.633805591530345,0.8742141780591927
2050-09-23 03:00:00+00:00,0.6338045653949776,0.8741443912488878
2050-09-23 04:00:00+00:00,0.6338035427058097,0.8736815823421575
2050-09-23 05:00:00+00:00,0.6338025200938381,0.8728585792749715
2050-09-23 06:00:00+00:00,0.6338015141974862,0.8720354974841585
2050-09-23 07:00:00+00:00,0.6338009386031499,0.8721829423600324
2050-09-23 08:00:00+00:00,0.6586061233423908,0.8723299895444501
2050-09-23 09:00:00+00:00,0.7124019077732584,0.8724765664852115
2050-09-23 10:00:00+00:00,0.7663152056181051,0.8726224055320628
2050-09-23 11:00:00+00:00,0.8202285016846129,0.8727668465753056
2050-09-23 12:00:00+00:00,0.8741417979417465,0.8729091817663293
2050-09-23 13:00:00+00:00,0.9280550935833792,0.8730496393877791
2050-09-23 14:00:00+00:00,0.9818414595975383,0.8731889544022482
2050-09-23 15:00:00+00:00,0.9999999831002971,0.8733273821955889
2050-09-23 16:00:00+00:00,0.9999996719133217,0.8724931659772694
2050-09-23 17:00:00+00:00,0.9282773479351524,0.8716581585702331
2050-09-23 18:00:00+00:00,0.8565485300099748,0.8708221150971778
2050-09-23 19:00:00+00:00,0.8505014182027254,0.8699839289671677
2050-09-23 20:00:00+00:00,0.8446710487446477,0.8691430077570286
2050-09-23 21:00:00+00:00,0.838991210477021,0.8682999327894113
2050-09-23 22:00:00+00:00,0.8344884981091648,0.8674554770953464
2050-09-23 23:00:00+00:00,0.82922076110085,0.8666101063848223
2050-09-24 00:00:00+00:00,0.8239061085191222,0.8657638410454125
2050-09-24 01:00:00+00:00,0.8186492829404435,0.8649169827859855
2050-09-24 02:00:00+00:00,0.8134279090333437,0.864069397507167
2050-09-24 03:00:00+00:00,0.7893109887705884,0.8632210912993517
2050-09-24 04:00:00+00:00,0.7175819357249925,0.8623721393760361
2050-09-24 05:00:00+00:00,0.645866599693478,0.861522670423783
2050-09-24 06:00:00+00:00,0.5739822318555846,0.8606728719704269
2050-09-24 07:00:00+00:00,0.5686933473846331,0.8598228146247161
2050-09-24 08:00:00+00:00,0.6226066730854543,0.8599446678428537
2050-09-24 09:00:00+00:00,0.6765199994196212,0.8600664375590458
2050-09-24 10:00:00+00:00,0.7304333349157157,0.8601881610494211
2050-09-24 11:00:00+00:00,0.7843466729970707,0.860309866860272
2050-09-24 12:00:00+00:00,0.8382600100284716,0.8604315797073829
2050-09-24 13:00:00+00:00,0.8921733448830693,0.8605533074085739
2050-09-24 14:00:00+00:00,0.9460866705189438,0.8606750529005333
2050-09-24 15:00:00+00:00,0.9999999933392492,0.8607967790028208
2050-09-24 16:00:00+00:00,0.9999991125967964,0.8599464327221416
2050-09-24 17:00:00+00:00,0.9282017173189255,0.8590959896946007
2050-09-24 18:00:00+00:00,0.8564037238631445,0.8582454238136371
2050-09-24 19:00:00+00:00,0.784606705082534,0.8573943900269114
2050-09-24 20:00:00+00:00,0.7133900022039296,0.8565426058417566
2050-09-24 21:00:00+00:00,0.6421720602473777,0.855689758828815
2050-09-24 22:00:00+00:00,0.570953438784671,0.8548358902060944
2050-09-24 23:00:00+00:00,0.4997328014216343,0.8539809195249793
2050-09-25 00:00:00+00:00,0.42851051896792686,0.8531250485394491
2050-09-25 01:00:00+00:00,0.3572872672225681,0.8522683382498577
2050-09-25 02:00:00+00:00,0.2860627841726869,0.8514101244781768
2050-09-25 03:00:00+00:00,0.21483617830025073,0.8505505505584225
2050-09-25 04:00:00+00:00,0.14360253948656257,0.8496891402000161
2050-09-25 05:00:00+00:00,0.07180184602865089,0.8488263948208978
2050-09-25 06:00:00+00:00,7.43553046440752e-07,0.8479624000234959
2050-09-25 07:00:00+00:00,2.1067173391117913e-09,0.847097355482841
2050-09-25 08:00:00+00:00,0.053913272068951766,0.8462320398624208
2050-09-25 09:00:00+00:00,0.1078265438202496,0.8463365165360947
2050-09-25 10:00:00+00:00,0.16173982102162954,0.8464399543053734
2050-09-25 11:00:00+00:00,0.21565310286730663,0.8465423295449344
2050-09-25 12:00:00+00:00,0.2695663803412959,0.8466439539728381
2050-09-25 13:00:00+00:00,0.32347965100595083,0.8467445147538747
2050-09-25 14:00:00+00:00,0.3773929209669519,0.8467467621667483
2050-09-25 15:00:00+00:00,0.43130618908706825,0.8458745012725933
2050-09-25 16:00:00+00:00,0.42199890687594027,0.8450000018134963
2050-09-25 17:00:00+00:00,0.3502645909864766,0.8441241376033055
2050-09-25 18:00:00+00:00,0.2785300811402879,0.843246652811558
2050-09-25 19:00:00+00:00,0.25979517547297815,0.8423678670220786
2050-09-25 20:00:00+00:00,0.24664483597785275,0.841487776983194
2050-09-25 21:00:00+00:00,0.23481738363536314,0.8406065433781913
2050-09-25 22:00:00+00:00,0.22335326146121262,0.8397243782375496
2050-09-25 23:00:00+00:00,0.21169476175519175,0.8388414867563164
2050-09-26 00:00:00+00:00,0.19979273055249044,0.8379578537852093
2050-09-26 01:00:00+00:00,0.18753895375805626,0.8370736602334763
2050-09-26 02:00:00+00:00,0.1749112103687351,0.8361888439973704
2050-09-26 03:00:00+00:00,0.1612861563094778,0.8353035053128846
2050-09-26 04:00:00+00:00,0.14345431851563523,0.8344178197962098
2050-09-26 05:00:00+00:00,0.07172702442218847,0.8335318928585531
2050-09-26 06:00:00+00:00,7.4869157371449e-08,0.8326458772788474
2050-09-26 07:00:00+00:00,5.322969183223514e-07,0.8317596203415784
2050-09-26 08:00:00+00:00,1.8232237566170963e-06,0.8318452108718813
2050-09-26 09:00:00+00:00,2.460582789278427e-06,0.8319307571148241
2050-09-26 10:00:00+00:00,2.8923718731599837e-06,0.8320163024826649
2050-09-26 11:00:00+00:00,3.224710272545926e-06,0.8321018881983356
2050-09-26 12:00:00+00:00,3.500173425290962e-06,0.8321875142428014
2050-09-26 13:00:00+00:00,3.7460286765622245e-06,0.8322731832740757
2050-09-26 14:00:00+00:00,3.803754934820963e-06,0.8313869092561454
2050-09-26 15:00:00+00:00,3.989507027185355e-06,0.8314727268086867
2050-09-26 16:00:00+00:00,3.995828402922689e-06,0.8305865954741498
2050-09-26 17:00:00+00:00,4.01322624144791e-06,0.8297004547162538
2050-09-26 18:00:00+00:00,3.9844935005518185e-06,0.8288142847524244
2050-09-26 19:00:00+00:00,3.9399577982356335e-06,0.8279281043152974
2050-09-26 20:00:00+00:00,3.878877965605501e-06,0.8270418942719848
2050-09-26 21:00:00+00:00,3.7995097016336964e-06,0.8261556307851894
2050-09-26 22:00:00+00:00,3.7013566553169435e-06,0.8252693194400139
2050-09-26 23:00:00+00:00,3.582145113049958e-06,0.8243829709115074
2050-09-27 00:00:00+00:00,3.439584984604358e-06,0.8234965801756299
2050-09-27 01:00:00+00:00,3.2703047127703926e-06,0.8226101403193511
2050-09-27 02:00:00+00:00,3.0699545835597502e-06,0.8217236482504885
2050-09-27 03:00:00+00:00,2.8313218351962935e-06,0.8208370981945555
2050-09-27 04:00:00+00:00,2.543066299427271e-06,0.8199504883199108
2050-09-27 05:00:00+00:00,2.185879977604475e-06,0.8190638204974449
2050-09-27 06:00:00+00:00,1.7204410857815638e-06,0.8181771107290545
2050-09-27 07:00:00+00:00,1.4957324293882966e-06,0.8182624375457203
2050-09-27 08:00:00+00:00,1.29769530730845e-06,0.8183477971683624
2050-09-27 09:00:00+00:00,1.0755560318798944e-06,0.8184331734983314
2050-09-27 10:00:00+00:00,0.050962657646900875,0.8185185334960305
2050-09-27 11:00:00+00:00,0.10487583335942856,0.8186038482216541
2050-09-27 12:00:00+00:00,0.14662183030912937,0.8186891042798911
2050-09-27 13:00:00+00:00,0.14662159291013233,0.8187743394021484
2050-09-27 14:00:00+00:00,0.1466209751645787,0.8188595360355102
2050-09-27 15:00:00+00:00,0.1466192241908464,0.8189446678545209
2050-09-27 16:00:00+00:00,0.14648430352949943,0.818214842867368
2050-09-27 17:00:00+00:00,0.1140713063585554,0.8173290694394534
2050-09-27 18:00:00+00:00,0.07883187435155763,0.8164431986920648
2050-09-27 19:00:00+00:00,0.04047849647860454,0.8155572687753888
2050-09-27 20:00:00+00:00,0.0027046754924360105,0.8146713059002252
2050-09-27 21:00:00+00:00,0.0025591581146786903,0.8138684349583547
2050-09-27 22:00:00+00:00,0.002408885681210833,0.8131375790274568
2050-09-27 23:00:00+00:00,0.0022501431309486833,0.8124109766199
2050-09-28 00:00:00+00:00,0.00208089229921535,0.8116903919841164
2050-09-28 01:00:00+00:00,0.0018981091682556412,0.8109729302197132
2050-09-28 02:00:00+00:00,0.0016972177657069315,0.8102580850996484
2050-09-28 03:00:00+00:00,0.001470326687774208,0.8095427711978116
2050-09-28 04:00:00+00:00,0.0012011862557867086,0.8088268222650907
2050-09-28 05:00:00+00:00,0.0008453226119265158,0.8081127928736214
2050-09-28 06:00:00+00:00,5.1136685075629475e-06,0.8073806627342089
2050-09-28 07:00:00+00:00,1.899156699407108e-06,0.8074658093532799
2050-09-28 08:00:00+00:00,2.0243694473260778e-05,0.8075509786971259
2050-09-28 09:00:00+00:00,2.814089838567308e-05,0.8076361577459173
2050-09-28 10:00:00+00:00,3.427583042494636e-05,0.8077213811337475
2050-09-28 11:00:00+00:00,3.934737974429142e-05,0.807807174880728
2050-09-28 12:00:00+00:00,4.392927298989544e-05,0.8078933998888607
2050-09-28 13:00:00+00:00,4.810824156241742e-05,0.8079798605631432
2050-09-28 14:00:00+00:00,5.1864024741716986e-05,0.8080665750313788
2050-09-28 15:00:00+00:00,5.245181274794366e-05,0.8081536934514845
2050-09-28 16:00:00+00:00,5.290618886003566e-05,0.8082414318649294
2050-09-28 17:00:00+00:00,5.3356015570887836e-05,0.8083297414364297
2050-09-28 18:00:00+00:00,5.380332572548601e-05,0.8084186403852062
2050-09-28 19:00:00+00:00,5.424353820530659e-05,0.8085082452976573
2050-09-28 20:00:00+00:00,5.4802977869921276e-05,0.8085987946845878
2050-09-28 21:00:00+00:00,5.5355252419780635e-05,0.8086902116113277
2050-09-28 22:00:00+00:00,5.589800281357748e-05,0.808782484953588
2050-09-28 23:00:00+00:00,5.643527832569698e-05,0.8088757516300665
2050-09-29 00:00:00+00:00,5.696568107084786e-05,0.8089701787209121
2050-09-29 01:00:00+00:00,5.748983380417196e-05,0.8090656840889404
2050-09-29 02:00:00+00:00,5.800820927019962e-05,0.8091620391616434
2050-09-29 03:00:00+00:00,5.852054488718923e-05,0.8092592921991045
2050-09-29 04:00:00+00:00,5.892054632399991e-05,0.8093573420430572
2050-09-29 05:00:00+00:00,5.931867069489797e-05,0.8094564019269207
2050-09-29 06:00:00+00:00,5.9713534418957244e-05,0.8095564932459165
2050-09-29 07:00:00+00:00,6.149334928425419e-05,0.809658015168775
2050-09-29 08:00:00+00:00,6.322712206222949e-05,0.8097609029583334
2050-09-29 09:00:00+00:00,6.491421026596222e-05,0.8098649027966183
2050-09-29 10:00:00+00:00,6.658517831350147e-05,0.8099702882042279
2050-09-29 11:00:00+00:00,6.821453805393628e-05,0.8100773252560913
2050-09-29 12:00:00+00:00,6.979790212263578e-05,0.8101868086608548
2050-09-29 13:00:00+00:00,7.13643995670394e-05,0.8103000689896463
2050-09-29 14:00:00+00:00,7.287730250083237e-05,0.8104168152473856
2050-09-29 15:00:00+00:00,7.433468256594529e-05,0.8105371253345863
2050-09-29 16:00:00+00:00,7.449333420372559e-05,0.8106601872051195
2050-09-29 17:00:00+00:00,7.464814453006567e-05,0.8107853893492373
2050-09-29 18:00:00+00:00,7.480242420018612e-05,0.8109119250789417
2050-09-29 19:00:00+00:00,7.495703438570805e-05,0.8110394791778077
2050-09-29 20:00:00+00:00,7.511063316764275e-05,0.8111673432335149
2050-09-29 21:00:00+00:00,7.52635279931392e-05,0.8112953878505992
2050-09-29 22:00:00+00:00,7.541500299808634e-05,0.8114235662787284
2050-09-29 23:00:00+00:00,7.556622805092027e-05,0.8115520740125645
2050-09-30 00:00:00+00:00,7.571628215581009e-05,0.8116807840730873
2050-09-30 01:00:00+00:00,7.586518115911709e-05,0.8118098380946924
2050-09-30 02:00:00+00:00,7.601315214081369e-05,0.8119394391041039
2050-09-30 03:00:00+00:00,7.615925637543258e-05,0.8120697611644614
2050-09-30 04:00:00+00:00,7.63040269958454e-05,0.8122006740953812
2050-09-30 05:00:00+00:00,7.644761793336887e-05,0.8123319674830528
2050-09-30 06:00:00+00:00,7.658952260434503e-05,0.8124636208946183
2050-09-30 07:00:00+00:00,7.673211543029e-05,0.8125953432505927
2050-09-30 08:00:00+00:00,7.782510963022667e-05,0.812727154452201
2050-09-30 09:00:00+00:00,7.892590658109631e-05,0.8128590362653336
2050-09-30 10:00:00+00:00,8.000757376167613e-05,0.812991018350412
2050-09-30 11:00:00+00:00,8.107602505917515e-05,0.8131231308106461
2050-09-30 12:00:00+00:00,8.213420664304486e-05,0.813255432322731
2050-09-30 13:00:00+00:00,8.318069021519999e-05,0.8133879510163626
2050-09-30 14:00:00+00:00,8.419506330895507e-05,0.813520735495293
2050-09-30 15:00:00+00:00,8.519297866326336e-05,0.8136538408327374
2050-09-30 16:00:00+00:00,8.548581097719748e-05,0.8137872884256165
2050-09-30 17:00:00+00:00,8.577407600916968e-05,0.8139208812738107
2050-09-30 18:00:00+00:00,8.606120011918374e-05,0.8140545017707969
2050-09-30 19:00:00+00:00,8.634834683502872e-05,0.8141881509620981
2050-09-30 20:00:00+00:00,8.663374918699067e-05,0.814321817821404
2050-09-30 21:00:00+00:00,8.6917425730353e-05,0.8144554850601241
2050-09-30 22:00:00+00:00,8.719866316001724e-05,0.814589161824521
2050-09-30 23:00:00+00:00,8.747778754399153e-05,0.8147228384996074
2050-10-01 00:00:00+00:00,8.775554603304578e-05,0.8148565257225343
2050-10-01 01:00:00+00:00,8.803220523026124e-05,0.8149902170531972
2050-10-01 02:00:00+00:00,8.830724981800433e-05,0.8151238988260475
2050-10-01 03:00:00+00:00,8.858084375767902e-05,0.8152575576433084
2050-10-01 04:00:00+00:00,8.885267324542421e-05,0.8153911932166398
2050-10-01 05:00:00+00:00,8.912271626116325e-05,0.8155248108673856
2050-10-01 06:00:00+00:00,8.938902389289387e-05,0.8156584326489571
2050-10-01 07:00:00+00:00,8.971552509601425e-05,0.8157920370311098
2050-10-01 08:00:00+00:00,9.086837038067345e-05,0.81592556813429
2050-10-01 09:00:00+00:00,9.199492836735291e-05,0.8160589973872994
2050-10-01 10:00:00+00:00,0.04772254398970715,0.816192312958326
2050-10-01 11:00:00+00:00,0.10163577156937363,0.8163255001902232
2050-10-01 12:00:00+00:00,0.14863234617878646,0.8164586233786522
2050-10-01 13:00:00+00:00,0.14863343142894983,0.8165919628226233
2050-10-01 14:00:00+00:00,0.14863455671988043,0.8167256946861816
2050-10-01 15:00:00+00:00,0.14863488468229816,0.8168607809842579
2050-10-01 16:00:00+00:00,0.14863520406746622,0.8169964932347619
2050-10-01 17:00:00+00:00,0.14863552434939825,0.8171324356619006
2050-10-01 18:00:00+00:00,0.14863584530680343,0.8172685707605574
2050-10-01 19:00:00+00:00,0.14863616637418384,0.8174047216831101
2050-10-01 20:00:00+00:00,0.14863648708771857,0.8175408729564567
2050-10-01 21:00:00+00:00,0.14863680755498926,0.8176770200593991
2050-10-01 22:00:00+00:00,0.14863712895009956,0.8178131773126428
2050-10-01 23:00:00+00:00,0.14863744936631001,0.8179493553199608
2050-10-02 00:00:00+00:00,0.14863776871228446,0.8180855802740948
2050-10-02 01:00:00+00:00,0.148638087521744,0.818221813092224
2050-10-02 02:00:00+00:00,0.1486384057621103,0.8183580578194084
2050-10-02 03:00:00+00:00,0.1486387246476536,0.8184943243085534
2050-10-02 04:00:00+00:00,0.1486390425747787,0.8186306358941394
2050-10-02 05:00:00+00:00,0.1486393597831639,0.8187670197844898
2050-10-02 06:00:00+00:00,0.148639675841852,0.818903474362454
2050-10-02 07:00:00+00:00,0.14864000153529647,0.8190399332028816
2050-10-02 08:00:00+00:00,0.20254963220238895,0.8191765604495606
2050-10-02 09:00:00+00:00,0.2564598385470466,0.8193133623143191
2050-10-02 10:00:00+00:00,0.3103730867253409,0.8194501986663164
2050-10-02 11:00:00+00:00,0.364286346882651,0.8195870800090856
2050-10-02 12:00:00+00:00,0.41819960636119696,0.8197239840212777
2050-10-02 13:00:00+00:00,0.47211220010554683,0.8198610714313393
2050-10-02 14:00:00+00:00,0.5260220906633648,0.8199991309658661
2050-10-02 15:00:00+00:00,0.5260228393010435,0.8201384302785922
2050-10-02 16:00:00+00:00,0.5260235897726168,0.8202780297048337
2050-10-02 17:00:00+00:00,0.5260240830298336,0.8204176077357883
2050-10-02 18:00:00+00:00,0.526024845304527,0.8205571752688385
2050-10-02 19:00:00+00:00,0.5260255939841008,0.820696730003993
2050-10-02 20:00:00+00:00,0.5260263492405723,0.8208362740845105
2050-10-02 21:00:00+00:00,0.5260270971627702,0.8209758132787235
2050-10-02 22:00:00+00:00,0.526027844801438,0.8211153575625977
2050-10-02 23:00:00+00:00,0.5260285900676371,0.8212549265002548
2050-10-03 00:00:00+00:00,0.5260293299309748,0.821394525380996
2050-10-03 01:00:00+00:00,0.5260300512423075,0.8215341385104212
2050-10-03 02:00:00+00:00,0.5260307646247574,0.8216737909569395
2050-10-03 03:00:00+00:00,0.5260314880107118,0.8218134541264264
2050-10-03 04:00:00+00:00,0.5260322375734421,0.8219531299353191
2050-10-03 05:00:00+00:00,0.5260329863357831,0.8220927980730779
2050-10-03 06:00:00+00:00,0.5260337430650208,0.8222324315042305
2050-10-03 07:00:00+00:00,0.5799418507925495,0.8223723202164691
2050-10-03 08:00:00+00:00,0.6338499367116417,0.822512461841647
2050-10-03 09:00:00+00:00,0.6877569783552246,0.8226526869929547
2050-10-03 10:00:00+00:00,0.7416653374804597,0.8227929625875102
2050-10-03 11:00:00+00:00,0.7955779614779563,0.8229331846724084
2050-10-03 12:00:00+00:00,0.849486043596387,0.8230733941161233
2050-10-03 13:00:00+00:00,0.9033941432685964,0.8232136976452518
2050-10-03 14:00:00+00:00,0.9573018858733312,0.8233542117410512
2050-10-03 15:00:00+00:00,0.9999528674655458,0.8234948656795494
2050-10-03 16:00:00+00:00,0.999953675276879,0.8236357507091807
2050-10-03 17:00:00+00:00,0.9999539920134305,0.823776978871575
2050-10-03 18:00:00+00:00,0.9999543076151738,0.8239186480355147
2050-10-03 19:00:00+00:00,0.9999551331394904,0.8240606894224393
2050-10-03 20:00:00+00:00,0.9999559667678158,0.8242030817886783
2050-10-03 21:00:00+00:00,0.9999568400028285,0.8243459774894423
2050-10-03 22:00:00+00:00,0.99995815505033,0.8244891211775927
2050-10-03 23:00:00+00:00,0.9999595477936395,0.8246324595449106
2050-10-04 00:00:00+00:00,0.9999610144864323,0.8247761086116809
2050-10-04 01:00:00+00:00,0.9999625456445018,0.8249202187720531
2050-10-04 02:00:00+00:00,0.9999641824844475,0.8250649210634163
2050-10-04 03:00:00+00:00,0.9999645726187522,0.8252101516169128
2050-10-04 04:00:00+00:00,0.9999649702376333,0.8253559590320896
2050-10-04 05:00:00+00:00,0.9999653771653715,0.8255025726072541
2050-10-04 06:00:00+00:00,0.99996579359867,0.8256500683185742
2050-10-04 07:00:00+00:00,0.9999662135601711,0.825798246282979
2050-10-04 08:00:00+00:00,0.9999666311770377,0.8259475040394284
2050-10-04 09:00:00+00:00,0.9999689584495123,0.8260979592496766
2050-10-04 10:00:00+00:00,0.9999714624479479,0.826249633516324
2050-10-04 11:00:00+00:00,0.9999742351764384,0.8264024063002496
2050-10-04 12:00:00+00:00,0.9999773027543369,0.8265567597348195
2050-10-04 13:00:00+00:00,0.9999777814155211,0.8267135722072512
2050-10-04 14:00:00+00:00,0.9999782754794191,0.8268739045287207
2050-10-04 15:00:00+00:00,0.9999784857891554,0.8270401269893974
2050-10-04 16:00:00+00:00,0.9999786375885744,0.8272123599316623
2050-10-04 17:00:00+00:00,0.9999787967594345,0.827391590517911
2050-10-04 18:00:00+00:00,0.9999789615612111,0.8275789075561404
2050-10-04 19:00:00+00:00,0.9999791323427414,0.8277741706379043
2050-10-04 20:00:00+00:00,0.9999793083277758,0.8279789435182543
2050-10-04 21:00:00+00:00,0.9999794893660938,0.8281954127355426
2050-10-04 22:00:00+00:00,0.9999796770936216,0.8284271366150415
2050-10-04 23:00:00+00:00,0.9999798711570261,0.8286771697038721
2050-10-05 00:00:00+00:00,0.9999800717409444,0.8289453195718147
2050-10-05 01:00:00+00:00,0.9999802792914992,0.8292293323725727
2050-10-05 02:00:00+00:00,0.9999804953503266,0.8295240573819259
2050-10-05 03:00:00+00:00,0.9999807204944307,0.8298251503416484
2050-10-05 04:00:00+00:00,0.9999809539067923,0.8301314834973487
2050-10-05 05:00:00+00:00,0.9999811959032561,0.8304420798285738
2050-10-05 06:00:00+00:00,0.9999814453066692,0.8307564891386359
2050-10-05 07:00:00+00:00,0.9999817033977236,0.8310741674149247
2050-10-05 08:00:00+00:00,0.9999825056847746,0.8313953586905211
2050-10-05 09:00:00+00:00,0.9999833523594196,0.8317196579689179
2050-10-05 10:00:00+00:00,0.9999841832674703,0.8320470569423092
2050-10-05 11:00:00+00:00,0.9999849955334199,0.8323766798559921
2050-10-05 12:00:00+00:00,0.9999864724926569,0.832708949859006
2050-10-05 13:00:00+00:00,0.9999874541324162,0.8330431537152055
2050-10-05 14:00:00+00:00,0.9999886688252821,0.8333788564821262
2050-10-05 15:00:00+00:00,0.9999900651694377,0.8337164064501301
2050-10-05 16:00:00+00:00,0.9999589679366125,0.8337751786164173
2050-10-05 17:00:00+00:00,0.9999409370393234,0.8331423318218492
2050-10-05 18:00:00+00:00,0.999927422342683,0.8325092151426733
2050-10-05 19:00:00+00:00,0.9999166962926285,0.8320249788088109
2050-10-05 20:00:00+00:00,0.9999071017234542,0.8314897340709889
2050-10-05 21:00:00+00:00,0.9998983518145224,0.8310750205554033
2050-10-05 22:00:00+00:00,0.9998902287446602,0.8307816413687531
2050-10-05 23:00:00+00:00,0.9998826132043921,0.8305861194568929
2050-10-06 00:00:00+00:00,0.9998754099003473,0.8304530489502826
2050-10-06 01:00:00+00:00,0.9998685539271556,0.8303526126429613
2050-10-06 02:00:00+00:00,0.9998619948011432,0.8302668966934107
2050-10-06 03:00:00+00:00,0.9998557006549361,0.8301904836389115
2050-10-06 04:00:00+00:00,0.999849642137252,0.8301252220873033
2050-10-06 05:00:00+00:00,0.9998437932116094,0.830075371399696
2050-10-06 06:00:00+00:00,0.9998381414332245,0.8300389528612814
2050-10-06 07:00:00+00:00,0.9998386957300165,0.8303682037681719
2050-10-06 08:00:00+00:00,0.9998391940558946,0.8306962531237364
2050-10-06 09:00:00+00:00,0.9998396671157249,0.8310233051097414
2050-10-06 10:00:00+00:00,0.999874760070808,0.8313490941304162
2050-10-06 11:00:00+00:00,0.999917551757364,0.8316734148185742
2050-10-06 12:00:00+00:00,0.9999957189045799,0.8319955105148886
2050-10-06 13:00:00+00:00,0.99999631216157,0.8323143259078235
2050-10-06 14:00:00+00:00,0.9999972109228138,0.8326302827877848
2050-10-06 15:00:00+00:00,0.9999999430642788,0.8329436210067004
2050-10-06 16:00:00+00:00,0.9468398842902006,0.8322826272854469
2050-10-06 17:00:00+00:00,0.8750995892196239,0.8316195939261154
2050-10-06 18:00:00+00:00,0.8033549696659837,0.8309552490721931
2050-10-06 19:00:00+00:00,0.7538006947656156,0.8302899805640478
2050-10-06 20:00:00+00:00,0.705181454902273,0.8296246352672506
2050-10-06 21:00:00+00:00,0.6549564535769545,0.8289593732718373
2050-10-06 22:00:00+00:00,0.606777490785995,0.8282942029098511
2050-10-06 23:00:00+00:00,0.5595360910693632,0.8276289964388631
2050-10-07 00:00:00+00:00,0.5129909820578843,0.8269639097938076
2050-10-07 01:00:00+00:00,0.4666527051579939,0.8262987906852102
2050-10-07 02:00:00+00:00,0.4199740667271987,0.8256334558233449
2050-10-07 03:00:00+00:00,0.37134859785214874,0.8249678518879544
2050-10-07 04:00:00+00:00,0.299592185014799,0.8243021588967753
2050-10-07 05:00:00+00:00,0.22783441561426887,0.8236363953772754
2050-10-07 06:00:00+00:00,0.15607677829463568,0.8229705378624179
2050-10-07 07:00:00+00:00,0.15607658544968056,0.8223049031611791
2050-10-07 08:00:00+00:00,0.20998986443495063,0.8226113373795957
2050-10-07 09:00:00+00:00,0.2639031466883654,0.8229178887760856
2050-10-07 10:00:00+00:00,0.3178164397308465,0.8232245439435651
2050-10-07 11:00:00+00:00,0.37172972805018667,0.8235313467113029
2050-10-07 12:00:00+00:00,0.42564301292744944,0.8238382659717933
2050-10-07 13:00:00+00:00,0.4795562948879638,0.8241456007711976
2050-10-07 14:00:00+00:00,0.5334695726542064,0.8244533844004936
2050-10-07 15:00:00+00:00,0.5873828501856444,0.8247613700463459
2050-10-07 16:00:00+00:00,0.5703997755603383,0.8240976355476999
2050-10-07 17:00:00+00:00,0.4986755010616081,0.8234341611477376
2050-10-07 18:00:00+00:00,0.4310965620843203,0.8227709933940275
2050-10-07 19:00:00+00:00,0.4069053360918233,0.8221081703934211
2050-10-07 20:00:00+00:00,0.3831951323669715,0.8214455608104502
2050-10-07 21:00:00+00:00,0.360233303631286,0.820783133681173
2050-10-07 22:00:00+00:00,0.3375357912004528,0.820120845701294
2050-10-07 23:00:00+00:00,0.3144244100649481,0.8194586710410972
2050-10-08 00:00:00+00:00,0.2897236588361352,0.8187965826200085
2050-10-08 01:00:00+00:00,0.2655090376623076,0.818134570246917
2050-10-08 02:00:00+00:00,0.24005089062370208,0.8174726410969294
2050-10-08 03:00:00+00:00,0.21217833910220654,0.816810822139342
2050-10-08 04:00:00+00:00,0.16568560817594888,0.8161490792777586
2050-10-08 05:00:00+00:00,0.09395747708767321,0.8154873622884179
2050-10-08 06:00:00+00:00,0.022230052981414148,0.8148256449892929
2050-10-08 07:00:00+00:00,3.366697007188553e-07,0.8141640872540172
2050-10-08 08:00:00+00:00,3.657263073610767e-07,0.8135027830227628
2050-10-08 09:00:00+00:00,2.790087018291617e-07,0.8128418122524406
2050-10-08 10:00:00+00:00,0.05391349811555749,0.8131533096316833
2050-10-08 11:00:00+00:00,0.10782649584449602,0.8131163211199969
2050-10-08 12:00:00+00:00,0.12066274133075898,0.8124569603616865
2050-10-08 13:00:00+00:00,0.1206622554693496,0.8117981618945548
2050-10-08 14:00:00+00:00,0.12066176630904611,0.8111402050155894
2050-10-08 15:00:00+00:00,0.12066127752549488,0.8104817545893803
2050-10-08 16:00:00+00:00,0.1205215803586679,0.8098231843589514
2050-10-08 17:00:00+00:00,0.10670197859990617,0.8091645308054803
2050-10-08 18:00:00+00:00,0.09323695121329953,0.8085058163740391
2050-10-08 19:00:00+00:00,0.09309647067113484,0.8078471862735171
2050-10-08 20:00:00+00:00,0.09295543748967315,0.8071886302745426
2050-10-08 21:00:00+00:00,0.09281399726179941,0.8065301454296455
2050-10-08 22:00:00+00:00,0.09267174183936006,0.8058716884021558
2050-10-08 23:00:00+00:00,0.0925289491194695,0.8052132397837857
2050-10-09 00:00:00+00:00,0.0923855405194666,0.8045547932643383
2050-10-09 01:00:00+00:00,0.09224137227911505,0.8038964045090075
2050-10-09 02:00:00+00:00,0.09209650686264428,0.8032380696737447
2050-10-09 03:00:00+00:00,0.09195047047786639,0.8025797383907389
2050-10-09 04:00:00+00:00,0.09180261551157091,0.8019214271304828
2050-10-09 05:00:00+00:00,0.05831121228547174,0.8012631049193821
2050-10-09 06:00:00+00:00,1.8571064126051508e-07,0.8006047564220422
2050-10-09 07:00:00+00:00,1.6988804722147689e-07,0.7999466238713422
2050-10-09 08:00:00+00:00,2.5353600108959147e-06,0.8002607685444091
2050-10-09 09:00:00+00:00,0.032794863818037846,0.800575278548316
2050-10-09 10:00:00+00:00,0.07337586552997899,0.8008904122297874
2050-10-09 11:00:00+00:00,0.10973631722021972,0.8012062966052192
2050-10-09 12:00:00+00:00,0.14361030554651413,0.8015229786653136
2050-10-09 13:00:00+00:00,0.1741614602907753,0.8018403336686625
2050-10-09 14:00:00+00:00,0.1955480841731769,0.8021576373549212
2050-10-09 15:00:00+00:00,0.19554925840735646,0.8024743083416342
2050-10-09 16:00:00+00:00,0.1955498455976659,0.8027910308569524
2050-10-09 17:00:00+00:00,0.19555043533249433,0.8031079068117918
2050-10-09 18:00:00+00:00,0.1955510239889884,0.8034248563928265
2050-10-09 19:00:00+00:00,0.1955516108071925,0.8037419624704996
2050-10-09 20:00:00+00:00,0.19555219659557366,0.8040594421251556
2050-10-09 21:00:00+00:00,0.19555277856751413,0.8043773413906852
2050-10-09 22:00:00+00:00,0.19555336098841222,0.8046955901756188
2050-10-09 23:00:00+00:00,0.19555456886234185,0.8050141271024358
2050-10-10 00:00:00+00:00,0.19555575096427222,0.8053328842733306
2050-10-10 01:00:00+00:00,0.19555692869337027,0.8056519506208573
2050-10-10 02:00:00+00:00,0.195558107804879,0.8059713525038331
2050-10-10 03:00:00+00:00,0.19555929357101334,0.8062909754783841
2050-10-10 04:00:00+00:00,0.19556050185790938,0.8066108189439848
2050-10-10 05:00:00+00:00,0.1955610787234394,0.8069309976473703
2050-10-10 06:00:00+00:00,0.1955616568554337,0.8072517277274297
2050-10-10 07:00:00+00:00,0.1955628423588413,0.8075736329469735
2050-10-10 08:00:00+00:00,0.24937369209143784,0.807897253815805
2050-10-10 09:00:00+00:00,0.30320993345459085,0.8082232156151186
2050-10-10 10:00:00+00:00,0.35702179597200967,0.8085520227035696
2050-10-10 11:00:00+00:00,0.4108340649504876,0.8088843450372942
2050-10-10 12:00:00+00:00,0.46464800882753576,0.8092199255251837
2050-10-10 13:00:00+00:00,0.5184596842530348,0.8095587417637763
2050-10-10 14:00:00+00:00,0.5722701687121002,0.8098992170486792
2050-10-10 15:00:00+00:00,0.6045560091942326,0.8102408146827685
2050-10-10 16:00:00+00:00,0.6045572093362757,0.8105828483548994
2050-10-10 17:00:00+00:00,0.6045577913141765,0.810924864228338
2050-10-10 18:00:00+00:00,0.6045583722470407,0.8112667498204336
2050-10-10 19:00:00+00:00,0.6045589644555436,0.8116085696310917
2050-10-10 20:00:00+00:00,0.6045595526743291,0.8119504154860435
2050-10-10 21:00:00+00:00,0.6045601357027721,0.8122921445856502
2050-10-10 22:00:00+00:00,0.6045607217393216,0.8126340002331307
2050-10-10 23:00:00+00:00,0.6045613002295068,0.8129760330468735
2050-10-11 00:00:00+00:00,0.6045618732156157,0.8133181427582219
2050-10-11 01:00:00+00:00,0.6045630940177076,0.8136601484006019
2050-10-11 02:00:00+00:00,0.6045636714186967,0.814001928014801
2050-10-11 03:00:00+00:00,0.6045642595527873,0.8143435525331717
2050-10-11 04:00:00+00:00,0.6045648476971882,0.8146849442026906
2050-10-11 05:00:00+00:00,0.6045654315075273,0.8150258823149336
2050-10-11 06:00:00+00:00,0.6045660162248983,0.8153662198463986
2050-10-11 07:00:00+00:00,0.6045672263428239,0.8157061954078841
2050-10-11 08:00:00+00:00,0.6223580610768246,0.8160453482950333
2050-10-11 09:00:00+00:00,0.6761818012290356,0.8163834907932686
2050-10-11 10:00:00+00:00,0.7300062913008966,0.8167206843703477
2050-10-11 11:00:00+00:00,0.7803564567845854,0.8170571279914111
2050-10-11 12:00:00+00:00,0.8234058107738232,0.8173924674468543
2050-10-11 13:00:00+00:00,0.8408149969177648,0.8177257962710456
2050-10-11 14:00:00+00:00,0.8408161698626166,0.8180560689512846
2050-10-11 15:00:00+00:00,0.8408173758202503,0.8183809264051023
2050-10-11 16:00:00+00:00,0.8408175810469446,0.8187003235958162
2050-10-11 17:00:00+00:00,0.8408177866233525,0.8190129851472701
2050-10-11 18:00:00+00:00,0.8408179913088921,0.8193177728877292
2050-10-11 19:00:00+00:00,0.8408181962231925,0.8196150337400714
2050-10-11 20:00:00+00:00,0.8408184023176108,0.8199030560080334
2050-10-11 21:00:00+00:00,0.8408186092060929,0.8201796567842364
2050-10-11 22:00:00+00:00,0.8408188172240036,0.8204412608760647
2050-10-11 23:00:00+00:00,0.8408190253772277,0.8206847622830616
2050-10-12 00:00:00+00:00,0.8408192341195666,0.8209103706895907
2050-10-12 01:00:00+00:00,0.8408194430960447,0.8211203339093873
2050-10-12 02:00:00+00:00,0.8408196528394223,0.8213197138310284
2050-10-12 03:00:00+00:00,0.840819862734307,0.8215127942693893
2050-10-12 04:00:00+00:00,0.840820073431554,0.8217006609071138
2050-10-12 05:00:00+00:00,0.8408202832173618,0.8218842533856126
2050-10-12 06:00:00+00:00,0.8408204943809188,0.8220640535544356
2050-10-12 07:00:00+00:00,0.840821108761474,0.8222406671444719
2050-10-12 08:00:00+00:00,0.840821730098138,0.8224139400574023
2050-10-12 09:00:00+00:00,0.8408223523235694,0.8225843747860152
2050-10-12 10:00:00+00:00,0.8408229689271676,0.8227519424061593
2050-10-12 11:00:00+00:00,0.8408235930656607,0.8229171350479063
2050-10-12 12:00:00+00:00,0.8408242220753489,0.8230797140805879
2050-10-12 13:00:00+00:00,0.84082484376771,0.8232405967880027
2050-10-12 14:00:00+00:00,0.840825458076307,0.8234003169371005
2050-10-12 15:00:00+00:00,0.8408257952745959,0.8235586108409237
2050-10-12 16:00:00+00:00,0.840826015466339,0.8237167622421881
2050-10-12 17:00:00+00:00,0.84082624104061,0.8238752550666779
2050-10-12 18:00:00+00:00,0.8408264657476172,0.8240344665533033
2050-10-12 19:00:00+00:00,0.8408266888308913,0.8241944769574334
2050-10-12 20:00:00+00:00,0.8408269109752254,0.8243554965754561
2050-10-12 21:00:00+00:00,0.8408271326873997,0.8245179936517752
2050-10-12 22:00:00+00:00,0.8408273555413736,0.824681581993825
2050-10-12 23:00:00+00:00,0.8408275769082325,0.8248462040190141
2050-10-13 00:00:00+00:00,0.840827795923653,0.8250122046540381
2050-10-13 01:00:00+00:00,0.8408280141736446,0.8251789357282763
2050-10-13 02:00:00+00:00,0.8408282312633419,0.8253460356422738
2050-10-13 03:00:00+00:00,0.8408284481646398,0.8255135973294989
2050-10-13 04:00:00+00:00,0.8408286648456953,0.8256813187589916
2050-10-13 05:00:00+00:00,0.8408288791316697,0.8258490468575189
2050-10-13 06:00:00+00:00,0.8408290905160462,0.8260168112969654
2050-10-13 07:00:00+00:00,0.8408302419731807,0.8261841849384973
2050-10-13 08:00:00+00:00,0.8408313374285076,0.8263515485013064
2050-10-13 09:00:00+00:00,0.8921248613039781,0.8265191276719466
2050-10-13 10:00:00+00:00,0.94603741399475,0.8266872047474441
2050-10-13 11:00:00+00:00,0.9460385090089204,0.8268559274495507
2050-10-13 12:00:00+00:00,0.999951052516865,0.8270253015550739
2050-10-13 13:00:00+00:00,0.9999525882921054,0.827195222563015
2050-10-13 14:00:00+00:00,0.9999537466971642,0.8273654447612666
2050-10-13 15:00:00+00:00,0.9999549609649099,0.827535519819439
2050-10-13 16:00:00+00:00,0.9999552839657492,0.8277055393462439
2050-10-13 17:00:00+00:00,0.9999556097355748,0.8278758082636645
2050-10-13 18:00:00+00:00,0.9999559397330468,0.8280463828260274
2050-10-13 19:00:00+00:00,0.9999562755446672,0.8282169779629294
2050-10-13 20:00:00+00:00,0.9999566163015184,0.8283873935714656
2050-10-13 21:00:00+00:00,0.999956961903602,0.8285575912023504
2050-10-13 22:00:00+00:00,0.9999573344213685,0.8287276557273271
2050-10-13 23:00:00+00:00,0.9999577111941342,0.8288975326937601
2050-10-14 00:00:00+00:00,0.9999580939280409,0.8290672794660731
2050-10-14 01:00:00+00:00,0.999958487762247,0.8292368804186959
2050-10-14 02:00:00+00:00,0.9999589070275202,0.8294063586467756
2050-10-14 03:00:00+00:00,0.9999592849480825,0.8295756009817158
2050-10-14 04:00:00+00:00,0.999959670256515,0.8297445456830309
2050-10-14 05:00:00+00:00,0.9999600620812116,0.8299134509045311
2050-10-14 06:00:00+00:00,0.999960459052926,0.830082368972588
2050-10-14 07:00:00+00:00,0.9999608629303642,0.8302513143734882
2050-10-14 08:00:00+00:00,0.9999633623535142,0.8304205583245607
2050-10-14 09:00:00+00:00,0.9999659611130811,0.8305900401472285
2050-10-14 10:00:00+00:00,0.9999687642367192,0.8307600103559519
2050-10-14 11:00:00+00:00,0.9999720856843369,0.8309306840531794
2050-10-14 12:00:00+00:00,0.9999757990282252,0.8311023611217234
2050-10-14 13:00:00+00:00,0.9999802536219508,0.8312758252671264
2050-10-14 14:00:00+00:00,0.9999857607222847,0.8314523784401613
2050-10-14 15:00:00+00:00,0.99999722005139,0.831630781861998
2050-10-14 16:00:00+00:00,0.999996868820145,0.8318093850772174
2050-10-14 17:00:00+00:00,0.9999965793286434,0.8319880037390556
2050-10-14 18:00:00+00:00,0.9999963334098095,0.8321669932704691
2050-10-14 19:00:00+00:00,0.9999961235640659,0.8323457513826591
2050-10-14 20:00:00+00:00,0.9999959423150558,0.8325243607789066
2050-10-14 21:00:00+00:00,0.9999958563134121,0.832702973144194
2050-10-14 22:00:00+00:00,0.999995827759654,0.8328816245713598
2050-10-14 23:00:00+00:00,0.9999958155357871,0.8330603053425635
2050-10-15 00:00:00+00:00,0.9999958416543948,0.8332390972078139
2050-10-15 01:00:00+00:00,0.9999958859159221,0.8334181953928598
2050-10-15 02:00:00+00:00,0.9999959494940202,0.8335973920320539
2050-10-15 03:00:00+00:00,0.9999959687752695,0.8337766497707877
2050-10-15 04:00:00+00:00,0.9999959458933325,0.8339559266231303
2050-10-15 05:00:00+00:00,0.9999959411045194,0.8341353557269932
2050-10-15 06:00:00+00:00,0.9999959536129036,0.834315037425447
2050-10-15 07:00:00+00:00,0.9999959849757329,0.8344955829013251
2050-10-15 08:00:00+00:00,0.9999962103158314,0.8346772969347791
2050-10-15 09:00:00+00:00,0.9999964769565916,0.8348605182457978
2050-10-15 10:00:00+00:00,0.9999968062378667,0.8350456791648867
2050-10-15 11:00:00+00:00,0.9999972506251759,0.8352330713859522
2050-10-15 12:00:00+00:00,0.9999979519913711,0.8354225900217929
2050-10-15 13:00:00+00:00,0.9999998872967766,0.8356138807159973
2050-10-15 14:00:00+00:00,0.9478015837718455,0.8348339252740649
2050-10-15 15:00:00+00:00,0.8939004712704066,0.8340552303223854
2050-10-15 16:00:00+00:00,0.8221738353557547,0.8332780153076276
2050-10-15 17:00:00+00:00,0.7504484282607428,0.8325026660116652
2050-10-15 18:00:00+00:00,0.6787226750536011,0.8317297166951465
2050-10-15 19:00:00+00:00,0.624229846128407,0.8309602222997718
2050-10-15 20:00:00+00:00,0.5710220355377478,0.8301942696688451
2050-10-15 21:00:00+00:00,0.5167772735142668,0.8294326877480799
2050-10-15 22:00:00+00:00,0.4631262986165189,0.8286756691491235
2050-10-15 23:00:00+00:00,0.40990532876306,0.827924105640703
2050-10-16 00:00:00+00:00,0.35726863282593285,0.8271776628396363
2050-10-16 01:00:00+00:00,0.30554473808056676,0.8264345308299104
2050-10-16 02:00:00+00:00,0.25269184549660034,0.8256962317806166
2050-10-16 03:00:00+00:00,0.1994444066406101,0.8249610308545441
2050-10-16 04:00:00+00:00,0.14482301497769523,0.8242290806935981
2050-10-16 05:00:00+00:00,0.08797679095494304,0.8234995978153087
2050-10-16 06:00:00+00:00,0.02942564658023539,0.8227712788599639
2050-10-16 07:00:00+00:00,7.788049729294593e-08,0.8220439761103644
2050-10-16 08:00:00+00:00,1.4901251379855355e-06,0.8222892299549022
2050-10-16 09:00:00+00:00,4.025408361831352e-06,0.8225350601049971
2050-10-16 10:00:00+00:00,9.050692548212772e-05,0.8227817063668013
2050-10-16 11:00:00+00:00,0.00013518632033843658,0.8230293048759657
2050-10-16 12:00:00+00:00,0.00016930804816699975,0.8232777329228729
2050-10-16 13:00:00+00:00,0.00019821890867991048,0.8235269190252013
2050-10-16 14:00:00+00:00,0.00022399624829191862,0.8237766343084685
2050-10-16 15:00:00+00:00,0.00022542661736119228,0.8240266457597216
2050-10-16 16:00:00+00:00,0.00022601575379722024,0.824276933578378
2050-10-16 17:00:00+00:00,0.00022660410397048377,0.824527597805873
2050-10-16 18:00:00+00:00,0.0002271886759871342,0.8247788143454421
2050-10-16 19:00:00+00:00,0.00022776881716491838,0.8250302122329823
2050-10-16 20:00:00+00:00,0.00022834640529206208,0.8252818206283695
2050-10-16 21:00:00+00:00,0.00022892100453255422,0.8255338295550946
2050-10-16 22:00:00+00:00,0.00022949421821957762,0.8257865275360919
2050-10-16 23:00:00+00:00,0.00023005225228346014,0.8260396978220693
2050-10-17 00:00:00+00:00,0.00023060858160564788,0.8262933823030146
2050-10-17 01:00:00+00:00,0.00023116041168973724,0.8265474682771335
2050-10-17 02:00:00+00:00,0.0002317092463350021,0.826801649922553
2050-10-17 03:00:00+00:00,0.00023225844712386525,0.8270558923937876
2050-10-17 04:00:00+00:00,0.00023281864278599588,0.8273101641384848
2050-10-17 05:00:00+00:00,0.00023337990356747359,0.8275642489570056
2050-10-17 06:00:00+00:00,0.00023393894490975607,0.8278178641378264
2050-10-17 07:00:00+00:00,0.00023448483092354113,0.8280702026139468
2050-10-17 08:00:00+00:00,0.012832263582142539,0.8283209813001723
2050-10-17 09:00:00+00:00,0.06098954692506785,0.8285700882495655
2050-10-17 10:00:00+00:00,0.11389830217670446,0.8288172343172304
2050-10-17 11:00:00+00:00,0.16781029151802368,0.8290618806809642
2050-10-17 12:00:00+00:00,0.22172285156073773,0.8293043531542359
2050-10-17 13:00:00+00:00,0.27563480899236786,0.8295444719794958
2050-10-17 14:00:00+00:00,0.32287773584910057,0.8297834380068944
2050-10-17 15:00:00+00:00,0.32297835473221426,0.8300215656959844
2050-10-17 16:00:00+00:00,0.3192402504525725,0.830259004150013
2050-10-17 17:00:00+00:00,0.2542675404566831,0.8304961016957394
2050-10-17 18:00:00+00:00,0.19030599578985952,0.830732894168919
2050-10-17 19:00:00+00:00,0.1264228062264931,0.8309693570391363
2050-10-17 20:00:00+00:00,0.06810816094903888,0.8312054367414158
2050-10-17 21:00:00+00:00,0.06796522904461637,0.8314411357663007
2050-10-17 22:00:00+00:00,0.06782178443954535,0.8316764676020205
2050-10-17 23:00:00+00:00,0.06767632989685801,0.8319114353375524
2050-10-18 00:00:00+00:00,0.06752950003383655,0.8321460235774212
2050-10-18 01:00:00+00:00,0.06741867594652769,0.8323802629900164
2050-10-18 02:00:00+00:00,0.06726847017272657,0.8326141441821072
2050-10-18 03:00:00+00:00,0.06711803734550449,0.8328476607247776
2050-10-18 04:00:00+00:00,0.06696501092461833,0.8330808636224531
2050-10-18 05:00:00+00:00,0.06675005931790344,0.8333137261603233
2050-10-18 06:00:00+00:00,5.116198258825064e-07,0.8335462999743758
2050-10-18 07:00:00+00:00,4.3169150972950156e-07,0.8337784975500875
2050-10-18 08:00:00+00:00,3.4438732838492594e-07,0.8340103693846584
2050-10-18 09:00:00+00:00,1.715094442342338e-06,0.8342420050573887
2050-10-18 10:00:00+00:00,3.0262391342760593e-06,0.8344734824060508
2050-10-18 11:00:00+00:00,7.577881787387519e-06,0.8347051142940946
2050-10-18 12:00:00+00:00,1.684855455378465e-05,0.8349371201364274
2050-10-18 13:00:00+00:00,2.4170245740124227e-05,0.8351694974477849
2050-10-18 14:00:00+00:00,2.4495421602399678e-05,0.835402137887474
2050-10-18 15:00:00+00:00,2.468572715074501e-05,0.8356348218557438
2050-10-18 16:00:00+00:00,2.4747383560863032e-05,0.8358670756492861
2050-10-18 17:00:00+00:00,2.4796179041680747e-05,0.8360990884337915
2050-10-18 18:00:00+00:00,2.483582178569869e-05,0.8363309083212801
2050-10-18 19:00:00+00:00,2.4868665152677173e-05,0.8365623390925645
2050-10-18 20:00:00+00:00,2.4894014391740657e-05,0.8367935280241704
2050-10-18 21:00:00+00:00,2.49113831781786e-05,0.8370244834153191
2050-10-18 22:00:00+00:00,2.491942886195068e-05,0.8372552220814027
2050-10-18 23:00:00+00:00,2.491909839713915e-05,0.8374858037185827
2050-10-19 00:00:00+00:00,2.49104108141116e-05,0.8377162144922194
2050-10-19 01:00:00+00:00,2.489383042943533e-05,0.8379464605143361
2050-10-19 02:00:00+00:00,2.486968641206967e-05,0.8381766169517396
2050-10-19 03:00:00+00:00,2.4837358498456367e-05,0.8384067050458865
2050-10-19 04:00:00+00:00,2.4796990713849718e-05,0.8386367307999703
2050-10-19 05:00:00+00:00,2.4749578388758772e-05,0.8388667264165078
2050-10-19 06:00:00+00:00,2.4693050594149532e-05,0.8390967151902065
2050-10-19 07:00:00+00:00,2.4617782542753306e-05,0.8393267038521722
2050-10-19 08:00:00+00:00,2.48989538962188e-05,0.8395566460646228
2050-10-19 09:00:00+00:00,2.5170015605699375e-05,0.8397866101044783
2050-10-19 10:00:00+00:00,2.5430629411388584e-05,0.8400171430166276
2050-10-19 11:00:00+00:00,2.5680584162131073e-05,0.8402483410037959
2050-10-19 12:00:00+00:00,2.592095527406782e-05,0.8404801122978955
2050-10-19 13:00:00+00:00,2.6150915863978805e-05,0.8407129799575803
2050-10-19 14:00:00+00:00,2.636809853897391e-05,0.8409466946480346
2050-10-19 15:00:00+00:00,2.644706260029659e-05,0.8411809841899851
2050-10-19 16:00:00+00:00,2.6425365448227993e-05,0.8414150880214772
2050-10-19 17:00:00+00:00,2.6396797089538063e-05,0.8416486501528448
2050-10-19 18:00:00+00:00,2.636192666135192e-05,0.8418817361006112
2050-10-19 19:00:00+00:00,2.631939528253593e-05,0.8421140966203315
2050-10-19 20:00:00+00:00,2.6269089599055018e-05,0.842345499883306
2050-10-19 21:00:00+00:00,2.62108316615642e-05,0.8425753797800836
2050-10-19 22:00:00+00:00,2.614481743483171e-05,0.8428039808018991
2050-10-19 23:00:00+00:00,2.6070787386677587e-05,0.843031614889571
2050-10-20 00:00:00+00:00,2.5987852090253337e-05,0.843258277621739
2050-10-20 01:00:00+00:00,2.5897001344717164e-05,0.843484757399291
2050-10-20 02:00:00+00:00,2.579818459939157e-05,0.8437118869219173
2050-10-20 03:00:00+00:00,2.569206878262134e-05,0.8439399387391744
2050-10-20 04:00:00+00:00,2.557917507098304e-05,0.844169457474858
2050-10-20 05:00:00+00:00,2.5458928103412803e-05,0.8444006230551598
2050-10-20 06:00:00+00:00,2.5330952558504513e-05,0.8446335557354896
2050-10-20 07:00:00+00:00,2.5343033278597493e-05,0.8448684192002688
2050-10-20 08:00:00+00:00,2.54034139848301e-05,0.8451053319709657
2050-10-20 09:00:00+00:00,2.5458416754503926e-05,0.8453449221321263
2050-10-20 10:00:00+00:00,2.5505132048975636e-05,0.8455873617693116
2050-10-20 11:00:00+00:00,2.5539249244130117e-05,0.8458331403161241
2050-10-20 12:00:00+00:00,2.5554669586796148e-05,0.8460830973452039
2050-10-20 13:00:00+00:00,2.5577704628801642e-05,0.8463368138562612
2050-10-20 14:00:00+00:00,2.5592260975318475e-05,0.8465934813023881
2050-10-20 15:00:00+00:00,2.5598450395093255e-05,0.8468522531132552
2050-10-20 16:00:00+00:00,2.5386086677872152e-05,0.8471121086881734
2050-10-20 17:00:00+00:00,2.516537040331134e-05,0.8473722670817835
2050-10-20 18:00:00+00:00,2.493380140752166e-05,0.8476323603909579
2050-10-20 19:00:00+00:00,2.4691334731259598e-05,0.8478937552595566
2050-10-20 20:00:00+00:00,2.4438080155798278e-05,0.8481562797745863
2050-10-20 21:00:00+00:00,2.4173159496525803e-05,0.8484194155144177
2050-10-20 22:00:00+00:00,2.389609989393961e-05,0.8486826076441188
2050-10-20 23:00:00+00:00,2.3606433667110547e-05,0.8489457624053308
2050-10-21 00:00:00+00:00,2.3303956151568173e-05,0.8492087738778488
2050-10-21 01:00:00+00:00,2.2989979445954225e-05,0.8494716983832761
2050-10-21 02:00:00+00:00,2.2664085763706665e-05,0.8497345315480724
2050-10-21 03:00:00+00:00,2.2325030819331825e-05,0.8499972379309634
2050-10-21 04:00:00+00:00,2.1972502037544755e-05,0.8502598589084727
2050-10-21 05:00:00+00:00,2.1604195154056132e-05,0.8505223398017373
2050-10-21 06:00:00+00:00,2.1221823285396723e-05,0.8507846761154583
2050-10-21 07:00:00+00:00,2.0820888308863113e-05,0.8510467573004875
2050-10-21 08:00:00+00:00,2.0674378916102988e-05,0.851308545829925
2050-10-21 09:00:00+00:00,2.0729353286401196e-05,0.8515700913281014
2050-10-21 10:00:00+00:00,2.0757203525500796e-05,0.8518311908617575
2050-10-21 11:00:00+00:00,2.0784829757721845e-05,0.8520916411846385
2050-10-21 12:00:00+00:00,2.080675563333298e-05,0.8523511179827729
2050-10-21 13:00:00+00:00,2.0816784997798035e-05,0.8526085060426561
2050-10-21 14:00:00+00:00,2.081411067260699e-05,0.8528623429263021
2050-10-21 15:00:00+00:00,2.0587819783299053e-05,0.8531139871975045
2050-10-21 16:00:00+00:00,2.0345040671257922e-05,0.8533648497476322
2050-10-21 17:00:00+00:00,2.0089630864004106e-05,0.8536153878773188
2050-10-21 18:00:00+00:00,1.9819193958976062e-05,0.8538653216682709
2050-10-21 19:00:00+00:00,1.9535443697655123e-05,0.8541152693849255
2050-10-21 20:00:00+00:00,1.923823545575243e-05,0.8543653141667337
2050-10-21 21:00:00+00:00,1.8920906001234073e-05,0.8546153511929572
2050-10-21 22:00:00+00:00,1.8585754303650712e-05,0.854865386858388
2050-10-21 23:00:00+00:00,1.822375637838972e-05,0.8551155081263552
2050-10-22 00:00:00+00:00,1.8099901532032228e-05,0.8553656014283069
2050-10-22 01:00:00+00:00,1.7960193058935433e-05,0.8556155389091943
2050-10-22 02:00:00+00:00,1.780595085484553e-05,0.8558655157615637
2050-10-22 03:00:00+00:00,1.763829318075704e-05,0.8561155769037013
2050-10-22 04:00:00+00:00,1.716545122802144e-05,0.8563658333436179
2050-10-22 05:00:00+00:00,1.6667186934420205e-05,0.8566161560127955
2050-10-22 06:00:00+00:00,1.61349630522342e-05,0.8568664840332249
2050-10-22 07:00:00+00:00,1.578644426259519e-05,0.8571161082441052
2050-10-22 08:00:00+00:00,1.5723696285412724e-05,0.857364549109573
2050-10-22 09:00:00+00:00,0.05391660375534724,0.8576114906776169
2050-10-22 10:00:00+00:00,0.05391661002735117,0.8578564015381327
2050-10-22 11:00:00+00:00,0.053916574698662914,0.8580989187415127
2050-10-22 12:00:00+00:00,0.05391659963463517,0.858339026664461
2050-10-22 13:00:00+00:00,0.05391652887590884,0.8585771018649553
2050-10-22 14:00:00+00:00,0.053916474511069075,0.858813890965089
2050-10-22 15:00:00+00:00,0.053916223020909246,0.8590500201229604
2050-10-22 16:00:00+00:00,0.053915987835204945,0.8592860697507568
2050-10-22 17:00:00+00:00,0.053915752504420204,0.8595215075903153
2050-10-22 18:00:00+00:00,0.05391551854915637,0.8597554952314712
2050-10-22 19:00:00+00:00,0.0539152868449262,0.8599868047471748
2050-10-22 20:00:00+00:00,0.053915055348500364,0.8602151336375498
2050-10-22 21:00:00+00:00,0.05391482343073987,0.8604398250616012
2050-10-22 22:00:00+00:00,0.053914818974788434,0.8606608894625906
2050-10-22 23:00:00+00:00,0.05391458418289272,0.8608781232365897
2050-10-23 00:00:00+00:00,0.05391434965175596,0.8610923903832586
2050-10-23 01:00:00+00:00,0.053914114490097934,0.8613071861904102
2050-10-23 02:00:00+00:00,0.053913880948312766,0.8615207359555033
2050-10-23 03:00:00+00:00,0.05391365001189117,0.8617354999592183
2050-10-23 04:00:00+00:00,0.053913421370294465,0.8619527085771864
2050-10-23 05:00:00+00:00,0.05391319321240541,0.8621744621985981
2050-10-23 06:00:00+00:00,0.05391296505473248,0.8624017219886777
2050-10-23 07:00:00+00:00,0.053912732889666706,0.8626373418677381
2050-10-23 08:00:00+00:00,0.05391307315276211,0.8628794679658859
2050-10-23 09:00:00+00:00,0.05391345051507409,0.8631268544346422
2050-10-23 10:00:00+00:00,0.055171383714728586,0.8633784840912464
2050-10-23 11:00:00+00:00,0.1090841760875969,0.8636340996317698
2050-10-23 12:00:00+00:00,0.16299695403608683,0.863893485362893
2050-10-23 13:00:00+00:00,0.1629982505243497,0.8641566938611301
2050-10-23 14:00:00+00:00,0.16299859002052647,0.8644240969374017
2050-10-23 15:00:00+00:00,0.16299795605408993,0.8646962053918873
2050-10-23 16:00:00+00:00,0.16192016760341052,0.8649723492758397
2050-10-23 17:00:00+00:00,0.1608197357977903,0.8652518727790824
2050-10-23 18:00:00+00:00,0.15971354601505017,0.8655340768248014
2050-10-23 19:00:00+00:00,0.1585991649175828,0.8658190638799568
2050-10-23 20:00:00+00:00,0.15747313870053117,0.8661061241006354
2050-10-23 21:00:00+00:00,0.1563384043497882,0.8663940523542847
2050-10-23 22:00:00+00:00,0.15519751487962283,0.8666816046501249
2050-10-23 23:00:00+00:00,0.15404407944677534,0.866968838301228
2050-10-24 00:00:00+00:00,0.15287874168234444,0.8672554429772026
2050-10-24 01:00:00+00:00,0.1517026102992836,0.8675414055320901
2050-10-24 02:00:00+00:00,0.15050485334924504,0.8678269358646914
2050-10-24 03:00:00+00:00,0.14927926692337048,0.8681122204670022
2050-10-24 04:00:00+00:00,0.1479259358352693,0.8683972545963695
2050-10-24 05:00:00+00:00,0.0762044069508949,0.8686821208781386
2050-10-24 06:00:00+00:00,0.004479905985978779,0.8689668271655575
2050-10-24 07:00:00+00:00,0.0028653340449811505,0.8692513627848427
2050-10-24 08:00:00+00:00,0.00015858230123206918,0.8695354793947646
2050-10-24 09:00:00+00:00,0.00015794902987594078,0.869818818950831
2050-10-24 10:00:00+00:00,0.00015731501854740091,0.870101227589401
2050-10-24 11:00:00+00:00,0.00015670620277051986,0.8703826397051784
2050-10-24 12:00:00+00:00,0.00015609325813017804,0.8706629604324501
2050-10-24 13:00:00+00:00,0.00015545295515775594,0.8709422922825761
2050-10-24 14:00:00+00:00,0.00015479113373775022,0.871220850303226
2050-10-24 15:00:00+00:00,0.00015253470013229411,0.87149894391692
2050-10-24 16:00:00+00:00,0.00015022238909767364,0.8717769943124482
2050-10-24 17:00:00+00:00,0.00014787854897372308,0.8720550903296449
2050-10-24 18:00:00+00:00,0.00014551948439285996,0.8723332492495246
2050-10-24 19:00:00+00:00,0.00014312766546654453,0.8726115435869427
2050-10-24 20:00:00+00:00,0.000140698818045547,0.8728899713231827
2050-10-24 21:00:00+00:00,0.0001382242501275555,0.8731685520307567
2050-10-24 22:00:00+00:00,0.000135826835973371,0.8734472858525609
2050-10-24 23:00:00+00:00,0.00013513427015339453,0.8737261906416093
2050-10-25 00:00:00+00:00,0.00013443391668478889,0.874005235812206
2050-10-25 01:00:00+00:00,0.0001337260178938763,0.8742844325089414
2050-10-25 02:00:00+00:00,0.00013301449272283615,0.8745637912784903
2050-10-25 03:00:00+00:00,0.00013019392015653687,0.8748433063526615
2050-10-25 04:00:00+00:00,0.00012738171544026433,0.8751229824433414
2050-10-25 05:00:00+00:00,0.00012451327062531933,0.8754028202770978
2050-10-25 06:00:00+00:00,0.00012158324521550923,0.8756828146099636
2050-10-25 07:00:00+00:00,0.000118581433874488,0.8759630332437265
2050-10-25 08:00:00+00:00,0.00011782394109104254,0.8762434534794289
2050-10-25 09:00:00+00:00,0.000117072565400841,0.8765240488193456
2050-10-25 10:00:00+00:00,0.00011631419444338137,0.8768046702706223
2050-10-25 11:00:00+00:00,0.00011554850271553131,0.8770849386848741
2050-10-25 12:00:00+00:00,0.0001147729793705117,0.8773645313106561
2050-10-25 13:00:00+00:00,0.00011398141154171281,0.8776434305515155
2050-10-25 14:00:00+00:00,0.00011318085571001738,0.8779217770971903
2050-10-25 15:00:00+00:00,0.00010943146858306882,0.8781997859176742
2050-10-25 16:00:00+00:00,0.00010550044473632046,0.8784778840325632
2050-10-25 17:00:00+00:00,0.00010140805006548813,0.8787562448087216
2050-10-25 18:00:00+00:00,9.720796570174893e-05,0.8790350166914561
2050-10-25 19:00:00+00:00,9.288371905752026e-05,0.8793140438106839
2050-10-25 20:00:00+00:00,8.836401576069293e-05,0.8795932791098571
2050-10-25 21:00:00+00:00,8.361560163106023e-05,0.8798727013106542
2050-10-25 22:00:00+00:00,7.859258897963517e-05,0.8801523194520086
2050-10-25 23:00:00+00:00,7.322907691040692e-05,0.8804321330622689
2050-10-26 00:00:00+00:00,6.75103621231159e-05,0.880712050620254
2050-10-26 01:00:00+00:00,6.131314600829421e-05,0.8809920137147935
2050-10-26 02:00:00+00:00,5.4484143967714556e-05,0.8812720056915517
2050-10-26 03:00:00+00:00,4.6769385990078013e-05,0.8815520091624188
2050-10-26 04:00:00+00:00,3.7688654787146625e-05,0.8818320290559615
2050-10-26 05:00:00+00:00,2.603555367125094e-05,0.8821120426584924
2050-10-26 06:00:00+00:00,4.944090489629821e-06,0.8823920458537508
2050-10-26 07:00:00+00:00,5.973285373851546e-07,0.8826719733364456
2050-10-26 08:00:00+00:00,0.0001992769548297132,0.8829518260168195
2050-10-26 09:00:00+00:00,0.0032629422880654903,0.8832314251804856
2050-10-26 10:00:00+00:00,0.005006213953607962,0.8835102230650848
2050-10-26 11:00:00+00:00,0.05883790011239399,0.8837879814908949
2050-10-26 12:00:00+00:00,0.11262704700275086,0.8840647595841363
2050-10-26 13:00:00+00:00,0.13613736735485762,0.8843400228966661
2050-10-26 14:00:00+00:00,0.13710422333182437,0.8846139663798288
2050-10-26 15:00:00+00:00,0.13720058601856105,0.8848866681566806
2050-10-26 16:00:00+00:00,0.1372017745311797,0.8851586441907863
2050-10-26 17:00:00+00:00,0.13720295485303943,0.8854301914741051
2050-10-26 18:00:00+00:00,0.13720415620756554,0.8857013785938131
2050-10-26 19:00:00+00:00,0.13720536308808293,0.8859726654384454
2050-10-26 20:00:00+00:00,0.13720655946555402,0.8862450916105848
2050-10-26 21:00:00+00:00,0.13720774470079625,0.8865187622131641
2050-10-26 22:00:00+00:00,0.13720893438078402,0.8867938295825681
2050-10-26 23:00:00+00:00,0.13721012697533233,0.8870701437005998
2050-10-27 00:00:00+00:00,0.13721133773582783,0.8873481601141874
2050-10-27 01:00:00+00:00,0.1372125481061681,0.8876273544483331
2050-10-27 02:00:00+00:00,0.13721376526892065,0.8879066775454771
2050-10-27 03:00:00+00:00,0.13721496205624603,0.8881859419267365
2050-10-27 04:00:00+00:00,0.13723362395010405,0.8884647314181302
2050-10-27 05:00:00+00:00,0.137250867042921,0.8887431391290292
2050-10-27 06:00:00+00:00,0.1372645152199282,0.8890206392610733
2050-10-27 07:00:00+00:00,0.19117773284126832,0.8892972266556566
2050-10-27 08:00:00+00:00,0.24509095029641656,0.8895725858944212
2050-10-27 09:00:00+00:00,0.2990041665132928,0.8898461898710388
2050-10-27 10:00:00+00:00,0.35291738305674175,0.8901176049331538
2050-10-27 11:00:00+00:00,0.40683060107166935,0.8903865974159337
2050-10-27 12:00:00+00:00,0.4607438174615158,0.8906520159921871
2050-10-27 13:00:00+00:00,0.5146570350302442,0.8909134727853428
2050-10-27 14:00:00+00:00,0.5685702534038126,0.8911717235001986
2050-10-27 15:00:00+00:00,0.622483474418201,0.8914273258948389
2050-10-27 16:00:00+00:00,0.622492997835929,0.8916815541306049
2050-10-27 17:00:00+00:00,0.6225003057591558,0.891935205110541
2050-10-27 18:00:00+00:00,0.6225076752096421,0.8921886771269514
2050-10-27 19:00:00+00:00,0.6225165106082917,0.8924409973119029
2050-10-27 20:00:00+00:00,0.6225250819019559,0.8926924751818781
2050-10-27 21:00:00+00:00,0.6225333480513799,0.8929436785492916
2050-10-27 22:00:00+00:00,0.6225407379903997,0.893195053010138
2050-10-27 23:00:00+00:00,0.6225481092473811,0.8934465979176426
2050-10-28 00:00:00+00:00,0.622555490073191,0.89369843919796
2050-10-28 01:00:00+00:00,0.6225628885232266,0.8939505984067021
2050-10-28 02:00:00+00:00,0.622570056562402,0.8942028531561034
2050-10-28 03:00:00+00:00,0.6225773726678389,0.8944551911635662
2050-10-28 04:00:00+00:00,0.6225844819586002,0.8947075192567833
2050-10-28 05:00:00+00:00,0.6225913360272048,0.8949598151311483
2050-10-28 06:00:00+00:00,0.6225981493685749,0.8952120553418501
2050-10-28 07:00:00+00:00,0.6226047339230801,0.8954643727486935
2050-10-28 08:00:00+00:00,0.6765166929070705,0.8957167561033019
2050-10-28 09:00:00+00:00,0.730428525463543,0.8959693706948441
2050-10-28 10:00:00+00:00,0.7843403621749562,0.8962219675856501
2050-10-28 11:00:00+00:00,0.8382518556667751,0.8964744024780006
2050-10-28 12:00:00+00:00,0.8921649186014675,0.8967266193038502
2050-10-28 13:00:00+00:00,0.9460779514780837,0.8969786133104157
2050-10-28 14:00:00+00:00,0.9999896134842671,0.8972304572065661
2050-10-28 15:00:00+00:00,0.9999991591221485,0.8974822745586185
2050-10-28 16:00:00+00:00,0.9999942011632299,0.8977342859180294
2050-10-28 17:00:00+00:00,0.9999917133058123,0.8979866498722683
2050-10-28 18:00:00+00:00,0.9999898434632756,0.898239478432356
2050-10-28 19:00:00+00:00,0.9999883006406578,0.8984932276502373
2050-10-28 20:00:00+00:00,0.9999869576599082,0.8987481217067705
2050-10-28 21:00:00+00:00,0.999985758187502,0.899004631888314
2050-10-28 22:00:00+00:00,0.9999846658238059,0.8992632116885289
2050-10-28 23:00:00+00:00,0.9999836528371965,0.8995238943245503
2050-10-29 00:00:00+00:00,0.9999828450702686,0.8997873799995546
2050-10-29 01:00:00+00:00,0.9999822178747393,0.9000542281026045
2050-10-29 02:00:00+00:00,0.9999813950484718,0.9003242571010782
2050-10-29 03:00:00+00:00,0.9999806323454992,0.9005976737008153
2050-10-29 04:00:00+00:00,0.9999799094843106,0.9008746802711038
2050-10-29 05:00:00+00:00,0.9999792247809078,0.9011549392117219
2050-10-29 06:00:00+00:00,0.9999785772737152,0.901437619184637
2050-10-29 07:00:00+00:00,0.9999779554792338,0.901720792008268
2050-10-29 08:00:00+00:00,0.9999777213426431,0.9020040058554751
2050-10-29 09:00:00+00:00,0.9999775076942569,0.9022871099050502
2050-10-29 10:00:00+00:00,0.9999773474218371,0.9025703342886882
2050-10-29 11:00:00+00:00,0.999979147731728,0.9028537724332687
2050-10-29 12:00:00+00:00,0.9999792453436109,0.9031373511804734
2050-10-29 13:00:00+00:00,0.9999790704461324,0.9034210126225618
2050-10-29 14:00:00+00:00,0.9999789048878921,0.9037045562261717
2050-10-29 15:00:00+00:00,0.9999776603837474,0.9039871659465049
2050-10-29 16:00:00+00:00,0.9623607051912048,0.9042681885322058
2050-10-29 17:00:00+00:00,0.9318989563027286,0.9045480727270349
2050-10-29 18:00:00+00:00,0.9083840175798307,0.9048271289827052
2050-10-29 19:00:00+00:00,0.8888073351360213,0.9051055318892032
2050-10-29 20:00:00+00:00,0.8715939274966448,0.9053835308054217
2050-10-29 21:00:00+00:00,0.8548658318666031,0.9056609782630359
2050-10-29 22:00:00+00:00,0.8397537815223207,0.9059376986358325
2050-10-29 23:00:00+00:00,0.8250475343958023,0.9062129929323669
2050-10-30 00:00:00+00:00,0.810482933034195,0.9064863147865782
2050-10-30 01:00:00+00:00,0.7966792613379199,0.9067559426798
2050-10-30 02:00:00+00:00,0.7832805352224675,0.9070220713524902
2050-10-30 03:00:00+00:00,0.769138145190962,0.9072840014995456
2050-10-30 04:00:00+00:00,0.6974067042517653,0.9075403171138362
2050-10-30 05:00:00+00:00,0.6256689693168925,0.9077896740740415
2050-10-30 06:00:00+00:00,0.553929873246422,0.9080324211422603
2050-10-30 07:00:00+00:00,0.4821937230020447,0.9082656925241094
2050-10-30 08:00:00+00:00,0.48219305278635377,0.9084916804368393
2050-10-30 09:00:00+00:00,0.4821923829687885,0.9087113845948439
2050-10-30 10:00:00+00:00,0.4821922188076244,0.9089254751033322
2050-10-30 11:00:00+00:00,0.5117176923639478,0.9091340510175586
2050-10-30 12:00:00+00:00,0.5117328079353699,0.9093374881776273
2050-10-30 13:00:00+00:00,0.5117329555147029,0.9095357578179226
2050-10-30 14:00:00+00:00,0.5117322849167494,0.9097286985761498
2050-10-30 15:00:00+00:00,0.5117296756323532,0.909916235477605
2050-10-30 16:00:00+00:00,0.5117270814759262,0.9100992587807315
2050-10-30 17:00:00+00:00,0.5117244843790555,0.9102784638635417
2050-10-30 18:00:00+00:00,0.511721891434113,0.9104544809409751
2050-10-30 19:00:00+00:00,0.5117193285705128,0.910627449339072
2050-10-30 20:00:00+00:00,0.5117167786910387,0.9107978373710391
2050-10-30 21:00:00+00:00,0.5117142225024459,0.9109666051307345
2050-10-30 22:00:00+00:00,0.511711652186964,0.9111347708134235
2050-10-30 23:00:00+00:00,0.5117090431089711,0.9113025397446713
2050-10-31 00:00:00+00:00,0.5117064143289539,0.9114702486127653
2050-10-31 01:00:00+00:00,0.5117037815047656,0.9116379414872622
2050-10-31 02:00:00+00:00,0.5117011540749868,0.9118056591664029
2050-10-31 03:00:00+00:00,0.5116985942471307,0.911973380203288
2050-10-31 04:00:00+00:00,0.5116960331789565,0.912141138518844
2050-10-31 05:00:00+00:00,0.511693444966774,0.9123089397343657
2050-10-31 06:00:00+00:00,0.5116908638881882,0.9124767840620454
2050-10-31 07:00:00+00:00,0.5116883257283733,0.9126446751442056
2050-10-31 08:00:00+00:00,0.5116876526583881,0.9128126216994429
2050-10-31 09:00:00+00:00,0.5116869558909614,0.9129806224216767
2050-10-31 10:00:00+00:00,0.511686812731986,0.9131486738348016
2050-10-31 11:00:00+00:00,0.511686692439468,0.9133167869454861
2050-10-31 12:00:00+00:00,0.5116865533177473,0.9134849765721742
2050-10-31 13:00:00+00:00,0.5116858733374292,0.9136532331437974
2050-10-31 14:00:00+00:00,0.511685202094504,0.9138215500856408
2050-10-31 15:00:00+00:00,0.5116825754761735,0.9139899130999528
2050-10-31 16:00:00+00:00,0.511679961095145,0.9141583126518663
2050-10-31 17:00:00+00:00,0.5116773381434768,0.9143267395700805
2050-10-31 18:00:00+00:00,0.5116747186297746,0.914495175109426
2050-10-31 19:00:00+00:00,0.5116721396422402,0.9146635498492313
2050-10-31 20:00:00+00:00,0.5116695616765066,0.9148318666922384
2050-10-31 21:00:00+00:00,0.5116669817945599,0.9150001037273642
2050-10-31 22:00:00+00:00,0.5116643904280849,0.9151682600387742
2050-10-31 23:00:00+00:00,0.5116617845903991,0.9153363176533508
2050-11-01 00:00:00+00:00,0.5116591657754603,0.9155043064532832
2050-11-01 01:00:00+00:00,0.5116565476640967,0.9156722166748502
2050-11-01 02:00:00+00:00,0.511653939702853,0.9158400398648899
2050-11-01 03:00:00+00:00,0.5116513421004159,0.916007784569825
2050-11-01 04:00:00+00:00,0.5116487592244423,0.9161754297385918
2050-11-01 05:00:00+00:00,0.5116461794759463,0.9163429957587708
2050-11-01 06:00:00+00:00,0.5116436022653509,0.916510496982006
2050-11-01 07:00:00+00:00,0.5116410188550303,0.9166778638394191
2050-11-01 08:00:00+00:00,0.5116398005709042,0.9168451260303446
2050-11-01 09:00:00+00:00,0.5116391237694266,0.9170122983358104
2050-11-01 10:00:00+00:00,0.511638442811001,0.9171794044397136
2050-11-01 11:00:00+00:00,0.511637762388927,0.9173464552185205
2050-11-01 12:00:00+00:00,0.5116370831569748,0.9175134355659066
2050-11-01 13:00:00+00:00,0.5116362165185776,0.9176804108887756
2050-11-01 14:00:00+00:00,0.511633576482787,0.9178474719537021
2050-11-01 15:00:00+00:00,0.5116310162242078,0.9180146490034289
2050-11-01 16:00:00+00:00,0.5116284559139578,0.9181819627413238
2050-11-01 17:00:00+00:00,0.5116258978563604,0.9183496738704686
2050-11-01 18:00:00+00:00,0.5116233214916742,0.9185180196850021
2050-11-01 19:00:00+00:00,0.5116206956079153,0.9186869025211253
2050-11-01 20:00:00+00:00,0.5116180559831952,0.9188563542415934
2050-11-01 21:00:00+00:00,0.5116154200729279,0.9190263528812128
2050-11-01 22:00:00+00:00,0.5116127855311042,0.9191969284577066
2050-11-01 23:00:00+00:00,0.5116100449746532,0.9193682034191075
2050-11-02 00:00:00+00:00,0.511609358936214,0.919540516078792
2050-11-02 01:00:00+00:00,0.5116086736990949,0.9197139247604946
2050-11-02 02:00:00+00:00,0.5116079917999993,0.9198888172462726
2050-11-02 03:00:00+00:00,0.5116053610613991,0.9200657623561493
2050-11-02 04:00:00+00:00,0.5116027122091443,0.9202450927196074
2050-11-02 05:00:00+00:00,0.5116000641574412,0.9204272648264795
2050-11-02 06:00:00+00:00,0.5115974183725376,0.9206122263235801
2050-11-02 07:00:00+00:00,0.5115947913082087,0.9207988424404789
2050-11-02 08:00:00+00:00,0.5115943843571321,0.9209864531485289
2050-11-02 09:00:00+00:00,0.5115939603861834,0.9211745648435459
2050-11-02 10:00:00+00:00,0.5115938196686339,0.9213629365867105
2050-11-02 11:00:00+00:00,0.5115936814725958,0.9215515254525215
2050-11-02 12:00:00+00:00,0.5115935317659231,0.9217403122483118
2050-11-02 13:00:00+00:00,0.5115933926193328,0.9219293101941746
2050-11-02 14:00:00+00:00,0.5115932515654913,0.9221188390859956
2050-11-02 15:00:00+00:00,0.5115928484001122,0.9223087582970375
2050-11-02 16:00:00+00:00,0.5115924479657363,0.9224988877198097
2050-11-02 17:00:00+00:00,0.5115920490607357,0.9226892051430342
2050-11-02 18:00:00+00:00,0.5115916442112339,0.922879645964505
2050-11-02 19:00:00+00:00,0.5115912407024997,0.9230703921447716
2050-11-02 20:00:00+00:00,0.5115908373487928,0.92326251015495
2050-11-02 21:00:00+00:00,0.5115904314200601,0.9234577257433431
2050-11-02 22:00:00+00:00,0.5115903933127763,0.9236557666025309
2050-11-02 23:00:00+00:00,0.5115917258635161,0.9238580590254234
2050-11-03 00:00:00+00:00,0.5115930691752287,0.9240675703695521
2050-11-03 01:00:00+00:00,0.51355738289399,0.9242868276148349
2050-11-03 02:00:00+00:00,0.5213399093861527,0.9245168419863853
2050-11-03 03:00:00+00:00,0.5475645614475739,0.924756088357675
2050-11-03 04:00:00+00:00,0.561362413958715,0.9250018024293281
2050-11-03 05:00:00+00:00,0.5656833664681454,0.9252522959547098
2050-11-03 06:00:00+00:00,0.5686863899141349,0.925505552660531
2050-11-03 07:00:00+00:00,0.622598670305502,0.9257629349465083
2050-11-03 08:00:00+00:00,0.6765107330477461,0.926024931172583
2050-11-03 09:00:00+00:00,0.7304239165985842,0.926290286728907
2050-11-03 10:00:00+00:00,0.7843371556251415,0.9265569368027072
2050-11-03 11:00:00+00:00,0.8382503942779075,0.9268230204071971
2050-11-03 12:00:00+00:00,0.8921636334384727,0.9270887939370793
2050-11-03 13:00:00+00:00,0.9460757311594612,0.9273543791404691
2050-11-03 14:00:00+00:00,0.9999877820232697,0.9276198030864949
2050-11-03 15:00:00+00:00,0.9999875400284449,0.9278852227241362
2050-11-03 16:00:00+00:00,0.9999867020653094,0.9281506477538676
2050-11-03 17:00:00+00:00,0.9999859378356013,0.928416122919845
2050-11-03 18:00:00+00:00,0.9999852372965538,0.9286816691115928
2050-11-03 19:00:00+00:00,0.9999845778348441,0.92894726672264
2050-11-03 20:00:00+00:00,0.999983958500576,0.9292128027014829
2050-11-03 21:00:00+00:00,0.9999835780799115,0.9294783005951224
2050-11-03 22:00:00+00:00,0.9999832142926143,0.9297439255936623
2050-11-03 23:00:00+00:00,0.9999830201540599,0.9300097085006669
2050-11-04 00:00:00+00:00,0.9999828393723205,0.9302757932313536
2050-11-04 01:00:00+00:00,0.99998267205481,0.9305422638161167
2050-11-04 02:00:00+00:00,0.9999825182291145,0.9308096822305474
2050-11-04 03:00:00+00:00,0.9999823779621474,0.9310787730150694
2050-11-04 04:00:00+00:00,0.9999821577588613,0.9313503531315679
2050-11-04 05:00:00+00:00,0.9999818565792201,0.9316246101497807
2050-11-04 06:00:00+00:00,0.9999815139713889,0.931902313554508
2050-11-04 07:00:00+00:00,0.9999811862924528,0.9321846975706094
2050-11-04 08:00:00+00:00,0.999981018583759,0.9324721355942762
2050-11-04 09:00:00+00:00,0.999980953894349,0.9327653283798076
2050-11-04 10:00:00+00:00,0.9999808995894136,0.9330651372981472
2050-11-04 11:00:00+00:00,0.9999808582045149,0.9333708023573453
2050-11-04 12:00:00+00:00,0.9999808273085865,0.9336830841605425
2050-11-04 13:00:00+00:00,0.9999808083410574,0.9340026860235485
2050-11-04 14:00:00+00:00,0.9999807993225152,0.934329684253827
2050-11-04 15:00:00+00:00,0.9999804215757493,0.9346628190193582
2050-11-04 16:00:00+00:00,0.9999800774279973,0.9349999095791417
2050-11-04 17:00:00+00:00,0.9999797402697874,0.935340485115424
2050-11-04 18:00:00+00:00,0.999979418710747,0.9356839580689311
2050-11-04 19:00:00+00:00,0.9999791121535294,0.9360300969023146
2050-11-04 20:00:00+00:00,0.9999788186557342,0.9363780699317524
2050-11-04 21:00:00+00:00,0.9999785427930296,0.9367265547447944
2050-11-04 22:00:00+00:00,0.9999782794234559,0.9370752098412146
2050-11-04 23:00:00+00:00,0.9999780270553992,0.9374239870046509
2050-11-05 00:00:00+00:00,0.9999777849424775,0.9377721342754867
2050-11-05 01:00:00+00:00,0.9999775539513415,0.938118642955484
2050-11-05 02:00:00+00:00,0.9999773340505547,0.9384636170509602
2050-11-05 03:00:00+00:00,0.9999771262190378,0.9388068181482894
2050-11-05 04:00:00+00:00,0.9999769312492115,0.9391482171270178
2050-11-05 05:00:00+00:00,0.9999767413623337,0.9394888331326421
2050-11-05 06:00:00+00:00,0.9999765629435805,0.9398294732394186
2050-11-05 07:00:00+00:00,0.999976394293943,0.9401732812061587
2050-11-05 08:00:00+00:00,0.9999762293649233,0.9405206961865149
2050-11-05 09:00:00+00:00,0.999976195675517,0.9408720934881538
2050-11-05 10:00:00+00:00,0.9999762508524003,0.9412274336798844
2050-11-05 11:00:00+00:00,0.9999763146462609,0.9415868882014551
2050-11-05 12:00:00+00:00,0.9999763866772129,0.9419498619709649
2050-11-05 13:00:00+00:00,0.9999764697177189,0.9423154307284386
2050-11-05 14:00:00+00:00,0.9999765585975117,0.9426836708078177
2050-11-05 15:00:00+00:00,0.999976655994106,0.9430552582249073
2050-11-05 16:00:00+00:00,0.9999765668224684,0.9434304897467628
2050-11-05 17:00:00+00:00,0.9999765614574743,0.9438090364212322
2050-11-05 18:00:00+00:00,0.9999765997802971,0.9441910254411492
2050-11-05 19:00:00+00:00,0.9999766468726123,0.9445761162745825
2050-11-05 20:00:00+00:00,0.9999766991982969,0.9449644186736192
2050-11-05 21:00:00+00:00,0.999976759992133,0.9453560321121114
2050-11-05 22:00:00+00:00,0.9999768309909665,0.9457508869134372
2050-11-05 23:00:00+00:00,0.9999769113308007,0.9461492127620715
2050-11-06 00:00:00+00:00,0.9999770975063197,0.9465512705561777
2050-11-06 01:00:00+00:00,0.9999772940203804,0.9469571090060912
2050-11-06 02:00:00+00:00,0.9999775010204004,0.947366872565829
2050-11-06 03:00:00+00:00,0.9999777192630968,0.9477797543989592
2050-11-06 04:00:00+00:00,0.9999778420375454,0.9481957135689156
2050-11-06 05:00:00+00:00,0.9999778550820454,0.9486151056878762
2050-11-06 06:00:00+00:00,0.9999778786113721,0.9490379019494841
2050-11-06 07:00:00+00:00,0.9999779061437857,0.9494650320263105
2050-11-06 08:00:00+00:00,0.9999779450869463,0.949895195633276
2050-11-06 09:00:00+00:00,0.9999779997781956,0.9503276103962606
2050-11-06 10:00:00+00:00,0.9999783001143484,0.9507621671042102
2050-11-06 11:00:00+00:00,0.9999786164404267,0.9511987284387627
2050-11-06 12:00:00+00:00,0.9999789479435346,0.9516370803356329
2050-11-06 13:00:00+00:00,0.9999792958993606,0.952077158468145
2050-11-06 14:00:00+00:00,0.9999796602001574,0.9525183780795471
2050-11-06 15:00:00+00:00,0.9999800449320221,0.9529604905557986
2050-11-06 16:00:00+00:00,0.9999801557938863,0.9534029320639563
2050-11-06 17:00:00+00:00,0.9999802758424675,0.9538456661207402
2050-11-06 18:00:00+00:00,0.9999804054339689,0.9542886687023232
2050-11-06 19:00:00+00:00,0.9999805447134519,0.9547321208207168
2050-11-06 20:00:00+00:00,0.9999806914742664,0.9551759329846277
2050-11-06 21:00:00+00:00,0.9999810236910163,0.9556200888751304
2050-11-06 22:00:00+00:00,0.9999813701722501,0.9560645914158893
2050-11-06 23:00:00+00:00,0.9999817284253165,0.956509440366303
2050-11-07 00:00:00+00:00,0.9999821012553093,0.9569546323729282
2050-11-07 01:00:00+00:00,0.9999826374361892,0.9574001549266513
2050-11-07 02:00:00+00:00,0.9999832590930572,0.9578460059173318
2050-11-07 03:00:00+00:00,0.9999839312933151,0.9582921987001611
2050-11-07 04:00:00+00:00,0.9999841821419772,0.9587387387344756
2050-11-07 05:00:00+00:00,0.9999844555744597,0.9591856301093394
2050-11-07 06:00:00+00:00,0.9999847483395881,0.9596328615688792
2050-11-07 07:00:00+00:00,0.9999850589600918,0.9600804620126484
2050-11-07 08:00:00+00:00,0.999986172012601,0.9605284079796972
2050-11-07 09:00:00+00:00,0.9999874029320042,0.9609767487602661
2050-11-07 10:00:00+00:00,0.9999888339988391,0.9614256982006018
2050-11-07 11:00:00+00:00,0.99999058028968,0.9618756672575881
2050-11-07 12:00:00+00:00,0.9999929008309403,0.9623269467312326
2050-11-07 13:00:00+00:00,0.9999968884697487,0.9627795677717637
2050-11-07 14:00:00+00:00,0.9999998473559649,0.9632336350114408
2050-11-07 15:00:00+00:00,0.999998495645097,0.9636889968095331
2050-11-07 16:00:00+00:00,0.9999911122393713,0.9641455616396879
2050-11-07 17:00:00+00:00,0.9999874545965621,0.9646032796097578
2050-11-07 18:00:00+00:00,0.9999847553784098,0.9650622749019474
2050-11-07 19:00:00+00:00,0.9999824897731934,0.9655220724638538
2050-11-07 20:00:00+00:00,0.9999804855921117,0.965982732102526
2050-11-07 21:00:00+00:00,0.9999786680108449,0.9664441354475152
2050-11-07 22:00:00+00:00,0.9999770098576292,0.9669062514751661
2050-11-07 23:00:00+00:00,0.9999754605289463,0.9673688841238466
2050-11-08 00:00:00+00:00,0.9999740027827032,0.9678320424922736
2050-11-08 01:00:00+00:00,0.9999726204962647,0.9682957329240099
2050-11-08 02:00:00+00:00,0.9999713045347606,0.9687599997511003
2050-11-08 03:00:00+00:00,0.9999700472313136,0.9692250071065874
2050-11-08 04:00:00+00:00,0.9999688417691572,0.9696906700921645
2050-11-08 05:00:00+00:00,0.9999676736183946,0.9701570028449765
2050-11-08 06:00:00+00:00,0.9999665475929906,0.970623930778126
2050-11-08 07:00:00+00:00,0.9999654539404862,0.9710913583123426
2050-11-08 08:00:00+00:00,0.9999644555835766,0.9715593618460898
2050-11-08 09:00:00+00:00,0.9999641531485419,0.9720282613870244
2050-11-08 10:00:00+00:00,0.999963855292125,0.9724985542806436
2050-11-08 11:00:00+00:00,0.9999635586656694,0.9729703837813498
2050-11-08 12:00:00+00:00,0.9999632687256742,0.9734439244679447
2050-11-08 13:00:00+00:00,0.9999629831384532,0.973919119399581
2050-11-08 14:00:00+00:00,0.9999627042794754,0.9743960879660042
2050-11-08 15:00:00+00:00,0.9999624255048549,0.974874975316015
2050-11-08 16:00:00+00:00,0.999961688869336,0.9753559098994071
2050-11-08 17:00:00+00:00,0.999960967164721,0.975839428631606
2050-11-08 18:00:00+00:00,0.9999602485125889,0.9763266725025507
2050-11-08 19:00:00+00:00,0.9999599868435864,0.9768199439724421
2050-11-08 20:00:00+00:00,0.9999597273658134,0.977320960192826
2050-11-08 21:00:00+00:00,0.9999594699745047,0.97783076368171
2050-11-08 22:00:00+00:00,0.999959218720054,0.9783494544669626
2050-11-08 23:00:00+00:00,0.9999589691600282,0.9788768158376216
2050-11-09 00:00:00+00:00,0.999958721769079,0.9794109596068117
2050-11-09 01:00:00+00:00,0.9999584763648776,0.979948936818771
2050-11-09 02:00:00+00:00,0.9999582336041569,0.9804878550733022
2050-11-09 03:00:00+00:00,0.9999579939960094,0.9810259626399651
2050-11-09 04:00:00+00:00,0.999957758278242,0.9815623754471324
2050-11-09 05:00:00+00:00,0.9999571618730447,0.9820964549284514
2050-11-09 06:00:00+00:00,0.9999565755278996,0.9826282306906964
2050-11-09 07:00:00+00:00,0.9999563472277638,0.9831592797999443
2050-11-09 08:00:00+00:00,0.9999562773679385,0.9836900886573618
2050-11-09 09:00:00+00:00,0.9999562435695518,0.9842211847860985
2050-11-09 10:00:00+00:00,0.9999728055749624,0.9847529129541058
2050-11-09 11:00:00+00:00,0.9999925850399003,0.9852855089840955
2050-11-09 12:00:00+00:00,0.9999925849258287,0.9858190578226449
2050-11-09 13:00:00+00:00,0.9999925421867074,0.9863537180990891
2050-11-09 14:00:00+00:00,0.9999925136557352,0.9868893675898971
2050-11-09 15:00:00+00:00,0.9999923704976718,0.9874259736301555
2050-11-09 16:00:00+00:00,0.9999922396136637,0.9879635843730619
2050-11-09 17:00:00+00:00,0.999992120221091,0.9885024632072384
2050-11-09 18:00:00+00:00,0.9999920123941958,0.9890419935566057
2050-11-09 19:00:00+00:00,0.9999919160691823,0.989581665293397
2050-11-09 20:00:00+00:00,0.9999918303226749,0.9901195877769179
2050-11-09 21:00:00+00:00,0.9999917548718662,0.9906542596455385
2050-11-09 22:00:00+00:00,0.9999916911986423,0.9911859026480869
2050-11-09 23:00:00+00:00,0.9999916375634991,0.9917133926292198
2050-11-10 00:00:00+00:00,0.9999915936626568,0.9922333061672564
2050-11-10 01:00:00+00:00,0.9999915593684485,0.992744016135529
2050-11-10 02:00:00+00:00,0.9999915351081724,0.9932458495618703
2050-11-10 03:00:00+00:00,0.9999915147021741,0.9937426104648913
2050-11-10 04:00:00+00:00,0.9999914917637446,0.9942390664892772
2050-11-10 05:00:00+00:00,0.9999914849110346,0.9947399421875538
2050-11-10 06:00:00+00:00,0.9999916321401099,0.995246954995459
2050-11-10 07:00:00+00:00,0.9999917979106883,0.995759494777457
2050-11-10 08:00:00+00:00,0.9999919540071948,0.9962755922316845
2050-11-10 09:00:00+00:00,0.9999921209627514,0.9967953014154104
2050-11-10 10:00:00+00:00,0.9999923040221274,0.9973188148434305
2050-11-10 11:00:00+00:00,0.9999924984338088,0.9978472568643222
2050-11-10 12:00:00+00:00,0.9999927020854112,0.9983801121201794
2050-11-10 13:00:00+00:00,0.9999929327578203,0.9989170883365942
2050-11-10 14:00:00+00:00,0.9999932026296104,0.9994572339288176
2050-11-10 15:00:00+00:00,0.9999932773983425,0.9999999980394806
2050-11-10 16:00:00+00:00,0.9999929856040525,0.9995744912134027
2050-11-10 17:00:00+00:00,0.999992709199623,0.9991513276677493
2050-11-10 18:00:00+00:00,0.9999924499419248,0.9987302624134486
2050-11-10 19:00:00+00:00,0.9999922091476761,0.9984298902491767
2050-11-10 20:00:00+00:00,0.9999919840818656,0.998150804329824
2050-11-10 21:00:00+00:00,0.9999917758749018,0.9978865566626685
2050-11-10 22:00:00+00:00,0.999991580603386,0.997639591233018
2050-11-10 23:00:00+00:00,0.9999913977027384,0.9974171807332775
2050-11-11 00:00:00+00:00,0.9999912262500236,0.9972068940937134
2050-11-11 01:00:00+00:00,0.9999910647031073,0.9970211628739154
2050-11-11 02:00:00+00:00,0.9999909125879537,0.9968631022315166
2050-11-11 03:00:00+00:00,0.9999907704563462,0.99670974230595
2050-11-11 04:00:00+00:00,0.9999906375846767,0.9965608835023793
2050-11-11 05:00:00+00:00,0.9999905144064754,0.9964127888726899
2050-11-11 06:00:00+00:00,0.9999904009273684,0.9962617599201022
2050-11-11 07:00:00+00:00,0.9999902964630835,0.9961661137899107
2050-11-11 08:00:00+00:00,0.9999902685282799,0.996713931326122
2050-11-11 09:00:00+00:00,0.9999902513554951,0.9972563938672545
2050-11-11 10:00:00+00:00,0.9999912539732094,0.9977928063696516
2050-11-11 11:00:00+00:00,0.9999923535748985,0.9983239710670339
2050-11-11 12:00:00+00:00,0.9999937205750967,0.998849195399794
2050-11-11 13:00:00+00:00,0.9999937182148613,0.9993678023575189
2050-11-11 14:00:00+00:00,0.9999937408157784,0.9998797223995423
2050-11-11 15:00:00+00:00,0.9999936650128745,0.9999999909781658
2050-11-11 16:00:00+00:00,0.999993434680149,0.9995308653204282
2050-11-11 17:00:00+00:00,0.9999932204161823,0.9990585658004456
2050-11-11 18:00:00+00:00,0.9999930218063242,0.9985836394310907
2050-11-11 19:00:00+00:00,0.9999928407034706,0.9981057620693221
2050-11-11 20:00:00+00:00,0.9999926716359091,0.9976255605478874
2050-11-11 21:00:00+00:00,0.9999925144310815,0.997143909458074
2050-11-11 22:00:00+00:00,0.9999923989914721,0.9966606414503879
2050-11-11 23:00:00+00:00,0.9999923417439807,0.9970525218321742
2050-11-12 00:00:00+00:00,0.9999923278551265,0.9975381076782774
2050-11-12 01:00:00+00:00,0.9999923180189154,0.9980226581905668
2050-11-12 02:00:00+00:00,0.9999923161596339,0.9985063548670443
2050-11-12 03:00:00+00:00,0.9999922898810367,0.9987165274336546
2050-11-12 04:00:00+00:00,0.9999922097251592,0.9982265594905787
2050-11-12 05:00:00+00:00,0.9999921285351118,0.9977351136687757
2050-11-12 06:00:00+00:00,0.9999920546726894,0.9972422459243583
2050-11-12 07:00:00+00:00,0.9999919885342079,0.9967465704965791
2050-11-12 08:00:00+00:00,0.9999920316636197,0.9972202338941232
2050-11-12 09:00:00+00:00,0.9999920846259613,0.99769088191625
2050-11-12 10:00:00+00:00,0.9999921457713893,0.9981583746170453
2050-11-12 11:00:00+00:00,0.9999922020737508,0.9986224255459054
2050-11-12 12:00:00+00:00,0.9999922686063542,0.9990836698036997
2050-11-12 13:00:00+00:00,0.999992354291521,0.999542906491142
2050-11-12 14:00:00+00:00,0.999992446913046,1.0
2050-11-12 15:00:00+00:00,0.9999924372481601,0.9994822975708265
2050-11-12 16:00:00+00:00,0.9999924324975661,0.99896175570543
2050-11-12 17:00:00+00:00,0.9999924353738696,0.9984388456013996
2050-11-12 18:00:00+00:00,0.9999924461780814,0.9979136014624015
2050-11-12 19:00:00+00:00,0.9999924648158576,0.9973863830112267
2050-11-12 20:00:00+00:00,0.9999924914745346,0.9968571643707104
2050-11-12 21:00:00+00:00,0.9999925222884152,0.9963260381119747
2050-11-12 22:00:00+00:00,0.999992572672943,0.9961292587982465
2050-11-12 23:00:00+00:00,0.9999927581514929,0.9965669453854281
2050-11-13 00:00:00+00:00,0.9999929593364414,0.9970028546982518
2050-11-13 01:00:00+00:00,0.999993172860264,0.9974368445403317
2050-11-13 02:00:00+00:00,0.9999934032751601,0.9978685691608359
2050-11-13 03:00:00+00:00,0.9999934931442802,0.9982045444710343
2050-11-13 04:00:00+00:00,0.9999935865192716,0.9976607771119983
2050-11-13 05:00:00+00:00,0.9999936903798781,0.9971147947986586
2050-11-13 06:00:00+00:00,0.9999938081237855,0.996566652830308
2050-11-13 07:00:00+00:00,0.9999939384588044,0.9960156977616318
2050-11-13 08:00:00+00:00,0.9999943643535462,0.9964347421027568
2050-11-13 09:00:00+00:00,0.9999948515170897,0.9968525574789213
2050-11-13 10:00:00+00:00,0.999995253772873,0.9972691936490355
2050-11-13 11:00:00+00:00,0.9999957464033059,0.9976846711286599
2050-11-13 12:00:00+00:00,0.9999963479471218,0.9980991288713493
2050-11-13 13:00:00+00:00,0.9999974217090242,0.9985126649309551
2050-11-13 14:00:00+00:00,0.9999992487907945,0.9989257287682768
2050-11-13 15:00:00+00:00,0.9419288759394678,0.9983665084886687
2050-11-13 16:00:00+00:00,0.8701971139811407,0.9978076139380071
2050-11-13 17:00:00+00:00,0.7984650542148969,0.9972491350961041
2050-11-13 18:00:00+00:00,0.7267330342067431,0.9966912356667479
2050-11-13 19:00:00+00:00,0.6550013557678017,0.9961338169061453
2050-11-13 20:00:00+00:00,0.5832699761682066,0.9955769861023687
2050-11-13 21:00:00+00:00,0.5145035374197262,0.9950206388991163
2050-11-13 22:00:00+00:00,0.45971376692563,0.9944646954501498
2050-11-13 23:00:00+00:00,0.4062194561910001,0.9939091122981477
2050-11-14 00:00:00+00:00,0.3534803600036708,0.9933538729620914
2050-11-14 01:00:00+00:00,0.3008784249367404,0.992799005664019
2050-11-14 02:00:00+00:00,0.25546191047727823,0.9922445423524094
2050-11-14 03:00:00+00:00,0.21570392994878226,0.991690528882695
2050-11-14 04:00:00+00:00,0.16759491831403914,0.9911369619101441
2050-11-14 05:00:00+00:00,0.1137103386319538,0.9905837873852622
2050-11-14 06:00:00+00:00,0.057905181648555314,0.9900309873359141
2050-11-14 07:00:00+00:00,1.4621116669002964e-06,0.9894785464989762
2050-11-14 08:00:00+00:00,0.04415004335077291,0.9898985074832998
2050-11-14 09:00:00+00:00,0.08971953684166266,0.9903187684867777
2050-11-14 10:00:00+00:00,0.143528968754201,0.9907391517423522
2050-11-14 11:00:00+00:00,0.19733879717162525,0.9911593513104432
2050-11-14 12:00:00+00:00,0.2511485279191309,0.9915792386631069
2050-11-14 13:00:00+00:00,0.2964281276005011,0.9919989126259269
2050-11-14 14:00:00+00:00,0.33923738330637976,0.9924182774432962
2050-11-14 15:00:00+00:00,0.37217799668445384,0.9928374846843646
2050-11-14 16:00:00+00:00,0.3721783901331894,0.9922846005092495
2050-11-14 17:00:00+00:00,0.37217878340139204,0.9917316385073117
2050-11-14 18:00:00+00:00,0.3721791773391586,0.991178509083322
2050-11-14 19:00:00+00:00,0.3721795668793569,0.9906257918702144
2050-11-14 20:00:00+00:00,0.37218002659440164,0.9907158275334236
2050-11-14 21:00:00+00:00,0.38813906243684587,0.9911368097784549
2050-11-14 22:00:00+00:00,0.4257287763742725,0.9915592282241605
2050-11-14 23:00:00+00:00,0.46527553281425466,0.991983345034466
2050-11-15 00:00:00+00:00,0.5046361364698531,0.9924084813724255
2050-11-15 01:00:00+00:00,0.5440602104327835,0.9928344047863994
2050-11-15 02:00:00+00:00,0.5835553658944985,0.9932611927687097
2050-11-15 03:00:00+00:00,0.62201266853186,0.9936884517872839
2050-11-15 04:00:00+00:00,0.6540388254660148,0.9941163084860944
2050-11-15 05:00:00+00:00,0.6540392985952054,0.9941615414611077
2050-11-15 06:00:00+00:00,0.6540397724857867,0.993672911443086
2050-11-15 07:00:00+00:00,0.6540402495803599,0.9932091109803126
2050-11-15 08:00:00+00:00,0.6951901317079732,0.9936385202685012
2050-11-15 09:00:00+00:00,0.7382507386922097,0.9940679027375507
2050-11-15 10:00:00+00:00,0.7829913027001992,0.9944967761202685
2050-11-15 11:00:00+00:00,0.8290557439280634,0.9949251156274486
2050-11-15 12:00:00+00:00,0.8731904049602496,0.9953528238729323
2050-11-15 13:00:00+00:00,0.9166404902676889,0.9957800108047606
2050-11-15 14:00:00+00:00,0.9599415237476363,0.9962064012253931
2050-11-15 15:00:00+00:00,0.9999801537409133,0.9966318619359668
2050-11-15 16:00:00+00:00,0.9999807165711844,0.9964140526997345
2050-11-15 17:00:00+00:00,0.9999808792948617,0.9958641619153559
2050-11-15 18:00:00+00:00,0.9999811159978796,0.9953105762725294
2050-11-15 19:00:00+00:00,0.9999813449222558,0.9947510234453723
2050-11-15 20:00:00+00:00,0.9999815631909239,0.9941837448164074
2050-11-15 21:00:00+00:00,0.9999817774032714,0.993607680544681
2050-11-15 22:00:00+00:00,0.9999819910160473,0.9930226767418644
2050-11-15 23:00:00+00:00,0.999982207217588,0.9924288206884962
2050-11-16 00:00:00+00:00,0.9999824268739558,0.991827760274885
2050-11-16 01:00:00+00:00,0.9999826559762911,0.9912224733979411
2050-11-16 02:00:00+00:00,0.9999828905628562,0.9906155314762433
2050-11-16 03:00:00+00:00,0.999983132862085,0.9900081794894091
2050-11-16 04:00:00+00:00,0.9999833819143101,0.9894009389625146
2050-11-16 05:00:00+00:00,0.9999836388539278,0.9887939778458407
2050-11-16 06:00:00+00:00,0.99998390333035,0.9881872935582837
2050-11-16 07:00:00+00:00,0.9999841771889271,0.9875804231749912
2050-11-16 08:00:00+00:00,0.9999846313754935,0.986973517989812
2050-11-16 09:00:00+00:00,0.9999860933119261,0.9863676779610303
2050-11-16 10:00:00+00:00,0.999987735922123,0.9858162429302328
2050-11-16 11:00:00+00:00,0.999989608313371,0.9852660328767026
2050-11-16 12:00:00+00:00,0.9999917472304118,0.9847203767744623
2050-11-16 13:00:00+00:00,0.999994625332513,0.9841709529768164
2050-11-16 14:00:00+00:00,0.9999999936347552,0.9835645425633698
2050-11-16 15:00:00+00:00,0.9999999575817552,0.982956571968381
2050-11-16 16:00:00+00:00,0.9999952780501051,0.9823483379930884
2050-11-16 17:00:00+00:00,0.9999929430407798,0.9817395754058146
2050-11-16 18:00:00+00:00,0.9999913301086273,0.9811308288545993
2050-11-16 19:00:00+00:00,0.9999912144069572,0.9805218675270585
2050-11-16 20:00:00+00:00,0.9999910949458366,0.9799125135525124
2050-11-16 21:00:00+00:00,0.9999909817400914,0.9793026147417018
2050-11-16 22:00:00+00:00,0.9999906377413261,0.9786922245925745
2050-11-16 23:00:00+00:00,0.9999905144008039,0.9780809780397461
2050-11-17 00:00:00+00:00,0.9999903919991672,0.9774687026327651
2050-11-17 01:00:00+00:00,0.9999902813762203,0.9768549411739159
2050-11-17 02:00:00+00:00,0.9999901744640832,0.9762389212658816
2050-11-17 03:00:00+00:00,0.9999900462880902,0.975618415943801
2050-11-17 04:00:00+00:00,0.997657582509887,0.9749915931492825
2050-11-17 05:00:00+00:00,0.9952214501985647,0.9743552642913578
2050-11-17 06:00:00+00:00,0.9935880316358111,0.9737102248871868
2050-11-17 07:00:00+00:00,0.9922713259018796,0.9730557378958927
2050-11-17 08:00:00+00:00,0.9922711918898751,0.9723933980836243
2050-11-17 09:00:00+00:00,0.9922710560035091,0.971724120882379
2050-11-17 10:00:00+00:00,0.9922709204745667,0.971049800378915
2050-11-17 11:00:00+00:00,0.9922707847309906,0.9703705741188834
2050-11-17 12:00:00+00:00,0.9922706490624826,0.9696870068908305
2050-11-17 13:00:00+00:00,0.9922628832418081,0.969000000047321
2050-11-17 14:00:00+00:00,0.9500424268817927,0.9683106686412721
2050-11-17 15:00:00+00:00,0.9075772121913326,0.9676196223426773
2050-11-17 16:00:00+00:00,0.8358384221320485,0.9669268817364477
2050-11-17 17:00:00+00:00,0.7640987039201481,0.9662326076859706
2050-11-17 18:00:00+00:00,0.6923602823753742,0.9655372074291753
2050-11-17 19:00:00+00:00,0.6535813776899752,0.964840509441451
2050-11-17 20:00:00+00:00,0.6201221889747885,0.9641426146789244
2050-11-17 21:00:00+00:00,0.5871344161425932,0.9634433613400817
2050-11-17 22:00:00+00:00,0.5550591396316931,0.9627439640624388
2050-11-17 23:00:00+00:00,0.5246310070058514,0.9620457540670264
2050-11-18 00:00:00+00:00,0.49543928374682117,0.9613495598084939
2050-11-18 01:00:00+00:00,0.4684713438530206,0.9606555144438377
2050-11-18 02:00:00+00:00,0.44601321507619235,0.9599640798522344
2050-11-18 03:00:00+00:00,0.424642218749264,0.9592761293578611
2050-11-18 04:00:00+00:00,0.39859645822789547,0.9585914414875232
2050-11-18 05:00:00+00:00,0.36679721411832195,0.9579098546931105
2050-11-18 06:00:00+00:00,0.33171769835164544,0.9572315504042574
2050-11-18 07:00:00+00:00,0.28994323871239663,0.9565559080145628
2050-11-18 08:00:00+00:00,0.2620323366544028,0.9558827849303663
2050-11-18 09:00:00+00:00,0.2607886154240856,0.9552115119260365
2050-11-18 10:00:00+00:00,0.2607884027835469,0.9545420213734692
2050-11-18 11:00:00+00:00,0.26078824232115805,0.9538748525391542
2050-11-18 12:00:00+00:00,0.26078808185644503,0.953210238270075
2050-11-18 13:00:00+00:00,0.2607879223359878,0.9525488347425893
2050-11-18 14:00:00+00:00,0.2523235229327767,0.9518904907723347
2050-11-18 15:00:00+00:00,0.21220453171230239,0.9512346911637588
2050-11-18 16:00:00+00:00,0.16441398662620788,0.9505812202066172
2050-11-18 17:00:00+00:00,0.11630305356967627,0.9499304869036134
2050-11-18 18:00:00+00:00,0.06972903204428187,0.949282772590269
2050-11-18 19:00:00+00:00,0.024388954895976044,0.9486387272103903
2050-11-18 20:00:00+00:00,2.8766993620544383e-06,0.9479985878124259
2050-11-18 21:00:00+00:00,3.983718239110307e-07,0.9473624187721514
2050-11-18 22:00:00+00:00,1.837638057098549e-07,0.9467296036394882
2050-11-18 23:00:00+00:00,1.0741656542950241e-07,0.9460995931972155
2050-11-19 00:00:00+00:00,6.228756533447035e-08,0.9454721798030304
2050-11-19 01:00:00+00:00,2.3606516021411507e-07,0.9448476570729004
2050-11-19 02:00:00+00:00,3.1542514584897147e-07,0.944225638146323
2050-11-19 03:00:00+00:00,3.557507709594502e-07,0.9436060969946631
2050-11-19 04:00:00+00:00,3.677453228355698e-07,0.9429885789005888
2050-11-19 05:00:00+00:00,3.1447152287597797e-07,0.9423726462835886
2050-11-19 06:00:00+00:00,2.219807639855521e-07,0.9417578074961577
2050-11-19 07:00:00+00:00,2.355406678879534e-08,0.94114423879661
2050-11-19 08:00:00+00:00,1.7282344747099777e-07,0.9405317502196224
2050-11-19 09:00:00+00:00,8.660418223658828e-07,0.9399202109371811
2050-11-19 10:00:00+00:00,1.238076559363117e-06,0.9393094892191086
2050-11-19 11:00:00+00:00,1.5053500295088547e-06,0.9386995560817989
2050-11-19 12:00:00+00:00,1.7165861592912653e-06,0.9380905167194985
2050-11-19 13:00:00+00:00,1.8889392532837798e-06,0.9374822962449321
2050-11-19 14:00:00+00:00,2.033951138483487e-06,0.9368748909979971
2050-11-19 15:00:00+00:00,2.063928879632566e-06,0.9362683415243558
2050-11-19 16:00:00+00:00,2.0808392726209554e-06,0.9356624984118561
2050-11-19 17:00:00+00:00,2.085380471247401e-06,0.9350571041168246
2050-11-19 18:00:00+00:00,2.0778764207037472e-06,0.934452057595616
2050-11-19 19:00:00+00:00,2.0584674324212865e-06,0.9338474178723268
2050-11-19 20:00:00+00:00,2.025660558165089e-06,0.9332429932466482
2050-11-19 21:00:00+00:00,1.980700786993952e-06,0.9326382608440213
2050-11-19 22:00:00+00:00,1.9911533683725483e-06,0.9320330481735644
2050-11-19 23:00:00+00:00,1.9877604351500066e-06,0.9314269620607284
2050-11-20 00:00:00+00:00,1.9727039496919285e-06,0.9308197759482666
2050-11-20 01:00:00+00:00,1.8625903193891031e-06,0.930211630994377
2050-11-20 02:00:00+00:00,1.7310826675212323e-06,0.9296026647968139
2050-11-20 03:00:00+00:00,1.5722400300540082e-06,0.9289931195280989
2050-11-20 04:00:00+00:00,1.3764817166632669e-06,0.9283830048373155
2050-11-20 05:00:00+00:00,1.1259848539758852e-06,0.9277724871473699
2050-11-20 06:00:00+00:00,7.816966735328836e-07,0.927161520466619
2050-11-20 07:00:00+00:00,2.0146688193470896e-07,0.9265497981861109
2050-11-20 08:00:00+00:00,7.540078734992008e-06,0.9259378279221874
2050-11-20 09:00:00+00:00,1.142894638248618e-05,0.9253256254590588
2050-11-20 10:00:00+00:00,1.4102637340375993e-05,0.924713269411836
2050-11-20 11:00:00+00:00,1.6092192077931178e-05,0.9241007780272049
2050-11-20 12:00:00+00:00,1.8196978981247617e-05,0.9234881555883808
2050-11-20 13:00:00+00:00,2.0126001644488538e-05,0.9228754299845152
2050-11-20 14:00:00+00:00,2.1875379127312315e-05,0.9222626444533908
2050-11-20 15:00:00+00:00,2.3495435916209804e-05,0.9216499456200286
2050-11-20 16:00:00+00:00,2.5053265692260726e-05,0.9210373718890928
2050-11-20 17:00:00+00:00,2.649692725814242e-05,0.9204249373438095
2050-11-20 18:00:00+00:00,2.7865193935021933e-05,0.9198124532416695
2050-11-20 19:00:00+00:00,2.9173026144283014e-05,0.919199868005801
2050-11-20 20:00:00+00:00,3.0438567033704413e-05,0.9185871803194091
2050-11-20 21:00:00+00:00,3.0709448476584815e-05,0.9179745209183384
2050-11-20 22:00:00+00:00,3.0983719981803124e-05,0.91736205204098
2050-11-20 23:00:00+00:00,3.2103314479392906e-05,0.9167498950575937
2050-11-21 00:00:00+00:00,3.3183802677020503e-05,0.9161380297807223
2050-11-21 01:00:00+00:00,3.42432898452637e-05,0.9155265091865112
2050-11-21 02:00:00+00:00,3.5273588089646465e-05,0.9149155231854454
2050-11-21 03:00:00+00:00,3.552725375138335e-05,0.9143054814171114
2050-11-21 04:00:00+00:00,3.577516200582119e-05,0.9136968587255088
2050-11-21 05:00:00+00:00,3.601604366569615e-05,0.9130903003862277
2050-11-21 06:00:00+00:00,3.625258425509739e-05,0.9124863986844975
2050-11-21 07:00:00+00:00,3.648453461162229e-05,0.911884805473235
2050-11-21 08:00:00+00:00,3.671307335794487e-05,0.9112847603585279
2050-11-21 09:00:00+00:00,3.755108917230819e-05,0.910685845036316
2050-11-21 10:00:00+00:00,3.83784851841254e-05,0.9100874883048198
2050-11-21 11:00:00+00:00,3.919577650422789e-05,0.9094894750777957
2050-11-21 12:00:00+00:00,3.9982817310041055e-05,0.9088917895720016
2050-11-21 13:00:00+00:00,4.07524564044766e-05,0.9082943227506847
2050-11-21 14:00:00+00:00,4.1494629017230785e-05,0.9076972996244679
2050-11-21 15:00:00+00:00,4.170404255924654e-05,0.9071007697490165
2050-11-21 16:00:00+00:00,4.1911465687175534e-05,0.9065043658611469
2050-11-21 17:00:00+00:00,4.211573841370473e-05,0.9059079589090192
2050-11-21 18:00:00+00:00,4.2317255338231815e-05,0.9053114639915317
2050-11-21 19:00:00+00:00,4.2516280997283063e-05,0.9047151109407384
2050-11-21 20:00:00+00:00,4.2713302862802704e-05,0.9041186260405264
2050-11-21 21:00:00+00:00,4.2908418215750655e-05,0.9035213131707945
2050-11-21 22:00:00+00:00,4.310218284286749e-05,0.9029229136661288
2050-11-21 23:00:00+00:00,4.329432633500348e-05,0.9023237163571196
2050-11-22 00:00:00+00:00,4.3484803674679634e-05,0.9017242261266194
2050-11-22 01:00:00+00:00,4.367359251804373e-05,0.9011243894067608
2050-11-22 02:00:00+00:00,4.3860304709801875e-05,0.9005239137776665
2050-11-22 03:00:00+00:00,4.4043644922360665e-05,0.8999230045339359
2050-11-22 04:00:00+00:00,4.4225948975885345e-05,0.8993215941065119
2050-11-22 05:00:00+00:00,4.4407336213714506e-05,0.8987198151942395
2050-11-22 06:00:00+00:00,4.4587119644897185e-05,0.8981178120578488
2050-11-22 07:00:00+00:00,4.476596875120792e-05,0.8975156049430154
2050-11-22 08:00:00+00:00,4.494690969678521e-05,0.8969132465226195
2050-11-22 09:00:00+00:00,4.5505804581262054e-05,0.8963108011062524
2050-11-22 10:00:00+00:00,4.605949890937605e-05,0.8957082556669937
2050-11-22 11:00:00+00:00,4.6610190387207365e-05,0.8951055273423845
2050-11-22 12:00:00+00:00,4.7154794481616796e-05,0.8945025689002772
2050-11-22 13:00:00+00:00,4.768462946535147e-05,0.8938992808796206
2050-11-22 14:00:00+00:00,4.8209521413824733e-05,0.8932956913506392
2050-11-22 15:00:00+00:00,4.8727809353953096e-05,0.892691766211282
2050-11-22 16:00:00+00:00,4.889212941685432e-05,0.8920875877083737
2050-11-22 17:00:00+00:00,4.905453683045197e-05,0.8914832608279353
2050-11-22 18:00:00+00:00,4.921505185249554e-05,0.8908787719149375
2050-11-22 19:00:00+00:00,4.937380223215311e-05,0.8902743087796201
2050-11-22 20:00:00+00:00,4.953115795761443e-05,0.889669912317477
2050-11-22 21:00:00+00:00,4.968671201873859e-05,0.8890656280742398
2050-11-22 22:00:00+00:00,4.9840824638077886e-05,0.8884614657626719
2050-11-22 23:00:00+00:00,4.999357357402137e-05,0.8878574082677496
2050-11-23 00:00:00+00:00,5.014462616247474e-05,0.887253452356079
2050-11-23 01:00:00+00:00,5.029432117468821e-05,0.8866495776493769
2050-11-23 02:00:00+00:00,5.044240333198073e-05,0.886045712614129
2050-11-23 03:00:00+00:00,5.058846768076332e-05,0.8854418069047535
2050-11-23 04:00:00+00:00,5.0732116771986965e-05,0.8848378910613786
2050-11-23 05:00:00+00:00,5.087486327226506e-05,0.8842339799606632
2050-11-23 06:00:00+00:00,5.101745472678565e-05,0.8836300971103822
2050-11-23 07:00:00+00:00,5.1160162082223536e-05,0.8830262938654315
2050-11-23 08:00:00+00:00,5.177870229290444e-05,0.8826951913441468
2050-11-23 09:00:00+00:00,5.2251932558375545e-05,0.8829423566008702
2050-11-23 10:00:00+00:00,5.2712283499601886e-05,0.8832044550779831
2050-11-23 11:00:00+00:00,5.316683804044424e-05,0.8834752736101841
2050-11-23 12:00:00+00:00,5.361827091509456e-05,0.8837577184192992
2050-11-23 13:00:00+00:00,5.4065261071965924e-05,0.8840271937446025
2050-11-23 14:00:00+00:00,5.4515340556416044e-05,0.8842874443547991
2050-11-23 15:00:00+00:00,5.468830115078544e-05,0.883683545218956
2050-11-23 16:00:00+00:00,5.485629000242051e-05,0.8830796958738683
2050-11-23 17:00:00+00:00,5.5022262554419635e-05,0.8824759031473652
2050-11-23 18:00:00+00:00,5.5187234615561854e-05,0.8818721935379586
2050-11-23 19:00:00+00:00,5.5350529511068676e-05,0.8812686350630967
2050-11-23 20:00:00+00:00,5.5512101365551586e-05,0.8806652313347794
2050-11-23 21:00:00+00:00,5.567221280686343e-05,0.8800619577473027
2050-11-23 22:00:00+00:00,5.5830369890090656e-05,0.8794587000203635
2050-11-23 23:00:00+00:00,5.598741355900134e-05,0.8788554120236768
2050-11-24 00:00:00+00:00,5.614289898135918e-05,0.8782520439335452
2050-11-24 01:00:00+00:00,5.666584889953534e-05,0.8785407633691523
2050-11-24 02:00:00+00:00,0.02152863371398711,0.8789091142623265
2050-11-24 03:00:00+00:00,0.05111078260772401,0.8792772457501453
2050-11-24 04:00:00+00:00,0.07692506822731776,0.8796451656472498
2050-11-24 05:00:00+00:00,0.11052294626112844,0.8800128978512949
2050-11-24 06:00:00+00:00,0.14034388612815812,0.8803803543758791
2050-11-24 07:00:00+00:00,0.140344384864815,0.8807470951844254
2050-11-24 08:00:00+00:00,0.1935529331612883,0.8811137820034888
2050-11-24 09:00:00+00:00,0.24740255457552726,0.8814801366974263
2050-11-24 10:00:00+00:00,0.3012515412134771,0.8818461662199731
2050-11-24 11:00:00+00:00,0.3550997137740937,0.8822120504973366
2050-11-24 12:00:00+00:00,0.4089480707087515,0.8825777942658858
2050-11-24 13:00:00+00:00,0.46279773116595563,0.8829432680276333
2050-11-24 14:00:00+00:00,0.5160091695462447,0.8833084184862658
2050-11-24 15:00:00+00:00,0.5160096705995085,0.8835541811202575
2050-11-24 16:00:00+00:00,0.5160101036559833,0.882947162019424
2050-11-24 17:00:00+00:00,0.5160105368231799,0.8823401037534216
2050-11-24 18:00:00+00:00,0.5160109702809944,0.881732820605594
2050-11-24 19:00:00+00:00,0.5160114040441033,0.881125089256955
2050-11-24 20:00:00+00:00,0.5160118390372547,0.8805164728677572
2050-11-24 21:00:00+00:00,0.5160122743808693,0.8799064634525061
2050-11-24 22:00:00+00:00,0.5160127901971014,0.8793473087338509
2050-11-24 23:00:00+00:00,0.5160133017604569,0.8794601510093017
2050-11-25 00:00:00+00:00,0.5160138206711069,0.8794194209496882
2050-11-25 01:00:00+00:00,0.5160143247160913,0.8796365158674468
2050-11-25 02:00:00+00:00,0.5160148230578041,0.8799042732002029
2050-11-25 03:00:00+00:00,0.5160153393766178,0.8800085838730218
2050-11-25 04:00:00+00:00,0.5160157799583995,0.8793791510864948
2050-11-25 05:00:00+00:00,0.51601621962141,0.8787465391506157
2050-11-25 06:00:00+00:00,0.5160166605078662,0.8781106312654862
2050-11-25 07:00:00+00:00,0.5160171014042538,0.8774721271302107
2050-11-25 08:00:00+00:00,0.516017625263937,0.8771512695785849
2050-11-25 09:00:00+00:00,0.5698681026008336,0.8774804874321396
2050-11-25 10:00:00+00:00,0.62369933407347,0.877807994455201
2050-11-25 11:00:00+00:00,0.6775298198234159,0.8781332755063921
2050-11-25 12:00:00+00:00,0.7313607127013081,0.878456094123321
2050-11-25 13:00:00+00:00,0.7852121690830852,0.8787757698626032
2050-11-25 14:00:00+00:00,0.838490384578572,0.879092461444434
2050-11-25 15:00:00+00:00,0.8384903503391992,0.8784346442561674
2050-11-25 16:00:00+00:00,0.8384903065201295,0.8777746262305319
2050-11-25 17:00:00+00:00,0.838490261817603,0.8771120051741306
2050-11-25 18:00:00+00:00,0.8384902170735244,0.8764463959361611
2050-11-25 19:00:00+00:00,0.8384901726391041,0.8757771543659989
2050-11-25 20:00:00+00:00,0.8384901289353903,0.8751040009244638
2050-11-25 21:00:00+00:00,0.8384900859483422,0.8744268476398775
2050-11-25 22:00:00+00:00,0.8384900439234175,0.8737463618144731
2050-11-25 23:00:00+00:00,0.8384900026345717,0.8730631072797204
2050-11-26 00:00:00+00:00,0.8384899623936606,0.8723772303407417
2050-11-26 01:00:00+00:00,0.8384899232414428,0.8716883663342547
2050-11-26 02:00:00+00:00,0.8384898850258786,0.8709968184064251
2050-11-26 03:00:00+00:00,0.838489847290005,0.8703025450205605
2050-11-26 04:00:00+00:00,0.8384898107001053,0.869605883277602
2050-11-26 05:00:00+00:00,0.8384897753351926,0.8689072465011078
2050-11-26 06:00:00+00:00,0.8384897415443076,0.8682070584321719
2050-11-26 07:00:00+00:00,0.8384897101038492,0.8675052470450558
2050-11-26 08:00:00+00:00,0.8384897709250527,0.8668019907982453
2050-11-26 09:00:00+00:00,0.8384898188640321,0.8660974073348057
2050-11-26 10:00:00+00:00,0.892324927471125,0.8663636227283174
2050-11-26 11:00:00+00:00,0.9461598302733712,0.8666286182623104
2050-11-26 12:00:00+00:00,0.99999948131808,0.8668922521160499
2050-11-26 13:00:00+00:00,0.9999996190516778,0.8661825424565606
2050-11-26 14:00:00+00:00,0.9999999902117717,0.8654715643150019
2050-11-26 15:00:00+00:00,0.9898870726808251,0.8647593843776792
2050-11-26 16:00:00+00:00,0.9804111741861226,0.8640461422686402
2050-11-26 17:00:00+00:00,0.973619758315554,0.8633320560324701
2050-11-26 18:00:00+00:00,0.9678261706801838,0.8626170861750497
2050-11-26 19:00:00+00:00,0.9628601500605144,0.8619011823905637
2050-11-26 20:00:00+00:00,0.958361386257149,0.8611844447053495
2050-11-26 21:00:00+00:00,0.9541994575486386,0.8604671886645939
2050-11-26 22:00:00+00:00,0.950295833945466,0.8597493022018633
2050-11-26 23:00:00+00:00,0.9466274845043968,0.8590310431619413
2050-11-27 00:00:00+00:00,0.9431462759228125,0.8583125221595402
2050-11-27 01:00:00+00:00,0.9398299420289529,0.8575937092129566
2050-11-27 02:00:00+00:00,0.9366612886511818,0.8568747265681956
2050-11-27 03:00:00+00:00,0.9336111383265148,0.8561556365966558
2050-11-27 04:00:00+00:00,0.9306631240451535,0.8554364668102606
2050-11-27 05:00:00+00:00,0.9277328426362924,0.8547171944493346
2050-11-27 06:00:00+00:00,0.85604013723908,0.8539978507804498
2050-11-27 07:00:00+00:00,0.784348107836895,0.8532784396324576
2050-11-27 08:00:00+00:00,0.7843478923292154,0.8525589438905531
2050-11-27 09:00:00+00:00,0.7843476651803662,0.8518393964016759
2050-11-27 10:00:00+00:00,0.8382609818326887,0.8511197531089307
2050-11-27 11:00:00+00:00,0.8921743044687515,0.8510284242737026
2050-11-27 12:00:00+00:00,0.9460876223891658,0.8503085554183973
2050-11-27 13:00:00+00:00,0.9999999413657443,0.8495885319529424
2050-11-27 14:00:00+00:00,0.9999999684567006,0.8488683771341924
2050-11-27 15:00:00+00:00,0.9999998107392002,0.8481480938179069
2050-11-27 16:00:00+00:00,0.9718815492187716,0.847427696183323
2050-11-27 17:00:00+00:00,0.9365035307576675,0.8467071675266677
2050-11-27 18:00:00+00:00,0.9279294878171795,0.8459865470499157
2050-11-27 19:00:00+00:00,0.9203513757178987,0.845265852415088
2050-11-27 20:00:00+00:00,0.9133646885494925,0.8445450636164967
2050-11-27 21:00:00+00:00,0.9067204726644142,0.8438241590199477
2050-11-27 22:00:00+00:00,0.9004144458081416,0.8431030680611515
2050-11-27 23:00:00+00:00,0.8944507737069773,0.8423817291768394
2050-11-28 00:00:00+00:00,0.8887137158337958,0.8416601621716071
2050-11-28 01:00:00+00:00,0.8832250484896401,0.8409382989289623
2050-11-28 02:00:00+00:00,0.8780105021709466,0.8402159195002037
2050-11-28 03:00:00+00:00,0.8730596566889356,0.8394925395684398
2050-11-28 04:00:00+00:00,0.8680861989303139,0.8387676982252945
2050-11-28 05:00:00+00:00,0.8630423519193072,0.8380407950372427
2050-11-28 06:00:00+00:00,0.8560948062205679,0.8373112670898472
2050-11-28 07:00:00+00:00,0.7844803966911945,0.8365794446123905
2050-11-28 08:00:00+00:00,0.7844802347096489,0.8358461021138287
2050-11-28 09:00:00+00:00,0.7844800665839096,0.8351116852508131
2050-11-28 10:00:00+00:00,0.7844800194470398,0.8343767023589859
2050-11-28 11:00:00+00:00,0.7844799806167745,0.8336412530011422
2050-11-28 12:00:00+00:00,0.7844798146969052,0.8329051759706034
2050-11-28 13:00:00+00:00,0.7844796434179255,0.8321684758076462
2050-11-28 14:00:00+00:00,0.784479410695032,0.8314309141387528
2050-11-28 15:00:00+00:00,0.7127603085518068,0.8306924254082378
2050-11-28 16:00:00+00:00,0.6410248051878378,0.8299534379043726
2050-11-28 17:00:00+00:00,0.5693082646840755,0.8292141232103815
2050-11-28 18:00:00+00:00,0.4975846955747721,0.8284745336541798
2050-11-28 19:00:00+00:00,0.42586188303659694,0.8277343337936289
2050-11-28 20:00:00+00:00,0.3932377087249226,0.8269936407720183
2050-11-28 21:00:00+00:00,0.3628565784883864,0.826252579135671
2050-11-28 22:00:00+00:00,0.33218959481807003,0.8255112001806675
2050-11-28 23:00:00+00:00,0.30225709282989743,0.824769149204013
2050-11-29 00:00:00+00:00,0.27195537192910924,0.8240265920857966
2050-11-29 01:00:00+00:00,0.24162791283813445,0.8232838079294793
2050-11-29 02:00:00+00:00,0.21074634195882957,0.8225409661401102
2050-11-29 03:00:00+00:00,0.17680234670780767,0.821798086893693
2050-11-29 04:00:00+00:00,0.14063311938736558,0.8210551892153602
2050-11-29 05:00:00+00:00,0.10047223253590029,0.8203122850271574
2050-11-29 06:00:00+00:00,0.054296551665109785,0.8195693773587597
2050-11-29 07:00:00+00:00,3.6782633718546134e-08,0.8188264550913635
2050-11-29 08:00:00+00:00,1.8089629494891714e-08,0.8180835024949057
2050-11-29 09:00:00+00:00,1.582013517724914e-06,0.8173405047551452
2050-11-29 10:00:00+00:00,0.0451074472258616,0.8168105675611331
2050-11-29 11:00:00+00:00,0.08985492910237139,0.8163621356862503
2050-11-29 12:00:00+00:00,0.13382619966184026,0.8159154038083057
2050-11-29 13:00:00+00:00,0.1768560648393998,0.8154446064993551
2050-11-29 14:00:00+00:00,0.17685641569745614,0.8147010656119428
2050-11-29 15:00:00+00:00,0.1768567871068011,0.8139574001281786
2050-11-29 16:00:00+00:00,0.1768571507150075,0.8132135900590868
2050-11-29 17:00:00+00:00,0.17685751186621515,0.812469646308472
2050-11-29 18:00:00+00:00,0.17685787234251446,0.8117256273420952
2050-11-29 19:00:00+00:00,0.17685823281466687,0.8109815718275718
2050-11-29 20:00:00+00:00,0.17685857120367432,0.810237498389531
2050-11-29 21:00:00+00:00,0.17741791436160298,0.8094998181733238
2050-11-29 22:00:00+00:00,0.18867869721196878,0.8088406050238216
2050-11-29 23:00:00+00:00,0.2273519909911883,0.8084282274237427
2050-11-30 00:00:00+00:00,0.26695181229537746,0.8080771208643387
2050-11-30 01:00:00+00:00,0.3069631671013608,0.8077688625405833
2050-11-30 02:00:00+00:00,0.34718229198050804,0.8074909383099339
2050-11-30 03:00:00+00:00,0.38720488591682534,0.8072108791551771
2050-11-30 04:00:00+00:00,0.42634264277037154,0.8068891041222611
2050-11-30 05:00:00+00:00,0.4597516716101427,0.8063909907676886
2050-11-30 06:00:00+00:00,0.48029677697244905,0.8057832594723066
2050-11-30 07:00:00+00:00,0.4802977365250054,0.8050407423193947
2050-11-30 08:00:00+00:00,0.5208138912809172,0.8048151216968364
2050-11-30 09:00:00+00:00,0.5746224853221759,0.8050439991120254
2050-11-30 10:00:00+00:00,0.6284314413798708,0.8052731579742515
2050-11-30 11:00:00+00:00,0.6822387139551612,0.8055024804991472
2050-11-30 12:00:00+00:00,0.7360477693040043,0.8057319725586215
2050-11-30 13:00:00+00:00,0.7898557189202641,0.8059615483718555
2050-11-30 14:00:00+00:00,0.8306994452978324,0.8056613875930507
2050-11-30 15:00:00+00:00,0.8306994942183701,0.8049197491756491
2050-11-30 16:00:00+00:00,0.8306995477540713,0.8041779088572938
2050-11-30 17:00:00+00:00,0.8306996008404851,0.8034359149599527
2050-11-30 18:00:00+00:00,0.8306996536034289,0.8026937696127348
2050-11-30 19:00:00+00:00,0.8306997058573908,0.8019514540768334
2050-11-30 20:00:00+00:00,0.8306997570407552,0.8012089466934934
2050-11-30 21:00:00+00:00,0.8306998077174769,0.8004662473530793
2050-11-30 22:00:00+00:00,0.8306998578165664,0.7997234009797713
2050-11-30 23:00:00+00:00,0.8306999109501777,0.7989804203754725
2050-12-01 00:00:00+00:00,0.8306999631939238,0.7982373090530719
2050-12-01 01:00:00+00:00,0.8307000143800604,0.7974940736429302
2050-12-01 02:00:00+00:00,0.8307000650686458,0.7967507198828447
2050-12-01 03:00:00+00:00,0.830700114677311,0.7960072494805015
2050-12-01 04:00:00+00:00,0.8307001636341563,0.7952636563668073
2050-12-01 05:00:00+00:00,0.8307002120827676,0.7945199369089476
2050-12-01 06:00:00+00:00,0.8307002600862454,0.7937760854838289
2050-12-01 07:00:00+00:00,0.8307003076467391,0.7930321271648123
2050-12-01 08:00:00+00:00,0.8307004751920385,0.7922880694896984
2050-12-01 09:00:00+00:00,0.8774133743899496,0.7918626240744038
2050-12-01 10:00:00+00:00,0.9313259718311655,0.792090238122131
2050-12-01 11:00:00+00:00,0.9852385869416732,0.7923175967813136
2050-12-01 12:00:00+00:00,0.9999986246956091,0.7916068762591904
2050-12-01 13:00:00+00:00,0.9999989090488052,0.7908616973786616
2050-12-01 14:00:00+00:00,0.999999980606638,0.7901163115717632
2050-12-01 15:00:00+00:00,0.9996089914610666,0.7893707695663472
2050-12-01 16:00:00+00:00,0.947410734983662,0.7886251512956978
2050-12-01 17:00:00+00:00,0.9030043416202719,0.7878794787769065
2050-12-01 18:00:00+00:00,0.8628279250002849,0.7871337252182865
2050-12-01 19:00:00+00:00,0.8265144211276035,0.7863878782335753
2050-12-01 20:00:00+00:00,0.7982516057544117,0.785641939592337
2050-12-01 21:00:00+00:00,0.7854036294449172,0.7848959185637402
2050-12-01 22:00:00+00:00,0.7852671040065172,0.7841498603750879
2050-12-01 23:00:00+00:00,0.7851310083705952,0.7834037925558036
2050-12-02 00:00:00+00:00,0.7849951832210305,0.7826576954750453
2050-12-02 01:00:00+00:00,0.7848645143617156,0.7819115492246155
2050-12-02 02:00:00+00:00,0.7848641108714913,0.7811653609525745
2050-12-02 03:00:00+00:00,0.784863721153542,0.7804191325786504
2050-12-02 04:00:00+00:00,0.7847472329406808,0.7796728776054719
2050-12-02 05:00:00+00:00,0.7846138289442389,0.7789265885039891
2050-12-02 06:00:00+00:00,0.7844802683749906,0.7781802751613992
2050-12-02 07:00:00+00:00,0.7843471094886062,0.7774339178314329
2050-12-02 08:00:00+00:00,0.7843469006742549,0.7766875225630672
2050-12-02 09:00:00+00:00,0.7843466607727958,0.7759410895694899
2050-12-02 10:00:00+00:00,0.8382599699148542,0.7751946257558486
2050-12-02 11:00:00+00:00,0.8921732940374748,0.7744481861274791
2050-12-02 12:00:00+00:00,0.9460866177469224,0.7737018002670071
2050-12-02 13:00:00+00:00,0.9999999182969647,0.772955495521881
2050-12-02 14:00:00+00:00,0.9999998841354514,0.7722092301227348
2050-12-02 15:00:00+00:00,0.9819362872609252,0.7714629592654964
2050-12-02 16:00:00+00:00,0.9346147266959226,0.7707166425292016
2050-12-02 17:00:00+00:00,0.8882490080401126,0.7699702394870632
2050-12-02 18:00:00+00:00,0.8372397539478832,0.7692237787141152
2050-12-02 19:00:00+00:00,0.8004136988094523,0.7684772950023253
2050-12-02 20:00:00+00:00,0.768572320809961,0.7677307837891921
2050-12-02 21:00:00+00:00,0.7370270092819172,0.7669842397353005
2050-12-02 22:00:00+00:00,0.7080542231903295,0.7662376594652125
2050-12-02 23:00:00+00:00,0.6826110845554552,0.7654910424667734
2050-12-03 00:00:00+00:00,0.6572659866202077,0.7647443885721235
2050-12-03 01:00:00+00:00,0.63274322369039,0.7639976969368079
2050-12-03 02:00:00+00:00,0.6095811223922676,0.7632509677285403
2050-12-03 03:00:00+00:00,0.5870834524001857,0.7625042007682085
2050-12-03 04:00:00+00:00,0.5644976595666196,0.7617573934266643
2050-12-03 05:00:00+00:00,0.53716528306335,0.7610105425382183
2050-12-03 06:00:00+00:00,0.4654337695851943,0.7602636503806646
2050-12-03 07:00:00+00:00,0.3937017499651283,0.7595167229940574
2050-12-03 08:00:00+00:00,0.3937016079463811,0.7587697623145773
2050-12-03 09:00:00+00:00,0.44761433693905656,0.7580227734975871
2050-12-03 10:00:00+00:00,0.5015276739714769,0.7582478233514109
2050-12-03 11:00:00+00:00,0.5554410115138528,0.7584730109715865
2050-12-03 12:00:00+00:00,0.6093543489206313,0.7586984621698837
2050-12-03 13:00:00+00:00,0.6632676819356624,0.757952185877637
2050-12-03 14:00:00+00:00,0.6632675543973535,0.7572061661501086
2050-12-03 15:00:00+00:00,0.6494408848086786,0.756460258599339
2050-12-03 16:00:00+00:00,0.5776911894187117,0.755714323251926
2050-12-03 17:00:00+00:00,0.505941834855795,0.7549683492356024
2050-12-03 18:00:00+00:00,0.434192940774317,0.7542223348669399
2050-12-03 19:00:00+00:00,0.36244750659733604,0.7534762808766801
2050-12-03 20:00:00+00:00,0.3363954875792637,0.752730187763037
2050-12-03 21:00:00+00:00,0.31336751295801357,0.7519840552576095
2050-12-03 22:00:00+00:00,0.29333293593823134,0.7512378838408829
2050-12-03 23:00:00+00:00,0.2734767525392562,0.7504916739394044
2050-12-04 00:00:00+00:00,0.2532188447513813,0.7497454266207081
2050-12-04 01:00:00+00:00,0.23262008091494035,0.7489991416760445
2050-12-04 02:00:00+00:00,0.2117238934887583,0.7482528184046121
2050-12-04 03:00:00+00:00,0.18959026572969193,0.7475064551672734
2050-12-04 04:00:00+00:00,0.16561106307585713,0.7467600504200095
2050-12-04 05:00:00+00:00,0.13830221053600428,0.746013602833165
2050-12-04 06:00:00+00:00,0.0717466511804734,0.7452671136554335
2050-12-04 07:00:00+00:00,2.987211035901513e-08,0.7445205882729938
2050-12-04 08:00:00+00:00,1.1546666509501162e-07,0.7437740260190921
2050-12-04 09:00:00+00:00,1.1273342046068038e-07,0.7430274193437489
2050-12-04 10:00:00+00:00,0.05391324559197718,0.7422807946225491
2050-12-04 11:00:00+00:00,0.10782648258494194,0.7415343066419257
2050-12-04 12:00:00+00:00,0.16173971600584208,0.7407880231804044
2050-12-04 13:00:00+00:00,0.1617394277873827,0.7400420073877311
2050-12-04 14:00:00+00:00,0.1617391804423252,0.739296245575786
2050-12-04 15:00:00+00:00,0.15847714852716055,0.7385505837414796
2050-12-04 16:00:00+00:00,0.11877012399621767,0.7378048918827294
2050-12-04 17:00:00+00:00,0.11458611626841107,0.7370591615215576
2050-12-04 18:00:00+00:00,0.11081835572816989,0.736313394961613
2050-12-04 19:00:00+00:00,0.10712540591735827,0.7355675921775852
2050-12-04 20:00:00+00:00,0.1033819782570459,0.7348217524543704
2050-12-04 21:00:00+00:00,0.09952073952336968,0.734075874511617
2050-12-04 22:00:00+00:00,0.09555155043323792,0.7333299576022606
2050-12-04 23:00:00+00:00,0.0914686254326603,0.7325839993200302
2050-12-05 00:00:00+00:00,0.08723743878622023,0.7318379986312975
2050-12-05 01:00:00+00:00,0.08284642340340514,0.7310919571131556
2050-12-05 02:00:00+00:00,0.07826953232740641,0.7303458774928283
2050-12-05 03:00:00+00:00,0.07346629552904801,0.7295997625820793
2050-12-05 04:00:00+00:00,0.06836106513961006,0.7288536122791649
2050-12-05 05:00:00+00:00,0.0628012401368752,0.7281074262348504
2050-12-05 06:00:00+00:00,0.032884636088851546,0.7273612064253178
2050-12-05 07:00:00+00:00,4.318138782873156e-08,0.7266149540156863
2050-12-05 08:00:00+00:00,3.3961561632873656e-08,0.7258686701269945
2050-12-05 09:00:00+00:00,0.05370776532407058,0.7260943982325861
2050-12-05 10:00:00+00:00,0.10740892345185227,0.7263201032496513
2050-12-05 11:00:00+00:00,0.16126538312190103,0.7265458337699036
2050-12-05 12:00:00+00:00,0.21512145714617242,0.7267717028515479
2050-12-05 13:00:00+00:00,0.2689767874887745,0.7269977389594929
2050-12-05 14:00:00+00:00,0.32266157744650537,0.7272239132619727
2050-12-05 15:00:00+00:00,0.34470684132364293,0.7274501671934442
2050-12-05 16:00:00+00:00,0.3447071920239938,0.72767639933143
2050-12-05 17:00:00+00:00,0.3595564156020686,0.7279026194821729
2050-12-05 18:00:00+00:00,0.3868037481832149,0.7281288101654743
2050-12-05 19:00:00+00:00,0.4124079757539307,0.7283549790602222
2050-12-05 20:00:00+00:00,0.42369787974874107,0.7285811293393953
2050-12-05 21:00:00+00:00,0.4236982350316098,0.7288072402906569
2050-12-05 22:00:00+00:00,0.4236986263540284,0.7290333453094401
2050-12-05 23:00:00+00:00,0.45573201296317667,0.7292594716273358
2050-12-06 00:00:00+00:00,0.5094146611304236,0.7294856042872909
2050-12-06 01:00:00+00:00,0.5631014413811197,0.7297117501641848
2050-12-06 02:00:00+00:00,0.6167885759027658,0.7299379146314303
2050-12-06 03:00:00+00:00,0.670479475466178,0.7301640972019836
2050-12-06 04:00:00+00:00,0.670479861884773,0.7303902755530445
2050-12-06 05:00:00+00:00,0.6704802584938236,0.7306164621128747
2050-12-06 06:00:00+00:00,0.6704806553607008,0.7308426502713473
2050-12-06 07:00:00+00:00,0.6704810524168202,0.7310688594321134
2050-12-06 08:00:00+00:00,0.6770577692928113,0.7312951295764824
2050-12-06 09:00:00+00:00,0.7309127268464948,0.7315214398540288
2050-12-06 10:00:00+00:00,0.7847682275674013,0.7317477929102131
2050-12-06 11:00:00+00:00,0.8386206607679039,0.7319741991804704
2050-12-06 12:00:00+00:00,0.892473707608258,0.7322006545586808
2050-12-06 13:00:00+00:00,0.9463278459397844,0.732427190003682
2050-12-06 14:00:00+00:00,0.9999996770500685,0.7326538202444157
2050-12-06 15:00:00+00:00,0.9555423676896266,0.7319084348604865
2050-12-06 16:00:00+00:00,0.9060560113885398,0.731163006795589
2050-12-06 17:00:00+00:00,0.8343334171752328,0.7304175146480962
2050-12-06 18:00:00+00:00,0.7626090366433903,0.7296719442145084
2050-12-06 19:00:00+00:00,0.6908840776590109,0.7289262871474691
2050-12-06 20:00:00+00:00,0.6191589336312805,0.7281805343847225
2050-12-06 21:00:00+00:00,0.5474352898073905,0.7274346580171444
2050-12-06 22:00:00+00:00,0.5054754133131419,0.7266886209740442
2050-12-06 23:00:00+00:00,0.4664205300883842,0.7259423977841705
2050-12-07 00:00:00+00:00,0.42917278989150276,0.7251959598040377
2050-12-07 01:00:00+00:00,0.39214086853729674,0.7244492915952152
2050-12-07 02:00:00+00:00,0.35624955559992644,0.7237023981387651
2050-12-07 03:00:00+00:00,0.32144293489993886,0.722955246016899
2050-12-07 04:00:00+00:00,0.28624569358349733,0.7222077839884199
2050-12-07 05:00:00+00:00,0.24966128286255543,0.721459981714222
2050-12-07 06:00:00+00:00,0.2118239080351093,0.7207118391628686
2050-12-07 07:00:00+00:00,0.17365536252602196,0.7199633466015087
2050-12-07 08:00:00+00:00,0.1736554608300352,0.7192145021432318
2050-12-07 09:00:00+00:00,0.19292053143548504,0.7184652490555727
2050-12-07 10:00:00+00:00,0.246833581971367,0.7186875522602929
2050-12-07 11:00:00+00:00,0.30074662584713885,0.7189094248537544
2050-12-07 12:00:00+00:00,0.3546596698798462,0.71913096317319
2050-12-07 13:00:00+00:00,0.4085726253787506,0.7193522345704073
2050-12-07 14:00:00+00:00,0.4085727341934723,0.7186013788637361
2050-12-07 15:00:00+00:00,0.4085727597758652,0.7178504309823657
2050-12-07 16:00:00+00:00,0.40857279324752593,0.717099339870749
2050-12-07 17:00:00+00:00,0.4085728265088821,0.7163480744281715
2050-12-07 18:00:00+00:00,0.4085728592659545,0.7155966489884937
2050-12-07 19:00:00+00:00,0.4085728912998552,0.7148451210524641
2050-12-07 20:00:00+00:00,0.4085729230052241,0.7140935070800227
2050-12-07 21:00:00+00:00,0.40857295394164744,0.7133418157980919
2050-12-07 22:00:00+00:00,0.40857298432261185,0.7125900542825849
2050-12-07 23:00:00+00:00,0.40857301434883053,0.7118382326847782
2050-12-08 00:00:00+00:00,0.40857304428028807,0.7110863571674437
2050-12-08 01:00:00+00:00,0.4085730740035652,0.7103344318211814
2050-12-08 02:00:00+00:00,0.4085731036526018,0.7095824589686801
2050-12-08 03:00:00+00:00,0.40857313260699596,0.7088304381067014
2050-12-08 04:00:00+00:00,0.4085731612773958,0.708078368546649
2050-12-08 05:00:00+00:00,0.40857319016091126,0.7073262488488534
2050-12-08 06:00:00+00:00,0.40857321921754924,0.7065740781446745
2050-12-08 07:00:00+00:00,0.4085732484816247,0.7058218511529842
2050-12-08 08:00:00+00:00,0.4086952617863882,0.7050695667566146
2050-12-08 09:00:00+00:00,0.46260830960226484,0.7052892617485711
2050-12-08 10:00:00+00:00,0.5165214587767506,0.7055088967098927
2050-12-08 11:00:00+00:00,0.5704346772394003,0.7057285135702129
2050-12-08 12:00:00+00:00,0.6243478312589438,0.705948234480532
2050-12-08 13:00:00+00:00,0.6782608925323853,0.7061681228325892
2050-12-08 14:00:00+00:00,0.7304476664088766,0.7054161404178653
2050-12-08 15:00:00+00:00,0.7304477211467237,0.7046641805097619
2050-12-08 16:00:00+00:00,0.7304468833681808,0.7039121319150379
2050-12-08 17:00:00+00:00,0.7304460095195829,0.7031599830067288
2050-12-08 18:00:00+00:00,0.7304451260917209,0.7024077781289837
2050-12-08 19:00:00+00:00,0.7304442538013227,0.7016555124813516
2050-12-08 20:00:00+00:00,0.730443393294016,0.7009031936569129
2050-12-08 21:00:00+00:00,0.7304425426522781,0.7001508255081464
2050-12-08 22:00:00+00:00,0.7304417065037794,0.6993983693427028
2050-12-08 23:00:00+00:00,0.7304408823550644,0.6986458095578373
2050-12-09 00:00:00+00:00,0.7304400695497127,0.6978931719782296
2050-12-09 01:00:00+00:00,0.7304392671117443,0.6971404821338877
2050-12-09 02:00:00+00:00,0.730438474508251,0.6963877353439019
2050-12-09 03:00:00+00:00,0.7304376910564792,0.6956349284058525
2050-12-09 04:00:00+00:00,0.7304369142473344,0.6948820494302775
2050-12-09 05:00:00+00:00,0.7304361416889523,0.6941291083594113
2050-12-09 06:00:00+00:00,0.7304353720383135,0.6933760961417663
2050-12-09 07:00:00+00:00,0.7304346113934849,0.6926230263984461
2050-12-09 08:00:00+00:00,0.7304341579844108,0.6918698930929863
2050-12-09 09:00:00+00:00,0.7843472007986316,0.6920887386620895
2050-12-09 10:00:00+00:00,0.8382603638857954,0.6923075047449383
2050-12-09 11:00:00+00:00,0.892173582248205,0.6925262094781203
2050-12-09 12:00:00+00:00,0.9460868017192354,0.6927449639063153
2050-12-09 13:00:00+00:00,0.9999998681814155,0.6929638212947022
2050-12-09 14:00:00+00:00,0.9999999786191438,0.6922107461470531
2050-12-09 15:00:00+00:00,0.9483948513719623,0.6914576725100225
2050-12-09 16:00:00+00:00,0.8766273769901725,0.690704524250989
2050-12-09 17:00:00+00:00,0.8048632840345119,0.6899513043221701
2050-12-09 18:00:00+00:00,0.733101266394367,0.6891980137763765
2050-12-09 19:00:00+00:00,0.6746010677053693,0.6884446553218659
2050-12-09 20:00:00+00:00,0.6203833387698438,0.6876912334511847
2050-12-09 21:00:00+00:00,0.565602175092399,0.6869377554710878
2050-12-09 22:00:00+00:00,0.5108741880944252,0.6861842246072627
2050-12-09 23:00:00+00:00,0.457598207961207,0.6854306409027556
2050-12-10 00:00:00+00:00,0.40480119166295286,0.6846770055507005
2050-12-10 01:00:00+00:00,0.352290179394711,0.6839233191392613
2050-12-10 02:00:00+00:00,0.300006732775906,0.6831695812128012
2050-12-10 03:00:00+00:00,0.24802111067733018,0.6824157914902557
2050-12-10 04:00:00+00:00,0.1950256995865381,0.6816619503629981
2050-12-10 05:00:00+00:00,0.13981778798289513,0.6809080579165586
2050-12-10 06:00:00+00:00,0.07174254387777167,0.6801541136035721
2050-12-10 07:00:00+00:00,8.067082531338847e-07,0.6794001173993794
2050-12-10 08:00:00+00:00,2.6042673148911e-08,0.6786460699460264
2050-12-10 09:00:00+00:00,0.053913263018260625,0.6778919698662162
2050-12-10 10:00:00+00:00,0.10782655684068874,0.6781098423725874
2050-12-10 11:00:00+00:00,0.1617398493012789,0.6783276115958499
2050-12-10 12:00:00+00:00,0.21565314341335967,0.6785452929192158
2050-12-10 13:00:00+00:00,0.2695664331717504,0.6787629215095097
2050-12-10 14:00:00+00:00,0.26956616442360926,0.6780084553817652
2050-12-10 15:00:00+00:00,0.2694260750423502,0.6772539108248764
2050-12-10 16:00:00+00:00,0.23607541596542073,0.6764993144440935
2050-12-10 17:00:00+00:00,0.2020747502640266,0.6757446647920555
2050-12-10 18:00:00+00:00,0.16734288455760177,0.6749899624677402
2050-12-10 19:00:00+00:00,0.14950872257941505,0.6742352087756418
2050-12-10 20:00:00+00:00,0.14936717091813792,0.6734804029890522
2050-12-10 21:00:00+00:00,0.14922554819756337,0.6727255445671075
2050-12-10 22:00:00+00:00,0.1490842481619509,0.6719706330285695
2050-12-10 23:00:00+00:00,0.14894313120000752,0.6712156687388984
2050-12-11 00:00:00+00:00,0.1488022064950237,0.6704606517197522
2050-12-11 01:00:00+00:00,0.14866130839043956,0.6697055821229703
2050-12-11 02:00:00+00:00,0.14852033520918242,0.6689504599791104
2050-12-11 03:00:00+00:00,0.14837888163644614,0.6681952836425726
2050-12-11 04:00:00+00:00,0.14823794869892687,0.6674400536380655
2050-12-11 05:00:00+00:00,0.14809772927475404,0.6666847700120663
2050-12-11 06:00:00+00:00,0.14795841461511325,0.6659294329032069
2050-12-11 07:00:00+00:00,0.14782092220420892,0.6651740434723187
2050-12-11 08:00:00+00:00,0.14782097886006865,0.6644186003758722
2050-12-11 09:00:00+00:00,0.20173427177060527,0.6646351495892155
2050-12-11 10:00:00+00:00,0.2556475653883038,0.6648516335858261
2050-12-11 11:00:00+00:00,0.30956086429441154,0.6650680352986853
2050-12-11 12:00:00+00:00,0.36347415992446885,0.6652844385054363
2050-12-11 13:00:00+00:00,0.41738745270993766,0.6655008519842758
2050-12-11 14:00:00+00:00,0.4173875065825488,0.6647451761609948
2050-12-11 15:00:00+00:00,0.41395556574871295,0.6639894606451701
2050-12-11 16:00:00+00:00,0.39176907636725944,0.6632336970842876
2050-12-11 17:00:00+00:00,0.3877939991598665,0.6624778805704886
2050-12-11 18:00:00+00:00,0.38386476527149405,0.6617220085393989
2050-12-11 19:00:00+00:00,0.3799603412747198,0.6609660788406644
2050-12-11 20:00:00+00:00,0.3760663465034617,0.6602100930075239
2050-12-11 21:00:00+00:00,0.3721401952423914,0.6594540506367403
2050-12-11 22:00:00+00:00,0.3682089799880259,0.658697951069864
2050-12-11 23:00:00+00:00,0.36426573707750964,0.6579417942703513
2050-12-12 00:00:00+00:00,0.36028888855527386,0.6571855807892371
2050-12-12 01:00:00+00:00,0.35629287934439346,0.6564293114575624
2050-12-12 02:00:00+00:00,0.3522762496950033,0.655672983509366
2050-12-12 03:00:00+00:00,0.3482375850210902,0.6549165959321933
2050-12-12 04:00:00+00:00,0.3441609952302232,0.6541601497284061
2050-12-12 05:00:00+00:00,0.33988195468758026,0.6534036467892999
2050-12-12 06:00:00+00:00,0.268191637225673,0.6526470858273236
2050-12-12 07:00:00+00:00,0.19649814460369372,0.6518904609309845
2050-12-12 08:00:00+00:00,0.19167250406199354,0.6511337713306503
2050-12-12 09:00:00+00:00,0.1916723461069783,0.6503770175349742
2050-12-12 10:00:00+00:00,0.19167201214652177,0.6496201948365546
2050-12-12 11:00:00+00:00,0.24558524420841163,0.6488633696629336
2050-12-12 12:00:00+00:00,0.2994984674414071,0.648106574719977
2050-12-12 13:00:00+00:00,0.29949876988063284,0.6473498281356838
2050-12-12 14:00:00+00:00,0.2994984300647281,0.646593124107896
2050-12-12 15:00:00+00:00,0.2951955067289578,0.6458363999678928
2050-12-12 16:00:00+00:00,0.22348928056981293,0.6450795934227955
2050-12-12 17:00:00+00:00,0.15944704994401276,0.6443227191689725
2050-12-12 18:00:00+00:00,0.12502189825216053,0.643565775775258
2050-12-12 19:00:00+00:00,0.11993133095871188,0.642808754770819
2050-12-12 20:00:00+00:00,0.11504484562089118,0.6420516541782758
2050-12-12 21:00:00+00:00,0.10998534929938086,0.6412944778743199
2050-12-12 22:00:00+00:00,0.10482733080145479,0.6405372094209297
2050-12-12 23:00:00+00:00,0.09951009930468904,0.6397798374980856
2050-12-13 00:00:00+00:00,0.0939819373844694,0.6390223583644672
2050-12-13 01:00:00+00:00,0.088219827621705,0.6382647635847751
2050-12-13 02:00:00+00:00,0.08219306509435913,0.6375070455868586
2050-12-13 03:00:00+00:00,0.07583555977639302,0.6367492053676543
2050-12-13 04:00:00+00:00,0.06902767587508721,0.6359912477484005
2050-12-13 05:00:00+00:00,0.061508822290742456,0.6352331789891651
2050-12-13 06:00:00+00:00,0.04224216889971631,0.6344750056760291
2050-12-13 07:00:00+00:00,4.0644108625900563e-07,0.6337167048701849
2050-12-13 08:00:00+00:00,1.6251164240039723e-07,0.6329582612943591
2050-12-13 09:00:00+00:00,1.1509619320825502e-06,0.6321996819607358
2050-12-13 10:00:00+00:00,1.6037095773882906e-06,0.6314409593346129
2050-12-13 11:00:00+00:00,1.8681830978698515e-06,0.6306821698424506
2050-12-13 12:00:00+00:00,2.1352688007657513e-06,0.6299234172071524
2050-12-13 13:00:00+00:00,2.351560085508535e-06,0.6291646642825383
2050-12-13 14:00:00+00:00,2.5095194045669843e-06,0.6284059102308146
2050-12-13 15:00:00+00:00,2.548699449481582e-06,0.627647118295809
2050-12-13 16:00:00+00:00,2.571537787572494e-06,0.6268882695773166
2050-12-13 17:00:00+00:00,2.579831141773512e-06,0.6261293702740355
2050-12-13 18:00:00+00:00,2.573359295482954e-06,0.6253704338246036
2050-12-13 19:00:00+00:00,2.5521322631867224e-06,0.6246114599327168
2050-12-13 20:00:00+00:00,2.515889078055815e-06,0.6238524752661161
2050-12-13 21:00:00+00:00,2.463427342714193e-06,0.6230935054654161
2050-12-13 22:00:00+00:00,2.3942073983133254e-06,0.6223345784383952
2050-12-13 23:00:00+00:00,2.305476130139769e-06,0.6215756927320404
2050-12-14 00:00:00+00:00,2.1931176094703198e-06,0.6208168647357565
2050-12-14 01:00:00+00:00,2.0537833786463067e-06,0.6200581157963928
2050-12-14 02:00:00+00:00,1.9837647976715553e-06,0.6192994629613071
2050-12-14 03:00:00+00:00,1.8848229287874657e-06,0.618540914182961
2050-12-14 04:00:00+00:00,1.7632478973838846e-06,0.6177824922448009
2050-12-14 05:00:00+00:00,1.6084538080957294e-06,0.6170242052191177
2050-12-14 06:00:00+00:00,1.1305154153396201e-06,0.6162660397346011
2050-12-14 07:00:00+00:00,2.0909800468558243e-07,0.6155079591998595
2050-12-14 08:00:00+00:00,1.2217205644154902e-07,0.615519369668301
2050-12-14 09:00:00+00:00,1.3608839376515632e-06,0.6157335011620839
2050-12-14 10:00:00+00:00,1.9041237479526187e-06,0.6159477132873655
2050-12-14 11:00:00+00:00,2.25243137229715e-06,0.6161620108449121
2050-12-14 12:00:00+00:00,2.4951945838045536e-06,0.6163763929342457
2050-12-14 13:00:00+00:00,2.6770904953473725e-06,0.6165908548131777
2050-12-14 14:00:00+00:00,2.8118488532809837e-06,0.6168053575145745
2050-12-14 15:00:00+00:00,2.7521316503540133e-06,0.6170198590272425
2050-12-14 16:00:00+00:00,2.644939421290081e-06,0.6172343053367221
2050-12-14 17:00:00+00:00,2.480239292593983e-06,0.6174486947083394
2050-12-14 18:00:00+00:00,2.251334297862634e-06,0.6176630264213516
2050-12-14 19:00:00+00:00,1.941578693685381e-06,0.6178773026400607
2050-12-14 20:00:00+00:00,1.508760540994335e-06,0.6180915233585262
2050-12-14 21:00:00+00:00,8.397354131902778e-07,0.6183056881117002
2050-12-14 22:00:00+00:00,1.5700381655414053e-06,0.618519796858766
2050-12-14 23:00:00+00:00,0.003731239567919489,0.6187338497128856
2050-12-15 00:00:00+00:00,0.005914023088017085,0.6189478484589811
2050-12-15 01:00:00+00:00,0.00764354764427249,0.619161795882836
2050-12-15 02:00:00+00:00,0.009130237908372783,0.6193756965219303
2050-12-15 03:00:00+00:00,0.01045340817441025,0.6195895522394844
2050-12-15 04:00:00+00:00,0.011654574629890052,0.6198033570565574
2050-12-15 05:00:00+00:00,0.01275328835737495,0.6200171072041264
2050-12-15 06:00:00+00:00,0.013761440723166578,0.6202308052276914
2050-12-15 07:00:00+00:00,0.013762359298649515,0.6204444476696163
2050-12-15 08:00:00+00:00,0.035262191639144576,0.6206580355641935
2050-12-15 09:00:00+00:00,0.0891744569629595,0.6208715672378013
2050-12-15 10:00:00+00:00,0.14308702988191077,0.6210850635403148
2050-12-15 11:00:00+00:00,0.1970001055203205,0.6212986504871625
2050-12-15 12:00:00+00:00,0.2509125579047257,0.621512329922125
2050-12-15 13:00:00+00:00,0.30482483850568765,0.6217260696921908
2050-12-15 14:00:00+00:00,0.3587370876333396,0.6219398669300747
2050-12-15 15:00:00+00:00,0.35958065654973953,0.6221536792946872
2050-12-15 16:00:00+00:00,0.3604021385645042,0.6223674592008923
2050-12-15 17:00:00+00:00,0.3612253906435858,0.6225811829307438
2050-12-15 18:00:00+00:00,0.36205045472684944,0.6227948502500454
2050-12-15 19:00:00+00:00,0.362877570528376,0.6230084592990426
2050-12-15 20:00:00+00:00,0.36370871270089644,0.6232220106017308
2050-12-15 21:00:00+00:00,0.3645438648044507,0.6234355020539867
2050-12-15 22:00:00+00:00,0.36538310344383934,0.6236489348004467
2050-12-15 23:00:00+00:00,0.36623053340052786,0.6238623084764562
2050-12-16 00:00:00+00:00,0.3670958465518174,0.6240756235801931
2050-12-16 01:00:00+00:00,0.3679681062226894,0.6242888810077105
2050-12-16 02:00:00+00:00,0.3688235893770627,0.6245020798378752
2050-12-16 03:00:00+00:00,0.36966313700117676,0.6247152207850785
2050-12-16 04:00:00+00:00,0.3705003427132389,0.6249283033013675
2050-12-16 05:00:00+00:00,0.37133147216279516,0.6251413276722824
2050-12-16 06:00:00+00:00,0.3721650586365955,0.6253542951563961
2050-12-16 07:00:00+00:00,0.37300048369227595,0.6255672072640666
2050-12-16 08:00:00+00:00,0.4259515119307654,0.6257800638568458
2050-12-16 09:00:00+00:00,0.4798646442327415,0.6259928652407972
2050-12-16 10:00:00+00:00,0.533777845084992,0.6262056363333005
2050-12-16 11:00:00+00:00,0.5876911038779268,0.6264184272404406
2050-12-16 12:00:00+00:00,0.6416042312480753,0.6266311911640031
2050-12-16 13:00:00+00:00,0.6955166350576157,0.6268438768091099
2050-12-16 14:00:00+00:00,0.7494288667127286,0.6270564958596758
2050-12-16 15:00:00+00:00,0.7502404773385155,0.627269082645045
2050-12-16 16:00:00+00:00,0.7502559786842761,0.627481635177203
2050-12-16 17:00:00+00:00,0.7502714897129719,0.6276941387043083
2050-12-16 18:00:00+00:00,0.7502868529208225,0.6279065928625907
2050-12-16 19:00:00+00:00,0.7503019850648862,0.6281189967908744
2050-12-16 20:00:00+00:00,0.750317782845007,0.6283313507356177
2050-12-16 21:00:00+00:00,0.7503447650920109,0.6285436590271479
2050-12-16 22:00:00+00:00,0.7503680029270241,0.6287559264361132
2050-12-16 23:00:00+00:00,0.7503884881075106,0.6289681608438134
2050-12-17 00:00:00+00:00,0.7504068374334565,0.629180354042223
2050-12-17 01:00:00+00:00,0.7504234560981891,0.6293925040900846
2050-12-17 02:00:00+00:00,0.7504386159184386,0.6296046125601953
2050-12-17 03:00:00+00:00,0.7504536652134647,0.6298166823243253
2050-12-17 04:00:00+00:00,0.7504689512204973,0.6300287136778455
2050-12-17 05:00:00+00:00,0.7504842072471656,0.6302407060893791
2050-12-17 06:00:00+00:00,0.7504994276485477,0.6304526601726411
2050-12-17 07:00:00+00:00,0.7505146048613683,0.630664590178126
2050-12-17 08:00:00+00:00,0.7505296768624108,0.6308764958706623
2050-12-17 09:00:00+00:00,0.8044419310806553,0.6310883767528926
2050-12-17 10:00:00+00:00,0.8583541701664184,0.6313002327606062
2050-12-17 11:00:00+00:00,0.9122663808619584,0.6315120271613439
2050-12-17 12:00:00+00:00,0.966178584472182,0.6317236750475356
2050-12-17 13:00:00+00:00,0.9999860325944858,0.6319351463233441
2050-12-17 14:00:00+00:00,0.9999999348036425,0.6321464965992976
2050-12-17 15:00:00+00:00,0.9282669758528425,0.6322238528751383
2050-12-17 16:00:00+00:00,0.8565330315003712,0.6321868287789574
2050-12-17 17:00:00+00:00,0.7848003489908827,0.6321628027138162
2050-12-17 18:00:00+00:00,0.7130684043174356,0.6321404230017009
2050-12-17 19:00:00+00:00,0.641337403794426,0.6321562780571588
2050-12-17 20:00:00+00:00,0.5827001996628065,0.6323663586286836
2050-12-17 21:00:00+00:00,0.5264937866335065,0.6325763883803346
2050-12-17 22:00:00+00:00,0.4719552573042215,0.6327863559897761
2050-12-17 23:00:00+00:00,0.4181979542775155,0.6329962561922796
2050-12-18 00:00:00+00:00,0.3647357550304581,0.6332060967102979
2050-12-18 01:00:00+00:00,0.31127897754254336,0.6334158864225066
2050-12-18 02:00:00+00:00,0.2853262209951727,0.6336256240425864
2050-12-18 03:00:00+00:00,0.23380046962164186,0.6338353237021466
2050-12-18 04:00:00+00:00,0.1786891218188653,0.6340450257571872
2050-12-18 05:00:00+00:00,0.12172847968683756,0.6342547036820345
2050-12-18 06:00:00+00:00,0.0613180598877035,0.6344643398721164
2050-12-18 07:00:00+00:00,1.0978920227007793e-07,0.6346739508048778
2050-12-18 08:00:00+00:00,2.0832748343065004e-07,0.6348845342355273
2050-12-18 09:00:00+00:00,1.3648712020672166e-05,0.6350950863453153
2050-12-18 10:00:00+00:00,1.9656335740200377e-05,0.6353056360753531
2050-12-18 11:00:00+00:00,2.430487323004478e-05,0.6355161450826151
2050-12-18 12:00:00+00:00,2.8112646068591937e-05,0.6357265922879071
2050-12-18 13:00:00+00:00,3.1408205213991255e-05,0.6359369685688325
2050-12-18 14:00:00+00:00,3.4306882563646385e-05,0.6361473258799595
2050-12-18 15:00:00+00:00,3.48842402264212e-05,0.6363576856778459
2050-12-18 16:00:00+00:00,3.537251846907157e-05,0.636568101063377
2050-12-18 17:00:00+00:00,3.776198529700006e-05,0.6367785785503394
2050-12-18 18:00:00+00:00,4.001013047783143e-05,0.6369890679201953
2050-12-18 19:00:00+00:00,4.211527034238157e-05,0.6371995671856888
2050-12-18 20:00:00+00:00,4.4084130155994564e-05,0.6374101558848199
2050-12-18 21:00:00+00:00,4.595997342034767e-05,0.6376208534617116
2050-12-18 22:00:00+00:00,4.775770587637835e-05,0.637831595472819
2050-12-18 23:00:00+00:00,4.948856532875393e-05,0.638042404599135
2050-12-19 00:00:00+00:00,5.115939400988621e-05,0.6382533200095661
2050-12-19 01:00:00+00:00,5.277688809518108e-05,0.6384644197504341
2050-12-19 02:00:00+00:00,5.434666552711562e-05,0.6386758106135509
2050-12-19 03:00:00+00:00,5.587471561682814e-05,0.6388875868595304
2050-12-19 04:00:00+00:00,5.736725321953467e-05,0.6391000035314903
2050-12-19 05:00:00+00:00,5.8833265648314616e-05,0.6393133047125612
2050-12-19 06:00:00+00:00,6.026002850632412e-05,0.6395277050918093
2050-12-19 07:00:00+00:00,6.165349056500256e-05,0.6397433858955947
2050-12-19 08:00:00+00:00,6.301574274254622e-05,0.6399604800236222
2050-12-19 09:00:00+00:00,6.433398221912989e-05,0.6401791766038518
2050-12-19 10:00:00+00:00,6.563207401105901e-05,0.6403996366110258
2050-12-19 11:00:00+00:00,6.689807666467196e-05,0.6406217659334212
2050-12-19 12:00:00+00:00,6.814931666767005e-05,0.6408455859092632
2050-12-19 13:00:00+00:00,6.93568832396063e-05,0.6410710912832955
2050-12-19 14:00:00+00:00,6.958311143821719e-05,0.6412984254292364
2050-12-19 15:00:00+00:00,6.967903392945383e-05,0.6415278440629139
2050-12-19 16:00:00+00:00,6.977201946679585e-05,0.6417596147249637
2050-12-19 17:00:00+00:00,6.986343075862388e-05,0.6419936575527083
2050-12-19 18:00:00+00:00,6.99525029745643e-05,0.6422296957286058
2050-12-19 19:00:00+00:00,7.004170404066972e-05,0.6424682072748599
2050-12-19 20:00:00+00:00,7.012956605634725e-05,0.6427094056253302
2050-12-19 21:00:00+00:00,7.021514359339739e-05,0.6429535175482193
2050-12-19 22:00:00+00:00,7.029846806720038e-05,0.6432004530496468
2050-12-19 23:00:00+00:00,7.037787647270405e-05,0.6434500813329118
2050-12-20 00:00:00+00:00,7.045613027211394e-05,0.6437024965817247
2050-12-20 01:00:00+00:00,7.05322707174236e-05,0.6439578449096076
2050-12-20 02:00:00+00:00,7.060578763651754e-05,0.6442161932639383
2050-12-20 03:00:00+00:00,7.067901690703776e-05,0.6444774771849806
2050-12-20 04:00:00+00:00,7.074979875624861e-05,0.6447415471428272
2050-12-20 05:00:00+00:00,7.081838323784254e-05,0.645007712832344
2050-12-20 06:00:00+00:00,7.088459665864666e-05,0.6452754066826184
2050-12-20 07:00:00+00:00,7.094908454894649e-05,0.6455441411827493
2050-12-20 08:00:00+00:00,7.10120051470006e-05,0.6458137794483729
2050-12-20 09:00:00+00:00,7.198723788775832e-05,0.6460842275166108
2050-12-20 10:00:00+00:00,7.54215329851183e-05,0.6463554422585767
2050-12-20 11:00:00+00:00,7.872122105687922e-05,0.6466272637613844
2050-12-20 12:00:00+00:00,8.189538491586631e-05,0.6468994955592209
2050-12-20 13:00:00+00:00,8.487675213150335e-05,0.647172036660834
2050-12-20 14:00:00+00:00,8.568295399622267e-05,0.6474447797347587
2050-12-20 15:00:00+00:00,8.627393123542163e-05,0.6477177170426596
2050-12-20 16:00:00+00:00,8.685887442821277e-05,0.6479908115936244
2050-12-20 17:00:00+00:00,8.74286747066792e-05,0.6482639922490165
2050-12-20 18:00:00+00:00,8.799303426424255e-05,0.6485371853234326
2050-12-20 19:00:00+00:00,8.855160021343672e-05,0.6488105211035449
2050-12-20 20:00:00+00:00,8.910412199859633e-05,0.649083888315684
2050-12-20 21:00:00+00:00,8.965066523435402e-05,0.6493572166035154
2050-12-20 22:00:00+00:00,9.019099370408998e-05,0.6496304495290252
2050-12-20 23:00:00+00:00,9.072572783609548e-05,0.64990356744072
2050-12-21 00:00:00+00:00,9.125474169187865e-05,0.6501765980703709
2050-12-21 01:00:00+00:00,9.177785082394987e-05,0.6504495395528137
2050-12-21 02:00:00+00:00,9.229544794355956e-05,0.6507223526623307
2050-12-21 03:00:00+00:00,9.280713892520792e-05,0.6509949821332726
2050-12-21 04:00:00+00:00,9.331312008006489e-05,0.6512673986715051
2050-12-21 05:00:00+00:00,9.398713792505046e-05,0.6515395986837514
2050-12-21 06:00:00+00:00,9.465524434148218e-05,0.651811595400014
2050-12-21 07:00:00+00:00,9.531767369967794e-05,0.6520834484496575
2050-12-21 08:00:00+00:00,9.59668753132553e-05,0.6523551535902129
2050-12-21 09:00:00+00:00,9.954632409172908e-05,0.6526267455339022
2050-12-21 10:00:00+00:00,0.00010310690163972956,0.6528983585310592
2050-12-21 11:00:00+00:00,0.0001065467960347212,0.65317010756488
2050-12-21 12:00:00+00:00,0.0001098831616634013,0.6534420057971944
2050-12-21 13:00:00+00:00,0.00011302694771361766,0.6537139972509158
2050-12-21 14:00:00+00:00,0.00011618461988525222,0.6539860705988235
2050-12-21 15:00:00+00:00,0.0001167806377199684,0.6542581905895742
2050-12-21 16:00:00+00:00,0.00011736764098960596,0.6545303256004984
2050-12-21 17:00:00+00:00,0.00011794935135401221,0.6548024611028784
2050-12-21 18:00:00+00:00,0.00011852612710351388,0.655074599304415
2050-12-21 19:00:00+00:00,0.00011909920023140305,0.6553467486348133
2050-12-21 20:00:00+00:00,0.00011967310455807027,0.6556189218943959
2050-12-21 21:00:00+00:00,0.0001202406775418294,0.6558911446386061
2050-12-21 22:00:00+00:00,0.0001208076098905603,0.6561634678044724
2050-12-21 23:00:00+00:00,0.0001213728558571802,0.6564359333986655
2050-12-22 00:00:00+00:00,0.0001219288607402895,0.6567086139380649
2050-12-22 01:00:00+00:00,0.00012244588371902672,0.656981564568765
2050-12-22 02:00:00+00:00,0.00012493005098632707,0.6572547080340292
2050-12-22 03:00:00+00:00,0.0001255043049522188,0.6575280424744797
2050-12-22 04:00:00+00:00,0.0001260429060709779,0.657801545803999
2050-12-22 05:00:00+00:00,0.00012658057136125613,0.658075199163327
2050-12-22 06:00:00+00:00,0.00012711613980925305,0.6583490506694376
2050-12-22 07:00:00+00:00,0.00012764846440298965,0.6586231182881183
2050-12-22 08:00:00+00:00,0.00012978102480979567,0.6588974179062426
2050-12-22 09:00:00+00:00,0.00013188519268100577,0.6591720632971538
2050-12-22 10:00:00+00:00,0.00013393258551910232,0.6594470642060288
2050-12-22 11:00:00+00:00,0.00013606095159388154,0.6597223640257286
2050-12-22 12:00:00+00:00,0.0001380248570523055,0.6599979259552107
2050-12-22 13:00:00+00:00,0.00014000400585611415,0.660273660850369
2050-12-22 14:00:00+00:00,0.00014193390502974316,0.6605494717923908
2050-12-22 15:00:00+00:00,0.00014390771592634723,0.6608254158842903
2050-12-22 16:00:00+00:00,0.00014440055596802247,0.6611014566018347
2050-12-22 17:00:00+00:00,0.00014488799314494574,0.661377580005973
2050-12-22 18:00:00+00:00,0.00014537099386094816,0.6616538076524917
2050-12-22 19:00:00+00:00,0.0001458496625259997,0.6619301061850337
2050-12-22 20:00:00+00:00,0.00014633147459123464,0.6622064702947921
2050-12-22 21:00:00+00:00,0.00014680841132983918,0.66248295367975
2050-12-22 22:00:00+00:00,0.00014728154777524997,0.6627595765872036
2050-12-22 23:00:00+00:00,0.00014775278243191574,0.6630363557543476
2050-12-23 00:00:00+00:00,0.00014822140456826856,0.6633132961448743
2050-12-23 01:00:00+00:00,0.00014868736792943488,0.663590361809899
2050-12-23 02:00:00+00:00,0.00014915086428467906,0.6638675191692766
2050-12-23 03:00:00+00:00,0.00014961192784905997,0.6641447481176613
2050-12-23 04:00:00+00:00,0.00015006986432287997,0.6644220301295535
2050-12-23 05:00:00+00:00,0.00015052436539547437,0.6646993602878744
2050-12-23 06:00:00+00:00,0.0001509766593465026,0.6649766989738244
2050-12-23 07:00:00+00:00,0.00015142761282188236,0.6652540478077493
2050-12-23 08:00:00+00:00,0.00015186495425945787,0.6655313831341902
2050-12-23 09:00:00+00:00,0.05397614814531319,0.6658087014105624
2050-12-23 10:00:00+00:00,0.10788823125190546,0.6660860038713234
2050-12-23 11:00:00+00:00,0.16180128872705676,0.6663632420867684
2050-12-23 12:00:00+00:00,0.21571337238640262,0.6666403958663413
2050-12-23 13:00:00+00:00,0.2695328488968582,0.6669174537591144
2050-12-23 14:00:00+00:00,0.3150041356415284,0.6671943852810103
2050-12-23 15:00:00+00:00,0.34111001399870705,0.6674712441612473
2050-12-23 16:00:00+00:00,0.34111087835531995,0.6677480939948005
2050-12-23 17:00:00+00:00,0.3411117435951943,0.6680249433924159
2050-12-23 18:00:00+00:00,0.3411126068019127,0.6683018276534869
2050-12-23 19:00:00+00:00,0.34111345128334536,0.6685788112185359
2050-12-23 20:00:00+00:00,0.3411143206062287,0.6688559228981018
2050-12-23 21:00:00+00:00,0.341115183373487,0.669133093165466
2050-12-23 22:00:00+00:00,0.34111591597619606,0.6694103740177295
2050-12-23 23:00:00+00:00,0.3426870833499588,0.6696878220510195
2050-12-24 00:00:00+00:00,0.3636652993169484,0.6699656041316683
2050-12-24 01:00:00+00:00,0.3987596421020724,0.6702439656347263
2050-12-24 02:00:00+00:00,0.4377042407416733,0.6705230676897288
2050-12-24 03:00:00+00:00,0.46738811969525856,0.670802822662169
2050-12-24 04:00:00+00:00,0.46744321620600543,0.6710834884337463
2050-12-24 05:00:00+00:00,0.46749520565818925,0.6713652014253317
2050-12-24 06:00:00+00:00,0.5021813732778876,0.6716479764872371
2050-12-24 07:00:00+00:00,0.5413725166115876,0.6719319569559362
2050-12-24 08:00:00+00:00,0.5810544650956705,0.672217338773935
2050-12-24 09:00:00+00:00,0.6216679050526521,0.6725040344610399
2050-12-24 10:00:00+00:00,0.6624442751025826,0.6727922684863406
2050-12-24 11:00:00+00:00,0.7032902848400212,0.673082009543885
2050-12-24 12:00:00+00:00,0.7440891152094323,0.6733732446057764
2050-12-24 13:00:00+00:00,0.7845914631390843,0.6736658368458734
2050-12-24 14:00:00+00:00,0.8244784878296796,0.6739598030499565
2050-12-24 15:00:00+00:00,0.8628703713342362,0.6742553070891264
2050-12-24 16:00:00+00:00,0.8875992069564024,0.6745523010855382
2050-12-24 17:00:00+00:00,0.9030094328211228,0.6748507579071825
2050-12-24 18:00:00+00:00,0.9127358921784626,0.6751507517690867
2050-12-24 19:00:00+00:00,0.9270329411589516,0.6754531597560113
2050-12-24 20:00:00+00:00,0.952482852401275,0.6757579741449472
2050-12-24 21:00:00+00:00,0.9561677628899358,0.6760658610323337
2050-12-24 22:00:00+00:00,0.9625001717300176,0.6763769335817392
2050-12-24 23:00:00+00:00,0.9734786253643488,0.6766914229886313
2050-12-25 00:00:00+00:00,0.990011313794223,0.6770094749289962
2050-12-25 01:00:00+00:00,0.9999621456439479,0.6773313634239646
2050-12-25 02:00:00+00:00,0.9999647522256822,0.677658110582642
2050-12-25 03:00:00+00:00,0.9999652074722583,0.677990531047259
2050-12-25 04:00:00+00:00,0.9999656897470066,0.6783287330680156
2050-12-25 05:00:00+00:00,0.9999661873506899,0.6786719156463653
2050-12-25 06:00:00+00:00,0.9999666954150814,0.6790206742333866
2050-12-25 07:00:00+00:00,0.9999672177285537,0.6793772012154226
2050-12-25 08:00:00+00:00,0.9999677537783154,0.6797420762659739
2050-12-25 09:00:00+00:00,0.9999683024229954,0.6801170784056868
2050-12-25 10:00:00+00:00,0.9999710603384001,0.680503989549453
2050-12-25 11:00:00+00:00,0.9999741069481576,0.6809040188309471
2050-12-25 12:00:00+00:00,0.9999775617459087,0.6813141339929201
2050-12-25 13:00:00+00:00,0.9999817107074915,0.6817313888924645
2050-12-25 14:00:00+00:00,0.9999818713756701,0.6821524885403639
2050-12-25 15:00:00+00:00,0.9997028078869336,0.6825759583975927
2050-12-25 16:00:00+00:00,0.9387334308785199,0.6830016051442962
2050-12-25 17:00:00+00:00,0.8788710208721767,0.6834298285455459
2050-12-25 18:00:00+00:00,0.8198983434261263,0.6838610194987507
2050-12-25 19:00:00+00:00,0.7762933189799162,0.6842970664539005
2050-12-25 20:00:00+00:00,0.7761506211015764,0.6847386259155097
2050-12-25 21:00:00+00:00,0.7760089129284443,0.6851870135865069
2050-12-25 22:00:00+00:00,0.7758672615883987,0.6856410816169836
2050-12-25 23:00:00+00:00,0.7757250658215881,0.6860998490676439
2050-12-26 00:00:00+00:00,0.7755837314518371,0.6865623405182921
2050-12-26 01:00:00+00:00,0.7754424920324666,0.6870274373212137
2050-12-26 02:00:00+00:00,0.775301777963764,0.6874936176689146
2050-12-26 03:00:00+00:00,0.775161935570392,0.6879608623029596
2050-12-26 04:00:00+00:00,0.7750232672939736,0.6884287351662448
2050-12-26 05:00:00+00:00,0.7748853210341727,0.6888967317562457
2050-12-26 06:00:00+00:00,0.7599275418177724,0.6893645114920022
2050-12-26 07:00:00+00:00,0.7456116078970012,0.6898318796632468
2050-12-26 08:00:00+00:00,0.7454761924728808,0.6902984468024662
2050-12-26 09:00:00+00:00,0.7454769322144484,0.690763938966352
2050-12-26 10:00:00+00:00,0.7454776779491626,0.6912281632798752
2050-12-26 11:00:00+00:00,0.7454784185138362,0.6916910977269422
2050-12-26 12:00:00+00:00,0.7454791585220113,0.6921527744292942
2050-12-26 13:00:00+00:00,0.7454799034495455,0.6926131113603323
2050-12-26 14:00:00+00:00,0.7454806466950722,0.693071968045533
2050-12-26 15:00:00+00:00,0.7454808928406597,0.6935292108469278
2050-12-26 16:00:00+00:00,0.7454811340624569,0.6939843959527768
2050-12-26 17:00:00+00:00,0.7454813749862683,0.6944375256590299
2050-12-26 18:00:00+00:00,0.7454816153447915,0.6948888747504839
2050-12-26 19:00:00+00:00,0.7454818593670468,0.6953378366358699
2050-12-26 20:00:00+00:00,0.7454821059382475,0.6957841533534885
2050-12-26 21:00:00+00:00,0.7454823585788126,0.6962276047383005
2050-12-26 22:00:00+00:00,0.7454826070607705,0.6966682836154072
2050-12-26 23:00:00+00:00,0.7454828604198622,0.697106284216036
2050-12-27 00:00:00+00:00,0.7454836177398281,0.6975415173757323
2050-12-27 01:00:00+00:00,0.7454843780938188,0.6979738465459018
2050-12-27 02:00:00+00:00,0.7454851399652335,0.6984032071341242
2050-12-27 03:00:00+00:00,0.7454859028278034,0.6988296799574394
2050-12-27 04:00:00+00:00,0.7454866652360775,0.699253405206424
2050-12-27 05:00:00+00:00,0.7454874212102041,0.6996751819908333
2050-12-27 06:00:00+00:00,0.7454881736056329,0.7000955290036327
2050-12-27 07:00:00+00:00,0.7454889201942946,0.7005149065258915
2050-12-27 08:00:00+00:00,0.7454903385188403,0.7009335591270758
2050-12-27 09:00:00+00:00,0.7454917668378589,0.7013517910822304
2050-12-27 10:00:00+00:00,0.745493263556876,0.7017696037902966
2050-12-27 11:00:00+00:00,0.7904076193992319,0.7021871022380312
2050-12-27 12:00:00+00:00,0.8443191778881698,0.7026043847377166
2050-12-27 13:00:00+00:00,0.8443206038961092,0.7030216375497604
2050-12-27 14:00:00+00:00,0.8443220132160869,0.7034390919531976
2050-12-27 15:00:00+00:00,0.8443234439905735,0.7038566719079627
2050-12-27 16:00:00+00:00,0.8443242007308448,0.7042743080729145
2050-12-27 17:00:00+00:00,0.8443249574138589,0.704692007160047
2050-12-27 18:00:00+00:00,0.8443257144112715,0.7051098061746558
2050-12-27 19:00:00+00:00,0.8443264724423044,0.70552758971317
2050-12-27 20:00:00+00:00,0.8443272303753673,0.7059454339441191
2050-12-27 21:00:00+00:00,0.8443279889130473,0.7063634670583082
2050-12-27 22:00:00+00:00,0.8443287439258882,0.7067817191471302
2050-12-27 23:00:00+00:00,0.8443295051454105,0.7072003733735602
2050-12-28 00:00:00+00:00,0.8443302672977651,0.7076199002395794
2050-12-28 01:00:00+00:00,0.8443310294928753,0.7080408531271258
2050-12-28 02:00:00+00:00,0.8443317913100206,0.7084633703331845
2050-12-28 03:00:00+00:00,0.8443325508052227,0.7088876819738562
2050-12-28 04:00:00+00:00,0.8443333128546502,0.7093136615000502
2050-12-28 05:00:00+00:00,0.844334084200871,0.7097411036316537
2050-12-28 06:00:00+00:00,0.844334497870019,0.7101699099960419
2050-12-28 07:00:00+00:00,0.8443349125841418,0.7105996997595857
2050-12-28 08:00:00+00:00,0.844335667579267,0.7110309827696477
2050-12-28 09:00:00+00:00,0.8443364198244189,0.71146447663434
2050-12-28 10:00:00+00:00,0.8443371722038387,0.7119010909467915
2050-12-28 11:00:00+00:00,0.8443379250878125,0.7123420019356939
2050-12-28 12:00:00+00:00,0.8443393625003666,0.7127866242104429
2050-12-28 13:00:00+00:00,0.8443401163824142,0.7132353649286126
2050-12-28 14:00:00+00:00,0.8443408758570675,0.7136892420743516
2050-12-28 15:00:00+00:00,0.8443416279992488,0.7141495439671582
2050-12-28 16:00:00+00:00,0.8443420386560301,0.7146160854282223
2050-12-28 17:00:00+00:00,0.8443424479057144,0.7150877778325867
2050-12-28 18:00:00+00:00,0.8443428557671504,0.7155625879657156
2050-12-28 19:00:00+00:00,0.8443432641117715,0.7160398148591187
2050-12-28 20:00:00+00:00,0.8443436725437169,0.7165181132589395
2050-12-28 21:00:00+00:00,0.8443440804832152,0.7169969279137162
2050-12-28 22:00:00+00:00,0.844344489021279,0.7174759805728733
2050-12-28 23:00:00+00:00,0.844344901198115,0.71795506478353
2050-12-29 00:00:00+00:00,0.8443453148350593,0.7184340920306855
2050-12-29 01:00:00+00:00,0.8443457289570019,0.7189130109041687
2050-12-29 02:00:00+00:00,0.8443461434936457,0.719391873588667
2050-12-29 03:00:00+00:00,0.8443465568207031,0.7198706333357078
2050-12-29 04:00:00+00:00,0.8443469674348304,0.7203493421712355
2050-12-29 05:00:00+00:00,0.8443473768360431,0.7208280103647707
2050-12-29 06:00:00+00:00,0.8443477865735525,0.7213065914733796
2050-12-29 07:00:00+00:00,0.8443482007357479,0.7217851187505734
2050-12-29 08:00:00+00:00,0.8443486155476764,0.7222635802277931
2050-12-29 09:00:00+00:00,0.844350007867261,0.7227418441987322
2050-12-29 10:00:00+00:00,0.8443514127453243,0.7232199068330223
2050-12-29 11:00:00+00:00,0.8443528300661183,0.7236977416844229
2050-12-29 12:00:00+00:00,0.8443542331207594,0.7241753284564209
2050-12-29 13:00:00+00:00,0.8443556235954894,0.7246527664810817
2050-12-29 14:00:00+00:00,0.8443563809318814,0.7251301316142725
2050-12-29 15:00:00+00:00,0.8443567913147768,0.7256075204277923
2050-12-29 16:00:00+00:00,0.8443571904944581,0.72608493275339
2050-12-29 17:00:00+00:00,0.8443575915939284,0.7265624028655686
2050-12-29 18:00:00+00:00,0.8443579946707164,0.7270398965713212
2050-12-29 19:00:00+00:00,0.8443584012887447,0.7275174534230521
2050-12-29 20:00:00+00:00,0.8443588105822102,0.7279950708999116
2050-12-29 21:00:00+00:00,0.8443592225537744,0.72847268122246
2050-12-29 22:00:00+00:00,0.8443596324372338,0.7289502582400073
2050-12-29 23:00:00+00:00,0.8443600458503715,0.7294277848718657
2050-12-30 00:00:00+00:00,0.844360461113871,0.7299052595693197
2050-12-30 01:00:00+00:00,0.8443608777447171,0.7303827214148932
2050-12-30 02:00:00+00:00,0.844361294395565,0.7308602041832774
2050-12-30 03:00:00+00:00,0.84436170889155,0.7313377292459199
2050-12-30 04:00:00+00:00,0.8443621193823373,0.7318153161797477
2050-12-30 05:00:00+00:00,0.8443625356317991,0.7322929702070434
2050-12-30 06:00:00+00:00,0.8443632905027699,0.7327707307682467
2050-12-30 07:00:00+00:00,0.8443640458490926,0.7332485990127063
2050-12-30 08:00:00+00:00,0.8443647988744698,0.7337266073453158
2050-12-30 09:00:00+00:00,0.8443728543842096,0.7342047751063895
2050-12-30 10:00:00+00:00,0.8443806800310394,0.7346830786519745
2050-12-30 11:00:00+00:00,0.8945517430615352,0.7351614386174744
2050-12-30 12:00:00+00:00,0.8945597759167737,0.7356398326621237
2050-12-30 13:00:00+00:00,0.8945673185339468,0.7361182723724239
2050-12-30 14:00:00+00:00,0.8945680637003698,0.7365968021203427
2050-12-30 15:00:00+00:00,0.8945688225078654,0.7370754460829714
2050-12-30 16:00:00+00:00,0.8945695798565851,0.7375542217017607
2050-12-30 17:00:00+00:00,0.8945703361250006,0.738033135233867
2050-12-30 18:00:00+00:00,0.8945710901905513,0.7385121484502324
2050-12-30 19:00:00+00:00,0.894571843162991,0.73899119670101
2050-12-30 20:00:00+00:00,0.8945725960419042,0.7394702496855965
2050-12-30 21:00:00+00:00,0.8945733481761778,0.7399493723640459
2050-12-30 22:00:00+00:00,0.8945741013483373,0.740428508274486
2050-12-30 23:00:00+00:00,0.8945748569704096,0.7409075950703755
2050-12-31 00:00:00+00:00,0.8945756138561854,0.7413864752440882
2050-12-31 01:00:00+00:00,0.8945763717730689,0.7418649068300707
2050-12-31 02:00:00+00:00,0.8945771265159338,0.7423427292397078
2050-12-31 03:00:00+00:00,0.89457788002763,0.7428200278878824
2050-12-31 04:00:00+00:00,0.8945786322362173,0.7432965477251263
2050-12-31 05:00:00+00:00,0.8945793853850302,0.7437721560351005
2050-12-31 06:00:00+00:00,0.8945801324711569,0.7442468391828853
2050-12-31 07:00:00+00:00,0.89458088124001,0.7447204445218791
2050-12-31 08:00:00+00:00,0.8945816143987767,0.7451927840957664
2050-12-31 09:00:00+00:00,0.8945895084760976,0.7456639606610082
2050-12-31 10:00:00+00:00,0.9458649069725518,0.7461337673579906
2050-12-31 11:00:00+00:00,0.9997710234943303,0.7466021806202537
2050-12-31 12:00:00+00:00,0.9997789923278922,0.7470691809198335
2050-12-31 13:00:00+00:00,0.9997874209796923,0.7475349442280566
2050-12-31 14:00:00+00:00,0.9997956239788682,0.7479995835681646
2050-12-31 15:00:00+00:00,0.9997963848291005,0.7484629049968878
2050-12-31 16:00:00+00:00,0.9997971481002356,0.7489249226943774
2050-12-31 17:00:00+00:00,0.9997979138555464,0.7493856907964119
2050-12-31 18:00:00+00:00,0.9997986817497518,0.7498451693211551
2050-12-31 19:00:00+00:00,0.9997994538896731,0.7503025113562818
2050-12-31 20:00:00+00:00,0.9998002291121931,0.7507577342594897
2050-12-31 21:00:00+00:00,0.9998010082189023,0.751210177484489
2050-12-31 22:00:00+00:00,0.9998017921486698,0.7516597786197586
2050-12-31 23:00:00+00:00,0.9998025907238297,0.7521063403852439
