2030-01-01 00:00:00+00:00,20841.774492209635
2030-01-01 01:00:00+00:00,20572.838473139487
2030-01-01 02:00:00+00:00,20704.827719956746
2030-01-01 03:00:00+00:00,21848.21378140775
2030-01-01 04:00:00+00:00,24607.1662392063
2030-01-01 05:00:00+00:00,26690.28644574848
2030-01-01 06:00:00+00:00,27379.18466968868
2030-01-01 07:00:00+00:00,26963.48228645331
2030-01-01 08:00:00+00:00,26343.190652746056
2030-01-01 09:00:00+00:00,25982.023889820182
2030-01-01 10:00:00+00:00,25893.9725730189
2030-01-01 11:00:00+00:00,26032.16845340074
2030-01-01 12:00:00+00:00,26076.468355605033
2030-01-01 13:00:00+00:00,26213.846409130743
2030-01-01 14:00:00+00:00,26632.87360487499
2030-01-01 15:00:00+00:00,27396.203118537338
2030-01-01 16:00:00+00:00,27910.75721967884
2030-01-01 17:00:00+00:00,27551.531661089237
2030-01-01 18:00:00+00:00,26512.4747858631
2030-01-01 19:00:00+00:00,25432.46417972633
2030-01-01 20:00:00+00:00,24311.3787712796
2030-01-01 21:00:00+00:00,23367.437909666398
2030-01-01 22:00:00+00:00,22042.52323712174
2030-01-01 23:00:00+00:00,21006.49765415725
2030-01-02 00:00:00+00:00,21041.358039789593
2030-01-02 01:00:00+00:00,20838.582458167148
2030-01-02 02:00:00+00:00,21063.60358707863
2030-01-02 03:00:00+00:00,22417.166232616735
2030-01-02 04:00:00+00:00,25521.346921350683
2030-01-02 05:00:00+00:00,27958.664583745325
2030-01-02 06:00:00+00:00,28971.434656225963
2030-01-02 07:00:00+00:00,28854.63811175442
2030-01-02 08:00:00+00:00,28298.573408606677
2030-01-02 09:00:00+00:00,27866.714106782223
2030-01-02 10:00:00+00:00,27711.646211700627
2030-01-02 11:00:00+00:00,27802.777714293898
2030-01-02 12:00:00+00:00,27897.491447978904
2030-01-02 13:00:00+00:00,28090.045550846527
2030-01-02 14:00:00+00:00,28539.675375159386
2030-01-02 15:00:00+00:00,29337.311144074247
2030-01-02 16:00:00+00:00,29892.435174895356
2030-01-02 17:00:00+00:00,29472.33300727873
2030-01-02 18:00:00+00:00,28305.926433984314
2030-01-02 19:00:00+00:00,27059.192027043104
2030-01-02 20:00:00+00:00,25674.524743015147
2030-01-02 21:00:00+00:00,24484.622460347695
2030-01-02 22:00:00+00:00,22965.46965311106
2030-01-02 23:00:00+00:00,21796.85456445564
2030-01-03 00:00:00+00:00,20368.27115658999
2030-01-03 01:00:00+00:00,20118.454262138304
2030-01-03 02:00:00+00:00,20233.75352522659
2030-01-03 03:00:00+00:00,21207.361136022577
2030-01-03 04:00:00+00:00,23562.699870688914
2030-01-03 05:00:00+00:00,25819.809406001717
2030-01-03 06:00:00+00:00,27028.174391358873
2030-01-03 07:00:00+00:00,27082.66402836428
2030-01-03 08:00:00+00:00,26653.942670365428
2030-01-03 09:00:00+00:00,26346.37759934403
2030-01-03 10:00:00+00:00,26288.40435819841
2030-01-03 11:00:00+00:00,26328.543449322548
2030-01-03 12:00:00+00:00,26450.17416933874
2030-01-03 13:00:00+00:00,26652.789247205685
2030-01-03 14:00:00+00:00,27083.504975426476
2030-01-03 15:00:00+00:00,27690.097827818823
2030-01-03 16:00:00+00:00,28057.15104277396
2030-01-03 17:00:00+00:00,27608.955034761453
2030-01-03 18:00:00+00:00,26421.938076870796
2030-01-03 19:00:00+00:00,25200.48764883745
2030-01-03 20:00:00+00:00,23980.496385138
2030-01-03 21:00:00+00:00,23145.377213721535
2030-01-03 22:00:00+00:00,21944.539920419105
2030-01-03 23:00:00+00:00,20886.866134508575
2030-01-04 00:00:00+00:00,20497.464650673508
2030-01-04 01:00:00+00:00,20242.248433185825
2030-01-04 02:00:00+00:00,20367.154650152745
2030-01-04 03:00:00+00:00,21331.19725930205
2030-01-04 04:00:00+00:00,23661.911109127654
2030-01-04 05:00:00+00:00,25787.776017118656
2030-01-04 06:00:00+00:00,26891.378922843815
2030-01-04 07:00:00+00:00,26854.573553736056
2030-01-04 08:00:00+00:00,26652.09571219865
2030-01-04 09:00:00+00:00,26609.30672196781
2030-01-04 10:00:00+00:00,26836.723763232934
2030-01-04 11:00:00+00:00,27195.69297503843
2030-01-04 12:00:00+00:00,27522.10909708961
2030-01-04 13:00:00+00:00,27628.38789654094
2030-01-04 14:00:00+00:00,27695.22700219378
2030-01-04 15:00:00+00:00,27826.213249890385
2030-01-04 16:00:00+00:00,28022.735976605592
2030-01-04 17:00:00+00:00,27580.84275115253
2030-01-04 18:00:00+00:00,26542.992445352345
2030-01-04 19:00:00+00:00,25367.45038939921
2030-01-04 20:00:00+00:00,24104.326859844008
2030-01-04 21:00:00+00:00,23289.670138739737
2030-01-04 22:00:00+00:00,22197.000101221616
2030-01-04 23:00:00+00:00,21190.050757543762
2030-01-05 00:00:00+00:00,21129.77891870124
2030-01-05 01:00:00+00:00,20805.476595442502
2030-01-05 02:00:00+00:00,20896.178933717678
2030-01-05 03:00:00+00:00,21827.856354569318
2030-01-05 04:00:00+00:00,23643.799494708812
2030-01-05 05:00:00+00:00,24428.176650085443
2030-01-05 06:00:00+00:00,24722.14540375282
2030-01-05 07:00:00+00:00,25445.89211098875
2030-01-05 08:00:00+00:00,26269.853580538802
2030-01-05 09:00:00+00:00,26829.560105742825
2030-01-05 10:00:00+00:00,26982.373393186655
2030-01-05 11:00:00+00:00,26916.575468290328
2030-01-05 12:00:00+00:00,26811.967519203998
2030-01-05 13:00:00+00:00,26708.541774570327
2030-01-05 14:00:00+00:00,26435.599908262364
2030-01-05 15:00:00+00:00,26470.35110605122
2030-01-05 16:00:00+00:00,26899.9311051047
2030-01-05 17:00:00+00:00,26815.32713758383
2030-01-05 18:00:00+00:00,26133.97200994584
2030-01-05 19:00:00+00:00,25280.754092933756
2030-01-05 20:00:00+00:00,24195.753460351298
2030-01-05 21:00:00+00:00,23296.52256687166
2030-01-05 22:00:00+00:00,22284.244535087015
2030-01-05 23:00:00+00:00,21268.975513428515
2030-01-06 00:00:00+00:00,20696.9412099771
2030-01-06 01:00:00+00:00,20346.5153730286
2030-01-06 02:00:00+00:00,20397.03979654425
2030-01-06 03:00:00+00:00,21171.290357605405
2030-01-06 04:00:00+00:00,22710.215411560555
2030-01-06 05:00:00+00:00,23255.896031924818
2030-01-06 06:00:00+00:00,23151.81468292574
2030-01-06 07:00:00+00:00,23499.115141954087
2030-01-06 08:00:00+00:00,24276.000599058865
2030-01-06 09:00:00+00:00,25128.718117529825
2030-01-06 10:00:00+00:00,25749.083923900613
2030-01-06 11:00:00+00:00,26002.59048978794
2030-01-06 12:00:00+00:00,26002.376516963133
2030-01-06 13:00:00+00:00,26103.83366328566
2030-01-06 14:00:00+00:00,25968.837502962506
2030-01-06 15:00:00+00:00,26258.636489933884
2030-01-06 16:00:00+00:00,26893.25815793386
2030-01-06 17:00:00+00:00,26924.321684083745
2030-01-06 18:00:00+00:00,26404.45676861625
2030-01-06 19:00:00+00:00,25477.603152065614
2030-01-06 20:00:00+00:00,24262.925682486813
2030-01-06 21:00:00+00:00,23137.83979394789
2030-01-06 22:00:00+00:00,21848.745224848535
2030-01-06 23:00:00+00:00,20807.424572321357
2030-01-07 00:00:00+00:00,20767.434809048165
2030-01-07 01:00:00+00:00,20609.301033296408
2030-01-07 02:00:00+00:00,20870.42233526633
2030-01-07 03:00:00+00:00,22224.651514938054
2030-01-07 04:00:00+00:00,25293.554956161566
2030-01-07 05:00:00+00:00,27940.861173427445
2030-01-07 06:00:00+00:00,29124.8082202896
2030-01-07 07:00:00+00:00,28849.334063952007
2030-01-07 08:00:00+00:00,28240.660568564956
2030-01-07 09:00:00+00:00,27811.08632856905
2030-01-07 10:00:00+00:00,27662.028139092694
2030-01-07 11:00:00+00:00,27578.854491696173
2030-01-07 12:00:00+00:00,27608.606722961238
2030-01-07 13:00:00+00:00,27721.418596679232
2030-01-07 14:00:00+00:00,28115.41045702478
2030-01-07 15:00:00+00:00,28795.175682294277
2030-01-07 16:00:00+00:00,29265.93245531981
2030-01-07 17:00:00+00:00,28743.569404119688
2030-01-07 18:00:00+00:00,27470.393478965034
2030-01-07 19:00:00+00:00,26306.496354800085
2030-01-07 20:00:00+00:00,24998.701943736356
2030-01-07 21:00:00+00:00,23956.111040273758
2030-01-07 22:00:00+00:00,22597.124911764247
2030-01-07 23:00:00+00:00,21568.960887593636
2030-01-08 00:00:00+00:00,21648.47491804403
2030-01-08 01:00:00+00:00,21444.330137353303
2030-01-08 02:00:00+00:00,21721.61446743176
2030-01-08 03:00:00+00:00,23004.658256605017
2030-01-08 04:00:00+00:00,26167.534842553054
2030-01-08 05:00:00+00:00,28800.091514097567
2030-01-08 06:00:00+00:00,30103.12184393709
2030-01-08 07:00:00+00:00,29841.26433401029
2030-01-08 08:00:00+00:00,29084.279220199584
2030-01-08 09:00:00+00:00,28504.83122574384
2030-01-08 10:00:00+00:00,28306.744370489472
2030-01-08 11:00:00+00:00,28194.187686855104
2030-01-08 12:00:00+00:00,28347.94583246144
2030-01-08 13:00:00+00:00,28476.462615529537
2030-01-08 14:00:00+00:00,28961.72447963645
2030-01-08 15:00:00+00:00,29653.155180236015
2030-01-08 16:00:00+00:00,30204.67809956554
2030-01-08 17:00:00+00:00,29663.68061920939
2030-01-08 18:00:00+00:00,28422.37897547165
2030-01-08 19:00:00+00:00,27087.89392484123
2030-01-08 20:00:00+00:00,25741.38409480076
2030-01-08 21:00:00+00:00,24629.521400372596
2030-01-08 22:00:00+00:00,23112.171817168
2030-01-08 23:00:00+00:00,22007.135385146743
2030-01-09 00:00:00+00:00,22072.457402485114
2030-01-09 01:00:00+00:00,21860.719330379547
2030-01-09 02:00:00+00:00,22144.90674781934
2030-01-09 03:00:00+00:00,23636.065241841916
2030-01-09 04:00:00+00:00,26859.03330987319
2030-01-09 05:00:00+00:00,29588.83642109039
2030-01-09 06:00:00+00:00,30822.261712178723
2030-01-09 07:00:00+00:00,30591.456378230887
2030-01-09 08:00:00+00:00,29850.4339635445
2030-01-09 09:00:00+00:00,29281.27553811365
2030-01-09 10:00:00+00:00,29077.195363146307
2030-01-09 11:00:00+00:00,29083.866288268404
2030-01-09 12:00:00+00:00,29253.19203502646
2030-01-09 13:00:00+00:00,29405.976858779246
2030-01-09 14:00:00+00:00,29854.846315368148
2030-01-09 15:00:00+00:00,30531.46131716645
2030-01-09 16:00:00+00:00,31032.80626931592
2030-01-09 17:00:00+00:00,30536.94278411744
2030-01-09 18:00:00+00:00,29283.27256909392
2030-01-09 19:00:00+00:00,28018.83983076338
2030-01-09 20:00:00+00:00,26507.924089739357
2030-01-09 21:00:00+00:00,25222.982570405522
2030-01-09 22:00:00+00:00,23596.477336127115
2030-01-09 23:00:00+00:00,22471.47255342145
2030-01-10 00:00:00+00:00,22328.950358430822
2030-01-10 01:00:00+00:00,22090.362696267526
2030-01-10 02:00:00+00:00,22382.773037896055
2030-01-10 03:00:00+00:00,23854.152169156663
2030-01-10 04:00:00+00:00,27138.497986195005
2030-01-10 05:00:00+00:00,29793.731968532895
2030-01-10 06:00:00+00:00,31026.034290238167
2030-01-10 07:00:00+00:00,30766.42595108163
2030-01-10 08:00:00+00:00,30079.84743026044
2030-01-10 09:00:00+00:00,29499.04120234944
2030-01-10 10:00:00+00:00,29353.34678091615
2030-01-10 11:00:00+00:00,29285.394362217692
2030-01-10 12:00:00+00:00,29344.398776164042
2030-01-10 13:00:00+00:00,29413.272215476467
2030-01-10 14:00:00+00:00,29926.644636455432
2030-01-10 15:00:00+00:00,30690.13694713047
2030-01-10 16:00:00+00:00,31283.80086259332
2030-01-10 17:00:00+00:00,30939.949221970703
2030-01-10 18:00:00+00:00,29783.189265351582
2030-01-10 19:00:00+00:00,28519.541331416738
2030-01-10 20:00:00+00:00,26942.491778053216
2030-01-10 21:00:00+00:00,25598.124020970554
2030-01-10 22:00:00+00:00,23946.129737474057
2030-01-10 23:00:00+00:00,22786.12780103558
2030-01-11 00:00:00+00:00,23408.53795198323
2030-01-11 01:00:00+00:00,23121.806284614253
2030-01-11 02:00:00+00:00,23514.607817429907
2030-01-11 03:00:00+00:00,25303.401515446956
2030-01-11 04:00:00+00:00,29182.82011891357
2030-01-11 05:00:00+00:00,31883.646207316546
2030-01-11 06:00:00+00:00,32927.47121233061
2030-01-11 07:00:00+00:00,32528.68481038222
2030-01-11 08:00:00+00:00,31954.162789723763
2030-01-11 09:00:00+00:00,31697.666936807433
2030-01-11 10:00:00+00:00,31702.771455953898
2030-01-11 11:00:00+00:00,31896.041790643467
2030-01-11 12:00:00+00:00,32072.633770624303
2030-01-11 13:00:00+00:00,32242.74170751354
2030-01-11 14:00:00+00:00,32302.843463396
2030-01-11 15:00:00+00:00,32515.691888187997
2030-01-11 16:00:00+00:00,32894.01617499549
2030-01-11 17:00:00+00:00,32675.481371399375
2030-01-11 18:00:00+00:00,31692.966147680792
2030-01-11 19:00:00+00:00,30420.083112480566
2030-01-11 20:00:00+00:00,28689.493932519
2030-01-11 21:00:00+00:00,27235.271945074674
2030-01-11 22:00:00+00:00,25402.871936541247
2030-01-11 23:00:00+00:00,24037.811865615968
2030-01-12 00:00:00+00:00,24176.650313469116
2030-01-12 01:00:00+00:00,23889.698270115918
2030-01-12 02:00:00+00:00,24225.727808752996
2030-01-12 03:00:00+00:00,25957.44693446007
2030-01-12 04:00:00+00:00,29164.64096264032
2030-01-12 05:00:00+00:00,30297.77944894678
2030-01-12 06:00:00+00:00,30275.366691897998
2030-01-12 07:00:00+00:00,30808.87872350614
2030-01-12 08:00:00+00:00,31443.537160354386
2030-01-12 09:00:00+00:00,31743.634029060275
2030-01-12 10:00:00+00:00,31714.60734950632
2030-01-12 11:00:00+00:00,31484.33010195937
2030-01-12 12:00:00+00:00,31243.18775290231
2030-01-12 13:00:00+00:00,31134.115518430986
2030-01-12 14:00:00+00:00,30983.48655887892
2030-01-12 15:00:00+00:00,31198.46347149788
2030-01-12 16:00:00+00:00,31884.53314617761
2030-01-12 17:00:00+00:00,32009.65875737452
2030-01-12 18:00:00+00:00,31363.816060701563
2030-01-12 19:00:00+00:00,30434.258137197867
2030-01-12 20:00:00+00:00,28962.394372126815
2030-01-12 21:00:00+00:00,27339.513731160172
2030-01-12 22:00:00+00:00,25522.44459531145
2030-01-12 23:00:00+00:00,24224.490313391794
2030-01-13 00:00:00+00:00,24296.731380667854
2030-01-13 01:00:00+00:00,23977.144067327845
2030-01-13 02:00:00+00:00,24306.81303701279
2030-01-13 03:00:00+00:00,26107.818936968408
2030-01-13 04:00:00+00:00,29298.645038326427
2030-01-13 05:00:00+00:00,30249.41428145658
2030-01-13 06:00:00+00:00,29794.578548147936
2030-01-13 07:00:00+00:00,29931.801504927636
2030-01-13 08:00:00+00:00,30477.25803754955
2030-01-13 09:00:00+00:00,31083.503339020328
2030-01-13 10:00:00+00:00,31576.70583464197
2030-01-13 11:00:00+00:00,31578.158661899117
2030-01-13 12:00:00+00:00,31488.426941188718
2030-01-13 13:00:00+00:00,31529.490194815255
2030-01-13 14:00:00+00:00,31464.081885559044
2030-01-13 15:00:00+00:00,31805.082599050056
2030-01-13 16:00:00+00:00,32749.409685259518
2030-01-13 17:00:00+00:00,33090.15294858174
2030-01-13 18:00:00+00:00,32682.29412702819
2030-01-13 19:00:00+00:00,31711.914962058076
2030-01-13 20:00:00+00:00,29968.338473528547
2030-01-13 21:00:00+00:00,27959.12827457947
2030-01-13 22:00:00+00:00,25758.60802701281
2030-01-13 23:00:00+00:00,24277.102592974417
2030-01-14 00:00:00+00:00,24639.213186545578
2030-01-14 01:00:00+00:00,24424.687877074313
2030-01-14 02:00:00+00:00,24947.652631589084
2030-01-14 03:00:00+00:00,27320.1709924266
2030-01-14 04:00:00+00:00,32283.82091745288
2030-01-14 05:00:00+00:00,35391.358212149025
2030-01-14 06:00:00+00:00,36235.97055314195
2030-01-14 07:00:00+00:00,35681.87115966043
2030-01-14 08:00:00+00:00,34808.086056512264
2030-01-14 09:00:00+00:00,34041.6708526627
2030-01-14 10:00:00+00:00,33656.61525413993
2030-01-14 11:00:00+00:00,33401.772273853414
2030-01-14 12:00:00+00:00,33324.40330853683
2030-01-14 13:00:00+00:00,33440.3626467987
2030-01-14 14:00:00+00:00,33896.02494455495
2030-01-14 15:00:00+00:00,34812.43652675713
2030-01-14 16:00:00+00:00,35498.91002093284
2030-01-14 17:00:00+00:00,35272.71506756881
2030-01-14 18:00:00+00:00,34092.82413267086
2030-01-14 19:00:00+00:00,32744.82982189924
2030-01-14 20:00:00+00:00,30876.95215107758
2030-01-14 21:00:00+00:00,28972.234717652325
2030-01-14 22:00:00+00:00,26641.71561714028
2030-01-14 23:00:00+00:00,25175.71391926041
2030-01-15 00:00:00+00:00,24596.337998178915
2030-01-15 01:00:00+00:00,24360.931097400597
2030-01-15 02:00:00+00:00,24750.653652206234
2030-01-15 03:00:00+00:00,26840.16038034111
2030-01-15 04:00:00+00:00,31372.123211385515
2030-01-15 05:00:00+00:00,34429.345933517085
2030-01-15 06:00:00+00:00,35377.5140254657
2030-01-15 07:00:00+00:00,34867.710268003815
2030-01-15 08:00:00+00:00,33996.50098097345
2030-01-15 09:00:00+00:00,33183.687937326875
2030-01-15 10:00:00+00:00,32769.74351028408
2030-01-15 11:00:00+00:00,32571.246566741225
2030-01-15 12:00:00+00:00,32623.950191268512
2030-01-15 13:00:00+00:00,32764.33954484267
2030-01-15 14:00:00+00:00,33257.34255971771
2030-01-15 15:00:00+00:00,34076.61421046507
2030-01-15 16:00:00+00:00,34744.16456068415
2030-01-15 17:00:00+00:00,34487.73994507655
2030-01-15 18:00:00+00:00,33312.352866248264
2030-01-15 19:00:00+00:00,31920.16858231463
2030-01-15 20:00:00+00:00,30123.47872549835
2030-01-15 21:00:00+00:00,28334.408581873176
2030-01-15 22:00:00+00:00,26180.88730745734
2030-01-15 23:00:00+00:00,24781.836039855316
2030-01-16 00:00:00+00:00,25771.084900146627
2030-01-16 01:00:00+00:00,25594.22829496149
2030-01-16 02:00:00+00:00,26123.952821288218
2030-01-16 03:00:00+00:00,28552.52848543313
2030-01-16 04:00:00+00:00,33745.07078026934
2030-01-16 05:00:00+00:00,36921.52022011848
2030-01-16 06:00:00+00:00,37778.862046735994
2030-01-16 07:00:00+00:00,37180.3898186245
2030-01-16 08:00:00+00:00,36198.83712511989
2030-01-16 09:00:00+00:00,35373.045461878835
2030-01-16 10:00:00+00:00,34854.90725993294
2030-01-16 11:00:00+00:00,34626.622182201114
2030-01-16 12:00:00+00:00,34597.81797214228
2030-01-16 13:00:00+00:00,34802.62786975787
2030-01-16 14:00:00+00:00,35382.77265637516
2030-01-16 15:00:00+00:00,36295.90452074356
2030-01-16 16:00:00+00:00,37020.085469179234
2030-01-16 17:00:00+00:00,36938.949152660665
2030-01-16 18:00:00+00:00,35859.68790998387
2030-01-16 19:00:00+00:00,34492.480053567124
2030-01-16 20:00:00+00:00,32454.603019348197
2030-01-16 21:00:00+00:00,30266.64479316952
2030-01-16 22:00:00+00:00,27720.078405324024
2030-01-16 23:00:00+00:00,26095.362186004135
2030-01-17 00:00:00+00:00,26025.719311298293
2030-01-17 01:00:00+00:00,25807.85327363641
2030-01-17 02:00:00+00:00,26312.896231927476
2030-01-17 03:00:00+00:00,28736.143655966127
2030-01-17 04:00:00+00:00,33925.35537665835
2030-01-17 05:00:00+00:00,37043.33240045497
2030-01-17 06:00:00+00:00,37869.08059952131
2030-01-17 07:00:00+00:00,37300.22356708171
2030-01-17 08:00:00+00:00,36385.766601812764
2030-01-17 09:00:00+00:00,35551.535102361035
2030-01-17 10:00:00+00:00,35180.5632376342
2030-01-17 11:00:00+00:00,34933.150279839494
2030-01-17 12:00:00+00:00,34922.28593010507
2030-01-17 13:00:00+00:00,35096.79292480878
2030-01-17 14:00:00+00:00,35632.550685582384
2030-01-17 15:00:00+00:00,36473.589000709006
2030-01-17 16:00:00+00:00,37222.024194674
2030-01-17 17:00:00+00:00,37028.82438949875
2030-01-17 18:00:00+00:00,35936.18716247962
2030-01-17 19:00:00+00:00,34581.59708377854
2030-01-17 20:00:00+00:00,32567.352736645375
2030-01-17 21:00:00+00:00,30423.423716379824
2030-01-17 22:00:00+00:00,27859.589129975935
2030-01-17 23:00:00+00:00,26191.624684744493
2030-01-18 00:00:00+00:00,25237.416837039797
2030-01-18 01:00:00+00:00,25023.40144321119
2030-01-18 02:00:00+00:00,25481.549097745705
2030-01-18 03:00:00+00:00,27574.8584571698
2030-01-18 04:00:00+00:00,32163.208672303226
2030-01-18 05:00:00+00:00,35023.35742249135
2030-01-18 06:00:00+00:00,35898.2738083288
2030-01-18 07:00:00+00:00,35378.78551227609
2030-01-18 08:00:00+00:00,34733.52913783011
2030-01-18 09:00:00+00:00,34254.73570943519
2030-01-18 10:00:00+00:00,34182.75866004538
2030-01-18 11:00:00+00:00,34192.17669093657
2030-01-18 12:00:00+00:00,34391.971614914895
2030-01-18 13:00:00+00:00,34582.880342821474
2030-01-18 14:00:00+00:00,34704.8785337972
2030-01-18 15:00:00+00:00,34992.12203425948
2030-01-18 16:00:00+00:00,35459.15534680065
2030-01-18 17:00:00+00:00,35412.23757312528
2030-01-18 18:00:00+00:00,34439.2841097879
2030-01-18 19:00:00+00:00,33095.42411625944
2030-01-18 20:00:00+00:00,31174.963295284968
2030-01-18 21:00:00+00:00,29308.853262526885
2030-01-18 22:00:00+00:00,27099.850429100574
2030-01-18 23:00:00+00:00,25610.27982467884
2030-01-19 00:00:00+00:00,25304.399450412402
2030-01-19 01:00:00+00:00,25043.145571977057
2030-01-19 02:00:00+00:00,25488.218907942748
2030-01-19 03:00:00+00:00,27471.856477876252
2030-01-19 04:00:00+00:00,31082.637566081394
2030-01-19 05:00:00+00:00,32368.873162982323
2030-01-19 06:00:00+00:00,32219.70107102625
2030-01-19 07:00:00+00:00,32665.376547466312
2030-01-19 08:00:00+00:00,33238.268022558645
2030-01-19 09:00:00+00:00,33515.51733578697
2030-01-19 10:00:00+00:00,33384.381789956875
2030-01-19 11:00:00+00:00,33124.62598913004
2030-01-19 12:00:00+00:00,32919.96766029633
2030-01-19 13:00:00+00:00,32854.62410155158
2030-01-19 14:00:00+00:00,32679.547766982047
2030-01-19 15:00:00+00:00,32881.310681370895
2030-01-19 16:00:00+00:00,33572.510867313606
2030-01-19 17:00:00+00:00,33841.37210446067
2030-01-19 18:00:00+00:00,33194.93402672588
2030-01-19 19:00:00+00:00,32272.841690406603
2030-01-19 20:00:00+00:00,30594.225228643096
2030-01-19 21:00:00+00:00,28754.532329790534
2030-01-19 22:00:00+00:00,26742.89984887823
2030-01-19 23:00:00+00:00,25304.322695131723
2030-01-20 00:00:00+00:00,25221.416074425255
2030-01-20 01:00:00+00:00,24926.352917042048
2030-01-20 02:00:00+00:00,25298.97579754735
2030-01-20 03:00:00+00:00,27280.245837974977
2030-01-20 04:00:00+00:00,30824.661375302687
2030-01-20 05:00:00+00:00,31853.772680789174
2030-01-20 06:00:00+00:00,31302.70346253379
2030-01-20 07:00:00+00:00,31410.363407729164
2030-01-20 08:00:00+00:00,31923.91712209488
2030-01-20 09:00:00+00:00,32517.22640708222
2030-01-20 10:00:00+00:00,32886.46489781087
2030-01-20 11:00:00+00:00,32960.15003179789
2030-01-20 12:00:00+00:00,32829.8460160945
2030-01-20 13:00:00+00:00,32893.94554608426
2030-01-20 14:00:00+00:00,32865.039648219594
2030-01-20 15:00:00+00:00,33335.39196511303
2030-01-20 16:00:00+00:00,34222.3895367428
2030-01-20 17:00:00+00:00,34559.60435974204
2030-01-20 18:00:00+00:00,34128.591433086076
2030-01-20 19:00:00+00:00,33135.905464204996
2030-01-20 20:00:00+00:00,31204.736616899598
2030-01-20 21:00:00+00:00,28981.871118826228
2030-01-20 22:00:00+00:00,26571.337902537914
2030-01-20 23:00:00+00:00,25046.731441966494
2030-01-21 00:00:00+00:00,24104.708000625662
2030-01-21 01:00:00+00:00,23934.683731013454
2030-01-21 02:00:00+00:00,24367.99530372032
2030-01-21 03:00:00+00:00,26442.12578739743
2030-01-21 04:00:00+00:00,30930.1730021398
2030-01-21 05:00:00+00:00,33896.29065777527
2030-01-21 06:00:00+00:00,34728.90306179308
2030-01-21 07:00:00+00:00,34180.525045145296
2030-01-21 08:00:00+00:00,33362.437534341734
2030-01-21 09:00:00+00:00,32750.556044466084
2030-01-21 10:00:00+00:00,32441.249240337314
2030-01-21 11:00:00+00:00,32202.280927718373
2030-01-21 12:00:00+00:00,32202.799049562702
2030-01-21 13:00:00+00:00,32302.229637873625
2030-01-21 14:00:00+00:00,32700.538329407154
2030-01-21 15:00:00+00:00,33465.48396146989
2030-01-21 16:00:00+00:00,34007.11599010652
2030-01-21 17:00:00+00:00,33738.114399854385
2030-01-21 18:00:00+00:00,32646.179233767205
2030-01-21 19:00:00+00:00,31340.795502404715
2030-01-21 20:00:00+00:00,29602.735139801407
2030-01-21 21:00:00+00:00,27914.73777748728
2030-01-21 22:00:00+00:00,25805.75533097405
2030-01-21 23:00:00+00:00,24471.433705693504
2030-01-22 00:00:00+00:00,24731.17924832576
2030-01-22 01:00:00+00:00,24511.952562999824
2030-01-22 02:00:00+00:00,24956.70388877409
2030-01-22 03:00:00+00:00,27047.005279845944
2030-01-22 04:00:00+00:00,31593.2339353189
2030-01-22 05:00:00+00:00,34608.86571566716
2030-01-22 06:00:00+00:00,35577.969812054216
2030-01-22 07:00:00+00:00,34981.95375986197
2030-01-22 08:00:00+00:00,34092.310640803385
2030-01-22 09:00:00+00:00,33188.02965079711
2030-01-22 10:00:00+00:00,32758.249847388495
2030-01-22 11:00:00+00:00,32515.206481054007
2030-01-22 12:00:00+00:00,32536.838179084898
2030-01-22 13:00:00+00:00,32690.07145199413
2030-01-22 14:00:00+00:00,33198.313484405124
2030-01-22 15:00:00+00:00,34071.04849749939
2030-01-22 16:00:00+00:00,34738.590516938355
2030-01-22 17:00:00+00:00,34655.80034543286
2030-01-22 18:00:00+00:00,33512.37714883012
2030-01-22 19:00:00+00:00,32147.163448799558
2030-01-22 20:00:00+00:00,30336.29602633746
2030-01-22 21:00:00+00:00,28550.11396624887
2030-01-22 22:00:00+00:00,26387.12121980933
2030-01-22 23:00:00+00:00,24983.085401198674
2030-01-23 00:00:00+00:00,25188.766491945098
2030-01-23 01:00:00+00:00,25017.158623419797
2030-01-23 02:00:00+00:00,25451.47593408863
2030-01-23 03:00:00+00:00,27650.203880765315
2030-01-23 04:00:00+00:00,32384.116349114614
2030-01-23 05:00:00+00:00,35416.17969351971
2030-01-23 06:00:00+00:00,36339.25506418657
2030-01-23 07:00:00+00:00,35763.967661212606
2030-01-23 08:00:00+00:00,34897.3629582844
2030-01-23 09:00:00+00:00,34069.154272555395
2030-01-23 10:00:00+00:00,33661.70234880855
2030-01-23 11:00:00+00:00,33527.80326069015
2030-01-23 12:00:00+00:00,33571.44705949336
2030-01-23 13:00:00+00:00,33701.58233768765
2030-01-23 14:00:00+00:00,34186.300963609596
2030-01-23 15:00:00+00:00,35000.49308129648
2030-01-23 16:00:00+00:00,35612.251977568245
2030-01-23 17:00:00+00:00,35481.29216207838
2030-01-23 18:00:00+00:00,34382.277016840984
2030-01-23 19:00:00+00:00,33002.38671393905
2030-01-23 20:00:00+00:00,31129.110543085528
2030-01-23 21:00:00+00:00,29248.93411296187
2030-01-23 22:00:00+00:00,26907.507499156935
2030-01-23 23:00:00+00:00,25425.514945099723
2030-01-24 00:00:00+00:00,25463.681759520394
2030-01-24 01:00:00+00:00,25289.94616676238
2030-01-24 02:00:00+00:00,25735.239291321872
2030-01-24 03:00:00+00:00,27995.00257043807
2030-01-24 04:00:00+00:00,32865.79852680722
2030-01-24 05:00:00+00:00,35898.15742759032
2030-01-24 06:00:00+00:00,36788.88161533009
2030-01-24 07:00:00+00:00,36216.51031148124
2030-01-24 08:00:00+00:00,35334.29502285685
2030-01-24 09:00:00+00:00,34547.00286421906
2030-01-24 10:00:00+00:00,34172.57911719933
2030-01-24 11:00:00+00:00,33921.83788462266
2030-01-24 12:00:00+00:00,33937.20061874642
2030-01-24 13:00:00+00:00,34167.1136893627
2030-01-24 14:00:00+00:00,34624.10349936449
2030-01-24 15:00:00+00:00,35441.547692304506
2030-01-24 16:00:00+00:00,36059.044703497326
2030-01-24 17:00:00+00:00,36073.5600388976
2030-01-24 18:00:00+00:00,34974.67872525505
2030-01-24 19:00:00+00:00,33590.35324462159
2030-01-24 20:00:00+00:00,31658.32625501863
2030-01-24 21:00:00+00:00,29612.410291642424
2030-01-24 22:00:00+00:00,27212.905697613944
2030-01-24 23:00:00+00:00,25696.813684898643
2030-01-25 00:00:00+00:00,25605.473872242306
2030-01-25 01:00:00+00:00,25381.370807966563
2030-01-25 02:00:00+00:00,25846.042163506772
2030-01-25 03:00:00+00:00,28078.449103229377
2030-01-25 04:00:00+00:00,32931.59740032387
2030-01-25 05:00:00+00:00,35795.220466569306
2030-01-25 06:00:00+00:00,36594.04178746763
2030-01-25 07:00:00+00:00,36078.92089532839
2030-01-25 08:00:00+00:00,35333.990586340136
2030-01-25 09:00:00+00:00,34805.4559316173
2030-01-25 10:00:00+00:00,34656.264663711416
2030-01-25 11:00:00+00:00,34804.29451978506
2030-01-25 12:00:00+00:00,35010.32897643069
2030-01-25 13:00:00+00:00,35144.90146786063
2030-01-25 14:00:00+00:00,35322.074649242706
2030-01-25 15:00:00+00:00,35679.886993927954
2030-01-25 16:00:00+00:00,36144.45328179967
2030-01-25 17:00:00+00:00,36140.201095902165
2030-01-25 18:00:00+00:00,35187.93164182156
2030-01-25 19:00:00+00:00,33802.80581682525
2030-01-25 20:00:00+00:00,31828.103708537466
2030-01-25 21:00:00+00:00,29862.931820824357
2030-01-25 22:00:00+00:00,27539.279816263166
2030-01-25 23:00:00+00:00,26039.897043926532
2030-01-26 00:00:00+00:00,25048.910688114138
2030-01-26 01:00:00+00:00,24755.623665167706
2030-01-26 02:00:00+00:00,25177.7526796657
2030-01-26 03:00:00+00:00,27014.453957438356
2030-01-26 04:00:00+00:00,30465.819888873233
2030-01-26 05:00:00+00:00,31662.261551383486
2030-01-26 06:00:00+00:00,31545.58872185738
2030-01-26 07:00:00+00:00,32010.094522168576
2030-01-26 08:00:00+00:00,32643.3411394658
2030-01-26 09:00:00+00:00,32918.41824220073
2030-01-26 10:00:00+00:00,32878.22365230757
2030-01-26 11:00:00+00:00,32626.391776163775
2030-01-26 12:00:00+00:00,32409.928085878877
2030-01-26 13:00:00+00:00,32332.028802312216
2030-01-26 14:00:00+00:00,32130.377771862317
2030-01-26 15:00:00+00:00,32261.35040531622
2030-01-26 16:00:00+00:00,32830.458965667305
2030-01-26 17:00:00+00:00,33098.76965879844
2030-01-26 18:00:00+00:00,32443.101590066955
2030-01-26 19:00:00+00:00,31482.309052271463
2030-01-26 20:00:00+00:00,29889.16350933409
2030-01-26 21:00:00+00:00,28131.94552241791
2030-01-26 22:00:00+00:00,26219.852278555067
2030-01-26 23:00:00+00:00,24853.363177123232
2030-01-27 00:00:00+00:00,22918.909699808944
2030-01-27 01:00:00+00:00,22543.58172796995
2030-01-27 02:00:00+00:00,22702.495033971863
2030-01-27 03:00:00+00:00,23890.31946924792
2030-01-27 04:00:00+00:00,26139.792103348667
2030-01-27 05:00:00+00:00,26820.85398855485
2030-01-27 06:00:00+00:00,26526.050479872647
2030-01-27 07:00:00+00:00,26797.010507376282
2030-01-27 08:00:00+00:00,27541.87751659066
2030-01-27 09:00:00+00:00,28292.82262208841
2030-01-27 10:00:00+00:00,28835.774407441484
2030-01-27 11:00:00+00:00,28968.311020110483
2030-01-27 12:00:00+00:00,28881.62655259979
2030-01-27 13:00:00+00:00,28858.899449039134
2030-01-27 14:00:00+00:00,28766.357984423874
2030-01-27 15:00:00+00:00,28975.77520186037
2030-01-27 16:00:00+00:00,29647.33276859415
2030-01-27 17:00:00+00:00,29997.789032934317
2030-01-27 18:00:00+00:00,29545.32019090417
2030-01-27 19:00:00+00:00,28584.550509792687
2030-01-27 20:00:00+00:00,27087.003610296782
2030-01-27 21:00:00+00:00,25575.336617596517
2030-01-27 22:00:00+00:00,23820.521446182796
2030-01-27 23:00:00+00:00,22616.544302470244
2030-01-28 00:00:00+00:00,22130.56691930189
2030-01-28 01:00:00+00:00,21924.910327927133
2030-01-28 02:00:00+00:00,22219.604997386847
2030-01-28 03:00:00+00:00,23763.23381946542
2030-01-28 04:00:00+00:00,27206.448806983313
2030-01-28 05:00:00+00:00,29965.993659845666
2030-01-28 06:00:00+00:00,31050.017803438102
2030-01-28 07:00:00+00:00,30631.44139571434
2030-01-28 08:00:00+00:00,29934.124089742625
2030-01-28 09:00:00+00:00,29346.422555636862
2030-01-28 10:00:00+00:00,29083.31899733999
2030-01-28 11:00:00+00:00,28818.66778424492
2030-01-28 12:00:00+00:00,28922.521071193023
2030-01-28 13:00:00+00:00,29045.16383844605
2030-01-28 14:00:00+00:00,29424.697027228918
2030-01-28 15:00:00+00:00,30104.83528012057
2030-01-28 16:00:00+00:00,30588.915364874723
2030-01-28 17:00:00+00:00,30269.574839794423
2030-01-28 18:00:00+00:00,29065.74311832803
2030-01-28 19:00:00+00:00,27843.399951703515
2030-01-28 20:00:00+00:00,26374.030172005714
2030-01-28 21:00:00+00:00,25124.85163376046
2030-01-28 22:00:00+00:00,23504.230441653195
2030-01-28 23:00:00+00:00,22421.51064612537
2030-01-29 00:00:00+00:00,20432.490112165327
2030-01-29 01:00:00+00:00,20212.60542797544
2030-01-29 02:00:00+00:00,20283.22125074731
2030-01-29 03:00:00+00:00,21105.2713467595
2030-01-29 04:00:00+00:00,23333.244699637235
2030-01-29 05:00:00+00:00,25766.69344866407
2030-01-29 06:00:00+00:00,27181.379849301768
2030-01-29 07:00:00+00:00,26994.59641519244
2030-01-29 08:00:00+00:00,26465.4688669585
2030-01-29 09:00:00+00:00,26070.734540662517
2030-01-29 10:00:00+00:00,25956.51409408204
2030-01-29 11:00:00+00:00,25871.646007420833
2030-01-29 12:00:00+00:00,26011.492299776302
2030-01-29 13:00:00+00:00,26156.850073445294
2030-01-29 14:00:00+00:00,26531.945504917636
2030-01-29 15:00:00+00:00,27103.94375724313
2030-01-29 16:00:00+00:00,27394.939735611923
2030-01-29 17:00:00+00:00,26934.0271176926
2030-01-29 18:00:00+00:00,25624.356562636884
2030-01-29 19:00:00+00:00,24386.95910401522
2030-01-29 20:00:00+00:00,23237.69472512108
2030-01-29 21:00:00+00:00,22521.06275530508
2030-01-29 22:00:00+00:00,21482.54737571961
2030-01-29 23:00:00+00:00,20579.052813740895
2030-01-30 00:00:00+00:00,19968.192633422077
2030-01-30 01:00:00+00:00,19719.207531437103
2030-01-30 02:00:00+00:00,19773.846002658127
2030-01-30 03:00:00+00:00,20470.325006489013
2030-01-30 04:00:00+00:00,22573.23305519546
2030-01-30 05:00:00+00:00,24980.975623665698
2030-01-30 06:00:00+00:00,26460.550795653588
2030-01-30 07:00:00+00:00,26309.47147673684
2030-01-30 08:00:00+00:00,25845.65852032971
2030-01-30 09:00:00+00:00,25526.229967389303
2030-01-30 10:00:00+00:00,25478.61790674918
2030-01-30 11:00:00+00:00,25425.28344763765
2030-01-30 12:00:00+00:00,25614.061581604594
2030-01-30 13:00:00+00:00,25732.06617489447
2030-01-30 14:00:00+00:00,26073.865174537088
2030-01-30 15:00:00+00:00,26605.96279256439
2030-01-30 16:00:00+00:00,26811.560399683043
2030-01-30 17:00:00+00:00,26585.85822397168
2030-01-30 18:00:00+00:00,25323.175366727097
2030-01-30 19:00:00+00:00,24071.61125073406
2030-01-30 20:00:00+00:00,22973.038456741127
2030-01-30 21:00:00+00:00,22298.623732781703
2030-01-30 22:00:00+00:00,21341.689773334318
2030-01-30 23:00:00+00:00,20454.254809036047
2030-01-31 00:00:00+00:00,21096.26067808978
2030-01-31 01:00:00+00:00,20915.538599513202
2030-01-31 02:00:00+00:00,21114.760360561406
2030-01-31 03:00:00+00:00,22204.55131383894
2030-01-31 04:00:00+00:00,24890.827982262792
2030-01-31 05:00:00+00:00,27377.695825668005
2030-01-31 06:00:00+00:00,28660.718064205805
2030-01-31 07:00:00+00:00,28414.57984621525
2030-01-31 08:00:00+00:00,27883.516300202475
2030-01-31 09:00:00+00:00,27473.717149014898
2030-01-31 10:00:00+00:00,27421.795579543414
2030-01-31 11:00:00+00:00,27344.26541283683
2030-01-31 12:00:00+00:00,27484.70180211456
2030-01-31 13:00:00+00:00,27645.86152137495
2030-01-31 14:00:00+00:00,27959.902871453065
2030-01-31 15:00:00+00:00,28487.511259650106
2030-01-31 16:00:00+00:00,28835.957303661475
2030-01-31 17:00:00+00:00,28733.80015763505
2030-01-31 18:00:00+00:00,27575.7375188332
2030-01-31 19:00:00+00:00,26286.24373877366
2030-01-31 20:00:00+00:00,24951.13904631842
2030-01-31 21:00:00+00:00,23927.208562783595
2030-01-31 22:00:00+00:00,22652.243130083196
2030-01-31 23:00:00+00:00,21528.017373924085
2030-02-01 00:00:00+00:00,21692.96966350514
2030-02-01 01:00:00+00:00,21451.113868381824
2030-02-01 02:00:00+00:00,21651.94000510783
2030-02-01 03:00:00+00:00,22913.843779351813
2030-02-01 04:00:00+00:00,25841.493117975457
2030-02-01 05:00:00+00:00,28303.333796248735
2030-02-01 06:00:00+00:00,29456.451931022606
2030-02-01 07:00:00+00:00,29191.049312780757
2030-02-01 08:00:00+00:00,28809.47272532324
2030-02-01 09:00:00+00:00,28589.40074390883
2030-02-01 10:00:00+00:00,28726.447263114227
2030-02-01 11:00:00+00:00,28967.052944126157
2030-02-01 12:00:00+00:00,29287.05641624673
2030-02-01 13:00:00+00:00,29427.23417253516
2030-02-01 14:00:00+00:00,29488.58804727851
2030-02-01 15:00:00+00:00,29563.62402588159
2030-02-01 16:00:00+00:00,29722.587726276066
2030-02-01 17:00:00+00:00,29557.75724664514
2030-02-01 18:00:00+00:00,28432.80136497071
2030-02-01 19:00:00+00:00,27221.650878094813
2030-02-01 20:00:00+00:00,25807.34757349661
2030-02-01 21:00:00+00:00,24706.23232507251
2030-02-01 22:00:00+00:00,23385.51398252777
2030-02-01 23:00:00+00:00,22349.920792913643
2030-02-02 00:00:00+00:00,22789.891795184976
2030-02-02 01:00:00+00:00,22464.703507670496
2030-02-02 02:00:00+00:00,22729.66677664737
2030-02-02 03:00:00+00:00,24098.812578768375
2030-02-02 04:00:00+00:00,26601.143720615324
2030-02-02 05:00:00+00:00,27573.333301621977
2030-02-02 06:00:00+00:00,27658.814273325264
2030-02-02 07:00:00+00:00,28259.437829182065
2030-02-02 08:00:00+00:00,29015.53179559349
2030-02-02 09:00:00+00:00,29476.48396700655
2030-02-02 10:00:00+00:00,29516.49712695384
2030-02-02 11:00:00+00:00,29321.806979963083
2030-02-02 12:00:00+00:00,29071.147128669996
2030-02-02 13:00:00+00:00,28990.157526533843
2030-02-02 14:00:00+00:00,28738.864577992423
2030-02-02 15:00:00+00:00,28773.434663581156
2030-02-02 16:00:00+00:00,29190.850862863346
2030-02-02 17:00:00+00:00,29503.826927456896
2030-02-02 18:00:00+00:00,28849.475735015778
2030-02-02 19:00:00+00:00,27919.702408521378
2030-02-02 20:00:00+00:00,26606.859728534728
2030-02-02 21:00:00+00:00,25391.580153039802
2030-02-02 22:00:00+00:00,24001.40452598215
2030-02-02 23:00:00+00:00,22893.27775190263
2030-02-03 00:00:00+00:00,22529.45985404804
2030-02-03 01:00:00+00:00,22191.22886381034
2030-02-03 02:00:00+00:00,22380.725269307026
2030-02-03 03:00:00+00:00,23609.2492863923
2030-02-03 04:00:00+00:00,25940.735981560818
2030-02-03 05:00:00+00:00,26636.22800882751
2030-02-03 06:00:00+00:00,26373.73893486936
2030-02-03 07:00:00+00:00,26637.41120503258
2030-02-03 08:00:00+00:00,27305.632889569726
2030-02-03 09:00:00+00:00,28016.04135194546
2030-02-03 10:00:00+00:00,28404.795365118305
2030-02-03 11:00:00+00:00,28582.740431219725
2030-02-03 12:00:00+00:00,28615.62419785646
2030-02-03 13:00:00+00:00,28663.430982174297
2030-02-03 14:00:00+00:00,28599.58280360933
2030-02-03 15:00:00+00:00,28896.95694760257
2030-02-03 16:00:00+00:00,29581.363189484873
2030-02-03 17:00:00+00:00,29791.770960212732
2030-02-03 18:00:00+00:00,29290.103473668285
2030-02-03 19:00:00+00:00,28402.07900696567
2030-02-03 20:00:00+00:00,26902.856156920858
2030-02-03 21:00:00+00:00,25310.382119916252
2030-02-03 22:00:00+00:00,23611.768538615088
2030-02-03 23:00:00+00:00,22372.363987337212
2030-02-04 00:00:00+00:00,20903.877653727493
2030-02-04 01:00:00+00:00,20677.192269235544
2030-02-04 02:00:00+00:00,20905.539756089795
2030-02-04 03:00:00+00:00,22168.124641601742
2030-02-04 04:00:00+00:00,25047.003828035802
2030-02-04 05:00:00+00:00,27643.296491888363
2030-02-04 06:00:00+00:00,28852.838979648157
2030-02-04 07:00:00+00:00,28520.546212464695
2030-02-04 08:00:00+00:00,27960.856146953163
2030-02-04 09:00:00+00:00,27584.637516817835
2030-02-04 10:00:00+00:00,27458.68873276708
2030-02-04 11:00:00+00:00,27335.25866244375
2030-02-04 12:00:00+00:00,27388.11197263586
2030-02-04 13:00:00+00:00,27409.940691286192
2030-02-04 14:00:00+00:00,27703.535654856656
2030-02-04 15:00:00+00:00,28281.67974666562
2030-02-04 16:00:00+00:00,28557.37540242348
2030-02-04 17:00:00+00:00,28358.83129892793
2030-02-04 18:00:00+00:00,27174.931031932403
2030-02-04 19:00:00+00:00,26008.47470125175
2030-02-04 20:00:00+00:00,24679.012700347852
2030-02-04 21:00:00+00:00,23721.982590412044
2030-02-04 22:00:00+00:00,22448.60648411083
2030-02-04 23:00:00+00:00,21446.98489293076
2030-02-05 00:00:00+00:00,22482.221253923835
2030-02-05 01:00:00+00:00,22281.59489749077
2030-02-05 02:00:00+00:00,22588.167431415073
2030-02-05 03:00:00+00:00,24168.948060763658
2030-02-05 04:00:00+00:00,27735.10832567828
2030-02-05 05:00:00+00:00,30521.247448006525
2030-02-05 06:00:00+00:00,31651.67127544398
2030-02-05 07:00:00+00:00,31194.46297030947
2030-02-05 08:00:00+00:00,30409.75519486021
2030-02-05 09:00:00+00:00,29756.282158063015
2030-02-05 10:00:00+00:00,29357.76274771
2030-02-05 11:00:00+00:00,29256.74445321746
2030-02-05 12:00:00+00:00,29396.119976329897
2030-02-05 13:00:00+00:00,29717.173576259167
2030-02-05 14:00:00+00:00,30172.856108043638
2030-02-05 15:00:00+00:00,30845.04239089375
2030-02-05 16:00:00+00:00,31163.82926196233
2030-02-05 17:00:00+00:00,31072.743277260586
2030-02-05 18:00:00+00:00,29908.410051308267
2030-02-05 19:00:00+00:00,28581.35685880017
2030-02-05 20:00:00+00:00,27058.937035228755
2030-02-05 21:00:00+00:00,25704.31934868251
2030-02-05 22:00:00+00:00,23991.704614871716
2030-02-05 23:00:00+00:00,22872.705336661027
2030-02-06 00:00:00+00:00,23135.172150093334
2030-02-06 01:00:00+00:00,22921.453584122046
2030-02-06 02:00:00+00:00,23270.35930315647
2030-02-06 03:00:00+00:00,24964.009565137487
2030-02-06 04:00:00+00:00,28780.555338356204
2030-02-06 05:00:00+00:00,31605.12228259868
2030-02-06 06:00:00+00:00,32700.900877659533
2030-02-06 07:00:00+00:00,32256.425152524953
2030-02-06 08:00:00+00:00,31580.564301045037
2030-02-06 09:00:00+00:00,30948.070916047134
2030-02-06 10:00:00+00:00,30661.750761732048
2030-02-06 11:00:00+00:00,30525.201683476556
2030-02-06 12:00:00+00:00,30643.01458888361
2030-02-06 13:00:00+00:00,30718.568387978525
2030-02-06 14:00:00+00:00,31140.35222299393
2030-02-06 15:00:00+00:00,31772.85668324668
2030-02-06 16:00:00+00:00,32160.366883498886
2030-02-06 17:00:00+00:00,32172.640697428436
2030-02-06 18:00:00+00:00,31013.096864226347
2030-02-06 19:00:00+00:00,29698.024285900112
2030-02-06 20:00:00+00:00,28105.49056420127
2030-02-06 21:00:00+00:00,26622.860086988294
2030-02-06 22:00:00+00:00,24723.110548912773
2030-02-06 23:00:00+00:00,23505.81186092609
2030-02-07 00:00:00+00:00,23334.903916256862
2030-02-07 01:00:00+00:00,23114.908230583656
2030-02-07 02:00:00+00:00,23447.69261715332
2030-02-07 03:00:00+00:00,25160.762477756372
2030-02-07 04:00:00+00:00,28930.40569764299
2030-02-07 05:00:00+00:00,31718.297380933316
2030-02-07 06:00:00+00:00,32789.07857015583
2030-02-07 07:00:00+00:00,32268.615952995064
2030-02-07 08:00:00+00:00,31688.920287246994
2030-02-07 09:00:00+00:00,31078.65782203454
2030-02-07 10:00:00+00:00,30816.359307603332
2030-02-07 11:00:00+00:00,30700.409311385138
2030-02-07 12:00:00+00:00,30880.623380641508
2030-02-07 13:00:00+00:00,30940.77454261447
2030-02-07 14:00:00+00:00,31533.71039711641
2030-02-07 15:00:00+00:00,32007.33386276915
2030-02-07 16:00:00+00:00,32463.103984109122
2030-02-07 17:00:00+00:00,32431.669308638546
2030-02-07 18:00:00+00:00,31392.21928137976
2030-02-07 19:00:00+00:00,30020.86437927343
2030-02-07 20:00:00+00:00,28352.193942416692
2030-02-07 21:00:00+00:00,26817.03615021626
2030-02-07 22:00:00+00:00,24926.87328130239
2030-02-07 23:00:00+00:00,23647.90567858676
2030-02-08 00:00:00+00:00,23787.70778246724
2030-02-08 01:00:00+00:00,23540.075718501354
2030-02-08 02:00:00+00:00,23951.48278489526
2030-02-08 03:00:00+00:00,25749.817913601804
2030-02-08 04:00:00+00:00,29673.18721531638
2030-02-08 05:00:00+00:00,32375.76649988105
2030-02-08 06:00:00+00:00,33298.904683790955
2030-02-08 07:00:00+00:00,32740.41563902069
2030-02-08 08:00:00+00:00,32223.181479096856
2030-02-08 09:00:00+00:00,31856.418128298592
2030-02-08 10:00:00+00:00,31862.311018033528
2030-02-08 11:00:00+00:00,32078.493070651883
2030-02-08 12:00:00+00:00,32173.4168578956
2030-02-08 13:00:00+00:00,32463.8571789178
2030-02-08 14:00:00+00:00,32376.88245808067
2030-02-08 15:00:00+00:00,32556.25283535559
2030-02-08 16:00:00+00:00,32778.34066828499
2030-02-08 17:00:00+00:00,32909.08687927302
2030-02-08 18:00:00+00:00,32000.92996343762
2030-02-08 19:00:00+00:00,30695.259981522
2030-02-08 20:00:00+00:00,28927.35451501495
2030-02-08 21:00:00+00:00,27355.614459419656
2030-02-08 22:00:00+00:00,25512.716601671797
2030-02-08 23:00:00+00:00,24203.71860063674
2030-02-09 00:00:00+00:00,24455.862670453786
2030-02-09 01:00:00+00:00,24171.64190433313
2030-02-09 02:00:00+00:00,24569.110983820574
2030-02-09 03:00:00+00:00,26346.96987755481
2030-02-09 04:00:00+00:00,29646.451374817
2030-02-09 05:00:00+00:00,30830.096923506328
2030-02-09 06:00:00+00:00,30763.024173199414
2030-02-09 07:00:00+00:00,31150.460773335304
2030-02-09 08:00:00+00:00,31744.37832064246
2030-02-09 09:00:00+00:00,32043.396398687746
2030-02-09 10:00:00+00:00,32001.923517491472
2030-02-09 11:00:00+00:00,31694.011255465983
2030-02-09 12:00:00+00:00,31565.347081158947
2030-02-09 13:00:00+00:00,31472.37523452158
2030-02-09 14:00:00+00:00,31196.609962706778
2030-02-09 15:00:00+00:00,31396.771624386183
2030-02-09 16:00:00+00:00,31852.103933579256
2030-02-09 17:00:00+00:00,32258.999918959387
2030-02-09 18:00:00+00:00,31682.314716985227
2030-02-09 19:00:00+00:00,30755.18477804582
2030-02-09 20:00:00+00:00,29195.61246282381
2030-02-09 21:00:00+00:00,27477.629965663073
2030-02-09 22:00:00+00:00,25623.493789916196
2030-02-09 23:00:00+00:00,24320.547227146075
2030-02-10 00:00:00+00:00,24061.212135017606
2030-02-10 01:00:00+00:00,23801.019302677614
2030-02-10 02:00:00+00:00,24135.923535902006
2030-02-10 03:00:00+00:00,25911.08651591368
2030-02-10 04:00:00+00:00,29055.948117880176
2030-02-10 05:00:00+00:00,29998.697578542862
2030-02-10 06:00:00+00:00,29542.569638298588
2030-02-10 07:00:00+00:00,29576.653536175305
2030-02-10 08:00:00+00:00,30016.492065115603
2030-02-10 09:00:00+00:00,30486.48369811826
2030-02-10 10:00:00+00:00,30873.33558128672
2030-02-10 11:00:00+00:00,30990.22587997768
2030-02-10 12:00:00+00:00,30953.327453385693
2030-02-10 13:00:00+00:00,30994.319237365096
2030-02-10 14:00:00+00:00,30969.648139737543
2030-02-10 15:00:00+00:00,31336.192010319908
2030-02-10 16:00:00+00:00,32015.655022042116
2030-02-10 17:00:00+00:00,32548.35685584814
2030-02-10 18:00:00+00:00,32188.84418721588
2030-02-10 19:00:00+00:00,31234.70925798095
2030-02-10 20:00:00+00:00,29572.280177664234
2030-02-10 21:00:00+00:00,27601.117653453377
2030-02-10 22:00:00+00:00,25454.103614454372
2030-02-10 23:00:00+00:00,24039.633959843693
2030-02-11 00:00:00+00:00,23844.59835672655
2030-02-11 01:00:00+00:00,23667.405257333674
2030-02-11 02:00:00+00:00,24135.269515141506
2030-02-11 03:00:00+00:00,26254.188672980934
2030-02-11 04:00:00+00:00,30717.183554733612
2030-02-11 05:00:00+00:00,33591.600678894145
2030-02-11 06:00:00+00:00,34305.64732271627
2030-02-11 07:00:00+00:00,33861.717738078805
2030-02-11 08:00:00+00:00,33201.06541634956
2030-02-11 09:00:00+00:00,32642.1455448719
2030-02-11 10:00:00+00:00,32350.45097903096
2030-02-11 11:00:00+00:00,32037.15230668849
2030-02-11 12:00:00+00:00,32009.677329578793
2030-02-11 13:00:00+00:00,32086.457736744775
2030-02-11 14:00:00+00:00,32501.372097575877
2030-02-11 15:00:00+00:00,33220.92134318573
2030-02-11 16:00:00+00:00,33532.90715553458
2030-02-11 17:00:00+00:00,33433.0912657749
2030-02-11 18:00:00+00:00,32348.02439707804
2030-02-11 19:00:00+00:00,31131.462951663565
2030-02-11 20:00:00+00:00,29378.96285698713
2030-02-11 21:00:00+00:00,27701.514683051555
2030-02-11 22:00:00+00:00,25655.41002874938
2030-02-11 23:00:00+00:00,24357.245221006728
2030-02-12 00:00:00+00:00,24509.80771594348
2030-02-12 01:00:00+00:00,24309.250491183808
2030-02-12 02:00:00+00:00,24719.256374279063
2030-02-12 03:00:00+00:00,26836.405734714885
2030-02-12 04:00:00+00:00,31305.224323622293
2030-02-12 05:00:00+00:00,34250.53821758763
2030-02-12 06:00:00+00:00,35095.52382740696
2030-02-12 07:00:00+00:00,34553.4577679964
2030-02-12 08:00:00+00:00,33736.04602507784
2030-02-12 09:00:00+00:00,32976.48140787373
2030-02-12 10:00:00+00:00,32643.427866851325
2030-02-12 11:00:00+00:00,32461.242856418387
2030-02-12 12:00:00+00:00,32471.522315355545
2030-02-12 13:00:00+00:00,32601.63335623394
2030-02-12 14:00:00+00:00,33091.51348272017
2030-02-12 15:00:00+00:00,33917.8693151512
2030-02-12 16:00:00+00:00,34294.97581952427
2030-02-12 17:00:00+00:00,34188.38133449365
2030-02-12 18:00:00+00:00,33058.59778545011
2030-02-12 19:00:00+00:00,31751.195732158678
2030-02-12 20:00:00+00:00,29970.11545275176
2030-02-12 21:00:00+00:00,28256.292026668583
2030-02-12 22:00:00+00:00,26081.943714888937
2030-02-12 23:00:00+00:00,24734.923785271938
2030-02-13 00:00:00+00:00,24437.789542144525
2030-02-13 01:00:00+00:00,24282.474221944918
2030-02-13 02:00:00+00:00,24656.334933555983
2030-02-13 03:00:00+00:00,26628.851915537933
2030-02-13 04:00:00+00:00,31110.291587004955
2030-02-13 05:00:00+00:00,33954.199171567554
2030-02-13 06:00:00+00:00,34781.48839232454
2030-02-13 07:00:00+00:00,34342.83226567912
2030-02-13 08:00:00+00:00,33539.01770949003
2030-02-13 09:00:00+00:00,32689.980750702518
2030-02-13 10:00:00+00:00,32371.17887267715
2030-02-13 11:00:00+00:00,32224.94766968017
2030-02-13 12:00:00+00:00,32177.711439235365
2030-02-13 13:00:00+00:00,32383.845024735
2030-02-13 14:00:00+00:00,32834.92408541894
2030-02-13 15:00:00+00:00,33685.24265575456
2030-02-13 16:00:00+00:00,34085.26244721519
2030-02-13 17:00:00+00:00,34075.10458835192
2030-02-13 18:00:00+00:00,33049.92207528689
2030-02-13 19:00:00+00:00,31696.663102203423
2030-02-13 20:00:00+00:00,29982.545746783613
2030-02-13 21:00:00+00:00,28215.435284844607
2030-02-13 22:00:00+00:00,26102.492887593082
2030-02-13 23:00:00+00:00,24661.77687135884
2030-02-14 00:00:00+00:00,24424.005714495757
2030-02-14 01:00:00+00:00,24208.45053866698
2030-02-14 02:00:00+00:00,24585.122933569193
2030-02-14 03:00:00+00:00,26590.094549312704
2030-02-14 04:00:00+00:00,30901.164494742003
2030-02-14 05:00:00+00:00,33680.46141057087
2030-02-14 06:00:00+00:00,34491.58364974743
2030-02-14 07:00:00+00:00,34086.81161300961
2030-02-14 08:00:00+00:00,33460.8890257785
2030-02-14 09:00:00+00:00,32885.43839316441
2030-02-14 10:00:00+00:00,32646.828910716165
2030-02-14 11:00:00+00:00,32505.123675160306
2030-02-14 12:00:00+00:00,32584.630860706337
2030-02-14 13:00:00+00:00,32787.29822601029
2030-02-14 14:00:00+00:00,33244.93513478202
2030-02-14 15:00:00+00:00,33877.393577309376
2030-02-14 16:00:00+00:00,34139.256001270915
2030-02-14 17:00:00+00:00,34118.12112586422
2030-02-14 18:00:00+00:00,33088.0225402053
2030-02-14 19:00:00+00:00,31658.39579120591
2030-02-14 20:00:00+00:00,29959.238637871666
2030-02-14 21:00:00+00:00,28162.940045348412
2030-02-14 22:00:00+00:00,26018.332708448295
2030-02-14 23:00:00+00:00,24594.248467268677
2030-02-15 00:00:00+00:00,23094.372364678504
2030-02-15 01:00:00+00:00,22815.635475496285
2030-02-15 02:00:00+00:00,23081.707259007202
2030-02-15 03:00:00+00:00,24572.729426925885
2030-02-15 04:00:00+00:00,27944.467514257514
2030-02-15 05:00:00+00:00,30389.329991102662
2030-02-15 06:00:00+00:00,31250.579842785584
2030-02-15 07:00:00+00:00,30944.52296966108
2030-02-15 08:00:00+00:00,30580.76653000801
2030-02-15 09:00:00+00:00,30303.568612316692
2030-02-15 10:00:00+00:00,30352.67002918595
2030-02-15 11:00:00+00:00,30542.12594982578
2030-02-15 12:00:00+00:00,30869.787140644738
2030-02-15 13:00:00+00:00,30914.194830297987
2030-02-15 14:00:00+00:00,30982.79458323775
2030-02-15 15:00:00+00:00,31107.461452465053
2030-02-15 16:00:00+00:00,31140.844904343157
2030-02-15 17:00:00+00:00,31204.6264295032
2030-02-15 18:00:00+00:00,30246.84159839383
2030-02-15 19:00:00+00:00,28993.216157691342
2030-02-15 20:00:00+00:00,27397.194658584405
2030-02-15 21:00:00+00:00,26087.400022105583
2030-02-15 22:00:00+00:00,24502.066637109456
2030-02-15 23:00:00+00:00,23268.191076678817
2030-02-16 00:00:00+00:00,22606.82879115255
2030-02-16 01:00:00+00:00,22333.5097293818
2030-02-16 02:00:00+00:00,22600.58471884797
2030-02-16 03:00:00+00:00,23860.924730882518
2030-02-16 04:00:00+00:00,26287.246857213315
2030-02-16 05:00:00+00:00,27248.102512682424
2030-02-16 06:00:00+00:00,27326.63244085707
2030-02-16 07:00:00+00:00,27891.54052187146
2030-02-16 08:00:00+00:00,28665.235487744587
2030-02-16 09:00:00+00:00,29105.236911772074
2030-02-16 10:00:00+00:00,29213.47467981849
2030-02-16 11:00:00+00:00,28975.57266329754
2030-02-16 12:00:00+00:00,28850.88988443129
2030-02-16 13:00:00+00:00,28732.719121845355
2030-02-16 14:00:00+00:00,28472.105645848642
2030-02-16 15:00:00+00:00,28469.470698419904
2030-02-16 16:00:00+00:00,28768.664612344928
2030-02-16 17:00:00+00:00,29081.367613595135
2030-02-16 18:00:00+00:00,28522.780414121615
2030-02-16 19:00:00+00:00,27632.436646182123
2030-02-16 20:00:00+00:00,26339.189079620242
2030-02-16 21:00:00+00:00,25140.70228556569
2030-02-16 22:00:00+00:00,23794.302763464257
2030-02-16 23:00:00+00:00,22721.282104797298
2030-02-17 00:00:00+00:00,22790.423517370167
2030-02-17 01:00:00+00:00,22477.45015798099
2030-02-17 02:00:00+00:00,22678.60867558028
2030-02-17 03:00:00+00:00,24043.569728222592
2030-02-17 04:00:00+00:00,26509.19819433139
2030-02-17 05:00:00+00:00,27240.8633804889
2030-02-17 06:00:00+00:00,26897.76158064363
2030-02-17 07:00:00+00:00,27061.995376876082
2030-02-17 08:00:00+00:00,27693.998018778275
2030-02-17 09:00:00+00:00,28354.379046602793
2030-02-17 10:00:00+00:00,28872.601003482974
2030-02-17 11:00:00+00:00,28937.409229030935
2030-02-17 12:00:00+00:00,28867.01149223193
2030-02-17 13:00:00+00:00,28875.86205382613
2030-02-17 14:00:00+00:00,28775.01607171127
2030-02-17 15:00:00+00:00,29114.955673869088
2030-02-17 16:00:00+00:00,29703.234751024705
2030-02-17 17:00:00+00:00,30182.430681372334
2030-02-17 18:00:00+00:00,29916.02028863805
2030-02-17 19:00:00+00:00,29035.990630704564
2030-02-17 20:00:00+00:00,27485.592263041643
2030-02-17 21:00:00+00:00,25813.84323619064
2030-02-17 22:00:00+00:00,24013.551193003845
2030-02-17 23:00:00+00:00,22814.677641431877
2030-02-18 00:00:00+00:00,23068.522727275362
2030-02-18 01:00:00+00:00,22866.602951519588
2030-02-18 02:00:00+00:00,23314.738711013782
2030-02-18 03:00:00+00:00,25205.20871319595
2030-02-18 04:00:00+00:00,29318.084720422437
2030-02-18 05:00:00+00:00,32191.44632172587
2030-02-18 06:00:00+00:00,33058.473762735426
2030-02-18 07:00:00+00:00,32425.512707207043
2030-02-18 08:00:00+00:00,31700.76738798036
2030-02-18 09:00:00+00:00,31123.121805861854
2030-02-18 10:00:00+00:00,30843.655192409522
2030-02-18 11:00:00+00:00,30562.754206845148
2030-02-18 12:00:00+00:00,30476.931567324304
2030-02-18 13:00:00+00:00,30571.640947236574
2030-02-18 14:00:00+00:00,30912.64261517995
2030-02-18 15:00:00+00:00,31566.44161030675
2030-02-18 16:00:00+00:00,31911.494861220242
2030-02-18 17:00:00+00:00,31908.327846441327
2030-02-18 18:00:00+00:00,30977.812216476388
2030-02-18 19:00:00+00:00,29706.6095923364
2030-02-18 20:00:00+00:00,28065.26738748399
2030-02-18 21:00:00+00:00,26575.56206226675
2030-02-18 22:00:00+00:00,24683.26701265405
2030-02-18 23:00:00+00:00,23451.859764936755
2030-02-19 00:00:00+00:00,23097.431489818577
2030-02-19 01:00:00+00:00,22905.216823989544
2030-02-19 02:00:00+00:00,23238.862886881536
2030-02-19 03:00:00+00:00,24957.181553287934
2030-02-19 04:00:00+00:00,28825.973405278542
2030-02-19 05:00:00+00:00,31614.122405669714
2030-02-19 06:00:00+00:00,32633.98619934612
2030-02-19 07:00:00+00:00,32052.96932455598
2030-02-19 08:00:00+00:00,31295.865928840183
2030-02-19 09:00:00+00:00,30645.411862063975
2030-02-19 10:00:00+00:00,30339.37790506003
2030-02-19 11:00:00+00:00,30136.86683838765
2030-02-19 12:00:00+00:00,30116.17771719608
2030-02-19 13:00:00+00:00,30258.86320393891
2030-02-19 14:00:00+00:00,30715.92051712515
2030-02-19 15:00:00+00:00,31482.104747291985
2030-02-19 16:00:00+00:00,31815.798414924317
2030-02-19 17:00:00+00:00,31742.366072472232
2030-02-19 18:00:00+00:00,30693.182540756992
2030-02-19 19:00:00+00:00,29380.13722951368
2030-02-19 20:00:00+00:00,27787.48161818952
2030-02-19 21:00:00+00:00,26303.352842756016
2030-02-19 22:00:00+00:00,24486.636991771975
2030-02-19 23:00:00+00:00,23248.90127315695
2030-02-20 00:00:00+00:00,23497.099685939036
2030-02-20 01:00:00+00:00,23307.57999781942
2030-02-20 02:00:00+00:00,23701.483621733267
2030-02-20 03:00:00+00:00,25581.895622171836
2030-02-20 04:00:00+00:00,29669.442708151535
2030-02-20 05:00:00+00:00,32571.48676544593
2030-02-20 06:00:00+00:00,33555.79271082945
2030-02-20 07:00:00+00:00,32943.175821485835
2030-02-20 08:00:00+00:00,32159.09210138295
2030-02-20 09:00:00+00:00,31520.365372776985
2030-02-20 10:00:00+00:00,31202.267150445226
2030-02-20 11:00:00+00:00,31036.23443029542
2030-02-20 12:00:00+00:00,31070.554785760647
2030-02-20 13:00:00+00:00,31174.14860955474
2030-02-20 14:00:00+00:00,31622.937177641215
2030-02-20 15:00:00+00:00,32391.825789494895
2030-02-20 16:00:00+00:00,32784.08866740653
2030-02-20 17:00:00+00:00,32749.031407776496
2030-02-20 18:00:00+00:00,31793.383472390473
2030-02-20 19:00:00+00:00,30471.702338114093
2030-02-20 20:00:00+00:00,28799.352438131853
2030-02-20 21:00:00+00:00,27194.93216258643
2030-02-20 22:00:00+00:00,25258.76750472024
2030-02-20 23:00:00+00:00,23912.435282376417
2030-02-21 00:00:00+00:00,24466.901692840962
2030-02-21 01:00:00+00:00,24254.244075180028
2030-02-21 02:00:00+00:00,24663.15536015098
2030-02-21 03:00:00+00:00,26728.221453054783
2030-02-21 04:00:00+00:00,31233.949924142496
2030-02-21 05:00:00+00:00,34165.79019874115
2030-02-21 06:00:00+00:00,35044.79682506041
2030-02-21 07:00:00+00:00,34435.61505051807
2030-02-21 08:00:00+00:00,33606.37455650113
2030-02-21 09:00:00+00:00,32886.59290098377
2030-02-21 10:00:00+00:00,32640.418996406024
2030-02-21 11:00:00+00:00,32445.519798126094
2030-02-21 12:00:00+00:00,32513.56542589291
2030-02-21 13:00:00+00:00,32741.826838494915
2030-02-21 14:00:00+00:00,33146.286653400166
2030-02-21 15:00:00+00:00,33902.96427862668
2030-02-21 16:00:00+00:00,34245.120068057295
2030-02-21 17:00:00+00:00,34355.865178297776
2030-02-21 18:00:00+00:00,33482.05809992459
2030-02-21 19:00:00+00:00,32056.218068109494
2030-02-21 20:00:00+00:00,30255.395264244256
2030-02-21 21:00:00+00:00,28429.88114261987
2030-02-21 22:00:00+00:00,26202.467649316583
2030-02-21 23:00:00+00:00,24732.924538126565
2030-02-22 00:00:00+00:00,24822.52535176047
2030-02-22 01:00:00+00:00,24580.920685681023
2030-02-22 02:00:00+00:00,25043.92794487406
2030-02-22 03:00:00+00:00,27179.483539731187
2030-02-22 04:00:00+00:00,31778.231488705027
2030-02-22 05:00:00+00:00,34641.227829742624
2030-02-22 06:00:00+00:00,35397.50933652665
2030-02-22 07:00:00+00:00,34742.13642078186
2030-02-22 08:00:00+00:00,34204.66575455995
2030-02-22 09:00:00+00:00,33670.42963583918
2030-02-22 10:00:00+00:00,33552.94761823663
2030-02-22 11:00:00+00:00,33754.614731457434
2030-02-22 12:00:00+00:00,34002.41763154798
2030-02-22 13:00:00+00:00,34214.460890546354
2030-02-22 14:00:00+00:00,34362.079105466175
2030-02-22 15:00:00+00:00,34671.58966352079
2030-02-22 16:00:00+00:00,34895.74721152172
2030-02-22 17:00:00+00:00,34940.433075208886
2030-02-22 18:00:00+00:00,34118.33188589957
2030-02-22 19:00:00+00:00,32770.6585034327
2030-02-22 20:00:00+00:00,30854.489162316902
2030-02-22 21:00:00+00:00,29032.415267871213
2030-02-22 22:00:00+00:00,26822.04402643891
2030-02-22 23:00:00+00:00,25323.79503170223
2030-02-23 00:00:00+00:00,25087.290377351816
2030-02-23 01:00:00+00:00,24826.207578480306
2030-02-23 02:00:00+00:00,25244.152386088976
2030-02-23 03:00:00+00:00,27249.471846887824
2030-02-23 04:00:00+00:00,30887.450113355182
2030-02-23 05:00:00+00:00,32205.13296592983
2030-02-23 06:00:00+00:00,31993.921627991112
2030-02-23 07:00:00+00:00,32411.339528185614
2030-02-23 08:00:00+00:00,32981.232016982016
2030-02-23 09:00:00+00:00,33204.55285865573
2030-02-23 10:00:00+00:00,33185.91900779161
2030-02-23 11:00:00+00:00,32958.147589046166
2030-02-23 12:00:00+00:00,32825.27743181143
2030-02-23 13:00:00+00:00,32735.235350100975
2030-02-23 14:00:00+00:00,32549.11377492847
2030-02-23 15:00:00+00:00,32670.33338049355
2030-02-23 16:00:00+00:00,33110.12445038493
2030-02-23 17:00:00+00:00,33411.515925287276
2030-02-23 18:00:00+00:00,32964.131408808
2030-02-23 19:00:00+00:00,31998.54093969061
2030-02-23 20:00:00+00:00,30325.34104500095
2030-02-23 21:00:00+00:00,28431.000078401787
2030-02-23 22:00:00+00:00,26388.10860469078
2030-02-23 23:00:00+00:00,24997.28631211615
2030-02-24 00:00:00+00:00,24079.786113508784
2030-02-24 01:00:00+00:00,23778.897776303205
2030-02-24 02:00:00+00:00,24099.88236665227
2030-02-24 03:00:00+00:00,25804.93790875135
2030-02-24 04:00:00+00:00,28838.14957500238
2030-02-24 05:00:00+00:00,29770.64016284889
2030-02-24 06:00:00+00:00,29265.64265055721
2030-02-24 07:00:00+00:00,29404.35231735542
2030-02-24 08:00:00+00:00,29982.82622623596
2030-02-24 09:00:00+00:00,30598.869791187935
2030-02-24 10:00:00+00:00,30981.275076559617
2030-02-24 11:00:00+00:00,31049.006475953614
2030-02-24 12:00:00+00:00,31015.39318069926
2030-02-24 13:00:00+00:00,31054.24547652641
2030-02-24 14:00:00+00:00,31068.892092495338
2030-02-24 15:00:00+00:00,31392.9778225613
2030-02-24 16:00:00+00:00,32040.138597693614
2030-02-24 17:00:00+00:00,32468.49747268415
2030-02-24 18:00:00+00:00,32168.63092454477
2030-02-24 19:00:00+00:00,31196.11210969266
2030-02-24 20:00:00+00:00,29439.258891928483
2030-02-24 21:00:00+00:00,27452.96093839739
2030-02-24 22:00:00+00:00,25325.201208258684
2030-02-24 23:00:00+00:00,23906.068636192223
2030-02-25 00:00:00+00:00,23286.85349816507
2030-02-25 01:00:00+00:00,23107.45715423103
2030-02-25 02:00:00+00:00,23497.373904723685
2030-02-25 03:00:00+00:00,25459.363306927044
2030-02-25 04:00:00+00:00,29637.24008588203
2030-02-25 05:00:00+00:00,32555.44397834189
2030-02-25 06:00:00+00:00,33433.50793936496
2030-02-25 07:00:00+00:00,32855.5053927903
2030-02-25 08:00:00+00:00,32211.3202040731
2030-02-25 09:00:00+00:00,31661.94547664228
2030-02-25 10:00:00+00:00,31325.75031679399
2030-02-25 11:00:00+00:00,31068.380381919214
2030-02-25 12:00:00+00:00,31076.974490713095
2030-02-25 13:00:00+00:00,31206.074036681097
2030-02-25 14:00:00+00:00,31583.35297345335
2030-02-25 15:00:00+00:00,32304.91324173408
2030-02-25 16:00:00+00:00,32630.971201958146
2030-02-25 17:00:00+00:00,32461.85162012288
2030-02-25 18:00:00+00:00,31474.452234076834
2030-02-25 19:00:00+00:00,30187.04913592112
2030-02-25 20:00:00+00:00,28508.864260937917
2030-02-25 21:00:00+00:00,26905.806260480735
2030-02-25 22:00:00+00:00,24959.286946825086
2030-02-25 23:00:00+00:00,23732.471757635707
2030-02-26 00:00:00+00:00,23163.11092138081
2030-02-26 01:00:00+00:00,22993.259496519557
2030-02-26 02:00:00+00:00,23328.599096896847
2030-02-26 03:00:00+00:00,24973.879308283627
2030-02-26 04:00:00+00:00,28766.33670717761
2030-02-26 05:00:00+00:00,31586.348030776284
2030-02-26 06:00:00+00:00,32583.81306523424
2030-02-26 07:00:00+00:00,32032.745753271247
2030-02-26 08:00:00+00:00,31317.11735911011
2030-02-26 09:00:00+00:00,30620.575686273663
2030-02-26 10:00:00+00:00,30303.73465799668
2030-02-26 11:00:00+00:00,30086.406268716004
2030-02-26 12:00:00+00:00,30215.48406510588
2030-02-26 13:00:00+00:00,30417.388279255898
2030-02-26 14:00:00+00:00,30934.136708885566
2030-02-26 15:00:00+00:00,31544.298418129172
2030-02-26 16:00:00+00:00,31809.3962604403
2030-02-26 17:00:00+00:00,31627.113624989568
2030-02-26 18:00:00+00:00,30610.536485224395
2030-02-26 19:00:00+00:00,29273.440788999458
2030-02-26 20:00:00+00:00,27704.87199528403
2030-02-26 21:00:00+00:00,26245.414526264125
2030-02-26 22:00:00+00:00,24450.557546927757
2030-02-26 23:00:00+00:00,23257.31926879359
2030-02-27 00:00:00+00:00,23395.377443302656
2030-02-27 01:00:00+00:00,23163.80955201842
2030-02-27 02:00:00+00:00,23549.037395235177
2030-02-27 03:00:00+00:00,25373.706005426367
2030-02-27 04:00:00+00:00,29352.839625004945
2030-02-27 05:00:00+00:00,32234.059452944766
2030-02-27 06:00:00+00:00,33250.954902280464
2030-02-27 07:00:00+00:00,32800.59539291575
2030-02-27 08:00:00+00:00,32117.629927152804
2030-02-27 09:00:00+00:00,31474.30861956513
2030-02-27 10:00:00+00:00,31234.190917709355
2030-02-27 11:00:00+00:00,31110.826895498376
2030-02-27 12:00:00+00:00,31234.808027501345
2030-02-27 13:00:00+00:00,31384.299851792293
2030-02-27 14:00:00+00:00,31784.067040598384
2030-02-27 15:00:00+00:00,32484.023588919346
2030-02-27 16:00:00+00:00,32760.2999123525
2030-02-27 17:00:00+00:00,32569.847630169
2030-02-27 18:00:00+00:00,31563.159598586495
2030-02-27 19:00:00+00:00,30209.099115972134
2030-02-27 20:00:00+00:00,28564.396186773436
2030-02-27 21:00:00+00:00,27002.207663854984
2030-02-27 22:00:00+00:00,25060.830032254253
2030-02-27 23:00:00+00:00,23767.762270756746
2030-02-28 00:00:00+00:00,23478.111647397483
2030-02-28 01:00:00+00:00,23245.44107362579
2030-02-28 02:00:00+00:00,23576.553281325905
2030-02-28 03:00:00+00:00,25274.279159134985
2030-02-28 04:00:00+00:00,29157.47881831155
2030-02-28 05:00:00+00:00,31971.207069271553
2030-02-28 06:00:00+00:00,32938.44544365046
2030-02-28 07:00:00+00:00,32504.217965688655
2030-02-28 08:00:00+00:00,31887.7561070302
2030-02-28 09:00:00+00:00,31306.77087106849
2030-02-28 10:00:00+00:00,31065.064532434193
2030-02-28 11:00:00+00:00,30861.092521761573
2030-02-28 12:00:00+00:00,30956.663796576253
2030-02-28 13:00:00+00:00,31202.544671735213
2030-02-28 14:00:00+00:00,31612.280456002278
2030-02-28 15:00:00+00:00,32202.39419105766
2030-02-28 16:00:00+00:00,32475.79601971842
2030-02-28 17:00:00+00:00,32420.018221427996
2030-02-28 18:00:00+00:00,31515.218423774837
2030-02-28 19:00:00+00:00,30167.45092279157
2030-02-28 20:00:00+00:00,28487.223022803777
2030-02-28 21:00:00+00:00,26922.076843747163
2030-02-28 22:00:00+00:00,24961.093937455524
2030-02-28 23:00:00+00:00,23755.417298643737
2030-03-01 00:00:00+00:00,23247.994330236957
2030-03-01 01:00:00+00:00,22978.89229232077
2030-03-01 02:00:00+00:00,23270.645047456386
2030-03-01 03:00:00+00:00,24935.634334173265
2030-03-01 04:00:00+00:00,28581.079159339217
2030-03-01 05:00:00+00:00,31175.87462306912
2030-03-01 06:00:00+00:00,32086.59903721265
2030-03-01 07:00:00+00:00,31654.762671339675
2030-03-01 08:00:00+00:00,31247.75349074819
2030-03-01 09:00:00+00:00,30987.448511788516
2030-03-01 10:00:00+00:00,31036.760019778623
2030-03-01 11:00:00+00:00,31193.93738543608
2030-03-01 12:00:00+00:00,31481.87314664764
2030-03-01 13:00:00+00:00,31632.622994526173
2030-03-01 14:00:00+00:00,31694.889055704058
2030-03-01 15:00:00+00:00,31834.230760370832
2030-03-01 16:00:00+00:00,31897.1777893273
2030-03-01 17:00:00+00:00,31823.076367735586
2030-03-01 18:00:00+00:00,31036.122058352074
2030-03-01 19:00:00+00:00,29719.124619206294
2030-03-01 20:00:00+00:00,28101.57165966804
2030-03-01 21:00:00+00:00,26630.60955349069
2030-03-01 22:00:00+00:00,24890.209467259956
2030-03-01 23:00:00+00:00,23666.05137214563
2030-03-02 00:00:00+00:00,23458.183285027353
2030-03-02 01:00:00+00:00,23137.519462732937
2030-03-02 02:00:00+00:00,23431.74834123922
2030-03-02 03:00:00+00:00,24936.531890741073
2030-03-02 04:00:00+00:00,27751.052805754058
2030-03-02 05:00:00+00:00,28820.642577414197
2030-03-02 06:00:00+00:00,28827.618890766575
2030-03-02 07:00:00+00:00,29400.26263540097
2030-03-02 08:00:00+00:00,30109.116816943057
2030-03-02 09:00:00+00:00,30482.833251004882
2030-03-02 10:00:00+00:00,30485.074116534535
2030-03-02 11:00:00+00:00,30272.00317288464
2030-03-02 12:00:00+00:00,30114.617623373288
2030-03-02 13:00:00+00:00,29994.310253747903
2030-03-02 14:00:00+00:00,29774.74989933235
2030-03-02 15:00:00+00:00,29785.0176536419
2030-03-02 16:00:00+00:00,30097.86046162732
2030-03-02 17:00:00+00:00,30373.354797721717
2030-03-02 18:00:00+00:00,29977.56941065838
2030-03-02 19:00:00+00:00,29073.84799162757
2030-03-02 20:00:00+00:00,27660.572085791715
2030-03-02 21:00:00+00:00,26178.46259238149
2030-03-02 22:00:00+00:00,24652.46667622572
2030-03-02 23:00:00+00:00,23467.24372265257
2030-03-03 00:00:00+00:00,22976.610382825875
2030-03-03 01:00:00+00:00,22624.081876523334
2030-03-03 02:00:00+00:00,22902.23476992028
2030-03-03 03:00:00+00:00,24283.110116371783
2030-03-03 04:00:00+00:00,26817.0706477054
2030-03-03 05:00:00+00:00,27616.507467166175
2030-03-03 06:00:00+00:00,27203.06901474038
2030-03-03 07:00:00+00:00,27431.260815098685
2030-03-03 08:00:00+00:00,28072.118851512405
2030-03-03 09:00:00+00:00,28692.769470039522
2030-03-03 10:00:00+00:00,29020.710299784132
2030-03-03 11:00:00+00:00,29217.95153040804
2030-03-03 12:00:00+00:00,29105.602606397802
2030-03-03 13:00:00+00:00,29179.901104416942
2030-03-03 14:00:00+00:00,29166.417730818815
2030-03-03 15:00:00+00:00,29471.283602306394
2030-03-03 16:00:00+00:00,30023.085473925454
2030-03-03 17:00:00+00:00,30383.912004422305
2030-03-03 18:00:00+00:00,30203.60456676593
2030-03-03 19:00:00+00:00,29281.16208792141
2030-03-03 20:00:00+00:00,27667.778798091585
2030-03-03 21:00:00+00:00,25960.993349573164
2030-03-03 22:00:00+00:00,24131.86697882639
2030-03-03 23:00:00+00:00,22897.098045621333
2030-03-04 00:00:00+00:00,21821.516899334812
2030-03-04 01:00:00+00:00,21636.48132932357
2030-03-04 02:00:00+00:00,21959.155187802175
2030-03-04 03:00:00+00:00,23440.132102502033
2030-03-04 04:00:00+00:00,26821.53615676737
2030-03-04 05:00:00+00:00,29495.85833268349
2030-03-04 06:00:00+00:00,30402.247756879053
2030-03-04 07:00:00+00:00,29905.854967517113
2030-03-04 08:00:00+00:00,29302.824554604875
2030-03-04 09:00:00+00:00,28788.592564366536
2030-03-04 10:00:00+00:00,28537.38688151067
2030-03-04 11:00:00+00:00,28310.460540850025
2030-03-04 12:00:00+00:00,28317.809286855078
2030-03-04 13:00:00+00:00,28377.24853697023
2030-03-04 14:00:00+00:00,28741.277231451804
2030-03-04 15:00:00+00:00,29347.508432004943
2030-03-04 16:00:00+00:00,29554.645247301745
2030-03-04 17:00:00+00:00,29325.219718619166
2030-03-04 18:00:00+00:00,28541.211934432267
2030-03-04 19:00:00+00:00,27368.02712919565
2030-03-04 20:00:00+00:00,25962.77582074982
2030-03-04 21:00:00+00:00,24707.806973360755
2030-03-04 22:00:00+00:00,23141.058348742336
2030-03-04 23:00:00+00:00,22075.494016630986
2030-03-05 00:00:00+00:00,20521.101977877603
2030-03-05 01:00:00+00:00,20304.838014841887
2030-03-05 02:00:00+00:00,20448.565945270268
2030-03-05 03:00:00+00:00,21396.466658701982
2030-03-05 04:00:00+00:00,23826.0287112047
2030-03-05 05:00:00+00:00,26383.907508056556
2030-03-05 06:00:00+00:00,27615.454885932453
2030-03-05 07:00:00+00:00,27261.81847805147
2030-03-05 08:00:00+00:00,26706.261840021696
2030-03-05 09:00:00+00:00,26175.829774149595
2030-03-05 10:00:00+00:00,25988.977743949272
2030-03-05 11:00:00+00:00,25855.36028369588
2030-03-05 12:00:00+00:00,25964.085002674416
2030-03-05 13:00:00+00:00,26175.67569905038
2030-03-05 14:00:00+00:00,26612.108017569564
2030-03-05 15:00:00+00:00,27127.422373642457
2030-03-05 16:00:00+00:00,27200.51130945533
2030-03-05 17:00:00+00:00,26889.513622527807
2030-03-05 18:00:00+00:00,26002.71835401748
2030-03-05 19:00:00+00:00,24807.498650796446
2030-03-05 20:00:00+00:00,23652.489694683554
2030-03-05 21:00:00+00:00,22819.745560384286
2030-03-05 22:00:00+00:00,21677.990782865065
2030-03-05 23:00:00+00:00,20747.613842238334
2030-03-06 00:00:00+00:00,19781.813714471355
2030-03-06 01:00:00+00:00,19559.893035893816
2030-03-06 02:00:00+00:00,19629.755395730903
2030-03-06 03:00:00+00:00,20389.249917008325
2030-03-06 04:00:00+00:00,22373.798012514188
2030-03-06 05:00:00+00:00,24770.586552661804
2030-03-06 06:00:00+00:00,26088.539581902416
2030-03-06 07:00:00+00:00,25895.298095971077
2030-03-06 08:00:00+00:00,25502.04606759259
2030-03-06 09:00:00+00:00,25106.32366783285
2030-03-06 10:00:00+00:00,25000.27009535702
2030-03-06 11:00:00+00:00,24803.989017603668
2030-03-06 12:00:00+00:00,25109.953616429313
2030-03-06 13:00:00+00:00,25305.237338789706
2030-03-06 14:00:00+00:00,25743.68829261081
2030-03-06 15:00:00+00:00,26119.421400769657
2030-03-06 16:00:00+00:00,26219.427055563574
2030-03-06 17:00:00+00:00,25855.72335609834
2030-03-06 18:00:00+00:00,24984.813236744278
2030-03-06 19:00:00+00:00,23767.436580175872
2030-03-06 20:00:00+00:00,22699.061062787583
2030-03-06 21:00:00+00:00,22086.58278432311
2030-03-06 22:00:00+00:00,21120.829612794976
2030-03-06 23:00:00+00:00,20226.516844748916
2030-03-07 00:00:00+00:00,20080.81174331886
2030-03-07 01:00:00+00:00,19864.079190257053
2030-03-07 02:00:00+00:00,19974.4553115909
2030-03-07 03:00:00+00:00,20784.706445950473
2030-03-07 04:00:00+00:00,22923.07982645053
2030-03-07 05:00:00+00:00,25354.898012114452
2030-03-07 06:00:00+00:00,26586.931314465066
2030-03-07 07:00:00+00:00,26369.23092083898
2030-03-07 08:00:00+00:00,25946.811210036747
2030-03-07 09:00:00+00:00,25635.60424771134
2030-03-07 10:00:00+00:00,25767.252385814507
2030-03-07 11:00:00+00:00,25680.464191557916
2030-03-07 12:00:00+00:00,25829.90671804047
2030-03-07 13:00:00+00:00,26031.283221331374
2030-03-07 14:00:00+00:00,26351.31089710831
2030-03-07 15:00:00+00:00,26898.80004355184
2030-03-07 16:00:00+00:00,27057.270008191575
2030-03-07 17:00:00+00:00,26770.657476717417
2030-03-07 18:00:00+00:00,25774.31268131449
2030-03-07 19:00:00+00:00,24533.8312383908
2030-03-07 20:00:00+00:00,23334.056993242117
2030-03-07 21:00:00+00:00,22543.75278745959
2030-03-07 22:00:00+00:00,21509.900750932797
2030-03-07 23:00:00+00:00,20543.2796694663
2030-03-08 00:00:00+00:00,20013.87134846199
2030-03-08 01:00:00+00:00,19733.25465448964
2030-03-08 02:00:00+00:00,19858.4737516563
2030-03-08 03:00:00+00:00,20620.73751389551
2030-03-08 04:00:00+00:00,22648.02718911837
2030-03-08 05:00:00+00:00,24875.620890981634
2030-03-08 06:00:00+00:00,25984.919055811704
2030-03-08 07:00:00+00:00,25752.758965453006
2030-03-08 08:00:00+00:00,25507.918799728195
2030-03-08 09:00:00+00:00,25570.125414916405
2030-03-08 10:00:00+00:00,25732.289438589556
2030-03-08 11:00:00+00:00,26127.242162209124
2030-03-08 12:00:00+00:00,26537.494438208556
2030-03-08 13:00:00+00:00,26657.54779190582
2030-03-08 14:00:00+00:00,26664.650523418593
2030-03-08 15:00:00+00:00,26650.475008469402
2030-03-08 16:00:00+00:00,26595.38102954356
2030-03-08 17:00:00+00:00,26370.51827855851
2030-03-08 18:00:00+00:00,25519.812642419343
2030-03-08 19:00:00+00:00,24352.36519795322
2030-03-08 20:00:00+00:00,23139.23265751459
2030-03-08 21:00:00+00:00,22478.4378285052
2030-03-08 22:00:00+00:00,21578.172687086437
2030-03-08 23:00:00+00:00,20675.277593110113
2030-03-09 00:00:00+00:00,20989.93320975444
2030-03-09 01:00:00+00:00,20578.400441128808
2030-03-09 02:00:00+00:00,20747.44394571595
2030-03-09 03:00:00+00:00,21659.29683092636
2030-03-09 04:00:00+00:00,23412.815684171008
2030-03-09 05:00:00+00:00,24212.060851874325
2030-03-09 06:00:00+00:00,24440.581520237156
2030-03-09 07:00:00+00:00,25222.677697849387
2030-03-09 08:00:00+00:00,26200.59612807455
2030-03-09 09:00:00+00:00,26708.488949977436
2030-03-09 10:00:00+00:00,26887.753723923815
2030-03-09 11:00:00+00:00,26757.173203819206
2030-03-09 12:00:00+00:00,26643.609953861524
2030-03-09 13:00:00+00:00,26511.76748071056
2030-03-09 14:00:00+00:00,26238.874307275746
2030-03-09 15:00:00+00:00,26172.788257226424
2030-03-09 16:00:00+00:00,26332.01219244516
2030-03-09 17:00:00+00:00,26426.59859038811
2030-03-09 18:00:00+00:00,25973.10756676152
2030-03-09 19:00:00+00:00,25121.672719021386
2030-03-09 20:00:00+00:00,23999.266472519947
2030-03-09 21:00:00+00:00,23140.624020096904
2030-03-09 22:00:00+00:00,22204.028544502562
2030-03-09 23:00:00+00:00,21318.99649072853
2030-03-10 00:00:00+00:00,22847.97077808347
2030-03-10 01:00:00+00:00,22506.63213803418
2030-03-10 02:00:00+00:00,22820.70539935387
2030-03-10 03:00:00+00:00,24283.00583785216
2030-03-10 04:00:00+00:00,26951.957430115184
2030-03-10 05:00:00+00:00,27817.21430316153
2030-03-10 06:00:00+00:00,27428.195608252125
2030-03-10 07:00:00+00:00,27751.395128984288
2030-03-10 08:00:00+00:00,28408.949783320855
2030-03-10 09:00:00+00:00,29039.370736534634
2030-03-10 10:00:00+00:00,29518.6483995246
2030-03-10 11:00:00+00:00,29584.826290207275
2030-03-10 12:00:00+00:00,29542.542292472575
2030-03-10 13:00:00+00:00,29676.104377389223
2030-03-10 14:00:00+00:00,29598.83942215349
2030-03-10 15:00:00+00:00,29883.120829740437
2030-03-10 16:00:00+00:00,30445.86113727229
2030-03-10 17:00:00+00:00,30731.823773392167
2030-03-10 18:00:00+00:00,30497.15478254675
2030-03-10 19:00:00+00:00,29623.208105178095
2030-03-10 20:00:00+00:00,28037.04061967233
2030-03-10 21:00:00+00:00,26262.050278842344
2030-03-10 22:00:00+00:00,24370.757119131722
2030-03-10 23:00:00+00:00,23094.47880373416
2030-03-11 00:00:00+00:00,24122.31028495535
2030-03-11 01:00:00+00:00,23958.214213793894
2030-03-11 02:00:00+00:00,24506.06260226105
2030-03-11 03:00:00+00:00,26748.423385194008
2030-03-11 04:00:00+00:00,31502.31309094703
2030-03-11 05:00:00+00:00,34605.73000408461
2030-03-11 06:00:00+00:00,35292.12651862559
2030-03-11 07:00:00+00:00,34738.9804492224
2030-03-11 08:00:00+00:00,33995.26997507752
2030-03-11 09:00:00+00:00,33368.23119600254
2030-03-11 10:00:00+00:00,33047.44519346046
2030-03-11 11:00:00+00:00,32802.10776061255
2030-03-11 12:00:00+00:00,32748.83321529162
2030-03-11 13:00:00+00:00,32856.25753912926
2030-03-11 14:00:00+00:00,33269.81805758455
2030-03-11 15:00:00+00:00,34069.979184128475
2030-03-11 16:00:00+00:00,34374.10620649492
2030-03-11 17:00:00+00:00,34155.579156744425
2030-03-11 18:00:00+00:00,33403.21229371078
2030-03-11 19:00:00+00:00,32140.61212972383
2030-03-11 20:00:00+00:00,30298.19259524045
2030-03-11 21:00:00+00:00,28441.262321499617
2030-03-11 22:00:00+00:00,26255.565753226343
2030-03-11 23:00:00+00:00,24863.850942422072
2030-03-12 00:00:00+00:00,25152.361190079762
2030-03-12 01:00:00+00:00,24978.781298717553
2030-03-12 02:00:00+00:00,25459.591677302717
2030-03-12 03:00:00+00:00,27686.077064509598
2030-03-12 04:00:00+00:00,32500.087283307723
2030-03-12 05:00:00+00:00,35577.86146761564
2030-03-12 06:00:00+00:00,36184.94433397662
2030-03-12 07:00:00+00:00,35553.57834403608
2030-03-12 08:00:00+00:00,34799.94439430306
2030-03-12 09:00:00+00:00,34068.37620067003
2030-03-12 10:00:00+00:00,33760.02708588096
2030-03-12 11:00:00+00:00,33642.46286083305
2030-03-12 12:00:00+00:00,33529.83108679802
2030-03-12 13:00:00+00:00,33621.512461435486
2030-03-12 14:00:00+00:00,34074.137186445485
2030-03-12 15:00:00+00:00,34829.25385841298
2030-03-12 16:00:00+00:00,35180.72255435984
2030-03-12 17:00:00+00:00,34978.389571209074
2030-03-12 18:00:00+00:00,34356.0313427284
2030-03-12 19:00:00+00:00,32999.652603747
2030-03-12 20:00:00+00:00,31126.320841423392
2030-03-12 21:00:00+00:00,29155.10335676325
2030-03-12 22:00:00+00:00,26851.225506383442
2030-03-12 23:00:00+00:00,25389.479072812872
2030-03-13 00:00:00+00:00,25313.74588917638
2030-03-13 01:00:00+00:00,25107.977858251834
2030-03-13 02:00:00+00:00,25593.14795446855
2030-03-13 03:00:00+00:00,27794.225966407488
2030-03-13 04:00:00+00:00,32619.66397866946
2030-03-13 05:00:00+00:00,35702.55544300208
2030-03-13 06:00:00+00:00,36357.96585351893
2030-03-13 07:00:00+00:00,35825.26287763683
2030-03-13 08:00:00+00:00,35034.6129349872
2030-03-13 09:00:00+00:00,34189.90829871326
2030-03-13 10:00:00+00:00,33711.02586883154
2030-03-13 11:00:00+00:00,33577.377280433764
2030-03-13 12:00:00+00:00,33561.39815150529
2030-03-13 13:00:00+00:00,33614.75758409952
2030-03-13 14:00:00+00:00,34159.69468486276
2030-03-13 15:00:00+00:00,35009.49650036607
2030-03-13 16:00:00+00:00,35300.39409766801
2030-03-13 17:00:00+00:00,35122.7292014347
2030-03-13 18:00:00+00:00,34476.562133934276
2030-03-13 19:00:00+00:00,33103.52040239212
2030-03-13 20:00:00+00:00,31242.69733382334
2030-03-13 21:00:00+00:00,29223.14561727004
2030-03-13 22:00:00+00:00,26832.665584252576
2030-03-13 23:00:00+00:00,25347.6565127962
2030-03-14 00:00:00+00:00,24592.171255046575
2030-03-14 01:00:00+00:00,24371.469895723585
2030-03-14 02:00:00+00:00,24756.817645643943
2030-03-14 03:00:00+00:00,26758.323470056897
2030-03-14 04:00:00+00:00,31125.758668564693
2030-03-14 05:00:00+00:00,34050.5367567671
2030-03-14 06:00:00+00:00,34759.70900317364
2030-03-14 07:00:00+00:00,34218.07641452272
2030-03-14 08:00:00+00:00,33589.77384601007
2030-03-14 09:00:00+00:00,32854.56699218642
2030-03-14 10:00:00+00:00,32513.571367273613
2030-03-14 11:00:00+00:00,32242.243613532366
2030-03-14 12:00:00+00:00,32213.957443531046
2030-03-14 13:00:00+00:00,32470.61377325586
2030-03-14 14:00:00+00:00,32950.221062616154
2030-03-14 15:00:00+00:00,33690.34004802525
2030-03-14 16:00:00+00:00,33979.18521506245
2030-03-14 17:00:00+00:00,33826.28407516517
2030-03-14 18:00:00+00:00,33282.99032240251
2030-03-14 19:00:00+00:00,31976.911442369514
2030-03-14 20:00:00+00:00,30220.232059083963
2030-03-14 21:00:00+00:00,28394.064516359453
2030-03-14 22:00:00+00:00,26219.785820469006
2030-03-14 23:00:00+00:00,24839.19595309044
2030-03-15 00:00:00+00:00,24186.1376355287
2030-03-15 01:00:00+00:00,23940.303351647835
2030-03-15 02:00:00+00:00,24338.571323823413
2030-03-15 03:00:00+00:00,26190.986636773287
2030-03-15 04:00:00+00:00,30283.793621750276
2030-03-15 05:00:00+00:00,32950.794736026204
2030-03-15 06:00:00+00:00,33636.91812335239
2030-03-15 07:00:00+00:00,33134.47117926602
2030-03-15 08:00:00+00:00,32575.600766417585
2030-03-15 09:00:00+00:00,32292.05212490117
2030-03-15 10:00:00+00:00,32077.037786069286
2030-03-15 11:00:00+00:00,32304.77308628217
2030-03-15 12:00:00+00:00,32535.818631838763
2030-03-15 13:00:00+00:00,32600.691593319993
2030-03-15 14:00:00+00:00,32754.683278277203
2030-03-15 15:00:00+00:00,32996.75377836405
2030-03-15 16:00:00+00:00,33113.55807550698
2030-03-15 17:00:00+00:00,32984.317650574085
2030-03-15 18:00:00+00:00,32460.12095474244
2030-03-15 19:00:00+00:00,31175.641218907855
2030-03-15 20:00:00+00:00,29388.383640351683
2030-03-15 21:00:00+00:00,27686.393014849258
2030-03-15 22:00:00+00:00,25763.431159475633
2030-03-15 23:00:00+00:00,24471.218604495232
2030-03-16 00:00:00+00:00,22662.315275726127
2030-03-16 01:00:00+00:00,22340.15988435144
2030-03-16 02:00:00+00:00,22499.88560605354
2030-03-16 03:00:00+00:00,23734.405608663605
2030-03-16 04:00:00+00:00,25988.482997225976
2030-03-16 05:00:00+00:00,26960.72651464805
2030-03-16 06:00:00+00:00,27010.906802029825
2030-03-16 07:00:00+00:00,27687.336226951607
2030-03-16 08:00:00+00:00,28560.542753651207
2030-03-16 09:00:00+00:00,28881.38769800475
2030-03-16 10:00:00+00:00,28959.31777185216
2030-03-16 11:00:00+00:00,28775.03249745934
2030-03-16 12:00:00+00:00,28581.501468609567
2030-03-16 13:00:00+00:00,28392.186703221287
2030-03-16 14:00:00+00:00,28135.91680548941
2030-03-16 15:00:00+00:00,28188.481178730533
2030-03-16 16:00:00+00:00,28408.85553140095
2030-03-16 17:00:00+00:00,28453.246177737165
2030-03-16 18:00:00+00:00,28168.894761544645
2030-03-16 19:00:00+00:00,27306.903870582235
2030-03-16 20:00:00+00:00,26017.023795353685
2030-03-16 21:00:00+00:00,24835.705193612157
2030-03-16 22:00:00+00:00,23594.414271298523
2030-03-16 23:00:00+00:00,22571.28925405147
2030-03-17 00:00:00+00:00,22025.10393624032
2030-03-17 01:00:00+00:00,21673.53859459417
2030-03-17 02:00:00+00:00,21799.49425847491
2030-03-17 03:00:00+00:00,22888.06569831069
2030-03-17 04:00:00+00:00,24865.458602070965
2030-03-17 05:00:00+00:00,25505.889401304597
2030-03-17 06:00:00+00:00,25188.166839036967
2030-03-17 07:00:00+00:00,25541.125648317327
2030-03-17 08:00:00+00:00,26354.704545591474
2030-03-17 09:00:00+00:00,26890.539786061876
2030-03-17 10:00:00+00:00,27476.637499176024
2030-03-17 11:00:00+00:00,27561.51128927941
2030-03-17 12:00:00+00:00,27452.39063298042
2030-03-17 13:00:00+00:00,27515.7974366616
2030-03-17 14:00:00+00:00,27553.295358573752
2030-03-17 15:00:00+00:00,27709.9503378379
2030-03-17 16:00:00+00:00,28164.5037129771
2030-03-17 17:00:00+00:00,28422.859449855383
2030-03-17 18:00:00+00:00,28276.784137621722
2030-03-17 19:00:00+00:00,27347.405412207383
2030-03-17 20:00:00+00:00,25956.921654686175
2030-03-17 21:00:00+00:00,24568.143963104365
2030-03-17 22:00:00+00:00,23012.496515069153
2030-03-17 23:00:00+00:00,21841.14512743356
2030-03-18 00:00:00+00:00,21581.897809847334
2030-03-18 01:00:00+00:00,21430.396096540153
2030-03-18 02:00:00+00:00,21786.317417050235
2030-03-18 03:00:00+00:00,23278.84249504547
2030-03-18 04:00:00+00:00,26641.8947146588
2030-03-18 05:00:00+00:00,29273.142972346326
2030-03-18 06:00:00+00:00,30083.86645272114
2030-03-18 07:00:00+00:00,29731.897013074544
2030-03-18 08:00:00+00:00,29056.91671711009
2030-03-18 09:00:00+00:00,28632.246994554658
2030-03-18 10:00:00+00:00,28289.034022645763
2030-03-18 11:00:00+00:00,28225.23433452626
2030-03-18 12:00:00+00:00,28259.6522149897
2030-03-18 13:00:00+00:00,28336.121445447603
2030-03-18 14:00:00+00:00,28609.504806240824
2030-03-18 15:00:00+00:00,29235.57891959148
2030-03-18 16:00:00+00:00,29493.331399985917
2030-03-18 17:00:00+00:00,29061.404218695214
2030-03-18 18:00:00+00:00,28330.370557076098
2030-03-18 19:00:00+00:00,27173.15932388051
2030-03-18 20:00:00+00:00,25763.95114497015
2030-03-18 21:00:00+00:00,24514.359977897715
2030-03-18 22:00:00+00:00,23068.74387603721
2030-03-18 23:00:00+00:00,22026.188887069864
2030-03-19 00:00:00+00:00,22185.870470412236
2030-03-19 01:00:00+00:00,21949.123115789396
2030-03-19 02:00:00+00:00,22242.64717977769
2030-03-19 03:00:00+00:00,23746.386940908065
2030-03-19 04:00:00+00:00,27157.342813223164
2030-03-19 05:00:00+00:00,29835.14928973952
2030-03-19 06:00:00+00:00,30885.586871393894
2030-03-19 07:00:00+00:00,30530.979653980798
2030-03-19 08:00:00+00:00,29849.01289055058
2030-03-19 09:00:00+00:00,29272.168792931847
2030-03-19 10:00:00+00:00,29073.711052979914
2030-03-19 11:00:00+00:00,28928.205261267263
2030-03-19 12:00:00+00:00,28828.381335427977
2030-03-19 13:00:00+00:00,29100.19454496959
2030-03-19 14:00:00+00:00,29454.11896469467
2030-03-19 15:00:00+00:00,30113.18582927182
2030-03-19 16:00:00+00:00,30311.389601852698
2030-03-19 17:00:00+00:00,29969.277915429328
2030-03-19 18:00:00+00:00,29249.476532635173
2030-03-19 19:00:00+00:00,28014.509972250427
2030-03-19 20:00:00+00:00,26522.11495400256
2030-03-19 21:00:00+00:00,25200.80447233902
2030-03-19 22:00:00+00:00,23644.847173854487
2030-03-19 23:00:00+00:00,22477.356581221116
2030-03-20 00:00:00+00:00,22711.47238280082
2030-03-20 01:00:00+00:00,22506.170347716255
2030-03-20 02:00:00+00:00,22847.39836044718
2030-03-20 03:00:00+00:00,24515.956971709227
2030-03-20 04:00:00+00:00,28192.500129119875
2030-03-20 05:00:00+00:00,30965.170030498088
2030-03-20 06:00:00+00:00,31960.2972903484
2030-03-20 07:00:00+00:00,31669.412335241654
2030-03-20 08:00:00+00:00,31027.678220802343
2030-03-20 09:00:00+00:00,30468.113688838705
2030-03-20 10:00:00+00:00,30247.617126811903
2030-03-20 11:00:00+00:00,30105.64042116416
2030-03-20 12:00:00+00:00,30207.170950831332
2030-03-20 13:00:00+00:00,30403.81829133195
2030-03-20 14:00:00+00:00,30824.703304869538
2030-03-20 15:00:00+00:00,31511.484555973842
2030-03-20 16:00:00+00:00,31771.760884488835
2030-03-20 17:00:00+00:00,31364.867021577433
2030-03-20 18:00:00+00:00,30542.575606504957
2030-03-20 19:00:00+00:00,29245.387365190396
2030-03-20 20:00:00+00:00,27615.814088768177
2030-03-20 21:00:00+00:00,26173.652748659297
2030-03-20 22:00:00+00:00,24369.03425966767
2030-03-20 23:00:00+00:00,23204.622457171838
2030-03-21 00:00:00+00:00,23215.64628237859
2030-03-21 01:00:00+00:00,22984.2713329601
2030-03-21 02:00:00+00:00,23338.814073465906
2030-03-21 03:00:00+00:00,25041.527017805496
2030-03-21 04:00:00+00:00,28845.574696642412
2030-03-21 05:00:00+00:00,31587.766042956933
2030-03-21 06:00:00+00:00,32463.004277642394
2030-03-21 07:00:00+00:00,32086.97514569907
2030-03-21 08:00:00+00:00,31527.712745439017
2030-03-21 09:00:00+00:00,31023.3091454101
2030-03-21 10:00:00+00:00,30736.4028454181
2030-03-21 11:00:00+00:00,30371.155608663583
2030-03-21 12:00:00+00:00,30424.54556472244
2030-03-21 13:00:00+00:00,30718.88648916928
2030-03-21 14:00:00+00:00,31055.814947812505
2030-03-21 15:00:00+00:00,31704.83649025073
2030-03-21 16:00:00+00:00,32023.573882459754
2030-03-21 17:00:00+00:00,31816.58516346001
2030-03-21 18:00:00+00:00,31193.24930152108
2030-03-21 19:00:00+00:00,29892.74054048174
2030-03-21 20:00:00+00:00,28234.430622268846
2030-03-21 21:00:00+00:00,26652.094045534155
2030-03-21 22:00:00+00:00,24774.200270035453
2030-03-21 23:00:00+00:00,23537.77968269964
2030-03-22 00:00:00+00:00,23009.454601795856
2030-03-22 01:00:00+00:00,22750.399455734
2030-03-22 02:00:00+00:00,23062.00426212266
2030-03-22 03:00:00+00:00,24702.21500102183
2030-03-22 04:00:00+00:00,28316.531437424597
2030-03-22 05:00:00+00:00,30829.53559807832
2030-03-22 06:00:00+00:00,31611.68758307195
2030-03-22 07:00:00+00:00,31180.896080602655
2030-03-22 08:00:00+00:00,30691.581379809104
2030-03-22 09:00:00+00:00,30409.01392163645
2030-03-22 10:00:00+00:00,30447.592916025085
2030-03-22 11:00:00+00:00,30587.59927398598
2030-03-22 12:00:00+00:00,30829.227852579865
2030-03-22 13:00:00+00:00,31062.407129098603
2030-03-22 14:00:00+00:00,31093.56141467234
2030-03-22 15:00:00+00:00,31331.45921704018
2030-03-22 16:00:00+00:00,31418.65706525768
2030-03-22 17:00:00+00:00,31213.947661912818
2030-03-22 18:00:00+00:00,30592.14475594443
2030-03-22 19:00:00+00:00,29396.512267017355
2030-03-22 20:00:00+00:00,27783.33366337634
2030-03-22 21:00:00+00:00,26388.779439689824
2030-03-22 22:00:00+00:00,24696.90186980294
2030-03-22 23:00:00+00:00,23466.90547056533
2030-03-23 00:00:00+00:00,23571.87132646735
2030-03-23 01:00:00+00:00,23238.476034250507
2030-03-23 02:00:00+00:00,23571.86078808702
2030-03-23 03:00:00+00:00,25239.146056821937
2030-03-23 04:00:00+00:00,28187.37354920015
2030-03-23 05:00:00+00:00,29261.972080759006
2030-03-23 06:00:00+00:00,29225.486067586102
2030-03-23 07:00:00+00:00,29816.881343737718
2030-03-23 08:00:00+00:00,30575.701243252366
2030-03-23 09:00:00+00:00,30968.529767345564
2030-03-23 10:00:00+00:00,31004.22593060358
2030-03-23 11:00:00+00:00,30768.64864520096
2030-03-23 12:00:00+00:00,30605.39716722162
2030-03-23 13:00:00+00:00,30532.585424356093
2030-03-23 14:00:00+00:00,30269.173956101895
2030-03-23 15:00:00+00:00,30325.77434141694
2030-03-23 16:00:00+00:00,30651.226468042674
2030-03-23 17:00:00+00:00,30752.910710804143
2030-03-23 18:00:00+00:00,30437.041920180924
2030-03-23 19:00:00+00:00,29538.35598071314
2030-03-23 20:00:00+00:00,28049.954651184766
2030-03-23 21:00:00+00:00,26562.709056924352
2030-03-23 22:00:00+00:00,24926.492074829497
2030-03-23 23:00:00+00:00,23816.781812328958
2030-03-24 00:00:00+00:00,23991.047052495047
2030-03-24 01:00:00+00:00,23668.94601947606
2030-03-24 02:00:00+00:00,23996.99894333828
2030-03-24 03:00:00+00:00,25660.11936644436
2030-03-24 04:00:00+00:00,28717.0611928319
2030-03-24 05:00:00+00:00,29534.441740455284
2030-03-24 06:00:00+00:00,29037.114688833288
2030-03-24 07:00:00+00:00,29300.210818518408
2030-03-24 08:00:00+00:00,29940.02064261033
2030-03-24 09:00:00+00:00,30508.120466611934
2030-03-24 10:00:00+00:00,30947.8882983829
2030-03-24 11:00:00+00:00,31003.117659398325
2030-03-24 12:00:00+00:00,30916.73556606632
2030-03-24 13:00:00+00:00,30908.70712702635
2030-03-24 14:00:00+00:00,30912.75229502189
2030-03-24 15:00:00+00:00,31206.436873862534
2030-03-24 16:00:00+00:00,31749.520763227403
2030-03-24 17:00:00+00:00,31990.00828279294
2030-03-24 18:00:00+00:00,31972.726802037196
2030-03-24 19:00:00+00:00,31105.42068618227
2030-03-24 20:00:00+00:00,29375.927672309474
2030-03-24 21:00:00+00:00,27383.531120533993
2030-03-24 22:00:00+00:00,25281.9493499332
2030-03-24 23:00:00+00:00,23910.83058867708
2030-03-25 00:00:00+00:00,23513.07238106454
2030-03-25 01:00:00+00:00,23311.05347462002
2030-03-25 02:00:00+00:00,23754.188644904632
2030-03-25 03:00:00+00:00,25759.913297441133
2030-03-25 04:00:00+00:00,30062.589115988372
2030-03-25 05:00:00+00:00,32918.22166162087
2030-03-25 06:00:00+00:00,33664.01611237885
2030-03-25 07:00:00+00:00,33161.94869453604
2030-03-25 08:00:00+00:00,32436.48049240936
2030-03-25 09:00:00+00:00,31799.889420965752
2030-03-25 10:00:00+00:00,31574.697575760936
2030-03-25 11:00:00+00:00,31314.782351803922
2030-03-25 12:00:00+00:00,31240.458417590897
2030-03-25 13:00:00+00:00,31308.71525700013
2030-03-25 14:00:00+00:00,31662.592900590564
2030-03-25 15:00:00+00:00,32427.81738291454
2030-03-25 16:00:00+00:00,32701.55516247255
2030-03-25 17:00:00+00:00,32330.888935524814
2030-03-25 18:00:00+00:00,31627.007624788817
2030-03-25 19:00:00+00:00,30486.717376132012
2030-03-25 20:00:00+00:00,28818.43007934084
2030-03-25 21:00:00+00:00,27128.289937394347
2030-03-25 22:00:00+00:00,25143.361431834044
2030-03-25 23:00:00+00:00,23951.004276479365
2030-03-26 00:00:00+00:00,23745.482048762075
2030-03-26 01:00:00+00:00,23523.794102145865
2030-03-26 02:00:00+00:00,23915.506695831406
2030-03-26 03:00:00+00:00,25786.3211269555
2030-03-26 04:00:00+00:00,29923.87522437452
2030-03-26 05:00:00+00:00,32774.79854602915
2030-03-26 06:00:00+00:00,33591.210391372224
2030-03-26 07:00:00+00:00,33021.82787658128
2030-03-26 08:00:00+00:00,32276.308564243656
2030-03-26 09:00:00+00:00,31518.711522087473
2030-03-26 10:00:00+00:00,31140.830373560264
2030-03-26 11:00:00+00:00,30900.49774909852
2030-03-26 12:00:00+00:00,30951.802018356088
2030-03-26 13:00:00+00:00,31151.311743816714
2030-03-26 14:00:00+00:00,31622.84038391202
2030-03-26 15:00:00+00:00,32396.23648632746
2030-03-26 16:00:00+00:00,32653.469060439285
2030-03-26 17:00:00+00:00,32266.70179912326
2030-03-26 18:00:00+00:00,31528.708468013618
2030-03-26 19:00:00+00:00,30394.713796631495
2030-03-26 20:00:00+00:00,28785.207602617254
2030-03-26 21:00:00+00:00,27160.128509625356
2030-03-26 22:00:00+00:00,25215.617574692897
2030-03-26 23:00:00+00:00,23953.537526267985
2030-03-27 00:00:00+00:00,23506.305069842325
2030-03-27 01:00:00+00:00,23262.837621682906
2030-03-27 02:00:00+00:00,23650.17688226716
2030-03-27 03:00:00+00:00,25427.63075747909
2030-03-27 04:00:00+00:00,29401.478800153764
2030-03-27 05:00:00+00:00,32165.312818416434
2030-03-27 06:00:00+00:00,33003.242154319385
2030-03-27 07:00:00+00:00,32562.55077403088
2030-03-27 08:00:00+00:00,31786.359509823622
2030-03-27 09:00:00+00:00,31060.60666329595
2030-03-27 10:00:00+00:00,30781.53100125343
2030-03-27 11:00:00+00:00,30632.277900884746
2030-03-27 12:00:00+00:00,30755.04967844275
2030-03-27 13:00:00+00:00,30928.22364329136
2030-03-27 14:00:00+00:00,31413.716957439774
2030-03-27 15:00:00+00:00,32111.95569711539
2030-03-27 16:00:00+00:00,32349.955840015395
2030-03-27 17:00:00+00:00,31943.7478031749
2030-03-27 18:00:00+00:00,31201.828103879398
2030-03-27 19:00:00+00:00,30055.55462802717
2030-03-27 20:00:00+00:00,28421.373145174093
2030-03-27 21:00:00+00:00,26804.559844598385
2030-03-27 22:00:00+00:00,24837.149742980262
2030-03-27 23:00:00+00:00,23585.221979819176
2030-03-28 00:00:00+00:00,23244.576490834916
2030-03-28 01:00:00+00:00,23020.374589829593
2030-03-28 02:00:00+00:00,23385.123752467553
2030-03-28 03:00:00+00:00,25143.7463948381
2030-03-28 04:00:00+00:00,29042.43744056144
2030-03-28 05:00:00+00:00,31736.761976093363
2030-03-28 06:00:00+00:00,32592.006257192283
2030-03-28 07:00:00+00:00,32197.476762234735
2030-03-28 08:00:00+00:00,31562.23901488614
2030-03-28 09:00:00+00:00,31017.48488363925
2030-03-28 10:00:00+00:00,30721.71502028927
2030-03-28 11:00:00+00:00,30537.397882340043
2030-03-28 12:00:00+00:00,30662.802123565005
2030-03-28 13:00:00+00:00,30828.420526625076
2030-03-28 14:00:00+00:00,31198.005159395063
2030-03-28 15:00:00+00:00,31873.50898065274
2030-03-28 16:00:00+00:00,32188.482159304334
2030-03-28 17:00:00+00:00,31967.25873224048
2030-03-28 18:00:00+00:00,31234.041547107023
2030-03-28 19:00:00+00:00,30023.824054151726
2030-03-28 20:00:00+00:00,28373.28535736816
2030-03-28 21:00:00+00:00,26766.829232832824
2030-03-28 22:00:00+00:00,24870.828720641046
2030-03-28 23:00:00+00:00,23605.631724742612
2030-03-29 00:00:00+00:00,23837.71800337968
2030-03-29 01:00:00+00:00,23566.79075573199
2030-03-29 02:00:00+00:00,23932.582901046964
2030-03-29 03:00:00+00:00,25855.946970040375
2030-03-29 04:00:00+00:00,29971.00361042728
2030-03-29 05:00:00+00:00,32577.43322650803
2030-03-29 06:00:00+00:00,33294.079876194366
2030-03-29 07:00:00+00:00,32814.96426728105
2030-03-29 08:00:00+00:00,32306.09845066799
2030-03-29 09:00:00+00:00,31976.851329401554
2030-03-29 10:00:00+00:00,32039.41474764839
2030-03-29 11:00:00+00:00,32216.484635140783
2030-03-29 12:00:00+00:00,32502.42843458411
2030-03-29 13:00:00+00:00,32523.02489467209
2030-03-29 14:00:00+00:00,32633.734913183405
2030-03-29 15:00:00+00:00,32817.51696813914
2030-03-29 16:00:00+00:00,32908.4899207633
2030-03-29 17:00:00+00:00,32734.192703435525
2030-03-29 18:00:00+00:00,32129.80041059337
2030-03-29 19:00:00+00:00,31011.32569618023
2030-03-29 20:00:00+00:00,29277.555583880498
2030-03-29 21:00:00+00:00,27578.618423358002
2030-03-29 22:00:00+00:00,25631.876126801933
2030-03-29 23:00:00+00:00,24308.899456894254
2030-03-30 00:00:00+00:00,23845.332206357212
2030-03-30 01:00:00+00:00,23577.56912528673
2030-03-30 02:00:00+00:00,23902.630654221764
2030-03-30 03:00:00+00:00,25586.991198427837
2030-03-30 04:00:00+00:00,28682.849701129773
2030-03-30 05:00:00+00:00,29742.059694851305
2030-03-30 06:00:00+00:00,29691.99434790952
2030-03-30 07:00:00+00:00,30165.514473331965
2030-03-30 08:00:00+00:00,30808.880420357033
2030-03-30 09:00:00+00:00,30993.65754517104
2030-03-30 10:00:00+00:00,30886.741502749403
2030-03-30 11:00:00+00:00,30744.125876945815
2030-03-30 12:00:00+00:00,30725.607403236492
2030-03-30 13:00:00+00:00,30531.99270578846
2030-03-30 14:00:00+00:00,30322.733726468457
2030-03-30 15:00:00+00:00,30430.37888094821
2030-03-30 16:00:00+00:00,30789.631158635373
2030-03-30 17:00:00+00:00,30886.282556812526
2030-03-30 18:00:00+00:00,30618.712590673687
2030-03-30 19:00:00+00:00,29868.458654689464
2030-03-30 20:00:00+00:00,28382.3115694561
2030-03-30 21:00:00+00:00,26772.723363936588
2030-03-30 22:00:00+00:00,25018.48859503576
2030-03-30 23:00:00+00:00,23829.647744693313
2030-03-31 00:00:00+00:00,23483.02596260485
2030-03-31 01:00:00+00:00,23633.431365220524
2030-03-31 02:00:00+00:00,25143.48169707118
2030-03-31 03:00:00+00:00,27920.404827514056
2030-03-31 04:00:00+00:00,28768.687935546597
2030-03-31 05:00:00+00:00,28227.706297852703
2030-03-31 06:00:00+00:00,28325.26126468952
2030-03-31 07:00:00+00:00,28906.012077847812
2030-03-31 08:00:00+00:00,29442.664388057954
2030-03-31 09:00:00+00:00,29793.802085740514
2030-03-31 10:00:00+00:00,29912.87583032444
2030-03-31 11:00:00+00:00,29922.551530522436
2030-03-31 12:00:00+00:00,29988.968070850795
2030-03-31 13:00:00+00:00,29973.37735319835
2030-03-31 14:00:00+00:00,30222.595736984505
2030-03-31 15:00:00+00:00,30694.133428119974
2030-03-31 16:00:00+00:00,30774.671934281094
2030-03-31 17:00:00+00:00,30516.57198102881
2030-03-31 18:00:00+00:00,29966.006366201444
2030-03-31 19:00:00+00:00,28510.599299154528
2030-03-31 20:00:00+00:00,26637.763237611955
2030-03-31 21:00:00+00:00,24724.51819236115
2030-03-31 22:00:00+00:00,23496.92337603572
2030-03-31 23:00:00+00:00,23320.858534541694
2030-04-01 00:00:00+00:00,22527.824322722496
2030-04-01 01:00:00+00:00,22918.47083799109
2030-04-01 02:00:00+00:00,24666.519612446806
2030-04-01 03:00:00+00:00,28415.03815378091
2030-04-01 04:00:00+00:00,30684.376933479194
2030-04-01 05:00:00+00:00,30981.74274200275
2030-04-01 06:00:00+00:00,30479.465808808964
2030-04-01 07:00:00+00:00,29940.531480069916
2030-04-01 08:00:00+00:00,29525.185675077315
2030-04-01 09:00:00+00:00,29231.402448137247
2030-04-01 10:00:00+00:00,29061.786088847653
2030-04-01 11:00:00+00:00,28982.141096864114
2030-04-01 12:00:00+00:00,28974.584688122017
2030-04-01 13:00:00+00:00,29298.674836110647
2030-04-01 14:00:00+00:00,30006.046064944647
2030-04-01 15:00:00+00:00,30225.69559181296
2030-04-01 16:00:00+00:00,29918.130983348634
2030-04-01 17:00:00+00:00,29060.598425923494
2030-04-01 18:00:00+00:00,28348.114147496035
2030-04-01 19:00:00+00:00,27132.26887501825
2030-04-01 20:00:00+00:00,25811.592531783055
2030-04-01 21:00:00+00:00,24077.824268662574
2030-04-01 22:00:00+00:00,22932.441607369306
2030-04-01 23:00:00+00:00,22773.618686588718
2030-04-02 00:00:00+00:00,22357.69360981593
2030-04-02 01:00:00+00:00,22670.813407915968
2030-04-02 02:00:00+00:00,24321.28724105819
2030-04-02 03:00:00+00:00,28014.75483206428
2030-04-02 04:00:00+00:00,30767.263704999645
2030-04-02 05:00:00+00:00,31607.095460222292
2030-04-02 06:00:00+00:00,31310.7747912691
2030-04-02 07:00:00+00:00,30661.350337104654
2030-04-02 08:00:00+00:00,30031.763249480882
2030-04-02 09:00:00+00:00,29763.106904937737
2030-04-02 10:00:00+00:00,29634.667938011742
2030-04-02 11:00:00+00:00,29673.54029503573
2030-04-02 12:00:00+00:00,29836.453456697873
2030-04-02 13:00:00+00:00,30275.152833790515
2030-04-02 14:00:00+00:00,30906.82878786849
2030-04-02 15:00:00+00:00,31081.45183149245
2030-04-02 16:00:00+00:00,30568.523026384213
2030-04-02 17:00:00+00:00,29525.54058330845
2030-04-02 18:00:00+00:00,28693.33764464658
2030-04-02 19:00:00+00:00,27458.50742984845
2030-04-02 20:00:00+00:00,26013.436325551644
2030-04-02 21:00:00+00:00,24335.8120225829
2030-04-02 22:00:00+00:00,23133.52714820433
2030-04-02 23:00:00+00:00,22873.176682201716
2030-04-03 00:00:00+00:00,22786.983150249704
2030-04-03 01:00:00+00:00,23148.936224840116
2030-04-03 02:00:00+00:00,24831.966044727997
2030-04-03 03:00:00+00:00,28560.954945281894
2030-04-03 04:00:00+00:00,31203.032430682022
2030-04-03 05:00:00+00:00,32000.929033390206
2030-04-03 06:00:00+00:00,31663.300955877206
2030-04-03 07:00:00+00:00,31075.654102299017
2030-04-03 08:00:00+00:00,30428.819056427114
2030-04-03 09:00:00+00:00,30202.80236538892
2030-04-03 10:00:00+00:00,30174.084679070143
2030-04-03 11:00:00+00:00,30102.516656917203
2030-04-03 12:00:00+00:00,30406.1376561561
2030-04-03 13:00:00+00:00,30754.267350684648
2030-04-03 14:00:00+00:00,31483.8215512098
2030-04-03 15:00:00+00:00,31708.834665130613
2030-04-03 16:00:00+00:00,31178.563650215354
2030-04-03 17:00:00+00:00,30181.472873369297
2030-04-03 18:00:00+00:00,29217.228905205684
2030-04-03 19:00:00+00:00,27814.62411319226
2030-04-03 20:00:00+00:00,26379.130276205
2030-04-03 21:00:00+00:00,24597.615911765522
2030-04-03 22:00:00+00:00,23355.234499030874
2030-04-03 23:00:00+00:00,23087.04301633411
2030-04-04 00:00:00+00:00,22424.350521432807
2030-04-04 01:00:00+00:00,22768.720664944864
2030-04-04 02:00:00+00:00,24292.768863056353
2030-04-04 03:00:00+00:00,27713.396172733843
2030-04-04 04:00:00+00:00,30266.3470482823
2030-04-04 05:00:00+00:00,31069.252134162794
2030-04-04 06:00:00+00:00,30849.528088170202
2030-04-04 07:00:00+00:00,30329.525929521184
2030-04-04 08:00:00+00:00,29745.24077653861
2030-04-04 09:00:00+00:00,29473.331147546043
2030-04-04 10:00:00+00:00,29359.520205020308
2030-04-04 11:00:00+00:00,29285.202161965008
2030-04-04 12:00:00+00:00,29472.830842578816
2030-04-04 13:00:00+00:00,29964.340414240207
2030-04-04 14:00:00+00:00,30621.73738451875
2030-04-04 15:00:00+00:00,30819.35278628016
2030-04-04 16:00:00+00:00,30472.310594850584
2030-04-04 17:00:00+00:00,29464.01475762114
2030-04-04 18:00:00+00:00,28507.952872677317
2030-04-04 19:00:00+00:00,27212.290829349942
2030-04-04 20:00:00+00:00,25830.53167087202
2030-04-04 21:00:00+00:00,24109.789506937697
2030-04-04 22:00:00+00:00,22917.739726213164
2030-04-04 23:00:00+00:00,22606.856792457274
2030-04-05 00:00:00+00:00,22622.289406371652
2030-04-05 01:00:00+00:00,22923.719988330566
2030-04-05 02:00:00+00:00,24566.313579899474
2030-04-05 03:00:00+00:00,28177.87141211727
2030-04-05 04:00:00+00:00,30670.238063258555
2030-04-05 05:00:00+00:00,31356.93255226315
2030-04-05 06:00:00+00:00,31093.694614419917
2030-04-05 07:00:00+00:00,30740.110194300054
2030-04-05 08:00:00+00:00,30529.423206269686
2030-04-05 09:00:00+00:00,30574.48560920038
2030-04-05 10:00:00+00:00,30834.100317730677
2030-04-05 11:00:00+00:00,31076.908130395288
2030-04-05 12:00:00+00:00,31313.188255965666
2030-04-05 13:00:00+00:00,31382.49340217326
2030-04-05 14:00:00+00:00,31563.437880161633
2030-04-05 15:00:00+00:00,31565.85860339054
2030-04-05 16:00:00+00:00,31176.697867065777
2030-04-05 17:00:00+00:00,30274.313927645464
2030-04-05 18:00:00+00:00,29326.461160078754
2030-04-05 19:00:00+00:00,27852.67827791066
2030-04-05 20:00:00+00:00,26440.445215994878
2030-04-05 21:00:00+00:00,24766.452292138893
2030-04-05 22:00:00+00:00,23536.750911518437
2030-04-05 23:00:00+00:00,23130.93003799164
2030-04-06 00:00:00+00:00,22576.350695798716
2030-04-06 01:00:00+00:00,22811.615369510917
2030-04-06 02:00:00+00:00,24150.589058628037
2030-04-06 03:00:00+00:00,26656.369628512082
2030-04-06 04:00:00+00:00,27653.59392955226
2030-04-06 05:00:00+00:00,27599.69986376792
2030-04-06 06:00:00+00:00,28182.77400225409
2030-04-06 07:00:00+00:00,28976.310806242862
2030-04-06 08:00:00+00:00,29415.980223072882
2030-04-06 09:00:00+00:00,29477.564370667267
2030-04-06 10:00:00+00:00,29387.746656381936
2030-04-06 11:00:00+00:00,29225.649569665464
2030-04-06 12:00:00+00:00,29126.632283395822
2030-04-06 13:00:00+00:00,28875.798418142334
2030-04-06 14:00:00+00:00,28887.155762125312
2030-04-06 15:00:00+00:00,28923.111871832036
2030-04-06 16:00:00+00:00,28864.240095030487
2030-04-06 17:00:00+00:00,28327.995953151472
2030-04-06 18:00:00+00:00,27783.23809737026
2030-04-06 19:00:00+00:00,26661.928259335342
2030-04-06 20:00:00+00:00,25349.204365949816
2030-04-06 21:00:00+00:00,23923.93541890166
2030-04-06 22:00:00+00:00,22869.644893516324
2030-04-06 23:00:00+00:00,22544.338137125622
2030-04-07 00:00:00+00:00,21815.2102292276
2030-04-07 01:00:00+00:00,22016.456605006813
2030-04-07 02:00:00+00:00,23165.669937816685
2030-04-07 03:00:00+00:00,25300.04946325551
2030-04-07 04:00:00+00:00,25977.66598597525
2030-04-07 05:00:00+00:00,25614.06550658687
2030-04-07 06:00:00+00:00,25881.797431689465
2030-04-07 07:00:00+00:00,26557.902738888657
2030-04-07 08:00:00+00:00,27168.29251285781
2030-04-07 09:00:00+00:00,27593.790432232647
2030-04-07 10:00:00+00:00,27740.974938664564
2030-04-07 11:00:00+00:00,27707.356129576325
2030-04-07 12:00:00+00:00,27716.33614630741
2030-04-07 13:00:00+00:00,27626.536521270427
2030-04-07 14:00:00+00:00,27719.812556033852
2030-04-07 15:00:00+00:00,28150.326084807628
2030-04-07 16:00:00+00:00,28198.577130721063
2030-04-07 17:00:00+00:00,27893.83007211568
2030-04-07 18:00:00+00:00,27369.438808350835
2030-04-07 19:00:00+00:00,26192.70999869281
2030-04-07 20:00:00+00:00,24744.712226100015
2030-04-07 21:00:00+00:00,23169.987213155644
2030-04-07 22:00:00+00:00,22032.55075718024
2030-04-07 23:00:00+00:00,21791.55839397553
2030-04-08 00:00:00+00:00,21298.201165682625
2030-04-08 01:00:00+00:00,21648.75044261463
2030-04-08 02:00:00+00:00,23155.120158894308
2030-04-08 03:00:00+00:00,26536.550065160165
2030-04-08 04:00:00+00:00,29147.04288110722
2030-04-08 05:00:00+00:00,29920.569613272906
2030-04-08 06:00:00+00:00,29641.352427271762
2030-04-08 07:00:00+00:00,29048.93687557059
2030-04-08 08:00:00+00:00,28600.280291788207
2030-04-08 09:00:00+00:00,28387.79378780104
2030-04-08 10:00:00+00:00,28238.82833408435
2030-04-08 11:00:00+00:00,28210.707572012423
2030-04-08 12:00:00+00:00,28351.003209224375
2030-04-08 13:00:00+00:00,28816.708602030714
2030-04-08 14:00:00+00:00,29357.852097001538
2030-04-08 15:00:00+00:00,29467.8701288733
2030-04-08 16:00:00+00:00,28873.34950271908
2030-04-08 17:00:00+00:00,27848.717575994113
2030-04-08 18:00:00+00:00,26972.290330880136
2030-04-08 19:00:00+00:00,25851.621177305766
2030-04-08 20:00:00+00:00,24604.832625468367
2030-04-08 21:00:00+00:00,23118.48588203157
2030-04-08 22:00:00+00:00,22086.338229584
2030-04-08 23:00:00+00:00,21824.081282848783
2030-04-09 00:00:00+00:00,21405.57770126724
2030-04-09 01:00:00+00:00,21656.528094401812
2030-04-09 02:00:00+00:00,22964.47262628885
2030-04-09 03:00:00+00:00,26044.389109062555
2030-04-09 04:00:00+00:00,28569.855778254274
2030-04-09 05:00:00+00:00,29512.312561071052
2030-04-09 06:00:00+00:00,29371.663503144075
2030-04-09 07:00:00+00:00,28867.39205906075
2030-04-09 08:00:00+00:00,28387.196399109842
2030-04-09 09:00:00+00:00,28144.17443828681
2030-04-09 10:00:00+00:00,28057.926819819615
2030-04-09 11:00:00+00:00,28143.14166455883
2030-04-09 12:00:00+00:00,28245.446919159713
2030-04-09 13:00:00+00:00,28616.6555712284
2030-04-09 14:00:00+00:00,29173.304793449508
2030-04-09 15:00:00+00:00,29352.16895908116
2030-04-09 16:00:00+00:00,28858.50555766431
2030-04-09 17:00:00+00:00,27711.188860097274
2030-04-09 18:00:00+00:00,26739.66032034953
2030-04-09 19:00:00+00:00,25609.964688625845
2030-04-09 20:00:00+00:00,24451.536213363735
2030-04-09 21:00:00+00:00,23021.05444762186
2030-04-09 22:00:00+00:00,21979.9669545278
2030-04-09 23:00:00+00:00,21664.22359642884
2030-04-10 00:00:00+00:00,20949.940123178592
2030-04-10 01:00:00+00:00,21128.765177099365
2030-04-10 02:00:00+00:00,22278.706134986645
2030-04-10 03:00:00+00:00,24979.54073448123
2030-04-10 04:00:00+00:00,27407.261350973567
2030-04-10 05:00:00+00:00,28542.899586312753
2030-04-10 06:00:00+00:00,28400.587311510175
2030-04-10 07:00:00+00:00,27914.50176311592
2030-04-10 08:00:00+00:00,27594.93507458807
2030-04-10 09:00:00+00:00,27467.971454860875
2030-04-10 10:00:00+00:00,27425.9315537955
2030-04-10 11:00:00+00:00,27515.018321108186
2030-04-10 12:00:00+00:00,27749.161701220517
2030-04-10 13:00:00+00:00,28114.103238663803
2030-04-10 14:00:00+00:00,28587.73024679928
2030-04-10 15:00:00+00:00,28625.871076514897
2030-04-10 16:00:00+00:00,28013.101647446078
2030-04-10 17:00:00+00:00,26887.18659211104
2030-04-10 18:00:00+00:00,25913.81313647865
2030-04-10 19:00:00+00:00,24896.97962080732
2030-04-10 20:00:00+00:00,23925.62424869758
2030-04-10 21:00:00+00:00,22621.795554895187
2030-04-10 22:00:00+00:00,21579.09203487104
2030-04-10 23:00:00+00:00,21197.695572166525
2030-04-11 00:00:00+00:00,20010.257421640858
2030-04-11 01:00:00+00:00,20099.186000287005
2030-04-11 02:00:00+00:00,20894.79819905713
2030-04-11 03:00:00+00:00,22947.142223076007
2030-04-11 04:00:00+00:00,25142.449335168596
2030-04-11 05:00:00+00:00,26413.072393483013
2030-04-11 06:00:00+00:00,26388.467294827282
2030-04-11 07:00:00+00:00,26018.439088103052
2030-04-11 08:00:00+00:00,25790.05279681297
2030-04-11 09:00:00+00:00,25767.942149257437
2030-04-11 10:00:00+00:00,25692.95532261834
2030-04-11 11:00:00+00:00,25770.416213402492
2030-04-11 12:00:00+00:00,26064.408817647687
2030-04-11 13:00:00+00:00,26477.04808917262
2030-04-11 14:00:00+00:00,26817.05063121888
2030-04-11 15:00:00+00:00,26784.056899035677
2030-04-11 16:00:00+00:00,26385.369311209484
2030-04-11 17:00:00+00:00,25256.508730940408
2030-04-11 18:00:00+00:00,24324.774788473347
2030-04-11 19:00:00+00:00,23392.583400361444
2030-04-11 20:00:00+00:00,22586.448392763195
2030-04-11 21:00:00+00:00,21535.517469505015
2030-04-11 22:00:00+00:00,20582.8613713923
2030-04-11 23:00:00+00:00,20152.410868154424
2030-04-12 00:00:00+00:00,20110.75578264883
2030-04-12 01:00:00+00:00,20244.02482075323
2030-04-12 02:00:00+00:00,21170.12825213346
2030-04-12 03:00:00+00:00,23381.22328548005
2030-04-12 04:00:00+00:00,25505.96503427172
2030-04-12 05:00:00+00:00,26556.785003130182
2030-04-12 06:00:00+00:00,26473.759902501264
2030-04-12 07:00:00+00:00,26256.936532852513
2030-04-12 08:00:00+00:00,26299.331290318663
2030-04-12 09:00:00+00:00,26433.828771166587
2030-04-12 10:00:00+00:00,26720.61903063244
2030-04-12 11:00:00+00:00,27157.51371721836
2030-04-12 12:00:00+00:00,27282.980256516465
2030-04-12 13:00:00+00:00,27284.999105719042
2030-04-12 14:00:00+00:00,27286.729746540463
2030-04-12 15:00:00+00:00,27212.11056724537
2030-04-12 16:00:00+00:00,26662.681174574536
2030-04-12 17:00:00+00:00,25728.28341276997
2030-04-12 18:00:00+00:00,24807.029774083057
2030-04-12 19:00:00+00:00,23843.738431063957
2030-04-12 20:00:00+00:00,23014.77802239545
2030-04-12 21:00:00+00:00,21995.531426070178
2030-04-12 22:00:00+00:00,20981.499405814324
2030-04-12 23:00:00+00:00,20447.974567809546
2030-04-13 00:00:00+00:00,19778.404516889215
2030-04-13 01:00:00+00:00,19864.125924362983
2030-04-13 02:00:00+00:00,20513.78326736017
2030-04-13 03:00:00+00:00,21806.089953093124
2030-04-13 04:00:00+00:00,22407.10943905031
2030-04-13 05:00:00+00:00,22729.408291001306
2030-04-13 06:00:00+00:00,23614.879806340436
2030-04-13 07:00:00+00:00,24489.978989334115
2030-04-13 08:00:00+00:00,25083.636693790046
2030-04-13 09:00:00+00:00,25137.721363611407
2030-04-13 10:00:00+00:00,25016.358787188572
2030-04-13 11:00:00+00:00,24905.828419633177
2030-04-13 12:00:00+00:00,24934.592001278914
2030-04-13 13:00:00+00:00,24525.681202180396
2030-04-13 14:00:00+00:00,24477.25761655444
2030-04-13 15:00:00+00:00,24581.76185313265
2030-04-13 16:00:00+00:00,24444.86424254524
2030-04-13 17:00:00+00:00,23862.944492798055
2030-04-13 18:00:00+00:00,23294.216791970575
2030-04-13 19:00:00+00:00,22569.266585148693
2030-04-13 20:00:00+00:00,21859.688560703682
2030-04-13 21:00:00+00:00,21102.799681389344
2030-04-13 22:00:00+00:00,20265.55656267814
2030-04-13 23:00:00+00:00,19818.89433004217
2030-04-14 00:00:00+00:00,17832.791205090583
2030-04-14 01:00:00+00:00,17679.703827840596
2030-04-14 02:00:00+00:00,17657.695541399822
2030-04-14 03:00:00+00:00,17785.610798748618
2030-04-14 04:00:00+00:00,17940.3863604414
2030-04-14 05:00:00+00:00,18125.82051605219
2030-04-14 06:00:00+00:00,18799.932429398406
2030-04-14 07:00:00+00:00,19869.067470073194
2030-04-14 08:00:00+00:00,20735.08388628549
2030-04-14 09:00:00+00:00,21470.16823819445
2030-04-14 10:00:00+00:00,21668.125055456057
2030-04-14 11:00:00+00:00,21717.17304799915
2030-04-14 12:00:00+00:00,21699.779421844938
2030-04-14 13:00:00+00:00,21530.85540231386
2030-04-14 14:00:00+00:00,21437.239701950264
2030-04-14 15:00:00+00:00,21582.943976383856
2030-04-14 16:00:00+00:00,21461.166860213616
2030-04-14 17:00:00+00:00,20986.860740405198
2030-04-14 18:00:00+00:00,20419.688686497422
2030-04-14 19:00:00+00:00,19932.900889003922
2030-04-14 20:00:00+00:00,19399.682188035327
2030-04-14 21:00:00+00:00,18788.29366111833
2030-04-14 22:00:00+00:00,18189.835595401753
2030-04-14 23:00:00+00:00,17842.435885385014
2030-04-15 00:00:00+00:00,17982.487074159515
2030-04-15 01:00:00+00:00,18089.782930499452
2030-04-15 02:00:00+00:00,18684.581018435627
2030-04-15 03:00:00+00:00,20285.369187296546
2030-04-15 04:00:00+00:00,22477.9828574529
2030-04-15 05:00:00+00:00,23748.1610169471
2030-04-15 06:00:00+00:00,23694.798416995178
2030-04-15 07:00:00+00:00,23455.896833251394
2030-04-15 08:00:00+00:00,23298.085609387676
2030-04-15 09:00:00+00:00,23283.285749998922
2030-04-15 10:00:00+00:00,23220.465946608067
2030-04-15 11:00:00+00:00,23287.318516505726
2030-04-15 12:00:00+00:00,23566.833021195092
2030-04-15 13:00:00+00:00,23811.30301650715
2030-04-15 14:00:00+00:00,24073.2733423508
2030-04-15 15:00:00+00:00,24038.252282404785
2030-04-15 16:00:00+00:00,23333.30245384228
2030-04-15 17:00:00+00:00,22140.90033222429
2030-04-15 18:00:00+00:00,21272.759396758953
2030-04-15 19:00:00+00:00,20746.630918227358
2030-04-15 20:00:00+00:00,20269.882202694174
2030-04-15 21:00:00+00:00,19572.137545544825
2030-04-15 22:00:00+00:00,18848.70552740057
2030-04-15 23:00:00+00:00,18489.13784296204
2030-04-16 00:00:00+00:00,18520.364508826264
2030-04-16 01:00:00+00:00,18576.704524733497
2030-04-16 02:00:00+00:00,19094.75572036792
2030-04-16 03:00:00+00:00,20664.10749440805
2030-04-16 04:00:00+00:00,22936.176284959252
2030-04-16 05:00:00+00:00,24279.21036231829
2030-04-16 06:00:00+00:00,24239.31523383775
2030-04-16 07:00:00+00:00,23891.728964680035
2030-04-16 08:00:00+00:00,23536.475301938815
2030-04-16 09:00:00+00:00,23457.503579929125
2030-04-16 10:00:00+00:00,23376.86749627439
2030-04-16 11:00:00+00:00,23629.866901331778
2030-04-16 12:00:00+00:00,23860.84588807879
2030-04-16 13:00:00+00:00,24127.306096359276
2030-04-16 14:00:00+00:00,24698.421467877077
2030-04-16 15:00:00+00:00,24689.882598024134
2030-04-16 16:00:00+00:00,24026.055795753262
2030-04-16 17:00:00+00:00,22825.56843486141
2030-04-16 18:00:00+00:00,21914.31384737827
2030-04-16 19:00:00+00:00,21209.231095304884
2030-04-16 20:00:00+00:00,20726.953085849203
2030-04-16 21:00:00+00:00,19971.269482696505
2030-04-16 22:00:00+00:00,19149.802569677246
2030-04-16 23:00:00+00:00,18755.30025744186
2030-04-17 00:00:00+00:00,17955.92832636509
2030-04-17 01:00:00+00:00,17903.340748110317
2030-04-17 02:00:00+00:00,18186.25755121121
2030-04-17 03:00:00+00:00,19300.61226515167
2030-04-17 04:00:00+00:00,21462.88289235662
2030-04-17 05:00:00+00:00,22916.274937294053
2030-04-17 06:00:00+00:00,22947.884901355454
2030-04-17 07:00:00+00:00,22661.29403242082
2030-04-17 08:00:00+00:00,22401.73989101198
2030-04-17 09:00:00+00:00,22403.06061817002
2030-04-17 10:00:00+00:00,22404.87216050539
2030-04-17 11:00:00+00:00,22670.859605487185
2030-04-17 12:00:00+00:00,22859.787412988546
2030-04-17 13:00:00+00:00,23308.7520964728
2030-04-17 14:00:00+00:00,23650.229929794023
2030-04-17 15:00:00+00:00,23537.399614628503
2030-04-17 16:00:00+00:00,22766.213299174215
2030-04-17 17:00:00+00:00,21580.51736087011
2030-04-17 18:00:00+00:00,20697.503746984086
2030-04-17 19:00:00+00:00,20261.656444806078
2030-04-17 20:00:00+00:00,19899.33209019089
2030-04-17 21:00:00+00:00,19247.21467968203
2030-04-17 22:00:00+00:00,18557.315197610926
2030-04-17 23:00:00+00:00,18096.295988546408
2030-04-18 00:00:00+00:00,18546.28427304324
2030-04-18 01:00:00+00:00,18627.248287817332
2030-04-18 02:00:00+00:00,19141.709329529007
2030-04-18 03:00:00+00:00,20694.810199453907
2030-04-18 04:00:00+00:00,22851.733480535015
2030-04-18 05:00:00+00:00,24276.953007238266
2030-04-18 06:00:00+00:00,24312.01933573979
2030-04-18 07:00:00+00:00,23941.939186488777
2030-04-18 08:00:00+00:00,23785.26360676784
2030-04-18 09:00:00+00:00,23864.35556297316
2030-04-18 10:00:00+00:00,23760.064838386766
2030-04-18 11:00:00+00:00,23963.870018195306
2030-04-18 12:00:00+00:00,24052.581913950078
2030-04-18 13:00:00+00:00,24407.55900491535
2030-04-18 14:00:00+00:00,24965.591698984328
2030-04-18 15:00:00+00:00,24814.64909388046
2030-04-18 16:00:00+00:00,24181.684890166016
2030-04-18 17:00:00+00:00,23058.144285546576
2030-04-18 18:00:00+00:00,22141.4904583418
2030-04-18 19:00:00+00:00,21548.02387317203
2030-04-18 20:00:00+00:00,20967.19174971799
2030-04-18 21:00:00+00:00,20106.75933193446
2030-04-18 22:00:00+00:00,19286.184500382213
2030-04-18 23:00:00+00:00,18890.785857314215
2030-04-19 00:00:00+00:00,20257.30102065315
2030-04-19 01:00:00+00:00,20470.125614947367
2030-04-19 02:00:00+00:00,21547.072675045943
2030-04-19 03:00:00+00:00,24001.95714710711
2030-04-19 04:00:00+00:00,26270.324715390023
2030-04-19 05:00:00+00:00,27298.73846126163
2030-04-19 06:00:00+00:00,27115.257833591626
2030-04-19 07:00:00+00:00,26835.901585727748
2030-04-19 08:00:00+00:00,26793.154091628912
2030-04-19 09:00:00+00:00,27062.65207772608
2030-04-19 10:00:00+00:00,27277.321552697602
2030-04-19 11:00:00+00:00,27548.377033109933
2030-04-19 12:00:00+00:00,27670.50726614097
2030-04-19 13:00:00+00:00,27707.579613243863
2030-04-19 14:00:00+00:00,27740.116839130926
2030-04-19 15:00:00+00:00,27635.137817979605
2030-04-19 16:00:00+00:00,27241.32467396685
2030-04-19 17:00:00+00:00,26210.35650080172
2030-04-19 18:00:00+00:00,25246.054531689708
2030-04-19 19:00:00+00:00,24286.13371629048
2030-04-19 20:00:00+00:00,23292.20810187384
2030-04-19 21:00:00+00:00,22102.63385230447
2030-04-19 22:00:00+00:00,21125.234615455276
2030-04-19 23:00:00+00:00,20635.97461514619
2030-04-20 00:00:00+00:00,20608.780551558357
2030-04-20 01:00:00+00:00,20827.019041675125
2030-04-20 02:00:00+00:00,21760.76160955197
2030-04-20 03:00:00+00:00,23596.22808230078
2030-04-20 04:00:00+00:00,24349.12384609845
2030-04-20 05:00:00+00:00,24622.292450129247
2030-04-20 06:00:00+00:00,25355.917118942263
2030-04-20 07:00:00+00:00,26239.264813086385
2030-04-20 08:00:00+00:00,26693.719512546755
2030-04-20 09:00:00+00:00,26787.04207285863
2030-04-20 10:00:00+00:00,26673.807131303492
2030-04-20 11:00:00+00:00,26478.964634804404
2030-04-20 12:00:00+00:00,26337.98319445166
2030-04-20 13:00:00+00:00,26056.479444093184
2030-04-20 14:00:00+00:00,25984.596838993002
2030-04-20 15:00:00+00:00,26102.210211753965
2030-04-20 16:00:00+00:00,25965.129577662483
2030-04-20 17:00:00+00:00,25388.710495994597
2030-04-20 18:00:00+00:00,24774.155678714433
2030-04-20 19:00:00+00:00,24021.240075757898
2030-04-20 20:00:00+00:00,23058.38705452575
2030-04-20 21:00:00+00:00,21928.23454650854
2030-04-20 22:00:00+00:00,20997.307969576217
2030-04-20 23:00:00+00:00,20604.435892375193
2030-04-21 00:00:00+00:00,19989.152325971303
2030-04-21 01:00:00+00:00,20072.847760057713
2030-04-21 02:00:00+00:00,20874.874930288774
2030-04-21 03:00:00+00:00,22372.695701930268
2030-04-21 04:00:00+00:00,22846.33176075525
2030-04-21 05:00:00+00:00,22771.019887376595
2030-04-21 06:00:00+00:00,23188.5336638212
2030-04-21 07:00:00+00:00,24067.33080102829
2030-04-21 08:00:00+00:00,25018.73589433306
2030-04-21 09:00:00+00:00,25535.530526435945
2030-04-21 10:00:00+00:00,25702.41171914678
2030-04-21 11:00:00+00:00,25656.83122572867
2030-04-21 12:00:00+00:00,25573.478537787203
2030-04-21 13:00:00+00:00,25432.842483968376
2030-04-21 14:00:00+00:00,25569.121581569645
2030-04-21 15:00:00+00:00,25882.372709942032
2030-04-21 16:00:00+00:00,25851.368576071454
2030-04-21 17:00:00+00:00,25479.69405874606
2030-04-21 18:00:00+00:00,24818.83807221318
2030-04-21 19:00:00+00:00,23954.68488598192
2030-04-21 20:00:00+00:00,22703.413415938947
2030-04-21 21:00:00+00:00,21395.729567079317
2030-04-21 22:00:00+00:00,20417.367306722084
2030-04-21 23:00:00+00:00,20173.294657568873
2030-04-22 00:00:00+00:00,19656.66987499762
2030-04-22 01:00:00+00:00,19892.448356782057
2030-04-22 02:00:00+00:00,21021.5160586222
2030-04-22 03:00:00+00:00,23615.439236785365
2030-04-22 04:00:00+00:00,26043.247539692293
2030-04-22 05:00:00+00:00,27173.640596584457
2030-04-22 06:00:00+00:00,26950.71821243217
2030-04-22 07:00:00+00:00,26521.285902853815
2030-04-22 08:00:00+00:00,26243.16735847819
2030-04-22 09:00:00+00:00,26076.556957864042
2030-04-22 10:00:00+00:00,25914.23963798891
2030-04-22 11:00:00+00:00,25977.800869276696
2030-04-22 12:00:00+00:00,26070.48470602014
2030-04-22 13:00:00+00:00,26312.809001394744
2030-04-22 14:00:00+00:00,26869.549898247984
2030-04-22 15:00:00+00:00,26955.744832030792
2030-04-22 16:00:00+00:00,26279.576230887502
2030-04-22 17:00:00+00:00,25224.40825779967
2030-04-22 18:00:00+00:00,24278.31939576784
2030-04-22 19:00:00+00:00,23464.179304802954
2030-04-22 20:00:00+00:00,22542.189100139025
2030-04-22 21:00:00+00:00,21295.395694659717
2030-04-22 22:00:00+00:00,20378.12986192391
2030-04-22 23:00:00+00:00,20054.08299303068
2030-04-23 00:00:00+00:00,19237.007018476907
2030-04-23 01:00:00+00:00,19381.24417860411
2030-04-23 02:00:00+00:00,20116.143039171384
2030-04-23 03:00:00+00:00,22121.701769959396
2030-04-23 04:00:00+00:00,24489.451812462506
2030-04-23 05:00:00+00:00,25799.840731810862
2030-04-23 06:00:00+00:00,25702.77791990007
2030-04-23 07:00:00+00:00,25258.095667257166
2030-04-23 08:00:00+00:00,24876.322301187312
2030-04-23 09:00:00+00:00,24786.814299439215
2030-04-23 10:00:00+00:00,24799.467345648638
2030-04-23 11:00:00+00:00,24923.816570331688
2030-04-23 12:00:00+00:00,25021.51380568407
2030-04-23 13:00:00+00:00,25410.41629319649
2030-04-23 14:00:00+00:00,25995.29895628308
2030-04-23 15:00:00+00:00,25946.122554568337
2030-04-23 16:00:00+00:00,25287.875177315185
2030-04-23 17:00:00+00:00,24068.51359877472
2030-04-23 18:00:00+00:00,22990.104856010752
2030-04-23 19:00:00+00:00,22352.22487847375
2030-04-23 20:00:00+00:00,21636.373918946007
2030-04-23 21:00:00+00:00,20612.920945623275
2030-04-23 22:00:00+00:00,19749.146320909826
2030-04-23 23:00:00+00:00,19409.04410640128
2030-04-24 00:00:00+00:00,18286.56164398813
2030-04-24 01:00:00+00:00,18320.191798501506
2030-04-24 02:00:00+00:00,18750.315666498158
2030-04-24 03:00:00+00:00,20203.517519069836
2030-04-24 04:00:00+00:00,22272.114338677522
2030-04-24 05:00:00+00:00,23703.832674917532
2030-04-24 06:00:00+00:00,23736.807651521336
2030-04-24 07:00:00+00:00,23439.278921465444
2030-04-24 08:00:00+00:00,23170.979727993355
2030-04-24 09:00:00+00:00,23201.31538380284
2030-04-24 10:00:00+00:00,23228.91438888646
2030-04-24 11:00:00+00:00,23459.05487544346
2030-04-24 12:00:00+00:00,23597.765925169104
2030-04-24 13:00:00+00:00,23950.028452005972
2030-04-24 14:00:00+00:00,24358.919387682614
2030-04-24 15:00:00+00:00,24318.320992841735
2030-04-24 16:00:00+00:00,23534.012305376404
2030-04-24 17:00:00+00:00,22361.856738515013
2030-04-24 18:00:00+00:00,21396.748903022064
2030-04-24 19:00:00+00:00,20859.02844909314
2030-04-24 20:00:00+00:00,20416.132959268965
2030-04-24 21:00:00+00:00,19628.790891919773
2030-04-24 22:00:00+00:00,18841.79554266773
2030-04-24 23:00:00+00:00,18442.645883045283
2030-04-25 00:00:00+00:00,17755.505291569556
2030-04-25 01:00:00+00:00,17726.2604067051
2030-04-25 02:00:00+00:00,17984.98381471118
2030-04-25 03:00:00+00:00,19087.597229253366
2030-04-25 04:00:00+00:00,21038.741427954694
2030-04-25 05:00:00+00:00,22588.00144465081
2030-04-25 06:00:00+00:00,22682.893821793095
2030-04-25 07:00:00+00:00,22439.529600017773
2030-04-25 08:00:00+00:00,22357.62486465647
2030-04-25 09:00:00+00:00,22349.25210623864
2030-04-25 10:00:00+00:00,22369.883973177246
2030-04-25 11:00:00+00:00,22646.918653496654
2030-04-25 12:00:00+00:00,22845.190516752093
2030-04-25 13:00:00+00:00,23118.990003492665
2030-04-25 14:00:00+00:00,23506.07993455271
2030-04-25 15:00:00+00:00,23461.57080318523
2030-04-25 16:00:00+00:00,22766.205222742978
2030-04-25 17:00:00+00:00,21587.50110898628
2030-04-25 18:00:00+00:00,20571.840738984152
2030-04-25 19:00:00+00:00,20117.17064936605
2030-04-25 20:00:00+00:00,19773.919488741078
2030-04-25 21:00:00+00:00,19163.146151124663
2030-04-25 22:00:00+00:00,18459.978946542422
2030-04-25 23:00:00+00:00,18001.36385470094
2030-04-26 00:00:00+00:00,19517.344611276854
2030-04-26 01:00:00+00:00,19674.151631999568
2030-04-26 02:00:00+00:00,20471.571756024954
2030-04-26 03:00:00+00:00,22645.624285498412
2030-04-26 04:00:00+00:00,24778.068773492807
2030-04-26 05:00:00+00:00,26076.864693343003
2030-04-26 06:00:00+00:00,26016.968719953707
2030-04-26 07:00:00+00:00,25864.452097956993
2030-04-26 08:00:00+00:00,25801.65362070645
2030-04-26 09:00:00+00:00,26048.0174892226
2030-04-26 10:00:00+00:00,26335.94517872496
2030-04-26 11:00:00+00:00,26676.40289560634
2030-04-26 12:00:00+00:00,26866.28079627032
2030-04-26 13:00:00+00:00,26908.86877266741
2030-04-26 14:00:00+00:00,26948.32874774388
2030-04-26 15:00:00+00:00,26838.68710922318
2030-04-26 16:00:00+00:00,26334.020941723025
2030-04-26 17:00:00+00:00,25316.361102233594
2030-04-26 18:00:00+00:00,24287.725477670494
2030-04-26 19:00:00+00:00,23322.57723253057
2030-04-26 20:00:00+00:00,22524.942086135976
2030-04-26 21:00:00+00:00,21497.123478037855
2030-04-26 22:00:00+00:00,20564.380879566965
2030-04-26 23:00:00+00:00,20109.514532909772
2030-04-27 00:00:00+00:00,20803.228722369084
2030-04-27 01:00:00+00:00,21003.506346113416
2030-04-27 02:00:00+00:00,22047.357974818955
2030-04-27 03:00:00+00:00,23950.546456244454
2030-04-27 04:00:00+00:00,24672.533808919463
2030-04-27 05:00:00+00:00,24924.283039944577
2030-04-27 06:00:00+00:00,25680.580284945125
2030-04-27 07:00:00+00:00,26483.860412333535
2030-04-27 08:00:00+00:00,27031.639471105813
2030-04-27 09:00:00+00:00,27002.947817185555
2030-04-27 10:00:00+00:00,26893.44636965191
2030-04-27 11:00:00+00:00,26725.582684820107
2030-04-27 12:00:00+00:00,26533.253443355545
2030-04-27 13:00:00+00:00,26298.031645938154
2030-04-27 14:00:00+00:00,26254.335015090957
2030-04-27 15:00:00+00:00,26377.18033570842
2030-04-27 16:00:00+00:00,26271.554328590548
2030-04-27 17:00:00+00:00,25689.309285207743
2030-04-27 18:00:00+00:00,25090.488224051063
2030-04-27 19:00:00+00:00,24314.994260251806
2030-04-27 20:00:00+00:00,23297.332965483114
2030-04-27 21:00:00+00:00,22081.370615543477
2030-04-27 22:00:00+00:00,21126.71968820251
2030-04-27 23:00:00+00:00,20744.78639900939
2030-04-28 00:00:00+00:00,20282.012045069976
2030-04-28 01:00:00+00:00,20436.09962188983
2030-04-28 02:00:00+00:00,21357.39376237565
2030-04-28 03:00:00+00:00,23054.24718117787
2030-04-28 04:00:00+00:00,23547.86901867724
2030-04-28 05:00:00+00:00,23492.633304132374
2030-04-28 06:00:00+00:00,23969.99441623807
2030-04-28 07:00:00+00:00,24826.558271602455
2030-04-28 08:00:00+00:00,25476.570309989693
2030-04-28 09:00:00+00:00,25995.1556403526
2030-04-28 10:00:00+00:00,26095.276678140224
2030-04-28 11:00:00+00:00,25948.059678573252
2030-04-28 12:00:00+00:00,26050.216360144088
2030-04-28 13:00:00+00:00,26060.431044705147
2030-04-28 14:00:00+00:00,26212.469679044414
2030-04-28 15:00:00+00:00,26619.061300353475
2030-04-28 16:00:00+00:00,26586.67744376662
2030-04-28 17:00:00+00:00,26150.122909282687
2030-04-28 18:00:00+00:00,25463.94697553854
2030-04-28 19:00:00+00:00,24558.38779790375
2030-04-28 20:00:00+00:00,23277.305910977226
2030-04-28 21:00:00+00:00,21792.27143925521
2030-04-28 22:00:00+00:00,20718.14339857775
2030-04-28 23:00:00+00:00,20492.761267913927
2030-04-29 00:00:00+00:00,19843.76022632614
2030-04-29 01:00:00+00:00,20100.361747396473
2030-04-29 02:00:00+00:00,21263.77477026392
2030-04-29 03:00:00+00:00,24009.180278580297
2030-04-29 04:00:00+00:00,26384.048542127748
2030-04-29 05:00:00+00:00,27549.30544098112
2030-04-29 06:00:00+00:00,27279.82441139553
2030-04-29 07:00:00+00:00,26813.864978832844
2030-04-29 08:00:00+00:00,26301.829243947825
2030-04-29 09:00:00+00:00,26213.935911319848
2030-04-29 10:00:00+00:00,26015.417597274918
2030-04-29 11:00:00+00:00,26164.1777187431
2030-04-29 12:00:00+00:00,26251.08710678687
2030-04-29 13:00:00+00:00,26690.424090802033
2030-04-29 14:00:00+00:00,27327.24147973418
2030-04-29 15:00:00+00:00,27440.77104959392
2030-04-29 16:00:00+00:00,26766.186870850284
2030-04-29 17:00:00+00:00,25549.495797571686
2030-04-29 18:00:00+00:00,24484.220396500972
2030-04-29 19:00:00+00:00,23646.564219017084
2030-04-29 20:00:00+00:00,22793.302288285173
2030-04-29 21:00:00+00:00,21563.38695518154
2030-04-29 22:00:00+00:00,20656.576517294725
2030-04-29 23:00:00+00:00,20340.964997646315
2030-04-30 00:00:00+00:00,19918.824599240823
2030-04-30 01:00:00+00:00,20096.024050294993
2030-04-30 02:00:00+00:00,21080.759199497636
2030-04-30 03:00:00+00:00,23483.94028716014
2030-04-30 04:00:00+00:00,25815.578962141455
2030-04-30 05:00:00+00:00,27100.73871999141
2030-04-30 06:00:00+00:00,26876.24308810836
2030-04-30 07:00:00+00:00,26397.866008053083
2030-04-30 08:00:00+00:00,25923.50395504801
2030-04-30 09:00:00+00:00,25829.639361946018
2030-04-30 10:00:00+00:00,25674.588538365366
2030-04-30 11:00:00+00:00,25899.803860819557
2030-04-30 12:00:00+00:00,25999.19540467991
2030-04-30 13:00:00+00:00,26397.42486803004
2030-04-30 14:00:00+00:00,27056.501398595403
2030-04-30 15:00:00+00:00,26918.20857649323
2030-04-30 16:00:00+00:00,26318.156053961324
2030-04-30 17:00:00+00:00,25144.012333255232
2030-04-30 18:00:00+00:00,24123.974324201237
2030-04-30 19:00:00+00:00,23298.75564330647
2030-04-30 20:00:00+00:00,22474.75728328354
2030-04-30 21:00:00+00:00,21305.86497194925
2030-04-30 22:00:00+00:00,20361.84606504094
2030-04-30 23:00:00+00:00,19994.705392724423
2030-05-01 00:00:00+00:00,18974.925940554884
2030-05-01 01:00:00+00:00,19063.02978758653
2030-05-01 02:00:00+00:00,19636.161221975533
2030-05-01 03:00:00+00:00,21285.66171650022
2030-05-01 04:00:00+00:00,22963.786004252932
2030-05-01 05:00:00+00:00,24019.959379566626
2030-05-01 06:00:00+00:00,23927.882489785585
2030-05-01 07:00:00+00:00,23647.382856682467
2030-05-01 08:00:00+00:00,23408.939238222283
2030-05-01 09:00:00+00:00,23436.771339604024
2030-05-01 10:00:00+00:00,23480.527629297565
2030-05-01 11:00:00+00:00,23496.979204343228
2030-05-01 12:00:00+00:00,23564.21831985257
2030-05-01 13:00:00+00:00,23868.95138268716
2030-05-01 14:00:00+00:00,24487.796718946847
2030-05-01 15:00:00+00:00,24552.709980687658
2030-05-01 16:00:00+00:00,24073.12797735706
2030-05-01 17:00:00+00:00,23146.011309175363
2030-05-01 18:00:00+00:00,22200.703619663884
2030-05-01 19:00:00+00:00,21519.82417310985
2030-05-01 20:00:00+00:00,21033.845662558953
2030-05-01 21:00:00+00:00,20095.13871878167
2030-05-01 22:00:00+00:00,19290.3006083542
2030-05-01 23:00:00+00:00,18952.244690308526
2030-05-02 00:00:00+00:00,18402.59667370414
2030-05-02 01:00:00+00:00,18465.80844132883
2030-05-02 02:00:00+00:00,19013.97521223072
2030-05-02 03:00:00+00:00,20701.31050560544
2030-05-02 04:00:00+00:00,22864.65644222595
2030-05-02 05:00:00+00:00,24355.51960604296
2030-05-02 06:00:00+00:00,24446.356462187672
2030-05-02 07:00:00+00:00,24132.739287893415
2030-05-02 08:00:00+00:00,23856.611505767243
2030-05-02 09:00:00+00:00,23970.70254984442
2030-05-02 10:00:00+00:00,24079.828378650363
2030-05-02 11:00:00+00:00,24121.520585839764
2030-05-02 12:00:00+00:00,24341.429486080247
2030-05-02 13:00:00+00:00,24627.630364146895
2030-05-02 14:00:00+00:00,25189.382390804643
2030-05-02 15:00:00+00:00,25080.878478583396
2030-05-02 16:00:00+00:00,24394.97360856475
2030-05-02 17:00:00+00:00,23247.4546088369
2030-05-02 18:00:00+00:00,22218.36633879087
2030-05-02 19:00:00+00:00,21541.870892121417
2030-05-02 20:00:00+00:00,21001.76699739538
2030-05-02 21:00:00+00:00,20065.627560070716
2030-05-02 22:00:00+00:00,19238.148829732832
2030-05-02 23:00:00+00:00,18805.815974357156
2030-05-03 00:00:00+00:00,18518.699731710458
2030-05-03 01:00:00+00:00,18588.89294699537
2030-05-03 02:00:00+00:00,19108.66257942709
2030-05-03 03:00:00+00:00,20622.81504933094
2030-05-03 04:00:00+00:00,22522.416038838503
2030-05-03 05:00:00+00:00,23906.032511009296
2030-05-03 06:00:00+00:00,23847.517024283537
2030-05-03 07:00:00+00:00,23804.860023523343
2030-05-03 08:00:00+00:00,23855.096510280684
2030-05-03 09:00:00+00:00,24117.88023415403
2030-05-03 10:00:00+00:00,24388.118542422813
2030-05-03 11:00:00+00:00,24724.756994299274
2030-05-03 12:00:00+00:00,24900.87893374508
2030-05-03 13:00:00+00:00,24868.747472287356
2030-05-03 14:00:00+00:00,24821.771510875635
2030-05-03 15:00:00+00:00,24575.738179094693
2030-05-03 16:00:00+00:00,23999.839012660163
2030-05-03 17:00:00+00:00,22981.623712188684
2030-05-03 18:00:00+00:00,22021.436726239914
2030-05-03 19:00:00+00:00,21381.273324242717
2030-05-03 20:00:00+00:00,20873.315375207287
2030-05-03 21:00:00+00:00,20127.74327964897
2030-05-03 22:00:00+00:00,19301.225867236204
2030-05-03 23:00:00+00:00,18771.055560516295
2030-05-04 00:00:00+00:00,18820.85407766974
2030-05-04 01:00:00+00:00,18859.05620065827
2030-05-04 02:00:00+00:00,19291.581100360305
2030-05-04 03:00:00+00:00,20284.957849072092
2030-05-04 04:00:00+00:00,20820.345409659752
2030-05-04 05:00:00+00:00,21353.634279923368
2030-05-04 06:00:00+00:00,22243.69615021072
2030-05-04 07:00:00+00:00,23326.399033732632
2030-05-04 08:00:00+00:00,23884.068001503696
2030-05-04 09:00:00+00:00,24149.20515413221
2030-05-04 10:00:00+00:00,24033.767907091962
2030-05-04 11:00:00+00:00,23911.736320082495
2030-05-04 12:00:00+00:00,23808.942133547855
2030-05-04 13:00:00+00:00,23482.624761214716
2030-05-04 14:00:00+00:00,23261.04399621575
2030-05-04 15:00:00+00:00,23298.399241359526
2030-05-04 16:00:00+00:00,23126.556594231322
2030-05-04 17:00:00+00:00,22463.213802319413
2030-05-04 18:00:00+00:00,21768.522704093466
2030-05-04 19:00:00+00:00,21196.60138762854
2030-05-04 20:00:00+00:00,20729.435849871217
2030-05-04 21:00:00+00:00,20061.236588999007
2030-05-04 22:00:00+00:00,19315.629451935754
2030-05-04 23:00:00+00:00,18866.343132352176
2030-05-05 00:00:00+00:00,18203.055161329852
2030-05-05 01:00:00+00:00,18115.037836994627
2030-05-05 02:00:00+00:00,18395.434475787664
2030-05-05 03:00:00+00:00,18993.795774642706
2030-05-05 04:00:00+00:00,19145.020322456396
2030-05-05 05:00:00+00:00,19382.817603934844
2030-05-05 06:00:00+00:00,20051.19291107056
2030-05-05 07:00:00+00:00,20951.677695423776
2030-05-05 08:00:00+00:00,21821.20906671538
2030-05-05 09:00:00+00:00,22412.168298477023
2030-05-05 10:00:00+00:00,22502.94561197214
2030-05-05 11:00:00+00:00,22598.3789696379
2030-05-05 12:00:00+00:00,22700.35779513916
2030-05-05 13:00:00+00:00,22601.0298600406
2030-05-05 14:00:00+00:00,22604.557220261424
2030-05-05 15:00:00+00:00,22811.165191101703
2030-05-05 16:00:00+00:00,22661.29145601996
2030-05-05 17:00:00+00:00,22224.597066392173
2030-05-05 18:00:00+00:00,21561.550059022422
2030-05-05 19:00:00+00:00,20944.311346229595
2030-05-05 20:00:00+00:00,20297.041373728476
2030-05-05 21:00:00+00:00,19403.06601513412
2030-05-05 22:00:00+00:00,18632.211396899962
2030-05-05 23:00:00+00:00,18285.009253954493
2030-05-06 00:00:00+00:00,17602.061854218173
2030-05-06 01:00:00+00:00,17713.75949106458
2030-05-06 02:00:00+00:00,18212.20315809051
2030-05-06 03:00:00+00:00,19694.303758555365
2030-05-06 04:00:00+00:00,21762.391368510056
2030-05-06 05:00:00+00:00,23213.85198702983
2030-05-06 06:00:00+00:00,23214.04162853005
2030-05-06 07:00:00+00:00,22972.106213637308
2030-05-06 08:00:00+00:00,22802.85029232797
2030-05-06 09:00:00+00:00,22830.852274254397
2030-05-06 10:00:00+00:00,22753.43844193515
2030-05-06 11:00:00+00:00,22913.46809480341
2030-05-06 12:00:00+00:00,23028.87558864213
2030-05-06 13:00:00+00:00,23336.419849928912
2030-05-06 14:00:00+00:00,23858.037492244406
2030-05-06 15:00:00+00:00,23716.5290987966
2030-05-06 16:00:00+00:00,22887.65622833124
2030-05-06 17:00:00+00:00,21745.112043271973
2030-05-06 18:00:00+00:00,20750.773771639844
2030-05-06 19:00:00+00:00,20189.92057188931
2030-05-06 20:00:00+00:00,19808.652867150282
2030-05-06 21:00:00+00:00,19156.37497187185
2030-05-06 22:00:00+00:00,18526.21646319223
2030-05-06 23:00:00+00:00,18151.679403987448
2030-05-07 00:00:00+00:00,18086.01674341596
2030-05-07 01:00:00+00:00,18098.845057920193
2030-05-07 02:00:00+00:00,18463.853429472914
2030-05-07 03:00:00+00:00,19833.113410787028
2030-05-07 04:00:00+00:00,21926.180832106806
2030-05-07 05:00:00+00:00,23486.32093870355
2030-05-07 06:00:00+00:00,23589.263475444404
2030-05-07 07:00:00+00:00,23229.222775754584
2030-05-07 08:00:00+00:00,22904.369661200835
2030-05-07 09:00:00+00:00,22981.262795370418
2030-05-07 10:00:00+00:00,22994.626407293603
2030-05-07 11:00:00+00:00,23122.720617306342
2030-05-07 12:00:00+00:00,23280.784107007545
2030-05-07 13:00:00+00:00,23544.79892725062
2030-05-07 14:00:00+00:00,24130.520107190157
2030-05-07 15:00:00+00:00,24114.04569266938
2030-05-07 16:00:00+00:00,23406.037752401444
2030-05-07 17:00:00+00:00,22175.508718358124
2030-05-07 18:00:00+00:00,21137.63378225556
2030-05-07 19:00:00+00:00,20509.07301998605
2030-05-07 20:00:00+00:00,20131.427927396635
2030-05-07 21:00:00+00:00,19373.17445992844
2030-05-07 22:00:00+00:00,18660.860478186492
2030-05-07 23:00:00+00:00,18256.715039493527
2030-05-08 00:00:00+00:00,17987.98420134414
2030-05-08 01:00:00+00:00,17977.713796404914
2030-05-08 02:00:00+00:00,18329.09265375778
2030-05-08 03:00:00+00:00,19616.29333047664
2030-05-08 04:00:00+00:00,21610.153619333993
2030-05-08 05:00:00+00:00,23204.251958802895
2030-05-08 06:00:00+00:00,23289.15349301092
2030-05-08 07:00:00+00:00,23014.120367813517
2030-05-08 08:00:00+00:00,22890.51083538019
2030-05-08 09:00:00+00:00,22966.536492499185
2030-05-08 10:00:00+00:00,23085.676482519975
2030-05-08 11:00:00+00:00,23227.70659707887
2030-05-08 12:00:00+00:00,23303.246702692977
2030-05-08 13:00:00+00:00,23729.949254579595
2030-05-08 14:00:00+00:00,24112.899068401628
2030-05-08 15:00:00+00:00,23972.946933921154
2030-05-08 16:00:00+00:00,23373.72786608224
2030-05-08 17:00:00+00:00,22110.85651111918
2030-05-08 18:00:00+00:00,21070.160491268984
2030-05-08 19:00:00+00:00,20411.535761052004
2030-05-08 20:00:00+00:00,20026.08594118946
2030-05-08 21:00:00+00:00,19351.123098433396
2030-05-08 22:00:00+00:00,18600.798961972767
2030-05-08 23:00:00+00:00,18185.52411252548
2030-05-09 00:00:00+00:00,18500.305724776576
2030-05-09 01:00:00+00:00,18547.802354868723
2030-05-09 02:00:00+00:00,18967.8166826579
2030-05-09 03:00:00+00:00,20276.14540950213
2030-05-09 04:00:00+00:00,21876.884074262125
2030-05-09 05:00:00+00:00,23094.471791952757
2030-05-09 06:00:00+00:00,23106.757663518896
2030-05-09 07:00:00+00:00,22886.554786834313
2030-05-09 08:00:00+00:00,22647.72109838501
2030-05-09 09:00:00+00:00,22780.21020847303
2030-05-09 10:00:00+00:00,22852.75906735048
2030-05-09 11:00:00+00:00,22826.959005355013
2030-05-09 12:00:00+00:00,23022.68602140228
2030-05-09 13:00:00+00:00,23368.80247125711
2030-05-09 14:00:00+00:00,23825.15345406068
2030-05-09 15:00:00+00:00,23868.058265198706
2030-05-09 16:00:00+00:00,23415.515924114592
2030-05-09 17:00:00+00:00,22372.59720600885
2030-05-09 18:00:00+00:00,21455.68649170727
2030-05-09 19:00:00+00:00,20841.260131483243
2030-05-09 20:00:00+00:00,20427.684491440657
2030-05-09 21:00:00+00:00,19529.926219201174
2030-05-09 22:00:00+00:00,18806.884971855714
2030-05-09 23:00:00+00:00,18370.90323798638
2030-05-10 00:00:00+00:00,18708.82462320151
2030-05-10 01:00:00+00:00,18808.46011521182
2030-05-10 02:00:00+00:00,19508.544248608876
2030-05-10 03:00:00+00:00,21275.50793404975
2030-05-10 04:00:00+00:00,23036.783051265265
2030-05-10 05:00:00+00:00,24226.05175021745
2030-05-10 06:00:00+00:00,24280.808284132363
2030-05-10 07:00:00+00:00,24144.13358713467
2030-05-10 08:00:00+00:00,24192.24139393407
2030-05-10 09:00:00+00:00,24452.705019903937
2030-05-10 10:00:00+00:00,24971.647719854624
2030-05-10 11:00:00+00:00,25177.527847734193
2030-05-10 12:00:00+00:00,25332.192623277926
2030-05-10 13:00:00+00:00,25377.502143001813
2030-05-10 14:00:00+00:00,25518.98066160637
2030-05-10 15:00:00+00:00,25389.16863485257
2030-05-10 16:00:00+00:00,24944.144391278543
2030-05-10 17:00:00+00:00,23921.80705067814
2030-05-10 18:00:00+00:00,22921.719297808253
2030-05-10 19:00:00+00:00,22074.22146155003
2030-05-10 20:00:00+00:00,21549.617627273896
2030-05-10 21:00:00+00:00,20611.566836230628
2030-05-10 22:00:00+00:00,19745.61436329638
2030-05-10 23:00:00+00:00,19285.75781228923
2030-05-11 00:00:00+00:00,19172.034185058143
2030-05-11 01:00:00+00:00,19215.970890111803
2030-05-11 02:00:00+00:00,19798.272644032306
2030-05-11 03:00:00+00:00,20977.356347456745
2030-05-11 04:00:00+00:00,21564.568788781067
2030-05-11 05:00:00+00:00,22081.636252981432
2030-05-11 06:00:00+00:00,22953.75421277179
2030-05-11 07:00:00+00:00,23930.794260558727
2030-05-11 08:00:00+00:00,24540.112628356026
2030-05-11 09:00:00+00:00,24746.898123465486
2030-05-11 10:00:00+00:00,24624.139952344118
2030-05-11 11:00:00+00:00,24534.64479486076
2030-05-11 12:00:00+00:00,24528.837260705066
2030-05-11 13:00:00+00:00,24061.708267140773
2030-05-11 14:00:00+00:00,23987.59988343478
2030-05-11 15:00:00+00:00,24031.786677348045
2030-05-11 16:00:00+00:00,23815.187552014107
2030-05-11 17:00:00+00:00,23226.161109859822
2030-05-11 18:00:00+00:00,22581.650894623443
2030-05-11 19:00:00+00:00,21880.781584615335
2030-05-11 20:00:00+00:00,21246.018914516328
2030-05-11 21:00:00+00:00,20438.019500377693
2030-05-11 22:00:00+00:00,19665.30053674142
2030-05-11 23:00:00+00:00,19291.466292370165
2030-05-12 00:00:00+00:00,19422.9134508178
2030-05-12 01:00:00+00:00,19572.31031006484
2030-05-12 02:00:00+00:00,20280.332506785766
2030-05-12 03:00:00+00:00,21512.63680444797
2030-05-12 04:00:00+00:00,21875.63008764963
2030-05-12 05:00:00+00:00,21956.652546565467
2030-05-12 06:00:00+00:00,22515.723734928364
2030-05-12 07:00:00+00:00,23361.301835442024
2030-05-12 08:00:00+00:00,24218.4204543786
2030-05-12 09:00:00+00:00,24846.645368340192
2030-05-12 10:00:00+00:00,24877.80327496256
2030-05-12 11:00:00+00:00,24957.20558910425
2030-05-12 12:00:00+00:00,25032.66657843129
2030-05-12 13:00:00+00:00,25017.37649010744
2030-05-12 14:00:00+00:00,24928.90987818038
2030-05-12 15:00:00+00:00,25214.15632607624
2030-05-12 16:00:00+00:00,25217.044559378333
2030-05-12 17:00:00+00:00,24767.931142286932
2030-05-12 18:00:00+00:00,24091.402221947552
2030-05-12 19:00:00+00:00,23202.46536724614
2030-05-12 20:00:00+00:00,22158.19291783132
2030-05-12 21:00:00+00:00,20936.577963132167
2030-05-12 22:00:00+00:00,19978.99561499292
2030-05-12 23:00:00+00:00,19730.85823596979
2030-05-13 00:00:00+00:00,18922.802771133553
2030-05-13 01:00:00+00:00,19077.01103960897
2030-05-13 02:00:00+00:00,19959.20334308755
2030-05-13 03:00:00+00:00,22103.845384306664
2030-05-13 04:00:00+00:00,24358.61092215441
2030-05-13 05:00:00+00:00,25662.65861242596
2030-05-13 06:00:00+00:00,25631.803218737758
2030-05-13 07:00:00+00:00,25249.566269451978
2030-05-13 08:00:00+00:00,25039.341596581435
2030-05-13 09:00:00+00:00,25052.572891792654
2030-05-13 10:00:00+00:00,24842.985973690695
2030-05-13 11:00:00+00:00,24917.342522568477
2030-05-13 12:00:00+00:00,24925.51567646545
2030-05-13 13:00:00+00:00,25230.385449223035
2030-05-13 14:00:00+00:00,25796.220308584365
2030-05-13 15:00:00+00:00,25792.725228189563
2030-05-13 16:00:00+00:00,25152.49958572776
2030-05-13 17:00:00+00:00,24023.089675509163
2030-05-13 18:00:00+00:00,22972.01222925583
2030-05-13 19:00:00+00:00,22196.051325736153
2030-05-13 20:00:00+00:00,21589.453127837496
2030-05-13 21:00:00+00:00,20611.554368542995
2030-05-13 22:00:00+00:00,19778.809447529402
2030-05-13 23:00:00+00:00,19419.41506497531
2030-05-14 00:00:00+00:00,19549.810605759867
2030-05-14 01:00:00+00:00,19738.632208172785
2030-05-14 02:00:00+00:00,20565.29749638437
2030-05-14 03:00:00+00:00,22749.300705808502
2030-05-14 04:00:00+00:00,25041.790646539182
2030-05-14 05:00:00+00:00,26489.843392492192
2030-05-14 06:00:00+00:00,26324.10970260879
2030-05-14 07:00:00+00:00,25817.231638356763
2030-05-14 08:00:00+00:00,25397.34030758839
2030-05-14 09:00:00+00:00,25320.72106843351
2030-05-14 10:00:00+00:00,25238.274454022783
2030-05-14 11:00:00+00:00,25358.827067112037
2030-05-14 12:00:00+00:00,25547.44354513864
2030-05-14 13:00:00+00:00,26012.246498739965
2030-05-14 14:00:00+00:00,26567.172151490482
2030-05-14 15:00:00+00:00,26553.83905265032
2030-05-14 16:00:00+00:00,26020.549852479748
2030-05-14 17:00:00+00:00,24751.421027888176
2030-05-14 18:00:00+00:00,23691.980737789523
2030-05-14 19:00:00+00:00,22821.836340038626
2030-05-14 20:00:00+00:00,22130.777442067847
2030-05-14 21:00:00+00:00,21014.452321201185
2030-05-14 22:00:00+00:00,20128.11382269076
2030-05-14 23:00:00+00:00,19758.706319088393
2030-05-15 00:00:00+00:00,18987.149182101963
2030-05-15 01:00:00+00:00,19095.856623334595
2030-05-15 02:00:00+00:00,19787.072664796993
2030-05-15 03:00:00+00:00,21554.274799746716
2030-05-15 04:00:00+00:00,23765.306546892403
2030-05-15 05:00:00+00:00,25279.97095912698
2030-05-15 06:00:00+00:00,25240.461825256712
2030-05-15 07:00:00+00:00,24946.97402421827
2030-05-15 08:00:00+00:00,24532.280764653337
2030-05-15 09:00:00+00:00,24506.908098786746
2030-05-15 10:00:00+00:00,24469.420702114006
2030-05-15 11:00:00+00:00,24663.845406006676
2030-05-15 12:00:00+00:00,24661.648493781588
2030-05-15 13:00:00+00:00,25194.77627953335
2030-05-15 14:00:00+00:00,25618.11879101668
2030-05-15 15:00:00+00:00,25584.177710198688
2030-05-15 16:00:00+00:00,24904.998668119686
2030-05-15 17:00:00+00:00,23750.261498100324
2030-05-15 18:00:00+00:00,22720.672274911096
2030-05-15 19:00:00+00:00,21929.308857067455
2030-05-15 20:00:00+00:00,21486.666572184586
2030-05-15 21:00:00+00:00,20512.068002816297
2030-05-15 22:00:00+00:00,19622.08967043347
2030-05-15 23:00:00+00:00,19253.66309323459
2030-05-16 00:00:00+00:00,19926.258888252836
2030-05-16 01:00:00+00:00,20065.372718381488
2030-05-16 02:00:00+00:00,21006.31401858073
2030-05-16 03:00:00+00:00,23349.24886026338
2030-05-16 04:00:00+00:00,25602.081365803864
2030-05-16 05:00:00+00:00,26959.9843127967
2030-05-16 06:00:00+00:00,26919.056513369822
2030-05-16 07:00:00+00:00,26578.582317839642
2030-05-16 08:00:00+00:00,26205.746342057526
2030-05-16 09:00:00+00:00,26217.209473651496
2030-05-16 10:00:00+00:00,26162.59708482406
2030-05-16 11:00:00+00:00,26307.604366700525
2030-05-16 12:00:00+00:00,26549.913754395264
2030-05-16 13:00:00+00:00,26885.22909227085
2030-05-16 14:00:00+00:00,27388.78010516516
2030-05-16 15:00:00+00:00,27446.24896603979
2030-05-16 16:00:00+00:00,26986.3179289221
2030-05-16 17:00:00+00:00,25846.80909790937
2030-05-16 18:00:00+00:00,24714.933639067785
2030-05-16 19:00:00+00:00,23694.11483798602
2030-05-16 20:00:00+00:00,22846.60352233629
2030-05-16 21:00:00+00:00,21576.9913642671
2030-05-16 22:00:00+00:00,20524.945748565577
2030-05-16 23:00:00+00:00,20174.94757193247
2030-05-17 00:00:00+00:00,20169.039935151308
2030-05-17 01:00:00+00:00,20330.365353535377
2030-05-17 02:00:00+00:00,21330.58011247563
2030-05-17 03:00:00+00:00,23710.95945265871
2030-05-17 04:00:00+00:00,25883.479881941774
2030-05-17 05:00:00+00:00,27123.29308304508
2030-05-17 06:00:00+00:00,27006.19732108566
2030-05-17 07:00:00+00:00,26807.027246075162
2030-05-17 08:00:00+00:00,26827.345739676155
2030-05-17 09:00:00+00:00,27021.413963176827
2030-05-17 10:00:00+00:00,27336.786700419987
2030-05-17 11:00:00+00:00,27651.17318851144
2030-05-17 12:00:00+00:00,27704.910569211792
2030-05-17 13:00:00+00:00,27724.381090139777
2030-05-17 14:00:00+00:00,27796.174562853335
2030-05-17 15:00:00+00:00,27671.630743697675
2030-05-17 16:00:00+00:00,27219.463565606664
2030-05-17 17:00:00+00:00,26254.637477201974
2030-05-17 18:00:00+00:00,25142.50852505895
2030-05-17 19:00:00+00:00,24061.510640935932
2030-05-17 20:00:00+00:00,23214.70713232702
2030-05-17 21:00:00+00:00,21975.775951398162
2030-05-17 22:00:00+00:00,20944.701022139405
2030-05-17 23:00:00+00:00,20440.191684328965
2030-05-18 00:00:00+00:00,19423.36543755617
2030-05-18 01:00:00+00:00,19408.40393406998
2030-05-18 02:00:00+00:00,19976.917230597588
2030-05-18 03:00:00+00:00,21104.57551731785
2030-05-18 04:00:00+00:00,21668.11339901656
2030-05-18 05:00:00+00:00,22169.178946022283
2030-05-18 06:00:00+00:00,23033.412283758422
2030-05-18 07:00:00+00:00,24052.417592859478
2030-05-18 08:00:00+00:00,24584.759800199612
2030-05-18 09:00:00+00:00,24805.825372431478
2030-05-18 10:00:00+00:00,24793.035030066858
2030-05-18 11:00:00+00:00,24611.415109917594
2030-05-18 12:00:00+00:00,24262.29659211003
2030-05-18 13:00:00+00:00,23982.49159966247
2030-05-18 14:00:00+00:00,23745.265608399528
2030-05-18 15:00:00+00:00,23823.439254901954
2030-05-18 16:00:00+00:00,23729.167004067687
2030-05-18 17:00:00+00:00,23084.327145766652
2030-05-18 18:00:00+00:00,22471.724225925744
2030-05-18 19:00:00+00:00,21750.64127002138
2030-05-18 20:00:00+00:00,21275.408067893517
2030-05-18 21:00:00+00:00,20523.01078233653
2030-05-18 22:00:00+00:00,19763.274267519155
2030-05-18 23:00:00+00:00,19261.078491753284
2030-05-19 00:00:00+00:00,18488.529243535075
2030-05-19 01:00:00+00:00,18394.34353234597
2030-05-19 02:00:00+00:00,18759.369105359827
2030-05-19 03:00:00+00:00,19419.131064116333
2030-05-19 04:00:00+00:00,19676.01948524472
2030-05-19 05:00:00+00:00,19898.237786784866
2030-05-19 06:00:00+00:00,20506.55578252761
2030-05-19 07:00:00+00:00,21427.075029594864
2030-05-19 08:00:00+00:00,22340.332877421755
2030-05-19 09:00:00+00:00,22948.100774577633
2030-05-19 10:00:00+00:00,23220.393263627386
2030-05-19 11:00:00+00:00,23247.29283292576
2030-05-19 12:00:00+00:00,23332.94267223036
2030-05-19 13:00:00+00:00,23187.061449471956
2030-05-19 14:00:00+00:00,23174.798456876888
2030-05-19 15:00:00+00:00,23313.358704778424
2030-05-19 16:00:00+00:00,23162.83850650679
2030-05-19 17:00:00+00:00,22570.15521384402
2030-05-19 18:00:00+00:00,21903.516305189587
2030-05-19 19:00:00+00:00,21128.600986678808
2030-05-19 20:00:00+00:00,20503.9164477153
2030-05-19 21:00:00+00:00,19650.070538600838
2030-05-19 22:00:00+00:00,18866.063661189182
2030-05-19 23:00:00+00:00,18567.282850670406
2030-05-20 00:00:00+00:00,19011.745738369787
2030-05-20 01:00:00+00:00,19187.46265472461
2030-05-20 02:00:00+00:00,20071.088370436326
2030-05-20 03:00:00+00:00,22153.886748071807
2030-05-20 04:00:00+00:00,23988.56615184333
2030-05-20 05:00:00+00:00,24903.856588737777
2030-05-20 06:00:00+00:00,24714.632628353265
2030-05-20 07:00:00+00:00,24457.962678430522
2030-05-20 08:00:00+00:00,24377.81087721774
2030-05-20 09:00:00+00:00,24445.24214577235
2030-05-20 10:00:00+00:00,24459.496759556638
2030-05-20 11:00:00+00:00,24377.517316275767
2030-05-20 12:00:00+00:00,24347.943404573616
2030-05-20 13:00:00+00:00,24630.703023929622
2030-05-20 14:00:00+00:00,25226.64883818509
2030-05-20 15:00:00+00:00,25357.6519050339
2030-05-20 16:00:00+00:00,24823.775485366074
2030-05-20 17:00:00+00:00,23836.29059616884
2030-05-20 18:00:00+00:00,22892.03359665188
2030-05-20 19:00:00+00:00,22087.794023355542
2030-05-20 20:00:00+00:00,21492.952190952237
2030-05-20 21:00:00+00:00,20473.756704288273
2030-05-20 22:00:00+00:00,19678.066389764117
2030-05-20 23:00:00+00:00,19312.12172345409
2030-05-21 00:00:00+00:00,19222.35684007649
2030-05-21 01:00:00+00:00,19441.238388929833
2030-05-21 02:00:00+00:00,20351.192430248324
2030-05-21 03:00:00+00:00,22629.556637784353
2030-05-21 04:00:00+00:00,25033.528220917495
2030-05-21 05:00:00+00:00,26443.95028574331
2030-05-21 06:00:00+00:00,26404.880690577414
2030-05-21 07:00:00+00:00,26005.428029633615
2030-05-21 08:00:00+00:00,25613.24817338986
2030-05-21 09:00:00+00:00,25577.396434160724
2030-05-21 10:00:00+00:00,25470.194007239847
2030-05-21 11:00:00+00:00,25626.83669072661
2030-05-21 12:00:00+00:00,25828.80675994592
2030-05-21 13:00:00+00:00,26248.808033282174
2030-05-21 14:00:00+00:00,26767.6659758736
2030-05-21 15:00:00+00:00,26869.652146392626
2030-05-21 16:00:00+00:00,26250.046638478187
2030-05-21 17:00:00+00:00,25018.776118209786
2030-05-21 18:00:00+00:00,23921.682508971127
2030-05-21 19:00:00+00:00,22962.37098957664
2030-05-21 20:00:00+00:00,22245.06845801136
2030-05-21 21:00:00+00:00,21111.019522304206
2030-05-21 22:00:00+00:00,20158.29490803945
2030-05-21 23:00:00+00:00,19825.23189699133
2030-05-22 00:00:00+00:00,19907.13265193132
2030-05-22 01:00:00+00:00,20098.60314095057
2030-05-22 02:00:00+00:00,21114.18709353027
2030-05-22 03:00:00+00:00,23488.848033715414
2030-05-22 04:00:00+00:00,25830.422277259666
2030-05-22 05:00:00+00:00,27213.352622374554
2030-05-22 06:00:00+00:00,27084.03872883203
2030-05-22 07:00:00+00:00,26609.235973036466
2030-05-22 08:00:00+00:00,26204.444145642963
2030-05-22 09:00:00+00:00,26257.769133495614
2030-05-22 10:00:00+00:00,26097.41965918581
2030-05-22 11:00:00+00:00,26205.779002582716
2030-05-22 12:00:00+00:00,26301.819671147383
2030-05-22 13:00:00+00:00,26786.65866352718
2030-05-22 14:00:00+00:00,27275.26221685403
2030-05-22 15:00:00+00:00,27351.21690007471
2030-05-22 16:00:00+00:00,26770.27478213524
2030-05-22 17:00:00+00:00,25656.994290721996
2030-05-22 18:00:00+00:00,24554.875156744023
2030-05-22 19:00:00+00:00,23536.815457297915
2030-05-22 20:00:00+00:00,22723.911922031704
2030-05-22 21:00:00+00:00,21474.625549238524
2030-05-22 22:00:00+00:00,20501.293586228374
2030-05-22 23:00:00+00:00,20118.619148575133
2030-05-23 00:00:00+00:00,20692.941999415503
2030-05-23 01:00:00+00:00,20926.144492050997
2030-05-23 02:00:00+00:00,22124.948771108542
2030-05-23 03:00:00+00:00,24983.75268922817
2030-05-23 04:00:00+00:00,27460.14976393342
2030-05-23 05:00:00+00:00,28755.310365002595
2030-05-23 06:00:00+00:00,28616.394160045264
2030-05-23 07:00:00+00:00,28139.78266066546
2030-05-23 08:00:00+00:00,27791.031924393996
2030-05-23 09:00:00+00:00,27726.95809155219
2030-05-23 10:00:00+00:00,27559.53482797039
2030-05-23 11:00:00+00:00,27698.839808524437
2030-05-23 12:00:00+00:00,27854.14896500537
2030-05-23 13:00:00+00:00,28208.34944189415
2030-05-23 14:00:00+00:00,28832.455054768092
2030-05-23 15:00:00+00:00,28839.336580144427
2030-05-23 16:00:00+00:00,28320.946586326496
2030-05-23 17:00:00+00:00,27265.325539280046
2030-05-23 18:00:00+00:00,26072.569430246807
2030-05-23 19:00:00+00:00,24928.61024320783
2030-05-23 20:00:00+00:00,23992.564900217607
2030-05-23 21:00:00+00:00,22512.9811870797
2030-05-23 22:00:00+00:00,21401.85736106872
2030-05-23 23:00:00+00:00,21040.983017118488
2030-05-24 00:00:00+00:00,20875.134265074306
2030-05-24 01:00:00+00:00,21169.13974968081
2030-05-24 02:00:00+00:00,22477.816033039067
2030-05-24 03:00:00+00:00,25253.711686663573
2030-05-24 04:00:00+00:00,27569.375420881282
2030-05-24 05:00:00+00:00,28712.323474033386
2030-05-24 06:00:00+00:00,28479.042697898836
2030-05-24 07:00:00+00:00,28186.292023997034
2030-05-24 08:00:00+00:00,28056.910048804577
2030-05-24 09:00:00+00:00,28171.769365993187
2030-05-24 10:00:00+00:00,28472.887852389315
2030-05-24 11:00:00+00:00,28744.457135001747
2030-05-24 12:00:00+00:00,28902.22192002762
2030-05-24 13:00:00+00:00,28891.50060222455
2030-05-24 14:00:00+00:00,28895.356138743355
2030-05-24 15:00:00+00:00,28879.990961646476
2030-05-24 16:00:00+00:00,28467.411822456786
2030-05-24 17:00:00+00:00,27610.149190337037
2030-05-24 18:00:00+00:00,26470.92815367649
2030-05-24 19:00:00+00:00,25244.018502183342
2030-05-24 20:00:00+00:00,24241.868714624776
2030-05-24 21:00:00+00:00,22771.80774074212
2030-05-24 22:00:00+00:00,21664.364216285252
2030-05-24 23:00:00+00:00,21256.859367429068
2030-05-25 00:00:00+00:00,20240.277461427806
2030-05-25 01:00:00+00:00,20338.344046259936
2030-05-25 02:00:00+00:00,21155.279490992514
2030-05-25 03:00:00+00:00,22675.795124419394
2030-05-25 04:00:00+00:00,23346.8681390143
2030-05-25 05:00:00+00:00,23674.46684841823
2030-05-25 06:00:00+00:00,24464.083719939226
2030-05-25 07:00:00+00:00,25437.473602892373
2030-05-25 08:00:00+00:00,25935.22623359797
2030-05-25 09:00:00+00:00,26074.1176772802
2030-05-25 10:00:00+00:00,25930.178302460088
2030-05-25 11:00:00+00:00,25635.322810600548
2030-05-25 12:00:00+00:00,25602.692007804206
2030-05-25 13:00:00+00:00,25344.153418717462
2030-05-25 14:00:00+00:00,25332.990087060305
2030-05-25 15:00:00+00:00,25440.384963707435
2030-05-25 16:00:00+00:00,25221.765389750464
2030-05-25 17:00:00+00:00,24627.794791408294
2030-05-25 18:00:00+00:00,23985.63779323782
2030-05-25 19:00:00+00:00,23156.13108042558
2030-05-25 20:00:00+00:00,22433.69666244653
2030-05-25 21:00:00+00:00,21460.07878827747
2030-05-25 22:00:00+00:00,20553.540688728954
2030-05-25 23:00:00+00:00,20177.023882202855
2030-05-26 00:00:00+00:00,19539.646078161157
2030-05-26 01:00:00+00:00,19610.35233408751
2030-05-26 02:00:00+00:00,20253.311369817395
2030-05-26 03:00:00+00:00,21452.61827170113
2030-05-26 04:00:00+00:00,21815.87340162998
2030-05-26 05:00:00+00:00,21945.0668790403
2030-05-26 06:00:00+00:00,22457.913411167618
2030-05-26 07:00:00+00:00,23258.027330641416
2030-05-26 08:00:00+00:00,24217.74036084247
2030-05-26 09:00:00+00:00,24901.9820894321
2030-05-26 10:00:00+00:00,24898.626113325827
2030-05-26 11:00:00+00:00,24874.378241204813
2030-05-26 12:00:00+00:00,24788.695527342923
2030-05-26 13:00:00+00:00,24738.538057339872
2030-05-26 14:00:00+00:00,24772.32194830209
2030-05-26 15:00:00+00:00,25082.97905439791
2030-05-26 16:00:00+00:00,25071.278175637042
2030-05-26 17:00:00+00:00,24634.433477488303
2030-05-26 18:00:00+00:00,23925.252105624477
2030-05-26 19:00:00+00:00,22906.666341809327
2030-05-26 20:00:00+00:00,22042.447309137915
2030-05-26 21:00:00+00:00,20838.687389865245
2030-05-26 22:00:00+00:00,19827.677962592083
2030-05-26 23:00:00+00:00,19515.790793925535
2030-05-27 00:00:00+00:00,18343.801577940383
2030-05-27 01:00:00+00:00,18475.81676039188
2030-05-27 02:00:00+00:00,19222.977919274315
2030-05-27 03:00:00+00:00,21034.03495470525
2030-05-27 04:00:00+00:00,23253.054150631706
2030-05-27 05:00:00+00:00,24616.112254104508
2030-05-27 06:00:00+00:00,24543.401398642545
2030-05-27 07:00:00+00:00,24201.716648544076
2030-05-27 08:00:00+00:00,23834.7493274782
2030-05-27 09:00:00+00:00,23791.262045520747
2030-05-27 10:00:00+00:00,23649.405797926258
2030-05-27 11:00:00+00:00,23758.36285033182
2030-05-27 12:00:00+00:00,24042.202509910123
2030-05-27 13:00:00+00:00,24324.84460021304
2030-05-27 14:00:00+00:00,24724.319235688807
2030-05-27 15:00:00+00:00,24649.457637921914
2030-05-27 16:00:00+00:00,23911.746748216716
2030-05-27 17:00:00+00:00,22745.429309503565
2030-05-27 18:00:00+00:00,21804.61517114387
2030-05-27 19:00:00+00:00,21060.71175596395
2030-05-27 20:00:00+00:00,20751.493824779172
2030-05-27 21:00:00+00:00,19950.294975496243
2030-05-27 22:00:00+00:00,19179.19128626316
2030-05-27 23:00:00+00:00,18817.126650980837
2030-05-28 00:00:00+00:00,18375.932579339813
2030-05-28 01:00:00+00:00,18437.505598810527
2030-05-28 02:00:00+00:00,18921.42824246537
2030-05-28 03:00:00+00:00,20339.98230257005
2030-05-28 04:00:00+00:00,22495.477507889293
2030-05-28 05:00:00+00:00,24006.50222484099
2030-05-28 06:00:00+00:00,24035.041369523202
2030-05-28 07:00:00+00:00,23735.2514441133
2030-05-28 08:00:00+00:00,23460.23584590281
2030-05-28 09:00:00+00:00,23328.511631162462
2030-05-28 10:00:00+00:00,23401.356581333435
2030-05-28 11:00:00+00:00,23624.636389399402
2030-05-28 12:00:00+00:00,23782.00739774289
2030-05-28 13:00:00+00:00,24176.37008789202
2030-05-28 14:00:00+00:00,24694.229243578182
2030-05-28 15:00:00+00:00,24692.155764490617
2030-05-28 16:00:00+00:00,23954.401676439455
2030-05-28 17:00:00+00:00,22673.961882996144
2030-05-28 18:00:00+00:00,21610.969366025358
2030-05-28 19:00:00+00:00,20847.76198460738
2030-05-28 20:00:00+00:00,20504.6034832235
2030-05-28 21:00:00+00:00,19765.218415185984
2030-05-28 22:00:00+00:00,18987.835678831074
2030-05-28 23:00:00+00:00,18602.562837173507
2030-05-29 00:00:00+00:00,19638.0184599194
2030-05-29 01:00:00+00:00,19777.034950652815
2030-05-29 02:00:00+00:00,20686.362762026052
2030-05-29 03:00:00+00:00,22924.528468464036
2030-05-29 04:00:00+00:00,25256.77817395599
2030-05-29 05:00:00+00:00,26649.08533507918
2030-05-29 06:00:00+00:00,26536.12275556725
2030-05-29 07:00:00+00:00,26136.665291500613
2030-05-29 08:00:00+00:00,25721.510913069826
2030-05-29 09:00:00+00:00,25692.87264888228
2030-05-29 10:00:00+00:00,25734.405773964554
2030-05-29 11:00:00+00:00,25991.154038826175
2030-05-29 12:00:00+00:00,26114.594421128237
2030-05-29 13:00:00+00:00,26515.873255098446
2030-05-29 14:00:00+00:00,27135.561501452426
2030-05-29 15:00:00+00:00,27210.03442805155
2030-05-29 16:00:00+00:00,26559.287014277135
2030-05-29 17:00:00+00:00,25312.74250943421
2030-05-29 18:00:00+00:00,24172.275053502377
2030-05-29 19:00:00+00:00,23162.52525540447
2030-05-29 20:00:00+00:00,22437.66604636529
2030-05-29 21:00:00+00:00,21254.012221663557
2030-05-29 22:00:00+00:00,20293.280203512808
2030-05-29 23:00:00+00:00,19913.979254825652
2030-05-30 00:00:00+00:00,19328.93578069751
2030-05-30 01:00:00+00:00,19445.026233653087
2030-05-30 02:00:00+00:00,20195.008672875523
2030-05-30 03:00:00+00:00,22144.850517987725
2030-05-30 04:00:00+00:00,24378.83158871372
2030-05-30 05:00:00+00:00,25848.12589192745
2030-05-30 06:00:00+00:00,25861.57907569358
2030-05-30 07:00:00+00:00,25580.936492059063
2030-05-30 08:00:00+00:00,25344.887457366913
2030-05-30 09:00:00+00:00,25326.557880460838
2030-05-30 10:00:00+00:00,25297.42681083098
2030-05-30 11:00:00+00:00,25557.654121981173
2030-05-30 12:00:00+00:00,25572.81370170561
2030-05-30 13:00:00+00:00,25802.795540176532
2030-05-30 14:00:00+00:00,26395.025226604575
2030-05-30 15:00:00+00:00,26414.763742015093
2030-05-30 16:00:00+00:00,25901.257525575278
2030-05-30 17:00:00+00:00,24653.18224869628
2030-05-30 18:00:00+00:00,23527.596159254528
2030-05-30 19:00:00+00:00,22524.038379418536
2030-05-30 20:00:00+00:00,21981.020927314432
2030-05-30 21:00:00+00:00,20911.73861318517
2030-05-30 22:00:00+00:00,19984.844689110534
2030-05-30 23:00:00+00:00,19562.40259065371
2030-05-31 00:00:00+00:00,18660.66059511278
2030-05-31 01:00:00+00:00,18678.180569637625
2030-05-31 02:00:00+00:00,19224.375954263385
2030-05-31 03:00:00+00:00,20650.654817294308
2030-05-31 04:00:00+00:00,22607.936314727427
2030-05-31 05:00:00+00:00,24095.6259075481
2030-05-31 06:00:00+00:00,24138.699502214942
2030-05-31 07:00:00+00:00,24166.73485097261
2030-05-31 08:00:00+00:00,24286.12456834317
2030-05-31 09:00:00+00:00,24540.439039353976
2030-05-31 10:00:00+00:00,24760.112437081738
2030-05-31 11:00:00+00:00,25042.077294314946
2030-05-31 12:00:00+00:00,25229.005496236612
2030-05-31 13:00:00+00:00,25175.336070225952
2030-05-31 14:00:00+00:00,25077.645322941924
2030-05-31 15:00:00+00:00,24737.1539088357
2030-05-31 16:00:00+00:00,24142.939996527486
2030-05-31 17:00:00+00:00,23098.06415429722
2030-05-31 18:00:00+00:00,22092.456780509343
2030-05-31 19:00:00+00:00,21234.477778360077
2030-05-31 20:00:00+00:00,20989.504879083008
2030-05-31 21:00:00+00:00,20278.296544651013
2030-05-31 22:00:00+00:00,19434.806375169668
2030-05-31 23:00:00+00:00,18914.539907679944
2030-06-01 00:00:00+00:00,19183.9351308949
2030-06-01 01:00:00+00:00,19245.54924765108
2030-06-01 02:00:00+00:00,19745.337918724075
2030-06-01 03:00:00+00:00,20727.850625400413
2030-06-01 04:00:00+00:00,21304.442576254492
2030-06-01 05:00:00+00:00,21911.016836624643
2030-06-01 06:00:00+00:00,22883.970791678454
2030-06-01 07:00:00+00:00,23876.251894134854
2030-06-01 08:00:00+00:00,24409.7963199602
2030-06-01 09:00:00+00:00,24591.129020300745
2030-06-01 10:00:00+00:00,24470.85687243011
2030-06-01 11:00:00+00:00,24208.95342254863
2030-06-01 12:00:00+00:00,24128.401693843112
2030-06-01 13:00:00+00:00,23872.11812235121
2030-06-01 14:00:00+00:00,23724.332914039576
2030-06-01 15:00:00+00:00,23822.80570948661
2030-06-01 16:00:00+00:00,23764.819975189588
2030-06-01 17:00:00+00:00,23096.590567397187
2030-06-01 18:00:00+00:00,22399.00655657648
2030-06-01 19:00:00+00:00,21570.057943400043
2030-06-01 20:00:00+00:00,21152.43579645547
2030-06-01 21:00:00+00:00,20485.21655818056
2030-06-01 22:00:00+00:00,19716.95314756363
2030-06-01 23:00:00+00:00,19247.653078697087
2030-06-02 00:00:00+00:00,18708.50590236581
2030-06-02 01:00:00+00:00,18681.969893043
2030-06-02 02:00:00+00:00,19052.47939445529
2030-06-02 03:00:00+00:00,19736.067974141017
2030-06-02 04:00:00+00:00,20029.071618554346
2030-06-02 05:00:00+00:00,20224.68044560775
2030-06-02 06:00:00+00:00,20824.11200265909
2030-06-02 07:00:00+00:00,21711.55480882026
2030-06-02 08:00:00+00:00,22581.25744687067
2030-06-02 09:00:00+00:00,23157.195880833566
2030-06-02 10:00:00+00:00,23350.543521841046
2030-06-02 11:00:00+00:00,23281.233442690536
2030-06-02 12:00:00+00:00,23312.9284504512
2030-06-02 13:00:00+00:00,23088.90332979393
2030-06-02 14:00:00+00:00,23232.113062897402
2030-06-02 15:00:00+00:00,23517.54596915712
2030-06-02 16:00:00+00:00,23431.355127840794
2030-06-02 17:00:00+00:00,22980.155016611017
2030-06-02 18:00:00+00:00,22317.727484345247
2030-06-02 19:00:00+00:00,21505.15137035207
2030-06-02 20:00:00+00:00,20867.06251820383
2030-06-02 21:00:00+00:00,19899.757563444004
2030-06-02 22:00:00+00:00,19056.85276879156
2030-06-02 23:00:00+00:00,18765.90891349803
2030-06-03 00:00:00+00:00,18927.317302458683
2030-06-03 01:00:00+00:00,19058.559555776355
2030-06-03 02:00:00+00:00,19982.888103694608
2030-06-03 03:00:00+00:00,22146.68925868138
2030-06-03 04:00:00+00:00,24409.481937404922
2030-06-03 05:00:00+00:00,25880.94425051736
2030-06-03 06:00:00+00:00,25866.506267318724
2030-06-03 07:00:00+00:00,25424.016137453724
2030-06-03 08:00:00+00:00,25170.683367004985
2030-06-03 09:00:00+00:00,25222.138313855638
2030-06-03 10:00:00+00:00,24977.098381713062
2030-06-03 11:00:00+00:00,25151.136792042333
2030-06-03 12:00:00+00:00,25110.856971888392
2030-06-03 13:00:00+00:00,25365.272152816604
2030-06-03 14:00:00+00:00,25864.232638277535
2030-06-03 15:00:00+00:00,25953.59038062951
2030-06-03 16:00:00+00:00,25244.63760093805
2030-06-03 17:00:00+00:00,24033.649880067078
2030-06-03 18:00:00+00:00,23068.50928493653
2030-06-03 19:00:00+00:00,22179.429756291265
2030-06-03 20:00:00+00:00,21543.435527763035
2030-06-03 21:00:00+00:00,20556.09827150522
2030-06-03 22:00:00+00:00,19684.737805283126
2030-06-03 23:00:00+00:00,19365.074674263
2030-06-04 00:00:00+00:00,18650.29649059329
2030-06-04 01:00:00+00:00,18746.278557661764
2030-06-04 02:00:00+00:00,19358.899001925085
2030-06-04 03:00:00+00:00,21024.699492135664
2030-06-04 04:00:00+00:00,23279.896435756727
2030-06-04 05:00:00+00:00,24890.442654564376
2030-06-04 06:00:00+00:00,24868.490339911732
2030-06-04 07:00:00+00:00,24477.118197666266
2030-06-04 08:00:00+00:00,24154.740351986173
2030-06-04 09:00:00+00:00,24195.78744553575
2030-06-04 10:00:00+00:00,24083.25453821587
2030-06-04 11:00:00+00:00,24128.68858996084
2030-06-04 12:00:00+00:00,24281.730059108875
2030-06-04 13:00:00+00:00,24699.055352880914
2030-06-04 14:00:00+00:00,25172.291750598884
2030-06-04 15:00:00+00:00,25143.08978881659
2030-06-04 16:00:00+00:00,24423.14313907128
2030-06-04 17:00:00+00:00,23187.539590364006
2030-06-04 18:00:00+00:00,22231.28683243204
2030-06-04 19:00:00+00:00,21391.38380267526
2030-06-04 20:00:00+00:00,20985.75486642876
2030-06-04 21:00:00+00:00,20154.40813931618
2030-06-04 22:00:00+00:00,19252.41968316786
2030-06-04 23:00:00+00:00,18859.95757907291
2030-06-05 00:00:00+00:00,17773.178821277594
2030-06-05 01:00:00+00:00,17782.584632521528
2030-06-05 02:00:00+00:00,18036.56795718365
2030-06-05 03:00:00+00:00,19084.403355021772
2030-06-05 04:00:00+00:00,21148.47006633808
2030-06-05 05:00:00+00:00,22883.215993301168
2030-06-05 06:00:00+00:00,22989.36211794998
2030-06-05 07:00:00+00:00,22760.219345752797
2030-06-05 08:00:00+00:00,22574.102044803778
2030-06-05 09:00:00+00:00,22645.38683203048
2030-06-05 10:00:00+00:00,22557.312938755218
2030-06-05 11:00:00+00:00,22697.960864074626
2030-06-05 12:00:00+00:00,22832.8312191882
2030-06-05 13:00:00+00:00,23297.76890909249
2030-06-05 14:00:00+00:00,23662.992027751625
2030-06-05 15:00:00+00:00,23675.336981214234
2030-06-05 16:00:00+00:00,22923.09243122761
2030-06-05 17:00:00+00:00,21645.448459533804
2030-06-05 18:00:00+00:00,20584.00671853634
2030-06-05 19:00:00+00:00,19910.852106387825
2030-06-05 20:00:00+00:00,19749.38271867668
2030-06-05 21:00:00+00:00,19097.239360095773
2030-06-05 22:00:00+00:00,18409.464810758403
2030-06-05 23:00:00+00:00,17963.84151240249
2030-06-06 00:00:00+00:00,17720.37635864932
2030-06-06 01:00:00+00:00,17679.878099857524
2030-06-06 02:00:00+00:00,17901.74142651443
2030-06-06 03:00:00+00:00,18891.60992902083
2030-06-06 04:00:00+00:00,20827.81937470675
2030-06-06 05:00:00+00:00,22517.200431778834
2030-06-06 06:00:00+00:00,22685.05168169458
2030-06-06 07:00:00+00:00,22498.219548721423
2030-06-06 08:00:00+00:00,22348.277945776936
2030-06-06 09:00:00+00:00,22466.66558314545
2030-06-06 10:00:00+00:00,22484.04840875538
2030-06-06 11:00:00+00:00,22658.988621225315
2030-06-06 12:00:00+00:00,22844.914213787957
2030-06-06 13:00:00+00:00,23250.765911629693
2030-06-06 14:00:00+00:00,23676.295939495223
2030-06-06 15:00:00+00:00,23491.61436760811
2030-06-06 16:00:00+00:00,22850.20138752521
2030-06-06 17:00:00+00:00,21602.751711163863
2030-06-06 18:00:00+00:00,20531.350633829894
2030-06-06 19:00:00+00:00,19822.62023294087
2030-06-06 20:00:00+00:00,19619.244077698277
2030-06-06 21:00:00+00:00,19007.08536599186
2030-06-06 22:00:00+00:00,18305.40053982711
2030-06-06 23:00:00+00:00,17916.370597564295
2030-06-07 00:00:00+00:00,17721.137635524607
2030-06-07 01:00:00+00:00,17670.18656006764
2030-06-07 02:00:00+00:00,17892.725067524316
2030-06-07 03:00:00+00:00,18823.640521939466
2030-06-07 04:00:00+00:00,20664.926180198785
2030-06-07 05:00:00+00:00,22356.488910092645
2030-06-07 06:00:00+00:00,22529.156891547416
2030-06-07 07:00:00+00:00,22540.732024001034
2030-06-07 08:00:00+00:00,22720.85933462362
2030-06-07 09:00:00+00:00,23088.47475151706
2030-06-07 10:00:00+00:00,23471.249313075805
2030-06-07 11:00:00+00:00,23843.440906893426
2030-06-07 12:00:00+00:00,23981.939176216085
2030-06-07 13:00:00+00:00,23988.439696457488
2030-06-07 14:00:00+00:00,23903.466444384267
2030-06-07 15:00:00+00:00,23563.250419615633
2030-06-07 16:00:00+00:00,22840.898240414917
2030-06-07 17:00:00+00:00,21743.537237795827
2030-06-07 18:00:00+00:00,20755.870727457117
2030-06-07 19:00:00+00:00,19994.336756239994
2030-06-07 20:00:00+00:00,19822.896005291474
2030-06-07 21:00:00+00:00,19318.105806535477
2030-06-07 22:00:00+00:00,18579.705633745543
2030-06-07 23:00:00+00:00,18073.508973001535
2030-06-08 00:00:00+00:00,17839.065190051882
2030-06-08 01:00:00+00:00,17700.87232270716
2030-06-08 02:00:00+00:00,17703.095566797543
2030-06-08 03:00:00+00:00,17914.589304255158
2030-06-08 04:00:00+00:00,18315.73210117078
2030-06-08 05:00:00+00:00,19142.901119288817
2030-06-08 06:00:00+00:00,20198.521192426604
2030-06-08 07:00:00+00:00,21338.310963400094
2030-06-08 08:00:00+00:00,22035.437191273075
2030-06-08 09:00:00+00:00,22311.855939599962
2030-06-08 10:00:00+00:00,22248.997521235622
2030-06-08 11:00:00+00:00,22156.122123531164
2030-06-08 12:00:00+00:00,22111.83874995315
2030-06-08 13:00:00+00:00,21728.10805690269
2030-06-08 14:00:00+00:00,21444.541095619
2030-06-08 15:00:00+00:00,21353.385477989093
2030-06-08 16:00:00+00:00,21033.926662963997
2030-06-08 17:00:00+00:00,20302.854557511637
2030-06-08 18:00:00+00:00,19599.82458406829
2030-06-08 19:00:00+00:00,19140.39948495622
2030-06-08 20:00:00+00:00,19081.575452160945
2030-06-08 21:00:00+00:00,18737.97412100267
2030-06-08 22:00:00+00:00,18222.86896738707
2030-06-08 23:00:00+00:00,17779.141734827805
2030-06-09 00:00:00+00:00,17938.5049190667
2030-06-09 01:00:00+00:00,17843.36912558355
2030-06-09 02:00:00+00:00,18003.918910470606
2030-06-09 03:00:00+00:00,18302.040070075767
2030-06-09 04:00:00+00:00,18529.929605008427
2030-06-09 05:00:00+00:00,18854.742499789092
2030-06-09 06:00:00+00:00,19659.270309460622
2030-06-09 07:00:00+00:00,20751.18241443078
2030-06-09 08:00:00+00:00,21734.92333542048
2030-06-09 09:00:00+00:00,22460.848587036522
2030-06-09 10:00:00+00:00,22721.093733968974
2030-06-09 11:00:00+00:00,22661.663786838977
2030-06-09 12:00:00+00:00,22729.01782192764
2030-06-09 13:00:00+00:00,22609.870573717482
2030-06-09 14:00:00+00:00,22481.020269426765
2030-06-09 15:00:00+00:00,22699.63836133426
2030-06-09 16:00:00+00:00,22524.726530324082
2030-06-09 17:00:00+00:00,22015.529586315988
2030-06-09 18:00:00+00:00,21317.96612400872
2030-06-09 19:00:00+00:00,20476.874504326748
2030-06-09 20:00:00+00:00,19909.700802038038
2030-06-09 21:00:00+00:00,19072.078307354477
2030-06-09 22:00:00+00:00,18383.720290843903
2030-06-09 23:00:00+00:00,18049.894683801907
2030-06-10 00:00:00+00:00,18233.32742335662
2030-06-10 01:00:00+00:00,18344.19203454684
2030-06-10 02:00:00+00:00,19082.714531774294
2030-06-10 03:00:00+00:00,20833.994930096178
2030-06-10 04:00:00+00:00,22969.874414955153
2030-06-10 05:00:00+00:00,24495.52797117415
2030-06-10 06:00:00+00:00,24468.700656889665
2030-06-10 07:00:00+00:00,24201.186352977722
2030-06-10 08:00:00+00:00,24009.27551014923
2030-06-10 09:00:00+00:00,24126.050049251615
2030-06-10 10:00:00+00:00,24011.815099273925
2030-06-10 11:00:00+00:00,24057.305449125473
2030-06-10 12:00:00+00:00,24132.177918524532
2030-06-10 13:00:00+00:00,24466.912143724137
2030-06-10 14:00:00+00:00,24854.87765051082
2030-06-10 15:00:00+00:00,24767.48488985245
2030-06-10 16:00:00+00:00,24075.875248761546
2030-06-10 17:00:00+00:00,22879.332929978253
2030-06-10 18:00:00+00:00,21927.020387888104
2030-06-10 19:00:00+00:00,21057.715960148056
2030-06-10 20:00:00+00:00,20578.75204400543
2030-06-10 21:00:00+00:00,19738.402677729624
2030-06-10 22:00:00+00:00,18949.079008218767
2030-06-10 23:00:00+00:00,18692.211719735056
2030-06-11 00:00:00+00:00,17752.687428219153
2030-06-11 01:00:00+00:00,17799.123355922544
2030-06-11 02:00:00+00:00,18092.776235776655
2030-06-11 03:00:00+00:00,19164.017060411068
2030-06-11 04:00:00+00:00,21210.072636723184
2030-06-11 05:00:00+00:00,22939.955183735186
2030-06-11 06:00:00+00:00,23130.92711613888
2030-06-11 07:00:00+00:00,22869.73304408145
2030-06-11 08:00:00+00:00,22603.7602140169
2030-06-11 09:00:00+00:00,22658.42386776245
2030-06-11 10:00:00+00:00,22538.73073372203
2030-06-11 11:00:00+00:00,22692.20917034205
2030-06-11 12:00:00+00:00,22884.39299209914
2030-06-11 13:00:00+00:00,23422.020028524606
2030-06-11 14:00:00+00:00,23794.912579504642
2030-06-11 15:00:00+00:00,23777.299436823854
2030-06-11 16:00:00+00:00,22966.784142553483
2030-06-11 17:00:00+00:00,21649.996313636904
2030-06-11 18:00:00+00:00,20595.545513685352
2030-06-11 19:00:00+00:00,19865.12190734245
2030-06-11 20:00:00+00:00,19591.05507731844
2030-06-11 21:00:00+00:00,18994.032707713606
2030-06-11 22:00:00+00:00,18403.215826023115
2030-06-11 23:00:00+00:00,17985.05759569055
2030-06-12 00:00:00+00:00,17688.33414436034
2030-06-12 01:00:00+00:00,17705.631754654885
2030-06-12 02:00:00+00:00,17976.26080936779
2030-06-12 03:00:00+00:00,18984.4113064777
2030-06-12 04:00:00+00:00,21015.131989950045
2030-06-12 05:00:00+00:00,22812.681873815385
2030-06-12 06:00:00+00:00,23009.551777738685
2030-06-12 07:00:00+00:00,22757.026430593072
2030-06-12 08:00:00+00:00,22607.695290013628
2030-06-12 09:00:00+00:00,22592.81834755792
2030-06-12 10:00:00+00:00,22675.34258582947
2030-06-12 11:00:00+00:00,22941.72139567819
2030-06-12 12:00:00+00:00,23038.012490805373
2030-06-12 13:00:00+00:00,23419.28724830883
2030-06-12 14:00:00+00:00,23670.404081772867
2030-06-12 15:00:00+00:00,23675.129533623884
2030-06-12 16:00:00+00:00,22932.561061534587
2030-06-12 17:00:00+00:00,21691.9607078719
2030-06-12 18:00:00+00:00,20650.33693611016
2030-06-12 19:00:00+00:00,19956.128075253993
2030-06-12 20:00:00+00:00,19671.965477341182
2030-06-12 21:00:00+00:00,18995.91900192978
2030-06-12 22:00:00+00:00,18342.782678934367
2030-06-12 23:00:00+00:00,17919.874061253904
2030-06-13 00:00:00+00:00,17776.777878030094
2030-06-13 01:00:00+00:00,17764.766173503962
2030-06-13 02:00:00+00:00,18032.041343248093
2030-06-13 03:00:00+00:00,18990.63914062931
2030-06-13 04:00:00+00:00,20979.6359891819
2030-06-13 05:00:00+00:00,22765.049141051128
2030-06-13 06:00:00+00:00,22970.819509683093
2030-06-13 07:00:00+00:00,22724.107339937244
2030-06-13 08:00:00+00:00,22588.918350015247
2030-06-13 09:00:00+00:00,22759.16657898451
2030-06-13 10:00:00+00:00,22641.634778332187
2030-06-13 11:00:00+00:00,22945.186280089318
2030-06-13 12:00:00+00:00,23218.60799933698
2030-06-13 13:00:00+00:00,23561.194357428103
2030-06-13 14:00:00+00:00,23917.367124736036
2030-06-13 15:00:00+00:00,23822.370310241386
2030-06-13 16:00:00+00:00,23131.659614110886
2030-06-13 17:00:00+00:00,21813.751721613928
2030-06-13 18:00:00+00:00,20628.537057986672
2030-06-13 19:00:00+00:00,19875.219339352436
2030-06-13 20:00:00+00:00,19656.879530655053
2030-06-13 21:00:00+00:00,18981.838998715048
2030-06-13 22:00:00+00:00,18271.12852834415
2030-06-13 23:00:00+00:00,17906.365828804297
2030-06-14 00:00:00+00:00,18127.02387171999
2030-06-14 01:00:00+00:00,18180.645747444632
2030-06-14 02:00:00+00:00,18553.27777956738
2030-06-14 03:00:00+00:00,19783.3872020087
2030-06-14 04:00:00+00:00,21678.190708396065
2030-06-14 05:00:00+00:00,23312.16441199308
2030-06-14 06:00:00+00:00,23364.256198336083
2030-06-14 07:00:00+00:00,23307.903923875652
2030-06-14 08:00:00+00:00,23431.52853214287
2030-06-14 09:00:00+00:00,23706.171864563767
2030-06-14 10:00:00+00:00,24119.159782558378
2030-06-14 11:00:00+00:00,24428.990869059726
2030-06-14 12:00:00+00:00,24602.725548627142
2030-06-14 13:00:00+00:00,24448.697983754493
2030-06-14 14:00:00+00:00,24436.770032563567
2030-06-14 15:00:00+00:00,24166.147927680908
2030-06-14 16:00:00+00:00,23553.307248280125
2030-06-14 17:00:00+00:00,22497.630416521813
2030-06-14 18:00:00+00:00,21449.81065349095
2030-06-14 19:00:00+00:00,20631.113445565494
2030-06-14 20:00:00+00:00,20344.82996694807
2030-06-14 21:00:00+00:00,19694.869183324157
2030-06-14 22:00:00+00:00,18922.212931624505
2030-06-14 23:00:00+00:00,18500.50875949547
2030-06-15 00:00:00+00:00,17869.54071185477
2030-06-15 01:00:00+00:00,17736.513551601078
2030-06-15 02:00:00+00:00,17787.389842121083
2030-06-15 03:00:00+00:00,18046.17235023542
2030-06-15 04:00:00+00:00,18483.758147423043
2030-06-15 05:00:00+00:00,19260.28251613904
2030-06-15 06:00:00+00:00,20328.104874324315
2030-06-15 07:00:00+00:00,21539.659216386808
2030-06-15 08:00:00+00:00,22335.037918016995
2030-06-15 09:00:00+00:00,22581.274542364965
2030-06-15 10:00:00+00:00,22351.53234437229
2030-06-15 11:00:00+00:00,22356.440153791296
2030-06-15 12:00:00+00:00,22180.974267725676
2030-06-15 13:00:00+00:00,21763.373407166386
2030-06-15 14:00:00+00:00,21546.989376382287
2030-06-15 15:00:00+00:00,21545.771402126484
2030-06-15 16:00:00+00:00,21153.52209060454
2030-06-15 17:00:00+00:00,20515.17668819386
2030-06-15 18:00:00+00:00,19863.13402268193
2030-06-15 19:00:00+00:00,19310.329863672887
2030-06-15 20:00:00+00:00,19185.42046619363
2030-06-15 21:00:00+00:00,18837.827979807982
2030-06-15 22:00:00+00:00,18255.84945982497
2030-06-15 23:00:00+00:00,17816.721787071794
2030-06-16 00:00:00+00:00,17387.251972535043
2030-06-16 01:00:00+00:00,17272.479555629187
2030-06-16 02:00:00+00:00,17246.711137915743
2030-06-16 03:00:00+00:00,17325.37086585308
2030-06-16 04:00:00+00:00,17488.29377321808
2030-06-16 05:00:00+00:00,17808.691800029235
2030-06-16 06:00:00+00:00,18519.17765433157
2030-06-16 07:00:00+00:00,19587.324844186198
2030-06-16 08:00:00+00:00,20598.14546305143
2030-06-16 09:00:00+00:00,21320.515679693253
2030-06-16 10:00:00+00:00,21572.17863076345
2030-06-16 11:00:00+00:00,21615.13687627009
2030-06-16 12:00:00+00:00,21581.82367787182
2030-06-16 13:00:00+00:00,21519.920296718064
2030-06-16 14:00:00+00:00,21492.290303810027
2030-06-16 15:00:00+00:00,21648.969638607858
2030-06-16 16:00:00+00:00,21545.482154537283
2030-06-16 17:00:00+00:00,20957.451690023845
2030-06-16 18:00:00+00:00,20268.922420620303
2030-06-16 19:00:00+00:00,19530.515668626438
2030-06-16 20:00:00+00:00,19131.353673825597
2030-06-16 21:00:00+00:00,18522.763407814546
2030-06-16 22:00:00+00:00,17775.990070532636
2030-06-16 23:00:00+00:00,17502.49436315253
2030-06-17 00:00:00+00:00,17290.5071365506
2030-06-17 01:00:00+00:00,17342.28530085521
2030-06-17 02:00:00+00:00,17778.7750996881
2030-06-17 03:00:00+00:00,18969.811507874623
2030-06-17 04:00:00+00:00,21013.20908071647
2030-06-17 05:00:00+00:00,22664.611293354305
2030-06-17 06:00:00+00:00,22745.847948073315
2030-06-17 07:00:00+00:00,22658.67845954253
2030-06-17 08:00:00+00:00,22519.77760505019
2030-06-17 09:00:00+00:00,22622.955131714738
2030-06-17 10:00:00+00:00,22638.81356959713
2030-06-17 11:00:00+00:00,22774.10484124349
2030-06-17 12:00:00+00:00,22832.548445965385
2030-06-17 13:00:00+00:00,22987.492004312717
2030-06-17 14:00:00+00:00,23370.229838787025
2030-06-17 15:00:00+00:00,23342.668513241646
2030-06-17 16:00:00+00:00,22561.078144540974
2030-06-17 17:00:00+00:00,21291.391337516554
2030-06-17 18:00:00+00:00,20341.093020305303
2030-06-17 19:00:00+00:00,19769.247252422694
2030-06-17 20:00:00+00:00,19488.76934551529
2030-06-17 21:00:00+00:00,18849.983391598853
2030-06-17 22:00:00+00:00,18227.207213463225
2030-06-17 23:00:00+00:00,17837.61359012277
2030-06-18 00:00:00+00:00,17677.8351366889
2030-06-18 01:00:00+00:00,17697.944456932677
2030-06-18 02:00:00+00:00,17970.28391104253
2030-06-18 03:00:00+00:00,18961.56727093346
2030-06-18 04:00:00+00:00,21021.32822830271
2030-06-18 05:00:00+00:00,22776.349305609994
2030-06-18 06:00:00+00:00,22917.945277238243
2030-06-18 07:00:00+00:00,22631.98717268614
2030-06-18 08:00:00+00:00,22435.817163184256
2030-06-18 09:00:00+00:00,22424.34803291922
2030-06-18 10:00:00+00:00,22458.388646824726
2030-06-18 11:00:00+00:00,22705.139208601093
2030-06-18 12:00:00+00:00,22940.103524128303
2030-06-18 13:00:00+00:00,23254.24175672607
2030-06-18 14:00:00+00:00,23676.136367265688
2030-06-18 15:00:00+00:00,23521.57506930031
2030-06-18 16:00:00+00:00,22728.33540658688
2030-06-18 17:00:00+00:00,21388.119239923173
2030-06-18 18:00:00+00:00,20321.22267047079
2030-06-18 19:00:00+00:00,19630.905652238802
2030-06-18 20:00:00+00:00,19508.739229233597
2030-06-18 21:00:00+00:00,18944.355480500828
2030-06-18 22:00:00+00:00,18240.84171784627
2030-06-18 23:00:00+00:00,17886.604881055515
2030-06-19 00:00:00+00:00,17737.94368748115
2030-06-19 01:00:00+00:00,17713.056019264266
2030-06-19 02:00:00+00:00,17969.856934705596
2030-06-19 03:00:00+00:00,18942.10391727169
2030-06-19 04:00:00+00:00,21018.148551439117
2030-06-19 05:00:00+00:00,22841.924398806237
2030-06-19 06:00:00+00:00,22966.719557320237
2030-06-19 07:00:00+00:00,22615.869404780355
2030-06-19 08:00:00+00:00,22532.399844814576
2030-06-19 09:00:00+00:00,22746.546643237496
2030-06-19 10:00:00+00:00,22935.60459230902
2030-06-19 11:00:00+00:00,22968.82222549676
2030-06-19 12:00:00+00:00,23159.301461160812
2030-06-19 13:00:00+00:00,23446.392439199004
2030-06-19 14:00:00+00:00,23760.829744099854
2030-06-19 15:00:00+00:00,23598.80954861929
2030-06-19 16:00:00+00:00,22804.269547392738
2030-06-19 17:00:00+00:00,21597.129911615215
2030-06-19 18:00:00+00:00,20534.91128965862
2030-06-19 19:00:00+00:00,19816.991680212795
2030-06-19 20:00:00+00:00,19549.239476320905
2030-06-19 21:00:00+00:00,18943.12553428175
2030-06-19 22:00:00+00:00,18334.737424425795
2030-06-19 23:00:00+00:00,17943.23319625558
2030-06-20 00:00:00+00:00,17758.14391854885
2030-06-20 01:00:00+00:00,17791.846037827643
2030-06-20 02:00:00+00:00,18032.772199332423
2030-06-20 03:00:00+00:00,18963.246793769074
2030-06-20 04:00:00+00:00,20914.20163405834
2030-06-20 05:00:00+00:00,22709.096509095554
2030-06-20 06:00:00+00:00,22916.98290040939
2030-06-20 07:00:00+00:00,22764.02901550492
2030-06-20 08:00:00+00:00,22715.898478504012
2030-06-20 09:00:00+00:00,22904.580086945054
2030-06-20 10:00:00+00:00,22874.769850324636
2030-06-20 11:00:00+00:00,23008.68210864293
2030-06-20 12:00:00+00:00,23069.540851147893
2030-06-20 13:00:00+00:00,23286.401420635797
2030-06-20 14:00:00+00:00,23823.831018608096
2030-06-20 15:00:00+00:00,23786.5558585602
2030-06-20 16:00:00+00:00,23116.56423478972
2030-06-20 17:00:00+00:00,21786.118813794143
2030-06-20 18:00:00+00:00,20727.746407920906
2030-06-20 19:00:00+00:00,19907.59298564066
2030-06-20 20:00:00+00:00,19728.706626703177
2030-06-20 21:00:00+00:00,19049.033296244823
2030-06-20 22:00:00+00:00,18322.277737038363
2030-06-20 23:00:00+00:00,17922.254515280987
2030-06-21 00:00:00+00:00,17728.82724410873
2030-06-21 01:00:00+00:00,17731.934945134504
2030-06-21 02:00:00+00:00,17985.613281007743
2030-06-21 03:00:00+00:00,19019.430067007946
2030-06-21 04:00:00+00:00,20861.2289692794
2030-06-21 05:00:00+00:00,22480.392668244556
2030-06-21 06:00:00+00:00,22668.217176143782
2030-06-21 07:00:00+00:00,22659.248709011943
2030-06-21 08:00:00+00:00,22843.597766503623
2030-06-21 09:00:00+00:00,23180.056137996173
2030-06-21 10:00:00+00:00,23537.63083839221
2030-06-21 11:00:00+00:00,23868.2599746707
2030-06-21 12:00:00+00:00,23907.910674441846
2030-06-21 13:00:00+00:00,24012.13409036844
2030-06-21 14:00:00+00:00,23748.90364671303
2030-06-21 15:00:00+00:00,23533.647937467813
2030-06-21 16:00:00+00:00,22986.83594353697
2030-06-21 17:00:00+00:00,21923.157462405146
2030-06-21 18:00:00+00:00,20865.484145540955
2030-06-21 19:00:00+00:00,20121.15673888368
2030-06-21 20:00:00+00:00,19846.861374555487
2030-06-21 21:00:00+00:00,19323.966280083216
2030-06-21 22:00:00+00:00,18559.378353295822
2030-06-21 23:00:00+00:00,18073.227810175416
2030-06-22 00:00:00+00:00,17807.472041059016
2030-06-22 01:00:00+00:00,17665.947716047052
2030-06-22 02:00:00+00:00,17720.082184381194
2030-06-22 03:00:00+00:00,17938.812504839145
2030-06-22 04:00:00+00:00,18306.715727450268
2030-06-22 05:00:00+00:00,19115.974502774032
2030-06-22 06:00:00+00:00,20206.54315353456
2030-06-22 07:00:00+00:00,21344.266593566743
2030-06-22 08:00:00+00:00,22120.67488471394
2030-06-22 09:00:00+00:00,22342.760664993566
2030-06-22 10:00:00+00:00,22221.770505289645
2030-06-22 11:00:00+00:00,22130.6578273906
2030-06-22 12:00:00+00:00,22036.45680022424
2030-06-22 13:00:00+00:00,21654.062018812638
2030-06-22 14:00:00+00:00,21510.3190675552
2030-06-22 15:00:00+00:00,21378.34370215017
2030-06-22 16:00:00+00:00,21126.477769822504
2030-06-22 17:00:00+00:00,20377.299476533633
2030-06-22 18:00:00+00:00,19703.83017139842
2030-06-22 19:00:00+00:00,19100.892183377026
2030-06-22 20:00:00+00:00,18987.607730026746
2030-06-22 21:00:00+00:00,18720.47576963401
2030-06-22 22:00:00+00:00,18185.016104464812
2030-06-22 23:00:00+00:00,17707.214087941564
2030-06-23 00:00:00+00:00,17740.80439397025
2030-06-23 01:00:00+00:00,17610.91768831999
2030-06-23 02:00:00+00:00,17714.385897048487
2030-06-23 03:00:00+00:00,17976.114092312087
2030-06-23 04:00:00+00:00,18106.069651526086
2030-06-23 05:00:00+00:00,18441.06774442086
2030-06-23 06:00:00+00:00,19163.41620522833
2030-06-23 07:00:00+00:00,20187.043803603865
2030-06-23 08:00:00+00:00,21191.21099370623
2030-06-23 09:00:00+00:00,21904.72797888851
2030-06-23 10:00:00+00:00,22170.847467695992
2030-06-23 11:00:00+00:00,22224.621353770694
2030-06-23 12:00:00+00:00,22286.740640901622
2030-06-23 13:00:00+00:00,21982.20626994104
2030-06-23 14:00:00+00:00,22068.43274941586
2030-06-23 15:00:00+00:00,22200.369237010433
2030-06-23 16:00:00+00:00,22033.162918688366
2030-06-23 17:00:00+00:00,21529.155996562
2030-06-23 18:00:00+00:00,20875.256592505728
2030-06-23 19:00:00+00:00,20141.371670175606
2030-06-23 20:00:00+00:00,19634.035888374783
2030-06-23 21:00:00+00:00,18891.979853682766
2030-06-23 22:00:00+00:00,18235.81626708715
2030-06-23 23:00:00+00:00,17924.505155374107
2030-06-24 00:00:00+00:00,18207.81160818118
2030-06-24 01:00:00+00:00,18346.24043972453
2030-06-24 02:00:00+00:00,19017.22261412366
2030-06-24 03:00:00+00:00,20790.493904431733
2030-06-24 04:00:00+00:00,22955.41486760972
2030-06-24 05:00:00+00:00,24420.92468209133
2030-06-24 06:00:00+00:00,24421.49909780236
2030-06-24 07:00:00+00:00,24184.55466556451
2030-06-24 08:00:00+00:00,24028.334761311195
2030-06-24 09:00:00+00:00,23927.073414543334
2030-06-24 10:00:00+00:00,23858.784916367862
2030-06-24 11:00:00+00:00,23911.059177119332
2030-06-24 12:00:00+00:00,24046.161995328006
2030-06-24 13:00:00+00:00,24388.718987155484
2030-06-24 14:00:00+00:00,24904.621929963076
2030-06-24 15:00:00+00:00,24843.744752678253
2030-06-24 16:00:00+00:00,24122.195402657308
2030-06-24 17:00:00+00:00,22908.643823771334
2030-06-24 18:00:00+00:00,21871.558880722987
2030-06-24 19:00:00+00:00,21043.04313562282
2030-06-24 20:00:00+00:00,20560.812803213128
2030-06-24 21:00:00+00:00,19694.552186167664
2030-06-24 22:00:00+00:00,18980.024264681724
2030-06-24 23:00:00+00:00,18686.366108866336
2030-06-25 00:00:00+00:00,18383.507267808436
2030-06-25 01:00:00+00:00,18446.384387520655
2030-06-25 02:00:00+00:00,18968.04372589626
2030-06-25 03:00:00+00:00,20470.12922374588
2030-06-25 04:00:00+00:00,22638.291025161092
2030-06-25 05:00:00+00:00,24371.91566795039
2030-06-25 06:00:00+00:00,24341.59109011904
2030-06-25 07:00:00+00:00,24017.482737326296
2030-06-25 08:00:00+00:00,23736.82402832006
2030-06-25 09:00:00+00:00,23678.976924161023
2030-06-25 10:00:00+00:00,23794.951883525642
2030-06-25 11:00:00+00:00,24036.917988572244
2030-06-25 12:00:00+00:00,24001.2143615915
2030-06-25 13:00:00+00:00,24243.507715732147
2030-06-25 14:00:00+00:00,24832.274725278116
2030-06-25 15:00:00+00:00,24680.98013133719
2030-06-25 16:00:00+00:00,23954.706920332384
2030-06-25 17:00:00+00:00,22638.2079345489
2030-06-25 18:00:00+00:00,21512.248962339847
2030-06-25 19:00:00+00:00,20701.46720189389
2030-06-25 20:00:00+00:00,20330.82020447331
2030-06-25 21:00:00+00:00,19586.754113496503
2030-06-25 22:00:00+00:00,18835.529814748035
2030-06-25 23:00:00+00:00,18508.62331513758
2030-06-26 00:00:00+00:00,18372.963105759845
2030-06-26 01:00:00+00:00,18485.368836224025
2030-06-26 02:00:00+00:00,19012.395307239138
2030-06-26 03:00:00+00:00,20512.95945801413
2030-06-26 04:00:00+00:00,22650.449765276695
2030-06-26 05:00:00+00:00,24305.62317413916
2030-06-26 06:00:00+00:00,24395.787222412113
2030-06-26 07:00:00+00:00,24036.866188646483
2030-06-26 08:00:00+00:00,23771.908776902197
2030-06-26 09:00:00+00:00,23865.774818375325
2030-06-26 10:00:00+00:00,23790.147185340145
2030-06-26 11:00:00+00:00,24079.898369853916
2030-06-26 12:00:00+00:00,24301.810233403277
2030-06-26 13:00:00+00:00,24521.455634074995
2030-06-26 14:00:00+00:00,25054.07528063563
2030-06-26 15:00:00+00:00,24944.626921895153
2030-06-26 16:00:00+00:00,24245.460630882368
2030-06-26 17:00:00+00:00,23064.109200015704
2030-06-26 18:00:00+00:00,21945.144095124673
2030-06-26 19:00:00+00:00,21129.883469783188
2030-06-26 20:00:00+00:00,20708.05422453638
2030-06-26 21:00:00+00:00,19814.420413382344
2030-06-26 22:00:00+00:00,19043.915721238835
2030-06-26 23:00:00+00:00,18703.346707015775
2030-06-27 00:00:00+00:00,18534.692792196147
2030-06-27 01:00:00+00:00,18593.189886631913
2030-06-27 02:00:00+00:00,19092.78340502385
2030-06-27 03:00:00+00:00,20571.579664693916
2030-06-27 04:00:00+00:00,22651.141099792636
2030-06-27 05:00:00+00:00,24311.01776706959
2030-06-27 06:00:00+00:00,24403.084477419237
2030-06-27 07:00:00+00:00,24160.60582560959
2030-06-27 08:00:00+00:00,23972.115438688008
2030-06-27 09:00:00+00:00,24075.57997639165
2030-06-27 10:00:00+00:00,23904.500496785033
2030-06-27 11:00:00+00:00,24151.391435416055
2030-06-27 12:00:00+00:00,24345.552884093257
2030-06-27 13:00:00+00:00,24555.0097817937
2030-06-27 14:00:00+00:00,25059.480114227405
2030-06-27 15:00:00+00:00,24998.722390454383
2030-06-27 16:00:00+00:00,24336.194269240772
2030-06-27 17:00:00+00:00,23200.599416720786
2030-06-27 18:00:00+00:00,22086.874207651726
2030-06-27 19:00:00+00:00,21268.34227079131
2030-06-27 20:00:00+00:00,20813.74152409656
2030-06-27 21:00:00+00:00,19946.57447535018
2030-06-27 22:00:00+00:00,19116.042704125124
2030-06-27 23:00:00+00:00,18700.51519259676
2030-06-28 00:00:00+00:00,18263.875266913583
2030-06-28 01:00:00+00:00,18310.57789985202
2030-06-28 02:00:00+00:00,18767.278434668893
2030-06-28 03:00:00+00:00,20082.121630748978
2030-06-28 04:00:00+00:00,22011.00327943824
2030-06-28 05:00:00+00:00,23628.31921244661
2030-06-28 06:00:00+00:00,23741.73564808474
2030-06-28 07:00:00+00:00,23685.311450336685
2030-06-28 08:00:00+00:00,23783.85846170904
2030-06-28 09:00:00+00:00,24099.326251086713
2030-06-28 10:00:00+00:00,24499.689552937452
2030-06-28 11:00:00+00:00,24829.703644280733
2030-06-28 12:00:00+00:00,24964.22555814371
2030-06-28 13:00:00+00:00,24945.89075284485
2030-06-28 14:00:00+00:00,24856.82499031271
2030-06-28 15:00:00+00:00,24588.558815839562
2030-06-28 16:00:00+00:00,24059.093162159817
2030-06-28 17:00:00+00:00,23028.473331226265
2030-06-28 18:00:00+00:00,21941.676950403846
2030-06-28 19:00:00+00:00,21073.15787277986
2030-06-28 20:00:00+00:00,20663.188975817786
2030-06-28 21:00:00+00:00,19925.409560765893
2030-06-28 22:00:00+00:00,19159.834855100333
2030-06-28 23:00:00+00:00,18717.276117655467
2030-06-29 00:00:00+00:00,17981.415091214054
2030-06-29 01:00:00+00:00,17924.865447306438
2030-06-29 02:00:00+00:00,18004.980877595306
2030-06-29 03:00:00+00:00,18328.647670817645
2030-06-29 04:00:00+00:00,18737.48462206875
2030-06-29 05:00:00+00:00,19539.444018092487
2030-06-29 06:00:00+00:00,20543.73785576751
2030-06-29 07:00:00+00:00,21683.328548754147
2030-06-29 08:00:00+00:00,22380.18109493024
2030-06-29 09:00:00+00:00,22895.854056337
2030-06-29 10:00:00+00:00,22849.366091914646
2030-06-29 11:00:00+00:00,22858.27262706991
2030-06-29 12:00:00+00:00,22509.92441727788
2030-06-29 13:00:00+00:00,22122.371541540313
2030-06-29 14:00:00+00:00,21804.726312021496
2030-06-29 15:00:00+00:00,21729.102422583135
2030-06-29 16:00:00+00:00,21438.640065169227
2030-06-29 17:00:00+00:00,20723.111883088684
2030-06-29 18:00:00+00:00,20007.67804866401
2030-06-29 19:00:00+00:00,19423.8901481489
2030-06-29 20:00:00+00:00,19306.64602569227
2030-06-29 21:00:00+00:00,18983.95152601783
2030-06-29 22:00:00+00:00,18426.116452904138
2030-06-29 23:00:00+00:00,17983.30952540552
2030-06-30 00:00:00+00:00,17497.613859574605
2030-06-30 01:00:00+00:00,17319.294731810976
2030-06-30 02:00:00+00:00,17340.58396322802
2030-06-30 03:00:00+00:00,17435.164830705035
2030-06-30 04:00:00+00:00,17579.656787294985
2030-06-30 05:00:00+00:00,17958.03902611359
2030-06-30 06:00:00+00:00,18660.15921971192
2030-06-30 07:00:00+00:00,19654.18793353652
2030-06-30 08:00:00+00:00,20702.659415870017
2030-06-30 09:00:00+00:00,21279.545403390333
2030-06-30 10:00:00+00:00,21476.23039908014
2030-06-30 11:00:00+00:00,21626.391014882185
2030-06-30 12:00:00+00:00,21732.065799138047
2030-06-30 13:00:00+00:00,21512.551705653445
2030-06-30 14:00:00+00:00,21546.667996391
2030-06-30 15:00:00+00:00,21734.24926048438
2030-06-30 16:00:00+00:00,21530.37511433387
2030-06-30 17:00:00+00:00,21015.146525701628
2030-06-30 18:00:00+00:00,20261.927151546017
2030-06-30 19:00:00+00:00,19605.135551986277
2030-06-30 20:00:00+00:00,19276.327801075455
2030-06-30 21:00:00+00:00,18725.826109885158
2030-06-30 22:00:00+00:00,18055.742445055275
2030-06-30 23:00:00+00:00,17713.164438149168
2030-07-01 00:00:00+00:00,17366.68125414656
2030-07-01 01:00:00+00:00,17416.400658516148
2030-07-01 02:00:00+00:00,17779.804479655613
2030-07-01 03:00:00+00:00,19019.736436299
2030-07-01 04:00:00+00:00,21030.708540164193
2030-07-01 05:00:00+00:00,22615.715744897432
2030-07-01 06:00:00+00:00,22733.495388463154
2030-07-01 07:00:00+00:00,22478.022275243988
2030-07-01 08:00:00+00:00,22357.135570183127
2030-07-01 09:00:00+00:00,22448.475227221275
2030-07-01 10:00:00+00:00,22333.60240922952
2030-07-01 11:00:00+00:00,22475.58465066471
2030-07-01 12:00:00+00:00,22568.512484298284
2030-07-01 13:00:00+00:00,22869.62799803247
2030-07-01 14:00:00+00:00,23223.54319341641
2030-07-01 15:00:00+00:00,23202.672837659877
2030-07-01 16:00:00+00:00,22451.963867984592
2030-07-01 17:00:00+00:00,21237.34888922211
2030-07-01 18:00:00+00:00,20181.024435357034
2030-07-01 19:00:00+00:00,19503.15253082057
2030-07-01 20:00:00+00:00,19395.0957684716
2030-07-01 21:00:00+00:00,18864.909401127796
2030-07-01 22:00:00+00:00,18220.001553690636
2030-07-01 23:00:00+00:00,17834.010760236473
2030-07-02 00:00:00+00:00,17647.983117631018
2030-07-02 01:00:00+00:00,17645.960768573266
2030-07-02 02:00:00+00:00,17910.06518294301
2030-07-02 03:00:00+00:00,18928.11242198929
2030-07-02 04:00:00+00:00,20900.890772103692
2030-07-02 05:00:00+00:00,22586.943391587596
2030-07-02 06:00:00+00:00,22744.494752712304
2030-07-02 07:00:00+00:00,22589.78259401811
2030-07-02 08:00:00+00:00,22402.362314240083
2030-07-02 09:00:00+00:00,22448.023772172022
2030-07-02 10:00:00+00:00,22349.789060252097
2030-07-02 11:00:00+00:00,22483.822515585794
2030-07-02 12:00:00+00:00,22694.081711892697
2030-07-02 13:00:00+00:00,23062.777082768644
2030-07-02 14:00:00+00:00,23538.714141602708
2030-07-02 15:00:00+00:00,23467.53262100588
2030-07-02 16:00:00+00:00,22659.3669487635
2030-07-02 17:00:00+00:00,21396.354279663276
2030-07-02 18:00:00+00:00,20319.163910535757
2030-07-02 19:00:00+00:00,19627.3028223525
2030-07-02 20:00:00+00:00,19504.107019379797
2030-07-02 21:00:00+00:00,18903.69497178407
2030-07-02 22:00:00+00:00,18277.38470669298
2030-07-02 23:00:00+00:00,17899.472130649425
2030-07-03 00:00:00+00:00,17703.526636366463
2030-07-03 01:00:00+00:00,17703.749322812455
2030-07-03 02:00:00+00:00,17964.047053511273
2030-07-03 03:00:00+00:00,18993.98589638611
2030-07-03 04:00:00+00:00,20988.8505879603
2030-07-03 05:00:00+00:00,22734.420590359743
2030-07-03 06:00:00+00:00,23042.579035518454
2030-07-03 07:00:00+00:00,22856.545046188163
2030-07-03 08:00:00+00:00,22641.95081276495
2030-07-03 09:00:00+00:00,22750.30687152457
2030-07-03 10:00:00+00:00,22753.92701886805
2030-07-03 11:00:00+00:00,22920.310486693943
2030-07-03 12:00:00+00:00,23133.43342578606
2030-07-03 13:00:00+00:00,23399.001647536967
2030-07-03 14:00:00+00:00,23713.724576747623
2030-07-03 15:00:00+00:00,23703.315243118934
2030-07-03 16:00:00+00:00,22913.66275266796
2030-07-03 17:00:00+00:00,21706.646344020042
2030-07-03 18:00:00+00:00,20573.762952041307
2030-07-03 19:00:00+00:00,19858.196409492542
2030-07-03 20:00:00+00:00,19623.675249679905
2030-07-03 21:00:00+00:00,18995.602545064023
2030-07-03 22:00:00+00:00,18323.281547622155
2030-07-03 23:00:00+00:00,17955.627340048697
2030-07-04 00:00:00+00:00,17697.41050046558
2030-07-04 01:00:00+00:00,17678.614241401214
2030-07-04 02:00:00+00:00,17924.172612759805
2030-07-04 03:00:00+00:00,18980.231563233036
2030-07-04 04:00:00+00:00,20888.467134870512
2030-07-04 05:00:00+00:00,22555.204203952355
2030-07-04 06:00:00+00:00,22781.61943468143
2030-07-04 07:00:00+00:00,22705.86904734043
2030-07-04 08:00:00+00:00,22718.471928422794
2030-07-04 09:00:00+00:00,22825.832519430303
2030-07-04 10:00:00+00:00,22743.009214482976
2030-07-04 11:00:00+00:00,22930.44923111194
2030-07-04 12:00:00+00:00,23158.067528354015
2030-07-04 13:00:00+00:00,23453.160975372903
2030-07-04 14:00:00+00:00,23754.347870800975
2030-07-04 15:00:00+00:00,23616.70816392055
2030-07-04 16:00:00+00:00,23008.479338200847
2030-07-04 17:00:00+00:00,21841.705332039845
2030-07-04 18:00:00+00:00,20784.362306134117
2030-07-04 19:00:00+00:00,19951.85632424372
2030-07-04 20:00:00+00:00,19692.16363785647
2030-07-04 21:00:00+00:00,19077.341245351432
2030-07-04 22:00:00+00:00,18382.496465137872
2030-07-04 23:00:00+00:00,18023.648442081016
2030-07-05 00:00:00+00:00,17795.14612044287
2030-07-05 01:00:00+00:00,17764.423406200887
2030-07-05 02:00:00+00:00,17983.113638641535
2030-07-05 03:00:00+00:00,18908.6183146877
2030-07-05 04:00:00+00:00,20720.50000333165
2030-07-05 05:00:00+00:00,22374.92266900258
2030-07-05 06:00:00+00:00,22565.42789679843
2030-07-05 07:00:00+00:00,22614.414703620336
2030-07-05 08:00:00+00:00,22789.22918611457
2030-07-05 09:00:00+00:00,23129.81362498149
2030-07-05 10:00:00+00:00,23450.957837168055
2030-07-05 11:00:00+00:00,23787.24424034438
2030-07-05 12:00:00+00:00,23920.59796422668
2030-07-05 13:00:00+00:00,23813.26847005856
2030-07-05 14:00:00+00:00,23767.158452974312
2030-07-05 15:00:00+00:00,23500.798924214057
2030-07-05 16:00:00+00:00,22822.998451276308
2030-07-05 17:00:00+00:00,21692.073359800605
2030-07-05 18:00:00+00:00,20727.18817034076
2030-07-05 19:00:00+00:00,19919.469047225954
2030-07-05 20:00:00+00:00,19730.095705693468
2030-07-05 21:00:00+00:00,19239.388282294694
2030-07-05 22:00:00+00:00,18517.989578951838
2030-07-05 23:00:00+00:00,18037.910253429633
2030-07-06 00:00:00+00:00,17730.803451005613
2030-07-06 01:00:00+00:00,17621.556833951454
2030-07-06 02:00:00+00:00,17604.041225516416
2030-07-06 03:00:00+00:00,17834.86884852445
2030-07-06 04:00:00+00:00,18193.18905033523
2030-07-06 05:00:00+00:00,18965.186321598492
2030-07-06 06:00:00+00:00,20094.45924642206
2030-07-06 07:00:00+00:00,21245.97389937407
2030-07-06 08:00:00+00:00,22034.496232128327
2030-07-06 09:00:00+00:00,22241.96796883052
2030-07-06 10:00:00+00:00,22248.41257816189
2030-07-06 11:00:00+00:00,22172.6358277048
2030-07-06 12:00:00+00:00,22029.50388303847
2030-07-06 13:00:00+00:00,21613.193326638506
2030-07-06 14:00:00+00:00,21388.076812979172
2030-07-06 15:00:00+00:00,21255.473797059218
2030-07-06 16:00:00+00:00,20978.154664497797
2030-07-06 17:00:00+00:00,20280.449267828248
2030-07-06 18:00:00+00:00,19585.23541231936
2030-07-06 19:00:00+00:00,19035.124477907237
2030-07-06 20:00:00+00:00,18980.061357549454
2030-07-06 21:00:00+00:00,18706.292813030694
2030-07-06 22:00:00+00:00,18146.25441325584
2030-07-06 23:00:00+00:00,17729.76861148714
2030-07-07 00:00:00+00:00,17379.240590805486
2030-07-07 01:00:00+00:00,17221.66972312689
2030-07-07 02:00:00+00:00,17161.2961580861
2030-07-07 03:00:00+00:00,17159.932828819517
2030-07-07 04:00:00+00:00,17303.37521755143
2030-07-07 05:00:00+00:00,17725.108069295595
2030-07-07 06:00:00+00:00,18480.582406073616
2030-07-07 07:00:00+00:00,19612.488226379694
2030-07-07 08:00:00+00:00,20599.395189984363
2030-07-07 09:00:00+00:00,21245.591174617086
2030-07-07 10:00:00+00:00,21433.45383070569
2030-07-07 11:00:00+00:00,21478.304322362546
2030-07-07 12:00:00+00:00,21628.174258470488
2030-07-07 13:00:00+00:00,21468.579233754284
2030-07-07 14:00:00+00:00,21444.216582772995
2030-07-07 15:00:00+00:00,21567.026152275197
2030-07-07 16:00:00+00:00,21312.999893270335
2030-07-07 17:00:00+00:00,20740.796739755195
2030-07-07 18:00:00+00:00,20101.995911145987
2030-07-07 19:00:00+00:00,19494.06521557027
2030-07-07 20:00:00+00:00,19114.740338132306
2030-07-07 21:00:00+00:00,18621.16689111053
2030-07-07 22:00:00+00:00,17919.98570119829
2030-07-07 23:00:00+00:00,17603.277587814693
2030-07-08 00:00:00+00:00,17452.119791450143
2030-07-08 01:00:00+00:00,17513.16237546237
2030-07-08 02:00:00+00:00,17892.006896114533
2030-07-08 03:00:00+00:00,19083.5579942848
2030-07-08 04:00:00+00:00,20936.005583152993
2030-07-08 05:00:00+00:00,22529.247827626343
2030-07-08 06:00:00+00:00,22733.495388463154
2030-07-08 07:00:00+00:00,22595.88628152423
2030-07-08 08:00:00+00:00,22504.336905537497
2030-07-08 09:00:00+00:00,22571.48613333909
2030-07-08 10:00:00+00:00,22521.464253300637
2030-07-08 11:00:00+00:00,22641.82951541807
2030-07-08 12:00:00+00:00,22770.270957930843
2030-07-08 13:00:00+00:00,23091.974071015287
2030-07-08 14:00:00+00:00,23466.991555733242
2030-07-08 15:00:00+00:00,23296.346414703567
2030-07-08 16:00:00+00:00,22444.243518228253
2030-07-08 17:00:00+00:00,21223.45225966069
2030-07-08 18:00:00+00:00,20226.317153927605
2030-07-08 19:00:00+00:00,19619.472467149546
2030-07-08 20:00:00+00:00,19493.401555369102
2030-07-08 21:00:00+00:00,18931.819099016146
2030-07-08 22:00:00+00:00,18287.425941562735
2030-07-08 23:00:00+00:00,17911.72894778371
2030-07-09 00:00:00+00:00,17783.34658335899
2030-07-09 01:00:00+00:00,17769.486364674827
2030-07-09 02:00:00+00:00,18019.17945949939
2030-07-09 03:00:00+00:00,19010.977509374094
2030-07-09 04:00:00+00:00,20936.40438098289
2030-07-09 05:00:00+00:00,22616.280720661718
2030-07-09 06:00:00+00:00,22778.464291640223
2030-07-09 07:00:00+00:00,22528.53448595108
2030-07-09 08:00:00+00:00,22453.831312615734
2030-07-09 09:00:00+00:00,22474.2729613436
2030-07-09 10:00:00+00:00,22490.814115801386
2030-07-09 11:00:00+00:00,22702.051068698554
2030-07-09 12:00:00+00:00,22874.223206207473
2030-07-09 13:00:00+00:00,23203.287448334177
2030-07-09 14:00:00+00:00,23622.60860895502
2030-07-09 15:00:00+00:00,23497.38464006376
2030-07-09 16:00:00+00:00,22608.412640371615
2030-07-09 17:00:00+00:00,21306.283532505884
2030-07-09 18:00:00+00:00,20244.019172907312
2030-07-09 19:00:00+00:00,19621.12654254743
2030-07-09 20:00:00+00:00,19492.269149753396
2030-07-09 21:00:00+00:00,18922.2238111993
2030-07-09 22:00:00+00:00,18341.72095466255
2030-07-09 23:00:00+00:00,17934.471049544874
2030-07-10 00:00:00+00:00,17771.199231745137
2030-07-10 01:00:00+00:00,17754.527303111754
2030-07-10 02:00:00+00:00,17993.24557883175
2030-07-10 03:00:00+00:00,18992.64634621781
2030-07-10 04:00:00+00:00,20870.504104514464
2030-07-10 05:00:00+00:00,22591.879870783847
2030-07-10 06:00:00+00:00,22798.014194414754
2030-07-10 07:00:00+00:00,22565.56175663564
2030-07-10 08:00:00+00:00,22415.2012360887
2030-07-10 09:00:00+00:00,22523.84988973455
2030-07-10 10:00:00+00:00,22513.729930929916
2030-07-10 11:00:00+00:00,22597.393796545086
2030-07-10 12:00:00+00:00,22803.3138582124
2030-07-10 13:00:00+00:00,23277.232812792026
2030-07-10 14:00:00+00:00,23720.32901019725
2030-07-10 15:00:00+00:00,23562.412427181203
2030-07-10 16:00:00+00:00,22808.006085465517
2030-07-10 17:00:00+00:00,21347.633108738795
2030-07-10 18:00:00+00:00,20319.391276554725
2030-07-10 19:00:00+00:00,19637.020285324954
2030-07-10 20:00:00+00:00,19476.383283513704
2030-07-10 21:00:00+00:00,18895.55445509726
2030-07-10 22:00:00+00:00,18282.563950834854
2030-07-10 23:00:00+00:00,17938.402900669145
2030-07-11 00:00:00+00:00,17863.87906244781
2030-07-11 01:00:00+00:00,17892.89429369272
2030-07-11 02:00:00+00:00,18164.494342524904
2030-07-11 03:00:00+00:00,19184.330578849003
2030-07-11 04:00:00+00:00,21036.564133379252
2030-07-11 05:00:00+00:00,22681.20040751864
2030-07-11 06:00:00+00:00,22918.57552633691
2030-07-11 07:00:00+00:00,22803.91280461888
2030-07-11 08:00:00+00:00,22667.608871538367
2030-07-11 09:00:00+00:00,22780.26510020428
2030-07-11 10:00:00+00:00,22854.249975122973
2030-07-11 11:00:00+00:00,23113.325859038367
2030-07-11 12:00:00+00:00,23227.645254063336
2030-07-11 13:00:00+00:00,23491.1499042009
2030-07-11 14:00:00+00:00,23864.40463349695
2030-07-11 15:00:00+00:00,23730.540255256838
2030-07-11 16:00:00+00:00,23080.895973105882
2030-07-11 17:00:00+00:00,21831.28233096523
2030-07-11 18:00:00+00:00,20786.562665558573
2030-07-11 19:00:00+00:00,20068.78823168621
2030-07-11 20:00:00+00:00,19796.474737359385
2030-07-11 21:00:00+00:00,19135.683856853924
2030-07-11 22:00:00+00:00,18506.34239921251
2030-07-11 23:00:00+00:00,18099.91427067142
2030-07-12 00:00:00+00:00,17901.023085665587
2030-07-12 01:00:00+00:00,17902.23733370336
2030-07-12 02:00:00+00:00,18133.40968783165
2030-07-12 03:00:00+00:00,19076.191965748276
2030-07-12 04:00:00+00:00,20774.678916995592
2030-07-12 05:00:00+00:00,22368.607052327137
2030-07-12 06:00:00+00:00,22584.46892230766
2030-07-12 07:00:00+00:00,22584.18493609112
2030-07-12 08:00:00+00:00,22679.012578689802
2030-07-12 09:00:00+00:00,23042.656303285145
2030-07-12 10:00:00+00:00,23275.72161452143
2030-07-12 11:00:00+00:00,23560.767197415764
2030-07-12 12:00:00+00:00,23623.019321379692
2030-07-12 13:00:00+00:00,23647.51590217797
2030-07-12 14:00:00+00:00,23498.746972033525
2030-07-12 15:00:00+00:00,23356.37087159537
2030-07-12 16:00:00+00:00,22818.510585732623
2030-07-12 17:00:00+00:00,21795.0040730913
2030-07-12 18:00:00+00:00,20815.04657018398
2030-07-12 19:00:00+00:00,20021.22460623699
2030-07-12 20:00:00+00:00,19747.85797309149
2030-07-12 21:00:00+00:00,19237.277444317322
2030-07-12 22:00:00+00:00,18545.41270652013
2030-07-12 23:00:00+00:00,18114.791743977457
2030-07-13 00:00:00+00:00,17672.344342927983
2030-07-13 01:00:00+00:00,17568.843829603342
2030-07-13 02:00:00+00:00,17591.79336343594
2030-07-13 03:00:00+00:00,17838.584740121027
2030-07-13 04:00:00+00:00,18125.144113075927
2030-07-13 05:00:00+00:00,18945.88819782327
2030-07-13 06:00:00+00:00,19953.196902600383
2030-07-13 07:00:00+00:00,21073.867165161708
2030-07-13 08:00:00+00:00,21768.76554088253
2030-07-13 09:00:00+00:00,22086.524696552926
2030-07-13 10:00:00+00:00,22102.0096317014
2030-07-13 11:00:00+00:00,21994.1857285442
2030-07-13 12:00:00+00:00,21911.7905531837
2030-07-13 13:00:00+00:00,21533.708262317603
2030-07-13 14:00:00+00:00,21321.85411257078
2030-07-13 15:00:00+00:00,21154.65301645834
2030-07-13 16:00:00+00:00,20833.899950871208
2030-07-13 17:00:00+00:00,20118.375103248123
2030-07-13 18:00:00+00:00,19459.57002308628
2030-07-13 19:00:00+00:00,18978.547979163115
2030-07-13 20:00:00+00:00,18892.017715763435
2030-07-13 21:00:00+00:00,18620.091237546134
2030-07-13 22:00:00+00:00,18065.388104305697
2030-07-13 23:00:00+00:00,17687.692666036226
2030-07-14 00:00:00+00:00,17360.71175139025
2030-07-14 01:00:00+00:00,17224.75786302943
2030-07-14 02:00:00+00:00,17184.45720735514
2030-07-14 03:00:00+00:00,17211.401827195168
2030-07-14 04:00:00+00:00,17273.523198493553
2030-07-14 05:00:00+00:00,17711.211439734165
2030-07-14 06:00:00+00:00,18395.658558753796
2030-07-14 07:00:00+00:00,19400.43595307201
2030-07-14 08:00:00+00:00,20314.771628967017
2030-07-14 09:00:00+00:00,21080.375689831246
2030-07-14 10:00:00+00:00,21305.81071473408
2030-07-14 11:00:00+00:00,21385.66012528638
2030-07-14 12:00:00+00:00,21473.25257335977
2030-07-14 13:00:00+00:00,21358.95026721414
2030-07-14 14:00:00+00:00,21372.674675030845
2030-07-14 15:00:00+00:00,21453.794355848768
2030-07-14 16:00:00+00:00,21296.015123806366
2030-07-14 17:00:00+00:00,20657.931652370393
2030-07-14 18:00:00+00:00,19977.955625060666
2030-07-14 19:00:00+00:00,19360.76050977733
2030-07-14 20:00:00+00:00,19079.226729253107
2030-07-14 21:00:00+00:00,18477.56838564247
2030-07-14 22:00:00+00:00,17843.81158360233
2030-07-14 23:00:00+00:00,17532.765060040056
2030-07-15 00:00:00+00:00,17385.724783545553
2030-07-15 01:00:00+00:00,17419.48879841869
2030-07-15 02:00:00+00:00,17782.37792957439
2030-07-15 03:00:00+00:00,18985.76689737107
2030-07-15 04:00:00+00:00,20862.404915475814
2030-07-15 05:00:00+00:00,22344.474123457752
2030-07-15 06:00:00+00:00,22506.002415642775
2030-07-15 07:00:00+00:00,22353.46729917491
2030-07-15 08:00:00+00:00,22235.6687340166
2030-07-15 09:00:00+00:00,22302.30327183443
2030-07-15 10:00:00+00:00,22349.557798725968
2030-07-15 11:00:00+00:00,22418.454062467743
2030-07-15 12:00:00+00:00,22530.425425500303
2030-07-15 13:00:00+00:00,22796.02733035529
2030-07-15 14:00:00+00:00,23232.807613124034
2030-07-15 15:00:00+00:00,23068.85344188319
2030-07-15 16:00:00+00:00,22276.96927350738
2030-07-15 17:00:00+00:00,20959.93098797735
2030-07-15 18:00:00+00:00,20019.926470441238
2030-07-15 19:00:00+00:00,19450.13946249365
2030-07-15 20:00:00+00:00,19279.29052212639
2030-07-15 21:00:00+00:00,18735.207525221158
2030-07-15 22:00:00+00:00,18133.533636419535
2030-07-15 23:00:00+00:00,17807.246881081144
2030-07-16 00:00:00+00:00,17641.80683782594
2030-07-16 01:00:00+00:00,17678.386237549927
2030-07-16 02:00:00+00:00,17883.30130378767
2030-07-16 03:00:00+00:00,18949.729401307064
2030-07-16 04:00:00+00:00,20816.481614767625
2030-07-16 05:00:00+00:00,22417.09569694795
2030-07-16 06:00:00+00:00,22543.765659047254
2030-07-16 07:00:00+00:00,22292.806473390596
2030-07-16 08:00:00+00:00,22159.428641907005
2030-07-16 09:00:00+00:00,22242.14777866942
2030-07-16 10:00:00+00:00,22335.892430690677
2030-07-16 11:00:00+00:00,22515.733294578695
2030-07-16 12:00:00+00:00,22710.037101389145
2030-07-16 13:00:00+00:00,23066.894602638702
2030-07-16 14:00:00+00:00,23502.68584273975
2030-07-16 15:00:00+00:00,23388.27036350738
2030-07-16 16:00:00+00:00,22600.69229061526
2030-07-16 17:00:00+00:00,21265.108333805365
2030-07-16 18:00:00+00:00,20177.10947501896
2030-07-16 19:00:00+00:00,19527.9676554875
2030-07-16 20:00:00+00:00,19408.374682401078
2030-07-16 21:00:00+00:00,18811.0507747079
2030-07-16 22:00:00+00:00,18165.69698021782
2030-07-16 23:00:00+00:00,17846.459062322505
2030-07-17 00:00:00+00:00,17661.570265205
2030-07-17 01:00:00+00:00,17647.986476474154
2030-07-17 02:00:00+00:00,17874.866882567745
2030-07-17 03:00:00+00:00,18896.39931925534
2030-07-17 04:00:00+00:00,20726.905599046404
2030-07-17 05:00:00+00:00,22421.51748616044
2030-07-17 06:00:00+00:00,22593.167580879664
2030-07-17 07:00:00+00:00,22378.214602548273
2030-07-17 08:00:00+00:00,22211.898692504867
2030-07-17 09:00:00+00:00,22229.447219025817
2030-07-17 10:00:00+00:00,22388.145574893326
2030-07-17 11:00:00+00:00,22466.66254067093
2030-07-17 12:00:00+00:00,22813.092967903773
2030-07-17 13:00:00+00:00,23058.489569695506
2030-07-17 14:00:00+00:00,23470.704368075338
2030-07-17 15:00:00+00:00,23483.664859666453
2030-07-17 16:00:00+00:00,22698.377118925375
2030-07-17 17:00:00+00:00,21455.203315343908
2030-07-17 18:00:00+00:00,20338.949495937475
2030-07-17 19:00:00+00:00,19630.32931553612
2030-07-17 20:00:00+00:00,19482.04487333503
2030-07-17 21:00:00+00:00,18864.673056071868
2030-07-17 22:00:00+00:00,18223.889292686603
2030-07-17 23:00:00+00:00,17871.493202780795
2030-07-18 00:00:00+00:00,17694.322360563037
2030-07-18 01:00:00+00:00,17673.467341563653
2030-07-18 02:00:00+00:00,17891.232453799385
2030-07-18 03:00:00+00:00,18849.500307358885
2030-07-18 04:00:00+00:00,20611.563923609512
2030-07-18 05:00:00+00:00,22246.904903682203
2030-07-18 06:00:00+00:00,22561.8468116174
2030-07-18 07:00:00+00:00,22501.537123789098
2030-07-18 08:00:00+00:00,22427.672087600364
2030-07-18 09:00:00+00:00,22517.018529176396
2030-07-18 10:00:00+00:00,22604.042918868716
2030-07-18 11:00:00+00:00,22779.645065871282
2030-07-18 12:00:00+00:00,23021.674682658544
2030-07-18 13:00:00+00:00,23333.238209157633
2030-07-18 14:00:00+00:00,23645.748284228346
2030-07-18 15:00:00+00:00,23495.24132775401
2030-07-18 16:00:00+00:00,22830.39660382109
2030-07-18 17:00:00+00:00,21575.095920453965
2030-07-18 18:00:00+00:00,20435.402497147203
2030-07-18 19:00:00+00:00,19797.449329116764
2030-07-18 20:00:00+00:00,19605.18103060162
2030-07-18 21:00:00+00:00,18980.5795284052
2030-07-18 22:00:00+00:00,18288.822888094193
2030-07-18 23:00:00+00:00,17889.314356320567
2030-07-19 00:00:00+00:00,17658.7532747474
2030-07-19 01:00:00+00:00,17665.088239335877
2030-07-19 02:00:00+00:00,17890.469441565365
2030-07-19 03:00:00+00:00,18808.25376785518
2030-07-19 04:00:00+00:00,20442.56741210313
2030-07-19 05:00:00+00:00,21916.84858345929
2030-07-19 06:00:00+00:00,22152.6465298257
2030-07-19 07:00:00+00:00,22136.267708710537
2030-07-19 08:00:00+00:00,22345.56642011645
2030-07-19 09:00:00+00:00,22697.98872860978
2030-07-19 10:00:00+00:00,23128.761907336473
2030-07-19 11:00:00+00:00,23525.78172859607
2030-07-19 12:00:00+00:00,23610.23990402151
2030-07-19 13:00:00+00:00,23664.008374769164
2030-07-19 14:00:00+00:00,23556.135559634145
2030-07-19 15:00:00+00:00,23219.26350309925
2030-07-19 16:00:00+00:00,22575.432569089415
2030-07-19 17:00:00+00:00,21559.798033975178
2030-07-19 18:00:00+00:00,20435.873639534584
2030-07-19 19:00:00+00:00,19751.165422537575
2030-07-19 20:00:00+00:00,19598.335069851808
2030-07-19 21:00:00+00:00,19044.320778450976
2030-07-19 22:00:00+00:00,18388.287703045196
2030-07-19 23:00:00+00:00,17941.66322646716
2030-07-20 00:00:00+00:00,17656.688093344674
2030-07-20 01:00:00+00:00,17518.61883720014
2030-07-20 02:00:00+00:00,17527.352417936698
2030-07-20 03:00:00+00:00,17739.651201529497
2030-07-20 04:00:00+00:00,18027.45887556564
2030-07-20 05:00:00+00:00,18791.221107088793
2030-07-20 06:00:00+00:00,19794.90967587576
2030-07-20 07:00:00+00:00,20852.236061800337
2030-07-20 08:00:00+00:00,21587.745326227665
2030-07-20 09:00:00+00:00,21848.230131256787
2030-07-20 10:00:00+00:00,21919.01098855772
2030-07-20 11:00:00+00:00,21893.67385650877
2030-07-20 12:00:00+00:00,21736.645282281017
2030-07-20 13:00:00+00:00,21295.629606660736
2030-07-20 14:00:00+00:00,21153.378180386204
2030-07-20 15:00:00+00:00,20996.584735229695
2030-07-20 16:00:00+00:00,20811.909799744444
2030-07-20 17:00:00+00:00,20147.144562035304
2030-07-20 18:00:00+00:00,19467.88609602288
2030-07-20 19:00:00+00:00,18983.65547953159
2030-07-20 20:00:00+00:00,18863.741421220482
2030-07-20 21:00:00+00:00,18534.901048439777
2030-07-20 22:00:00+00:00,18005.74404769031
2030-07-20 23:00:00+00:00,17615.507435093186
2030-07-21 00:00:00+00:00,17264.464724427788
2030-07-21 01:00:00+00:00,17120.275796326863
2030-07-21 02:00:00+00:00,17079.97514065257
2030-07-21 03:00:00+00:00,17098.170030768728
2030-07-21 04:00:00+00:00,17170.58520174225
2030-07-21 05:00:00+00:00,17576.877353973712
2030-07-21 06:00:00+00:00,18357.056809972055
2030-07-21 07:00:00+00:00,19389.112773429373
2030-07-21 08:00:00+00:00,20389.916366595466
2030-07-21 09:00:00+00:00,21097.360459295214
2030-07-21 10:00:00+00:00,21261.03268614726
2030-07-21 11:00:00+00:00,21363.52845598485
2030-07-21 12:00:00+00:00,21451.635594041996
2030-07-21 13:00:00+00:00,21312.1134786923
2030-07-21 14:00:00+00:00,21319.661606703925
2030-07-21 15:00:00+00:00,21445.044626124905
2030-07-21 16:00:00+00:00,21196.16526695761
2030-07-21 17:00:00+00:00,20668.22545204552
2030-07-21 18:00:00+00:00,19997.513844443416
2030-07-21 19:00:00+00:00,19317.011861158033
2030-07-21 20:00:00+00:00,18997.391021835818
2030-07-21 21:00:00+00:00,18426.09938726682
2030-07-21 22:00:00+00:00,17807.783284739373
2030-07-21 23:00:00+00:00,17489.531101404504
2030-07-22 00:00:00+00:00,17308.006595998326
2030-07-22 01:00:00+00:00,17358.240690351657
2030-07-22 02:00:00+00:00,17688.189662546953
2030-07-22 03:00:00+00:00,18828.78645232533
2030-07-22 04:00:00+00:00,20645.205742330563
2030-07-22 05:00:00+00:00,22095.364171319605
2030-07-22 06:00:00+00:00,22215.202574820345
2030-07-22 07:00:00+00:00,22170.75235494135
2030-07-22 08:00:00+00:00,22104.937478142438
2030-07-22 09:00:00+00:00,22183.92457557043
2030-07-22 10:00:00+00:00,22148.31401507717
2030-07-22 11:00:00+00:00,22257.87078753571
2030-07-22 12:00:00+00:00,22338.446061559123
2030-07-22 13:00:00+00:00,22441.92062153081
2030-07-22 14:00:00+00:00,22910.096993308693
2030-07-22 15:00:00+00:00,22795.038370524715
2030-07-22 16:00:00+00:00,22071.607969988534
2030-07-22 17:00:00+00:00,20885.81563031641
2030-07-22 18:00:00+00:00,19768.757758368058
2030-07-22 19:00:00+00:00,19196.911990485456
2030-07-22 20:00:00+00:00,19047.1653394522
2030-07-22 21:00:00+00:00,18476.833153375384
2030-07-22 22:00:00+00:00,17906.040663599168
2030-07-22 23:00:00+00:00,17615.782207123713
2030-07-23 00:00:00+00:00,17470.415073235028
2030-07-23 01:00:00+00:00,17482.804043722448
2030-07-23 02:00:00+00:00,17712.93891916427
2030-07-23 03:00:00+00:00,18723.2658084542
2030-07-23 04:00:00+00:00,20564.79821271069
2030-07-23 05:00:00+00:00,22113.42860653161
2030-07-23 06:00:00+00:00,22286.420667169004
2030-07-23 07:00:00+00:00,22070.46040040778
2030-07-23 08:00:00+00:00,21983.919357446033
2030-07-23 09:00:00+00:00,22022.37515560538
2030-07-23 10:00:00+00:00,22136.707406976893
2030-07-23 11:00:00+00:00,22261.991132586732
2030-07-23 12:00:00+00:00,22599.893444865247
2030-07-23 13:00:00+00:00,22885.209038372654
2030-07-23 14:00:00+00:00,23360.116717239183
2030-07-23 15:00:00+00:00,23162.83615062202
2030-07-23 16:00:00+00:00,22384.00780745377
2030-07-23 17:00:00+00:00,21113.789478580955
2030-07-23 18:00:00+00:00,19944.984292344776
2030-07-23 19:00:00+00:00,19382.310390084403
2030-07-23 20:00:00+00:00,19221.542218297465
2030-07-23 21:00:00+00:00,18633.4827303119
2030-07-23 22:00:00+00:00,18057.09739364519
2030-07-23 23:00:00+00:00,17708.007456692005
2030-07-24 00:00:00+00:00,17499.957610305446
2030-07-24 01:00:00+00:00,17471.447812045662
2030-07-24 02:00:00+00:00,17713.25422766821
2030-07-24 03:00:00+00:00,18719.86065482685
2030-07-24 04:00:00+00:00,20486.545376632104
2030-07-24 05:00:00+00:00,22094.174656491297
2030-07-24 06:00:00+00:00,22267.883511145545
2030-07-24 07:00:00+00:00,22094.620421498432
2030-07-24 08:00:00+00:00,21925.731061536248
2030-07-24 09:00:00+00:00,22024.600605490727
2030-07-24 10:00:00+00:00,22234.253269750126
2030-07-24 11:00:00+00:00,22306.59395572266
2030-07-24 12:00:00+00:00,22563.46832578186
2030-07-24 13:00:00+00:00,22813.497137427406
2030-07-24 14:00:00+00:00,23180.93390722042
2030-07-24 15:00:00+00:00,23196.467848730324
2030-07-24 16:00:00+00:00,22399.856928346595
2030-07-24 17:00:00+00:00,21105.214126389477
2030-07-24 18:00:00+00:00,20066.678494530275
2030-07-24 19:00:00+00:00,19398.204132861934
2030-07-24 20:00:00+00:00,19245.287480807034
2030-07-24 21:00:00+00:00,18646.959192942868
2030-07-24 22:00:00+00:00,18001.54321970379
2030-07-24 23:00:00+00:00,17629.074220431477
2030-07-25 00:00:00+00:00,17450.359308262447
2030-07-25 01:00:00+00:00,17419.725179571695
2030-07-25 02:00:00+00:00,17643.666571612506
2030-07-25 03:00:00+00:00,18615.831054733426
2030-07-25 04:00:00+00:00,20339.807612186072
2030-07-25 05:00:00+00:00,21954.560992908508
2030-07-25 06:00:00+00:00,22177.88808373504
2030-07-25 07:00:00+00:00,22020.81667896051
2030-07-25 08:00:00+00:00,21907.835204006282
2030-07-25 09:00:00+00:00,22094.97274249605
2030-07-25 10:00:00+00:00,22396.108165431087
2030-07-25 11:00:00+00:00,22559.3577528235
2030-07-25 12:00:00+00:00,22621.760565279725
2030-07-25 13:00:00+00:00,23000.748479650923
2030-07-25 14:00:00+00:00,23384.800462463794
2030-07-25 15:00:00+00:00,23344.43716251335
2030-07-25 16:00:00+00:00,22678.048368629166
2030-07-25 17:00:00+00:00,21321.353758462003
2030-07-25 18:00:00+00:00,20225.408983774545
2030-07-25 19:00:00+00:00,19551.942206864904
2030-07-25 20:00:00+00:00,19350.409488642137
2030-07-25 21:00:00+00:00,18686.691547680235
2030-07-25 22:00:00+00:00,18065.96212512761
2030-07-25 23:00:00+00:00,17679.83553293167
2030-07-26 00:00:00+00:00,17474.49426056257
2030-07-26 01:00:00+00:00,17456.124105930736
2030-07-26 02:00:00+00:00,17638.786039508424
2030-07-26 03:00:00+00:00,18563.77602557083
2030-07-26 04:00:00+00:00,20173.38455059847
2030-07-26 05:00:00+00:00,21703.25224020033
2030-07-26 06:00:00+00:00,21911.771617427647
2030-07-26 07:00:00+00:00,21997.816103080026
2030-07-26 08:00:00+00:00,22230.275863754992
2030-07-26 09:00:00+00:00,22597.62418177726
2030-07-26 10:00:00+00:00,22992.369061640995
2030-07-26 11:00:00+00:00,23244.76099746502
2030-07-26 12:00:00+00:00,23258.19195513205
2030-07-26 13:00:00+00:00,23456.07362133154
2030-07-26 14:00:00+00:00,23300.84932769091
2030-07-26 15:00:00+00:00,23190.440864008877
2030-07-26 16:00:00+00:00,22550.727449869108
2030-07-26 17:00:00+00:00,21493.403026070588
2030-07-26 18:00:00+00:00,20412.197900281786
2030-07-26 19:00:00+00:00,19742.930382797473
2030-07-26 20:00:00+00:00,19518.043432385788
2030-07-26 21:00:00+00:00,18916.677662479353
2030-07-26 22:00:00+00:00,18252.924237317235
2030-07-26 23:00:00+00:00,17805.78507075544
2030-07-27 00:00:00+00:00,17502.281098217714
2030-07-27 01:00:00+00:00,17387.88758132599
2030-07-27 02:00:00+00:00,17418.752831364065
2030-07-27 03:00:00+00:00,17707.74042253659
2030-07-27 04:00:00+00:00,17968.784217417393
2030-07-27 05:00:00+00:00,18669.754270922254
2030-07-27 06:00:00+00:00,19687.33946927065
2030-07-27 07:00:00+00:00,20987.08483754454
2030-07-27 08:00:00+00:00,21722.079411988117
2030-07-27 09:00:00+00:00,21995.94615659491
2030-07-27 10:00:00+00:00,21754.310193755628
2030-07-27 11:00:00+00:00,21710.958912275208
2030-07-27 12:00:00+00:00,21625.47224578961
2030-07-27 13:00:00+00:00,21230.778668707415
2030-07-27 14:00:00+00:00,21031.911344219672
2030-07-27 15:00:00+00:00,20919.895927649977
2030-07-27 16:00:00+00:00,20684.266683772825
2030-07-27 17:00:00+00:00,20009.722336372317
2030-07-27 18:00:00+00:00,19453.47477647769
2030-07-27 19:00:00+00:00,19014.022188573217
2030-07-27 20:00:00+00:00,18755.141834647853
2030-07-27 21:00:00+00:00,18340.862924563564
2030-07-27 22:00:00+00:00,17789.05956452882
2030-07-27 23:00:00+00:00,17443.600980518517
2030-07-28 00:00:00+00:00,17120.351528975956
2030-07-28 01:00:00+00:00,16978.22136081006
2030-07-28 02:00:00+00:00,16927.62690546064
2030-07-28 03:00:00+00:00,17015.30494338394
2030-07-28 04:00:00+00:00,17051.69181549449
2030-07-28 05:00:00+00:00,17377.692330259943
2030-07-28 06:00:00+00:00,18069.345109052163
2030-07-28 07:00:00+00:00,19105.00390239577
2030-07-28 08:00:00+00:00,20099.631215756785
2030-07-28 09:00:00+00:00,20791.63460894385
2030-07-28 10:00:00+00:00,20916.1903970304
2030-07-28 11:00:00+00:00,21039.27376621825
2030-07-28 12:00:00+00:00,21125.32214434037
2030-07-28 13:00:00+00:00,20933.30165064751
2030-07-28 14:00:00+00:00,20892.468920186013
2030-07-28 15:00:00+00:00,21020.94007950954
2030-07-28 16:00:00+00:00,20868.82243728847
2030-07-28 17:00:00+00:00,20332.132892652513
2030-07-28 18:00:00+00:00,19696.420203945858
2030-07-28 19:00:00+00:00,19129.664707070653
2030-07-28 20:00:00+00:00,18779.677158706814
2030-07-28 21:00:00+00:00,18136.84361639566
2030-07-28 22:00:00+00:00,17552.49705279614
2030-07-28 23:00:00+00:00,17238.877079315083
2030-07-29 00:00:00+00:00,17102.130602495712
2030-07-29 01:00:00+00:00,17155.96752673535
2030-07-29 02:00:00+00:00,17515.253828004763
2030-07-29 03:00:00+00:00,18718.128105817683
2030-07-29 04:00:00+00:00,20522.70952619651
2030-07-29 05:00:00+00:00,22002.20528425967
2030-07-29 06:00:00+00:00,22047.928330099487
2030-07-29 07:00:00+00:00,21869.65871444379
2030-07-29 08:00:00+00:00,21760.609879009327
2030-07-29 09:00:00+00:00,21941.505593221107
2030-07-29 10:00:00+00:00,21982.58384030757
2030-07-29 11:00:00+00:00,22155.44748076816
2030-07-29 12:00:00+00:00,22301.388382728655
2030-07-29 13:00:00+00:00,22541.255788395818
2030-07-29 14:00:00+00:00,23008.40278020619
2030-07-29 15:00:00+00:00,22826.949149517615
2030-07-29 16:00:00+00:00,22000.580752230133
2030-07-29 17:00:00+00:00,20767.436934052417
2030-07-29 18:00:00+00:00,19775.96341814065
2030-07-29 19:00:00+00:00,19249.925058812376
2030-07-29 20:00:00+00:00,19026.577740101937
2030-07-29 21:00:00+00:00,18365.660116883977
2030-07-29 22:00:00+00:00,17798.985146977808
2030-07-29 23:00:00+00:00,17482.47750133078
2030-07-30 00:00:00+00:00,17315.49338812431
2030-07-30 01:00:00+00:00,17308.324139228986
2030-07-30 02:00:00+00:00,17525.5917650769
2030-07-30 03:00:00+00:00,18593.049242563804
2030-07-30 04:00:00+00:00,20439.72854665785
2030-07-30 05:00:00+00:00,21991.447080381306
2030-07-30 06:00:00+00:00,22144.366231652202
2030-07-30 07:00:00+00:00,21915.02402531332
2030-07-30 08:00:00+00:00,21801.204413212476
2030-07-30 09:00:00+00:00,21702.23798570883
2030-07-30 10:00:00+00:00,21735.249219646816
2030-07-30 11:00:00+00:00,21888.326204379508
2030-07-30 12:00:00+00:00,22143.878119256977
2030-07-30 13:00:00+00:00,22458.016351854745
2030-07-30 14:00:00+00:00,22939.61500051012
2030-07-30 15:00:00+00:00,22857.11030027065
2030-07-30 16:00:00+00:00,22124.08936565673
2030-07-30 17:00:00+00:00,20917.177904785964
2030-07-30 18:00:00+00:00,19896.60343387166
2030-07-30 19:00:00+00:00,19321.062282017385
2030-07-30 20:00:00+00:00,19057.356113479134
2030-07-30 21:00:00+00:00,18386.94622809253
2030-07-30 22:00:00+00:00,17787.91453214054
2030-07-30 23:00:00+00:00,17441.912735089885
2030-07-31 00:00:00+00:00,17291.508166884058
2030-07-31 01:00:00+00:00,17300.056047454742
2030-07-31 02:00:00+00:00,17534.6568033047
2030-07-31 03:00:00+00:00,18586.041259050162
2030-07-31 04:00:00+00:00,20391.842419620913
2030-07-31 05:00:00+00:00,21982.486930016137
2030-07-31 06:00:00+00:00,22132.520045417587
2030-07-31 07:00:00+00:00,21897.49415771969
2030-07-31 08:00:00+00:00,21752.280537010305
2030-07-31 09:00:00+00:00,21986.513546692746
2030-07-31 10:00:00+00:00,22084.99317446075
2030-07-31 11:00:00+00:00,22120.276181602796
2030-07-31 12:00:00+00:00,22276.786004829493
2030-07-31 13:00:00+00:00,22684.30995150453
2030-07-31 14:00:00+00:00,23190.7130169118
2030-07-31 15:00:00+00:00,23169.189279591224
2030-07-31 16:00:00+00:00,22413.753557908025
2030-07-31 17:00:00+00:00,21146.389325089996
2030-07-31 18:00:00+00:00,20089.324853815564
2030-07-31 19:00:00+00:00,19469.74604060408
2030-07-31 20:00:00+00:00,19242.71403088825
2030-07-31 21:00:00+00:00,18539.388986337748
2030-07-31 22:00:00+00:00,17910.957782562644
2030-07-31 23:00:00+00:00,17561.135142575615
2030-08-01 00:00:00+00:00,17364.92077095887
2030-08-01 01:00:00+00:00,17365.168041293495
2030-08-01 02:00:00+00:00,17579.33032364293
2030-08-01 03:00:00+00:00,18562.817986406506
2030-08-01 04:00:00+00:00,20289.88268376169
2030-08-01 05:00:00+00:00,21984.413011966386
2030-08-01 06:00:00+00:00,22312.22216949549
2030-08-01 07:00:00+00:00,22234.927712203218
2030-08-01 08:00:00+00:00,22232.08989377288
2030-08-01 09:00:00+00:00,22356.435254244363
2030-08-01 10:00:00+00:00,22449.63592374176
2030-08-01 11:00:00+00:00,22583.54818206005
2030-08-01 12:00:00+00:00,22766.388450715305
2030-08-01 13:00:00+00:00,23100.083646515937
2030-08-01 14:00:00+00:00,23503.693848711544
2030-08-01 15:00:00+00:00,23331.05522293568
2030-08-01 16:00:00+00:00,22672.38677880785
2030-08-01 17:00:00+00:00,21408.336365716856
2030-08-01 18:00:00+00:00,20334.008570347167
2030-08-01 19:00:00+00:00,19705.319822024347
2030-08-01 20:00:00+00:00,19537.756642729517
2030-08-01 21:00:00+00:00,18874.0387017676
2030-08-01 22:00:00+00:00,18184.340821391612
2030-08-01 23:00:00+00:00,17810.052098822067
2030-08-02 00:00:00+00:00,17613.460556176822
2030-08-02 01:00:00+00:00,17578.105632081028
2030-08-02 02:00:00+00:00,17747.90031606481
2030-08-02 03:00:00+00:00,18667.228712305892
2030-08-02 04:00:00+00:00,20255.73494799951
2030-08-02 05:00:00+00:00,21816.99872661052
2030-08-02 06:00:00+00:00,22019.85651401652
2030-08-02 07:00:00+00:00,22142.443988515606
2030-08-02 08:00:00+00:00,22462.401046429182
2030-08-02 09:00:00+00:00,22827.17591453266
2030-08-02 10:00:00+00:00,23229.126454168992
2030-08-02 11:00:00+00:00,23611.22026589965
2030-08-02 12:00:00+00:00,23712.66321078905
2030-08-02 13:00:00+00:00,23718.565513047357
2030-08-02 14:00:00+00:00,23561.282459471706
2030-08-02 15:00:00+00:00,23266.61498160485
2030-08-02 16:00:00+00:00,22632.048467302633
2030-08-02 17:00:00+00:00,21478.47701654166
2030-08-02 18:00:00+00:00,20427.63859979447
2030-08-02 19:00:00+00:00,19720.284023512188
2030-08-02 20:00:00+00:00,19560.762701037576
2030-08-02 21:00:00+00:00,18970.205420790033
2030-08-02 22:00:00+00:00,18307.481375595427
2030-08-02 23:00:00+00:00,17858.28344909861
2030-08-03 00:00:00+00:00,17562.499826317235
2030-08-03 01:00:00+00:00,17423.91588018895
2030-08-03 02:00:00+00:00,17442.943260600627
2030-08-03 03:00:00+00:00,17768.47384061986
2030-08-03 04:00:00+00:00,18039.29674519203
2030-08-03 05:00:00+00:00,18695.488770110074
2030-08-03 06:00:00+00:00,19679.6191195143
2030-08-03 07:00:00+00:00,20920.68982963995
2030-08-03 08:00:00+00:00,21746.26984122468
2030-08-03 09:00:00+00:00,21996.97553656242
2030-08-03 10:00:00+00:00,21854.1600506044
2030-08-03 11:00:00+00:00,21892.64447654126
2030-08-03 12:00:00+00:00,21780.908620884078
2030-08-03 13:00:00+00:00,21491.211800488207
2030-08-03 14:00:00+00:00,21217.714428355775
2030-08-03 15:00:00+00:00,21145.844830519087
2030-08-03 16:00:00+00:00,20840.217748851046
2030-08-03 17:00:00+00:00,20021.560205998714
2030-08-03 18:00:00+00:00,19350.02208974264
2030-08-03 19:00:00+00:00,18881.232172764037
2030-08-03 20:00:00+00:00,18772.126604111814
2030-08-03 21:00:00+00:00,18416.007662192016
2030-08-03 22:00:00+00:00,17959.42194915222
2030-08-03 23:00:00+00:00,17565.582506668805
2030-08-04 00:00:00+00:00,17227.40704559731
2030-08-04 01:00:00+00:00,17069.32148793496
2030-08-04 02:00:00+00:00,17033.138352130718
2030-08-04 03:00:00+00:00,17128.53673981037
2030-08-04 04:00:00+00:00,17141.762562651882
2030-08-04 05:00:00+00:00,17463.130867563523
2030-08-04 06:00:00+00:00,18212.943614520223
2030-08-04 07:00:00+00:00,19330.43811528112
2030-08-04 08:00:00+00:00,20314.771628967017
2030-08-04 09:00:00+00:00,21005.745642186557
2030-08-04 10:00:00+00:00,21206.99023785283
2030-08-04 11:00:00+00:00,21331.102987008187
2030-08-04 12:00:00+00:00,21437.738964480566
2030-08-04 13:00:00+00:00,21294.099329260822
2030-08-04 14:00:00+00:00,21190.47442078104
2030-08-04 15:00:00+00:00,21364.75298865889
2030-08-04 16:00:00+00:00,21215.723486340354
2030-08-04 17:00:00+00:00,20595.13947435209
2030-08-04 18:00:00+00:00,19898.693367562166
2030-08-04 19:00:00+00:00,19279.439492343805
2030-08-04 20:00:00+00:00,18884.159225409385
2030-08-04 21:00:00+00:00,18207.3561441703
2030-08-04 22:00:00+00:00,17658.52318944998
2030-08-04 23:00:00+00:00,17338.726936163843
2030-08-05 00:00:00+00:00,17226.170888581033
2030-08-05 01:00:00+00:00,17275.37560296686
2030-08-05 02:00:00+00:00,17630.54438436622
2030-08-05 03:00:00+00:00,18844.227151838033
2030-08-05 04:00:00+00:00,20708.51261033261
2030-08-05 05:00:00+00:00,22174.626428818105
2030-08-05 06:00:00+00:00,22334.095961068106
2030-08-05 07:00:00+00:00,22291.189811140383
2030-08-05 08:00:00+00:00,22222.286794438925
2030-08-05 09:00:00+00:00,22337.302190729868
2030-08-05 10:00:00+00:00,22359.33690841734
2030-08-05 11:00:00+00:00,22394.77832321494
2030-08-05 12:00:00+00:00,22600.93795327494
2030-08-05 13:00:00+00:00,22817.129619689313
2030-08-05 14:00:00+00:00,23286.335371434714
2030-08-05 15:00:00+00:00,23110.028640583707
2030-08-05 16:00:00+00:00,22298.0715628414
2030-08-05 17:00:00+00:00,21075.221544338812
2030-08-05 18:00:00+00:00,20102.791557826033
2030-08-05 19:00:00+00:00,19467.638921941376
2030-08-05 20:00:00+00:00,19209.80737431926
2030-08-05 21:00:00+00:00,18546.316301182513
2030-08-05 22:00:00+00:00,17946.701172315927
2030-08-05 23:00:00+00:00,17651.810505986672
2030-08-06 00:00:00+00:00,17491.002672585288
2030-08-06 01:00:00+00:00,17520.376412536676
2030-08-06 02:00:00+00:00,17745.87907812469
2030-08-06 03:00:00+00:00,18814.880625562862
2030-08-06 04:00:00+00:00,20648.177990079243
2030-08-06 05:00:00+00:00,22328.569019741826
2030-08-06 06:00:00+00:00,22506.707980216783
2030-08-06 07:00:00+00:00,22287.14488356928
2030-08-06 08:00:00+00:00,22037.961805740473
2030-08-06 09:00:00+00:00,22059.43283443585
2030-08-06 10:00:00+00:00,22069.797709088554
2030-08-06 11:00:00+00:00,22267.138032424304
2030-08-06 12:00:00+00:00,22585.48212532006
2030-08-06 13:00:00+00:00,22952.633426244756
2030-08-06 14:00:00+00:00,23213.944761852337
2030-08-06 15:00:00+00:00,23201.95258938752
2030-08-06 16:00:00+00:00,22371.14055785986
2030-08-06 17:00:00+00:00,21078.275869701756
2030-08-06 18:00:00+00:00,20020.64371995698
2030-08-06 19:00:00+00:00,19486.79245678698
2030-08-06 20:00:00+00:00,19291.540056088346
2030-08-06 21:00:00+00:00,18574.808072163658
2030-08-06 22:00:00+00:00,17959.306296731458
2030-08-06 23:00:00+00:00,17596.319730216845
2030-08-07 00:00:00+00:00,17465.47338139377
2030-08-07 01:00:00+00:00,17459.095252435513
2030-08-07 02:00:00+00:00,17720.97457742456
2030-08-07 03:00:00+00:00,18780.594072910124
2030-08-07 04:00:00+00:00,20643.525821677846
2030-08-07 05:00:00+00:00,22370.04848778479
2030-08-07 06:00:00+00:00,22583.388471188297
2030-08-07 07:00:00+00:00,22456.44748007926
2030-08-07 08:00:00+00:00,22360.644097810506
2030-08-07 09:00:00+00:00,22553.187218808667
2030-08-07 10:00:00+00:00,22566.228309273087
2030-08-07 11:00:00+00:00,22765.182731249708
2030-08-07 12:00:00+00:00,22939.192013924123
2030-08-07 13:00:00+00:00,23206.20559503363
2030-08-07 14:00:00+00:00,23624.081983234773
2030-08-07 15:00:00+00:00,23522.266608448193
2030-08-07 16:00:00+00:00,22732.861347837053
2030-08-07 17:00:00+00:00,21435.645095961157
2030-08-07 18:00:00+00:00,20382.698144556773
2030-08-07 19:00:00+00:00,19763.63402132905
2030-08-07 20:00:00+00:00,19364.695557038543
2030-08-07 21:00:00+00:00,18695.854741399733
2030-08-07 22:00:00+00:00,18008.74887947638
2030-08-07 23:00:00+00:00,17679.513838839615
2030-08-08 00:00:00+00:00,17508.720654913475
2030-08-08 01:00:00+00:00,17503.542488050945
2030-08-08 02:00:00+00:00,17748.959633532028
2030-08-08 03:00:00+00:00,18781.80474066897
2030-08-08 04:00:00+00:00,20506.799843064244
2030-08-08 05:00:00+00:00,22232.23270741614
2030-08-08 06:00:00+00:00,22520.2501525138
2030-08-08 07:00:00+00:00,22449.943671116216
2030-08-08 08:00:00+00:00,22490.65525533956
2030-08-08 09:00:00+00:00,22526.631098750524
2030-08-08 10:00:00+00:00,22731.567591372153
2030-08-08 11:00:00+00:00,22724.535795572636
2030-08-08 12:00:00+00:00,22808.03260323675
2030-08-08 13:00:00+00:00,23227.975280734503
2030-08-08 14:00:00+00:00,23425.05741172335
2030-08-08 15:00:00+00:00,23437.075034095014
2030-08-08 16:00:00+00:00,22810.08528262298
2030-08-08 17:00:00+00:00,21553.62536224938
2030-08-08 18:00:00+00:00,20365.590324562316
2030-08-08 19:00:00+00:00,19804.6038131328
2030-08-08 20:00:00+00:00,19505.483876357648
2030-08-08 21:00:00+00:00,18798.367413748765
2030-08-08 22:00:00+00:00,18095.90601188993
2030-08-08 23:00:00+00:00,17742.234471713757
2030-08-09 00:00:00+00:00,17543.97740836969
2030-08-09 01:00:00+00:00,17551.341752925688
2030-08-09 02:00:00+00:00,17761.282255642476
2030-08-09 03:00:00+00:00,18722.30054056784
2030-08-09 04:00:00+00:00,20382.86337398737
2030-08-09 05:00:00+00:00,21919.422033378065
2030-08-09 06:00:00+00:00,22227.2765774704
2030-08-09 07:00:00+00:00,22310.232923220236
2030-08-09 08:00:00+00:00,22611.66114171857
2030-08-09 09:00:00+00:00,22924.45232146264
2030-08-09 10:00:00+00:00,23192.583465322285
2030-08-09 11:00:00+00:00,23598.8677062895
2030-08-09 12:00:00+00:00,23690.53154148752
2030-08-09 13:00:00+00:00,23778.269551163117
2030-08-09 14:00:00+00:00,23648.779756710315
2030-08-09 15:00:00+00:00,23254.26242199469
2030-08-09 16:00:00+00:00,22706.163824963576
2030-08-09 17:00:00+00:00,21626.193041879775
2030-08-09 18:00:00+00:00,20583.074974888943
2030-08-09 19:00:00+00:00,19965.791145764048
2030-08-09 20:00:00+00:00,19608.628869526936
2030-08-09 21:00:00+00:00,18961.970381049934
2030-08-09 22:00:00+00:00,18283.290946358866
2030-08-09 23:00:00+00:00,17841.813369618398
2030-08-10 00:00:00+00:00,17637.194802511793
2030-08-10 01:00:00+00:00,17505.680399617835
2030-08-10 02:00:00+00:00,17555.73092332218
2030-08-10 03:00:00+00:00,17839.216634709188
2030-08-10 04:00:00+00:00,18159.53618996255
2030-08-10 05:00:00+00:00,18912.089006062517
2030-08-10 06:00:00+00:00,19921.397361024647
2030-08-10 07:00:00+00:00,21130.680248977435
2030-08-10 08:00:00+00:00,21885.976150988634
2030-08-10 09:00:00+00:00,22093.948872704474
2030-08-10 10:00:00+00:00,21968.81764312744
2030-08-10 11:00:00+00:00,22027.778636739702
2030-08-10 12:00:00+00:00,21926.364605024963
2030-08-10 13:00:00+00:00,21538.513445130982
2030-08-10 14:00:00+00:00,21188.02853995422
2030-08-10 15:00:00+00:00,21067.012537794235
2030-08-10 16:00:00+00:00,20813.942162584066
2030-08-10 17:00:00+00:00,20142.57003190555
2030-08-10 18:00:00+00:00,19505.423177408215
2030-08-10 19:00:00+00:00,19114.985505778168
2030-08-10 20:00:00+00:00,18936.272414278057
2030-08-10 21:00:00+00:00,18555.135461303
2030-08-10 22:00:00+00:00,18046.738829356993
2030-08-10 23:00:00+00:00,17641.609409205168
2030-08-11 00:00:00+00:00,17289.640908602705
2030-08-11 01:00:00+00:00,17140.844059710133
2030-08-11 02:00:00+00:00,17106.330874591782
2030-08-11 03:00:00+00:00,17226.90832906466
2030-08-11 04:00:00+00:00,17327.420129503498
2030-08-11 05:00:00+00:00,17615.784442232107
2030-08-11 06:00:00+00:00,18277.924939703098
2030-08-11 07:00:00+00:00,19399.532042878516
2030-08-11 08:00:00+00:00,20400.439556008423
2030-08-11 09:00:00+00:00,21149.460535913287
2030-08-11 10:00:00+00:00,21260.75919190021
2030-08-11 11:00:00+00:00,21470.162939734513
2030-08-11 12:00:00+00:00,21356.025835557775
2030-08-11 13:00:00+00:00,21254.780027146662
2030-08-11 14:00:00+00:00,21143.24181470401
2030-08-11 15:00:00+00:00,21399.72722778003
2030-08-11 16:00:00+00:00,21345.54325927875
2030-08-11 17:00:00+00:00,20793.549212315727
2030-08-11 18:00:00+00:00,20053.740251070474
2030-08-11 19:00:00+00:00,19525.462547545725
2030-08-11 20:00:00+00:00,19060.657082510766
2030-08-11 21:00:00+00:00,18378.43754693683
2030-08-11 22:00:00+00:00,17691.839002023014
2030-08-11 23:00:00+00:00,17446.52135890175
2030-08-12 00:00:00+00:00,17258.829873242485
2030-08-12 01:00:00+00:00,17325.9899634299
2030-08-12 02:00:00+00:00,17728.16961245947
2030-08-12 03:00:00+00:00,18977.669128978796
2030-08-12 04:00:00+00:00,20923.74210381298
2030-08-12 05:00:00+00:00,22408.961448218928
2030-08-12 06:00:00+00:00,22689.592059532948
2030-08-12 07:00:00+00:00,22482.595276735414
2030-08-12 08:00:00+00:00,22560.511014403066
2030-08-12 09:00:00+00:00,22499.313361973956
2030-08-12 10:00:00+00:00,22425.717978455734
2030-08-12 11:00:00+00:00,22457.72418258152
2030-08-12 12:00:00+00:00,22491.446187241378
2030-08-12 13:00:00+00:00,22782.33790948414
2030-08-12 14:00:00+00:00,23337.725251585845
2030-08-12 15:00:00+00:00,23089.629891357195
2030-08-12 16:00:00+00:00,22324.035104354163
2030-08-12 17:00:00+00:00,21198.711485025528
2030-08-12 18:00:00+00:00,20262.909132662327
2030-08-12 19:00:00+00:00,19736.42681988931
2030-08-12 20:00:00+00:00,19328.76423615557
2030-08-12 21:00:00+00:00,18609.927662544404
2030-08-12 22:00:00+00:00,17974.517009081275
2030-08-12 23:00:00+00:00,17702.324819681446
2030-08-13 00:00:00+00:00,17653.76335288444
2030-08-13 01:00:00+00:00,17661.274193168174
2030-08-13 02:00:00+00:00,17930.021984885352
2030-08-13 03:00:00+00:00,19103.787234319265
2030-08-13 04:00:00+00:00,21066.623110001226
2030-08-13 05:00:00+00:00,22723.590682980855
2030-08-13 06:00:00+00:00,22989.71183043162
2030-08-13 07:00:00+00:00,22639.332899602912
2030-08-13 08:00:00+00:00,22408.77796669765
2030-08-13 09:00:00+00:00,22528.091054714936
2030-08-13 10:00:00+00:00,22587.330288675417
2030-08-13 11:00:00+00:00,22754.09618772221
2030-08-13 12:00:00+00:00,22753.2497722371
2030-08-13 13:00:00+00:00,22923.1213088663
2030-08-13 14:00:00+00:00,23431.115377379956
2030-08-13 15:00:00+00:00,23369.543288735138
2030-08-13 16:00:00+00:00,22590.946113993323
2030-08-13 17:00:00+00:00,21335.88895623975
2030-08-13 18:00:00+00:00,20378.51187642685
2030-08-13 19:00:00+00:00,19880.955620356588
2030-08-13 20:00:00+00:00,19479.397694076008
2030-08-13 21:00:00+00:00,18784.810851151648
2030-08-13 22:00:00+00:00,18165.251976048512
2030-08-13 23:00:00+00:00,17831.36925796069
2030-08-14 00:00:00+00:00,17640.519885012116
2030-08-14 01:00:00+00:00,17615.874214451593
2030-08-14 02:00:00+00:00,17908.28706364823
2030-08-14 03:00:00+00:00,19052.859725906204
2030-08-14 04:00:00+00:00,21019.65818254858
2030-08-14 05:00:00+00:00,22706.095666779966
2030-08-14 06:00:00+00:00,22864.2488460438
2030-08-14 07:00:00+00:00,22784.04489430486
2030-08-14 08:00:00+00:00,22630.14307367204
2030-08-14 09:00:00+00:00,22603.00449473161
2030-08-14 10:00:00+00:00,22619.68457894083
2030-08-14 11:00:00+00:00,22611.542923975194
2030-08-14 12:00:00+00:00,22755.112947747002
2030-08-14 13:00:00+00:00,23144.108488842998
2030-08-14 14:00:00+00:00,23749.928750109913
2030-08-14 15:00:00+00:00,23453.816935770967
2030-08-14 16:00:00+00:00,22731.089750214192
2030-08-14 17:00:00+00:00,21478.92957366926
2030-08-14 18:00:00+00:00,20459.396200541658
2030-08-14 19:00:00+00:00,19943.26304695
2030-08-14 20:00:00+00:00,19636.19046864316
2030-08-14 21:00:00+00:00,18893.865386790778
2030-08-14 22:00:00+00:00,18157.233123892358
2030-08-14 23:00:00+00:00,17817.318214695675
2030-08-15 00:00:00+00:00,17470.946907612717
2030-08-15 01:00:00+00:00,17428.989599279303
2030-08-15 02:00:00+00:00,17623.593662245996
2030-08-15 03:00:00+00:00,18487.673248778054
2030-08-15 04:00:00+00:00,20025.8467220946
2030-08-15 05:00:00+00:00,21340.021152303223
2030-08-15 06:00:00+00:00,21482.02722569623
2030-08-15 07:00:00+00:00,21362.528189735927
2030-08-15 08:00:00+00:00,21332.4118021665
2030-08-15 09:00:00+00:00,21423.302313693806
2030-08-15 10:00:00+00:00,21556.648801924206
2030-08-15 11:00:00+00:00,21603.063763003895
2030-08-15 12:00:00+00:00,21743.699452991114
2030-08-15 13:00:00+00:00,22165.406636014104
2030-08-15 14:00:00+00:00,22588.575057592465
2030-08-15 15:00:00+00:00,22368.07026332725
2030-08-15 16:00:00+00:00,21966.74681107766
2030-08-15 17:00:00+00:00,20920.924951099434
2030-08-15 18:00:00+00:00,19864.096615177477
2030-08-15 19:00:00+00:00,19427.90192077959
2030-08-15 20:00:00+00:00,19160.48888463599
2030-08-15 21:00:00+00:00,18496.25625369032
2030-08-15 22:00:00+00:00,17843.616052144804
2030-08-15 23:00:00+00:00,17488.885548958
2030-08-16 00:00:00+00:00,17300.52904605286
2030-08-16 01:00:00+00:00,17260.541912103257
2030-08-16 02:00:00+00:00,17479.746834527665
2030-08-16 03:00:00+00:00,18399.5899207525
2030-08-16 04:00:00+00:00,19982.4345666248
2030-08-16 05:00:00+00:00,21332.67545189564
2030-08-16 06:00:00+00:00,21579.281887920948
2030-08-16 07:00:00+00:00,21738.927041250507
2030-08-16 08:00:00+00:00,21974.474941828
2030-08-16 09:00:00+00:00,22308.88310088985
2030-08-16 10:00:00+00:00,22782.375548268345
2030-08-16 11:00:00+00:00,23039.914383929918
2030-08-16 12:00:00+00:00,23147.533608624402
2030-08-16 13:00:00+00:00,23196.669869518257
2030-08-16 14:00:00+00:00,23233.424939818804
2030-08-16 15:00:00+00:00,23085.444107322557
2030-08-16 16:00:00+00:00,22517.78729090869
2030-08-16 17:00:00+00:00,21509.8731055508
2030-08-16 18:00:00+00:00,20535.20880639958
2030-08-16 19:00:00+00:00,19951.379826218854
2030-08-16 20:00:00+00:00,19560.762701037576
2030-08-16 21:00:00+00:00,18960.426311098665
2030-08-16 22:00:00+00:00,18228.733808080677
2030-08-16 23:00:00+00:00,17805.27038077169
2030-08-17 00:00:00+00:00,17540.882846999455
2030-08-17 01:00:00+00:00,17415.68084044884
2030-08-17 02:00:00+00:00,17474.854039593538
2030-08-17 03:00:00+00:00,17777.738260327482
2030-08-17 04:00:00+00:00,18196.27719023777
2030-08-17 05:00:00+00:00,18937.39306247564
2030-08-17 06:00:00+00:00,19917.40589200981
2030-08-17 07:00:00+00:00,21031.86286613136
2030-08-17 08:00:00+00:00,21712.81499228051
2030-08-17 09:00:00+00:00,22021.16596579898
2030-08-17 10:00:00+00:00,21995.18510615368
2030-08-17 11:00:00+00:00,21972.93611400727
2030-08-17 12:00:00+00:00,21948.6975555887
2030-08-17 13:00:00+00:00,21584.885377531897
2030-08-17 14:00:00+00:00,21480.721010055353
2030-08-17 15:00:00+00:00,21309.001555369898
2030-08-17 16:00:00+00:00,20987.41908420542
2030-08-17 17:00:00+00:00,20411.1805237024
2030-08-17 18:00:00+00:00,19741.18647739758
2030-08-17 19:00:00+00:00,19361.95261759262
2030-08-17 20:00:00+00:00,18966.164727988024
2030-08-17 21:00:00+00:00,18558.062097708815
2030-08-17 22:00:00+00:00,18033.0226168294
2030-08-17 23:00:00+00:00,17683.446512949045
2030-08-18 00:00:00+00:00,17319.53655268973
2030-08-18 01:00:00+00:00,17193.876464004043
2030-08-18 02:00:00+00:00,17159.23739815107
2030-08-18 03:00:00+00:00,17265.95896547336
2030-08-18 04:00:00+00:00,17400.13693449765
2030-08-18 05:00:00+00:00,17701.43233004279
2030-08-18 06:00:00+00:00,18409.040498331466
2030-08-18 07:00:00+00:00,19504.91801977458
2030-08-18 08:00:00+00:00,20548.955571576225
2030-08-18 09:00:00+00:00,21399.99816974405
2030-08-18 10:00:00+00:00,21678.96095295755
2030-08-18 11:00:00+00:00,21575.580729292527
2030-08-18 12:00:00+00:00,21746.03826475073
2030-08-18 13:00:00+00:00,21452.623844257832
2030-08-18 14:00:00+00:00,21442.157822837973
2030-08-18 15:00:00+00:00,21477.470095101566
2030-08-18 16:00:00+00:00,21429.834519583066
2030-08-18 17:00:00+00:00,20901.380014687224
2030-08-18 18:00:00+00:00,20107.657500967307
2030-08-18 19:00:00+00:00,19578.98906289009
2030-08-18 20:00:00+00:00,19023.640211007405
2030-08-18 21:00:00+00:00,18336.54333009318
2030-08-18 22:00:00+00:00,17739.32951689976
2030-08-18 23:00:00+00:00,17471.516951973023
2030-08-19 00:00:00+00:00,17290.40954124246
2030-08-19 01:00:00+00:00,17379.41902121647
2030-08-19 02:00:00+00:00,17787.470080147483
2030-08-19 03:00:00+00:00,19041.116803493485
2030-08-19 04:00:00+00:00,21004.307231160627
2030-08-19 05:00:00+00:00,22515.9148206306
2030-08-19 06:00:00+00:00,22617.60654002619
2030-08-19 07:00:00+00:00,22435.570502849576
2030-08-19 08:00:00+00:00,22496.730488837497
2030-08-19 09:00:00+00:00,22556.7143439762
2030-08-19 10:00:00+00:00,22372.619286702044
2030-08-19 11:00:00+00:00,22622.450540273046
2030-08-19 12:00:00+00:00,22904.265086746167
2030-08-19 13:00:00+00:00,22896.726656047693
2030-08-19 14:00:00+00:00,23357.66783522231
2030-08-19 15:00:00+00:00,23249.281490305195
2030-08-19 16:00:00+00:00,22404.303213921343
2030-08-19 17:00:00+00:00,21150.78110814076
2030-08-19 18:00:00+00:00,20097.286197788348
2030-08-19 19:00:00+00:00,19645.658682130317
2030-08-19 20:00:00+00:00,19326.50914548419
2030-08-19 21:00:00+00:00,18633.410465992176
2030-08-19 22:00:00+00:00,18033.24667966772
2030-08-19 23:00:00+00:00,17738.65204500587
2030-08-20 00:00:00+00:00,17671.9129652414
2030-08-20 01:00:00+00:00,17698.7266313843
2030-08-20 02:00:00+00:00,17994.16088385633
2030-08-20 03:00:00+00:00,19154.579262351144
2030-08-20 04:00:00+00:00,21165.41057938284
2030-08-20 05:00:00+00:00,22852.860294130176
2030-08-20 06:00:00+00:00,23030.963727433256
2030-08-20 07:00:00+00:00,22712.172462347095
2030-08-20 08:00:00+00:00,22540.934744060603
2030-08-20 09:00:00+00:00,22520.177879505103
2030-08-20 10:00:00+00:00,22648.45376502499
2030-08-20 11:00:00+00:00,22635.03266451392
2030-08-20 12:00:00+00:00,22906.48590990752
2030-08-20 13:00:00+00:00,23278.12853529154
2030-08-20 14:00:00+00:00,23643.559433781404
2030-08-20 15:00:00+00:00,23547.95488981628
2030-08-20 16:00:00+00:00,22794.396010778746
2030-08-20 17:00:00+00:00,21549.846973303596
2030-08-20 18:00:00+00:00,20471.61653011139
2030-08-20 19:00:00+00:00,19987.654068830918
2030-08-20 20:00:00+00:00,19614.545324444716
2030-08-20 21:00:00+00:00,18877.10948571769
2030-08-20 22:00:00+00:00,18172.176508245997
2030-08-20 23:00:00+00:00,17832.81028266257
2030-08-21 00:00:00+00:00,17569.920909506392
2030-08-21 01:00:00+00:00,17582.26764039255
2030-08-21 02:00:00+00:00,17842.78382135738
2030-08-21 03:00:00+00:00,18902.641298394927
2030-08-21 04:00:00+00:00,20876.548600135327
2030-08-21 05:00:00+00:00,22579.159637413188
2030-08-21 06:00:00+00:00,22812.38821475201
2030-08-21 07:00:00+00:00,22647.16700507039
2030-08-21 08:00:00+00:00,22570.73153828838
2030-08-21 09:00:00+00:00,22667.407222741887
2030-08-21 10:00:00+00:00,22687.067011584422
2030-08-21 11:00:00+00:00,22847.352510044573
2030-08-21 12:00:00+00:00,23051.727217069747
2030-08-21 13:00:00+00:00,23325.992035502426
2030-08-21 14:00:00+00:00,23792.387444326156
2030-08-21 15:00:00+00:00,23677.846069348896
2030-08-21 16:00:00+00:00,22932.82764146545
2030-08-21 17:00:00+00:00,21734.491473879963
2030-08-21 18:00:00+00:00,20609.414282151916
2030-08-21 19:00:00+00:00,20074.918436837044
2030-08-21 20:00:00+00:00,19625.963543721555
2030-08-21 21:00:00+00:00,18967.267958865745
2030-08-21 22:00:00+00:00,18258.756989506586
2030-08-21 23:00:00+00:00,17900.26892314198
2030-08-22 00:00:00+00:00,17651.0884019275
2030-08-22 01:00:00+00:00,17707.436880491583
2030-08-22 02:00:00+00:00,17991.597000631904
2030-08-22 03:00:00+00:00,19030.671181641173
2030-08-22 04:00:00+00:00,20972.36160222283
2030-08-22 05:00:00+00:00,22586.085602977746
2030-08-22 06:00:00+00:00,22845.440992667238
2030-08-22 07:00:00+00:00,22712.045327145508
2030-08-22 08:00:00+00:00,22685.53176946237
2030-08-22 09:00:00+00:00,22791.348290518614
2030-08-22 10:00:00+00:00,22901.533729479976
2030-08-22 11:00:00+00:00,23060.66579700234
2030-08-22 12:00:00+00:00,23224.977226242365
2030-08-22 13:00:00+00:00,23541.687652579025
2030-08-22 14:00:00+00:00,23985.958363491405
2030-08-22 15:00:00+00:00,23868.39156597748
2030-08-22 16:00:00+00:00,23158.25412347399
2030-08-22 17:00:00+00:00,21967.289688076435
2030-08-22 18:00:00+00:00,20860.021733746325
2030-08-22 19:00:00+00:00,20348.682301719997
2030-08-22 20:00:00+00:00,19769.8818254037
2030-08-22 21:00:00+00:00,18978.00607848642
2030-08-22 22:00:00+00:00,18344.924096323644
2030-08-22 23:00:00+00:00,17916.078235475907
2030-08-23 00:00:00+00:00,17703.53130333421
2030-08-23 01:00:00+00:00,17704.719368085127
2030-08-23 02:00:00+00:00,17954.290999551165
2030-08-23 03:00:00+00:00,18975.52801257604
2030-08-23 04:00:00+00:00,20792.0419110738
2030-08-23 05:00:00+00:00,22422.78883749194
2030-08-23 06:00:00+00:00,22578.29514639234
2030-08-23 07:00:00+00:00,22737.940299721897
2030-08-23 08:00:00+00:00,22901.94629255724
2030-08-23 09:00:00+00:00,23353.70376791557
2030-08-23 10:00:00+00:00,23728.890428396575
2030-08-23 11:00:00+00:00,23909.74045647843
2030-08-23 12:00:00+00:00,24026.10941089677
2030-08-23 13:00:00+00:00,24088.627611368298
2030-08-23 14:00:00+00:00,23928.256417890105
2030-08-23 15:00:00+00:00,23621.236380413087
2030-08-23 16:00:00+00:00,23026.30099486012
2030-08-23 17:00:00+00:00,21971.550020980398
2030-08-23 18:00:00+00:00,20837.33182686466
2030-08-23 19:00:00+00:00,20258.135056537743
2030-08-23 20:00:00+00:00,19770.756214410238
2030-08-23 21:00:00+00:00,19141.597185380953
2030-08-23 22:00:00+00:00,18463.432440673645
2030-08-23 23:00:00+00:00,18022.46955391694
2030-08-24 00:00:00+00:00,17708.57508550554
2030-08-24 01:00:00+00:00,17560.773426586667
2030-08-24 02:00:00+00:00,17617.518424143065
2030-08-24 03:00:00+00:00,17903.659242602447
2030-08-24 04:00:00+00:00,18287.777117480506
2030-08-24 05:00:00+00:00,19077.22213535248
2030-08-24 06:00:00+00:00,20177.633650864183
2030-08-24 07:00:00+00:00,21316.758509763084
2030-08-24 08:00:00+00:00,22232.373017097365
2030-08-24 09:00:00+00:00,22493.343598943884
2030-08-24 10:00:00+00:00,22559.474778656087
2030-08-24 11:00:00+00:00,22476.99642831328
2030-08-24 12:00:00+00:00,22425.47956197766
2030-08-24 13:00:00+00:00,21965.94605376534
2030-08-24 14:00:00+00:00,21619.393502423838
2030-08-24 15:00:00+00:00,21501.747740723138
2030-08-24 16:00:00+00:00,21232.173489459514
2030-08-24 17:00:00+00:00,20466.54419134697
2030-08-24 18:00:00+00:00,19797.569063297255
2030-08-24 19:00:00+00:00,19361.133764410035
2030-08-24 20:00:00+00:00,18966.249358624882
2030-08-24 21:00:00+00:00,18594.03777870313
2030-08-24 22:00:00+00:00,18009.743394147816
2030-08-24 23:00:00+00:00,17593.786984557024
2030-08-25 00:00:00+00:00,17290.202868832563
2030-08-25 01:00:00+00:00,17168.62944289633
2030-08-25 02:00:00+00:00,17202.856719291125
2030-08-25 03:00:00+00:00,17319.974743200313
2030-08-25 04:00:00+00:00,17512.87469343828
2030-08-25 05:00:00+00:00,17933.115861701914
2030-08-25 06:00:00+00:00,18644.11022412547
2030-08-25 07:00:00+00:00,19648.822280598462
2030-08-25 08:00:00+00:00,20639.878270370897
2030-08-25 09:00:00+00:00,21405.207387693194
2030-08-25 10:00:00+00:00,21554.806213249267
2030-08-25 11:00:00+00:00,21646.99033464988
2030-08-25 12:00:00+00:00,21594.61284154893
2030-08-25 13:00:00+00:00,21457.204448256103
2030-08-25 14:00:00+00:00,21399.3329348318
2030-08-25 15:00:00+00:00,21522.132449013596
2030-08-25 16:00:00+00:00,21509.33907820432
2030-08-25 17:00:00+00:00,20996.276313942584
2030-08-25 18:00:00+00:00,20264.830027967128
2030-08-25 19:00:00+00:00,19714.77036382512
2030-08-25 20:00:00+00:00,19052.830529815772
2030-08-25 21:00:00+00:00,18391.843680003687
2030-08-25 22:00:00+00:00,17802.32402241428
2030-08-25 23:00:00+00:00,17517.165074250217
2030-08-26 00:00:00+00:00,17376.82308381037
2030-08-26 01:00:00+00:00,17454.406454602817
2030-08-26 02:00:00+00:00,17867.38951252808
2030-08-26 03:00:00+00:00,19135.19008320098
2030-08-26 04:00:00+00:00,21153.65089120676
2030-08-26 05:00:00+00:00,22830.484414642528
2030-08-26 06:00:00+00:00,22973.117828618608
2030-08-26 07:00:00+00:00,22802.551465754215
2030-08-26 08:00:00+00:00,22735.743632854086
2030-08-26 09:00:00+00:00,22838.44807478094
2030-08-26 10:00:00+00:00,22733.029338053402
2030-08-26 11:00:00+00:00,22717.801620696726
2030-08-26 12:00:00+00:00,22914.67275519285
2030-08-26 13:00:00+00:00,23314.433515724966
2030-08-26 14:00:00+00:00,23675.055470253537
2030-08-26 15:00:00+00:00,23598.1575525598
2030-08-26 16:00:00+00:00,22836.380995239782
2030-08-26 17:00:00+00:00,21690.307481967564
2030-08-26 18:00:00+00:00,20666.057771807213
2030-08-26 19:00:00+00:00,20014.977138115373
2030-08-26 20:00:00+00:00,19400.942939967546
2030-08-26 21:00:00+00:00,18736.345188243435
2030-08-26 22:00:00+00:00,18145.466391052905
2030-08-26 23:00:00+00:00,17822.30359955146
2030-08-27 00:00:00+00:00,17614.970009563378
2030-08-27 01:00:00+00:00,17619.830931147153
2030-08-27 02:00:00+00:00,17908.808191037155
2030-08-27 03:00:00+00:00,19030.007359627576
2030-08-27 04:00:00+00:00,21121.4755933346
2030-08-27 05:00:00+00:00,22917.95514586147
2030-08-27 06:00:00+00:00,23086.648868666456
2030-08-27 07:00:00+00:00,22810.280379325366
2030-08-27 08:00:00+00:00,22729.728923375365
2030-08-27 09:00:00+00:00,22742.317686356433
2030-08-27 10:00:00+00:00,22643.4973844248
2030-08-27 11:00:00+00:00,22785.18528945114
2030-08-27 12:00:00+00:00,23126.17448131892
2030-08-27 13:00:00+00:00,23346.169159585133
2030-08-27 14:00:00+00:00,23639.012124661942
2030-08-27 15:00:00+00:00,23583.92456269338
2030-08-27 16:00:00+00:00,22851.02477884712
2030-08-27 17:00:00+00:00,21608.14349544495
2030-08-27 18:00:00+00:00,20584.923329415786
2030-08-27 19:00:00+00:00,20026.0181247091
2030-08-27 20:00:00+00:00,19522.90111606073
2030-08-27 21:00:00+00:00,18840.5173777933
2030-08-27 22:00:00+00:00,18208.76314087356
2030-08-27 23:00:00+00:00,17818.066018888177
2030-08-28 00:00:00+00:00,17690.04253665043
2030-08-28 01:00:00+00:00,17669.751136009534
2030-08-28 02:00:00+00:00,17948.09160415943
2030-08-28 03:00:00+00:00,19079.62453987484
2030-08-28 04:00:00+00:00,21116.10158766622
2030-08-28 05:00:00+00:00,22789.936533948603
2030-08-28 06:00:00+00:00,22980.707273958553
2030-08-28 07:00:00+00:00,22674.170900186622
2030-08-28 08:00:00+00:00,22589.736874100756
2030-08-28 09:00:00+00:00,22792.390494022715
2030-08-28 10:00:00+00:00,22833.880833961157
2030-08-28 11:00:00+00:00,22813.744955157177
2030-08-28 12:00:00+00:00,23173.03599463971
2030-08-28 13:00:00+00:00,23489.69529020935
2030-08-28 14:00:00+00:00,23927.32902135581
2030-08-28 15:00:00+00:00,23807.19988098635
2030-08-28 16:00:00+00:00,22989.610012608144
2030-08-28 17:00:00+00:00,21644.83555340506
2030-08-28 18:00:00+00:00,20650.182786306683
2030-08-28 19:00:00+00:00,20071.486195491318
2030-08-28 20:00:00+00:00,19622.579065318547
2030-08-28 21:00:00+00:00,18931.782689037704
2030-08-28 22:00:00+00:00,18277.596548930862
2030-08-28 23:00:00+00:00,17863.358523497544
2030-08-29 00:00:00+00:00,17682.48449093664
2030-08-29 01:00:00+00:00,17680.673001336243
2030-08-29 02:00:00+00:00,17924.172612759805
2030-08-29 03:00:00+00:00,19006.995442388376
2030-08-29 04:00:00+00:00,20980.081951979173
2030-08-29 05:00:00+00:00,22706.523059176776
2030-08-29 06:00:00+00:00,22927.791390068283
2030-08-29 07:00:00+00:00,22708.95718724297
2030-08-29 08:00:00+00:00,22752.956157334473
2030-08-29 09:00:00+00:00,22932.373346067903
2030-08-29 10:00:00+00:00,22960.723077611976
2030-08-29 11:00:00+00:00,23122.42859505312
2030-08-29 12:00:00+00:00,23250.197035446436
2030-08-29 13:00:00+00:00,23592.641960970912
2030-08-29 14:00:00+00:00,23961.767934254847
2030-08-29 15:00:00+00:00,23785.52647859269
2030-08-29 16:00:00+00:00,23122.22582461104
2030-08-29 17:00:00+00:00,21846.337541893652
2030-08-29 18:00:00+00:00,20847.669174136176
2030-08-29 19:00:00+00:00,20295.154543409317
2030-08-29 20:00:00+00:00,19802.30729438036
2030-08-29 21:00:00+00:00,19001.68181773922
2030-08-29 22:00:00+00:00,18353.159136063754
2030-08-29 23:00:00+00:00,17934.092384907388
2030-08-30 00:00:00+00:00,17733.383322392092
2030-08-30 01:00:00+00:00,17713.469097808986
2030-08-30 02:00:00+00:00,17954.290999551165
2030-08-30 03:00:00+00:00,18954.42572324202
2030-08-30 04:00:00+00:00,20812.11482044031
2030-08-30 05:00:00+00:00,22461.905276257425
2030-08-30 06:00:00+00:00,22582.412666262386
2030-08-30 07:00:00+00:00,22657.648662255877
2030-08-30 08:00:00+00:00,22874.66772341815
2030-08-30 09:00:00+00:00,23281.64717018966
2030-08-30 10:00:00+00:00,23639.334371222936
2030-08-30 11:00:00+00:00,23916.94611625102
2030-08-30 12:00:00+00:00,23910.30416455155
2030-08-30 13:00:00+00:00,24038.702682943916
2030-08-30 14:00:00+00:00,23910.756958442373
2030-08-30 15:00:00+00:00,23604.251610949115
2030-08-30 16:00:00+00:00,23021.668785006314
2030-08-30 17:00:00+00:00,21892.28776348189
2030-08-30 18:00:00+00:00,21044.75189031853
2030-08-30 19:00:00+00:00,20413.571431632205
2030-08-30 20:00:00+00:00,19895.311190479308
2030-08-30 21:00:00+00:00,19284.1663108815
2030-08-30 22:00:00+00:00,18613.207225946797
2030-08-30 23:00:00+00:00,18097.614291545393
2030-08-31 00:00:00+00:00,17829.70416251846
2030-08-31 01:00:00+00:00,17691.089168298182
2030-08-31 02:00:00+00:00,17684.109828958077
2030-08-31 03:00:00+00:00,18022.35039288689
2030-08-31 04:00:00+00:00,18423.92193171388
2030-08-31 05:00:00+00:00,19057.17099454515
2030-08-31 06:00:00+00:00,20163.833396000704
2030-08-31 07:00:00+00:00,21475.552990603515
2030-08-31 08:00:00+00:00,22346.111729738095
2030-08-31 09:00:00+00:00,22693.745458402584
2030-08-31 10:00:00+00:00,22553.389492671722
2030-08-31 11:00:00+00:00,22405.889756372824
2030-08-31 12:00:00+00:00,22298.288518263435
2030-08-31 13:00:00+00:00,21952.6962254755
2030-08-31 14:00:00+00:00,21637.98073733439
2030-08-31 15:00:00+00:00,21395.22035294765
2030-08-31 16:00:00+00:00,21061.86159676941
2030-08-31 17:00:00+00:00,20370.811126463967
2030-08-31 18:00:00+00:00,19764.468581256708
2030-08-31 19:00:00+00:00,19370.81823308139
2030-08-31 20:00:00+00:00,19031.641044057174
2030-08-31 21:00:00+00:00,18623.81955415814
2030-08-31 22:00:00+00:00,18033.755870678226
2030-08-31 23:00:00+00:00,17705.214973832906
2030-09-01 00:00:00+00:00,17936.944385358252
2030-09-01 01:00:00+00:00,17855.18869178106
2030-09-01 02:00:00+00:00,18022.423725478966
2030-09-01 03:00:00+00:00,18475.97175331284
2030-09-01 04:00:00+00:00,18670.918641019838
2030-09-01 05:00:00+00:00,18828.459327922414
2030-09-01 06:00:00+00:00,19456.450000230074
2030-09-01 07:00:00+00:00,20461.895654503147
2030-09-01 08:00:00+00:00,21439.97641352619
2030-09-01 09:00:00+00:00,22120.610085390865
2030-09-01 10:00:00+00:00,22275.34447366477
2030-09-01 11:00:00+00:00,22316.794182044672
2030-09-01 12:00:00+00:00,22403.19173624343
2030-09-01 13:00:00+00:00,22297.425994078978
2030-09-01 14:00:00+00:00,22324.525541789204
2030-09-01 15:00:00+00:00,22504.025964278942
2030-09-01 16:00:00+00:00,22439.256823554995
2030-09-01 17:00:00+00:00,22013.95374913726
2030-09-01 18:00:00+00:00,21473.885833920856
2030-09-01 19:00:00+00:00,20739.852521504054
2030-09-01 20:00:00+00:00,19967.322474439155
2030-09-01 21:00:00+00:00,19082.35390713435
2030-09-01 22:00:00+00:00,18392.969196252707
2030-09-01 23:00:00+00:00,18173.91877705061
2030-09-02 00:00:00+00:00,17477.119731300838
2030-09-02 01:00:00+00:00,17567.317597912017
2030-09-02 02:00:00+00:00,18001.503581538418
2030-09-02 03:00:00+00:00,19373.793451719263
2030-09-02 04:00:00+00:00,21432.79608316145
2030-09-02 05:00:00+00:00,22985.980704349433
2030-09-02 06:00:00+00:00,22969.574488269445
2030-09-02 07:00:00+00:00,22677.857955285566
2030-09-02 08:00:00+00:00,22611.4305940014
2030-09-02 09:00:00+00:00,22745.60089263359
2030-09-02 10:00:00+00:00,22698.271518090667
2030-09-02 11:00:00+00:00,22616.692055943287
2030-09-02 12:00:00+00:00,22725.007810881925
2030-09-02 13:00:00+00:00,23070.200339281317
2030-09-02 14:00:00+00:00,23427.73280994698
2030-09-02 15:00:00+00:00,23405.45966148522
2030-09-02 16:00:00+00:00,22773.055925521297
2030-09-02 17:00:00+00:00,21532.58181416862
2030-09-02 18:00:00+00:00,20718.224376566734
2030-09-02 19:00:00+00:00,20116.84494804546
2030-09-02 20:00:00+00:00,19642.130269547753
2030-09-02 21:00:00+00:00,18885.51059991457
2030-09-02 22:00:00+00:00,18237.42667226059
2030-09-02 23:00:00+00:00,17950.63160112074
2030-09-03 00:00:00+00:00,17709.7459156818
2030-09-03 01:00:00+00:00,17729.34054594182
2030-09-03 02:00:00+00:00,18001.680000051674
2030-09-03 03:00:00+00:00,19122.150545865494
2030-09-03 04:00:00+00:00,21268.894110489604
2030-09-03 05:00:00+00:00,22864.875982816116
2030-09-03 06:00:00+00:00,22903.533957693067
2030-09-03 07:00:00+00:00,22588.7532140506
2030-09-03 08:00:00+00:00,22386.406924743635
2030-09-03 09:00:00+00:00,22498.97808056392
2030-09-03 10:00:00+00:00,22551.547533884645
2030-09-03 11:00:00+00:00,22628.450401021375
2030-09-03 12:00:00+00:00,22789.299358887645
2030-09-03 13:00:00+00:00,23069.468052557484
2030-09-03 14:00:00+00:00,23612.829499263633
2030-09-03 15:00:00+00:00,23689.87869398869
2030-09-03 16:00:00+00:00,22872.4486020387
2030-09-03 17:00:00+00:00,21555.908174627795
2030-09-03 18:00:00+00:00,20707.240158288172
2030-09-03 19:00:00+00:00,20092.582567668393
2030-09-03 20:00:00+00:00,19631.750135351405
2030-09-03 21:00:00+00:00,18942.29672056581
2030-09-03 22:00:00+00:00,18291.796026238168
2030-09-03 23:00:00+00:00,17985.940047920525
2030-09-04 00:00:00+00:00,17800.0218708355
2030-09-04 01:00:00+00:00,17777.688352380792
2030-09-04 02:00:00+00:00,18068.390316460198
2030-09-04 03:00:00+00:00,19151.170861214814
2030-09-04 04:00:00+00:00,21246.742482640486
2030-09-04 05:00:00+00:00,22872.385911931146
2030-09-04 06:00:00+00:00,22946.244909736637
2030-09-04 07:00:00+00:00,22714.82185192503
2030-09-04 08:00:00+00:00,22557.770361589246
2030-09-04 09:00:00+00:00,22648.91955578738
2030-09-04 10:00:00+00:00,22661.960646251795
2030-09-04 11:00:00+00:00,22877.385147708632
2030-09-04 12:00:00+00:00,23035.95373087034
2030-09-04 13:00:00+00:00,23431.63980791899
2030-09-04 14:00:00+00:00,23860.32468577902
2030-09-04 15:00:00+00:00,23761.597450894973
2030-09-04 16:00:00+00:00,22958.295560722418
2030-09-04 17:00:00+00:00,21696.07822774196
2030-09-04 18:00:00+00:00,20870.624249157943
2030-09-04 19:00:00+00:00,20253.61888586525
2030-09-04 20:00:00+00:00,19761.00684453106
2030-09-04 21:00:00+00:00,18998.49245184856
2030-09-04 22:00:00+00:00,18396.825127228793
2030-09-04 23:00:00+00:00,18059.869736835677
2030-09-05 00:00:00+00:00,17855.42032547883
2030-09-05 01:00:00+00:00,17821.183366901772
2030-09-05 02:00:00+00:00,18051.301038747664
2030-09-05 03:00:00+00:00,19104.786539302113
2030-09-05 04:00:00+00:00,21129.34204726856
2030-09-05 05:00:00+00:00,22783.726556740246
2030-09-05 06:00:00+00:00,22936.541119792142
2030-09-05 07:00:00+00:00,22789.763514692746
2030-09-05 08:00:00+00:00,22680.899559608562
2030-09-05 09:00:00+00:00,22768.701931233336
2030-09-05 10:00:00+00:00,22817.639262127665
2030-09-05 11:00:00+00:00,23058.60703706731
2030-09-05 12:00:00+00:00,23273.872774699234
2030-09-05 13:00:00+00:00,23579.260021393253
2030-09-05 14:00:00+00:00,23974.120493865004
2030-09-05 15:00:00+00:00,23853.46555644855
2030-09-05 16:00:00+00:00,23181.92986272679
2030-09-05 17:00:00+00:00,21884.424600691633
2030-09-05 18:00:00+00:00,21027.295978467195
2030-09-05 19:00:00+00:00,20326.035942434708
2030-09-05 20:00:00+00:00,19799.733844461574
2030-09-05 21:00:00+00:00,19077.341245351432
2030-09-05 22:00:00+00:00,18424.70104380591
2030-09-05 23:00:00+00:00,18049.8976312526
2030-09-06 00:00:00+00:00,17867.20271816878
2030-09-06 01:00:00+00:00,17808.17205482019
2030-09-06 02:00:00+00:00,18073.18438579893
2030-09-06 03:00:00+00:00,19091.333258921262
2030-09-06 04:00:00+00:00,20972.183405388583
2030-09-06 05:00:00+00:00,22560.211063154926
2030-09-06 06:00:00+00:00,22574.17762652229
2030-09-06 07:00:00+00:00,22681.32440150868
2030-09-06 08:00:00+00:00,22885.990903060792
2030-09-06 09:00:00+00:00,23267.75054062824
2030-09-06 10:00:00+00:00,23666.098250378276
2030-09-06 11:00:00+00:00,24161.93854851912
2030-09-06 12:00:00+00:00,24050.29984013333
2030-09-06 13:00:00+00:00,23886.35444775199
2030-09-06 14:00:00+00:00,23950.902777175386
2030-09-06 15:00:00+00:00,23631.015490104455
2030-09-06 16:00:00+00:00,23055.638323934243
2030-09-06 17:00:00+00:00,21960.74153132151
2030-09-06 18:00:00+00:00,21188.3503957866
2030-09-06 19:00:00+00:00,20431.585581063686
2030-09-06 20:00:00+00:00,19899.428710349366
2030-09-06 21:00:00+00:00,19265.637471466278
2030-09-06 22:00:00+00:00,18565.855747441197
2030-09-06 23:00:00+00:00,18166.582749368758
2030-09-07 00:00:00+00:00,17840.192267327853
2030-09-07 01:00:00+00:00,17682.885944529167
2030-09-07 02:00:00+00:00,17698.851023752868
2030-09-07 03:00:00+00:00,18001.937106393765
2030-09-07 04:00:00+00:00,18450.429202308016
2030-09-07 05:00:00+00:00,19097.975451379283
2030-09-07 06:00:00+00:00,20113.837458026224
2030-09-07 07:00:00+00:00,21173.070965630075
2030-09-07 08:00:00+00:00,21921.828123264986
2030-09-07 09:00:00+00:00,22316.129599056374
2030-09-07 10:00:00+00:00,22182.265939300196
2030-09-07 11:00:00+00:00,22242.177113865648
2030-09-07 12:00:00+00:00,22017.72882645999
2030-09-07 13:00:00+00:00,21639.70230124539
2030-09-07 14:00:00+00:00,21407.93128148282
2030-09-07 15:00:00+00:00,21281.548994123397
2030-09-07 16:00:00+00:00,21019.59487480718
2030-09-07 17:00:00+00:00,20350.983706425064
2030-09-07 18:00:00+00:00,19883.590296352228
2030-09-07 19:00:00+00:00,19345.59339089767
2030-09-07 20:00:00+00:00,18997.47745768292
2030-09-07 21:00:00+00:00,18600.81532904222
2030-09-07 22:00:00+00:00,18101.36657937518
2030-09-07 23:00:00+00:00,17690.29078026961
2030-09-08 00:00:00+00:00,17544.665668170517
2030-09-08 01:00:00+00:00,17433.329843168904
2030-09-08 02:00:00+00:00,17463.014192421404
2030-09-08 03:00:00+00:00,17689.659295842976
2030-09-08 04:00:00+00:00,17883.143015371363
2030-09-08 05:00:00+00:00,18110.2165127435
2030-09-08 06:00:00+00:00,18771.557832212187
2030-09-08 07:00:00+00:00,19695.76046448368
2030-09-08 08:00:00+00:00,20775.47080579108
2030-09-08 09:00:00+00:00,21388.58473851371
2030-09-08 10:00:00+00:00,21619.54229905493
2030-09-08 11:00:00+00:00,21753.798169418526
2030-09-08 12:00:00+00:00,21907.903159220114
2030-09-08 13:00:00+00:00,21754.804596391583
2030-09-08 14:00:00+00:00,21789.077393425006
2030-09-08 15:00:00+00:00,21875.50552912119
2030-09-08 16:00:00+00:00,21734.94025832386
2030-09-08 17:00:00+00:00,21239.563392858014
2030-09-08 18:00:00+00:00,20729.36014435597
2030-09-08 19:00:00+00:00,19989.701061066
2030-09-08 20:00:00+00:00,19239.255097628742
2030-09-08 21:00:00+00:00,18560.402687541588
2030-09-08 22:00:00+00:00,17961.332976781123
2030-09-08 23:00:00+00:00,17667.81674498487
2030-09-09 00:00:00+00:00,18220.211448825867
2030-09-09 01:00:00+00:00,18422.949561485166
2030-09-09 02:00:00+00:00,19117.379736678795
2030-09-09 03:00:00+00:00,20930.79094122656
2030-09-09 04:00:00+00:00,23211.005740420773
2030-09-09 05:00:00+00:00,24660.069195897577
2030-09-09 06:00:00+00:00,24591.854179173122
2030-09-09 07:00:00+00:00,24242.771459825726
2030-09-09 08:00:00+00:00,24065.03580605618
2030-09-09 09:00:00+00:00,24103.044449009834
2030-09-09 10:00:00+00:00,24048.22839924107
2030-09-09 11:00:00+00:00,24031.690921439364
2030-09-09 12:00:00+00:00,24244.495237896335
2030-09-09 13:00:00+00:00,24466.177487254678
2030-09-09 14:00:00+00:00,24971.52272201615
2030-09-09 15:00:00+00:00,25033.94733868689
2030-09-09 16:00:00+00:00,24350.030588153928
2030-09-09 17:00:00+00:00,23175.855112328096
2030-09-09 18:00:00+00:00,22374.570877706814
2030-09-09 19:00:00+00:00,21379.823308790776
2030-09-09 20:00:00+00:00,20699.79740977767
2030-09-09 21:00:00+00:00,19715.806182141394
2030-09-09 22:00:00+00:00,18990.138719239414
2030-09-09 23:00:00+00:00,18725.88368941892
2030-09-10 00:00:00+00:00,18870.375988112206
2030-09-10 01:00:00+00:00,18943.80033733818
2030-09-10 02:00:00+00:00,19551.493047099666
2030-09-10 03:00:00+00:00,21422.490562266514
2030-09-10 04:00:00+00:00,23764.655162208885
2030-09-10 05:00:00+00:00,25323.887377446095
2030-09-10 06:00:00+00:00,25327.901335189534
2030-09-10 07:00:00+00:00,24882.60219942939
2030-09-10 08:00:00+00:00,24382.460829628715
2030-09-10 09:00:00+00:00,24407.178141505185
2030-09-10 10:00:00+00:00,24423.823044811183
2030-09-10 11:00:00+00:00,24753.20552968801
2030-09-10 12:00:00+00:00,24692.044308055232
2030-09-10 13:00:00+00:00,24993.21330092914
2030-09-10 14:00:00+00:00,25612.185169288106
2030-09-10 15:00:00+00:00,25686.734362646086
2030-09-10 16:00:00+00:00,25094.491909367585
2030-09-10 17:00:00+00:00,23802.922382003755
2030-09-10 18:00:00+00:00,22918.104327824894
2030-09-10 19:00:00+00:00,21889.161432921486
2030-09-10 20:00:00+00:00,21130.43987513223
2030-09-10 21:00:00+00:00,20110.232543305185
2030-09-10 22:00:00+00:00,19292.665367436486
2030-09-10 23:00:00+00:00,18966.43669689489
2030-09-11 00:00:00+00:00,18299.5398812252
2030-09-11 01:00:00+00:00,18367.8541556227
2030-09-11 02:00:00+00:00,18880.2272008664
2030-09-11 03:00:00+00:00,20334.126288202548
2030-09-11 04:00:00+00:00,22599.52762694596
2030-09-11 05:00:00+00:00,24291.508306881722
2030-09-11 06:00:00+00:00,24289.8803512165
2030-09-11 07:00:00+00:00,24066.41271794377
2030-09-11 08:00:00+00:00,23787.396160897046
2030-09-11 09:00:00+00:00,23754.23827485219
2030-09-11 10:00:00+00:00,23950.064544241293
2030-09-11 11:00:00+00:00,23979.144348156788
2030-09-11 12:00:00+00:00,24067.350378479692
2030-09-11 13:00:00+00:00,24513.03329267814
2030-09-11 14:00:00+00:00,24939.251581558685
2030-09-11 15:00:00+00:00,24836.875448222287
2030-09-11 16:00:00+00:00,24159.73283184324
2030-09-11 17:00:00+00:00,23009.140596149275
2030-09-11 18:00:00+00:00,22118.00195359647
2030-09-11 19:00:00+00:00,21304.320503756793
2030-09-11 20:00:00+00:00,20609.763093526977
2030-09-11 21:00:00+00:00,19690.35008127649
2030-09-11 22:00:00+00:00,18954.848577332265
2030-09-11 23:00:00+00:00,18566.16690910908
2030-09-12 00:00:00+00:00,18338.539449606247
2030-09-12 01:00:00+00:00,18431.847037251653
2030-09-12 02:00:00+00:00,18835.33058848884
2030-09-12 03:00:00+00:00,20238.652817206785
2030-09-12 04:00:00+00:00,22509.93420710829
2030-09-12 05:00:00+00:00,24139.243537901668
2030-09-12 06:00:00+00:00,24104.881068291023
2030-09-12 07:00:00+00:00,23896.69676085217
2030-09-12 08:00:00+00:00,23779.69540848615
2030-09-12 09:00:00+00:00,23783.162322067717
2030-09-12 10:00:00+00:00,23720.46092697835
2030-09-12 11:00:00+00:00,23873.29746129438
2030-09-12 12:00:00+00:00,24060.423145474768
2030-09-12 13:00:00+00:00,24360.09961971163
2030-09-12 14:00:00+00:00,24751.595598441836
2030-09-12 15:00:00+00:00,24753.47921833506
2030-09-12 16:00:00+00:00,24173.439965461428
2030-09-12 17:00:00+00:00,23002.683700181853
2030-09-12 18:00:00+00:00,22204.93797313412
2030-09-12 19:00:00+00:00,21334.608204245153
2030-09-12 20:00:00+00:00,20584.964735219204
2030-09-12 21:00:00+00:00,19679.92668809268
2030-09-12 22:00:00+00:00,18920.837499686266
2030-09-12 23:00:00+00:00,18580.62912200035
2030-09-13 00:00:00+00:00,18293.279047707547
2030-09-13 01:00:00+00:00,18330.733917799094
2030-09-13 02:00:00+00:00,18737.86451568411
2030-09-13 03:00:00+00:00,20069.880637032944
2030-09-13 04:00:00+00:00,22136.341990604582
2030-09-13 05:00:00+00:00,23637.248183262247
2030-09-13 06:00:00+00:00,23605.437129759237
2030-09-13 07:00:00+00:00,23529.81027588121
2030-09-13 08:00:00+00:00,23705.774116056135
2030-09-13 09:00:00+00:00,24154.58403778685
2030-09-13 10:00:00+00:00,24445.314893754174
2030-09-13 11:00:00+00:00,24731.837716132097
2030-09-13 12:00:00+00:00,24901.422530660486
2030-09-13 13:00:00+00:00,24823.687227393268
2030-09-13 14:00:00+00:00,24756.048491030666
2030-09-13 15:00:00+00:00,24607.361374378735
2030-09-13 16:00:00+00:00,24067.113103095668
2030-09-13 17:00:00+00:00,23103.52246774185
2030-09-13 18:00:00+00:00,22306.046668006475
2030-09-13 19:00:00+00:00,21283.32964495887
2030-09-13 20:00:00+00:00,20681.204921299388
2030-09-13 21:00:00+00:00,19947.635309326113
2030-09-13 22:00:00+00:00,19216.0595768963
2030-09-13 23:00:00+00:00,18709.6989228237
2030-09-14 00:00:00+00:00,18023.096124482418
2030-09-14 01:00:00+00:00,17956.67387305142
2030-09-14 02:00:00+00:00,18069.79003995614
2030-09-14 03:00:00+00:00,18423.334010877636
2030-09-14 04:00:00+00:00,18908.099872815164
2030-09-14 05:00:00+00:00,19578.54941878142
2030-09-14 06:00:00+00:00,20597.312058794432
2030-09-14 07:00:00+00:00,21723.3721373109
2030-09-14 08:00:00+00:00,22505.897276591426
2030-09-14 09:00:00+00:00,22862.809408215166
2030-09-14 10:00:00+00:00,22797.56396376692
2030-09-14 11:00:00+00:00,22748.193408847354
2030-09-14 12:00:00+00:00,22423.485872747722
2030-09-14 13:00:00+00:00,22169.8189442393
2030-09-14 14:00:00+00:00,21974.65316696568
2030-09-14 15:00:00+00:00,21904.614206290353
2030-09-14 16:00:00+00:00,21667.989406408444
2030-09-14 17:00:00+00:00,21042.553501389957
2030-09-14 18:00:00+00:00,20547.267254743376
2030-09-14 19:00:00+00:00,19851.523299856344
2030-09-14 20:00:00+00:00,19417.659938523775
2030-09-14 21:00:00+00:00,18986.775475281756
2030-09-14 22:00:00+00:00,18415.60868605047
2030-09-14 23:00:00+00:00,18004.7977249552
2030-09-15 00:00:00+00:00,18194.919310139663
2030-09-15 01:00:00+00:00,18126.899302997666
2030-09-15 02:00:00+00:00,18375.099740570946
2030-09-15 03:00:00+00:00,18894.489095394787
2030-09-15 04:00:00+00:00,19176.0721382352
2030-09-15 05:00:00+00:00,19396.490595129388
2030-09-15 06:00:00+00:00,20061.480610030994
2030-09-15 07:00:00+00:00,20946.570510825306
2030-09-15 08:00:00+00:00,21768.686302375052
2030-09-15 09:00:00+00:00,22619.70873577934
2030-09-15 10:00:00+00:00,22848.83203407429
2030-09-15 11:00:00+00:00,22687.079614637976
2030-09-15 12:00:00+00:00,22861.600519538868
2030-09-15 13:00:00+00:00,22685.38243877037
2030-09-15 14:00:00+00:00,22753.40517195811
2030-09-15 15:00:00+00:00,23078.50107194126
2030-09-15 16:00:00+00:00,23004.11724209791
2030-09-15 17:00:00+00:00,22609.47456410479
2030-09-15 18:00:00+00:00,22174.06091657239
2030-09-15 19:00:00+00:00,21113.875906163023
2030-09-15 20:00:00+00:00,20223.337906596822
2030-09-15 21:00:00+00:00,19367.355225758434
2030-09-15 22:00:00+00:00,18508.906878331803
2030-09-15 23:00:00+00:00,18236.46729805845
2030-09-16 00:00:00+00:00,18467.835904792733
2030-09-16 01:00:00+00:00,18703.60009663414
2030-09-16 02:00:00+00:00,19485.058547633736
2030-09-16 03:00:00+00:00,21488.474263552653
2030-09-16 04:00:00+00:00,23907.458561030333
2030-09-16 05:00:00+00:00,25376.31699591074
2030-09-16 06:00:00+00:00,25184.21160772226
2030-09-16 07:00:00+00:00,24841.528461382255
2030-09-16 08:00:00+00:00,24550.57831159023
2030-09-16 09:00:00+00:00,24436.561567740122
2030-09-16 10:00:00+00:00,24355.91941852151
2030-09-16 11:00:00+00:00,24264.181821948787
2030-09-16 12:00:00+00:00,24550.4479414786
2030-09-16 13:00:00+00:00,24747.20473324297
2030-09-16 14:00:00+00:00,25194.912881735345
2030-09-16 15:00:00+00:00,25257.67939726878
2030-09-16 16:00:00+00:00,24753.870909068264
2030-09-16 17:00:00+00:00,23562.46276873294
2030-09-16 18:00:00+00:00,22877.258656044814
2030-09-16 19:00:00+00:00,21926.427331830644
2030-09-16 20:00:00+00:00,21086.688929624244
2030-09-16 21:00:00+00:00,20099.458595203305
2030-09-16 22:00:00+00:00,19337.456135541757
2030-09-16 23:00:00+00:00,19010.257012110098
2030-09-17 00:00:00+00:00,19378.2950105216
2030-09-17 01:00:00+00:00,19512.04604282086
2030-09-17 02:00:00+00:00,20347.214918413098
2030-09-17 03:00:00+00:00,22490.743546566202
2030-09-17 04:00:00+00:00,24967.915390898637
2030-09-17 05:00:00+00:00,26487.01130304843
2030-09-17 06:00:00+00:00,26260.235674441203
2030-09-17 07:00:00+00:00,25837.69041565648
2030-09-17 08:00:00+00:00,25407.35396499438
2030-09-17 09:00:00+00:00,25291.04720346905
2030-09-17 10:00:00+00:00,25244.467291386656
2030-09-17 11:00:00+00:00,25439.869255083988
2030-09-17 12:00:00+00:00,25681.53252526375
2030-09-17 13:00:00+00:00,26008.74619795468
2030-09-17 14:00:00+00:00,26627.984097831144
2030-09-17 15:00:00+00:00,26745.791901933506
2030-09-17 16:00:00+00:00,26107.35229778991
2030-09-17 17:00:00+00:00,24930.33232369356
2030-09-17 18:00:00+00:00,24016.938386844104
2030-09-17 19:00:00+00:00,22901.35633529924
2030-09-17 20:00:00+00:00,21959.600849352624
2030-09-17 21:00:00+00:00,20773.70402343691
2030-09-17 22:00:00+00:00,19884.506173301186
2030-09-17 23:00:00+00:00,19507.738761681252
2030-09-18 00:00:00+00:00,18707.49649977933
2030-09-18 01:00:00+00:00,18829.625870515243
2030-09-18 02:00:00+00:00,19447.71083620929
2030-09-18 03:00:00+00:00,21123.53983742334
2030-09-18 04:00:00+00:00,23493.515698192026
2030-09-18 05:00:00+00:00,25184.51367023046
2030-09-18 06:00:00+00:00,25129.695069477217
2030-09-18 07:00:00+00:00,24771.106610330975
2030-09-18 08:00:00+00:00,24487.200196389866
2030-09-18 09:00:00+00:00,24431.071909791022
2030-09-18 10:00:00+00:00,24395.794985559114
2030-09-18 11:00:00+00:00,24534.925908507357
2030-09-18 12:00:00+00:00,24796.34445567865
2030-09-18 13:00:00+00:00,25111.504978726403
2030-09-18 14:00:00+00:00,25553.540706568867
2030-09-18 15:00:00+00:00,25458.289551171147
2030-09-18 16:00:00+00:00,24864.24474650263
2030-09-18 17:00:00+00:00,23779.767478993406
2030-09-18 18:00:00+00:00,22988.731960008827
2030-09-18 19:00:00+00:00,21943.960618678248
2030-09-18 20:00:00+00:00,21183.419717319633
2030-09-18 21:00:00+00:00,20292.44720213591
2030-09-18 22:00:00+00:00,19401.509071517645
2030-09-18 23:00:00+00:00,19007.343535598477
2030-09-19 00:00:00+00:00,18969.44504726792
2030-09-19 01:00:00+00:00,19067.011336041778
2030-09-19 02:00:00+00:00,19714.47712239737
2030-09-19 03:00:00+00:00,21529.64447273905
2030-09-19 04:00:00+00:00,23849.172891177925
2030-09-19 05:00:00+00:00,25339.26735799739
2030-09-19 06:00:00+00:00,25192.163202412114
2030-09-19 07:00:00+00:00,24881.68294296117
2030-09-19 08:00:00+00:00,24700.22523579811
2030-09-19 09:00:00+00:00,24718.171888671368
2030-09-19 10:00:00+00:00,24519.363181054483
2030-09-19 11:00:00+00:00,24771.671777533917
2030-09-19 12:00:00+00:00,25011.45879121032
2030-09-19 13:00:00+00:00,25352.436699821967
2030-09-19 14:00:00+00:00,25841.464488406713
2030-09-19 15:00:00+00:00,25936.063595515472
2030-09-19 16:00:00+00:00,25433.58476659668
2030-09-19 17:00:00+00:00,24346.058265708878
2030-09-19 18:00:00+00:00,23489.03330285898
2030-09-19 19:00:00+00:00,22307.754924434008
2030-09-19 20:00:00+00:00,21438.463122992613
2030-09-19 21:00:00+00:00,20418.739413106934
2030-09-19 22:00:00+00:00,19538.139125731956
2030-09-19 23:00:00+00:00,19207.11574939692
2030-09-20 00:00:00+00:00,18440.75858946307
2030-09-20 01:00:00+00:00,18526.510345202027
2030-09-20 02:00:00+00:00,18941.97896062192
2030-09-20 03:00:00+00:00,20359.63560789789
2030-09-20 04:00:00+00:00,22496.417864232913
2030-09-20 05:00:00+00:00,24049.79260955616
2030-09-20 06:00:00+00:00,23916.12894802151
2030-09-20 07:00:00+00:00,23724.38508450005
2030-09-20 08:00:00+00:00,23783.321290327814
2030-09-20 09:00:00+00:00,24220.337121871347
2030-09-20 10:00:00+00:00,24600.70693149565
2030-09-20 11:00:00+00:00,24800.541976864213
2030-09-20 12:00:00+00:00,24912.428092243044
2030-09-20 13:00:00+00:00,24910.18869617501
2030-09-20 14:00:00+00:00,24806.09054214701
2030-09-20 15:00:00+00:00,24604.08761484231
2030-09-20 16:00:00+00:00,24112.723216490172
2030-09-20 17:00:00+00:00,23182.492619672517
2030-09-20 18:00:00+00:00,22461.731506283864
2030-09-20 19:00:00+00:00,21423.199552388392
2030-09-20 20:00:00+00:00,20821.602269618663
2030-09-20 21:00:00+00:00,20124.788782961747
2030-09-20 22:00:00+00:00,19280.79133394997
2030-09-20 23:00:00+00:00,18744.482270015986
2030-09-21 00:00:00+00:00,18661.54255785991
2030-09-21 01:00:00+00:00,18645.76396584619
2030-09-21 02:00:00+00:00,18981.02151748685
2030-09-21 03:00:00+00:00,19785.190063331134
2030-09-21 04:00:00+00:00,20353.79610154042
2030-09-21 05:00:00+00:00,20992.621165968896
2030-09-21 06:00:00+00:00,21904.565302818883
2030-09-21 07:00:00+00:00,22944.19704265277
2030-09-21 08:00:00+00:00,23621.74179525526
2030-09-21 09:00:00+00:00,23811.4259236436
2030-09-21 10:00:00+00:00,23722.75883897708
2030-09-21 11:00:00+00:00,23622.45814863247
2030-09-21 12:00:00+00:00,23512.78047446077
2030-09-21 13:00:00+00:00,23162.91049227349
2030-09-21 14:00:00+00:00,22952.60111439897
2030-09-21 15:00:00+00:00,22886.12303129812
2030-09-21 16:00:00+00:00,22751.27273015977
2030-09-21 17:00:00+00:00,22212.10855088289
2030-09-21 18:00:00+00:00,21791.22234381336
2030-09-21 19:00:00+00:00,20980.202837154775
2030-09-21 20:00:00+00:00,20345.38827501422
2030-09-21 21:00:00+00:00,19737.6791781761
2030-09-21 22:00:00+00:00,19037.297632168375
2030-09-21 23:00:00+00:00,18608.05735260479
2030-09-22 00:00:00+00:00,17563.678229334742
2030-09-22 01:00:00+00:00,17419.12499205986
2030-09-22 02:00:00+00:00,17394.601210058954
2030-09-22 03:00:00+00:00,17574.25553522868
2030-09-22 04:00:00+00:00,17823.31702949035
2030-09-22 05:00:00+00:00,18075.715371039267
2030-09-22 06:00:00+00:00,18746.78343689817
2030-09-22 07:00:00+00:00,19862.13540920208
2030-09-22 08:00:00+00:00,20847.173824923
2030-09-22 09:00:00+00:00,21521.33975352484
2030-09-22 10:00:00+00:00,21724.406906939363
2030-09-22 11:00:00+00:00,21802.837685529525
2030-09-22 12:00:00+00:00,21972.853335899395
2030-09-22 13:00:00+00:00,21751.9897620772
2030-09-22 14:00:00+00:00,21826.281667930885
2030-09-22 15:00:00+00:00,22053.01705564743
2030-09-22 16:00:00+00:00,21898.986841028625
2030-09-22 17:00:00+00:00,21448.877494133983
2030-09-22 18:00:00+00:00,20979.067348427427
2030-09-22 19:00:00+00:00,20112.059042749206
2030-09-22 20:00:00+00:00,19398.096226077472
2030-09-22 21:00:00+00:00,18691.790503568787
2030-09-22 22:00:00+00:00,18039.544945652637
2030-09-22 23:00:00+00:00,17687.49238886073
2030-09-23 00:00:00+00:00,17482.103103931513
2030-09-23 01:00:00+00:00,17561.575318606636
2030-09-23 02:00:00+00:00,17994.178670625337
2030-09-23 03:00:00+00:00,19374.005777147162
2030-09-23 04:00:00+00:00,21585.05079145757
2030-09-23 05:00:00+00:00,23214.6238966567
2030-09-23 06:00:00+00:00,23104.888701009517
2030-09-23 07:00:00+00:00,22824.905875209926
2030-09-23 08:00:00+00:00,22684.237704705523
2030-09-23 09:00:00+00:00,22778.75459291491
2030-09-23 10:00:00+00:00,22626.967208157068
2030-09-23 11:00:00+00:00,22768.23457234637
2030-09-23 12:00:00+00:00,22776.710047150806
2030-09-23 13:00:00+00:00,22997.52253209335
2030-09-23 14:00:00+00:00,23394.17089320131
2030-09-23 15:00:00+00:00,23415.108141151162
2030-09-23 16:00:00+00:00,22712.815361710094
2030-09-23 17:00:00+00:00,21621.157002841883
2030-09-23 18:00:00+00:00,20951.461728662533
2030-09-23 19:00:00+00:00,20054.727387952425
2030-09-23 20:00:00+00:00,19563.429259967765
2030-09-23 21:00:00+00:00,18930.6472328997
2030-09-23 22:00:00+00:00,18255.998020511583
2030-09-23 23:00:00+00:00,17931.516832132664
2030-09-24 00:00:00+00:00,17918.875563558584
2030-09-24 01:00:00+00:00,17977.168218685696
2030-09-24 02:00:00+00:00,18278.927420179793
2030-09-24 03:00:00+00:00,19601.821992358928
2030-09-24 04:00:00+00:00,21899.189683079378
2030-09-24 05:00:00+00:00,23624.5830391777
2030-09-24 06:00:00+00:00,23471.916517236128
2030-09-24 07:00:00+00:00,23126.982153020577
2030-09-24 08:00:00+00:00,22905.084890878654
2030-09-24 09:00:00+00:00,22834.742123487766
2030-09-24 10:00:00+00:00,22767.80808217785
2030-09-24 11:00:00+00:00,22895.6063276869
2030-09-24 12:00:00+00:00,23107.270661469818
2030-09-24 13:00:00+00:00,23438.69042302791
2030-09-24 14:00:00+00:00,23897.658203489576
2030-09-24 15:00:00+00:00,23912.264581340216
2030-09-24 16:00:00+00:00,23238.406287136346
2030-09-24 17:00:00+00:00,22140.364356867594
2030-09-24 18:00:00+00:00,21387.184972533218
2030-09-24 19:00:00+00:00,20479.81759231741
2030-09-24 20:00:00+00:00,19906.07741996813
2030-09-24 21:00:00+00:00,19174.748109296506
2030-09-24 22:00:00+00:00,18467.823510801216
2030-09-24 23:00:00+00:00,18122.188941932138
2030-09-25 00:00:00+00:00,17931.46983020763
2030-09-25 01:00:00+00:00,17908.13860524421
2030-09-25 02:00:00+00:00,18279.11741177813
2030-09-25 03:00:00+00:00,19552.9273592596
2030-09-25 04:00:00+00:00,21801.030406429716
2030-09-25 05:00:00+00:00,23553.59834315262
2030-09-25 06:00:00+00:00,23488.53829867262
2030-09-25 07:00:00+00:00,23150.298916505595
2030-09-25 08:00:00+00:00,22888.76027525787
2030-09-25 09:00:00+00:00,22963.514517628384
2030-09-25 10:00:00+00:00,22874.494825130823
2030-09-25 11:00:00+00:00,22969.812291258495
2030-09-25 12:00:00+00:00,23273.916496780756
2030-09-25 13:00:00+00:00,23604.949700446276
2030-09-25 14:00:00+00:00,24021.49687674199
2030-09-25 15:00:00+00:00,23965.99609019533
2030-09-25 16:00:00+00:00,23260.340669182377
2030-09-25 17:00:00+00:00,22216.849013876956
2030-09-25 18:00:00+00:00,21428.170714873173
2030-09-25 19:00:00+00:00,20516.549862706066
2030-09-25 20:00:00+00:00,19915.070701379576
2030-09-25 21:00:00+00:00,19191.663181003983
2030-09-25 22:00:00+00:00,18458.385035577212
2030-09-25 23:00:00+00:00,18061.987656650253
2030-09-26 00:00:00+00:00,17976.99022027182
2030-09-26 01:00:00+00:00,18004.312286423137
2030-09-26 02:00:00+00:00,18372.53245528624
2030-09-26 03:00:00+00:00,19695.97582925574
2030-09-26 04:00:00+00:00,21896.545167867727
2030-09-26 05:00:00+00:00,23597.81095730067
2030-09-26 06:00:00+00:00,23556.956022573315
2030-09-26 07:00:00+00:00,23294.479908325833
2030-09-26 08:00:00+00:00,23238.638025358126
2030-09-26 09:00:00+00:00,23543.473333445974
2030-09-26 10:00:00+00:00,23342.0135490413
2030-09-26 11:00:00+00:00,23421.340307559116
2030-09-26 12:00:00+00:00,23564.361883364392
2030-09-26 13:00:00+00:00,23817.728767114393
2030-09-26 14:00:00+00:00,24160.189543310677
2030-09-26 15:00:00+00:00,24123.97849252316
2030-09-26 16:00:00+00:00,23528.118145537137
2030-09-26 17:00:00+00:00,22494.087071653743
2030-09-26 18:00:00+00:00,21725.02715095348
2030-09-26 19:00:00+00:00,20750.022810534636
2030-09-26 20:00:00+00:00,20142.422937702282
2030-09-26 21:00:00+00:00,19375.69331656808
2030-09-26 22:00:00+00:00,18574.359786033878
2030-09-26 23:00:00+00:00,18210.32054181553
2030-09-27 00:00:00+00:00,18830.48124088865
2030-09-27 01:00:00+00:00,18924.86114941509
2030-09-27 02:00:00+00:00,19600.596606085433
2030-09-27 03:00:00+00:00,21356.618049918514
2030-09-27 04:00:00+00:00,23473.99423562763
2030-09-27 05:00:00+00:00,24935.41179106805
2030-09-27 06:00:00+00:00,24851.864812738135
2030-09-27 07:00:00+00:00,24725.350654309623
2030-09-27 08:00:00+00:00,24774.113039150372
2030-09-27 09:00:00+00:00,24995.563323614577
2030-09-27 10:00:00+00:00,25310.11029840434
2030-09-27 11:00:00+00:00,25563.876423057023
2030-09-27 12:00:00+00:00,25635.270076160134
2030-09-27 13:00:00+00:00,25641.725877680336
2030-09-27 14:00:00+00:00,25615.568031062914
2030-09-27 15:00:00+00:00,25426.458115891128
2030-09-27 16:00:00+00:00,25007.017444329183
2030-09-27 17:00:00+00:00,24146.398259866604
2030-09-27 18:00:00+00:00,23348.12114950835
2030-09-27 19:00:00+00:00,22215.191244071186
2030-09-27 20:00:00+00:00,21392.89718956613
2030-09-27 21:00:00+00:00,20445.577024643022
2030-09-27 22:00:00+00:00,19552.16439669186
2030-09-27 23:00:00+00:00,19114.530763203704
2030-09-28 00:00:00+00:00,18340.22397155517
2030-09-28 01:00:00+00:00,18309.521164603982
2030-09-28 02:00:00+00:00,18589.39191652403
2030-09-28 03:00:00+00:00,19293.445036491426
2030-09-28 04:00:00+00:00,19855.035981972822
2030-09-28 05:00:00+00:00,20518.32580075113
2030-09-28 06:00:00+00:00,21369.73702458452
2030-09-28 07:00:00+00:00,22472.317717238155
2030-09-28 08:00:00+00:00,23146.05897603258
2030-09-28 09:00:00+00:00,23447.135378897015
2030-09-28 10:00:00+00:00,23361.21685985858
2030-09-28 11:00:00+00:00,23126.32974445703
2030-09-28 12:00:00+00:00,22925.456960919302
2030-09-28 13:00:00+00:00,22730.109332728876
2030-09-28 14:00:00+00:00,22578.59923964107
2030-09-28 15:00:00+00:00,22527.009548975544
2030-09-28 16:00:00+00:00,22455.295998596484
2030-09-28 17:00:00+00:00,21934.80399441418
2030-09-28 18:00:00+00:00,21407.063395589463
2030-09-28 19:00:00+00:00,20624.37923625415
2030-09-28 20:00:00+00:00,20015.26852021299
2030-09-28 21:00:00+00:00,19459.52273853602
2030-09-28 22:00:00+00:00,18749.008126351415
2030-09-28 23:00:00+00:00,18324.715821693087
2030-09-29 00:00:00+00:00,17772.54090767658
2030-09-29 01:00:00+00:00,17697.836163275646
2030-09-29 02:00:00+00:00,17781.34178075205
2030-09-29 03:00:00+00:00,18161.41998573042
2030-09-29 04:00:00+00:00,18461.764804954393
2030-09-29 05:00:00+00:00,18720.70571803778
2030-09-29 06:00:00+00:00,19329.138878591173
2030-09-29 07:00:00+00:00,20481.358398433786
2030-09-29 08:00:00+00:00,21477.78114536923
2030-09-29 09:00:00+00:00,22096.478014621618
2030-09-29 10:00:00+00:00,22355.417601080826
2030-09-29 11:00:00+00:00,22416.81576626069
2030-09-29 12:00:00+00:00,22391.452764873244
2030-09-29 13:00:00+00:00,22158.06332743061
2030-09-29 14:00:00+00:00,22139.518531576803
2030-09-29 15:00:00+00:00,22367.438474624327
2030-09-29 16:00:00+00:00,22307.667772097695
2030-09-29 17:00:00+00:00,21982.100867187084
2030-09-29 18:00:00+00:00,21463.993222854828
2030-09-29 19:00:00+00:00,20525.82310312065
2030-09-29 20:00:00+00:00,19666.92625929871
2030-09-29 21:00:00+00:00,18857.7951549006
2030-09-29 22:00:00+00:00,18154.48005164344
2030-09-29 23:00:00+00:00,17867.319792131922
2030-09-30 00:00:00+00:00,18359.506342346547
2030-09-30 01:00:00+00:00,18547.926908293466
2030-09-30 02:00:00+00:00,19298.663868187756
2030-09-30 03:00:00+00:00,21321.520125683026
2030-09-30 04:00:00+00:00,23703.927223386807
2030-09-30 05:00:00+00:00,25242.782777524808
2030-09-30 06:00:00+00:00,25025.29652761518
2030-09-30 07:00:00+00:00,24623.893429073403
2030-09-30 08:00:00+00:00,24306.611417123142
2030-09-30 09:00:00+00:00,24300.389049513502
2030-09-30 10:00:00+00:00,24158.930020674925
2030-09-30 11:00:00+00:00,24250.786579341006
2030-09-30 12:00:00+00:00,24352.810499257033
2030-09-30 13:00:00+00:00,24625.144870585475
2030-09-30 14:00:00+00:00,25103.98485407831
2030-09-30 15:00:00+00:00,25129.90371948867
2030-09-30 16:00:00+00:00,24529.775931556855
2030-09-30 17:00:00+00:00,23594.417926430833
2030-09-30 18:00:00+00:00,22824.22445155514
2030-09-30 19:00:00+00:00,21770.47676175191
2030-09-30 20:00:00+00:00,20959.26003201565
2030-09-30 21:00:00+00:00,19930.27108857679
2030-09-30 22:00:00+00:00,19125.395250278667
2030-09-30 23:00:00+00:00,18849.07641777392
2030-10-01 00:00:00+00:00,18692.83622468265
2030-10-01 01:00:00+00:00,18844.064905302952
2030-10-01 02:00:00+00:00,19512.564446753266
2030-10-01 03:00:00+00:00,21384.87317688063
2030-10-01 04:00:00+00:00,23819.110192277043
2030-10-01 05:00:00+00:00,25545.92299308688
2030-10-01 06:00:00+00:00,25377.980230091365
2030-10-01 07:00:00+00:00,24936.721238715938
2030-10-01 08:00:00+00:00,24682.01836940455
2030-10-01 09:00:00+00:00,24537.503264925235
2030-10-01 10:00:00+00:00,24381.505500290015
2030-10-01 11:00:00+00:00,24478.55690123339
2030-10-01 12:00:00+00:00,24729.808561958733
2030-10-01 13:00:00+00:00,25136.114013969494
2030-10-01 14:00:00+00:00,25678.82056373862
2030-10-01 15:00:00+00:00,25736.303249563178
2030-10-01 16:00:00+00:00,25190.246733996955
2030-10-01 17:00:00+00:00,24224.658672552298
2030-10-01 18:00:00+00:00,23302.042523269836
2030-10-01 19:00:00+00:00,22230.319862826775
2030-10-01 20:00:00+00:00,21363.71409832236
2030-10-01 21:00:00+00:00,20221.03631622047
2030-10-01 22:00:00+00:00,19306.808617668536
2030-10-01 23:00:00+00:00,18954.07447115293
2030-10-02 00:00:00+00:00,18543.396803503994
2030-10-02 01:00:00+00:00,18709.628042298413
2030-10-02 02:00:00+00:00,19274.108607772447
2030-10-02 03:00:00+00:00,20984.860154344566
2030-10-02 04:00:00+00:00,23395.33788287924
2030-10-02 05:00:00+00:00,25293.04299762765
2030-10-02 06:00:00+00:00,25189.142605664365
2030-10-02 07:00:00+00:00,24850.703546694152
2030-10-02 08:00:00+00:00,24497.82032787968
2030-10-02 09:00:00+00:00,24468.351721683783
2030-10-02 10:00:00+00:00,24325.59275401122
2030-10-02 11:00:00+00:00,24489.36555547243
2030-10-02 12:00:00+00:00,24706.044237591737
2030-10-02 13:00:00+00:00,25056.39380474987
2030-10-02 14:00:00+00:00,25432.56243510672
2030-10-02 15:00:00+00:00,25394.87806714401
2030-10-02 16:00:00+00:00,24800.25283708798
2030-10-02 17:00:00+00:00,23898.778552484982
2030-10-02 18:00:00+00:00,23097.57813001372
2030-10-02 19:00:00+00:00,21930.064768269076
2030-10-02 20:00:00+00:00,21005.331343876365
2030-10-02 21:00:00+00:00,20029.065102394165
2030-10-02 22:00:00+00:00,19144.549156108686
2030-10-02 23:00:00+00:00,18754.055551460344
2030-10-03 00:00:00+00:00,17960.89892701267
2030-10-03 01:00:00+00:00,18026.414888251245
2030-10-03 02:00:00+00:00,18400.179408761123
2030-10-03 03:00:00+00:00,19766.065189529563
2030-10-03 04:00:00+00:00,21971.336968064366
2030-10-03 05:00:00+00:00,23912.712267158302
2030-10-03 06:00:00+00:00,23860.771767413084
2030-10-03 07:00:00+00:00,23527.245781539485
2030-10-03 08:00:00+00:00,23300.07352199029
2030-10-03 09:00:00+00:00,23412.041939487768
2030-10-03 10:00:00+00:00,23378.817759888596
2030-10-03 11:00:00+00:00,23532.856529509074
2030-10-03 12:00:00+00:00,23831.791364923098
2030-10-03 13:00:00+00:00,24045.838981447705
2030-10-03 14:00:00+00:00,24601.329682323478
2030-10-03 15:00:00+00:00,24633.096831506497
2030-10-03 16:00:00+00:00,24068.663889002943
2030-10-03 17:00:00+00:00,23185.13232808038
2030-10-03 18:00:00+00:00,22182.294784021142
2030-10-03 19:00:00+00:00,21162.857322587097
2030-10-03 20:00:00+00:00,20381.46760911684
2030-10-03 21:00:00+00:00,19536.030471086135
2030-10-03 22:00:00+00:00,18711.889077337117
2030-10-03 23:00:00+00:00,18278.78877712248
2030-10-04 00:00:00+00:00,17731.81828757336
2030-10-04 01:00:00+00:00,17770.313225790673
2030-10-04 02:00:00+00:00,17998.27317697883
2030-10-04 03:00:00+00:00,19075.571809546
2030-10-04 04:00:00+00:00,21117.773601511024
2030-10-04 05:00:00+00:00,23021.922304765147
2030-10-04 06:00:00+00:00,22943.194759190115
2030-10-04 07:00:00+00:00,22878.23458887536
2030-10-04 08:00:00+00:00,23077.087632476876
2030-10-04 09:00:00+00:00,23387.578682334188
2030-10-04 10:00:00+00:00,23757.932060183903
2030-10-04 11:00:00+00:00,24173.881111228784
2030-10-04 12:00:00+00:00,24353.535061218714
2030-10-04 13:00:00+00:00,24292.27426358599
2030-10-04 14:00:00+00:00,24129.10844199669
2030-10-04 15:00:00+00:00,23953.16573404664
2030-10-04 16:00:00+00:00,23422.610378641777
2030-10-04 17:00:00+00:00,22644.748078570574
2030-10-04 18:00:00+00:00,21651.330522160788
2030-10-04 19:00:00+00:00,20654.328038348238
2030-10-04 20:00:00+00:00,20143.246597132482
2030-10-04 21:00:00+00:00,19500.22184235446
2030-10-04 22:00:00+00:00,18663.22816157409
2030-10-04 23:00:00+00:00,18116.94937587373
2030-10-05 00:00:00+00:00,17844.593879912318
2030-10-05 01:00:00+00:00,17732.49781245584
2030-10-05 02:00:00+00:00,17773.52695231124
2030-10-05 03:00:00+00:00,18132.984956338038
2030-10-05 04:00:00+00:00,18669.403848963113
2030-10-05 05:00:00+00:00,19413.729234548457
2030-10-05 06:00:00+00:00,20411.8506513407
2030-10-05 07:00:00+00:00,21671.393193007745
2030-10-05 08:00:00+00:00,22393.181328711853
2030-10-05 09:00:00+00:00,22708.075663089814
2030-10-05 10:00:00+00:00,22712.96223155672
2030-10-05 11:00:00+00:00,22736.57985390679
2030-10-05 12:00:00+00:00,22470.4987876947
2030-10-05 13:00:00+00:00,22071.202898599917
2030-10-05 14:00:00+00:00,21833.812662077955
2030-10-05 15:00:00+00:00,21754.40708843009
2030-10-05 16:00:00+00:00,21554.432094860163
2030-10-05 17:00:00+00:00,21084.721075496855
2030-10-05 18:00:00+00:00,20372.10679299219
2030-10-05 19:00:00+00:00,19605.538403777533
2030-10-05 20:00:00+00:00,19168.65021816809
2030-10-05 21:00:00+00:00,18831.53808430819
2030-10-05 22:00:00+00:00,18255.47971429219
2030-10-05 23:00:00+00:00,17826.515904606487
2030-10-06 00:00:00+00:00,17985.177130372515
2030-10-06 01:00:00+00:00,17932.469238356545
2030-10-06 02:00:00+00:00,18122.247472386254
2030-10-06 03:00:00+00:00,18554.657959951488
2030-10-06 04:00:00+00:00,18898.351253769866
2030-10-06 05:00:00+00:00,19220.12278833139
2030-10-06 06:00:00+00:00,19759.7497175849
2030-10-06 07:00:00+00:00,20835.9459318477
2030-10-06 08:00:00+00:00,21773.137593838084
2030-10-06 09:00:00+00:00,22477.06255946284
2030-10-06 10:00:00+00:00,22754.98307872657
2030-10-06 11:00:00+00:00,22652.82917031638
2030-10-06 12:00:00+00:00,22763.944617237757
2030-10-06 13:00:00+00:00,22666.437447682183
2030-10-06 14:00:00+00:00,22705.85150071179
2030-10-06 15:00:00+00:00,22802.470600559293
2030-10-06 16:00:00+00:00,22755.885797602103
2030-10-06 17:00:00+00:00,22577.861337099184
2030-10-06 18:00:00+00:00,21915.81501824616
2030-10-06 19:00:00+00:00,20867.959106864502
2030-10-06 20:00:00+00:00,19933.83648661483
2030-10-06 21:00:00+00:00,19164.13812823276
2030-10-06 22:00:00+00:00,18435.905684330854
2030-10-06 23:00:00+00:00,18099.833652459576
2030-10-07 00:00:00+00:00,18269.595592241083
2030-10-07 01:00:00+00:00,18425.325560524347
2030-10-07 02:00:00+00:00,19127.696890785384
2030-10-07 03:00:00+00:00,21012.713723609366
2030-10-07 04:00:00+00:00,23427.527873841853
2030-10-07 05:00:00+00:00,25080.422865284712
2030-10-07 06:00:00+00:00,24957.051273857855
2030-10-07 07:00:00+00:00,24569.990261193278
2030-10-07 08:00:00+00:00,24235.3204419814
2030-10-07 09:00:00+00:00,24178.493931190995
2030-10-07 10:00:00+00:00,24076.36361253053
2030-10-07 11:00:00+00:00,24243.496154606146
2030-10-07 12:00:00+00:00,24327.656083824204
2030-10-07 13:00:00+00:00,24578.707817337814
2030-10-07 14:00:00+00:00,24991.47404322927
2030-10-07 15:00:00+00:00,25109.997508030636
2030-10-07 16:00:00+00:00,24489.77374625312
2030-10-07 17:00:00+00:00,23708.546603461717
2030-10-07 18:00:00+00:00,22805.420962884124
2030-10-07 19:00:00+00:00,21794.262730362996
2030-10-07 20:00:00+00:00,20857.802566931718
2030-10-07 21:00:00+00:00,19878.02947036034
2030-10-07 22:00:00+00:00,19072.519671057406
2030-10-07 23:00:00+00:00,18722.010948732248
2030-10-08 00:00:00+00:00,18167.308145840638
2030-10-08 01:00:00+00:00,18260.61538243013
2030-10-08 02:00:00+00:00,18716.39576204794
2030-10-08 03:00:00+00:00,20228.01522494285
2030-10-08 04:00:00+00:00,22588.304506139004
2030-10-08 05:00:00+00:00,24472.7443220602
2030-10-08 06:00:00+00:00,24273.034499869038
2030-10-08 07:00:00+00:00,23835.770997742842
2030-10-08 08:00:00+00:00,23516.727867437938
2030-10-08 09:00:00+00:00,23509.513737797417
2030-10-08 10:00:00+00:00,23559.29402786426
2030-10-08 11:00:00+00:00,23482.714594214074
2030-10-08 12:00:00+00:00,23707.09765382398
2030-10-08 13:00:00+00:00,24124.592986712854
2030-10-08 14:00:00+00:00,24608.7981834915
2030-10-08 15:00:00+00:00,24681.939055603052
2030-10-08 16:00:00+00:00,24023.387360139193
2030-10-08 17:00:00+00:00,23132.451076544407
2030-10-08 18:00:00+00:00,22114.44222199101
2030-10-08 19:00:00+00:00,21123.248012522297
2030-10-08 20:00:00+00:00,20314.210375692935
2030-10-08 21:00:00+00:00,19566.934785978116
2030-10-08 22:00:00+00:00,18747.28304464835
2030-10-08 23:00:00+00:00,18373.8224598522
2030-10-09 00:00:00+00:00,18285.084697369504
2030-10-09 01:00:00+00:00,18337.837055430005
2030-10-09 02:00:00+00:00,18813.701519346392
2030-10-09 03:00:00+00:00,20274.57279294665
2030-10-09 04:00:00+00:00,22613.771627142654
2030-10-09 05:00:00+00:00,24604.113047619507
2030-10-09 06:00:00+00:00,24559.818334363892
2030-10-09 07:00:00+00:00,24166.607431862987
2030-10-09 08:00:00+00:00,23897.457646539926
2030-10-09 09:00:00+00:00,23960.825102201936
2030-10-09 10:00:00+00:00,23987.7425842153
2030-10-09 11:00:00+00:00,24169.050234252412
2030-10-09 12:00:00+00:00,24294.836174242293
2030-10-09 13:00:00+00:00,24692.38538975728
2030-10-09 14:00:00+00:00,25100.29323777044
2030-10-09 15:00:00+00:00,25065.027079369862
2030-10-09 16:00:00+00:00,24477.230326807126
2030-10-09 17:00:00+00:00,23622.23494939591
2030-10-09 18:00:00+00:00,22482.41862055127
2030-10-09 19:00:00+00:00,21513.843839854322
2030-10-09 20:00:00+00:00,20685.422408146733
2030-10-09 21:00:00+00:00,19809.533708320192
2030-10-09 22:00:00+00:00,18985.224242867876
2030-10-09 23:00:00+00:00,18601.19463238755
2030-10-10 00:00:00+00:00,20053.62803554258
2030-10-10 01:00:00+00:00,20271.24208475962
2030-10-10 02:00:00+00:00,21302.510838930484
2030-10-10 03:00:00+00:00,23768.036505931403
2030-10-10 04:00:00+00:00,26306.964803283136
2030-10-10 05:00:00+00:00,28001.196848290765
2030-10-10 06:00:00+00:00,27748.495655731444
2030-10-10 07:00:00+00:00,27387.425801861016
2030-10-10 08:00:00+00:00,26802.788343470715
2030-10-10 09:00:00+00:00,26840.093447398336
2030-10-10 10:00:00+00:00,26948.263563474884
2030-10-10 11:00:00+00:00,27118.063694577828
2030-10-10 12:00:00+00:00,27235.701665039105
2030-10-10 13:00:00+00:00,27537.57566919046
2030-10-10 14:00:00+00:00,28021.738574460913
2030-10-10 15:00:00+00:00,28200.094824246633
2030-10-10 16:00:00+00:00,27897.01425084822
2030-10-10 17:00:00+00:00,27075.839596311438
2030-10-10 18:00:00+00:00,25828.17508020169
2030-10-10 19:00:00+00:00,24444.697388590084
2030-10-10 20:00:00+00:00,23162.91597594116
2030-10-10 21:00:00+00:00,21834.73176363705
2030-10-10 22:00:00+00:00,20707.373304738965
2030-10-10 23:00:00+00:00,20322.811593710085
2030-10-11 00:00:00+00:00,20559.710271712018
2030-10-11 01:00:00+00:00,20783.68929681971
2030-10-11 02:00:00+00:00,21955.16461784068
2030-10-11 03:00:00+00:00,24663.213084594907
2030-10-11 04:00:00+00:00,27090.788097108503
2030-10-11 05:00:00+00:00,28700.59449935034
2030-10-11 06:00:00+00:00,28495.89405291329
2030-10-11 07:00:00+00:00,28122.436784277532
2030-10-11 08:00:00+00:00,28000.43205314624
2030-10-11 09:00:00+00:00,28193.885464964456
2030-10-11 10:00:00+00:00,28409.448787945134
2030-10-11 11:00:00+00:00,28628.12745502941
2030-10-11 12:00:00+00:00,28785.57675687883
2030-10-11 13:00:00+00:00,28731.75979151781
2030-10-11 14:00:00+00:00,28767.20468941588
2030-10-11 15:00:00+00:00,28820.522526596284
2030-10-11 16:00:00+00:00,28596.72888798393
2030-10-11 17:00:00+00:00,27809.485665950215
2030-10-11 18:00:00+00:00,26631.758873475843
2030-10-11 19:00:00+00:00,25257.196691652793
2030-10-11 20:00:00+00:00,23936.26266439818
2030-10-11 21:00:00+00:00,22503.682347483315
2030-10-11 22:00:00+00:00,21403.1129535165
2030-10-11 23:00:00+00:00,20920.115623483518
2030-10-12 00:00:00+00:00,20641.76405846843
2030-10-12 01:00:00+00:00,20795.044347101997
2030-10-12 02:00:00+00:00,21736.74489222589
2030-10-12 03:00:00+00:00,23611.37450021973
2030-10-12 04:00:00+00:00,24444.59827997772
2030-10-12 05:00:00+00:00,24939.147173680136
2030-10-12 06:00:00+00:00,25697.653457381195
2030-10-12 07:00:00+00:00,26528.69266551234
2030-10-12 08:00:00+00:00,27022.4622711262
2030-10-12 09:00:00+00:00,27227.22034711477
2030-10-12 10:00:00+00:00,27173.022381885694
2030-10-12 11:00:00+00:00,26915.29498057419
2030-10-12 12:00:00+00:00,26734.17000013973
2030-10-12 13:00:00+00:00,26513.49568085848
2030-10-12 14:00:00+00:00,26396.074323712823
2030-10-12 15:00:00+00:00,26494.402025873675
2030-10-12 16:00:00+00:00,26581.94021439535
2030-10-12 17:00:00+00:00,26264.542579061683
2030-10-12 18:00:00+00:00,25476.445979286513
2030-10-12 19:00:00+00:00,24253.5150758126
2030-10-12 20:00:00+00:00,23185.081790342476
2030-10-12 21:00:00+00:00,22102.627606142763
2030-10-12 22:00:00+00:00,21057.897388944024
2030-10-12 23:00:00+00:00,20670.300459455004
2030-10-13 00:00:00+00:00,19943.342210508315
2030-10-13 01:00:00+00:00,20035.202388854977
2030-10-13 02:00:00+00:00,20754.333849162183
2030-10-13 03:00:00+00:00,22189.501141261946
2030-10-13 04:00:00+00:00,22706.038588833955
2030-10-13 05:00:00+00:00,22794.255804077824
2030-10-13 06:00:00+00:00,23237.007485463328
2030-10-13 07:00:00+00:00,24137.545909577926
2030-10-13 08:00:00+00:00,25068.740938700463
2030-10-13 09:00:00+00:00,25656.532607599987
2030-10-13 10:00:00+00:00,25821.88349488224
2030-10-13 11:00:00+00:00,25815.67332642379
2030-10-13 12:00:00+00:00,25918.568934161187
2030-10-13 13:00:00+00:00,25854.267602086657
2030-10-13 14:00:00+00:00,25998.310473626265
2030-10-13 15:00:00+00:00,26368.616934912552
2030-10-13 16:00:00+00:00,26402.62994106098
2030-10-13 17:00:00+00:00,26293.013604503685
2030-10-13 18:00:00+00:00,25387.888975881182
2030-10-13 19:00:00+00:00,24034.581313856634
2030-10-13 20:00:00+00:00,22772.016996940478
2030-10-13 21:00:00+00:00,21482.308929473216
2030-10-13 22:00:00+00:00,20359.95450297145
2030-10-13 23:00:00+00:00,20055.713335005476
2030-10-14 00:00:00+00:00,19261.717249671525
2030-10-14 01:00:00+00:00,19424.93109937404
2030-10-14 02:00:00+00:00,20406.228256165174
2030-10-14 03:00:00+00:00,22760.910345664262
2030-10-14 04:00:00+00:00,25266.773212366552
2030-10-14 05:00:00+00:00,26921.758322009675
2030-10-14 06:00:00+00:00,26707.847827148762
2030-10-14 07:00:00+00:00,26285.56596821813
2030-10-14 08:00:00+00:00,26038.74069057702
2030-10-14 09:00:00+00:00,25993.43343530471
2030-10-14 10:00:00+00:00,25790.788727800245
2030-10-14 11:00:00+00:00,25853.16488925397
2030-10-14 12:00:00+00:00,25979.55652186123
2030-10-14 13:00:00+00:00,26256.14086525718
2030-10-14 14:00:00+00:00,26884.499048733236
2030-10-14 15:00:00+00:00,26974.79371192062
2030-10-14 16:00:00+00:00,26470.406838946306
2030-10-14 17:00:00+00:00,25610.92263468765
2030-10-14 18:00:00+00:00,24442.06141821999
2030-10-14 19:00:00+00:00,23260.44404593704
2030-10-14 20:00:00+00:00,22343.03275057933
2030-10-14 21:00:00+00:00,21256.682538807483
2030-10-14 22:00:00+00:00,20291.98402007619
2030-10-14 23:00:00+00:00,19811.85740842001
2030-10-15 00:00:00+00:00,19572.73136252639
2030-10-15 01:00:00+00:00,19790.897560880265
2030-10-15 02:00:00+00:00,20631.799470803042
2030-10-15 03:00:00+00:00,22773.787319523435
2030-10-15 04:00:00+00:00,25308.735870840374
2030-10-15 05:00:00+00:00,26973.272449054053
2030-10-15 06:00:00+00:00,26824.785515582855
2030-10-15 07:00:00+00:00,26348.206909890614
2030-10-15 08:00:00+00:00,25847.382117719604
2030-10-15 09:00:00+00:00,25692.789385422042
2030-10-15 10:00:00+00:00,25560.903885191565
2030-10-15 11:00:00+00:00,25646.836752375086
2030-10-15 12:00:00+00:00,25841.6564482383
2030-10-15 13:00:00+00:00,26254.034710912452
2030-10-15 14:00:00+00:00,26890.472468930504
2030-10-15 15:00:00+00:00,27022.408298284587
2030-10-15 16:00:00+00:00,26622.407768133755
2030-10-15 17:00:00+00:00,25706.135774823037
2030-10-15 18:00:00+00:00,24490.744523992707
2030-10-15 19:00:00+00:00,23292.992701449217
2030-10-15 20:00:00+00:00,22363.990680239458
2030-10-15 21:00:00+00:00,21295.027947434854
2030-10-15 22:00:00+00:00,20327.027100959636
2030-10-15 23:00:00+00:00,19902.838814901137
2030-10-16 00:00:00+00:00,19628.497954777555
2030-10-16 01:00:00+00:00,19818.168379093764
2030-10-16 02:00:00+00:00,20638.978230200486
2030-10-16 03:00:00+00:00,22828.108652472307
2030-10-16 04:00:00+00:00,25358.5793036852
2030-10-16 05:00:00+00:00,27048.17175753315
2030-10-16 06:00:00+00:00,26920.189017859255
2030-10-16 07:00:00+00:00,26467.79665167223
2030-10-16 08:00:00+00:00,26053.01329181129
2030-10-16 09:00:00+00:00,26032.81046935759
2030-10-16 10:00:00+00:00,26006.871481999955
2030-10-16 11:00:00+00:00,26256.485155262253
2030-10-16 12:00:00+00:00,26421.71521787237
2030-10-16 13:00:00+00:00,26757.69090187499
2030-10-16 14:00:00+00:00,27365.617672643933
2030-10-16 15:00:00+00:00,27402.86950418214
2030-10-16 16:00:00+00:00,26937.082184706916
2030-10-16 17:00:00+00:00,25994.206823343295
2030-10-16 18:00:00+00:00,24762.183336167593
2030-10-16 19:00:00+00:00,23516.017332529966
2030-10-16 20:00:00+00:00,22526.85805994114
2030-10-16 21:00:00+00:00,21384.94544209284
2030-10-16 22:00:00+00:00,20393.178450277137
2030-10-16 23:00:00+00:00,19934.24304751075
2030-10-17 00:00:00+00:00,18809.137384850168
2030-10-17 01:00:00+00:00,18902.64451815257
2030-10-17 02:00:00+00:00,19436.76172679658
2030-10-17 03:00:00+00:00,21111.726765965657
2030-10-17 04:00:00+00:00,23455.342157420917
2030-10-17 05:00:00+00:00,25308.72887689689
2030-10-17 06:00:00+00:00,25193.87975781379
2030-10-17 07:00:00+00:00,24868.52506092918
2030-10-17 08:00:00+00:00,24639.36336961077
2030-10-17 09:00:00+00:00,24704.7331845026
2030-10-17 10:00:00+00:00,24647.396091447776
2030-10-17 11:00:00+00:00,24739.361534237145
2030-10-17 12:00:00+00:00,24922.714420376702
2030-10-17 13:00:00+00:00,25436.870374013186
2030-10-17 14:00:00+00:00,25680.400722432336
2030-10-17 15:00:00+00:00,25546.050343867842
2030-10-17 16:00:00+00:00,25245.8709768718
2030-10-17 17:00:00+00:00,24464.386214623206
2030-10-17 18:00:00+00:00,23278.600230184253
2030-10-17 19:00:00+00:00,22175.939251323496
2030-10-17 20:00:00+00:00,21386.24093685082
2030-10-17 21:00:00+00:00,20468.08195394253
2030-10-17 22:00:00+00:00,19484.670079084535
2030-10-17 23:00:00+00:00,19016.648971626677
2030-10-18 00:00:00+00:00,18855.992123008193
2030-10-18 01:00:00+00:00,18941.322043408974
2030-10-18 02:00:00+00:00,19486.88186280355
2030-10-18 03:00:00+00:00,21138.18492550777
2030-10-18 04:00:00+00:00,23352.09798963021
2030-10-18 05:00:00+00:00,25167.844064148438
2030-10-18 06:00:00+00:00,25132.307080344133
2030-10-18 07:00:00+00:00,24878.674946552477
2030-10-18 08:00:00+00:00,24862.822210111808
2030-10-18 09:00:00+00:00,25185.456486310253
2030-10-18 10:00:00+00:00,25457.400219554645
2030-10-18 11:00:00+00:00,25750.911854952064
2030-10-18 12:00:00+00:00,25811.11247813814
2030-10-18 13:00:00+00:00,25856.18485846632
2030-10-18 14:00:00+00:00,25727.50337530754
2030-10-18 15:00:00+00:00,25566.28831533166
2030-10-18 16:00:00+00:00,25199.70230363572
2030-10-18 17:00:00+00:00,24628.991140217975
2030-10-18 18:00:00+00:00,23495.905790037035
2030-10-18 19:00:00+00:00,22367.601893896765
2030-10-18 20:00:00+00:00,21640.689437928933
2030-10-18 21:00:00+00:00,20811.51714743706
2030-10-18 22:00:00+00:00,19876.966923867807
2030-10-18 23:00:00+00:00,19294.622254105223
2030-10-19 00:00:00+00:00,18348.472122494135
2030-10-19 01:00:00+00:00,18300.295121460786
2030-10-19 02:00:00+00:00,18487.80669713479
2030-10-19 03:00:00+00:00,19048.10748812055
2030-10-19 04:00:00+00:00,19584.008128767222
2030-10-19 05:00:00+00:00,20303.611050246018
2030-10-19 06:00:00+00:00,21252.964202506282
2030-10-19 07:00:00+00:00,22429.978190749865
2030-10-19 08:00:00+00:00,23161.130733739057
2030-10-19 09:00:00+00:00,23490.278504814847
2030-10-19 10:00:00+00:00,23370.933408549692
2030-10-19 11:00:00+00:00,23385.97768736872
2030-10-19 12:00:00+00:00,23152.532769910602
2030-10-19 13:00:00+00:00,22834.17065787861
2030-10-19 14:00:00+00:00,22645.295631916997
2030-10-19 15:00:00+00:00,22629.691150613908
2030-10-19 16:00:00+00:00,22569.93869464702
2030-10-19 17:00:00+00:00,22056.88117727783
2030-10-19 18:00:00+00:00,21296.71291725655
2030-10-19 19:00:00+00:00,20475.0609133176
2030-10-19 20:00:00+00:00,20104.939090973232
2030-10-19 21:00:00+00:00,19685.441786564857
2030-10-19 22:00:00+00:00,19075.55534898778
2030-10-19 23:00:00+00:00,18562.202067591323
2030-10-20 00:00:00+00:00,17683.082818375144
2030-10-20 01:00:00+00:00,17523.070993674402
2030-10-20 02:00:00+00:00,17480.13841251354
2030-10-20 03:00:00+00:00,17699.842935659406
2030-10-20 04:00:00+00:00,17932.350783206653
2030-10-20 05:00:00+00:00,18268.99437574419
2030-10-20 06:00:00+00:00,18921.538386801334
2030-10-20 07:00:00+00:00,20134.584110773612
2030-10-20 08:00:00+00:00,21164.752527608744
2030-10-20 09:00:00+00:00,21908.780270668485
2030-10-20 10:00:00+00:00,22133.596634475183
2030-10-20 11:00:00+00:00,22335.745224684935
2030-10-20 12:00:00+00:00,22233.472502280994
2030-10-20 13:00:00+00:00,22018.053250318757
2030-10-20 14:00:00+00:00,22029.04893713619
2030-10-20 15:00:00+00:00,22237.236461536886
2030-10-20 16:00:00+00:00,22298.25937320611
2030-10-20 17:00:00+00:00,22059.193062369024
2030-10-20 18:00:00+00:00,21192.7379570722
2030-10-20 19:00:00+00:00,20161.6229476454
2030-10-20 20:00:00+00:00,19473.531732337466
2030-10-20 21:00:00+00:00,18905.0255837873
2030-10-20 22:00:00+00:00,18230.550399848227
2030-10-20 23:00:00+00:00,17831.544818529677
2030-10-21 00:00:00+00:00,17687.26548202969
2030-10-21 01:00:00+00:00,17762.78501037299
2030-10-21 02:00:00+00:00,18187.32381879201
2030-10-21 03:00:00+00:00,19580.498091785714
2030-10-21 04:00:00+00:00,21833.228454257704
2030-10-21 05:00:00+00:00,23688.133365849164
2030-10-21 06:00:00+00:00,23721.964619910297
2030-10-21 07:00:00+00:00,23353.322733722754
2030-10-21 08:00:00+00:00,23066.38262082946
2030-10-21 09:00:00+00:00,23033.782626447057
2030-10-21 10:00:00+00:00,23002.127563949234
2030-10-21 11:00:00+00:00,23018.077943219887
2030-10-21 12:00:00+00:00,23204.62157927901
2030-10-21 13:00:00+00:00,23540.212257869254
2030-10-21 14:00:00+00:00,23897.25268780652
2030-10-21 15:00:00+00:00,23832.294926873496
2030-10-21 16:00:00+00:00,23302.79479013942
2030-10-21 17:00:00+00:00,22503.12712958978
2030-10-21 18:00:00+00:00,21384.816191309455
2030-10-21 19:00:00+00:00,20413.535856435417
2030-10-21 20:00:00+00:00,19807.791090710896
2030-10-21 21:00:00+00:00,19180.352515264367
2030-10-21 22:00:00+00:00,18518.22362003052
2030-10-21 23:00:00+00:00,18080.952255618715
2030-10-22 00:00:00+00:00,17765.33243392751
2030-10-22 01:00:00+00:00,17754.04566516214
2030-10-22 02:00:00+00:00,18070.13376789129
2030-10-22 03:00:00+00:00,19229.206062486854
2030-10-22 04:00:00+00:00,21533.959452124207
2030-10-22 05:00:00+00:00,23614.779289149355
2030-10-22 06:00:00+00:00,23573.660316544043
2030-10-22 07:00:00+00:00,23018.004660503528
2030-10-22 08:00:00+00:00,22742.572393503146
2030-10-22 09:00:00+00:00,22725.956363400543
2030-10-22 10:00:00+00:00,22658.603050506004
2030-10-22 11:00:00+00:00,22861.090273679314
2030-10-22 12:00:00+00:00,23000.836942211576
2030-10-22 13:00:00+00:00,23404.016541999215
2030-10-22 14:00:00+00:00,23844.954681937827
2030-10-22 15:00:00+00:00,23891.12247763749
2030-10-22 16:00:00+00:00,23562.647870256194
2030-10-22 17:00:00+00:00,22600.214151669763
2030-10-22 18:00:00+00:00,21437.070555254908
2030-10-22 19:00:00+00:00,20577.42053236703
2030-10-22 20:00:00+00:00,19915.344316401246
2030-10-22 21:00:00+00:00,19273.24238012125
2030-10-22 22:00:00+00:00,18454.43806110522
2030-10-22 23:00:00+00:00,17987.484117871794
2030-10-23 00:00:00+00:00,17846.854080558987
2030-10-23 01:00:00+00:00,17882.45119488081
2030-10-23 02:00:00+00:00,18165.151981629122
2030-10-23 03:00:00+00:00,19314.965309048206
2030-10-23 04:00:00+00:00,21561.896702098835
2030-10-23 05:00:00+00:00,23737.38286786955
2030-10-23 06:00:00+00:00,23719.666071013646
2030-10-23 07:00:00+00:00,23192.090194394266
2030-10-23 08:00:00+00:00,22998.88347114199
2030-10-23 09:00:00+00:00,23091.950282050373
2030-10-23 10:00:00+00:00,23087.033147431455
2030-10-23 11:00:00+00:00,23355.15319420845
2030-10-23 12:00:00+00:00,23538.391294343837
2030-10-23 13:00:00+00:00,23702.70057550764
2030-10-23 14:00:00+00:00,24121.31766936165
2030-10-23 15:00:00+00:00,24058.930305132737
2030-10-23 16:00:00+00:00,23623.45127851172
2030-10-23 17:00:00+00:00,22826.106812881993
2030-10-23 18:00:00+00:00,21710.385608519056
2030-10-23 19:00:00+00:00,20688.244551054424
2030-10-23 20:00:00+00:00,20025.455725123233
2030-10-23 21:00:00+00:00,19322.278828830742
2030-10-23 22:00:00+00:00,18526.931204261047
2030-10-23 23:00:00+00:00,18071.35994063668
2030-10-24 00:00:00+00:00,18675.260560696122
2030-10-24 01:00:00+00:00,18745.738366962163
2030-10-24 02:00:00+00:00,19403.917057462135
2030-10-24 03:00:00+00:00,21092.627204730943
2030-10-24 04:00:00+00:00,23439.04825270081
2030-10-24 05:00:00+00:00,25320.25289247405
2030-10-24 06:00:00+00:00,25343.61637126126
2030-10-24 07:00:00+00:00,24939.996642627706
2030-10-24 08:00:00+00:00,24670.241690158287
2030-10-24 09:00:00+00:00,24273.349830577277
2030-10-24 10:00:00+00:00,24269.59846520021
2030-10-24 11:00:00+00:00,24441.061529888615
2030-10-24 12:00:00+00:00,24623.340321077754
2030-10-24 13:00:00+00:00,25128.274158434604
2030-10-24 14:00:00+00:00,25609.767944768704
2030-10-24 15:00:00+00:00,25602.315422660504
2030-10-24 16:00:00+00:00,25315.184125017684
2030-10-24 17:00:00+00:00,24506.95142067139
2030-10-24 18:00:00+00:00,23299.558700711288
2030-10-24 19:00:00+00:00,22128.93524582107
2030-10-24 20:00:00+00:00,21215.714546712574
2030-10-24 21:00:00+00:00,20325.93915694958
2030-10-24 22:00:00+00:00,19386.02983586656
2030-10-24 23:00:00+00:00,18968.809161303758
2030-10-25 00:00:00+00:00,17886.352838487153
2030-10-25 01:00:00+00:00,17906.9456619789
2030-10-25 02:00:00+00:00,18168.7580386512
2030-10-25 03:00:00+00:00,19267.36862606422
2030-10-25 04:00:00+00:00,21279.89969707981
2030-10-25 05:00:00+00:00,23214.28028761531
2030-10-25 06:00:00+00:00,23283.163422618094
2030-10-25 07:00:00+00:00,23183.608623681597
2030-10-25 08:00:00+00:00,23290.223392746866
2030-10-25 09:00:00+00:00,23504.390200015758
2030-10-25 10:00:00+00:00,23838.159282578
2030-10-25 11:00:00+00:00,24159.881673139807
2030-10-25 12:00:00+00:00,24292.69810034786
2030-10-25 13:00:00+00:00,24324.62223944498
2030-10-25 14:00:00+00:00,24225.356941875016
2030-10-25 15:00:00+00:00,24017.0694954896
2030-10-25 16:00:00+00:00,23742.900334577072
2030-10-25 17:00:00+00:00,22904.85337478681
2030-10-25 18:00:00+00:00,21754.41328319396
2030-10-25 19:00:00+00:00,20761.325094954333
2030-10-25 20:00:00+00:00,20235.485868461616
2030-10-25 21:00:00+00:00,19691.93188752852
2030-10-25 22:00:00+00:00,18894.918302210677
2030-10-25 23:00:00+00:00,18273.53589984603
2030-10-26 00:00:00+00:00,17939.26445472683
2030-10-26 01:00:00+00:00,17811.605313648754
2030-10-26 02:00:00+00:00,17832.02378953981
2030-10-26 03:00:00+00:00,18095.877964209343
2030-10-26 04:00:00+00:00,18572.734185759466
2030-10-26 05:00:00+00:00,19392.983533733124
2030-10-26 06:00:00+00:00,20535.027157708584
2030-10-26 07:00:00+00:00,21670.493695309422
2030-10-26 08:00:00+00:00,22385.839772592208
2030-10-26 09:00:00+00:00,22687.942463131927
2030-10-26 10:00:00+00:00,22648.021473592653
2030-10-26 11:00:00+00:00,22446.119204721883
2030-10-26 12:00:00+00:00,22243.28387246755
2030-10-26 13:00:00+00:00,21985.52524162878
2030-10-26 14:00:00+00:00,21705.92828791903
2030-10-26 15:00:00+00:00,21648.03312906926
2030-10-26 16:00:00+00:00,21689.88287794164
2030-10-26 17:00:00+00:00,21275.294766534702
2030-10-26 18:00:00+00:00,20442.63263230152
2030-10-26 19:00:00+00:00,19601.03072537025
2030-10-26 20:00:00+00:00,19269.78025142589
2030-10-26 21:00:00+00:00,18981.773283996
2030-10-26 22:00:00+00:00,18384.513950797387
2030-10-26 23:00:00+00:00,17856.89172577523
2030-10-27 00:00:00+00:00,17861.700610893637
2030-10-27 01:00:00+00:00,17753.21470570024
2030-10-27 02:00:00+00:00,17639.101945589726
2030-10-27 03:00:00+00:00,17778.16984872178
2030-10-27 04:00:00+00:00,18053.191297585574
2030-10-27 05:00:00+00:00,18361.372651457918
2030-10-27 06:00:00+00:00,18751.938034108516
2030-10-27 07:00:00+00:00,19450.465229386256
2030-10-27 08:00:00+00:00,20485.01120090554
2030-10-27 09:00:00+00:00,21513.82743126513
2030-10-27 10:00:00+00:00,22239.94607690667
2030-10-27 11:00:00+00:00,22392.694647157798
2030-10-27 12:00:00+00:00,22411.205497198247
2030-10-27 13:00:00+00:00,22436.73769425833
2030-10-27 14:00:00+00:00,22349.603012171432
2030-10-27 15:00:00+00:00,22376.072750892985
2030-10-27 16:00:00+00:00,22870.222952993627
2030-10-27 17:00:00+00:00,22962.39633035416
2030-10-27 18:00:00+00:00,22232.451773548793
2030-10-27 19:00:00+00:00,21342.01712203574
2030-10-27 20:00:00+00:00,20437.37876741537
2030-10-27 21:00:00+00:00,19747.99505688436
2030-10-27 22:00:00+00:00,19142.85670302158
2030-10-27 23:00:00+00:00,18381.884428346777
2030-10-28 00:00:00+00:00,18184.049317482855
2030-10-28 01:00:00+00:00,17991.288281486362
2030-10-28 02:00:00+00:00,18099.510616876316
2030-10-28 03:00:00+00:00,18615.050456580382
2030-10-28 04:00:00+00:00,20196.457347275023
2030-10-28 05:00:00+00:00,22450.387199331228
2030-10-28 06:00:00+00:00,24114.89806039525
2030-10-28 07:00:00+00:00,24184.382087023503
2030-10-28 08:00:00+00:00,23912.31483375613
2030-10-28 09:00:00+00:00,23763.728486543918
2030-10-28 10:00:00+00:00,23928.507823233525
2030-10-28 11:00:00+00:00,23817.747931903694
2030-10-28 12:00:00+00:00,23792.728957755764
2030-10-28 13:00:00+00:00,23732.979107368094
2030-10-28 14:00:00+00:00,24124.01550159557
2030-10-28 15:00:00+00:00,24544.242688306655
2030-10-28 16:00:00+00:00,24787.602289507493
2030-10-28 17:00:00+00:00,24428.330711629606
2030-10-28 18:00:00+00:00,23163.63595434811
2030-10-28 19:00:00+00:00,21973.65057139524
2030-10-28 20:00:00+00:00,21046.585875004865
2030-10-28 21:00:00+00:00,20328.090429437307
2030-10-28 22:00:00+00:00,19620.61090069848
2030-10-28 23:00:00+00:00,18864.592893167486
2030-10-29 00:00:00+00:00,19726.18270972673
2030-10-29 01:00:00+00:00,19562.89554658741
2030-10-29 02:00:00+00:00,19764.380624264148
2030-10-29 03:00:00+00:00,20671.962849191023
2030-10-29 04:00:00+00:00,22958.979052513812
2030-10-29 05:00:00+00:00,25417.49698997528
2030-10-29 06:00:00+00:00,27017.794213979352
2030-10-29 07:00:00+00:00,26925.01560467073
2030-10-29 08:00:00+00:00,26538.948554922834
2030-10-29 09:00:00+00:00,26048.05837523434
2030-10-29 10:00:00+00:00,26002.53722067999
2030-10-29 11:00:00+00:00,25840.65645613879
2030-10-29 12:00:00+00:00,25853.254775080684
2030-10-29 13:00:00+00:00,26017.089885630336
2030-10-29 14:00:00+00:00,26472.24537300862
2030-10-29 15:00:00+00:00,27174.337444289744
2030-10-29 16:00:00+00:00,27482.833901439084
2030-10-29 17:00:00+00:00,27187.455368470215
2030-10-29 18:00:00+00:00,25883.777270817955
2030-10-29 19:00:00+00:00,24594.531973403366
2030-10-29 20:00:00+00:00,23332.707230015123
2030-10-29 21:00:00+00:00,22328.766846839662
2030-10-29 22:00:00+00:00,21198.810853903193
2030-10-29 23:00:00+00:00,20323.836993208723
2030-10-30 00:00:00+00:00,20451.773906892206
2030-10-30 01:00:00+00:00,20283.641066345386
2030-10-30 02:00:00+00:00,20503.87983727821
2030-10-30 03:00:00+00:00,21592.498606372814
2030-10-30 04:00:00+00:00,24160.090151700122
2030-10-30 05:00:00+00:00,26716.83996225386
2030-10-30 06:00:00+00:00,28187.54229546904
2030-10-30 07:00:00+00:00,28043.046568236445
2030-10-30 08:00:00+00:00,27559.97578548815
2030-10-30 09:00:00+00:00,27100.505774751546
2030-10-30 10:00:00+00:00,26985.417881527686
2030-10-30 11:00:00+00:00,26923.38624945311
2030-10-30 12:00:00+00:00,27125.163224168766
2030-10-30 13:00:00+00:00,27187.04243724475
2030-10-30 14:00:00+00:00,27520.16562399576
2030-10-30 15:00:00+00:00,28183.8158494333
2030-10-30 16:00:00+00:00,28735.857351928593
2030-10-30 17:00:00+00:00,28483.721753860154
2030-10-30 18:00:00+00:00,27245.011769410274
2030-10-30 19:00:00+00:00,25930.132889485893
2030-10-30 20:00:00+00:00,24608.81628750286
2030-10-30 21:00:00+00:00,23328.087820768327
2030-10-30 22:00:00+00:00,22080.59820085898
2030-10-30 23:00:00+00:00,20940.047518807445
2030-10-31 00:00:00+00:00,20223.62341004119
2030-10-31 01:00:00+00:00,19988.452121916554
2030-10-31 02:00:00+00:00,20156.527937453262
2030-10-31 03:00:00+00:00,21080.313910939094
2030-10-31 04:00:00+00:00,23459.25528481115
2030-10-31 05:00:00+00:00,25842.679424933584
2030-10-31 06:00:00+00:00,27263.834967058552
2030-10-31 07:00:00+00:00,27237.51774907882
2030-10-31 08:00:00+00:00,26807.30511638054
2030-10-31 09:00:00+00:00,26461.007677928235
2030-10-31 10:00:00+00:00,26346.345346496833
2030-10-31 11:00:00+00:00,26291.276088032944
2030-10-31 12:00:00+00:00,26322.518033034623
2030-10-31 13:00:00+00:00,26505.657398583982
2030-10-31 14:00:00+00:00,27054.398133060735
2030-10-31 15:00:00+00:00,27675.793497885854
2030-10-31 16:00:00+00:00,28008.555403244663
2030-10-31 17:00:00+00:00,27615.22037513993
2030-10-31 18:00:00+00:00,26464.006362493496
2030-10-31 19:00:00+00:00,25177.802356046326
2030-10-31 20:00:00+00:00,23905.502189355593
2030-10-31 21:00:00+00:00,22786.60393470588
2030-10-31 22:00:00+00:00,21618.5841941752
2030-10-31 23:00:00+00:00,20531.977522428922
2030-11-01 00:00:00+00:00,19871.82558238787
2030-11-01 01:00:00+00:00,19624.54180029662
2030-11-01 02:00:00+00:00,19719.779802135166
2030-11-01 03:00:00+00:00,20448.20395501811
2030-11-01 04:00:00+00:00,22352.924658124277
2030-11-01 05:00:00+00:00,24158.367764795454
2030-11-01 06:00:00+00:00,25237.99534308664
2030-11-01 07:00:00+00:00,25046.94003572549
2030-11-01 08:00:00+00:00,24944.611991251488
2030-11-01 09:00:00+00:00,25032.309472237073
2030-11-01 10:00:00+00:00,25374.536515667984
2030-11-01 11:00:00+00:00,25938.75531324094
2030-11-01 12:00:00+00:00,25988.213755935936
2030-11-01 13:00:00+00:00,26067.45902574789
2030-11-01 14:00:00+00:00,26166.265264565074
2030-11-01 15:00:00+00:00,26302.29481492071
2030-11-01 16:00:00+00:00,26508.41888720442
2030-11-01 17:00:00+00:00,26326.050117704934
2030-11-01 18:00:00+00:00,25388.51813420898
2030-11-01 19:00:00+00:00,24242.977917175664
2030-11-01 20:00:00+00:00,23156.78929848785
2030-11-01 21:00:00+00:00,22310.04015624702
2030-11-01 22:00:00+00:00,21314.54152969789
2030-11-01 23:00:00+00:00,20274.371185756245
2030-11-02 00:00:00+00:00,19270.133021225374
2030-11-02 01:00:00+00:00,18971.504175060112
2030-11-02 02:00:00+00:00,18957.59118609384
2030-11-02 03:00:00+00:00,19438.703629611588
2030-11-02 04:00:00+00:00,20502.095916934748
2030-11-02 05:00:00+00:00,21223.13514934254
2030-11-02 06:00:00+00:00,21755.980956997995
2030-11-02 07:00:00+00:00,22715.840175422152
2030-11-02 08:00:00+00:00,23812.5733497657
2030-11-02 09:00:00+00:00,24484.336351570295
2030-11-02 10:00:00+00:00,24677.30233068632
2030-11-02 11:00:00+00:00,24675.92850314262
2030-11-02 12:00:00+00:00,24611.288083924384
2030-11-02 13:00:00+00:00,24455.022975131793
2030-11-02 14:00:00+00:00,24235.582507008825
2030-11-02 15:00:00+00:00,24105.626647773912
2030-11-02 16:00:00+00:00,24359.258859144695
2030-11-02 17:00:00+00:00,24412.01165752488
2030-11-02 18:00:00+00:00,23621.23965630696
2030-11-02 19:00:00+00:00,22752.365869862064
2030-11-02 20:00:00+00:00,21816.58387310876
2030-11-02 21:00:00+00:00,21113.062027827957
2030-11-02 22:00:00+00:00,20515.879811658608
2030-11-02 23:00:00+00:00,19704.540262281374
2030-11-03 00:00:00+00:00,20154.78524374872
2030-11-03 01:00:00+00:00,19833.093094126503
2030-11-03 02:00:00+00:00,19874.636492480666
2030-11-03 03:00:00+00:00,20617.605834581314
2030-11-03 04:00:00+00:00,22033.24233421963
2030-11-03 05:00:00+00:00,22563.542353278397
2030-11-03 06:00:00+00:00,22578.225327134114
2030-11-03 07:00:00+00:00,23017.164627275113
2030-11-03 08:00:00+00:00,23938.89451144117
2030-11-03 09:00:00+00:00,24761.440886001248
2030-11-03 10:00:00+00:00,25492.77943666829
2030-11-03 11:00:00+00:00,25776.906649719826
2030-11-03 12:00:00+00:00,25704.766944201863
2030-11-03 13:00:00+00:00,25747.40708964901
2030-11-03 14:00:00+00:00,25633.69176136809
2030-11-03 15:00:00+00:00,25836.195793075854
2030-11-03 16:00:00+00:00,26491.364259946127
2030-11-03 17:00:00+00:00,26714.421587146095
2030-11-03 18:00:00+00:00,26198.124749665923
2030-11-03 19:00:00+00:00,25209.54744557302
2030-11-03 20:00:00+00:00,23956.2738927108
2030-11-03 21:00:00+00:00,22705.237364092824
2030-11-03 22:00:00+00:00,21441.00606278871
2030-11-03 23:00:00+00:00,20321.54898058288
2030-11-04 00:00:00+00:00,19900.622824391197
2030-11-04 01:00:00+00:00,19699.49074973433
2030-11-04 02:00:00+00:00,19924.968993779028
2030-11-04 03:00:00+00:00,21001.79787627892
2030-11-04 04:00:00+00:00,23626.800394139642
2030-11-04 05:00:00+00:00,26131.60528399077
2030-11-04 06:00:00+00:00,27609.31714319403
2030-11-04 07:00:00+00:00,27404.44569586272
2030-11-04 08:00:00+00:00,27000.761740790054
2030-11-04 09:00:00+00:00,26622.814599753518
2030-11-04 10:00:00+00:00,26630.333810482476
2030-11-04 11:00:00+00:00,26600.619117360413
2030-11-04 12:00:00+00:00,26717.5339328282
2030-11-04 13:00:00+00:00,26834.40486779519
2030-11-04 14:00:00+00:00,27124.713507492386
2030-11-04 15:00:00+00:00,27748.20764622572
2030-11-04 16:00:00+00:00,28184.7580077299
2030-11-04 17:00:00+00:00,27808.973869077825
2030-11-04 18:00:00+00:00,26537.275966005578
2030-11-04 19:00:00+00:00,25312.548878420643
2030-11-04 20:00:00+00:00,24103.23432112762
2030-11-04 21:00:00+00:00,22930.04771252329
2030-11-04 22:00:00+00:00,21761.826212551478
2030-11-04 23:00:00+00:00,20701.20609186015
2030-11-05 00:00:00+00:00,21120.861289456567
2030-11-05 01:00:00+00:00,20968.82500771615
2030-11-05 02:00:00+00:00,21244.225152015322
2030-11-05 03:00:00+00:00,22517.00666987343
2030-11-05 04:00:00+00:00,25575.768109692133
2030-11-05 05:00:00+00:00,28274.898223771885
2030-11-05 06:00:00+00:00,29832.4639112233
2030-11-05 07:00:00+00:00,29429.60898038692
2030-11-05 08:00:00+00:00,28831.675241901678
2030-11-05 09:00:00+00:00,28329.63020736675
2030-11-05 10:00:00+00:00,28168.648147826574
2030-11-05 11:00:00+00:00,28059.74445001735
2030-11-05 12:00:00+00:00,28203.704048838412
2030-11-05 13:00:00+00:00,28395.160286906492
2030-11-05 14:00:00+00:00,28842.7716709119
2030-11-05 15:00:00+00:00,29581.155638508437
2030-11-05 16:00:00+00:00,30035.679396545744
2030-11-05 17:00:00+00:00,29624.637743221447
2030-11-05 18:00:00+00:00,28279.226298215966
2030-11-05 19:00:00+00:00,26975.31530546895
2030-11-05 20:00:00+00:00,25663.906368101078
2030-11-05 21:00:00+00:00,24416.690735477663
2030-11-05 22:00:00+00:00,22938.319481564966
2030-11-05 23:00:00+00:00,21743.443145499332
2030-11-06 00:00:00+00:00,19918.21683887457
2030-11-06 01:00:00+00:00,19723.16778801416
2030-11-06 02:00:00+00:00,19897.674177055746
2030-11-06 03:00:00+00:00,20617.415471599805
2030-11-06 04:00:00+00:00,22611.96446541767
2030-11-06 05:00:00+00:00,25080.482219122154
2030-11-06 06:00:00+00:00,26750.488929988922
2030-11-06 07:00:00+00:00,26551.525764312162
2030-11-06 08:00:00+00:00,25971.81889656123
2030-11-06 09:00:00+00:00,25668.628484307894
2030-11-06 10:00:00+00:00,25661.763641200643
2030-11-06 11:00:00+00:00,25693.890603555017
2030-11-06 12:00:00+00:00,25842.804802759045
2030-11-06 13:00:00+00:00,26030.87168424536
2030-11-06 14:00:00+00:00,26387.368917586984
2030-11-06 15:00:00+00:00,26961.430761694453
2030-11-06 16:00:00+00:00,27329.78985964725
2030-11-06 17:00:00+00:00,26790.107617131533
2030-11-06 18:00:00+00:00,25380.835868336246
2030-11-06 19:00:00+00:00,24114.43741672381
2030-11-06 20:00:00+00:00,22969.36659019543
2030-11-06 21:00:00+00:00,22156.03023684916
2030-11-06 22:00:00+00:00,21183.475117810674
2030-11-06 23:00:00+00:00,20231.969682571045
2030-11-07 00:00:00+00:00,19376.883399963142
2030-11-07 01:00:00+00:00,19176.15174883366
2030-11-07 02:00:00+00:00,19236.97991626046
2030-11-07 03:00:00+00:00,19783.433965177686
2030-11-07 04:00:00+00:00,21430.838394670263
2030-11-07 05:00:00+00:00,23827.805919083563
2030-11-07 06:00:00+00:00,25586.751081682884
2030-11-07 07:00:00+00:00,25454.894517018667
2030-11-07 08:00:00+00:00,25155.711896978104
2030-11-07 09:00:00+00:00,25013.63947401741
2030-11-07 10:00:00+00:00,25023.478954917668
2030-11-07 11:00:00+00:00,24997.519555145456
2030-11-07 12:00:00+00:00,25210.232025296977
2030-11-07 13:00:00+00:00,25350.78297398856
2030-11-07 14:00:00+00:00,25728.905509740685
2030-11-07 15:00:00+00:00,26278.302598977454
2030-11-07 16:00:00+00:00,26735.15587446137
2030-11-07 17:00:00+00:00,26253.517338351343
2030-11-07 18:00:00+00:00,24979.70711930239
2030-11-07 19:00:00+00:00,23699.111547373042
2030-11-07 20:00:00+00:00,22625.0389692653
2030-11-07 21:00:00+00:00,21820.523233538075
2030-11-07 22:00:00+00:00,20891.080178857774
2030-11-07 23:00:00+00:00,19854.727360346937
2030-11-08 00:00:00+00:00,20250.34805720599
2030-11-08 01:00:00+00:00,20053.980362414874
2030-11-08 02:00:00+00:00,20253.00954196168
2030-11-08 03:00:00+00:00,21174.965108589655
2030-11-08 04:00:00+00:00,23366.763651173416
2030-11-08 05:00:00+00:00,25715.06031470326
2030-11-08 06:00:00+00:00,27169.053354081418
2030-11-08 07:00:00+00:00,26892.671503475325
2030-11-08 08:00:00+00:00,26616.149850252994
2030-11-08 09:00:00+00:00,26555.498134603706
2030-11-08 10:00:00+00:00,26767.970685285214
2030-11-08 11:00:00+00:00,27083.386193103084
2030-11-08 12:00:00+00:00,27369.590154218724
2030-11-08 13:00:00+00:00,27515.695678595097
2030-11-08 14:00:00+00:00,27598.241890821817
2030-11-08 15:00:00+00:00,27729.80971645152
2030-11-08 16:00:00+00:00,27978.9423602723
2030-11-08 17:00:00+00:00,27559.936851632992
2030-11-08 18:00:00+00:00,26467.718506836423
2030-11-08 19:00:00+00:00,25210.22976346421
2030-11-08 20:00:00+00:00,24026.46203639829
2030-11-08 21:00:00+00:00,23056.018168631064
2030-11-08 22:00:00+00:00,21935.65782696648
2030-11-08 23:00:00+00:00,20882.269312044282
2030-11-09 00:00:00+00:00,20938.4540384206
2030-11-09 01:00:00+00:00,20659.398121352595
2030-11-09 02:00:00+00:00,20728.14057525163
2030-11-09 03:00:00+00:00,21594.000298468713
2030-11-09 04:00:00+00:00,23276.72102510257
2030-11-09 05:00:00+00:00,24111.661424109305
2030-11-09 06:00:00+00:00,24469.13398422235
2030-11-09 07:00:00+00:00,25236.638422063435
2030-11-09 08:00:00+00:00,26147.560421639766
2030-11-09 09:00:00+00:00,26595.90768352065
2030-11-09 10:00:00+00:00,26772.289925610694
2030-11-09 11:00:00+00:00,26535.839484043918
2030-11-09 12:00:00+00:00,26541.51019575371
2030-11-09 13:00:00+00:00,26329.304476410554
2030-11-09 14:00:00+00:00,26205.227550973257
2030-11-09 15:00:00+00:00,26312.384285716256
2030-11-09 16:00:00+00:00,26709.064935389288
2030-11-09 17:00:00+00:00,26524.65550766868
2030-11-09 18:00:00+00:00,25782.38061742244
2030-11-09 19:00:00+00:00,24878.227117587805
2030-11-09 20:00:00+00:00,23812.30088229586
2030-11-09 21:00:00+00:00,22883.173547290018
2030-11-09 22:00:00+00:00,21901.33687682197
2030-11-09 23:00:00+00:00,20993.10034634997
2030-11-10 00:00:00+00:00,21267.45961170093
2030-11-10 01:00:00+00:00,20892.822515958364
2030-11-10 02:00:00+00:00,21128.944555945916
2030-11-10 03:00:00+00:00,22181.080599827113
2030-11-10 04:00:00+00:00,24092.68196058996
2030-11-10 05:00:00+00:00,24778.416543040414
2030-11-10 06:00:00+00:00,24697.31688569317
2030-11-10 07:00:00+00:00,25083.106421800825
2030-11-10 08:00:00+00:00,25930.146987751974
2030-11-10 09:00:00+00:00,26559.592831623806
2030-11-10 10:00:00+00:00,27179.866220401138
2030-11-10 11:00:00+00:00,27268.43483481773
2030-11-10 12:00:00+00:00,27277.322243494844
2030-11-10 13:00:00+00:00,27359.102571747862
2030-11-10 14:00:00+00:00,27331.896196770165
2030-11-10 15:00:00+00:00,27608.176231637266
2030-11-10 16:00:00+00:00,28325.687867097116
2030-11-10 17:00:00+00:00,28350.19994815009
2030-11-10 18:00:00+00:00,27831.73006502559
2030-11-10 19:00:00+00:00,26824.162404389088
2030-11-10 20:00:00+00:00,25397.571592160395
2030-11-10 21:00:00+00:00,24066.148535140925
2030-11-10 22:00:00+00:00,22592.104954186416
2030-11-10 23:00:00+00:00,21394.383961465614
2030-11-11 00:00:00+00:00,21357.608250434918
2030-11-11 01:00:00+00:00,21139.378079846207
2030-11-11 02:00:00+00:00,21485.8165064936
2030-11-11 03:00:00+00:00,22950.952772363737
2030-11-11 04:00:00+00:00,26130.800216842068
2030-11-11 05:00:00+00:00,28317.882592668135
2030-11-11 06:00:00+00:00,29108.16796843358
2030-11-11 07:00:00+00:00,28688.134591893864
2030-11-11 08:00:00+00:00,28234.21665202841
2030-11-11 09:00:00+00:00,27875.214719472133
2030-11-11 10:00:00+00:00,27737.44400391549
2030-11-11 11:00:00+00:00,27708.099898260545
2030-11-11 12:00:00+00:00,27565.510391294287
2030-11-11 13:00:00+00:00,27613.65286525191
2030-11-11 14:00:00+00:00,28035.419489672004
2030-11-11 15:00:00+00:00,28904.39115759946
2030-11-11 16:00:00+00:00,29568.243113661665
2030-11-11 17:00:00+00:00,29190.62221849694
2030-11-11 18:00:00+00:00,28109.442618125486
2030-11-11 19:00:00+00:00,26953.21204478519
2030-11-11 20:00:00+00:00,25643.280529485488
2030-11-11 21:00:00+00:00,24416.21105098457
2030-11-11 22:00:00+00:00,22848.682670861766
2030-11-11 23:00:00+00:00,21716.770690855228
2030-11-12 00:00:00+00:00,20893.989920266595
2030-11-12 01:00:00+00:00,20675.972662721906
2030-11-12 02:00:00+00:00,20940.686058623676
2030-11-12 03:00:00+00:00,22138.649771005195
2030-11-12 04:00:00+00:00,25039.524048958025
2030-11-12 05:00:00+00:00,27814.696858299878
2030-11-12 06:00:00+00:00,29377.838751710668
2030-11-12 07:00:00+00:00,28990.263746976703
2030-11-12 08:00:00+00:00,28420.76979068526
2030-11-12 09:00:00+00:00,27917.566529573247
2030-11-12 10:00:00+00:00,27829.649544503623
2030-11-12 11:00:00+00:00,27796.825804768312
2030-11-12 12:00:00+00:00,27936.10850836519
2030-11-12 13:00:00+00:00,28122.53511097212
2030-11-12 14:00:00+00:00,28639.07223212044
2030-11-12 15:00:00+00:00,29406.534884648285
2030-11-12 16:00:00+00:00,29917.64878751736
2030-11-12 17:00:00+00:00,29380.55893618159
2030-11-12 18:00:00+00:00,28096.101637129923
2030-11-12 19:00:00+00:00,26787.074744620706
2030-11-12 20:00:00+00:00,25370.699346478967
2030-11-12 21:00:00+00:00,24169.03662150254
2030-11-12 22:00:00+00:00,22711.57537009021
2030-11-12 23:00:00+00:00,21569.559559564033
2030-11-13 00:00:00+00:00,21603.200591014574
2030-11-13 01:00:00+00:00,21426.536819381257
2030-11-13 02:00:00+00:00,21631.025354999256
2030-11-13 03:00:00+00:00,22964.322795005653
2030-11-13 04:00:00+00:00,26079.792977265675
2030-11-13 05:00:00+00:00,28819.70542709323
2030-11-13 06:00:00+00:00,30283.95822437759
2030-11-13 07:00:00+00:00,29846.89575307238
2030-11-13 08:00:00+00:00,29203.009145875498
2030-11-13 09:00:00+00:00,28631.0751009931
2030-11-13 10:00:00+00:00,28430.064929171524
2030-11-13 11:00:00+00:00,28275.294827554342
2030-11-13 12:00:00+00:00,28429.35247406366
2030-11-13 13:00:00+00:00,28613.792612148132
2030-11-13 14:00:00+00:00,28933.027960226264
2030-11-13 15:00:00+00:00,29732.568725826608
2030-11-13 16:00:00+00:00,30421.582122691147
2030-11-13 17:00:00+00:00,30065.500749463903
2030-11-13 18:00:00+00:00,28833.772471831824
2030-11-13 19:00:00+00:00,27457.585623747324
2030-11-13 20:00:00+00:00,25979.815039336125
2030-11-13 21:00:00+00:00,24676.68043849501
2030-11-13 22:00:00+00:00,23192.7575159514
2030-11-13 23:00:00+00:00,21929.67044017876
2030-11-14 00:00:00+00:00,21849.304436968563
2030-11-14 01:00:00+00:00,21651.349126561363
2030-11-14 02:00:00+00:00,21925.127674282674
2030-11-14 03:00:00+00:00,23296.231779393493
2030-11-14 04:00:00+00:00,26440.539457931587
2030-11-14 05:00:00+00:00,29125.681805212134
2030-11-14 06:00:00+00:00,30607.226795659033
2030-11-14 07:00:00+00:00,30222.73739636954
2030-11-14 08:00:00+00:00,29693.27474526624
2030-11-14 09:00:00+00:00,29296.89623146895
2030-11-14 10:00:00+00:00,29260.44342647514
2030-11-14 11:00:00+00:00,29156.292922466288
2030-11-14 12:00:00+00:00,29254.414223334777
2030-11-14 13:00:00+00:00,29445.48574880762
2030-11-14 14:00:00+00:00,29893.529895600266
2030-11-14 15:00:00+00:00,30633.217558203076
2030-11-14 16:00:00+00:00,31159.83713936653
2030-11-14 17:00:00+00:00,30830.167044734117
2030-11-14 18:00:00+00:00,29647.918382933574
2030-11-14 19:00:00+00:00,28225.292598216212
2030-11-14 20:00:00+00:00,26700.975628788172
2030-11-14 21:00:00+00:00,25387.251321523538
2030-11-14 22:00:00+00:00,23721.992750513175
2030-11-14 23:00:00+00:00,22384.51443101318
2030-11-15 00:00:00+00:00,21713.678384627998
2030-11-15 01:00:00+00:00,21484.101482446025
2030-11-15 02:00:00+00:00,21685.905697813363
2030-11-15 03:00:00+00:00,22942.0294268503
2030-11-15 04:00:00+00:00,25844.44729708427
2030-11-15 05:00:00+00:00,28398.268497240257
2030-11-15 06:00:00+00:00,29746.856117968546
2030-11-15 07:00:00+00:00,29323.96808492672
2030-11-15 08:00:00+00:00,28878.999980372875
2030-11-15 09:00:00+00:00,28753.410583427136
2030-11-15 10:00:00+00:00,28922.097415420983
2030-11-15 11:00:00+00:00,29158.417390217823
2030-11-15 12:00:00+00:00,29307.6480757402
2030-11-15 13:00:00+00:00,29375.83028825408
2030-11-15 14:00:00+00:00,29499.354372721384
2030-11-15 15:00:00+00:00,29816.934252937324
2030-11-15 16:00:00+00:00,30253.808744448903
2030-11-15 17:00:00+00:00,29965.245294678698
2030-11-15 18:00:00+00:00,28867.308635513164
2030-11-15 19:00:00+00:00,27564.44030979881
2030-11-15 20:00:00+00:00,26174.24082919867
2030-11-15 21:00:00+00:00,24932.08662070352
2030-11-15 22:00:00+00:00,23543.039292309317
2030-11-15 23:00:00+00:00,22325.1291609483
2030-11-16 00:00:00+00:00,22864.978221369485
2030-11-16 01:00:00+00:00,22455.180697616375
2030-11-16 02:00:00+00:00,22783.342750435426
2030-11-16 03:00:00+00:00,24231.678740422547
2030-11-16 04:00:00+00:00,26897.825971940354
2030-11-16 05:00:00+00:00,27991.995980292515
2030-11-16 06:00:00+00:00,28340.896743055648
2030-11-16 07:00:00+00:00,28905.80695428329
2030-11-16 08:00:00+00:00,29762.603733486027
2030-11-16 09:00:00+00:00,30144.461592413456
2030-11-16 10:00:00+00:00,30245.888029855032
2030-11-16 11:00:00+00:00,30041.475895147025
2030-11-16 12:00:00+00:00,29839.075881301964
2030-11-16 13:00:00+00:00,29684.0624307367
2030-11-16 14:00:00+00:00,29451.55131439651
2030-11-16 15:00:00+00:00,29592.12812682189
2030-11-16 16:00:00+00:00,30271.658429336887
2030-11-16 17:00:00+00:00,30311.178077129924
2030-11-16 18:00:00+00:00,29580.30765740095
2030-11-16 19:00:00+00:00,28608.782408306666
2030-11-16 20:00:00+00:00,27165.608363588464
2030-11-16 21:00:00+00:00,25696.23233843691
2030-11-16 22:00:00+00:00,24155.55360085509
2030-11-16 23:00:00+00:00,22981.227971911045
2030-11-17 00:00:00+00:00,22073.898118740162
2030-11-17 01:00:00+00:00,21754.878934228556
2030-11-17 02:00:00+00:00,21885.86233132865
2030-11-17 03:00:00+00:00,23043.16421794894
2030-11-17 04:00:00+00:00,25222.50203707253
2030-11-17 05:00:00+00:00,25907.0843463038
2030-11-17 06:00:00+00:00,25845.753178251805
2030-11-17 07:00:00+00:00,26138.94512662744
2030-11-17 08:00:00+00:00,26934.893089348134
2030-11-17 09:00:00+00:00,27636.427290810883
2030-11-17 10:00:00+00:00,28225.54025935856
2030-11-17 11:00:00+00:00,28408.601141155
2030-11-17 12:00:00+00:00,28367.460727341848
2030-11-17 13:00:00+00:00,28395.002643256903
2030-11-17 14:00:00+00:00,28276.74400184956
2030-11-17 15:00:00+00:00,28646.703525826302
2030-11-17 16:00:00+00:00,29505.275870018093
2030-11-17 17:00:00+00:00,29645.158258541203
2030-11-17 18:00:00+00:00,29174.028273302796
2030-11-17 19:00:00+00:00,28260.751437269853
2030-11-17 20:00:00+00:00,26694.185285841093
2030-11-17 21:00:00+00:00,25062.46540059614
2030-11-17 22:00:00+00:00,23386.476009507063
2030-11-17 23:00:00+00:00,22056.66600842845
2030-11-18 00:00:00+00:00,21749.50477887539
2030-11-18 01:00:00+00:00,21583.585822816112
2030-11-18 02:00:00+00:00,21872.76119987084
2030-11-18 03:00:00+00:00,23490.828186299983
2030-11-18 04:00:00+00:00,27036.046435470675
2030-11-18 05:00:00+00:00,29897.140698283616
2030-11-18 06:00:00+00:00,31137.659994497448
2030-11-18 07:00:00+00:00,30670.146439214088
2030-11-18 08:00:00+00:00,30104.472081931493
2030-11-18 09:00:00+00:00,29681.37822465183
2030-11-18 10:00:00+00:00,29568.94594750553
2030-11-18 11:00:00+00:00,29389.111519434617
2030-11-18 12:00:00+00:00,29330.774246001252
2030-11-18 13:00:00+00:00,29454.950030986318
2030-11-18 14:00:00+00:00,29703.629378419468
2030-11-18 15:00:00+00:00,30549.657037633413
2030-11-18 16:00:00+00:00,31216.12316789118
2030-11-18 17:00:00+00:00,30731.600200289537
2030-11-18 18:00:00+00:00,29515.41403286964
2030-11-18 19:00:00+00:00,28272.364408251884
2030-11-18 20:00:00+00:00,26784.49495887483
2030-11-18 21:00:00+00:00,25318.049080264598
2030-11-18 22:00:00+00:00,23730.32360859635
2030-11-18 23:00:00+00:00,22358.831032384875
2030-11-19 00:00:00+00:00,21866.10963297591
2030-11-19 01:00:00+00:00,21728.775844369808
2030-11-19 02:00:00+00:00,21936.901498465868
2030-11-19 03:00:00+00:00,23338.118374119138
2030-11-19 04:00:00+00:00,26547.887716802317
2030-11-19 05:00:00+00:00,29306.198929301692
2030-11-19 06:00:00+00:00,30764.43214820815
2030-11-19 07:00:00+00:00,30339.97336217846
2030-11-19 08:00:00+00:00,29696.625312011194
2030-11-19 09:00:00+00:00,29147.649293859173
2030-11-19 10:00:00+00:00,29000.139777414563
2030-11-19 11:00:00+00:00,28824.504828665853
2030-11-19 12:00:00+00:00,28850.20222268383
2030-11-19 13:00:00+00:00,28973.990219553005
2030-11-19 14:00:00+00:00,29471.428095425796
2030-11-19 15:00:00+00:00,30239.125422243083
2030-11-19 16:00:00+00:00,30893.91093054839
2030-11-19 17:00:00+00:00,30411.607331484625
2030-11-19 18:00:00+00:00,29198.462400483917
2030-11-19 19:00:00+00:00,27826.53050525262
2030-11-19 20:00:00+00:00,26387.92519763084
2030-11-19 21:00:00+00:00,25076.599973200508
2030-11-19 22:00:00+00:00,23489.831834826193
2030-11-19 23:00:00+00:00,22207.109435471088
2030-11-20 00:00:00+00:00,22691.08746870831
2030-11-20 01:00:00+00:00,22496.90715875711
2030-11-20 02:00:00+00:00,22737.15435282766
2030-11-20 03:00:00+00:00,24377.923548112532
2030-11-20 04:00:00+00:00,28062.15164805466
2030-11-20 05:00:00+00:00,30896.569538595326
2030-11-20 06:00:00+00:00,32308.316653653892
2030-11-20 07:00:00+00:00,31893.3025259615
2030-11-20 08:00:00+00:00,31146.62668698073
2030-11-20 09:00:00+00:00,30536.631096770212
2030-11-20 10:00:00+00:00,30353.331847067897
2030-11-20 11:00:00+00:00,30250.103539138214
2030-11-20 12:00:00+00:00,30425.298450296727
2030-11-20 13:00:00+00:00,30596.746886589837
2030-11-20 14:00:00+00:00,31097.181881711833
2030-11-20 15:00:00+00:00,31908.84332980769
2030-11-20 16:00:00+00:00,32519.38383118844
2030-11-20 17:00:00+00:00,31982.83730719521
2030-11-20 18:00:00+00:00,30829.659657259916
2030-11-20 19:00:00+00:00,29559.40425653323
2030-11-20 20:00:00+00:00,27949.513575322602
2030-11-20 21:00:00+00:00,26382.88231850826
2030-11-20 22:00:00+00:00,24613.247068814242
2030-11-20 23:00:00+00:00,23258.180648094498
2030-11-21 00:00:00+00:00,23090.374229577938
2030-11-21 01:00:00+00:00,22790.498394921495
2030-11-21 02:00:00+00:00,22999.40967930168
2030-11-21 03:00:00+00:00,24709.478622620296
2030-11-21 04:00:00+00:00,28353.20904572553
2030-11-21 05:00:00+00:00,31212.125798676003
2030-11-21 06:00:00+00:00,32521.199259148954
2030-11-21 07:00:00+00:00,32134.890175018325
2030-11-21 08:00:00+00:00,31490.825135597366
2030-11-21 09:00:00+00:00,30950.14738615438
2030-11-21 10:00:00+00:00,30809.79227066857
2030-11-21 11:00:00+00:00,30567.065688262723
2030-11-21 12:00:00+00:00,30706.2929371948
2030-11-21 13:00:00+00:00,30908.669472551395
2030-11-21 14:00:00+00:00,31334.44292324497
2030-11-21 15:00:00+00:00,32119.599146284898
2030-11-21 16:00:00+00:00,32776.347585951975
2030-11-21 17:00:00+00:00,32458.268838796743
2030-11-21 18:00:00+00:00,31291.994207269818
2030-11-21 19:00:00+00:00,29900.58599245065
2030-11-21 20:00:00+00:00,28213.861134903123
2030-11-21 21:00:00+00:00,26612.1602370526
2030-11-21 22:00:00+00:00,24739.221775854683
2030-11-21 23:00:00+00:00,23329.669344407135
2030-11-22 00:00:00+00:00,22909.23880071179
2030-11-22 01:00:00+00:00,22528.44855562397
2030-11-22 02:00:00+00:00,22720.686710417755
2030-11-22 03:00:00+00:00,24277.17693667229
2030-11-22 04:00:00+00:00,27753.506078410563
2030-11-22 05:00:00+00:00,30557.516458360078
2030-11-22 06:00:00+00:00,31825.555787849786
2030-11-22 07:00:00+00:00,31411.510133289903
2030-11-22 08:00:00+00:00,31009.86615129317
2030-11-22 09:00:00+00:00,30693.203232557677
2030-11-22 10:00:00+00:00,30814.91134800933
2030-11-22 11:00:00+00:00,31026.829190040276
2030-11-22 12:00:00+00:00,31215.79475089598
2030-11-22 13:00:00+00:00,31365.214216858858
2030-11-22 14:00:00+00:00,31570.188647606577
2030-11-22 15:00:00+00:00,31872.352344972212
2030-11-22 16:00:00+00:00,32285.984384778345
2030-11-22 17:00:00+00:00,31897.96837527342
2030-11-22 18:00:00+00:00,30803.60850420196
2030-11-22 19:00:00+00:00,29486.507788473555
2030-11-22 20:00:00+00:00,27874.055735644248
2030-11-22 21:00:00+00:00,26411.79431866405
2030-11-22 22:00:00+00:00,24734.880082433072
2030-11-22 23:00:00+00:00,23477.63058788176
2030-11-23 00:00:00+00:00,22597.565296460514
2030-11-23 01:00:00+00:00,22201.893123169542
2030-11-23 02:00:00+00:00,22326.223416023393
2030-11-23 03:00:00+00:00,23542.243071134977
2030-11-23 04:00:00+00:00,25924.57111280229
2030-11-23 05:00:00+00:00,26823.829125272976
2030-11-23 06:00:00+00:00,27190.743884960222
2030-11-23 07:00:00+00:00,27811.478629717116
2030-11-23 08:00:00+00:00,28750.874346617755
2030-11-23 09:00:00+00:00,29188.285591175932
2030-11-23 10:00:00+00:00,29341.654838628503
2030-11-23 11:00:00+00:00,29243.91882506964
2030-11-23 12:00:00+00:00,28967.169266463083
2030-11-23 13:00:00+00:00,28724.824822380902
2030-11-23 14:00:00+00:00,28532.19128006977
2030-11-23 15:00:00+00:00,28737.204260505732
2030-11-23 16:00:00+00:00,29244.33293316505
2030-11-23 17:00:00+00:00,29175.47596215007
2030-11-23 18:00:00+00:00,28454.217104831416
2030-11-23 19:00:00+00:00,27505.39414713633
2030-11-23 20:00:00+00:00,26156.7124099773
2030-11-23 21:00:00+00:00,24902.592858395423
2030-11-23 22:00:00+00:00,23625.765839174863
2030-11-23 23:00:00+00:00,22469.387086654926
2030-11-24 00:00:00+00:00,22045.29899268301
2030-11-24 01:00:00+00:00,21716.375363807118
2030-11-24 02:00:00+00:00,21876.56497379744
2030-11-24 03:00:00+00:00,22986.01310172668
2030-11-24 04:00:00+00:00,25009.307381746858
2030-11-24 05:00:00+00:00,25681.244383885016
2030-11-24 06:00:00+00:00,25548.0574466528
2030-11-24 07:00:00+00:00,25895.43782003387
2030-11-24 08:00:00+00:00,26704.418602986665
2030-11-24 09:00:00+00:00,27458.299847833747
2030-11-24 10:00:00+00:00,28065.483417793337
2030-11-24 11:00:00+00:00,28185.721686564313
2030-11-24 12:00:00+00:00,28109.921087644976
2030-11-24 13:00:00+00:00,28225.390779414498
2030-11-24 14:00:00+00:00,28181.816694837275
2030-11-24 15:00:00+00:00,28519.715899105126
2030-11-24 16:00:00+00:00,29300.27666954792
2030-11-24 17:00:00+00:00,29428.133191275756
2030-11-24 18:00:00+00:00,28978.8745945098
2030-11-24 19:00:00+00:00,28097.27829838942
2030-11-24 20:00:00+00:00,26636.417763212346
2030-11-24 21:00:00+00:00,24970.138866158526
2030-11-24 22:00:00+00:00,23347.14464278777
2030-11-24 23:00:00+00:00,22064.02051045252
2030-11-25 00:00:00+00:00,21878.523323360227
2030-11-25 01:00:00+00:00,21701.753666088858
2030-11-25 02:00:00+00:00,21989.231308271756
2030-11-25 03:00:00+00:00,23582.7948404406
2030-11-25 04:00:00+00:00,27134.500359840746
2030-11-25 05:00:00+00:00,29897.75135263939
2030-11-25 06:00:00+00:00,31299.143527291973
2030-11-25 07:00:00+00:00,30850.78725674907
2030-11-25 08:00:00+00:00,30255.404791588207
2030-11-25 09:00:00+00:00,29790.7552193469
2030-11-25 10:00:00+00:00,29612.903262274718
2030-11-25 11:00:00+00:00,29459.56444132273
2030-11-25 12:00:00+00:00,29340.72279003215
2030-11-25 13:00:00+00:00,29416.522096850003
2030-11-25 14:00:00+00:00,29834.37904687418
2030-11-25 15:00:00+00:00,30605.30557820661
2030-11-25 16:00:00+00:00,31288.27487133366
2030-11-25 17:00:00+00:00,30822.88905524852
2030-11-25 18:00:00+00:00,29638.41042828959
2030-11-25 19:00:00+00:00,28329.731578923205
2030-11-25 20:00:00+00:00,26809.619636671152
2030-11-25 21:00:00+00:00,25315.38861702203
2030-11-25 22:00:00+00:00,23688.749406463397
2030-11-25 23:00:00+00:00,22523.65062800776
2030-11-26 00:00:00+00:00,22431.09536897007
2030-11-26 01:00:00+00:00,22248.0212939093
2030-11-26 02:00:00+00:00,22548.395955644493
2030-11-26 03:00:00+00:00,24038.792081755164
2030-11-26 04:00:00+00:00,27508.06971395301
2030-11-26 05:00:00+00:00,30356.169873209477
2030-11-26 06:00:00+00:00,31874.233629990533
2030-11-26 07:00:00+00:00,31419.726444916156
2030-11-26 08:00:00+00:00,30674.9604292278
2030-11-26 09:00:00+00:00,30021.57274881606
2030-11-26 10:00:00+00:00,29796.86685522352
2030-11-26 11:00:00+00:00,29619.199006109935
2030-11-26 12:00:00+00:00,29685.125773474072
2030-11-26 13:00:00+00:00,29861.652825697154
2030-11-26 14:00:00+00:00,30335.35713300453
2030-11-26 15:00:00+00:00,31132.52319993608
2030-11-26 16:00:00+00:00,31774.20197309828
2030-11-26 17:00:00+00:00,31343.97305596012
2030-11-26 18:00:00+00:00,30065.308970080598
2030-11-26 19:00:00+00:00,28610.76007519456
2030-11-26 20:00:00+00:00,27082.418391111623
2030-11-26 21:00:00+00:00,25618.122486923032
2030-11-26 22:00:00+00:00,24014.44218968243
2030-11-26 23:00:00+00:00,22672.79301077366
2030-11-27 00:00:00+00:00,22218.832749462686
2030-11-27 01:00:00+00:00,22089.83429265022
2030-11-27 02:00:00+00:00,22365.172649263186
2030-11-27 03:00:00+00:00,23844.327788238963
2030-11-27 04:00:00+00:00,27284.89905822085
2030-11-27 05:00:00+00:00,30098.595700376063
2030-11-27 06:00:00+00:00,31456.85248290458
2030-11-27 07:00:00+00:00,31098.84328806768
2030-11-27 08:00:00+00:00,30326.21828971552
2030-11-27 09:00:00+00:00,29724.121726188445
2030-11-27 10:00:00+00:00,29587.38105943152
2030-11-27 11:00:00+00:00,29520.32148306268
2030-11-27 12:00:00+00:00,29554.01136256907
2030-11-27 13:00:00+00:00,29663.46842888716
2030-11-27 14:00:00+00:00,30114.636247314473
2030-11-27 15:00:00+00:00,30965.01026091252
2030-11-27 16:00:00+00:00,31616.66389446259
2030-11-27 17:00:00+00:00,31200.844271318037
2030-11-27 18:00:00+00:00,29992.186665221336
2030-11-27 19:00:00+00:00,28562.823184154204
2030-11-27 20:00:00+00:00,27037.784216432174
2030-11-27 21:00:00+00:00,25608.733219906208
2030-11-27 22:00:00+00:00,23972.918077168688
2030-11-27 23:00:00+00:00,22574.120313361793
2030-11-28 00:00:00+00:00,21615.135778925513
2030-11-28 01:00:00+00:00,21313.365282354007
2030-11-28 02:00:00+00:00,21517.839802874933
2030-11-28 03:00:00+00:00,22816.816406877046
2030-11-28 04:00:00+00:00,25736.095532405758
2030-11-28 05:00:00+00:00,28409.44504708815
2030-11-28 06:00:00+00:00,30005.035752142503
2030-11-28 07:00:00+00:00,29802.823650327784
2030-11-28 08:00:00+00:00,29239.286482417436
2030-11-28 09:00:00+00:00,28832.06937931307
2030-11-28 10:00:00+00:00,28726.35146518461
2030-11-28 11:00:00+00:00,28577.74440326996
2030-11-28 12:00:00+00:00,28675.402275216253
2030-11-28 13:00:00+00:00,28876.45075567328
2030-11-28 14:00:00+00:00,29269.09499835425
2030-11-28 15:00:00+00:00,29999.34324778583
2030-11-28 16:00:00+00:00,30535.09150113023
2030-11-28 17:00:00+00:00,30099.93511535393
2030-11-28 18:00:00+00:00,28902.845188210416
2030-11-28 19:00:00+00:00,27541.48545815407
2030-11-28 20:00:00+00:00,26086.852989314622
2030-11-28 21:00:00+00:00,24774.86855206979
2030-11-28 22:00:00+00:00,23242.634743693805
2030-11-28 23:00:00+00:00,21981.12842428882
2030-11-29 00:00:00+00:00,21471.42531587404
2030-11-29 01:00:00+00:00,21204.085466886256
2030-11-29 02:00:00+00:00,21383.399670921626
2030-11-29 03:00:00+00:00,22582.910996632912
2030-11-29 04:00:00+00:00,25431.659043939766
2030-11-29 05:00:00+00:00,27827.41404790127
2030-11-29 06:00:00+00:00,29342.817368823373
2030-11-29 07:00:00+00:00,29150.201983799634
2030-11-29 08:00:00+00:00,28789.838413721227
2030-11-29 09:00:00+00:00,28662.222941162257
2030-11-29 10:00:00+00:00,28791.25460528791
2030-11-29 11:00:00+00:00,28999.780936652114
2030-11-29 12:00:00+00:00,29225.409699569987
2030-11-29 13:00:00+00:00,29271.018738673967
2030-11-29 14:00:00+00:00,29357.46214630746
2030-11-29 15:00:00+00:00,29666.656557582934
2030-11-29 16:00:00+00:00,30065.632377354217
2030-11-29 17:00:00+00:00,29643.42001616335
2030-11-29 18:00:00+00:00,28551.352080102053
2030-11-29 19:00:00+00:00,27219.738844349697
2030-11-29 20:00:00+00:00,25877.07390181254
2030-11-29 21:00:00+00:00,24683.864280759102
2030-11-29 22:00:00+00:00,23322.307480910018
2030-11-29 23:00:00+00:00,22137.900249296476
2030-11-30 00:00:00+00:00,22002.532873697357
2030-11-30 01:00:00+00:00,21666.673826222814
2030-11-30 02:00:00+00:00,21866.931840643803
2030-11-30 03:00:00+00:00,22999.137252218738
2030-11-30 04:00:00+00:00,25160.812753029793
2030-11-30 05:00:00+00:00,26112.430699296703
2030-11-30 06:00:00+00:00,26458.094380955412
2030-11-30 07:00:00+00:00,27207.50798920917
2030-11-30 08:00:00+00:00,27934.74519640698
2030-11-30 09:00:00+00:00,28375.436752962476
2030-11-30 10:00:00+00:00,28561.628615267942
2030-11-30 11:00:00+00:00,28494.38083003356
2030-11-30 12:00:00+00:00,28192.080817197857
2030-11-30 13:00:00+00:00,27998.952370404975
2030-11-30 14:00:00+00:00,27797.10492487927
2030-11-30 15:00:00+00:00,27974.584363557868
2030-11-30 16:00:00+00:00,28598.990277230954
2030-11-30 17:00:00+00:00,28475.863688511672
2030-11-30 18:00:00+00:00,27807.141416058937
2030-11-30 19:00:00+00:00,26894.405593790354
2030-11-30 20:00:00+00:00,25579.36407688325
2030-11-30 21:00:00+00:00,24490.915777527807
2030-11-30 22:00:00+00:00,23271.36684199721
2030-11-30 23:00:00+00:00,21976.901831573494
2030-12-01 00:00:00+00:00,21495.398280830686
2030-12-01 01:00:00+00:00,21165.333808493877
2030-12-01 02:00:00+00:00,21300.540933084016
2030-12-01 03:00:00+00:00,22329.907351756116
2030-12-01 04:00:00+00:00,24223.83442131031
2030-12-01 05:00:00+00:00,24905.581344798185
2030-12-01 06:00:00+00:00,24818.381354495163
2030-12-01 07:00:00+00:00,25137.83568964128
2030-12-01 08:00:00+00:00,25840.096939011684
2030-12-01 09:00:00+00:00,26625.021963088268
2030-12-01 10:00:00+00:00,26984.296216043997
2030-12-01 11:00:00+00:00,27189.336176330813
2030-12-01 12:00:00+00:00,27116.860944556003
2030-12-01 13:00:00+00:00,27214.648276732365
2030-12-01 14:00:00+00:00,27235.42412997954
2030-12-01 15:00:00+00:00,27636.682971784398
2030-12-01 16:00:00+00:00,28436.027620630248
2030-12-01 17:00:00+00:00,28493.180106795557
2030-12-01 18:00:00+00:00,27981.311735433115
2030-12-01 19:00:00+00:00,27053.51267006594
2030-12-01 20:00:00+00:00,25648.95084952003
2030-12-01 21:00:00+00:00,24235.006906307837
2030-12-01 22:00:00+00:00,22700.904465183496
2030-12-01 23:00:00+00:00,21476.329197528135
2030-12-02 00:00:00+00:00,21307.55725450628
2030-12-02 01:00:00+00:00,21102.979062149618
2030-12-02 02:00:00+00:00,21415.691792905465
2030-12-02 03:00:00+00:00,22940.167554786985
2030-12-02 04:00:00+00:00,26329.668543553973
2030-12-02 05:00:00+00:00,29101.34651422883
2030-12-02 06:00:00+00:00,30364.661330086554
2030-12-02 07:00:00+00:00,29998.709939329132
2030-12-02 08:00:00+00:00,29350.968191430893
2030-12-02 09:00:00+00:00,28835.658382931993
2030-12-02 10:00:00+00:00,28562.620534980495
2030-12-02 11:00:00+00:00,28287.653435655797
2030-12-02 12:00:00+00:00,28303.371853808916
2030-12-02 13:00:00+00:00,28414.331893328763
2030-12-02 14:00:00+00:00,28810.49271331668
2030-12-02 15:00:00+00:00,29691.145395994226
2030-12-02 16:00:00+00:00,30393.895926879093
2030-12-02 17:00:00+00:00,29920.675703463006
2030-12-02 18:00:00+00:00,28722.51291911533
2030-12-02 19:00:00+00:00,27477.15220401347
2030-12-02 20:00:00+00:00,26026.53128289919
2030-12-02 21:00:00+00:00,24752.251746683072
2030-12-02 22:00:00+00:00,23197.830421540155
2030-12-02 23:00:00+00:00,22069.843851058497
2030-12-03 00:00:00+00:00,23090.646033038436
2030-12-03 01:00:00+00:00,22872.927458189566
2030-12-03 02:00:00+00:00,23261.522125668667
2030-12-03 03:00:00+00:00,25013.06369108972
2030-12-03 04:00:00+00:00,28976.869825272068
2030-12-03 05:00:00+00:00,32015.015901841227
2030-12-03 06:00:00+00:00,33290.34904825114
2030-12-03 07:00:00+00:00,32858.877371102535
2030-12-03 08:00:00+00:00,31930.281883320728
2030-12-03 09:00:00+00:00,31097.817887590754
2030-12-03 10:00:00+00:00,30796.048523969333
2030-12-03 11:00:00+00:00,30549.124463846965
2030-12-03 12:00:00+00:00,30635.859910997537
2030-12-03 13:00:00+00:00,30832.97178852889
2030-12-03 14:00:00+00:00,31402.752585273203
2030-12-03 15:00:00+00:00,32331.22877666439
2030-12-03 16:00:00+00:00,33070.46227848389
2030-12-03 17:00:00+00:00,32683.799605950127
2030-12-03 18:00:00+00:00,31447.673785147592
2030-12-03 19:00:00+00:00,30087.502480028637
2030-12-03 20:00:00+00:00,28429.321995602255
2030-12-03 21:00:00+00:00,26812.986573631548
2030-12-03 22:00:00+00:00,24865.976365583567
2030-12-03 23:00:00+00:00,23428.603473373383
2030-12-04 00:00:00+00:00,22268.105946582113
2030-12-04 01:00:00+00:00,22002.54593837617
2030-12-04 02:00:00+00:00,22295.80069955886
2030-12-04 03:00:00+00:00,23757.756244201013
2030-12-04 04:00:00+00:00,27131.64678260902
2030-12-04 05:00:00+00:00,29884.404914579634
2030-12-04 06:00:00+00:00,31334.91756090753
2030-12-04 07:00:00+00:00,31101.401581537397
2030-12-04 08:00:00+00:00,30338.61445524286
2030-12-04 09:00:00+00:00,29777.712935369094
2030-12-04 10:00:00+00:00,29590.829598849294
2030-12-04 11:00:00+00:00,29487.69719515713
2030-12-04 12:00:00+00:00,29614.431980225203
2030-12-04 13:00:00+00:00,29787.21342118769
2030-12-04 14:00:00+00:00,30265.553407784704
2030-12-04 15:00:00+00:00,31070.296019960067
2030-12-04 16:00:00+00:00,31531.648296260617
2030-12-04 17:00:00+00:00,31019.957536284957
2030-12-04 18:00:00+00:00,29788.355983304697
2030-12-04 19:00:00+00:00,28505.138614500374
2030-12-04 20:00:00+00:00,26943.769836632873
2030-12-04 21:00:00+00:00,25572.389710347743
2030-12-04 22:00:00+00:00,23923.995899528447
2030-12-04 23:00:00+00:00,22650.27682185939
2030-12-05 00:00:00+00:00,22468.575251868926
2030-12-05 01:00:00+00:00,22248.878377188554
2030-12-05 02:00:00+00:00,22535.181739140942
2030-12-05 03:00:00+00:00,24049.544386632373
2030-12-05 04:00:00+00:00,27430.1323703596
2030-12-05 05:00:00+00:00,30203.75453682732
2030-12-05 06:00:00+00:00,31544.450903097648
2030-12-05 07:00:00+00:00,31171.368986913487
2030-12-05 08:00:00+00:00,30403.998473145362
2030-12-05 09:00:00+00:00,29876.30314306604
2030-12-05 10:00:00+00:00,29757.540324465903
2030-12-05 11:00:00+00:00,29615.41836755291
2030-12-05 12:00:00+00:00,29723.413156775434
2030-12-05 13:00:00+00:00,29969.302391037465
2030-12-05 14:00:00+00:00,30386.216228900434
2030-12-05 15:00:00+00:00,31169.188573545638
2030-12-05 16:00:00+00:00,31652.206216617175
2030-12-05 17:00:00+00:00,31274.90739450251
2030-12-05 18:00:00+00:00,30090.03811219456
2030-12-05 19:00:00+00:00,28776.885670984862
2030-12-05 20:00:00+00:00,27270.246951347584
2030-12-05 21:00:00+00:00,25845.364320728
2030-12-05 22:00:00+00:00,24043.247620739992
2030-12-05 23:00:00+00:00,22811.600259590035
2030-12-06 00:00:00+00:00,22603.815752424634
2030-12-06 01:00:00+00:00,22396.59351608902
2030-12-06 02:00:00+00:00,22650.99629758035
2030-12-06 03:00:00+00:00,24146.56655719011
2030-12-06 04:00:00+00:00,27600.76237109939
2030-12-06 05:00:00+00:00,30227.3212190002
2030-12-06 06:00:00+00:00,31502.9288557602
2030-12-06 07:00:00+00:00,31086.561758151624
2030-12-06 08:00:00+00:00,30519.723371148855
2030-12-06 09:00:00+00:00,30316.736390277532
2030-12-06 10:00:00+00:00,30357.340517849992
2030-12-06 11:00:00+00:00,30579.297473576808
2030-12-06 12:00:00+00:00,30751.374746656635
2030-12-06 13:00:00+00:00,30844.219532570307
2030-12-06 14:00:00+00:00,30996.262649766086
2030-12-06 15:00:00+00:00,31395.902154222138
2030-12-06 16:00:00+00:00,31896.617149652044
2030-12-06 17:00:00+00:00,31563.828289117817
2030-12-06 18:00:00+00:00,30529.83345536896
2030-12-06 19:00:00+00:00,29181.125957968496
2030-12-06 20:00:00+00:00,27583.684863228344
2030-12-06 21:00:00+00:00,26187.709314145468
2030-12-06 22:00:00+00:00,24522.810729380726
2030-12-06 23:00:00+00:00,23282.069878263454
2030-12-07 00:00:00+00:00,22237.586588951282
2030-12-07 01:00:00+00:00,21795.4240935488
2030-12-07 02:00:00+00:00,21968.441392813027
2030-12-07 03:00:00+00:00,23112.138048710007
2030-12-07 04:00:00+00:00,25260.460966928214
2030-12-07 05:00:00+00:00,26199.533381303918
2030-12-07 06:00:00+00:00,26503.42832228386
2030-12-07 07:00:00+00:00,27204.27485992285
2030-12-07 08:00:00+00:00,28050.389722048913
2030-12-07 09:00:00+00:00,28512.27695953761
2030-12-07 10:00:00+00:00,28524.382208708386
2030-12-07 11:00:00+00:00,28375.41845044398
2030-12-07 12:00:00+00:00,28210.904727369973
2030-12-07 13:00:00+00:00,28085.229665697396
2030-12-07 14:00:00+00:00,27842.399466283412
2030-12-07 15:00:00+00:00,27958.961477364133
2030-12-07 16:00:00+00:00,28507.05879552024
2030-12-07 17:00:00+00:00,28478.784865224636
2030-12-07 18:00:00+00:00,27738.6612898458
2030-12-07 19:00:00+00:00,26864.395282182017
2030-12-07 20:00:00+00:00,25638.250600068415
2030-12-07 21:00:00+00:00,24449.35914002627
2030-12-07 22:00:00+00:00,23189.869660664473
2030-12-07 23:00:00+00:00,22120.767456066966
2030-12-08 00:00:00+00:00,21244.470280461235
2030-12-08 01:00:00+00:00,20844.700690059915
2030-12-08 02:00:00+00:00,20944.54807439823
2030-12-08 03:00:00+00:00,21804.83287770225
2030-12-08 04:00:00+00:00,23505.299805783314
2030-12-08 05:00:00+00:00,24137.165160924254
2030-12-08 06:00:00+00:00,24023.657437548478
2030-12-08 07:00:00+00:00,24431.194917960842
2030-12-08 08:00:00+00:00,25213.397971399074
2030-12-08 09:00:00+00:00,25962.56056621302
2030-12-08 10:00:00+00:00,26574.059600571298
2030-12-08 11:00:00+00:00,26824.933215920406
2030-12-08 12:00:00+00:00,26847.93546149002
2030-12-08 13:00:00+00:00,26737.026655166857
2030-12-08 14:00:00+00:00,26704.688523771678
2030-12-08 15:00:00+00:00,27018.186976499695
2030-12-08 16:00:00+00:00,27826.626251476522
2030-12-08 17:00:00+00:00,27881.199034154077
2030-12-08 18:00:00+00:00,27403.8937832009
2030-12-08 19:00:00+00:00,26512.22382670149
2030-12-08 20:00:00+00:00,25162.220199732754
2030-12-08 21:00:00+00:00,23839.89254743789
2030-12-08 22:00:00+00:00,22430.25910103641
2030-12-08 23:00:00+00:00,21327.721162848353
2030-12-09 00:00:00+00:00,21309.191056148975
2030-12-09 01:00:00+00:00,21091.93783551651
2030-12-09 02:00:00+00:00,21388.393025976864
2030-12-09 03:00:00+00:00,22839.48449611816
2030-12-09 04:00:00+00:00,26079.2728328489
2030-12-09 05:00:00+00:00,28800.872761263443
2030-12-09 06:00:00+00:00,30027.153348593307
2030-12-09 07:00:00+00:00,29707.577460520308
2030-12-09 08:00:00+00:00,29082.98654367164
2030-12-09 09:00:00+00:00,28490.665861862028
2030-12-09 10:00:00+00:00,28283.849202062713
2030-12-09 11:00:00+00:00,28168.092630736897
2030-12-09 12:00:00+00:00,28128.868702371965
2030-12-09 13:00:00+00:00,28183.867815412068
2030-12-09 14:00:00+00:00,28601.3009864089
2030-12-09 15:00:00+00:00,29418.48620219418
2030-12-09 16:00:00+00:00,30080.59320294821
2030-12-09 17:00:00+00:00,29561.977266296588
2030-12-09 18:00:00+00:00,28339.80619469043
2030-12-09 19:00:00+00:00,27081.899279706067
2030-12-09 20:00:00+00:00,25728.264708869923
2030-12-09 21:00:00+00:00,24494.44359961145
2030-12-09 22:00:00+00:00,23088.106219066296
2030-12-09 23:00:00+00:00,21982.37736512979
2030-12-10 00:00:00+00:00,22499.427932790994
2030-12-10 01:00:00+00:00,22359.38750088549
2030-12-10 02:00:00+00:00,22636.34613247909
2030-12-10 03:00:00+00:00,24249.499894927358
2030-12-10 04:00:00+00:00,27841.736363836644
2030-12-10 05:00:00+00:00,30686.373864085614
2030-12-10 06:00:00+00:00,31971.441559917414
2030-12-10 07:00:00+00:00,31533.413907329017
2030-12-10 08:00:00+00:00,30686.156446070727
2030-12-10 09:00:00+00:00,29943.335820160904
2030-12-10 10:00:00+00:00,29652.966775317833
2030-12-10 11:00:00+00:00,29495.164224248132
2030-12-10 12:00:00+00:00,29558.13655101226
2030-12-10 13:00:00+00:00,29710.387141721167
2030-12-10 14:00:00+00:00,30163.46791523581
2030-12-10 15:00:00+00:00,31133.043053002777
2030-12-10 16:00:00+00:00,31887.118913947248
2030-12-10 17:00:00+00:00,31421.926106152157
2030-12-10 18:00:00+00:00,30146.224387501476
2030-12-10 19:00:00+00:00,28835.489252052812
2030-12-10 20:00:00+00:00,27381.641832047466
2030-12-10 21:00:00+00:00,25928.219993469105
2030-12-10 22:00:00+00:00,24189.022913596706
2030-12-10 23:00:00+00:00,22908.41584173289
2030-12-11 00:00:00+00:00,22878.28723740655
2030-12-11 01:00:00+00:00,22630.328052202778
2030-12-11 02:00:00+00:00,22932.9942043322
2030-12-11 03:00:00+00:00,24513.331529222043
2030-12-11 04:00:00+00:00,28085.38473535282
2030-12-11 05:00:00+00:00,30976.67532414241
2030-12-11 06:00:00+00:00,32301.07768192964
2030-12-11 07:00:00+00:00,31952.079669642542
2030-12-11 08:00:00+00:00,31156.82347706391
2030-12-11 09:00:00+00:00,30519.806584347072
2030-12-11 10:00:00+00:00,30200.281378956282
2030-12-11 11:00:00+00:00,29922.495039354533
2030-12-11 12:00:00+00:00,30068.171114026754
2030-12-11 13:00:00+00:00,30271.55638779528
2030-12-11 14:00:00+00:00,30704.15719662908
2030-12-11 15:00:00+00:00,31598.969411088034
2030-12-11 16:00:00+00:00,32333.258566142795
2030-12-11 17:00:00+00:00,31885.821922414223
2030-12-11 18:00:00+00:00,30710.332915136045
2030-12-11 19:00:00+00:00,29376.720332186804
2030-12-11 20:00:00+00:00,27828.599107336635
2030-12-11 21:00:00+00:00,26289.704427532903
2030-12-11 22:00:00+00:00,24444.99594710439
2030-12-11 23:00:00+00:00,23122.835723828084
2030-12-12 00:00:00+00:00,23268.22266991465
2030-12-12 01:00:00+00:00,23034.806842739305
2030-12-12 02:00:00+00:00,23352.48932425381
2030-12-12 03:00:00+00:00,25141.227669293727
2030-12-12 04:00:00+00:00,29018.323886491606
2030-12-12 05:00:00+00:00,31912.097821539282
2030-12-12 06:00:00+00:00,33123.060164028706
2030-12-12 07:00:00+00:00,32723.661401747046
2030-12-12 08:00:00+00:00,31956.904578601312
2030-12-12 09:00:00+00:00,31382.036946321263
2030-12-12 10:00:00+00:00,31200.491933332076
2030-12-12 11:00:00+00:00,31040.58514900128
2030-12-12 12:00:00+00:00,31079.24749461545
2030-12-12 13:00:00+00:00,31249.492867799363
2030-12-12 14:00:00+00:00,31687.202470661046
2030-12-12 15:00:00+00:00,32530.544043685368
2030-12-12 16:00:00+00:00,33250.124958280256
2030-12-12 17:00:00+00:00,32926.46721662121
2030-12-12 18:00:00+00:00,31774.53549901568
2030-12-12 19:00:00+00:00,30415.272242640283
2030-12-12 20:00:00+00:00,28738.063514092737
2030-12-12 21:00:00+00:00,27025.16760955054
2030-12-12 22:00:00+00:00,25047.199677475634
2030-12-12 23:00:00+00:00,23700.990662589513
2030-12-13 00:00:00+00:00,23326.80476150322
2030-12-13 01:00:00+00:00,23040.46809588875
2030-12-13 02:00:00+00:00,23350.22496637776
2030-12-13 03:00:00+00:00,25036.88239168146
2030-12-13 04:00:00+00:00,28797.126195252535
2030-12-13 05:00:00+00:00,31494.245121998305
2030-12-13 06:00:00+00:00,32646.946931477578
2030-12-13 07:00:00+00:00,32277.105718871873
2030-12-13 08:00:00+00:00,31639.19089221338
2030-12-13 09:00:00+00:00,31288.670454595263
2030-12-13 10:00:00+00:00,31377.856208512687
2030-12-13 11:00:00+00:00,31564.96719712792
2030-12-13 12:00:00+00:00,31733.89740079094
2030-12-13 13:00:00+00:00,31948.902605428273
2030-12-13 14:00:00+00:00,32060.360578683358
2030-12-13 15:00:00+00:00,32400.895786942903
2030-12-13 16:00:00+00:00,32874.70953337703
2030-12-13 17:00:00+00:00,32586.552598846538
2030-12-13 18:00:00+00:00,31562.991277734884
2030-12-13 19:00:00+00:00,30300.546243281897
2030-12-13 20:00:00+00:00,28598.841878021885
2030-12-13 21:00:00+00:00,26992.434280560316
2030-12-13 22:00:00+00:00,25110.421906672724
2030-12-13 23:00:00+00:00,23752.201332504887
2030-12-14 00:00:00+00:00,22310.19924933302
2030-12-14 01:00:00+00:00,22008.154402874377
2030-12-14 02:00:00+00:00,22084.16692588174
2030-12-14 03:00:00+00:00,23244.601023096944
2030-12-14 04:00:00+00:00,25428.987680461934
2030-12-14 05:00:00+00:00,26323.557063234155
2030-12-14 06:00:00+00:00,26574.211577825274
2030-12-14 07:00:00+00:00,27395.455079541825
2030-12-14 08:00:00+00:00,28098.589954509967
2030-12-14 09:00:00+00:00,28471.117341099198
2030-12-14 10:00:00+00:00,28531.974555540328
2030-12-14 11:00:00+00:00,28461.660953712777
2030-12-14 12:00:00+00:00,28208.651000083642
2030-12-14 13:00:00+00:00,27973.3715194757
2030-12-14 14:00:00+00:00,27807.235082780688
2030-12-14 15:00:00+00:00,28038.893710857617
2030-12-14 16:00:00+00:00,28666.615968074548
2030-12-14 17:00:00+00:00,28603.074951252012
2030-12-14 18:00:00+00:00,27814.452607962237
2030-12-14 19:00:00+00:00,26883.10228220793
2030-12-14 20:00:00+00:00,25604.49217980557
2030-12-14 21:00:00+00:00,24444.945183705964
2030-12-14 22:00:00+00:00,23157.117464363895
2030-12-14 23:00:00+00:00,22056.120363586397
2030-12-15 00:00:00+00:00,21192.140046909717
2030-12-15 01:00:00+00:00,20841.15263378435
2030-12-15 02:00:00+00:00,20939.64918594256
2030-12-15 03:00:00+00:00,21775.597625902523
2030-12-15 04:00:00+00:00,23557.786345199715
2030-12-15 05:00:00+00:00,24169.203380533057
2030-12-15 06:00:00+00:00,24084.028532317065
2030-12-15 07:00:00+00:00,24554.12039374077
2030-12-15 08:00:00+00:00,25338.75007204599
2030-12-15 09:00:00+00:00,26172.747919286274
2030-12-15 10:00:00+00:00,26730.035901750638
2030-12-15 11:00:00+00:00,26952.081555404733
2030-12-15 12:00:00+00:00,26935.33768763224
2030-12-15 13:00:00+00:00,26882.089632997806
2030-12-15 14:00:00+00:00,26781.43503376662
2030-12-15 15:00:00+00:00,27069.993957841718
2030-12-15 16:00:00+00:00,27892.63657397399
2030-12-15 17:00:00+00:00,27906.972595642717
2030-12-15 18:00:00+00:00,27389.391121929282
2030-12-15 19:00:00+00:00,26470.85227594869
2030-12-15 20:00:00+00:00,25117.681171509135
2030-12-15 21:00:00+00:00,23780.69039178461
2030-12-15 22:00:00+00:00,22387.632139213314
2030-12-15 23:00:00+00:00,21252.232685572915
2030-12-16 00:00:00+00:00,20527.611294914048
2030-12-16 01:00:00+00:00,20321.296435994962
2030-12-16 02:00:00+00:00,20513.00919581056
2030-12-16 03:00:00+00:00,21698.77051474614
2030-12-16 04:00:00+00:00,24463.755477406456
2030-12-16 05:00:00+00:00,27030.87914518382
2030-12-16 06:00:00+00:00,28421.179573745685
2030-12-16 07:00:00+00:00,28201.574620021915
2030-12-16 08:00:00+00:00,27556.1308113634
2030-12-16 09:00:00+00:00,27079.855543886362
2030-12-16 10:00:00+00:00,26949.964375934553
2030-12-16 11:00:00+00:00,26775.05251807778
2030-12-16 12:00:00+00:00,26778.27246012238
2030-12-16 13:00:00+00:00,26867.193631089114
2030-12-16 14:00:00+00:00,27236.655331757436
2030-12-16 15:00:00+00:00,28035.505311055684
2030-12-16 16:00:00+00:00,28670.948660865484
2030-12-16 17:00:00+00:00,28085.289422298996
2030-12-16 18:00:00+00:00,26848.13164092322
2030-12-16 19:00:00+00:00,25557.817293987868
2030-12-16 20:00:00+00:00,24294.377720231343
2030-12-16 21:00:00+00:00,23190.941694533994
2030-12-16 22:00:00+00:00,22001.10936609945
2030-12-16 23:00:00+00:00,20997.787307132054
2030-12-17 00:00:00+00:00,21143.494464940737
2030-12-17 01:00:00+00:00,20936.353035597047
2030-12-17 02:00:00+00:00,21173.224277566485
2030-12-17 03:00:00+00:00,22373.524330138844
2030-12-17 04:00:00+00:00,25394.199909739255
2030-12-17 05:00:00+00:00,28103.99393579448
2030-12-17 06:00:00+00:00,29582.44526506839
2030-12-17 07:00:00+00:00,29364.802447853024
2030-12-17 08:00:00+00:00,28624.614799956515
2030-12-17 09:00:00+00:00,27975.0425401376
2030-12-17 10:00:00+00:00,27777.83611107757
2030-12-17 11:00:00+00:00,27696.836640853922
2030-12-17 12:00:00+00:00,27771.198454954672
2030-12-17 13:00:00+00:00,27984.32853943726
2030-12-17 14:00:00+00:00,28431.981184039614
2030-12-17 15:00:00+00:00,29335.126451226195
2030-12-17 16:00:00+00:00,29818.396695240026
2030-12-17 17:00:00+00:00,29274.245433962784
2030-12-17 18:00:00+00:00,27968.400033807164
2030-12-17 19:00:00+00:00,26618.853296835015
2030-12-17 20:00:00+00:00,25259.362151979392
2030-12-17 21:00:00+00:00,24177.945952861985
2030-12-17 22:00:00+00:00,22740.257164609113
2030-12-17 23:00:00+00:00,21637.01800955972
2030-12-18 00:00:00+00:00,20885.42426399527
2030-12-18 01:00:00+00:00,20684.899358198447
2030-12-18 02:00:00+00:00,20782.141429571555
2030-12-18 03:00:00+00:00,21865.43142923222
2030-12-18 04:00:00+00:00,24482.24994059457
2030-12-18 05:00:00+00:00,27015.150509058356
2030-12-18 06:00:00+00:00,28504.259901373556
2030-12-18 07:00:00+00:00,28388.089498769896
2030-12-18 08:00:00+00:00,27749.575852902795
2030-12-18 09:00:00+00:00,27291.651129740618
2030-12-18 10:00:00+00:00,27179.28685475421
2030-12-18 11:00:00+00:00,27092.869792853755
2030-12-18 12:00:00+00:00,27198.218491718497
2030-12-18 13:00:00+00:00,27297.666607293693
2030-12-18 14:00:00+00:00,27762.158715905607
2030-12-18 15:00:00+00:00,28503.899913928024
2030-12-18 16:00:00+00:00,29053.749081479284
2030-12-18 17:00:00+00:00,28462.251302337114
2030-12-18 18:00:00+00:00,27169.65970054652
2030-12-18 19:00:00+00:00,25829.362311132343
2030-12-18 20:00:00+00:00,24536.938341318088
2030-12-18 21:00:00+00:00,23510.37519149048
2030-12-18 22:00:00+00:00,22199.847877972952
2030-12-18 23:00:00+00:00,21141.85991841702
2030-12-19 00:00:00+00:00,21100.868066896885
2030-12-19 01:00:00+00:00,20869.047401361146
2030-12-19 02:00:00+00:00,21036.56168763324
2030-12-19 03:00:00+00:00,22197.09026536621
2030-12-19 04:00:00+00:00,24890.91944087991
2030-12-19 05:00:00+00:00,27363.087612279942
2030-12-19 06:00:00+00:00,28824.85516360075
2030-12-19 07:00:00+00:00,28790.916126019303
2030-12-19 08:00:00+00:00,28207.75117767156
2030-12-19 09:00:00+00:00,27728.436612047728
2030-12-19 10:00:00+00:00,27609.680711185476
2030-12-19 11:00:00+00:00,27482.63671908087
2030-12-19 12:00:00+00:00,27526.874986016966
2030-12-19 13:00:00+00:00,27788.875504386666
2030-12-19 14:00:00+00:00,28163.469874259652
2030-12-19 15:00:00+00:00,28926.307850453835
2030-12-19 16:00:00+00:00,29505.44364265531
2030-12-19 17:00:00+00:00,29101.770257032505
2030-12-19 18:00:00+00:00,27903.286481931813
2030-12-19 19:00:00+00:00,26590.487039990156
2030-12-19 20:00:00+00:00,25226.214938945996
2030-12-19 21:00:00+00:00,24135.76649568698
2030-12-19 22:00:00+00:00,22741.621316434303
2030-12-19 23:00:00+00:00,21564.07196153809
2030-12-20 00:00:00+00:00,21907.910398516568
2030-12-20 01:00:00+00:00,21711.433138995784
2030-12-20 02:00:00+00:00,21959.683004035312
2030-12-20 03:00:00+00:00,23308.534743430904
2030-12-20 04:00:00+00:00,26388.62517049176
2030-12-20 05:00:00+00:00,28843.84628863055
2030-12-20 06:00:00+00:00,30133.697701758698
2030-12-20 07:00:00+00:00,29879.542945765545
2030-12-20 08:00:00+00:00,29398.42086644736
2030-12-20 09:00:00+00:00,29104.399188405685
2030-12-20 10:00:00+00:00,29140.794307838078
2030-12-20 11:00:00+00:00,29318.35745616629
2030-12-20 12:00:00+00:00,29497.241822629414
2030-12-20 13:00:00+00:00,29614.089395773728
2030-12-20 14:00:00+00:00,29705.119447644363
2030-12-20 15:00:00+00:00,29995.47120184008
2030-12-20 16:00:00+00:00,30521.47598039686
2030-12-20 17:00:00+00:00,30176.807033949517
2030-12-20 18:00:00+00:00,29118.888016367524
2030-12-20 19:00:00+00:00,27876.425254415168
2030-12-20 20:00:00+00:00,26348.91503319661
2030-12-20 21:00:00+00:00,25092.8480435639
2030-12-20 22:00:00+00:00,23600.400281187733
2030-12-20 23:00:00+00:00,22362.961980388533
2030-12-21 00:00:00+00:00,21718.986771152348
2030-12-21 01:00:00+00:00,21428.695916033477
2030-12-21 02:00:00+00:00,21576.405030498772
2030-12-21 03:00:00+00:00,22703.256083988228
2030-12-21 04:00:00+00:00,24794.32423756682
2030-12-21 05:00:00+00:00,25703.398753740723
2030-12-21 06:00:00+00:00,25919.968126783882
2030-12-21 07:00:00+00:00,26701.48924124917
2030-12-21 08:00:00+00:00,27468.898097049805
2030-12-21 09:00:00+00:00,27902.815124153498
2030-12-21 10:00:00+00:00,28081.930567004267
2030-12-21 11:00:00+00:00,27944.569947108586
2030-12-21 12:00:00+00:00,27775.728148995702
2030-12-21 13:00:00+00:00,27628.892732645294
2030-12-21 14:00:00+00:00,27408.83570765707
2030-12-21 15:00:00+00:00,27564.35913352881
2030-12-21 16:00:00+00:00,28096.246854008907
2030-12-21 17:00:00+00:00,28000.757169670767
2030-12-21 18:00:00+00:00,27305.64098715511
2030-12-21 19:00:00+00:00,26448.11176470176
2030-12-21 20:00:00+00:00,25228.966333013428
2030-12-21 21:00:00+00:00,24086.58834417843
2030-12-21 22:00:00+00:00,22874.591707396008
2030-12-21 23:00:00+00:00,21812.85575635545
2030-12-22 00:00:00+00:00,20818.85355025687
2030-12-22 01:00:00+00:00,20472.543338978652
2030-12-22 02:00:00+00:00,20560.978075366944
2030-12-22 03:00:00+00:00,21349.762202452384
2030-12-22 04:00:00+00:00,22896.277406825935
2030-12-22 05:00:00+00:00,23499.057360717467
2030-12-22 06:00:00+00:00,23459.89359381212
2030-12-22 07:00:00+00:00,23916.232919599013
2030-12-22 08:00:00+00:00,24698.539451019973
2030-12-22 09:00:00+00:00,25557.41649888115
2030-12-22 10:00:00+00:00,26175.318415027483
2030-12-22 11:00:00+00:00,26351.24818950394
2030-12-22 12:00:00+00:00,26364.56991176688
2030-12-22 13:00:00+00:00,26373.44232214147
2030-12-22 14:00:00+00:00,26312.49351695434
2030-12-22 15:00:00+00:00,26625.258452327238
2030-12-22 16:00:00+00:00,27298.388336653017
2030-12-22 17:00:00+00:00,27209.451541825172
2030-12-22 18:00:00+00:00,26615.837686334016
2030-12-22 19:00:00+00:00,25716.45472324388
2030-12-22 20:00:00+00:00,24492.340666688924
2030-12-22 21:00:00+00:00,23281.981548890784
2030-12-22 22:00:00+00:00,21990.468187608156
2030-12-22 23:00:00+00:00,20904.804424125177
2030-12-23 00:00:00+00:00,20389.27213861352
2030-12-23 01:00:00+00:00,20166.03971371798
2030-12-23 02:00:00+00:00,20381.46289649411
2030-12-23 03:00:00+00:00,21528.795669830073
2030-12-23 04:00:00+00:00,24210.07485254636
2030-12-23 05:00:00+00:00,26540.618959374977
2030-12-23 06:00:00+00:00,27634.72154066161
2030-12-23 07:00:00+00:00,27535.582898026732
2030-12-23 08:00:00+00:00,26966.29405183482
2030-12-23 09:00:00+00:00,26605.305688242915
2030-12-23 10:00:00+00:00,26471.593015293565
2030-12-23 11:00:00+00:00,26404.373740922198
2030-12-23 12:00:00+00:00,26382.009227101014
2030-12-23 13:00:00+00:00,26428.718845673084
2030-12-23 14:00:00+00:00,26789.16353664188
2030-12-23 15:00:00+00:00,27543.98547716391
2030-12-23 16:00:00+00:00,27967.628612126675
2030-12-23 17:00:00+00:00,27329.62667215722
2030-12-23 18:00:00+00:00,26130.87951829688
2030-12-23 19:00:00+00:00,24891.634413377364
2030-12-23 20:00:00+00:00,23716.8501285034
2030-12-23 21:00:00+00:00,22765.045186161595
2030-12-23 22:00:00+00:00,21559.77459971194
2030-12-23 23:00:00+00:00,20593.410492786858
2030-12-24 00:00:00+00:00,19705.93719769755
2030-12-24 01:00:00+00:00,19426.221350784883
2030-12-24 02:00:00+00:00,19536.94321305177
2030-12-24 03:00:00+00:00,20396.21055222215
2030-12-24 04:00:00+00:00,22586.140993829093
2030-12-24 05:00:00+00:00,24816.953059080868
2030-12-24 06:00:00+00:00,26077.568193649084
2030-12-24 07:00:00+00:00,26141.330300683996
2030-12-24 08:00:00+00:00,25797.1057898299
2030-12-24 09:00:00+00:00,25426.26594045887
2030-12-24 10:00:00+00:00,25279.508197011848
2030-12-24 11:00:00+00:00,25248.478832191544
2030-12-24 12:00:00+00:00,25359.973002535542
2030-12-24 13:00:00+00:00,25470.806329514122
2030-12-24 14:00:00+00:00,25807.697456298836
2030-12-24 15:00:00+00:00,26540.486686889726
2030-12-24 16:00:00+00:00,26726.790259660924
2030-12-24 17:00:00+00:00,25923.872007279624
2030-12-24 18:00:00+00:00,24608.86182703587
2030-12-24 19:00:00+00:00,23511.213391965674
2030-12-24 20:00:00+00:00,22570.075698878958
2030-12-24 21:00:00+00:00,21945.125034998484
2030-12-24 22:00:00+00:00,21052.605616858742
2030-12-24 23:00:00+00:00,20197.27648720349
2030-12-25 00:00:00+00:00,20683.612579784003
2030-12-25 01:00:00+00:00,20347.190117368475
2030-12-25 02:00:00+00:00,20502.971485810147
2030-12-25 03:00:00+00:00,21602.543310234054
2030-12-25 04:00:00+00:00,24211.447620097028
2030-12-25 05:00:00+00:00,26249.485610821474
2030-12-25 06:00:00+00:00,27023.434680603845
2030-12-25 07:00:00+00:00,26699.334269877978
2030-12-25 08:00:00+00:00,26252.89188974815
2030-12-25 09:00:00+00:00,25915.96696855125
2030-12-25 10:00:00+00:00,25864.21306199224
2030-12-25 11:00:00+00:00,26033.5296465542
2030-12-25 12:00:00+00:00,26124.209937104297
2030-12-25 13:00:00+00:00,26266.165696415774
2030-12-25 14:00:00+00:00,26617.213570299707
2030-12-25 15:00:00+00:00,27328.186223082474
2030-12-25 16:00:00+00:00,27782.409775456043
2030-12-25 17:00:00+00:00,27377.499835654377
2030-12-25 18:00:00+00:00,26385.012410614145
2030-12-25 19:00:00+00:00,25311.031284042085
2030-12-25 20:00:00+00:00,24156.131861649676
2030-12-25 21:00:00+00:00,23169.70768879513
2030-12-25 22:00:00+00:00,21908.447397281798
2030-12-25 23:00:00+00:00,20862.854221076905
2030-12-26 00:00:00+00:00,21146.430087020377
2030-12-26 01:00:00+00:00,20891.93924130637
2030-12-26 02:00:00+00:00,21175.22525156497
2030-12-26 03:00:00+00:00,22553.418241780386
2030-12-26 04:00:00+00:00,25623.087626929195
2030-12-26 05:00:00+00:00,27925.815631202484
2030-12-26 06:00:00+00:00,28870.551814089344
2030-12-26 07:00:00+00:00,28733.97592451867
2030-12-26 08:00:00+00:00,28314.432456409155
2030-12-26 09:00:00+00:00,27984.75770526774
2030-12-26 10:00:00+00:00,27924.781572356744
2030-12-26 11:00:00+00:00,27976.627689702862
2030-12-26 12:00:00+00:00,28016.152972632703
2030-12-26 13:00:00+00:00,28139.79177094984
2030-12-26 14:00:00+00:00,28527.913046124013
2030-12-26 15:00:00+00:00,29247.395268101078
2030-12-26 16:00:00+00:00,29880.957874844342
2030-12-26 17:00:00+00:00,29561.868524407284
2030-12-26 18:00:00+00:00,28413.976329706507
2030-12-26 19:00:00+00:00,27087.119537490496
2030-12-26 20:00:00+00:00,25644.903626077696
2030-12-26 21:00:00+00:00,24491.945164244076
2030-12-26 22:00:00+00:00,22964.950322007502
2030-12-26 23:00:00+00:00,21733.076533097308
2030-12-27 00:00:00+00:00,20620.188376060505
2030-12-27 01:00:00+00:00,20341.56379521173
2030-12-27 02:00:00+00:00,20470.875319831048
2030-12-27 03:00:00+00:00,21527.53191159721
2030-12-27 04:00:00+00:00,23953.28972287917
2030-12-27 05:00:00+00:00,26037.87612296022
2030-12-27 06:00:00+00:00,27040.54123846256
2030-12-27 07:00:00+00:00,26971.163134480736
2030-12-27 08:00:00+00:00,26774.596590636218
2030-12-27 09:00:00+00:00,26819.061823841123
2030-12-27 10:00:00+00:00,27051.46137334321
2030-12-27 11:00:00+00:00,27509.568432550754
2030-12-27 12:00:00+00:00,27736.380315710976
2030-12-27 13:00:00+00:00,27880.504790127907
2030-12-27 14:00:00+00:00,28012.008785823393
2030-12-27 15:00:00+00:00,28231.232158962557
2030-12-27 16:00:00+00:00,28508.33704333681
2030-12-27 17:00:00+00:00,28149.351480941852
2030-12-27 18:00:00+00:00,27092.33425370129
2030-12-27 19:00:00+00:00,25820.60490549067
2030-12-27 20:00:00+00:00,24458.247067388445
2030-12-27 21:00:00+00:00,23548.735223715015
2030-12-27 22:00:00+00:00,22353.060769627537
2030-12-27 23:00:00+00:00,21250.45563832945
2030-12-28 00:00:00+00:00,20942.73081674044
2030-12-28 01:00:00+00:00,20611.80105467795
2030-12-28 02:00:00+00:00,20722.33590696063
2030-12-28 03:00:00+00:00,21725.0213598887
2030-12-28 04:00:00+00:00,23670.293567521636
2030-12-28 05:00:00+00:00,24538.629304730814
2030-12-28 06:00:00+00:00,24777.60818239499
2030-12-28 07:00:00+00:00,25505.5372924211
2030-12-28 08:00:00+00:00,26303.16418075778
2030-12-28 09:00:00+00:00,26817.211163454667
2030-12-28 10:00:00+00:00,26955.9581716276
2030-12-28 11:00:00+00:00,26946.748858211784
2030-12-28 12:00:00+00:00,26766.017894048266
2030-12-28 13:00:00+00:00,26702.7999518517
2030-12-28 14:00:00+00:00,26508.129251521346
2030-12-28 15:00:00+00:00,26543.497454017346
2030-12-28 16:00:00+00:00,27131.810160135898
2030-12-28 17:00:00+00:00,27048.394914636596
2030-12-28 18:00:00+00:00,26342.847641387187
2030-12-28 19:00:00+00:00,25460.38345269061
2030-12-28 20:00:00+00:00,24276.22067130228
2030-12-28 21:00:00+00:00,23309.029630838275
2030-12-28 22:00:00+00:00,22188.52535529205
2030-12-28 23:00:00+00:00,21184.464958920482
2030-12-29 00:00:00+00:00,21490.4962966579
2030-12-29 01:00:00+00:00,21159.76036621993
2030-12-29 02:00:00+00:00,21334.51630728665
2030-12-29 03:00:00+00:00,22489.394026983373
2030-12-29 04:00:00+00:00,24609.995322286104
2030-12-29 05:00:00+00:00,25303.273962445797
2030-12-29 06:00:00+00:00,25155.853281128824
2030-12-29 07:00:00+00:00,25494.10294051627
2030-12-29 08:00:00+00:00,26158.64541155104
2030-12-29 09:00:00+00:00,26791.799844105906
2030-12-29 10:00:00+00:00,27335.654136945337
2030-12-29 11:00:00+00:00,27503.123141450975
2030-12-29 12:00:00+00:00,27441.861855572566
2030-12-29 13:00:00+00:00,27510.50426142908
2030-12-29 14:00:00+00:00,27440.56669855069
2030-12-29 15:00:00+00:00,27837.746243248963
2030-12-29 16:00:00+00:00,28732.675414247096
2030-12-29 17:00:00+00:00,28768.780135367637
2030-12-29 18:00:00+00:00,28258.31082070756
2030-12-29 19:00:00+00:00,27298.615765960458
2030-12-29 20:00:00+00:00,25902.0875496694
2030-12-29 21:00:00+00:00,24469.015636344713
2030-12-29 22:00:00+00:00,22941.39320051001
2030-12-29 23:00:00+00:00,21732.992206259394
2030-12-30 00:00:00+00:00,21453.24901753995
2030-12-30 01:00:00+00:00,21221.395600455904
2030-12-30 02:00:00+00:00,21525.75481128028
2030-12-30 03:00:00+00:00,23027.45101710964
2030-12-30 04:00:00+00:00,26291.06206389018
2030-12-30 05:00:00+00:00,28660.463953802293
2030-12-30 06:00:00+00:00,29484.11434579754
2030-12-30 07:00:00+00:00,29210.357967915406
2030-12-30 08:00:00+00:00,28625.76550782836
2030-12-30 09:00:00+00:00,28189.283917857574
2030-12-30 10:00:00+00:00,28072.250601690772
2030-12-30 11:00:00+00:00,27973.455032195856
2030-12-30 12:00:00+00:00,27927.468671362276
2030-12-30 13:00:00+00:00,28026.99836511204
2030-12-30 14:00:00+00:00,28434.681515326527
2030-12-30 15:00:00+00:00,29280.02259649782
2030-12-30 16:00:00+00:00,29842.207611223344
2030-12-30 17:00:00+00:00,29347.89291097776
2030-12-30 18:00:00+00:00,28199.995166062068
2030-12-30 19:00:00+00:00,26989.151853807267
2030-12-30 20:00:00+00:00,25602.543680571736
2030-12-30 21:00:00+00:00,24426.957151818413
2030-12-30 22:00:00+00:00,22892.867636602987
2030-12-30 23:00:00+00:00,21716.45958721757
2030-12-31 00:00:00+00:00,20905.057165655366
2030-12-31 01:00:00+00:00,20676.934531320654
2030-12-31 02:00:00+00:00,20895.564331025333
2030-12-31 03:00:00+00:00,22102.764665609167
2030-12-31 04:00:00+00:00,24996.545441389128
2030-12-31 05:00:00+00:00,27281.025401486473
2030-12-31 06:00:00+00:00,28278.480193540698
2030-12-31 07:00:00+00:00,28113.134770402958
2030-12-31 08:00:00+00:00,27549.34529691411
2030-12-31 09:00:00+00:00,27080.950083221647
2030-12-31 10:00:00+00:00,26896.878609608513
2030-12-31 11:00:00+00:00,26838.416875349365
2030-12-31 12:00:00+00:00,26908.81428287473
2030-12-31 13:00:00+00:00,27073.49753438617
2030-12-31 14:00:00+00:00,27465.33081749741
2030-12-31 15:00:00+00:00,28240.207849942115
2030-12-31 16:00:00+00:00,28721.467449225438
2030-12-31 17:00:00+00:00,28105.939964123052
2030-12-31 18:00:00+00:00,26812.93477496685
2030-12-31 19:00:00+00:00,25623.277583167783
2030-12-31 20:00:00+00:00,24498.75386526607
2030-12-31 21:00:00+00:00,23530.835022601335
2030-12-31 22:00:00+00:00,22251.06435252842
2030-12-31 23:00:00+00:00,21283.593018015414
